pool,source,check,reason,points,penalty,section
,000270.KS,1 check(s),"uInterestCoverage: 1 of 8 available rows are not computable AND report a positive `totalDebt` on the SAME row, so the refusal cannot mean the flag is inapplicable to this company -- it is missing data. Flag was JUDGED on the 7 row(s) that compute.",1.0,-0.01,per_source
,000660.KS,1 check(s),"uInterestCoverage: 1 of 8 available rows are not computable AND report a positive `totalDebt` on the SAME row, so the refusal cannot mean the flag is inapplicable to this company -- it is missing data. Flag was JUDGED on the 7 row(s) that compute.",1.0,-0.01,per_source
,001500.KS,1 check(s),"uInterestCoverage: 1 of 8 available rows are not computable AND report a positive `totalDebt` on the SAME row, so the refusal cannot mean the flag is inapplicable to this company -- it is missing data. Flag was JUDGED on the 7 row(s) that compute.",1.0,-0.01,per_source
,001720.KS,1 check(s),"uInterestCoverage: 1 of 8 available rows are not computable AND report a positive `totalDebt` on the SAME row, so the refusal cannot mean the flag is inapplicable to this company -- it is missing data. Flag was JUDGED on the 7 row(s) that compute.",1.0,-0.01,per_source
,003090.KS,1 check(s),"uInterestCoverage: 1 of 8 available rows are not computable AND report a positive `totalDebt` on the SAME row, so the refusal cannot mean the flag is inapplicable to this company -- it is missing data. Flag was JUDGED on the 7 row(s) that compute.",1.0,-0.01,per_source
,003230.KS,1 check(s),"uInterestCoverage: 1 of 8 available rows are not computable AND report a positive `totalDebt` on the SAME row, so the refusal cannot mean the flag is inapplicable to this company -- it is missing data. Flag was JUDGED on the 7 row(s) that compute.",1.0,-0.01,per_source
,004140.KS,1 check(s),"uInterestCoverage: 2 of 8 available rows are not computable AND report a positive `totalDebt` on the SAME row, so the refusal cannot mean the flag is inapplicable to this company -- it is missing data. Flag was JUDGED on the 6 row(s) that compute.",2.0,-0.02,per_source
,005930.KS,1 check(s),"uInterestCoverage: 1 of 8 available rows are not computable AND report a positive `totalDebt` on the SAME row, so the refusal cannot mean the flag is inapplicable to this company -- it is missing data. Flag was JUDGED on the 7 row(s) that compute.",1.0,-0.01,per_source
,006800.KS,1 check(s),"uInterestCoverage: 2 of 8 available rows are not computable AND report a positive `totalDebt` on the SAME row, so the refusal cannot mean the flag is inapplicable to this company -- it is missing data. Flag was JUDGED on the 6 row(s) that compute.",2.0,-0.02,per_source
,009150.KS,1 check(s),"uInterestCoverage: 1 of 8 available rows are not computable AND report a positive `totalDebt` on the SAME row, so the refusal cannot mean the flag is inapplicable to this company -- it is missing data. Flag was JUDGED on the 7 row(s) that compute.",1.0,-0.01,per_source
,009970.KS,1 check(s),"uInterestCoverage: 1 of 8 available rows are not computable AND report a positive `totalDebt` on the SAME row, so the refusal cannot mean the flag is inapplicable to this company -- it is missing data. Flag was JUDGED on the 7 row(s) that compute.",1.0,-0.01,per_source
,010660.KS,1 check(s),"uInterestCoverage: 2 of 8 available rows are not computable AND report a positive `totalDebt` on the SAME row, so the refusal cannot mean the flag is inapplicable to this company -- it is missing data. Flag was JUDGED on the 6 row(s) that compute.",2.0,-0.02,per_source
,013120.KQ,1 check(s),"reitEbitdaInterestCoverage: 1 of 8 available rows are not computable AND report a positive `totalDebt` on the SAME row, so the refusal cannot mean the flag is inapplicable to this company -- it is missing data. Flag was JUDGED on the 7 row(s) that compute.",1.0,-0.01,per_source
,016360.KS,1 check(s),"uInterestCoverage: 2 of 8 available rows are not computable AND report a positive `totalDebt` on the SAME row, so the refusal cannot mean the flag is inapplicable to this company -- it is missing data. Flag was JUDGED on the 6 row(s) that compute.",2.0,-0.02,per_source
,026890.KS,1 check(s),"uInterestCoverage: 5 of 8 available rows are not computable AND report a positive `totalDebt` on the SAME row, so the refusal cannot mean the flag is inapplicable to this company -- it is missing data. Flag was ABSTAINED -- 0 row(s) is under the 6-row partial-window floor.",5.0,-0.05,per_source
,033270.KS,1 check(s),"uInterestCoverage: 1 of 8 available rows are not computable AND report a positive `totalDebt` on the SAME row, so the refusal cannot mean the flag is inapplicable to this company -- it is missing data. Flag was JUDGED on the 7 row(s) that compute.",1.0,-0.01,per_source
,035420.KS,1 check(s),"uInterestCoverage: 1 of 8 available rows are not computable AND report a positive `totalDebt` on the SAME row, so the refusal cannot mean the flag is inapplicable to this company -- it is missing data. Flag was JUDGED on the 7 row(s) that compute.",1.0,-0.01,per_source
,060250.KQ,1 check(s),"uInterestCoverage: 2 of 8 available rows are not computable AND report a positive `totalDebt` on the SAME row, so the refusal cannot mean the flag is inapplicable to this company -- it is missing data. Flag was JUDGED on the 6 row(s) that compute.",2.0,-0.02,per_source
,071050.KS,1 check(s),"uInterestCoverage: 2 of 8 available rows are not computable AND report a positive `totalDebt` on the SAME row, so the refusal cannot mean the flag is inapplicable to this company -- it is missing data. Flag was JUDGED on the 6 row(s) that compute.",2.0,-0.02,per_source
,078130.KQ,1 check(s),"producerEbitdaPositive: 1 of 8 available rows are not computable AND report no `revenue` figure at all, or a NEGATIVE one on the SAME row, so the refusal cannot mean the flag is inapplicable to this company -- it is missing data. Flag was JUDGED on the 7 row(s) that compute.",1.0,-0.01,per_source
,085310.KS,1 check(s),"uInterestCoverage: 1 of 8 available rows are not computable AND report a positive `totalDebt` on the SAME row, so the refusal cannot mean the flag is inapplicable to this company -- it is missing data. Flag was JUDGED on the 7 row(s) that compute.",1.0,-0.01,per_source
,089590.KS,1 check(s),"uInterestCoverage: 1 of 8 available rows are not computable AND report a positive `totalDebt` on the SAME row, so the refusal cannot mean the flag is inapplicable to this company -- it is missing data. Flag was JUDGED on the 7 row(s) that compute.",1.0,-0.01,per_source
,096760.KS,1 check(s),"uInterestCoverage: 1 of 8 available rows are not computable AND report a positive `totalDebt` on the SAME row, so the refusal cannot mean the flag is inapplicable to this company -- it is missing data. Flag was JUDGED on the 7 row(s) that compute.",1.0,-0.01,per_source
,0DK7.L,1 check(s),"uInterestCoverage: 6 of 8 available rows are not computable AND report a positive `totalDebt` on the SAME row, so the refusal cannot mean the flag is inapplicable to this company -- it is missing data. Flag was ABSTAINED -- 2 row(s) is under the 6-row partial-window floor.",6.0,-0.06,per_source
,0DUI.L,1 check(s),"uInterestCoverage: 1 of 8 available rows are not computable AND report a positive `totalDebt` on the SAME row, so the refusal cannot mean the flag is inapplicable to this company -- it is missing data. Flag was JUDGED on the 7 row(s) that compute.",1.0,-0.01,per_source
,0GVS.L,1 check(s),"reitEbitdaInterestCoverage: 5 of 8 available rows are not computable AND report a positive `totalDebt` on the SAME row, so the refusal cannot mean the flag is inapplicable to this company -- it is missing data. Flag was ABSTAINED -- 3 row(s) is under the 6-row partial-window floor.",5.0,-0.05,per_source
,0HM0.L,1 check(s),"reitEbitdaInterestCoverage: 3 of 8 available rows are not computable AND report a positive `totalDebt` on the SAME row, so the refusal cannot mean the flag is inapplicable to this company -- it is missing data. Flag was ABSTAINED -- 5 row(s) is under the 6-row partial-window floor.",3.0,-0.03,per_source
,0HTF.L,1 check(s),"uInterestCoverage: 1 of 8 available rows are not computable AND report a positive `totalDebt` on the SAME row, so the refusal cannot mean the flag is inapplicable to this company -- it is missing data. Flag was JUDGED on the 7 row(s) that compute.",1.0,-0.01,per_source
,0I0X.L,1 check(s),"uInterestCoverage: 6 of 8 available rows are not computable AND report a positive `totalDebt` on the SAME row, so the refusal cannot mean the flag is inapplicable to this company -- it is missing data. Flag was ABSTAINED -- 2 row(s) is under the 6-row partial-window floor.",6.0,-0.06,per_source
,0IPT.L,1 check(s),"uInterestCoverage: 3 of 8 available rows are not computable AND report a positive `totalDebt` on the SAME row, so the refusal cannot mean the flag is inapplicable to this company -- it is missing data. Flag was ABSTAINED -- 5 row(s) is under the 6-row partial-window floor.",3.0,-0.03,per_source
,0J4V.L,1 check(s),"uInterestCoverage: 1 of 8 available rows are not computable AND report a positive `totalDebt` on the SAME row, so the refusal cannot mean the flag is inapplicable to this company -- it is missing data. Flag was JUDGED on the 7 row(s) that compute.",1.0,-0.01,per_source
,0MTP.L,1 check(s),"uInterestCoverage: 3 of 8 available rows are not computable AND report a positive `totalDebt` on the SAME row, so the refusal cannot mean the flag is inapplicable to this company -- it is missing data. Flag was ABSTAINED -- 5 row(s) is under the 6-row partial-window floor.",3.0,-0.03,per_source
,0N66.L,1 check(s),"uInterestCoverage: 2 of 8 available rows are not computable AND report a positive `totalDebt` on the SAME row, so the refusal cannot mean the flag is inapplicable to this company -- it is missing data. Flag was JUDGED on the 6 row(s) that compute.",2.0,-0.02,per_source
,0N6K.L,1 check(s),"uInterestCoverage: 2 of 8 available rows are not computable AND report a positive `totalDebt` on the SAME row, so the refusal cannot mean the flag is inapplicable to this company -- it is missing data. Flag was JUDGED on the 6 row(s) that compute.",2.0,-0.02,per_source
,0NZY.L,1 check(s),"uInterestCoverage: 4 of 8 available rows are not computable AND report a positive `totalDebt` on the SAME row, so the refusal cannot mean the flag is inapplicable to this company -- it is missing data. Flag was ABSTAINED -- 4 row(s) is under the 6-row partial-window floor.",4.0,-0.04,per_source
,0QCV.L,1 check(s),"uInterestCoverage: 4 of 8 available rows are not computable AND report a positive `totalDebt` on the SAME row, so the refusal cannot mean the flag is inapplicable to this company -- it is missing data. Flag was ABSTAINED -- 4 row(s) is under the 6-row partial-window floor.",4.0,-0.04,per_source
,0QKP.L,1 check(s),"uInterestCoverage: 5 of 8 available rows are not computable AND report a positive `totalDebt` on the SAME row, so the refusal cannot mean the flag is inapplicable to this company -- it is missing data. Flag was ABSTAINED -- 3 row(s) is under the 6-row partial-window floor.",5.0,-0.05,per_source
,0QLD.L,1 check(s),"uInterestCoverage: 8 of 8 available rows are not computable AND report a positive `totalDebt` on the SAME row, so the refusal cannot mean the flag is inapplicable to this company -- it is missing data. Flag was ABSTAINED -- 0 row(s) is under the 6-row partial-window floor.",8.0,-0.08,per_source
,0QPF.L,1 check(s),"uInterestCoverage: 5 of 8 available rows are not computable AND report a positive `totalDebt` on the SAME row, so the refusal cannot mean the flag is inapplicable to this company -- it is missing data. Flag was ABSTAINED -- 3 row(s) is under the 6-row partial-window floor.",5.0,-0.05,per_source
,0QQF.L,1 check(s),"uInterestCoverage: 1 of 8 available rows are not computable AND report a positive `totalDebt` on the SAME row, so the refusal cannot mean the flag is inapplicable to this company -- it is missing data. Flag was JUDGED on the 7 row(s) that compute.",1.0,-0.01,per_source
,0QQM.L,1 check(s),"uInterestCoverage: 7 of 8 available rows are not computable AND report a positive `totalDebt` on the SAME row, so the refusal cannot mean the flag is inapplicable to this company -- it is missing data. Flag was ABSTAINED -- 1 row(s) is under the 6-row partial-window floor.",7.0,-0.07,per_source
,0QU6.L,1 check(s),"reitEbitdaInterestCoverage: 2 of 8 available rows are not computable AND report a positive `totalDebt` on the SAME row, so the refusal cannot mean the flag is inapplicable to this company -- it is missing data. Flag was JUDGED on the 6 row(s) that compute.",2.0,-0.02,per_source
,0QW8.L,1 check(s),"uInterestCoverage: 2 of 8 available rows are not computable AND report a positive `totalDebt` on the SAME row, so the refusal cannot mean the flag is inapplicable to this company -- it is missing data. Flag was JUDGED on the 6 row(s) that compute.",2.0,-0.02,per_source
,0RD8.L,1 check(s),"reitEbitdaInterestCoverage: 6 of 8 available rows are not computable AND report a positive `totalDebt` on the SAME row, so the refusal cannot mean the flag is inapplicable to this company -- it is missing data. Flag was ABSTAINED -- 1 row(s) is under the 6-row partial-window floor.",6.0,-0.06,per_source
,0RKK.L,1 check(s),"uInterestCoverage: 1 of 8 available rows are not computable AND report a positive `totalDebt` on the SAME row, so the refusal cannot mean the flag is inapplicable to this company -- it is missing data. Flag was JUDGED on the 7 row(s) that compute.",1.0,-0.01,per_source
,0RL4.L,1 check(s),"uInterestCoverage: 6 of 8 available rows are not computable AND report a positive `totalDebt` on the SAME row, so the refusal cannot mean the flag is inapplicable to this company -- it is missing data. Flag was ABSTAINED -- 2 row(s) is under the 6-row partial-window floor.",6.0,-0.06,per_source
,0RRB.L,1 check(s),"uInterestCoverage: 2 of 8 available rows are not computable AND report a positive `totalDebt` on the SAME row, so the refusal cannot mean the flag is inapplicable to this company -- it is missing data. Flag was JUDGED on the 6 row(s) that compute.",2.0,-0.02,per_source
,0W19.L,1 check(s),"uInterestCoverage: 2 of 8 available rows are not computable AND report a positive `totalDebt` on the SAME row, so the refusal cannot mean the flag is inapplicable to this company -- it is missing data. Flag was JUDGED on the 6 row(s) that compute.",2.0,-0.02,per_source
,105840.KS,1 check(s),"uInterestCoverage: 1 of 8 available rows are not computable AND report a positive `totalDebt` on the SAME row, so the refusal cannot mean the flag is inapplicable to this company -- it is missing data. Flag was JUDGED on the 7 row(s) that compute.",1.0,-0.01,per_source
,111770.KS,1 check(s),"uInterestCoverage: 1 of 8 available rows are not computable AND report a positive `totalDebt` on the SAME row, so the refusal cannot mean the flag is inapplicable to this company -- it is missing data. Flag was JUDGED on the 7 row(s) that compute.",1.0,-0.01,per_source
,112040.KQ,1 check(s),"uInterestCoverage: 3 of 8 available rows are not computable AND report a positive `totalDebt` on the SAME row, so the refusal cannot mean the flag is inapplicable to this company -- it is missing data. Flag was ABSTAINED -- 5 row(s) is under the 6-row partial-window floor.",3.0,-0.03,per_source
,126560.KS,1 check(s),"uInterestCoverage: 1 of 8 available rows are not computable AND report a positive `totalDebt` on the SAME row, so the refusal cannot mean the flag is inapplicable to this company -- it is missing data. Flag was JUDGED on the 7 row(s) that compute.",1.0,-0.01,per_source
,158430.KQ,1 check(s),"uInterestCoverage: 1 of 8 available rows are not computable AND report a positive `totalDebt` on the SAME row, so the refusal cannot mean the flag is inapplicable to this company -- it is missing data. Flag was JUDGED on the 7 row(s) that compute.",1.0,-0.01,per_source
,159580.KQ,1 check(s),"uInterestCoverage: 1 of 8 available rows are not computable AND report a positive `totalDebt` on the SAME row, so the refusal cannot mean the flag is inapplicable to this company -- it is missing data. Flag was JUDGED on the 7 row(s) that compute.",1.0,-0.01,per_source
,181710.KS,1 check(s),"uInterestCoverage: 1 of 8 available rows are not computable AND report a positive `totalDebt` on the SAME row, so the refusal cannot mean the flag is inapplicable to this company -- it is missing data. Flag was JUDGED on the 7 row(s) that compute.",1.0,-0.01,per_source
,200670.KQ,1 check(s),"uInterestCoverage: 1 of 8 available rows are not computable AND report a positive `totalDebt` on the SAME row, so the refusal cannot mean the flag is inapplicable to this company -- it is missing data. Flag was JUDGED on the 7 row(s) that compute.",1.0,-0.01,per_source
,214450.KQ,1 check(s),"uInterestCoverage: 2 of 8 available rows are not computable AND report a positive `totalDebt` on the SAME row, so the refusal cannot mean the flag is inapplicable to this company -- it is missing data. Flag was JUDGED on the 6 row(s) that compute.",2.0,-0.02,per_source
,234080.KS,1 check(s),"uInterestCoverage: 1 of 8 available rows are not computable AND report a positive `totalDebt` on the SAME row, so the refusal cannot mean the flag is inapplicable to this company -- it is missing data. Flag was JUDGED on the 7 row(s) that compute.",1.0,-0.01,per_source
,237690.KQ,1 check(s),"uInterestCoverage: 2 of 8 available rows are not computable AND report a positive `totalDebt` on the SAME row, so the refusal cannot mean the flag is inapplicable to this company -- it is missing data. Flag was JUDGED on the 6 row(s) that compute.",2.0,-0.02,per_source
,253450.KQ,1 check(s),"uInterestCoverage: 2 of 8 available rows are not computable AND report a positive `totalDebt` on the SAME row, so the refusal cannot mean the flag is inapplicable to this company -- it is missing data. Flag was JUDGED on the 6 row(s) that compute.",2.0,-0.02,per_source
,271940.KS,1 check(s),"uInterestCoverage: 1 of 8 available rows are not computable AND report a positive `totalDebt` on the SAME row, so the refusal cannot mean the flag is inapplicable to this company -- it is missing data. Flag was JUDGED on the 7 row(s) that compute.",1.0,-0.01,per_source
,290650.KQ,1 check(s),"uInterestCoverage: 1 of 8 available rows are not computable AND report a positive `totalDebt` on the SAME row, so the refusal cannot mean the flag is inapplicable to this company -- it is missing data. Flag was JUDGED on the 7 row(s) that compute.",1.0,-0.01,per_source
,AAA.PA,1 check(s),"uInterestCoverage: 2 of 8 available rows are not computable AND report a positive `totalDebt` on the SAME row, so the refusal cannot mean the flag is inapplicable to this company -- it is missing data. Flag was JUDGED on the 6 row(s) that compute.",2.0,-0.02,per_source
,AAPG,1 check(s),"uInterestCoverage: 2 of 8 available rows are not computable AND report a positive `totalDebt` on the SAME row, so the refusal cannot mean the flag is inapplicable to this company -- it is missing data. Flag was JUDGED on the 6 row(s) that compute.",2.0,-0.02,per_source
,AAPL,1 check(s),"uInterestCoverage: 8 of 8 available rows are not computable AND report a positive `totalDebt` on the SAME row, so the refusal cannot mean the flag is inapplicable to this company -- it is missing data. Flag was ABSTAINED -- 0 row(s) is under the 6-row partial-window floor.",8.0,-0.08,per_source
,AB.PA,1 check(s),"uInterestCoverage: 1 of 8 available rows are not computable AND report a positive `totalDebt` on the SAME row, so the refusal cannot mean the flag is inapplicable to this company -- it is missing data. Flag was JUDGED on the 7 row(s) that compute.",1.0,-0.01,per_source
,ACAN.PA,1 check(s),"reitEbitdaInterestCoverage: 8 of 8 available rows are not computable AND report a positive `totalDebt` on the SAME row, so the refusal cannot mean the flag is inapplicable to this company -- it is missing data. Flag was ABSTAINED -- 0 row(s) is under the 6-row partial-window floor.",8.0,-0.08,per_source
,ACB,1 check(s),"uInterestCoverage: 1 of 8 available rows are not computable AND report a positive `totalDebt` on the SAME row, so the refusal cannot mean the flag is inapplicable to this company -- it is missing data. Flag was JUDGED on the 7 row(s) that compute.",1.0,-0.01,per_source
,ACHR-WT,1 check(s),"uInterestCoverage: 8 of 8 available rows are not computable AND report a positive `totalDebt` on the SAME row, so the refusal cannot mean the flag is inapplicable to this company -- it is missing data. Flag was ABSTAINED -- 0 row(s) is under the 6-row partial-window floor.",8.0,-0.08,per_source
,ACHV,1 check(s),"uInterestCoverage: 1 of 8 available rows are not computable AND report a positive `totalDebt` on the SAME row, so the refusal cannot mean the flag is inapplicable to this company -- it is missing data. Flag was JUDGED on the 7 row(s) that compute.",1.0,-0.01,per_source
,ADYEN.AS,1 check(s),"uInterestCoverage: 2 of 8 available rows are not computable AND report a positive `totalDebt` on the SAME row, so the refusal cannot mean the flag is inapplicable to this company -- it is missing data. Flag was JUDGED on the 6 row(s) that compute.",2.0,-0.02,per_source
,AGL,1 check(s),"uInterestCoverage: 1 of 8 available rows are not computable AND report a positive `totalDebt` on the SAME row, so the refusal cannot mean the flag is inapplicable to this company -- it is missing data. Flag was JUDGED on the 7 row(s) that compute.",1.0,-0.01,per_source
,AHG,1 check(s),"uInterestCoverage: 7 of 8 available rows are not computable AND report a positive `totalDebt` on the SAME row, so the refusal cannot mean the flag is inapplicable to this company -- it is missing data. Flag was ABSTAINED -- 0 row(s) is under the 6-row partial-window floor.",7.0,-0.07,per_source
,AIF.TO,1 check(s),"reitEbitdaInterestCoverage: 1 of 8 available rows are not computable AND report a positive `totalDebt` on the SAME row, so the refusal cannot mean the flag is inapplicable to this company -- it is missing data. Flag was JUDGED on the 7 row(s) that compute.",1.0,-0.01,per_source
,AIRG,1 check(s),"uInterestCoverage: 8 of 8 available rows are not computable AND report a positive `totalDebt` on the SAME row, so the refusal cannot mean the flag is inapplicable to this company -- it is missing data. Flag was ABSTAINED -- 0 row(s) is under the 6-row partial-window floor.",8.0,-0.08,per_source
,AKBA,1 check(s),"uInterestCoverage: 1 of 8 available rows are not computable AND report a positive `totalDebt` on the SAME row, so the refusal cannot mean the flag is inapplicable to this company -- it is missing data. Flag was JUDGED on the 7 row(s) that compute.",1.0,-0.01,per_source
,AL2SI.PA,1 check(s),"uInterestCoverage: 4 of 8 available rows are not computable AND report a positive `totalDebt` on the SAME row, so the refusal cannot mean the flag is inapplicable to this company -- it is missing data. Flag was ABSTAINED -- 3 row(s) is under the 6-row partial-window floor.",4.0,-0.04,per_source
,ALAR,1 check(s),"uInterestCoverage: 7 of 8 available rows are not computable AND report a positive `totalDebt` on the SAME row, so the refusal cannot mean the flag is inapplicable to this company -- it is missing data. Flag was ABSTAINED -- 1 row(s) is under the 6-row partial-window floor.",7.0,-0.07,per_source
,ALAUD.PA,1 check(s),"uInterestCoverage: 5 of 8 available rows are not computable AND report a positive `totalDebt` on the SAME row, so the refusal cannot mean the flag is inapplicable to this company -- it is missing data. Flag was ABSTAINED -- 3 row(s) is under the 6-row partial-window floor.",5.0,-0.05,per_source
,ALBIZ.PA,1 check(s),"uInterestCoverage: 1 of 8 available rows are not computable AND report a positive `totalDebt` on the SAME row, so the refusal cannot mean the flag is inapplicable to this company -- it is missing data. Flag was JUDGED on the 7 row(s) that compute.",1.0,-0.01,per_source
,ALBON.PA,1 check(s),"uInterestCoverage: 5 of 8 available rows are not computable AND report a positive `totalDebt` on the SAME row, so the refusal cannot mean the flag is inapplicable to this company -- it is missing data. Flag was ABSTAINED -- 3 row(s) is under the 6-row partial-window floor.",5.0,-0.05,per_source
,ALCAF.PA,1 check(s),"uInterestCoverage: 4 of 8 available rows are not computable AND report a positive `totalDebt` on the SAME row, so the refusal cannot mean the flag is inapplicable to this company -- it is missing data. Flag was ABSTAINED -- 4 row(s) is under the 6-row partial-window floor.",4.0,-0.04,per_source
,ALCAT.PA,1 check(s),"uInterestCoverage: 6 of 8 available rows are not computable AND report a positive `totalDebt` on the SAME row, so the refusal cannot mean the flag is inapplicable to this company -- it is missing data. Flag was ABSTAINED -- 2 row(s) is under the 6-row partial-window floor.",6.0,-0.06,per_source
,ALDAR.PA,1 check(s),"uInterestCoverage: 1 of 8 available rows are not computable AND report a positive `totalDebt` on the SAME row, so the refusal cannot mean the flag is inapplicable to this company -- it is missing data. Flag was JUDGED on the 7 row(s) that compute.",1.0,-0.01,per_source
,ALDEL.PA,1 check(s),"uInterestCoverage: 2 of 8 available rows are not computable AND report a positive `totalDebt` on the SAME row, so the refusal cannot mean the flag is inapplicable to this company -- it is missing data. Flag was JUDGED on the 6 row(s) that compute.",2.0,-0.02,per_source
,ALDLS.PA,1 check(s),"uInterestCoverage: 1 of 8 available rows are not computable AND report a positive `totalDebt` on the SAME row, so the refusal cannot mean the flag is inapplicable to this company -- it is missing data. Flag was JUDGED on the 7 row(s) that compute.",1.0,-0.01,per_source
,ALDNX.PA,1 check(s),"uInterestCoverage: 5 of 8 available rows are not computable AND report a positive `totalDebt` on the SAME row, so the refusal cannot mean the flag is inapplicable to this company -- it is missing data. Flag was ABSTAINED -- 3 row(s) is under the 6-row partial-window floor.",5.0,-0.05,per_source
,ALDVI.PA,1 check(s),"uInterestCoverage: 2 of 8 available rows are not computable AND report a positive `totalDebt` on the SAME row, so the refusal cannot mean the flag is inapplicable to this company -- it is missing data. Flag was JUDGED on the 6 row(s) that compute.",2.0,-0.02,per_source
,ALECP.PA,1 check(s),"uInterestCoverage: 1 of 8 available rows are not computable AND report a positive `totalDebt` on the SAME row, so the refusal cannot mean the flag is inapplicable to this company -- it is missing data. Flag was JUDGED on the 7 row(s) that compute.",1.0,-0.01,per_source
,ALFPC.PA,1 check(s),"uInterestCoverage: 4 of 8 available rows are not computable AND report a positive `totalDebt` on the SAME row, so the refusal cannot mean the flag is inapplicable to this company -- it is missing data. Flag was ABSTAINED -- 4 row(s) is under the 6-row partial-window floor.",4.0,-0.04,per_source
,ALGIL.PA,1 check(s),"uInterestCoverage: 1 of 8 available rows are not computable AND report a positive `totalDebt` on the SAME row, so the refusal cannot mean the flag is inapplicable to this company -- it is missing data. Flag was JUDGED on the 7 row(s) that compute.",1.0,-0.01,per_source
,ALGTR.PA,1 check(s),"uInterestCoverage: 1 of 8 available rows are not computable AND report a positive `totalDebt` on the SAME row, so the refusal cannot mean the flag is inapplicable to this company -- it is missing data. Flag was JUDGED on the 7 row(s) that compute.",1.0,-0.01,per_source
,ALHOP.PA,1 check(s),"uInterestCoverage: 3 of 8 available rows are not computable AND report a positive `totalDebt` on the SAME row, so the refusal cannot mean the flag is inapplicable to this company -- it is missing data. Flag was ABSTAINED -- 5 row(s) is under the 6-row partial-window floor.",3.0,-0.03,per_source
,ALHUN.PA,1 check(s),"panel carries 7 of the 8 newest-first rows the veto window needs, so every flag is evaluated (or refused) on a short history",1.0,-0.01,per_source
,ALHYP.PA,1 check(s),"uInterestCoverage: 5 of 8 available rows are not computable AND report a positive `totalDebt` on the SAME row, so the refusal cannot mean the flag is inapplicable to this company -- it is missing data. Flag was ABSTAINED -- 3 row(s) is under the 6-row partial-window floor.",5.0,-0.05,per_source
,ALISP.PA,1 check(s),"uInterestCoverage: 4 of 8 available rows are not computable AND report a positive `totalDebt` on the SAME row, so the refusal cannot mean the flag is inapplicable to this company -- it is missing data. Flag was ABSTAINED -- 4 row(s) is under the 6-row partial-window floor.",4.0,-0.04,per_source
,ALITL.PA,1 check(s),"uInterestCoverage: 4 of 8 available rows are not computable AND report a positive `totalDebt` on the SAME row, so the refusal cannot mean the flag is inapplicable to this company -- it is missing data. Flag was ABSTAINED -- 4 row(s) is under the 6-row partial-window floor.",4.0,-0.04,per_source
,ALKEY.PA,1 check(s),"uInterestCoverage: 3 of 8 available rows are not computable AND report a positive `totalDebt` on the SAME row, so the refusal cannot mean the flag is inapplicable to this company -- it is missing data. Flag was ABSTAINED -- 5 row(s) is under the 6-row partial-window floor.",3.0,-0.03,per_source
,ALLFG.AS,1 check(s),"uInterestCoverage: 2 of 8 available rows are not computable AND report a positive `totalDebt` on the SAME row, so the refusal cannot mean the flag is inapplicable to this company -- it is missing data. Flag was JUDGED on the 6 row(s) that compute.",2.0,-0.02,per_source
,ALLT,1 check(s),"uInterestCoverage: 8 of 8 available rows are not computable AND report a positive `totalDebt` on the SAME row, so the refusal cannot mean the flag is inapplicable to this company -- it is missing data. Flag was ABSTAINED -- 0 row(s) is under the 6-row partial-window floor.",8.0,-0.08,per_source
,ALMDG.PA,1 check(s),"uInterestCoverage: 7 of 8 available rows are not computable AND report a positive `totalDebt` on the SAME row, so the refusal cannot mean the flag is inapplicable to this company -- it is missing data. Flag was ABSTAINED -- 1 row(s) is under the 6-row partial-window floor.",7.0,-0.07,per_source
,ALNSC.PA,1 check(s),"uInterestCoverage: 1 of 8 available rows are not computable AND report a positive `totalDebt` on the SAME row, so the refusal cannot mean the flag is inapplicable to this company -- it is missing data. Flag was JUDGED on the 7 row(s) that compute.",1.0,-0.01,per_source
,ALPHI.PA,1 check(s),"uInterestCoverage: 1 of 8 available rows are not computable AND report a positive `totalDebt` on the SAME row, so the refusal cannot mean the flag is inapplicable to this company -- it is missing data. Flag was JUDGED on the 7 row(s) that compute.",1.0,-0.01,per_source
,ALPJT.PA,1 check(s),"uInterestCoverage: 1 of 8 available rows are not computable AND report a positive `totalDebt` on the SAME row, so the refusal cannot mean the flag is inapplicable to this company -- it is missing data. Flag was JUDGED on the 7 row(s) that compute.",1.0,-0.01,per_source
,ALPRG.PA,1 check(s),"uInterestCoverage: 3 of 8 available rows are not computable AND report a positive `totalDebt` on the SAME row, so the refusal cannot mean the flag is inapplicable to this company -- it is missing data. Flag was ABSTAINED -- 5 row(s) is under the 6-row partial-window floor.",3.0,-0.03,per_source
,ALRFG.PA,1 check(s),"uInterestCoverage: 1 of 8 available rows are not computable AND report a positive `totalDebt` on the SAME row, so the refusal cannot mean the flag is inapplicable to this company -- it is missing data. Flag was JUDGED on the 7 row(s) that compute.",1.0,-0.01,per_source
,ALSTW.PA,1 check(s),"uInterestCoverage: 1 of 8 available rows are not computable AND report a positive `totalDebt` on the SAME row, so the refusal cannot mean the flag is inapplicable to this company -- it is missing data. Flag was JUDGED on the 7 row(s) that compute.",1.0,-0.01,per_source
,ALTA.PA,1 check(s),"reitEbitdaInterestCoverage: 1 of 8 available rows are not computable AND report a positive `totalDebt` on the SAME row, so the refusal cannot mean the flag is inapplicable to this company -- it is missing data. Flag was JUDGED on the 7 row(s) that compute.",1.0,-0.01,per_source
,ALTHE.PA,1 check(s),"uInterestCoverage: 1 of 8 available rows are not computable AND report a positive `totalDebt` on the SAME row, so the refusal cannot mean the flag is inapplicable to this company -- it is missing data. Flag was JUDGED on the 7 row(s) that compute.",1.0,-0.01,per_source
,ALTHX.PA,1 check(s),"uInterestCoverage: 2 of 8 available rows are not computable AND report a positive `totalDebt` on the SAME row, so the refusal cannot mean the flag is inapplicable to this company -- it is missing data. Flag was JUDGED on the 6 row(s) that compute.",2.0,-0.02,per_source
,ALTPC.PA,1 check(s),"uInterestCoverage: 1 of 8 available rows are not computable AND report a positive `totalDebt` on the SAME row, so the refusal cannot mean the flag is inapplicable to this company -- it is missing data. Flag was JUDGED on the 7 row(s) that compute.",1.0,-0.01,per_source
,ALVU.PA,1 check(s),"uInterestCoverage: 2 of 8 available rows are not computable AND report a positive `totalDebt` on the SAME row, so the refusal cannot mean the flag is inapplicable to this company -- it is missing data. Flag was JUDGED on the 6 row(s) that compute.",2.0,-0.02,per_source
,ALWEC.PA,1 check(s),"uInterestCoverage: 2 of 8 available rows are not computable AND report a positive `totalDebt` on the SAME row, so the refusal cannot mean the flag is inapplicable to this company -- it is missing data. Flag was JUDGED on the 6 row(s) that compute.",2.0,-0.02,per_source
,ALXIL.PA,1 check(s),"uInterestCoverage: 3 of 8 available rows are not computable AND report a positive `totalDebt` on the SAME row, so the refusal cannot mean the flag is inapplicable to this company -- it is missing data. Flag was ABSTAINED -- 4 row(s) is under the 6-row partial-window floor.",3.0,-0.03,per_source
,AMLX,1 check(s),"uInterestCoverage: 8 of 8 available rows are not computable AND report a positive `totalDebt` on the SAME row, so the refusal cannot mean the flag is inapplicable to this company -- it is missing data. Flag was ABSTAINED -- 0 row(s) is under the 6-row partial-window floor.",8.0,-0.08,per_source
,ANIK,1 check(s),"uInterestCoverage: 8 of 8 available rows are not computable AND report a positive `totalDebt` on the SAME row, so the refusal cannot mean the flag is inapplicable to this company -- it is missing data. Flag was ABSTAINED -- 0 row(s) is under the 6-row partial-window floor.",8.0,-0.08,per_source
,ANTIN.PA,1 check(s),"uInterestCoverage: 5 of 8 available rows are not computable AND report a positive `totalDebt` on the SAME row, so the refusal cannot mean the flag is inapplicable to this company -- it is missing data. Flag was ABSTAINED -- 3 row(s) is under the 6-row partial-window floor.",5.0,-0.05,per_source
,ARCB,1 check(s),"uInterestCoverage: 1 of 8 available rows are not computable AND report a positive `totalDebt` on the SAME row, so the refusal cannot mean the flag is inapplicable to this company -- it is missing data. Flag was JUDGED on the 7 row(s) that compute.",1.0,-0.01,per_source
,ARQQ,1 check(s),"uInterestCoverage: 1 of 8 available rows are not computable AND report a positive `totalDebt` on the SAME row, so the refusal cannot mean the flag is inapplicable to this company -- it is missing data. Flag was JUDGED on the 7 row(s) that compute.",1.0,-0.01,per_source
,ARW,1 check(s),"uInterestCoverage: 1 of 8 available rows are not computable AND report a positive `totalDebt` on the SAME row, so the refusal cannot mean the flag is inapplicable to this company -- it is missing data. Flag was JUDGED on the 7 row(s) that compute.",1.0,-0.01,per_source
,ASLI.L,1 check(s),"uInterestCoverage: 6 of 8 available rows are not computable AND report a positive `totalDebt` on the SAME row, so the refusal cannot mean the flag is inapplicable to this company -- it is missing data. Flag was ABSTAINED -- 2 row(s) is under the 6-row partial-window floor.",6.0,-0.06,per_source
,ASM.AS,1 check(s),"uInterestCoverage: 8 of 8 available rows are not computable AND report a positive `totalDebt` on the SAME row, so the refusal cannot mean the flag is inapplicable to this company -- it is missing data. Flag was ABSTAINED -- 0 row(s) is under the 6-row partial-window floor.",8.0,-0.08,per_source
,ASML.AS,1 check(s),"uInterestCoverage: 7 of 8 available rows are not computable AND report a positive `totalDebt` on the SAME row, so the refusal cannot mean the flag is inapplicable to this company -- it is missing data. Flag was ABSTAINED -- 1 row(s) is under the 6-row partial-window floor.",7.0,-0.07,per_source
,ATEN,1 check(s),"uInterestCoverage: 5 of 8 available rows are not computable AND report a positive `totalDebt` on the SAME row, so the refusal cannot mean the flag is inapplicable to this company -- it is missing data. Flag was ABSTAINED -- 3 row(s) is under the 6-row partial-window floor.",5.0,-0.05,per_source
,ATEX,1 check(s),"uInterestCoverage: 8 of 8 available rows are not computable AND report a positive `totalDebt` on the SAME row, so the refusal cannot mean the flag is inapplicable to this company -- it is missing data. Flag was ABSTAINED -- 0 row(s) is under the 6-row partial-window floor.",8.0,-0.08,per_source
,ATH.TO,1 check(s),"uInterestCoverage: 1 of 8 available rows are not computable AND report a positive `totalDebt` on the SAME row, so the refusal cannot mean the flag is inapplicable to this company -- it is missing data. Flag was JUDGED on the 7 row(s) that compute.",1.0,-0.01,per_source
,AXG,1 check(s),"uInterestCoverage: 7 of 8 available rows are not computable AND report a positive `totalDebt` on the SAME row, so the refusal cannot mean the flag is inapplicable to this company -- it is missing data. Flag was ABSTAINED -- 1 row(s) is under the 6-row partial-window floor.",7.0,-0.07,per_source
,AYV.PA,1 check(s),"uInterestCoverage: 2 of 8 available rows are not computable AND report a positive `totalDebt` on the SAME row, so the refusal cannot mean the flag is inapplicable to this company -- it is missing data. Flag was JUDGED on the 6 row(s) that compute.",2.0,-0.02,per_source
,AZTA,1 check(s),"uInterestCoverage: 8 of 8 available rows are not computable AND report a positive `totalDebt` on the SAME row, so the refusal cannot mean the flag is inapplicable to this company -- it is missing data. Flag was ABSTAINED -- 0 row(s) is under the 6-row partial-window floor.",8.0,-0.08,per_source
,BAM,1 check(s),"uInterestCoverage: 2 of 8 available rows are not computable AND report a positive `totalDebt` on the SAME row, so the refusal cannot mean the flag is inapplicable to this company -- it is missing data. Flag was JUDGED on the 6 row(s) that compute.",2.0,-0.02,per_source
,BASS.PA,1 check(s),"reitEbitdaInterestCoverage: 1 of 8 available rows are not computable AND report a positive `totalDebt` on the SAME row, so the refusal cannot mean the flag is inapplicable to this company -- it is missing data. Flag was JUDGED on the 7 row(s) that compute.",1.0,-0.01,per_source
,BB,1 check(s),"uInterestCoverage: 3 of 8 available rows are not computable AND report a positive `totalDebt` on the SAME row, so the refusal cannot mean the flag is inapplicable to this company -- it is missing data. Flag was ABSTAINED -- 5 row(s) is under the 6-row partial-window floor.",3.0,-0.03,per_source
,BB.PA,1 check(s),"uInterestCoverage: 2 of 8 available rows are not computable AND report a positive `totalDebt` on the SAME row, so the refusal cannot mean the flag is inapplicable to this company -- it is missing data. Flag was JUDGED on the 6 row(s) that compute.",2.0,-0.02,per_source
,BBUC,1 check(s),"uInterestCoverage: 2 of 8 available rows are not computable AND report a positive `totalDebt` on the SAME row, so the refusal cannot mean the flag is inapplicable to this company -- it is missing data. Flag was JUDGED on the 6 row(s) that compute.",2.0,-0.02,per_source
,BDGI.TO,1 check(s),"uInterestCoverage: 1 of 8 available rows are not computable AND report a positive `totalDebt` on the SAME row, so the refusal cannot mean the flag is inapplicable to this company -- it is missing data. Flag was JUDGED on the 7 row(s) that compute.",1.0,-0.01,per_source
,BEAM,1 check(s),"uInterestCoverage: 7 of 8 available rows are not computable AND report a positive `totalDebt` on the SAME row, so the refusal cannot mean the flag is inapplicable to this company -- it is missing data. Flag was ABSTAINED -- 1 row(s) is under the 6-row partial-window floor.",7.0,-0.07,per_source
,BEN.PA,1 check(s),"uInterestCoverage: 5 of 8 available rows are not computable AND report a positive `totalDebt` on the SAME row, so the refusal cannot mean the flag is inapplicable to this company -- it is missing data. Flag was ABSTAINED -- 3 row(s) is under the 6-row partial-window floor.",5.0,-0.05,per_source
,BILN.L,1 check(s),"uInterestCoverage: 2 of 8 available rows are not computable AND report a positive `totalDebt` on the SAME row, so the refusal cannot mean the flag is inapplicable to this company -- it is missing data. Flag was JUDGED on the 6 row(s) that compute.",2.0,-0.02,per_source
,BIM.PA,1 check(s),"uInterestCoverage: 2 of 8 available rows are not computable AND report a positive `totalDebt` on the SAME row, so the refusal cannot mean the flag is inapplicable to this company -- it is missing data. Flag was JUDGED on the 6 row(s) that compute.",2.0,-0.02,per_source
,BKE,1 check(s),"uInterestCoverage: 8 of 8 available rows are not computable AND report a positive `totalDebt` on the SAME row, so the refusal cannot mean the flag is inapplicable to this company -- it is missing data. Flag was ABSTAINED -- 0 row(s) is under the 6-row partial-window floor.",8.0,-0.08,per_source
,BLNK,1 check(s),"uInterestCoverage: 2 of 8 available rows are not computable AND report a positive `totalDebt` on the SAME row, so the refusal cannot mean the flag is inapplicable to this company -- it is missing data. Flag was JUDGED on the 6 row(s) that compute.",2.0,-0.02,per_source
,BNTX,1 check(s),"uInterestCoverage: 1 of 8 available rows are not computable AND report a positive `totalDebt` on the SAME row, so the refusal cannot mean the flag is inapplicable to this company -- it is missing data. Flag was JUDGED on the 7 row(s) that compute.",1.0,-0.01,per_source
,BOL.PA,1 check(s),"uInterestCoverage: 2 of 8 available rows are not computable AND report a positive `totalDebt` on the SAME row, so the refusal cannot mean the flag is inapplicable to this company -- it is missing data. Flag was JUDGED on the 6 row(s) that compute.",2.0,-0.02,per_source
,BOSC,1 check(s),"uInterestCoverage: 5 of 8 available rows are not computable AND report a positive `totalDebt` on the SAME row, so the refusal cannot mean the flag is inapplicable to this company -- it is missing data. Flag was ABSTAINED -- 3 row(s) is under the 6-row partial-window floor.",5.0,-0.05,per_source
,BPT.L,1 check(s),"uInterestCoverage: 3 of 8 available rows are not computable AND report a positive `totalDebt` on the SAME row, so the refusal cannot mean the flag is inapplicable to this company -- it is missing data. Flag was ABSTAINED -- 5 row(s) is under the 6-row partial-window floor.",3.0,-0.03,per_source
,BR,1 check(s),"uInterestCoverage: 1 of 8 available rows are not computable AND report a positive `totalDebt` on the SAME row, so the refusal cannot mean the flag is inapplicable to this company -- it is missing data. Flag was JUDGED on the 7 row(s) that compute.",1.0,-0.01,per_source
,BRC,1 check(s),"uInterestCoverage: 1 of 8 available rows are not computable AND report a positive `totalDebt` on the SAME row, so the refusal cannot mean the flag is inapplicable to this company -- it is missing data. Flag was JUDGED on the 7 row(s) that compute.",1.0,-0.01,per_source
,BTBT,1 check(s),"uInterestCoverage: 8 of 8 available rows are not computable AND report a positive `totalDebt` on the SAME row, so the refusal cannot mean the flag is inapplicable to this company -- it is missing data. Flag was ABSTAINED -- 0 row(s) is under the 6-row partial-window floor.",8.0,-0.08,per_source
,BULL,1 check(s),"uInterestCoverage: 8 of 8 available rows are not computable AND report a positive `totalDebt` on the SAME row, so the refusal cannot mean the flag is inapplicable to this company -- it is missing data. Flag was ABSTAINED -- 0 row(s) is under the 6-row partial-window floor.",8.0,-0.08,per_source
,BWEN,1 check(s),"uInterestCoverage: 1 of 8 available rows are not computable AND report a positive `totalDebt` on the SAME row, so the refusal cannot mean the flag is inapplicable to this company -- it is missing data. Flag was JUDGED on the 7 row(s) that compute.",1.0,-0.01,per_source
,BZ,1 check(s),"uInterestCoverage: 8 of 8 available rows are not computable AND report a positive `totalDebt` on the SAME row, so the refusal cannot mean the flag is inapplicable to this company -- it is missing data. Flag was ABSTAINED -- 0 row(s) is under the 6-row partial-window floor.",8.0,-0.08,per_source
,CAI,1 check(s),"uInterestCoverage: 1 of 8 available rows are not computable AND report a positive `totalDebt` on the SAME row, so the refusal cannot mean the flag is inapplicable to this company -- it is missing data. Flag was JUDGED on the 7 row(s) that compute.",1.0,-0.01,per_source
,CAMT,1 check(s),"uInterestCoverage: 7 of 8 available rows are not computable AND report a positive `totalDebt` on the SAME row, so the refusal cannot mean the flag is inapplicable to this company -- it is missing data. Flag was ABSTAINED -- 1 row(s) is under the 6-row partial-window floor.",7.0,-0.07,per_source
,CARM.PA,1 check(s),"reitEbitdaInterestCoverage: 2 of 8 available rows are not computable AND report a positive `totalDebt` on the SAME row, so the refusal cannot mean the flag is inapplicable to this company -- it is missing data. Flag was JUDGED on the 6 row(s) that compute.",2.0,-0.02,per_source
,CAV.L,1 check(s),"uInterestCoverage: 7 of 8 available rows are not computable AND report a positive `totalDebt` on the SAME row, so the refusal cannot mean the flag is inapplicable to this company -- it is missing data. Flag was ABSTAINED -- 1 row(s) is under the 6-row partial-window floor.",7.0,-0.07,per_source
,CBDG.PA,1 check(s),"uInterestCoverage: 1 of 8 available rows are not computable AND report a positive `totalDebt` on the SAME row, so the refusal cannot mean the flag is inapplicable to this company -- it is missing data. Flag was ABSTAINED -- 3 row(s) is under the 6-row partial-window floor.",1.0,-0.01,per_source
,CBOT.PA,1 check(s),"reitEbitdaInterestCoverage: 4 of 8 available rows are not computable AND report a positive `totalDebt` on the SAME row, so the refusal cannot mean the flag is inapplicable to this company -- it is missing data. Flag was ABSTAINED -- 4 row(s) is under the 6-row partial-window floor.",4.0,-0.04,per_source
,CDNA,1 check(s),"uInterestCoverage: 8 of 8 available rows are not computable AND report a positive `totalDebt` on the SAME row, so the refusal cannot mean the flag is inapplicable to this company -- it is missing data. Flag was ABSTAINED -- 0 row(s) is under the 6-row partial-window floor.",8.0,-0.08,per_source
,CDXS,1 check(s),"uInterestCoverage: 5 of 8 available rows are not computable AND report a positive `totalDebt` on the SAME row, so the refusal cannot mean the flag is inapplicable to this company -- it is missing data. Flag was ABSTAINED -- 3 row(s) is under the 6-row partial-window floor.",5.0,-0.05,per_source
,CEN.PA,1 check(s),"uInterestCoverage: 1 of 8 available rows are not computable AND report a positive `totalDebt` on the SAME row, so the refusal cannot mean the flag is inapplicable to this company -- it is missing data. Flag was JUDGED on the 7 row(s) that compute.",1.0,-0.01,per_source
,CHG.L,1 check(s),"uInterestCoverage: 1 of 8 available rows are not computable AND report a positive `totalDebt` on the SAME row, so the refusal cannot mean the flag is inapplicable to this company -- it is missing data. Flag was JUDGED on the 7 row(s) that compute.",1.0,-0.01,per_source
,CLAR,1 check(s),"uInterestCoverage: 7 of 8 available rows are not computable AND report a positive `totalDebt` on the SAME row, so the refusal cannot mean the flag is inapplicable to this company -- it is missing data. Flag was ABSTAINED -- 0 row(s) is under the 6-row partial-window floor.",7.0,-0.07,per_source
,CLMB,1 check(s),"uInterestCoverage: 6 of 8 available rows are not computable AND report a positive `totalDebt` on the SAME row, so the refusal cannot mean the flag is inapplicable to this company -- it is missing data. Flag was ABSTAINED -- 2 row(s) is under the 6-row partial-window floor.",6.0,-0.06,per_source
,CMCOM.AS,1 check(s),"uInterestCoverage: 1 of 8 available rows are not computable AND report a positive `totalDebt` on the SAME row, so the refusal cannot mean the flag is inapplicable to this company -- it is missing data. Flag was JUDGED on the 7 row(s) that compute.",1.0,-0.01,per_source
,CME,1 check(s),"uInterestCoverage: 1 of 8 available rows are not computable AND report a positive `totalDebt` on the SAME row, so the refusal cannot mean the flag is inapplicable to this company -- it is missing data. Flag was JUDGED on the 7 row(s) that compute.",1.0,-0.01,per_source
,CMG,1 check(s),"uInterestCoverage: 8 of 8 available rows are not computable AND report a positive `totalDebt` on the SAME row, so the refusal cannot mean the flag is inapplicable to this company -- it is missing data. Flag was ABSTAINED -- 0 row(s) is under the 6-row partial-window floor.",8.0,-0.08,per_source
,CNS,1 check(s),"uInterestCoverage: 8 of 8 available rows are not computable AND report a positive `totalDebt` on the SAME row, so the refusal cannot mean the flag is inapplicable to this company -- it is missing data. Flag was ABSTAINED -- 0 row(s) is under the 6-row partial-window floor.",8.0,-0.08,per_source
,CNVS,1 check(s),"uInterestCoverage: 1 of 8 available rows are not computable AND report a positive `totalDebt` on the SAME row, so the refusal cannot mean the flag is inapplicable to this company -- it is missing data. Flag was JUDGED on the 7 row(s) that compute.",1.0,-0.01,per_source
,COCH,1 check(s),"uInterestCoverage: 3 of 8 available rows are not computable AND report a positive `totalDebt` on the SAME row, so the refusal cannot mean the flag is inapplicable to this company -- it is missing data. Flag was ABSTAINED -- 5 row(s) is under the 6-row partial-window floor.",3.0,-0.03,per_source
,CODA,1 check(s),"uInterestCoverage: 7 of 8 available rows are not computable AND report a positive `totalDebt` on the SAME row, so the refusal cannot mean the flag is inapplicable to this company -- it is missing data. Flag was ABSTAINED -- 0 row(s) is under the 6-row partial-window floor.",7.0,-0.07,per_source
,COH.PA,1 check(s),"uInterestCoverage: 8 of 8 available rows are not computable AND report a positive `totalDebt` on the SAME row, so the refusal cannot mean the flag is inapplicable to this company -- it is missing data. Flag was ABSTAINED -- 0 row(s) is under the 6-row partial-window floor.",8.0,-0.08,per_source
,COOK,1 check(s),"uInterestCoverage: 1 of 8 available rows are not computable AND report a positive `totalDebt` on the SAME row, so the refusal cannot mean the flag is inapplicable to this company -- it is missing data. Flag was JUDGED on the 7 row(s) that compute.",1.0,-0.01,per_source
,CORZ,1 check(s),"uInterestCoverage: 3 of 8 available rows are not computable AND report a positive `totalDebt` on the SAME row, so the refusal cannot mean the flag is inapplicable to this company -- it is missing data. Flag was ABSTAINED -- 5 row(s) is under the 6-row partial-window floor.",3.0,-0.03,per_source
,COV.PA,1 check(s),"reitEbitdaInterestCoverage: 1 of 8 available rows are not computable AND report a positive `totalDebt` on the SAME row, so the refusal cannot mean the flag is inapplicable to this company -- it is missing data. Flag was JUDGED on the 7 row(s) that compute.",1.0,-0.01,per_source
,CPH.TO,1 check(s),"uInterestCoverage: 2 of 8 available rows are not computable AND report a positive `totalDebt` on the SAME row, so the refusal cannot mean the flag is inapplicable to this company -- it is missing data. Flag was JUDGED on the 6 row(s) that compute.",2.0,-0.02,per_source
,CRDL,1 check(s),"uInterestCoverage: 8 of 8 available rows are not computable AND report a positive `totalDebt` on the SAME row, so the refusal cannot mean the flag is inapplicable to this company -- it is missing data. Flag was ABSTAINED -- 0 row(s) is under the 6-row partial-window floor.",8.0,-0.08,per_source
,CRMD,1 check(s),"uInterestCoverage: 1 of 8 available rows are not computable AND report a positive `totalDebt` on the SAME row, so the refusal cannot mean the flag is inapplicable to this company -- it is missing data. Flag was JUDGED on the 7 row(s) that compute.",1.0,-0.01,per_source
,CRNT,1 check(s),"uInterestCoverage: 2 of 8 available rows are not computable AND report a positive `totalDebt` on the SAME row, so the refusal cannot mean the flag is inapplicable to this company -- it is missing data. Flag was JUDGED on the 6 row(s) that compute.",2.0,-0.02,per_source
,CRON,1 check(s),"uInterestCoverage: 8 of 8 available rows are not computable AND report a positive `totalDebt` on the SAME row, so the refusal cannot mean the flag is inapplicable to this company -- it is missing data. Flag was ABSTAINED -- 0 row(s) is under the 6-row partial-window floor.",8.0,-0.08,per_source
,CROX,1 check(s),"uInterestCoverage: 1 of 8 available rows are not computable AND report a positive `totalDebt` on the SAME row, so the refusal cannot mean the flag is inapplicable to this company -- it is missing data. Flag was JUDGED on the 7 row(s) that compute.",1.0,-0.01,per_source
,CSBR,1 check(s),"uInterestCoverage: 8 of 8 available rows are not computable AND report a positive `totalDebt` on the SAME row, so the refusal cannot mean the flag is inapplicable to this company -- it is missing data. Flag was ABSTAINED -- 0 row(s) is under the 6-row partial-window floor.",8.0,-0.08,per_source
,CTEC.L,1 check(s),"uInterestCoverage: 4 of 8 available rows are not computable AND report a positive `totalDebt` on the SAME row, so the refusal cannot mean the flag is inapplicable to this company -- it is missing data. Flag was ABSTAINED -- 4 row(s) is under the 6-row partial-window floor.",4.0,-0.04,per_source
,CUBE,1 check(s),"reitEbitdaInterestCoverage: 5 of 8 available rows are not computable AND report a positive `totalDebt` on the SAME row, so the refusal cannot mean the flag is inapplicable to this company -- it is missing data. Flag was ABSTAINED -- 3 row(s) is under the 6-row partial-window floor.",5.0,-0.05,per_source
,CVO.TO,1 check(s),"uInterestCoverage: 8 of 8 available rows are not computable AND report a positive `totalDebt` on the SAME row, so the refusal cannot mean the flag is inapplicable to this company -- it is missing data. Flag was ABSTAINED -- 0 row(s) is under the 6-row partial-window floor.",8.0,-0.08,per_source
,CVX.PA,1 check(s),"uInterestCoverage: 3 of 8 available rows are not computable AND report a positive `totalDebt` on the SAME row, so the refusal cannot mean the flag is inapplicable to this company -- it is missing data. Flag was ABSTAINED -- 5 row(s) is under the 6-row partial-window floor.",3.0,-0.03,per_source
,CWEB.TO,1 check(s),"uInterestCoverage: 8 of 8 available rows are not computable AND report a positive `totalDebt` on the SAME row, so the refusal cannot mean the flag is inapplicable to this company -- it is missing data. Flag was ABSTAINED -- 0 row(s) is under the 6-row partial-window floor.",8.0,-0.08,per_source
,DASH,1 check(s),"uInterestCoverage: 8 of 8 available rows are not computable AND report a positive `totalDebt` on the SAME row, so the refusal cannot mean the flag is inapplicable to this company -- it is missing data. Flag was ABSTAINED -- 0 row(s) is under the 6-row partial-window floor.",8.0,-0.08,per_source
,DBV.PA,1 check(s),"uInterestCoverage: 5 of 8 available rows are not computable AND report a positive `totalDebt` on the SAME row, so the refusal cannot mean the flag is inapplicable to this company -- it is missing data. Flag was ABSTAINED -- 3 row(s) is under the 6-row partial-window floor.",5.0,-0.05,per_source
,DG.PA,1 check(s),"uInterestCoverage: 3 of 8 available rows are not computable AND report a positive `totalDebt` on the SAME row, so the refusal cannot mean the flag is inapplicable to this company -- it is missing data. Flag was ABSTAINED -- 5 row(s) is under the 6-row partial-window floor.",3.0,-0.03,per_source
,DLB,1 check(s),"uInterestCoverage: 7 of 8 available rows are not computable AND report a positive `totalDebt` on the SAME row, so the refusal cannot mean the flag is inapplicable to this company -- it is missing data. Flag was ABSTAINED -- 1 row(s) is under the 6-row partial-window floor.",7.0,-0.07,per_source
,DOGZ,1 check(s),"uInterestCoverage: 3 of 8 available rows are not computable AND report a positive `totalDebt` on the SAME row, so the refusal cannot mean the flag is inapplicable to this company -- it is missing data. Flag was ABSTAINED -- 5 row(s) is under the 6-row partial-window floor.",3.0,-0.03,per_source
,DOMH,1 check(s),"uInterestCoverage: 7 of 8 available rows are not computable AND report a positive `totalDebt` on the SAME row, so the refusal cannot mean the flag is inapplicable to this company -- it is missing data. Flag was ABSTAINED -- 0 row(s) is under the 6-row partial-window floor.",7.0,-0.07,per_source
,DPT.PA,1 check(s),"uInterestCoverage: 1 of 8 available rows are not computable AND report a positive `totalDebt` on the SAME row, so the refusal cannot mean the flag is inapplicable to this company -- it is missing data. Flag was JUDGED on the 7 row(s) that compute.",1.0,-0.01,per_source
,DR.TO,1 check(s),"uInterestCoverage: 2 of 8 available rows are not computable AND report a positive `totalDebt` on the SAME row, so the refusal cannot mean the flag is inapplicable to this company -- it is missing data. Flag was JUDGED on the 6 row(s) that compute.",2.0,-0.02,per_source
,DRTS,1 check(s),"uInterestCoverage: 6 of 8 available rows are not computable AND report a positive `totalDebt` on the SAME row, so the refusal cannot mean the flag is inapplicable to this company -- it is missing data. Flag was ABSTAINED -- 2 row(s) is under the 6-row partial-window floor.",6.0,-0.06,per_source
,DSY.PA,1 check(s),"uInterestCoverage: 8 of 8 available rows are not computable AND report a positive `totalDebt` on the SAME row, so the refusal cannot mean the flag is inapplicable to this company -- it is missing data. Flag was ABSTAINED -- 0 row(s) is under the 6-row partial-window floor.",8.0,-0.08,per_source
,EBUS.AS,1 check(s),"uInterestCoverage: 2 of 8 available rows are not computable AND report a positive `totalDebt` on the SAME row, so the refusal cannot mean the flag is inapplicable to this company -- it is missing data. Flag was JUDGED on the 6 row(s) that compute.",2.0,-0.02,per_source
,EC.PA,1 check(s),"uInterestCoverage: 8 of 8 available rows are not computable AND report a positive `totalDebt` on the SAME row, so the refusal cannot mean the flag is inapplicable to this company -- it is missing data. Flag was ABSTAINED -- 0 row(s) is under the 6-row partial-window floor.",8.0,-0.08,per_source
,ECC,1 check(s),"uInterestCoverage: 2 of 8 available rows are not computable AND report a positive `totalDebt` on the SAME row, so the refusal cannot mean the flag is inapplicable to this company -- it is missing data. Flag was JUDGED on the 6 row(s) that compute.",2.0,-0.02,per_source
,EDU,1 check(s),"uInterestCoverage: 8 of 8 available rows are not computable AND report a positive `totalDebt` on the SAME row, so the refusal cannot mean the flag is inapplicable to this company -- it is missing data. Flag was ABSTAINED -- 0 row(s) is under the 6-row partial-window floor.",8.0,-0.08,per_source
,EFN.TO,1 check(s),"uInterestCoverage: 4 of 8 available rows are not computable AND report a positive `totalDebt` on the SAME row, so the refusal cannot mean the flag is inapplicable to this company -- it is missing data. Flag was ABSTAINED -- 4 row(s) is under the 6-row partial-window floor.",4.0,-0.04,per_source
,EFR.TO,1 check(s),"uInterestCoverage: 4 of 8 available rows are not computable AND report a positive `totalDebt` on the SAME row, so the refusal cannot mean the flag is inapplicable to this company -- it is missing data. Flag was ABSTAINED -- 1 row(s) is under the 6-row partial-window floor.",4.0,-0.04,per_source
,EJFZ.L,1 check(s),"uInterestCoverage: 5 of 8 available rows are not computable AND report a positive `totalDebt` on the SAME row, so the refusal cannot mean the flag is inapplicable to this company -- it is missing data. Flag was ABSTAINED -- 2 row(s) is under the 6-row partial-window floor.",5.0,-0.05,per_source
,ELEC.PA,1 check(s),"uInterestCoverage: 1 of 8 available rows are not computable AND report a positive `totalDebt` on the SAME row, so the refusal cannot mean the flag is inapplicable to this company -- it is missing data. Flag was JUDGED on the 7 row(s) that compute.",1.0,-0.01,per_source
,EME,1 check(s),"uInterestCoverage: 5 of 8 available rows are not computable AND report a positive `totalDebt` on the SAME row, so the refusal cannot mean the flag is inapplicable to this company -- it is missing data. Flag was ABSTAINED -- 3 row(s) is under the 6-row partial-window floor.",5.0,-0.05,per_source
,EMEIS.PA,1 check(s),"uInterestCoverage: 6 of 8 available rows are not computable AND report a positive `totalDebt` on the SAME row, so the refusal cannot mean the flag is inapplicable to this company -- it is missing data. Flag was ABSTAINED -- 2 row(s) is under the 6-row partial-window floor.",6.0,-0.06,per_source
,ENX.PA,1 check(s),"uInterestCoverage: 2 of 8 available rows are not computable AND report a positive `totalDebt` on the SAME row, so the refusal cannot mean the flag is inapplicable to this company -- it is missing data. Flag was JUDGED on the 6 row(s) that compute.",2.0,-0.02,per_source
,EPRX,1 check(s),"uInterestCoverage: 5 of 8 available rows are not computable AND report a positive `totalDebt` on the SAME row, so the refusal cannot mean the flag is inapplicable to this company -- it is missing data. Flag was ABSTAINED -- 3 row(s) is under the 6-row partial-window floor.",5.0,-0.05,per_source
,EQNR,1 check(s),"uInterestCoverage: 1 of 8 available rows are not computable AND report a positive `totalDebt` on the SAME row, so the refusal cannot mean the flag is inapplicable to this company -- it is missing data. Flag was JUDGED on the 7 row(s) that compute.",1.0,-0.01,per_source
,EQR,1 check(s),"reitEbitdaInterestCoverage: 3 of 8 available rows are not computable AND report a positive `totalDebt` on the SAME row, so the refusal cannot mean the flag is inapplicable to this company -- it is missing data. Flag was ABSTAINED -- 5 row(s) is under the 6-row partial-window floor.",3.0,-0.03,per_source
,EVLV,1 check(s),"uInterestCoverage: 4 of 8 available rows are not computable AND report a positive `totalDebt` on the SAME row, so the refusal cannot mean the flag is inapplicable to this company -- it is missing data. Flag was ABSTAINED -- 4 row(s) is under the 6-row partial-window floor.",4.0,-0.04,per_source
,FCMC.PA,1 check(s),"uInterestCoverage: 2 of 8 available rows are not computable AND report a positive `totalDebt` on the SAME row, so the refusal cannot mean the flag is inapplicable to this company -- it is missing data. Flag was JUDGED on the 6 row(s) that compute.",2.0,-0.02,per_source
,FEIM,1 check(s),"uInterestCoverage: 1 of 8 available rows are not computable AND report a positive `totalDebt` on the SAME row, so the refusal cannot mean the flag is inapplicable to this company -- it is missing data. Flag was JUDGED on the 7 row(s) that compute.",1.0,-0.01,per_source
,FIRY,1 check(s),"uInterestCoverage: 1 of 8 available rows are not computable AND report a positive `totalDebt` on the SAME row, so the refusal cannot mean the flag is inapplicable to this company -- it is missing data. Flag was JUDGED on the 7 row(s) that compute.",1.0,-0.01,per_source
,FLNC,1 check(s),"uInterestCoverage: 2 of 8 available rows are not computable AND report a positive `totalDebt` on the SAME row, so the refusal cannot mean the flag is inapplicable to this company -- it is missing data. Flag was JUDGED on the 6 row(s) that compute.",2.0,-0.02,per_source
,FLOW.AS,1 check(s),"uInterestCoverage: 3 of 8 available rows are not computable AND report a positive `totalDebt` on the SAME row, so the refusal cannot mean the flag is inapplicable to this company -- it is missing data. Flag was ABSTAINED -- 3 row(s) is under the 6-row partial-window floor.",3.0,-0.03,per_source
,FND,1 check(s),"uInterestCoverage: 1 of 8 available rows are not computable AND report a positive `totalDebt` on the SAME row, so the refusal cannot mean the flag is inapplicable to this company -- it is missing data. Flag was JUDGED on the 7 row(s) that compute.",1.0,-0.01,per_source
,FOUR.L,1 check(s),"uInterestCoverage: 6 of 8 available rows are not computable AND report a positive `totalDebt` on the SAME row, so the refusal cannot mean the flag is inapplicable to this company -- it is missing data. Flag was ABSTAINED -- 2 row(s) is under the 6-row partial-window floor.",6.0,-0.06,per_source
,FSG.L,1 check(s),"uInterestCoverage: 4 of 8 available rows are not computable AND report a positive `totalDebt` on the SAME row, so the refusal cannot mean the flag is inapplicable to this company -- it is missing data. Flag was ABSTAINED -- 4 row(s) is under the 6-row partial-window floor.",4.0,-0.04,per_source
,FUR.AS,1 check(s),"uInterestCoverage: 2 of 8 available rows are not computable AND report a positive `totalDebt` on the SAME row, so the refusal cannot mean the flag is inapplicable to this company -- it is missing data. Flag was JUDGED on the 6 row(s) that compute.",2.0,-0.02,per_source
,FVA.L,1 check(s),"uInterestCoverage: 2 of 8 available rows are not computable AND report a positive `totalDebt` on the SAME row, so the refusal cannot mean the flag is inapplicable to this company -- it is missing data. Flag was JUDGED on the 6 row(s) that compute.",2.0,-0.02,per_source
,GBT.TO,1 check(s),"uInterestCoverage: 8 of 8 available rows are not computable AND report a positive `totalDebt` on the SAME row, so the refusal cannot mean the flag is inapplicable to this company -- it is missing data. Flag was ABSTAINED -- 0 row(s) is under the 6-row partial-window floor.",8.0,-0.08,per_source
,GDC,1 check(s),"uInterestCoverage: 8 of 8 available rows are not computable AND report a positive `totalDebt` on the SAME row, so the refusal cannot mean the flag is inapplicable to this company -- it is missing data. Flag was ABSTAINED -- 0 row(s) is under the 6-row partial-window floor.",8.0,-0.08,per_source
,GDEV,1 check(s),"uInterestCoverage: 5 of 8 available rows are not computable AND report a positive `totalDebt` on the SAME row, so the refusal cannot mean the flag is inapplicable to this company -- it is missing data. Flag was ABSTAINED -- 3 row(s) is under the 6-row partial-window floor.",5.0,-0.05,per_source
,GKP.L,1 check(s),"uInterestCoverage: 7 of 8 available rows are not computable AND report a positive `totalDebt` on the SAME row, so the refusal cannot mean the flag is inapplicable to this company -- it is missing data. Flag was ABSTAINED -- 1 row(s) is under the 6-row partial-window floor.",7.0,-0.07,per_source
,GLBE,1 check(s),"uInterestCoverage: 2 of 8 available rows are not computable AND report a positive `totalDebt` on the SAME row, so the refusal cannot mean the flag is inapplicable to this company -- it is missing data. Flag was JUDGED on the 6 row(s) that compute.",2.0,-0.02,per_source
,GLP,1 check(s),"uInterestCoverage: 1 of 8 available rows are not computable AND report a positive `totalDebt` on the SAME row, so the refusal cannot mean the flag is inapplicable to this company -- it is missing data. Flag was JUDGED on the 7 row(s) that compute.",1.0,-0.01,per_source
,GMED,1 check(s),"uInterestCoverage: 6 of 8 available rows are not computable AND report a positive `totalDebt` on the SAME row, so the refusal cannot mean the flag is inapplicable to this company -- it is missing data. Flag was ABSTAINED -- 2 row(s) is under the 6-row partial-window floor.",6.0,-0.06,per_source
,GNLX,1 check(s),"uInterestCoverage: 8 of 8 available rows are not computable AND report a positive `totalDebt` on the SAME row, so the refusal cannot mean the flag is inapplicable to this company -- it is missing data. Flag was ABSTAINED -- 0 row(s) is under the 6-row partial-window floor.",8.0,-0.08,per_source
,GOLF,1 check(s),"uInterestCoverage: 1 of 8 available rows are not computable AND report a positive `totalDebt` on the SAME row, so the refusal cannot mean the flag is inapplicable to this company -- it is missing data. Flag was JUDGED on the 7 row(s) that compute.",1.0,-0.01,per_source
,GRND,1 check(s),"uInterestCoverage: 1 of 8 available rows are not computable AND report a positive `totalDebt` on the SAME row, so the refusal cannot mean the flag is inapplicable to this company -- it is missing data. Flag was JUDGED on the 7 row(s) that compute.",1.0,-0.01,per_source
,GRNQ,1 check(s),"uInterestCoverage: 1 of 8 available rows are not computable AND report a positive `totalDebt` on the SAME row, so the refusal cannot mean the flag is inapplicable to this company -- it is missing data. Flag was JUDGED on the 7 row(s) that compute.",1.0,-0.01,per_source
,GSAT,1 check(s),"uInterestCoverage: 1 of 8 available rows are not computable AND report a positive `totalDebt` on the SAME row, so the refusal cannot mean the flag is inapplicable to this company -- it is missing data. Flag was JUDGED on the 7 row(s) that compute.",1.0,-0.01,per_source
,GSIT,1 check(s),"uInterestCoverage: 8 of 8 available rows are not computable AND report a positive `totalDebt` on the SAME row, so the refusal cannot mean the flag is inapplicable to this company -- it is missing data. Flag was ABSTAINED -- 0 row(s) is under the 6-row partial-window floor.",8.0,-0.08,per_source
,GTT.PA,1 check(s),"uInterestCoverage: 5 of 8 available rows are not computable AND report a positive `totalDebt` on the SAME row, so the refusal cannot mean the flag is inapplicable to this company -- it is missing data. Flag was ABSTAINED -- 3 row(s) is under the 6-row partial-window floor.",5.0,-0.05,per_source
,HBIO,1 check(s),"uInterestCoverage: 1 of 8 available rows are not computable AND report a positive `totalDebt` on the SAME row, so the refusal cannot mean the flag is inapplicable to this company -- it is missing data. Flag was JUDGED on the 7 row(s) that compute.",1.0,-0.01,per_source
,HCSG,1 check(s),"uInterestCoverage: 1 of 8 available rows are not computable AND report a positive `totalDebt` on the SAME row, so the refusal cannot mean the flag is inapplicable to this company -- it is missing data. Flag was JUDGED on the 7 row(s) that compute.",1.0,-0.01,per_source
,HDF.PA,1 check(s),"uInterestCoverage: 5 of 8 available rows are not computable AND report a positive `totalDebt` on the SAME row, so the refusal cannot mean the flag is inapplicable to this company -- it is missing data. Flag was ABSTAINED -- 3 row(s) is under the 6-row partial-window floor.",5.0,-0.05,per_source
,HEIJM.AS,1 check(s),"uInterestCoverage: 1 of 8 available rows are not computable AND report a positive `totalDebt` on the SAME row, so the refusal cannot mean the flag is inapplicable to this company -- it is missing data. Flag was JUDGED on the 7 row(s) that compute.",1.0,-0.01,per_source
,HIK.L,1 check(s),"uInterestCoverage: 5 of 8 available rows are not computable AND report a positive `totalDebt` on the SAME row, so the refusal cannot mean the flag is inapplicable to this company -- it is missing data. Flag was ABSTAINED -- 3 row(s) is under the 6-row partial-window floor.",5.0,-0.05,per_source
,HLF.TO,1 check(s),"uInterestCoverage: 1 of 8 available rows are not computable AND report a positive `totalDebt` on the SAME row, so the refusal cannot mean the flag is inapplicable to this company -- it is missing data. Flag was JUDGED on the 7 row(s) that compute.",1.0,-0.01,per_source
,HOOD,1 check(s),"uInterestCoverage: 2 of 8 available rows are not computable AND report a positive `totalDebt` on the SAME row, so the refusal cannot mean the flag is inapplicable to this company -- it is missing data. Flag was JUDGED on the 6 row(s) that compute.",2.0,-0.02,per_source
,HRTX,1 check(s),"uInterestCoverage: 3 of 8 available rows are not computable AND report a positive `totalDebt` on the SAME row, so the refusal cannot mean the flag is inapplicable to this company -- it is missing data. Flag was ABSTAINED -- 5 row(s) is under the 6-row partial-window floor.",3.0,-0.03,per_source
,HUT,1 check(s),"uInterestCoverage: 1 of 8 available rows are not computable AND report a positive `totalDebt` on the SAME row, so the refusal cannot mean the flag is inapplicable to this company -- it is missing data. Flag was JUDGED on the 7 row(s) that compute.",1.0,-0.01,per_source
,HVO.L,1 check(s),"uInterestCoverage: 5 of 8 available rows are not computable AND report a positive `totalDebt` on the SAME row, so the refusal cannot mean the flag is inapplicable to this company -- it is missing data. Flag was ABSTAINED -- 3 row(s) is under the 6-row partial-window floor.",5.0,-0.05,per_source
,HVT,1 check(s),"uInterestCoverage: 7 of 8 available rows are not computable AND report a positive `totalDebt` on the SAME row, so the refusal cannot mean the flag is inapplicable to this company -- it is missing data. Flag was ABSTAINED -- 1 row(s) is under the 6-row partial-window floor.",7.0,-0.07,per_source
,IAM.PA,1 check(s),"uInterestCoverage: 4 of 8 available rows are not computable AND report a positive `totalDebt` on the SAME row, so the refusal cannot mean the flag is inapplicable to this company -- it is missing data. Flag was ABSTAINED -- 4 row(s) is under the 6-row partial-window floor.",4.0,-0.04,per_source
,ICU,1 check(s),"uInterestCoverage: 1 of 8 available rows are not computable AND report a positive `totalDebt` on the SAME row, so the refusal cannot mean the flag is inapplicable to this company -- it is missing data. Flag was JUDGED on the 6 row(s) that compute.",1.0,-0.01,per_source
,ILMN,1 check(s),"uInterestCoverage: 1 of 8 available rows are not computable AND report a positive `totalDebt` on the SAME row, so the refusal cannot mean the flag is inapplicable to this company -- it is missing data. Flag was JUDGED on the 7 row(s) that compute.",1.0,-0.01,per_source
,IMO.TO,1 check(s),"uInterestCoverage: 4 of 8 available rows are not computable AND report a positive `totalDebt` on the SAME row, so the refusal cannot mean the flag is inapplicable to this company -- it is missing data. Flag was ABSTAINED -- 4 row(s) is under the 6-row partial-window floor.",4.0,-0.04,per_source
,IMRX,1 check(s),"uInterestCoverage: 8 of 8 available rows are not computable AND report a positive `totalDebt` on the SAME row, so the refusal cannot mean the flag is inapplicable to this company -- it is missing data. Flag was ABSTAINED -- 0 row(s) is under the 6-row partial-window floor.",8.0,-0.08,per_source
,JFU,1 check(s),"uInterestCoverage: 8 of 8 available rows are not computable AND report a positive `totalDebt` on the SAME row, so the refusal cannot mean the flag is inapplicable to this company -- it is missing data. Flag was ABSTAINED -- 0 row(s) is under the 6-row partial-window floor.",8.0,-0.08,per_source
,JOY.TO,1 check(s),"uInterestCoverage: 1 of 8 available rows are not computable AND report a positive `totalDebt` on the SAME row, so the refusal cannot mean the flag is inapplicable to this company -- it is missing data. Flag was JUDGED on the 7 row(s) that compute.",1.0,-0.01,per_source
,JSE.L,1 check(s),"uInterestCoverage: 6 of 8 available rows are not computable AND report a positive `totalDebt` on the SAME row, so the refusal cannot mean the flag is inapplicable to this company -- it is missing data. Flag was ABSTAINED -- 2 row(s) is under the 6-row partial-window floor.",6.0,-0.06,per_source
,KFY,1 check(s),"uInterestCoverage: 1 of 8 available rows are not computable AND report a positive `totalDebt` on the SAME row, so the refusal cannot mean the flag is inapplicable to this company -- it is missing data. Flag was JUDGED on the 7 row(s) that compute.",1.0,-0.01,per_source
,KITS.TO,1 check(s),"uInterestCoverage: 1 of 8 available rows are not computable AND report a positive `totalDebt` on the SAME row, so the refusal cannot mean the flag is inapplicable to this company -- it is missing data. Flag was JUDGED on the 7 row(s) that compute.",1.0,-0.01,per_source
,KOD,1 check(s),"uInterestCoverage: 8 of 8 available rows are not computable AND report a positive `totalDebt` on the SAME row, so the refusal cannot mean the flag is inapplicable to this company -- it is missing data. Flag was ABSTAINED -- 0 row(s) is under the 6-row partial-window floor.",8.0,-0.08,per_source
,KOSS,1 check(s),"uInterestCoverage: 5 of 8 available rows are not computable AND report a positive `totalDebt` on the SAME row, so the refusal cannot mean the flag is inapplicable to this company -- it is missing data. Flag was ABSTAINED -- 3 row(s) is under the 6-row partial-window floor.",5.0,-0.05,per_source
,KPN.AS,1 check(s),"uInterestCoverage: 3 of 8 available rows are not computable AND report a positive `totalDebt` on the SAME row, so the refusal cannot mean the flag is inapplicable to this company -- it is missing data. Flag was ABSTAINED -- 5 row(s) is under the 6-row partial-window floor.",3.0,-0.03,per_source
,KXS.TO,1 check(s),"uInterestCoverage: 8 of 8 available rows are not computable AND report a positive `totalDebt` on the SAME row, so the refusal cannot mean the flag is inapplicable to this company -- it is missing data. Flag was ABSTAINED -- 0 row(s) is under the 6-row partial-window floor.",8.0,-0.08,per_source
,LAC.TO,1 check(s),"producerEbitdaPositive: 1 of 8 available rows are not computable AND report no `revenue` figure at all, or a NEGATIVE one on the SAME row, so the refusal cannot mean the flag is inapplicable to this company -- it is missing data. Flag was ABSTAINED -- 0 row(s) is under the 6-row partial-window floor.",1.0,-0.01,per_source
,LACR.PA,1 check(s),"uInterestCoverage: 3 of 8 available rows are not computable AND report a positive `totalDebt` on the SAME row, so the refusal cannot mean the flag is inapplicable to this company -- it is missing data. Flag was ABSTAINED -- 5 row(s) is under the 6-row partial-window floor.",3.0,-0.03,per_source
,LBG.L,1 check(s),"uInterestCoverage: 2 of 8 available rows are not computable AND report a positive `totalDebt` on the SAME row, so the refusal cannot mean the flag is inapplicable to this company -- it is missing data. Flag was JUDGED on the 6 row(s) that compute.",2.0,-0.02,per_source
,LENZ,1 check(s),"uInterestCoverage: 8 of 8 available rows are not computable AND report a positive `totalDebt` on the SAME row, so the refusal cannot mean the flag is inapplicable to this company -- it is missing data. Flag was ABSTAINED -- 0 row(s) is under the 6-row partial-window floor.",8.0,-0.08,per_source
,LFVN,1 check(s),"uInterestCoverage: 8 of 8 available rows are not computable AND report a positive `totalDebt` on the SAME row, so the refusal cannot mean the flag is inapplicable to this company -- it is missing data. Flag was ABSTAINED -- 0 row(s) is under the 6-row partial-window floor.",8.0,-0.08,per_source
,LI.PA,1 check(s),"reitEbitdaInterestCoverage: 1 of 8 available rows are not computable AND report a positive `totalDebt` on the SAME row, so the refusal cannot mean the flag is inapplicable to this company -- it is missing data. Flag was JUDGED on the 7 row(s) that compute.",1.0,-0.01,per_source
,LKFT.AS,1 check(s),"uInterestCoverage: 1 of 8 available rows are not computable AND report a positive `totalDebt` on the SAME row, so the refusal cannot mean the flag is inapplicable to this company -- it is missing data. Flag was JUDGED on the 7 row(s) that compute.",1.0,-0.01,per_source
,LOCAL.PA,1 check(s),"uInterestCoverage: 3 of 8 available rows are not computable AND report a positive `totalDebt` on the SAME row, so the refusal cannot mean the flag is inapplicable to this company -- it is missing data. Flag was ABSTAINED -- 5 row(s) is under the 6-row partial-window floor.",3.0,-0.03,per_source
,LRCX,1 check(s),"uInterestCoverage: 1 of 8 available rows are not computable AND report a positive `totalDebt` on the SAME row, so the refusal cannot mean the flag is inapplicable to this company -- it is missing data. Flag was JUDGED on the 7 row(s) that compute.",1.0,-0.01,per_source
,LSCC,1 check(s),"uInterestCoverage: 6 of 8 available rows are not computable AND report a positive `totalDebt` on the SAME row, so the refusal cannot mean the flag is inapplicable to this company -- it is missing data. Flag was ABSTAINED -- 2 row(s) is under the 6-row partial-window floor.",6.0,-0.06,per_source
,LSPD,1 check(s),"uInterestCoverage: 1 of 8 available rows are not computable AND report a positive `totalDebt` on the SAME row, so the refusal cannot mean the flag is inapplicable to this company -- it is missing data. Flag was JUDGED on the 7 row(s) that compute.",1.0,-0.01,per_source
,LWAY,1 check(s),"uInterestCoverage: 1 of 8 available rows are not computable AND report a positive `totalDebt` on the SAME row, so the refusal cannot mean the flag is inapplicable to this company -- it is missing data. Flag was JUDGED on the 7 row(s) that compute.",1.0,-0.01,per_source
,MAC,1 check(s),"reitEbitdaInterestCoverage: 2 of 8 available rows are not computable AND report a positive `totalDebt` on the SAME row, so the refusal cannot mean the flag is inapplicable to this company -- it is missing data. Flag was JUDGED on the 6 row(s) that compute.",2.0,-0.02,per_source
,MALT.PA,1 check(s),"uInterestCoverage: 5 of 8 available rows are not computable AND report a positive `totalDebt` on the SAME row, so the refusal cannot mean the flag is inapplicable to this company -- it is missing data. Flag was ABSTAINED -- 3 row(s) is under the 6-row partial-window floor.",5.0,-0.05,per_source
,MCK,1 check(s),"uInterestCoverage: 1 of 8 available rows are not computable AND report a positive `totalDebt` on the SAME row, so the refusal cannot mean the flag is inapplicable to this company -- it is missing data. Flag was JUDGED on the 7 row(s) that compute.",1.0,-0.01,per_source
,MDAI,1 check(s),"uInterestCoverage: 1 of 8 available rows are not computable AND report a positive `totalDebt` on the SAME row, so the refusal cannot mean the flag is inapplicable to this company -- it is missing data. Flag was JUDGED on the 7 row(s) that compute.",1.0,-0.01,per_source
,MDB,1 check(s),"uInterestCoverage: 1 of 8 available rows are not computable AND report a positive `totalDebt` on the SAME row, so the refusal cannot mean the flag is inapplicable to this company -- it is missing data. Flag was JUDGED on the 7 row(s) that compute.",1.0,-0.01,per_source
,MDNA.TO,1 check(s),"uInterestCoverage: 7 of 8 available rows are not computable AND report a positive `totalDebt` on the SAME row, so the refusal cannot mean the flag is inapplicable to this company -- it is missing data. Flag was ABSTAINED -- 0 row(s) is under the 6-row partial-window floor.",7.0,-0.07,per_source
,MED,1 check(s),"uInterestCoverage: 8 of 8 available rows are not computable AND report a positive `totalDebt` on the SAME row, so the refusal cannot mean the flag is inapplicable to this company -- it is missing data. Flag was ABSTAINED -- 0 row(s) is under the 6-row partial-window floor.",8.0,-0.08,per_source
,MEQ.TO,1 check(s),"reitEbitdaInterestCoverage: 4 of 8 available rows are not computable AND report a positive `totalDebt` on the SAME row, so the refusal cannot mean the flag is inapplicable to this company -- it is missing data. Flag was ABSTAINED -- 4 row(s) is under the 6-row partial-window floor.",4.0,-0.04,per_source
,MERY.PA,1 check(s),"reitEbitdaInterestCoverage: 2 of 8 available rows are not computable AND report a positive `totalDebt` on the SAME row, so the refusal cannot mean the flag is inapplicable to this company -- it is missing data. Flag was JUDGED on the 6 row(s) that compute.",2.0,-0.02,per_source
,MHO,1 check(s),"uInterestCoverage: 3 of 8 available rows are not computable AND report a positive `totalDebt` on the SAME row, so the refusal cannot mean the flag is inapplicable to this company -- it is missing data. Flag was ABSTAINED -- 5 row(s) is under the 6-row partial-window floor.",3.0,-0.03,per_source
,MKTW,1 check(s),"uInterestCoverage: 8 of 8 available rows are not computable AND report a positive `totalDebt` on the SAME row, so the refusal cannot mean the flag is inapplicable to this company -- it is missing data. Flag was ABSTAINED -- 0 row(s) is under the 6-row partial-window floor.",8.0,-0.08,per_source
,MMT.PA,1 check(s),"uInterestCoverage: 6 of 8 available rows are not computable AND report a positive `totalDebt` on the SAME row, so the refusal cannot mean the flag is inapplicable to this company -- it is missing data. Flag was ABSTAINED -- 2 row(s) is under the 6-row partial-window floor.",6.0,-0.06,per_source
,MPE.L,1 check(s),"uInterestCoverage: 6 of 8 available rows are not computable AND report a positive `totalDebt` on the SAME row, so the refusal cannot mean the flag is inapplicable to this company -- it is missing data. Flag was ABSTAINED -- 2 row(s) is under the 6-row partial-window floor.",6.0,-0.06,per_source
,MRTN,1 check(s),"uInterestCoverage: 8 of 8 available rows are not computable AND report a positive `totalDebt` on the SAME row, so the refusal cannot mean the flag is inapplicable to this company -- it is missing data. Flag was ABSTAINED -- 0 row(s) is under the 6-row partial-window floor.",8.0,-0.08,per_source
,MTEC.L,1 check(s),"uInterestCoverage: 3 of 8 available rows are not computable AND report a positive `totalDebt` on the SAME row, so the refusal cannot mean the flag is inapplicable to this company -- it is missing data. Flag was ABSTAINED -- 5 row(s) is under the 6-row partial-window floor.",3.0,-0.03,per_source
,MU,1 check(s),"uInterestCoverage: 1 of 8 available rows are not computable AND report a positive `totalDebt` on the SAME row, so the refusal cannot mean the flag is inapplicable to this company -- it is missing data. Flag was JUDGED on the 7 row(s) that compute.",1.0,-0.01,per_source
,MXCT,1 check(s),"uInterestCoverage: 8 of 8 available rows are not computable AND report a positive `totalDebt` on the SAME row, so the refusal cannot mean the flag is inapplicable to this company -- it is missing data. Flag was ABSTAINED -- 0 row(s) is under the 6-row partial-window floor.",8.0,-0.08,per_source
,MYPS,1 check(s),"uInterestCoverage: 8 of 8 available rows are not computable AND report a positive `totalDebt` on the SAME row, so the refusal cannot mean the flag is inapplicable to this company -- it is missing data. Flag was ABSTAINED -- 0 row(s) is under the 6-row partial-window floor.",8.0,-0.08,per_source
,MZTI,1 check(s),"uInterestCoverage: 8 of 8 available rows are not computable AND report a positive `totalDebt` on the SAME row, so the refusal cannot mean the flag is inapplicable to this company -- it is missing data. Flag was ABSTAINED -- 0 row(s) is under the 6-row partial-window floor.",8.0,-0.08,per_source
,NABL,1 check(s),"uInterestCoverage: 1 of 8 available rows are not computable AND report a positive `totalDebt` on the SAME row, so the refusal cannot mean the flag is inapplicable to this company -- it is missing data. Flag was JUDGED on the 7 row(s) that compute.",1.0,-0.01,per_source
,NAE.PA,1 check(s),"uInterestCoverage: 1 of 8 available rows are not computable AND report a positive `totalDebt` on the SAME row, so the refusal cannot mean the flag is inapplicable to this company -- it is missing data. Flag was JUDGED on the 7 row(s) that compute.",1.0,-0.01,per_source
,NBTX,1 check(s),"uInterestCoverage: 3 of 8 available rows are not computable AND report a positive `totalDebt` on the SAME row, so the refusal cannot mean the flag is inapplicable to this company -- it is missing data. Flag was ABSTAINED -- 5 row(s) is under the 6-row partial-window floor.",3.0,-0.03,per_source
,NCYT.L,1 check(s),"uInterestCoverage: 4 of 8 available rows are not computable AND report a positive `totalDebt` on the SAME row, so the refusal cannot mean the flag is inapplicable to this company -- it is missing data. Flag was ABSTAINED -- 4 row(s) is under the 6-row partial-window floor.",4.0,-0.04,per_source
,NLOP,1 check(s),"reitEbitdaInterestCoverage: 1 of 8 available rows are not computable AND report a positive `totalDebt` on the SAME row, so the refusal cannot mean the flag is inapplicable to this company -- it is missing data. Flag was JUDGED on the 7 row(s) that compute.",1.0,-0.01,per_source
,NN,1 check(s),"uInterestCoverage: 2 of 8 available rows are not computable AND report a positive `totalDebt` on the SAME row, so the refusal cannot mean the flag is inapplicable to this company -- it is missing data. Flag was JUDGED on the 6 row(s) that compute.",2.0,-0.02,per_source
,NOMD,1 check(s),"uInterestCoverage: 1 of 8 available rows are not computable AND report a positive `totalDebt` on the SAME row, so the refusal cannot mean the flag is inapplicable to this company -- it is missing data. Flag was JUDGED on the 7 row(s) that compute.",1.0,-0.01,per_source
,NRDY,1 check(s),"uInterestCoverage: 2 of 8 available rows are not computable AND report a positive `totalDebt` on the SAME row, so the refusal cannot mean the flag is inapplicable to this company -- it is missing data. Flag was ABSTAINED -- 2 row(s) is under the 6-row partial-window floor.",2.0,-0.02,per_source
,NRIX,1 check(s),"uInterestCoverage: 8 of 8 available rows are not computable AND report a positive `totalDebt` on the SAME row, so the refusal cannot mean the flag is inapplicable to this company -- it is missing data. Flag was ABSTAINED -- 0 row(s) is under the 6-row partial-window floor.",8.0,-0.08,per_source
,NRP.AS,1 check(s),"reitEbitdaInterestCoverage: 4 of 8 available rows are not computable AND report a positive `totalDebt` on the SAME row, so the refusal cannot mean the flag is inapplicable to this company -- it is missing data. Flag was ABSTAINED -- 4 row(s) is under the 6-row partial-window floor.",4.0,-0.04,per_source
,NRXP,1 check(s),"uInterestCoverage: 5 of 8 available rows are not computable AND report a positive `totalDebt` on the SAME row, so the refusal cannot mean the flag is inapplicable to this company -- it is missing data. Flag was ABSTAINED -- 3 row(s) is under the 6-row partial-window floor.",5.0,-0.05,per_source
,NVR,1 check(s),"uInterestCoverage: 1 of 8 available rows are not computable AND report a positive `totalDebt` on the SAME row, so the refusal cannot mean the flag is inapplicable to this company -- it is missing data. Flag was JUDGED on the 7 row(s) that compute.",1.0,-0.01,per_source
,NVTS,1 check(s),"uInterestCoverage: 3 of 8 available rows are not computable AND report a positive `totalDebt` on the SAME row, so the refusal cannot mean the flag is inapplicable to this company -- it is missing data. Flag was ABSTAINED -- 5 row(s) is under the 6-row partial-window floor.",3.0,-0.03,per_source
,NXFIL.AS,1 check(s),"uInterestCoverage: 6 of 8 available rows are not computable AND report a positive `totalDebt` on the SAME row, so the refusal cannot mean the flag is inapplicable to this company -- it is missing data. Flag was ABSTAINED -- 2 row(s) is under the 6-row partial-window floor.",6.0,-0.06,per_source
,OCI.AS,1 check(s),"producerEbitdaPositive: 2 of 8 available rows are not computable AND report no `revenue` figure at all, or a NEGATIVE one on the SAME row, so the refusal cannot mean the flag is inapplicable to this company -- it is missing data. Flag was JUDGED on the 6 row(s) that compute.",2.0,-0.02,per_source
,ODET.PA,1 check(s),"uInterestCoverage: 1 of 8 available rows are not computable AND report a positive `totalDebt` on the SAME row, so the refusal cannot mean the flag is inapplicable to this company -- it is missing data. Flag was JUDGED on the 7 row(s) that compute.",1.0,-0.01,per_source
,OFLX,1 check(s),"uInterestCoverage: 8 of 8 available rows are not computable AND report a positive `totalDebt` on the SAME row, so the refusal cannot mean the flag is inapplicable to this company -- it is missing data. Flag was ABSTAINED -- 0 row(s) is under the 6-row partial-window floor.",8.0,-0.08,per_source
,OGI,1 check(s),"uInterestCoverage: 7 of 8 available rows are not computable AND report a positive `totalDebt` on the SAME row, so the refusal cannot mean the flag is inapplicable to this company -- it is missing data. Flag was ABSTAINED -- 1 row(s) is under the 6-row partial-window floor.",7.0,-0.07,per_source
,OMCL,1 check(s),"uInterestCoverage: 1 of 8 available rows are not computable AND report a positive `totalDebt` on the SAME row, so the refusal cannot mean the flag is inapplicable to this company -- it is missing data. Flag was JUDGED on the 7 row(s) that compute.",1.0,-0.01,per_source
,OMEX,1 check(s),"uInterestCoverage: 1 of 8 available rows are not computable AND report a positive `totalDebt` on the SAME row, so the refusal cannot mean the flag is inapplicable to this company -- it is missing data. Flag was JUDGED on the 7 row(s) that compute.",1.0,-0.01,per_source
,OOMA,1 check(s),"uInterestCoverage: 5 of 8 available rows are not computable AND report a positive `totalDebt` on the SAME row, so the refusal cannot mean the flag is inapplicable to this company -- it is missing data. Flag was ABSTAINED -- 3 row(s) is under the 6-row partial-window floor.",5.0,-0.05,per_source
,ORA.PA,1 check(s),"uInterestCoverage: 1 of 8 available rows are not computable AND report a positive `totalDebt` on the SAME row, so the refusal cannot mean the flag is inapplicable to this company -- it is missing data. Flag was JUDGED on the 7 row(s) that compute.",1.0,-0.01,per_source
,ORIA.PA,1 check(s),"reitEbitdaInterestCoverage: 4 of 8 available rows are not computable AND report a positive `totalDebt` on the SAME row, so the refusal cannot mean the flag is inapplicable to this company -- it is missing data. Flag was ABSTAINED -- 4 row(s) is under the 6-row partial-window floor.",4.0,-0.04,per_source
,ORMP,1 check(s),"uInterestCoverage: 6 of 8 available rows are not computable AND report a positive `totalDebt` on the SAME row, so the refusal cannot mean the flag is inapplicable to this company -- it is missing data. Flag was ABSTAINED -- 2 row(s) is under the 6-row partial-window floor.",6.0,-0.06,per_source
,OSPN,1 check(s),"uInterestCoverage: 6 of 8 available rows are not computable AND report a positive `totalDebt` on the SAME row, so the refusal cannot mean the flag is inapplicable to this company -- it is missing data. Flag was ABSTAINED -- 2 row(s) is under the 6-row partial-window floor.",6.0,-0.06,per_source
,OUST,1 check(s),"uInterestCoverage: 7 of 8 available rows are not computable AND report a positive `totalDebt` on the SAME row, so the refusal cannot mean the flag is inapplicable to this company -- it is missing data. Flag was ABSTAINED -- 1 row(s) is under the 6-row partial-window floor.",7.0,-0.07,per_source
,PARR,1 check(s),"uInterestCoverage: 2 of 8 available rows are not computable AND report a positive `totalDebt` on the SAME row, so the refusal cannot mean the flag is inapplicable to this company -- it is missing data. Flag was JUDGED on the 6 row(s) that compute.",2.0,-0.02,per_source
,PARRO.PA,1 check(s),"uInterestCoverage: 1 of 8 available rows are not computable AND report a positive `totalDebt` on the SAME row, so the refusal cannot mean the flag is inapplicable to this company -- it is missing data. Flag was JUDGED on the 7 row(s) that compute.",1.0,-0.01,per_source
,PAYO,1 check(s),"uInterestCoverage: 5 of 8 available rows are not computable AND report a positive `totalDebt` on the SAME row, so the refusal cannot mean the flag is inapplicable to this company -- it is missing data. Flag was ABSTAINED -- 3 row(s) is under the 6-row partial-window floor.",5.0,-0.05,per_source
,PCVX,1 check(s),"uInterestCoverage: 8 of 8 available rows are not computable AND report a positive `totalDebt` on the SAME row, so the refusal cannot mean the flag is inapplicable to this company -- it is missing data. Flag was ABSTAINED -- 0 row(s) is under the 6-row partial-window floor.",8.0,-0.08,per_source
,PHAR.L,1 check(s),"uInterestCoverage: 6 of 8 available rows are not computable AND report a positive `totalDebt` on the SAME row, so the refusal cannot mean the flag is inapplicable to this company -- it is missing data. Flag was ABSTAINED -- 1 row(s) is under the 6-row partial-window floor.",6.0,-0.06,per_source
,PHI,1 check(s),"uInterestCoverage: 4 of 8 available rows are not computable AND report a positive `totalDebt` on the SAME row, so the refusal cannot mean the flag is inapplicable to this company -- it is missing data. Flag was ABSTAINED -- 4 row(s) is under the 6-row partial-window floor.",4.0,-0.04,per_source
,PIG.PA,1 check(s),"uInterestCoverage: 1 of 8 available rows are not computable AND report a positive `totalDebt` on the SAME row, so the refusal cannot mean the flag is inapplicable to this company -- it is missing data. Flag was JUDGED on the 7 row(s) that compute.",1.0,-0.01,per_source
,PINS,1 check(s),"uInterestCoverage: 8 of 8 available rows are not computable AND report a positive `totalDebt` on the SAME row, so the refusal cannot mean the flag is inapplicable to this company -- it is missing data. Flag was ABSTAINED -- 0 row(s) is under the 6-row partial-window floor.",8.0,-0.08,per_source
,PL,1 check(s),"uInterestCoverage: 5 of 8 available rows are not computable AND report a positive `totalDebt` on the SAME row, so the refusal cannot mean the flag is inapplicable to this company -- it is missing data. Flag was ABSTAINED -- 3 row(s) is under the 6-row partial-window floor.",5.0,-0.05,per_source
,PLAB,1 check(s),"uInterestCoverage: 1 of 8 available rows are not computable AND report a positive `totalDebt` on the SAME row, so the refusal cannot mean the flag is inapplicable to this company -- it is missing data. Flag was JUDGED on the 7 row(s) that compute.",1.0,-0.01,per_source
,PLSM,1 check(s),"uInterestCoverage: 4 of 8 available rows are not computable AND report a positive `totalDebt` on the SAME row, so the refusal cannot mean the flag is inapplicable to this company -- it is missing data. Flag was ABSTAINED -- 4 row(s) is under the 6-row partial-window floor.",4.0,-0.04,per_source
,PLX.PA,2 check(s),"uInterestCoverage: 1 of 7 available rows are not computable AND report a positive `totalDebt` on the SAME row, so the refusal cannot mean the flag is inapplicable to this company -- it is missing data. Flag was JUDGED on the 6 row(s) that compute. | panel carries 7 of the 8 newest-first rows the veto window needs, so every flag is evaluated (or refused) on a short history",2.0,-0.02,per_source
,POWW,1 check(s),"uInterestCoverage: 2 of 8 available rows are not computable AND report a positive `totalDebt` on the SAME row, so the refusal cannot mean the flag is inapplicable to this company -- it is missing data. Flag was JUDGED on the 6 row(s) that compute.",2.0,-0.02,per_source
,PRIM,1 check(s),"uInterestCoverage: 1 of 8 available rows are not computable AND report a positive `totalDebt` on the SAME row, so the refusal cannot mean the flag is inapplicable to this company -- it is missing data. Flag was JUDGED on the 7 row(s) that compute.",1.0,-0.01,per_source
,PRMB,1 check(s),"uInterestCoverage: 1 of 8 available rows are not computable AND report a positive `totalDebt` on the SAME row, so the refusal cannot mean the flag is inapplicable to this company -- it is missing data. Flag was JUDGED on the 7 row(s) that compute.",1.0,-0.01,per_source
,PROF,1 check(s),"uInterestCoverage: 6 of 8 available rows are not computable AND report a positive `totalDebt` on the SAME row, so the refusal cannot mean the flag is inapplicable to this company -- it is missing data. Flag was ABSTAINED -- 2 row(s) is under the 6-row partial-window floor.",6.0,-0.06,per_source
,PRTA,1 check(s),"uInterestCoverage: 8 of 8 available rows are not computable AND report a positive `totalDebt` on the SAME row, so the refusal cannot mean the flag is inapplicable to this company -- it is missing data. Flag was ABSTAINED -- 0 row(s) is under the 6-row partial-window floor.",8.0,-0.08,per_source
,PRX.AS,1 check(s),"uInterestCoverage: 4 of 8 available rows are not computable AND report a positive `totalDebt` on the SAME row, so the refusal cannot mean the flag is inapplicable to this company -- it is missing data. Flag was ABSTAINED -- 4 row(s) is under the 6-row partial-window floor.",4.0,-0.04,per_source
,PSI.TO,1 check(s),"uInterestCoverage: 7 of 8 available rows are not computable AND report a positive `totalDebt` on the SAME row, so the refusal cannot mean the flag is inapplicable to this company -- it is missing data. Flag was ABSTAINED -- 1 row(s) is under the 6-row partial-window floor.",7.0,-0.07,per_source
,PYPD,1 check(s),"uInterestCoverage: 2 of 8 available rows are not computable AND report a positive `totalDebt` on the SAME row, so the refusal cannot mean the flag is inapplicable to this company -- it is missing data. Flag was JUDGED on the 6 row(s) that compute.",2.0,-0.02,per_source
,QEC.TO,1 check(s),"uInterestCoverage: 6 of 8 available rows are not computable AND report a positive `totalDebt` on the SAME row, so the refusal cannot mean the flag is inapplicable to this company -- it is missing data. Flag was ABSTAINED -- 2 row(s) is under the 6-row partial-window floor.",6.0,-0.06,per_source
,QLYS,1 check(s),"uInterestCoverage: 8 of 8 available rows are not computable AND report a positive `totalDebt` on the SAME row, so the refusal cannot mean the flag is inapplicable to this company -- it is missing data. Flag was ABSTAINED -- 0 row(s) is under the 6-row partial-window floor.",8.0,-0.08,per_source
,QSI,1 check(s),"uInterestCoverage: 8 of 8 available rows are not computable AND report a positive `totalDebt` on the SAME row, so the refusal cannot mean the flag is inapplicable to this company -- it is missing data. Flag was ABSTAINED -- 0 row(s) is under the 6-row partial-window floor.",8.0,-0.08,per_source
,RAND.AS,1 check(s),"uInterestCoverage: 1 of 8 available rows are not computable AND report a positive `totalDebt` on the SAME row, so the refusal cannot mean the flag is inapplicable to this company -- it is missing data. Flag was JUDGED on the 7 row(s) that compute.",1.0,-0.01,per_source
,RBO.PA,1 check(s),"uInterestCoverage: 1 of 8 available rows are not computable AND report a positive `totalDebt` on the SAME row, so the refusal cannot mean the flag is inapplicable to this company -- it is missing data. Flag was JUDGED on the 7 row(s) that compute.",1.0,-0.01,per_source
,RCAT,1 check(s),"uInterestCoverage: 8 of 8 available rows are not computable AND report a positive `totalDebt` on the SAME row, so the refusal cannot mean the flag is inapplicable to this company -- it is missing data. Flag was ABSTAINED -- 0 row(s) is under the 6-row partial-window floor.",8.0,-0.08,per_source
,RDVT,1 check(s),"uInterestCoverage: 8 of 8 available rows are not computable AND report a positive `totalDebt` on the SAME row, so the refusal cannot mean the flag is inapplicable to this company -- it is missing data. Flag was ABSTAINED -- 0 row(s) is under the 6-row partial-window floor.",8.0,-0.08,per_source
,RDWR,1 check(s),"uInterestCoverage: 8 of 8 available rows are not computable AND report a positive `totalDebt` on the SAME row, so the refusal cannot mean the flag is inapplicable to this company -- it is missing data. Flag was ABSTAINED -- 0 row(s) is under the 6-row partial-window floor.",8.0,-0.08,per_source
,RF.PA,1 check(s),"uInterestCoverage: 3 of 8 available rows are not computable AND report a positive `totalDebt` on the SAME row, so the refusal cannot mean the flag is inapplicable to this company -- it is missing data. Flag was ABSTAINED -- 5 row(s) is under the 6-row partial-window floor.",3.0,-0.03,per_source
,RGTI,1 check(s),"uInterestCoverage: 6 of 8 available rows are not computable AND report a positive `totalDebt` on the SAME row, so the refusal cannot mean the flag is inapplicable to this company -- it is missing data. Flag was ABSTAINED -- 2 row(s) is under the 6-row partial-window floor.",6.0,-0.06,per_source
,RIG,1 check(s),"uInterestCoverage: 1 of 8 available rows are not computable AND report a positive `totalDebt` on the SAME row, so the refusal cannot mean the flag is inapplicable to this company -- it is missing data. Flag was JUDGED on the 7 row(s) that compute.",1.0,-0.01,per_source
,RJF,1 check(s),"uInterestCoverage: 1 of 8 available rows are not computable AND report a positive `totalDebt` on the SAME row, so the refusal cannot mean the flag is inapplicable to this company -- it is missing data. Flag was JUDGED on the 7 row(s) that compute.",1.0,-0.01,per_source
,ROG,1 check(s),"uInterestCoverage: 1 of 8 available rows are not computable AND report a positive `totalDebt` on the SAME row, so the refusal cannot mean the flag is inapplicable to this company -- it is missing data. Flag was JUDGED on the 7 row(s) that compute.",1.0,-0.01,per_source
,RSI,1 check(s),"uInterestCoverage: 7 of 8 available rows are not computable AND report a positive `totalDebt` on the SAME row, so the refusal cannot mean the flag is inapplicable to this company -- it is missing data. Flag was ABSTAINED -- 1 row(s) is under the 6-row partial-window floor.",7.0,-0.07,per_source
,RXL.PA,1 check(s),"uInterestCoverage: 4 of 8 available rows are not computable AND report a positive `totalDebt` on the SAME row, so the refusal cannot mean the flag is inapplicable to this company -- it is missing data. Flag was ABSTAINED -- 4 row(s) is under the 6-row partial-window floor.",4.0,-0.04,per_source
,SABE.PA,1 check(s),"uInterestCoverage: 1 of 8 available rows are not computable AND report a positive `totalDebt` on the SAME row, so the refusal cannot mean the flag is inapplicable to this company -- it is missing data. Flag was JUDGED on the 7 row(s) that compute.",1.0,-0.01,per_source
,SACI.PA,1 check(s),"uInterestCoverage: 4 of 8 available rows are not computable AND report a positive `totalDebt` on the SAME row, so the refusal cannot mean the flag is inapplicable to this company -- it is missing data. Flag was ABSTAINED -- 4 row(s) is under the 6-row partial-window floor.",4.0,-0.04,per_source
,SBMO.AS,1 check(s),"uInterestCoverage: 4 of 8 available rows are not computable AND report a positive `totalDebt` on the SAME row, so the refusal cannot mean the flag is inapplicable to this company -- it is missing data. Flag was ABSTAINED -- 4 row(s) is under the 6-row partial-window floor.",4.0,-0.04,per_source
,SBRA,1 check(s),"reitEbitdaInterestCoverage: 1 of 8 available rows are not computable AND report a positive `totalDebt` on the SAME row, so the refusal cannot mean the flag is inapplicable to this company -- it is missing data. Flag was JUDGED on the 7 row(s) that compute.",1.0,-0.01,per_source
,SCYX,1 check(s),"uInterestCoverage: 5 of 8 available rows are not computable AND report a positive `totalDebt` on the SAME row, so the refusal cannot mean the flag is inapplicable to this company -- it is missing data. Flag was ABSTAINED -- 3 row(s) is under the 6-row partial-window floor.",5.0,-0.05,per_source
,SD,1 check(s),"uInterestCoverage: 1 of 8 available rows are not computable AND report a positive `totalDebt` on the SAME row, so the refusal cannot mean the flag is inapplicable to this company -- it is missing data. Flag was ABSTAINED -- 1 row(s) is under the 6-row partial-window floor.",1.0,-0.01,per_source
,SDE.TO,1 check(s),"uInterestCoverage: 1 of 8 available rows are not computable AND report a positive `totalDebt` on the SAME row, so the refusal cannot mean the flag is inapplicable to this company -- it is missing data. Flag was JUDGED on the 7 row(s) that compute.",1.0,-0.01,per_source
,SDG.PA,1 check(s),"uInterestCoverage: 1 of 8 available rows are not computable AND report a positive `totalDebt` on the SAME row, so the refusal cannot mean the flag is inapplicable to this company -- it is missing data. Flag was JUDGED on the 7 row(s) that compute.",1.0,-0.01,per_source
,SEER,1 check(s),"uInterestCoverage: 8 of 8 available rows are not computable AND report a positive `totalDebt` on the SAME row, so the refusal cannot mean the flag is inapplicable to this company -- it is missing data. Flag was ABSTAINED -- 0 row(s) is under the 6-row partial-window floor.",8.0,-0.08,per_source
,SFIX,1 check(s),"uInterestCoverage: 8 of 8 available rows are not computable AND report a positive `totalDebt` on the SAME row, so the refusal cannot mean the flag is inapplicable to this company -- it is missing data. Flag was ABSTAINED -- 0 row(s) is under the 6-row partial-window floor.",8.0,-0.08,per_source
,SGHT,1 check(s),"uInterestCoverage: 1 of 8 available rows are not computable AND report a positive `totalDebt` on the SAME row, so the refusal cannot mean the flag is inapplicable to this company -- it is missing data. Flag was JUDGED on the 7 row(s) that compute.",1.0,-0.01,per_source
,SHOP,1 check(s),"uInterestCoverage: 8 of 8 available rows are not computable AND report a positive `totalDebt` on the SAME row, so the refusal cannot mean the flag is inapplicable to this company -- it is missing data. Flag was ABSTAINED -- 0 row(s) is under the 6-row partial-window floor.",8.0,-0.08,per_source
,SILC,1 check(s),"uInterestCoverage: 8 of 8 available rows are not computable AND report a positive `totalDebt` on the SAME row, so the refusal cannot mean the flag is inapplicable to this company -- it is missing data. Flag was ABSTAINED -- 0 row(s) is under the 6-row partial-window floor.",8.0,-0.08,per_source
,SMMT,1 check(s),"uInterestCoverage: 6 of 8 available rows are not computable AND report a positive `totalDebt` on the SAME row, so the refusal cannot mean the flag is inapplicable to this company -- it is missing data. Flag was ABSTAINED -- 2 row(s) is under the 6-row partial-window floor.",6.0,-0.06,per_source
,SMSN.L,1 check(s),"uInterestCoverage: 1 of 8 available rows are not computable AND report a positive `totalDebt` on the SAME row, so the refusal cannot mean the flag is inapplicable to this company -- it is missing data. Flag was JUDGED on the 7 row(s) that compute.",1.0,-0.01,per_source
,SND,1 check(s),"uInterestCoverage: 1 of 8 available rows are not computable AND report a positive `totalDebt` on the SAME row, so the refusal cannot mean the flag is inapplicable to this company -- it is missing data. Flag was JUDGED on the 7 row(s) that compute.",1.0,-0.01,per_source
,SNT,1 check(s),"uInterestCoverage: 4 of 8 available rows are not computable AND report a positive `totalDebt` on the SAME row, so the refusal cannot mean the flag is inapplicable to this company -- it is missing data. Flag was ABSTAINED -- 4 row(s) is under the 6-row partial-window floor.",4.0,-0.04,per_source
,SNY,1 check(s),"uInterestCoverage: 1 of 8 available rows are not computable AND report a positive `totalDebt` on the SAME row, so the refusal cannot mean the flag is inapplicable to this company -- it is missing data. Flag was JUDGED on the 7 row(s) that compute.",1.0,-0.01,per_source
,SOC,1 check(s),"uInterestCoverage: 1 of 8 available rows are not computable AND report a positive `totalDebt` on the SAME row, so the refusal cannot mean the flag is inapplicable to this company -- it is missing data. Flag was JUDGED on the 7 row(s) that compute.",1.0,-0.01,per_source
,SPRY,1 check(s),"uInterestCoverage: 7 of 8 available rows are not computable AND report a positive `totalDebt` on the SAME row, so the refusal cannot mean the flag is inapplicable to this company -- it is missing data. Flag was ABSTAINED -- 1 row(s) is under the 6-row partial-window floor.",7.0,-0.07,per_source
,SPSC,1 check(s),"uInterestCoverage: 8 of 8 available rows are not computable AND report a positive `totalDebt` on the SAME row, so the refusal cannot mean the flag is inapplicable to this company -- it is missing data. Flag was ABSTAINED -- 0 row(s) is under the 6-row partial-window floor.",8.0,-0.08,per_source
,SRTA,1 check(s),"uInterestCoverage: 8 of 8 available rows are not computable AND report a positive `totalDebt` on the SAME row, so the refusal cannot mean the flag is inapplicable to this company -- it is missing data. Flag was ABSTAINED -- 0 row(s) is under the 6-row partial-window floor.",8.0,-0.08,per_source
,SVA.TO,1 check(s),"uInterestCoverage: 1 of 8 available rows are not computable AND report a positive `totalDebt` on the SAME row, so the refusal cannot mean the flag is inapplicable to this company -- it is missing data. Flag was JUDGED on the 7 row(s) that compute.",1.0,-0.01,per_source
,TAL.TO,1 check(s),"uInterestCoverage: 1 of 8 available rows are not computable AND report a positive `totalDebt` on the SAME row, so the refusal cannot mean the flag is inapplicable to this company -- it is missing data. Flag was JUDGED on the 7 row(s) that compute.",1.0,-0.01,per_source
,TARA,1 check(s),"uInterestCoverage: 7 of 8 available rows are not computable AND report a positive `totalDebt` on the SAME row, so the refusal cannot mean the flag is inapplicable to this company -- it is missing data. Flag was ABSTAINED -- 1 row(s) is under the 6-row partial-window floor.",7.0,-0.07,per_source
,TCX,1 check(s),"uInterestCoverage: 1 of 8 available rows are not computable AND report a positive `totalDebt` on the SAME row, so the refusal cannot mean the flag is inapplicable to this company -- it is missing data. Flag was JUDGED on the 7 row(s) that compute.",1.0,-0.01,per_source
,TE,1 check(s),"uInterestCoverage: 4 of 8 available rows are not computable AND report a positive `totalDebt` on the SAME row, so the refusal cannot mean the flag is inapplicable to this company -- it is missing data. Flag was ABSTAINED -- 4 row(s) is under the 6-row partial-window floor.",4.0,-0.04,per_source
,TE.PA,1 check(s),"uInterestCoverage: 3 of 8 available rows are not computable AND report a positive `totalDebt` on the SAME row, so the refusal cannot mean the flag is inapplicable to this company -- it is missing data. Flag was ABSTAINED -- 5 row(s) is under the 6-row partial-window floor.",3.0,-0.03,per_source
,TEL,1 check(s),"uInterestCoverage: 1 of 8 available rows are not computable AND report a positive `totalDebt` on the SAME row, so the refusal cannot mean the flag is inapplicable to this company -- it is missing data. Flag was JUDGED on the 7 row(s) that compute.",1.0,-0.01,per_source
,TFI.PA,1 check(s),"uInterestCoverage: 1 of 8 available rows are not computable AND report a positive `totalDebt` on the SAME row, so the refusal cannot mean the flag is inapplicable to this company -- it is missing data. Flag was JUDGED on the 7 row(s) that compute.",1.0,-0.01,per_source
,TFW.L,1 check(s),"uInterestCoverage: 1 of 8 available rows are not computable AND report a positive `totalDebt` on the SAME row, so the refusal cannot mean the flag is inapplicable to this company -- it is missing data. Flag was JUDGED on the 7 row(s) that compute.",1.0,-0.01,per_source
,THNC.TO,1 check(s),"uInterestCoverage: 8 of 8 available rows are not computable AND report a positive `totalDebt` on the SAME row, so the refusal cannot mean the flag is inapplicable to this company -- it is missing data. Flag was ABSTAINED -- 0 row(s) is under the 6-row partial-window floor.",8.0,-0.08,per_source
,TIG.L,1 check(s),"uInterestCoverage: 2 of 8 available rows are not computable AND report a positive `totalDebt` on the SAME row, so the refusal cannot mean the flag is inapplicable to this company -- it is missing data. Flag was JUDGED on the 6 row(s) that compute.",2.0,-0.02,per_source
,TMI.L,1 check(s),"uInterestCoverage: 1 of 8 available rows are not computable AND report a positive `totalDebt` on the SAME row, so the refusal cannot mean the flag is inapplicable to this company -- it is missing data. Flag was ABSTAINED -- 1 row(s) is under the 6-row partial-window floor.",1.0,-0.01,per_source
,TNG.PA,1 check(s),"uInterestCoverage: 3 of 8 available rows are not computable AND report a positive `totalDebt` on the SAME row, so the refusal cannot mean the flag is inapplicable to this company -- it is missing data. Flag was ABSTAINED -- 5 row(s) is under the 6-row partial-window floor.",3.0,-0.03,per_source
,TNZ.TO,1 check(s),"uInterestCoverage: 1 of 8 available rows are not computable AND report a positive `totalDebt` on the SAME row, so the refusal cannot mean the flag is inapplicable to this company -- it is missing data. Flag was JUDGED on the 7 row(s) that compute.",1.0,-0.01,per_source
,TOM2.AS,1 check(s),"uInterestCoverage: 6 of 8 available rows are not computable AND report a positive `totalDebt` on the SAME row, so the refusal cannot mean the flag is inapplicable to this company -- it is missing data. Flag was ABSTAINED -- 2 row(s) is under the 6-row partial-window floor.",6.0,-0.06,per_source
,TONX,1 check(s),"uInterestCoverage: 4 of 8 available rows are not computable AND report a positive `totalDebt` on the SAME row, so the refusal cannot mean the flag is inapplicable to this company -- it is missing data. Flag was ABSTAINED -- 3 row(s) is under the 6-row partial-window floor.",4.0,-0.04,per_source
,TOP,1 check(s),"uInterestCoverage: 8 of 8 available rows are not computable AND report a positive `totalDebt` on the SAME row, so the refusal cannot mean the flag is inapplicable to this company -- it is missing data. Flag was ABSTAINED -- 0 row(s) is under the 6-row partial-window floor.",8.0,-0.08,per_source
,TPX-B.TO,1 check(s),"uInterestCoverage: 2 of 8 available rows are not computable AND report a positive `totalDebt` on the SAME row, so the refusal cannot mean the flag is inapplicable to this company -- it is missing data. Flag was JUDGED on the 6 row(s) that compute.",2.0,-0.02,per_source
,TRGP,1 check(s),"uInterestCoverage: 1 of 8 available rows are not computable AND report a positive `totalDebt` on the SAME row, so the refusal cannot mean the flag is inapplicable to this company -- it is missing data. Flag was JUDGED on the 7 row(s) that compute.",1.0,-0.01,per_source
,TROW,1 check(s),"uInterestCoverage: 8 of 8 available rows are not computable AND report a positive `totalDebt` on the SAME row, so the refusal cannot mean the flag is inapplicable to this company -- it is missing data. Flag was ABSTAINED -- 0 row(s) is under the 6-row partial-window floor.",8.0,-0.08,per_source
,TRST.L,1 check(s),"uInterestCoverage: 4 of 8 available rows are not computable AND report a positive `totalDebt` on the SAME row, so the refusal cannot mean the flag is inapplicable to this company -- it is missing data. Flag was ABSTAINED -- 4 row(s) is under the 6-row partial-window floor.",4.0,-0.04,per_source
,TSEM,1 check(s),"uInterestCoverage: 8 of 8 available rows are not computable AND report a positive `totalDebt` on the SAME row, so the refusal cannot mean the flag is inapplicable to this company -- it is missing data. Flag was ABSTAINED -- 0 row(s) is under the 6-row partial-window floor.",8.0,-0.08,per_source
,TSM,1 check(s),"uInterestCoverage: 2 of 8 available rows are not computable AND report a positive `totalDebt` on the SAME row, so the refusal cannot mean the flag is inapplicable to this company -- it is missing data. Flag was JUDGED on the 6 row(s) that compute.",2.0,-0.02,per_source
,TVRB.PA,1 check(s),"uInterestCoverage: 5 of 8 available rows are not computable AND report a positive `totalDebt` on the SAME row, so the refusal cannot mean the flag is inapplicable to this company -- it is missing data. Flag was ABSTAINED -- 3 row(s) is under the 6-row partial-window floor.",5.0,-0.05,per_source
,TWC.TO,1 check(s),"uInterestCoverage: 1 of 8 available rows are not computable AND report a positive `totalDebt` on the SAME row, so the refusal cannot mean the flag is inapplicable to this company -- it is missing data. Flag was JUDGED on the 7 row(s) that compute.",1.0,-0.01,per_source
,UBI.PA,1 check(s),"uInterestCoverage: 2 of 8 available rows are not computable AND report a positive `totalDebt` on the SAME row, so the refusal cannot mean the flag is inapplicable to this company -- it is missing data. Flag was JUDGED on the 6 row(s) that compute.",2.0,-0.02,per_source
,UEIC,1 check(s),"uInterestCoverage: 3 of 8 available rows are not computable AND report a positive `totalDebt` on the SAME row, so the refusal cannot mean the flag is inapplicable to this company -- it is missing data. Flag was ABSTAINED -- 5 row(s) is under the 6-row partial-window floor.",3.0,-0.03,per_source
,UGI,1 check(s),"uInterestCoverage: 1 of 8 available rows are not computable AND report a positive `totalDebt` on the SAME row, so the refusal cannot mean the flag is inapplicable to this company -- it is missing data. Flag was JUDGED on the 7 row(s) that compute.",1.0,-0.01,per_source
,UL,1 check(s),"uInterestCoverage: 3 of 8 available rows are not computable AND report a positive `totalDebt` on the SAME row, so the refusal cannot mean the flag is inapplicable to this company -- it is missing data. Flag was ABSTAINED -- 5 row(s) is under the 6-row partial-window floor.",3.0,-0.03,per_source
,URE.TO,1 check(s),"uInterestCoverage: 2 of 8 available rows are not computable AND report a positive `totalDebt` on the SAME row, so the refusal cannot mean the flag is inapplicable to this company -- it is missing data. Flag was JUDGED on the 6 row(s) that compute.",2.0,-0.02,per_source
,VBIO,1 check(s),"uInterestCoverage: 5 of 8 available rows are not computable AND report a positive `totalDebt` on the SAME row, so the refusal cannot mean the flag is inapplicable to this company -- it is missing data. Flag was ABSTAINED -- 0 row(s) is under the 6-row partial-window floor.",5.0,-0.05,per_source
,VCTR,1 check(s),"uInterestCoverage: 1 of 8 available rows are not computable AND report a positive `totalDebt` on the SAME row, so the refusal cannot mean the flag is inapplicable to this company -- it is missing data. Flag was JUDGED on the 7 row(s) that compute.",1.0,-0.01,per_source
,VERU,1 check(s),"uInterestCoverage: 7 of 8 available rows are not computable AND report a positive `totalDebt` on the SAME row, so the refusal cannot mean the flag is inapplicable to this company -- it is missing data. Flag was ABSTAINED -- 1 row(s) is under the 6-row partial-window floor.",7.0,-0.07,per_source
,VIL.PA,1 check(s),"uInterestCoverage: 1 of 8 available rows are not computable AND report a positive `totalDebt` on the SAME row, so the refusal cannot mean the flag is inapplicable to this company -- it is missing data. Flag was JUDGED on the 7 row(s) that compute.",1.0,-0.01,per_source
,VLN.TO,1 check(s),"uInterestCoverage: 1 of 8 available rows are not computable AND report a positive `totalDebt` on the SAME row, so the refusal cannot mean the flag is inapplicable to this company -- it is missing data. Flag was JUDGED on the 7 row(s) that compute.",1.0,-0.01,per_source
,VSEC,1 check(s),"uInterestCoverage: 1 of 8 available rows are not computable AND report a positive `totalDebt` on the SAME row, so the refusal cannot mean the flag is inapplicable to this company -- it is missing data. Flag was JUDGED on the 7 row(s) that compute.",1.0,-0.01,per_source
,VTEX,1 check(s),"uInterestCoverage: 6 of 8 available rows are not computable AND report a positive `totalDebt` on the SAME row, so the refusal cannot mean the flag is inapplicable to this company -- it is missing data. Flag was ABSTAINED -- 2 row(s) is under the 6-row partial-window floor.",6.0,-0.06,per_source
,VTR.PA,1 check(s),"reitEbitdaInterestCoverage: 3 of 8 available rows are not computable AND report a positive `totalDebt` on the SAME row, so the refusal cannot mean the flag is inapplicable to this company -- it is missing data. Flag was ABSTAINED -- 5 row(s) is under the 6-row partial-window floor.",3.0,-0.03,per_source
,VTVT,1 check(s),"uInterestCoverage: 4 of 8 available rows are not computable AND report a positive `totalDebt` on the SAME row, so the refusal cannot mean the flag is inapplicable to this company -- it is missing data. Flag was ABSTAINED -- 2 row(s) is under the 6-row partial-window floor.",4.0,-0.04,per_source
,VU.PA,1 check(s),"uInterestCoverage: 1 of 8 available rows are not computable AND report a positive `totalDebt` on the SAME row, so the refusal cannot mean the flag is inapplicable to this company -- it is missing data. Flag was JUDGED on the 7 row(s) that compute.",1.0,-0.01,per_source
,WAVE.PA,1 check(s),"uInterestCoverage: 1 of 8 available rows are not computable AND report a positive `totalDebt` on the SAME row, so the refusal cannot mean the flag is inapplicable to this company -- it is missing data. Flag was JUDGED on the 7 row(s) that compute.",1.0,-0.01,per_source
,WHA.AS,1 check(s),"reitEbitdaInterestCoverage: 4 of 8 available rows are not computable AND report a positive `totalDebt` on the SAME row, so the refusal cannot mean the flag is inapplicable to this company -- it is missing data. Flag was ABSTAINED -- 4 row(s) is under the 6-row partial-window floor.",4.0,-0.04,per_source
,WHWK,1 check(s),"uInterestCoverage: 1 of 8 available rows are not computable AND report a positive `totalDebt` on the SAME row, so the refusal cannot mean the flag is inapplicable to this company -- it is missing data. Flag was ABSTAINED -- 1 row(s) is under the 6-row partial-window floor.",1.0,-0.01,per_source
,WIT,1 check(s),"uInterestCoverage: 1 of 8 available rows are not computable AND report a positive `totalDebt` on the SAME row, so the refusal cannot mean the flag is inapplicable to this company -- it is missing data. Flag was JUDGED on the 7 row(s) that compute.",1.0,-0.01,per_source
,WPRT,1 check(s),"uInterestCoverage: 1 of 8 available rows are not computable AND report a positive `totalDebt` on the SAME row, so the refusal cannot mean the flag is inapplicable to this company -- it is missing data. Flag was JUDGED on the 7 row(s) that compute.",1.0,-0.01,per_source
,WRBY,1 check(s),"uInterestCoverage: 8 of 8 available rows are not computable AND report a positive `totalDebt` on the SAME row, so the refusal cannot mean the flag is inapplicable to this company -- it is missing data. Flag was ABSTAINED -- 0 row(s) is under the 6-row partial-window floor.",8.0,-0.08,per_source
,WSE,1 check(s),"uInterestCoverage: 7 of 8 available rows are not computable AND report a positive `totalDebt` on the SAME row, so the refusal cannot mean the flag is inapplicable to this company -- it is missing data. Flag was ABSTAINED -- 1 row(s) is under the 6-row partial-window floor.",7.0,-0.07,per_source
,XTRA.TO,1 check(s),"uInterestCoverage: 8 of 8 available rows are not computable AND report a positive `totalDebt` on the SAME row, so the refusal cannot mean the flag is inapplicable to this company -- it is missing data. Flag was ABSTAINED -- 0 row(s) is under the 6-row partial-window floor.",8.0,-0.08,per_source
,YORW,1 check(s),"uInterestCoverage: 1 of 8 available rows are not computable AND report a positive `totalDebt` on the SAME row, so the refusal cannot mean the flag is inapplicable to this company -- it is missing data. Flag was JUDGED on the 7 row(s) that compute.",1.0,-0.01,per_source
,ZETA,1 check(s),"uInterestCoverage: 1 of 8 available rows are not computable AND report a positive `totalDebt` on the SAME row, so the refusal cannot mean the flag is inapplicable to this company -- it is missing data. Flag was JUDGED on the 7 row(s) that compute.",1.0,-0.01,per_source
,ZOOZ,1 check(s),"uInterestCoverage: 1 of 8 available rows are not computable AND report a positive `totalDebt` on the SAME row, so the refusal cannot mean the flag is inapplicable to this company -- it is missing data. Flag was JUDGED on the 7 row(s) that compute.",1.0,-0.01,per_source
,ZPHR.L,1 check(s),"uInterestCoverage: 6 of 8 available rows are not computable AND report a positive `totalDebt` on the SAME row, so the refusal cannot mean the flag is inapplicable to this company -- it is missing data. Flag was ABSTAINED -- 2 row(s) is under the 6-row partial-window floor.",6.0,-0.06,per_source
FinManager,0QLD.L,stage1_veto:refused_rows,"uInterestCoverage: 8 of 8 available rows are not computable AND report a positive `totalDebt` on the SAME row, so the refusal cannot mean the flag is inapplicable to this company -- it is missing data. Flag was ABSTAINED -- 0 row(s) is under the 6-row partial-window floor.",8.0,-0.08,per_item
general,AAPL,stage1_veto:refused_rows,"uInterestCoverage: 8 of 8 available rows are not computable AND report a positive `totalDebt` on the SAME row, so the refusal cannot mean the flag is inapplicable to this company -- it is missing data. Flag was ABSTAINED -- 0 row(s) is under the 6-row partial-window floor.",8.0,-0.08,per_item
REIT,ACAN.PA,stage1_veto:refused_rows,"reitEbitdaInterestCoverage: 8 of 8 available rows are not computable AND report a positive `totalDebt` on the SAME row, so the refusal cannot mean the flag is inapplicable to this company -- it is missing data. Flag was ABSTAINED -- 0 row(s) is under the 6-row partial-window floor.",8.0,-0.08,per_item
general,ACHR-WT,stage1_veto:refused_rows,"uInterestCoverage: 8 of 8 available rows are not computable AND report a positive `totalDebt` on the SAME row, so the refusal cannot mean the flag is inapplicable to this company -- it is missing data. Flag was ABSTAINED -- 0 row(s) is under the 6-row partial-window floor.",8.0,-0.08,per_item
general,AIRG,stage1_veto:refused_rows,"uInterestCoverage: 8 of 8 available rows are not computable AND report a positive `totalDebt` on the SAME row, so the refusal cannot mean the flag is inapplicable to this company -- it is missing data. Flag was ABSTAINED -- 0 row(s) is under the 6-row partial-window floor.",8.0,-0.08,per_item
general,ALLT,stage1_veto:refused_rows,"uInterestCoverage: 8 of 8 available rows are not computable AND report a positive `totalDebt` on the SAME row, so the refusal cannot mean the flag is inapplicable to this company -- it is missing data. Flag was ABSTAINED -- 0 row(s) is under the 6-row partial-window floor.",8.0,-0.08,per_item
general,AMLX,stage1_veto:refused_rows,"uInterestCoverage: 8 of 8 available rows are not computable AND report a positive `totalDebt` on the SAME row, so the refusal cannot mean the flag is inapplicable to this company -- it is missing data. Flag was ABSTAINED -- 0 row(s) is under the 6-row partial-window floor.",8.0,-0.08,per_item
general,ANIK,stage1_veto:refused_rows,"uInterestCoverage: 8 of 8 available rows are not computable AND report a positive `totalDebt` on the SAME row, so the refusal cannot mean the flag is inapplicable to this company -- it is missing data. Flag was ABSTAINED -- 0 row(s) is under the 6-row partial-window floor.",8.0,-0.08,per_item
general,ASM.AS,stage1_veto:refused_rows,"uInterestCoverage: 8 of 8 available rows are not computable AND report a positive `totalDebt` on the SAME row, so the refusal cannot mean the flag is inapplicable to this company -- it is missing data. Flag was ABSTAINED -- 0 row(s) is under the 6-row partial-window floor.",8.0,-0.08,per_item
general,ATEX,stage1_veto:refused_rows,"uInterestCoverage: 8 of 8 available rows are not computable AND report a positive `totalDebt` on the SAME row, so the refusal cannot mean the flag is inapplicable to this company -- it is missing data. Flag was ABSTAINED -- 0 row(s) is under the 6-row partial-window floor.",8.0,-0.08,per_item
general,AZTA,stage1_veto:refused_rows,"uInterestCoverage: 8 of 8 available rows are not computable AND report a positive `totalDebt` on the SAME row, so the refusal cannot mean the flag is inapplicable to this company -- it is missing data. Flag was ABSTAINED -- 0 row(s) is under the 6-row partial-window floor.",8.0,-0.08,per_item
general,BKE,stage1_veto:refused_rows,"uInterestCoverage: 8 of 8 available rows are not computable AND report a positive `totalDebt` on the SAME row, so the refusal cannot mean the flag is inapplicable to this company -- it is missing data. Flag was ABSTAINED -- 0 row(s) is under the 6-row partial-window floor.",8.0,-0.08,per_item
FinManager,BTBT,stage1_veto:refused_rows,"uInterestCoverage: 8 of 8 available rows are not computable AND report a positive `totalDebt` on the SAME row, so the refusal cannot mean the flag is inapplicable to this company -- it is missing data. Flag was ABSTAINED -- 0 row(s) is under the 6-row partial-window floor.",8.0,-0.08,per_item
general,BULL,stage1_veto:refused_rows,"uInterestCoverage: 8 of 8 available rows are not computable AND report a positive `totalDebt` on the SAME row, so the refusal cannot mean the flag is inapplicable to this company -- it is missing data. Flag was ABSTAINED -- 0 row(s) is under the 6-row partial-window floor.",8.0,-0.08,per_item
general,BZ,stage1_veto:refused_rows,"uInterestCoverage: 8 of 8 available rows are not computable AND report a positive `totalDebt` on the SAME row, so the refusal cannot mean the flag is inapplicable to this company -- it is missing data. Flag was ABSTAINED -- 0 row(s) is under the 6-row partial-window floor.",8.0,-0.08,per_item
general,CDNA,stage1_veto:refused_rows,"uInterestCoverage: 8 of 8 available rows are not computable AND report a positive `totalDebt` on the SAME row, so the refusal cannot mean the flag is inapplicable to this company -- it is missing data. Flag was ABSTAINED -- 0 row(s) is under the 6-row partial-window floor.",8.0,-0.08,per_item
general,CMG,stage1_veto:refused_rows,"uInterestCoverage: 8 of 8 available rows are not computable AND report a positive `totalDebt` on the SAME row, so the refusal cannot mean the flag is inapplicable to this company -- it is missing data. Flag was ABSTAINED -- 0 row(s) is under the 6-row partial-window floor.",8.0,-0.08,per_item
FinManager,CNS,stage1_veto:refused_rows,"uInterestCoverage: 8 of 8 available rows are not computable AND report a positive `totalDebt` on the SAME row, so the refusal cannot mean the flag is inapplicable to this company -- it is missing data. Flag was ABSTAINED -- 0 row(s) is under the 6-row partial-window floor.",8.0,-0.08,per_item
general,COH.PA,stage1_veto:refused_rows,"uInterestCoverage: 8 of 8 available rows are not computable AND report a positive `totalDebt` on the SAME row, so the refusal cannot mean the flag is inapplicable to this company -- it is missing data. Flag was ABSTAINED -- 0 row(s) is under the 6-row partial-window floor.",8.0,-0.08,per_item
general,CRDL,stage1_veto:refused_rows,"uInterestCoverage: 8 of 8 available rows are not computable AND report a positive `totalDebt` on the SAME row, so the refusal cannot mean the flag is inapplicable to this company -- it is missing data. Flag was ABSTAINED -- 0 row(s) is under the 6-row partial-window floor.",8.0,-0.08,per_item
general,CRON,stage1_veto:refused_rows,"uInterestCoverage: 8 of 8 available rows are not computable AND report a positive `totalDebt` on the SAME row, so the refusal cannot mean the flag is inapplicable to this company -- it is missing data. Flag was ABSTAINED -- 0 row(s) is under the 6-row partial-window floor.",8.0,-0.08,per_item
general,CSBR,stage1_veto:refused_rows,"uInterestCoverage: 8 of 8 available rows are not computable AND report a positive `totalDebt` on the SAME row, so the refusal cannot mean the flag is inapplicable to this company -- it is missing data. Flag was ABSTAINED -- 0 row(s) is under the 6-row partial-window floor.",8.0,-0.08,per_item
general,CVO.TO,stage1_veto:refused_rows,"uInterestCoverage: 8 of 8 available rows are not computable AND report a positive `totalDebt` on the SAME row, so the refusal cannot mean the flag is inapplicable to this company -- it is missing data. Flag was ABSTAINED -- 0 row(s) is under the 6-row partial-window floor.",8.0,-0.08,per_item
general,CWEB.TO,stage1_veto:refused_rows,"uInterestCoverage: 8 of 8 available rows are not computable AND report a positive `totalDebt` on the SAME row, so the refusal cannot mean the flag is inapplicable to this company -- it is missing data. Flag was ABSTAINED -- 0 row(s) is under the 6-row partial-window floor.",8.0,-0.08,per_item
general,DASH,stage1_veto:refused_rows,"uInterestCoverage: 8 of 8 available rows are not computable AND report a positive `totalDebt` on the SAME row, so the refusal cannot mean the flag is inapplicable to this company -- it is missing data. Flag was ABSTAINED -- 0 row(s) is under the 6-row partial-window floor.",8.0,-0.08,per_item
general,DSY.PA,stage1_veto:refused_rows,"uInterestCoverage: 8 of 8 available rows are not computable AND report a positive `totalDebt` on the SAME row, so the refusal cannot mean the flag is inapplicable to this company -- it is missing data. Flag was ABSTAINED -- 0 row(s) is under the 6-row partial-window floor.",8.0,-0.08,per_item
general,EC.PA,stage1_veto:refused_rows,"uInterestCoverage: 8 of 8 available rows are not computable AND report a positive `totalDebt` on the SAME row, so the refusal cannot mean the flag is inapplicable to this company -- it is missing data. Flag was ABSTAINED -- 0 row(s) is under the 6-row partial-window floor.",8.0,-0.08,per_item
general,EDU,stage1_veto:refused_rows,"uInterestCoverage: 8 of 8 available rows are not computable AND report a positive `totalDebt` on the SAME row, so the refusal cannot mean the flag is inapplicable to this company -- it is missing data. Flag was ABSTAINED -- 0 row(s) is under the 6-row partial-window floor.",8.0,-0.08,per_item
general,GBT.TO,stage1_veto:refused_rows,"uInterestCoverage: 8 of 8 available rows are not computable AND report a positive `totalDebt` on the SAME row, so the refusal cannot mean the flag is inapplicable to this company -- it is missing data. Flag was ABSTAINED -- 0 row(s) is under the 6-row partial-window floor.",8.0,-0.08,per_item
general,GDC,stage1_veto:refused_rows,"uInterestCoverage: 8 of 8 available rows are not computable AND report a positive `totalDebt` on the SAME row, so the refusal cannot mean the flag is inapplicable to this company -- it is missing data. Flag was ABSTAINED -- 0 row(s) is under the 6-row partial-window floor.",8.0,-0.08,per_item
general,GNLX,stage1_veto:refused_rows,"uInterestCoverage: 8 of 8 available rows are not computable AND report a positive `totalDebt` on the SAME row, so the refusal cannot mean the flag is inapplicable to this company -- it is missing data. Flag was ABSTAINED -- 0 row(s) is under the 6-row partial-window floor.",8.0,-0.08,per_item
general,GSIT,stage1_veto:refused_rows,"uInterestCoverage: 8 of 8 available rows are not computable AND report a positive `totalDebt` on the SAME row, so the refusal cannot mean the flag is inapplicable to this company -- it is missing data. Flag was ABSTAINED -- 0 row(s) is under the 6-row partial-window floor.",8.0,-0.08,per_item
general,IMRX,stage1_veto:refused_rows,"uInterestCoverage: 8 of 8 available rows are not computable AND report a positive `totalDebt` on the SAME row, so the refusal cannot mean the flag is inapplicable to this company -- it is missing data. Flag was ABSTAINED -- 0 row(s) is under the 6-row partial-window floor.",8.0,-0.08,per_item
general,JFU,stage1_veto:refused_rows,"uInterestCoverage: 8 of 8 available rows are not computable AND report a positive `totalDebt` on the SAME row, so the refusal cannot mean the flag is inapplicable to this company -- it is missing data. Flag was ABSTAINED -- 0 row(s) is under the 6-row partial-window floor.",8.0,-0.08,per_item
general,KOD,stage1_veto:refused_rows,"uInterestCoverage: 8 of 8 available rows are not computable AND report a positive `totalDebt` on the SAME row, so the refusal cannot mean the flag is inapplicable to this company -- it is missing data. Flag was ABSTAINED -- 0 row(s) is under the 6-row partial-window floor.",8.0,-0.08,per_item
general,KXS.TO,stage1_veto:refused_rows,"uInterestCoverage: 8 of 8 available rows are not computable AND report a positive `totalDebt` on the SAME row, so the refusal cannot mean the flag is inapplicable to this company -- it is missing data. Flag was ABSTAINED -- 0 row(s) is under the 6-row partial-window floor.",8.0,-0.08,per_item
general,LENZ,stage1_veto:refused_rows,"uInterestCoverage: 8 of 8 available rows are not computable AND report a positive `totalDebt` on the SAME row, so the refusal cannot mean the flag is inapplicable to this company -- it is missing data. Flag was ABSTAINED -- 0 row(s) is under the 6-row partial-window floor.",8.0,-0.08,per_item
general,LFVN,stage1_veto:refused_rows,"uInterestCoverage: 8 of 8 available rows are not computable AND report a positive `totalDebt` on the SAME row, so the refusal cannot mean the flag is inapplicable to this company -- it is missing data. Flag was ABSTAINED -- 0 row(s) is under the 6-row partial-window floor.",8.0,-0.08,per_item
general,MED,stage1_veto:refused_rows,"uInterestCoverage: 8 of 8 available rows are not computable AND report a positive `totalDebt` on the SAME row, so the refusal cannot mean the flag is inapplicable to this company -- it is missing data. Flag was ABSTAINED -- 0 row(s) is under the 6-row partial-window floor.",8.0,-0.08,per_item
FinManager,MKTW,stage1_veto:refused_rows,"uInterestCoverage: 8 of 8 available rows are not computable AND report a positive `totalDebt` on the SAME row, so the refusal cannot mean the flag is inapplicable to this company -- it is missing data. Flag was ABSTAINED -- 0 row(s) is under the 6-row partial-window floor.",8.0,-0.08,per_item
general,MRTN,stage1_veto:refused_rows,"uInterestCoverage: 8 of 8 available rows are not computable AND report a positive `totalDebt` on the SAME row, so the refusal cannot mean the flag is inapplicable to this company -- it is missing data. Flag was ABSTAINED -- 0 row(s) is under the 6-row partial-window floor.",8.0,-0.08,per_item
general,MXCT,stage1_veto:refused_rows,"uInterestCoverage: 8 of 8 available rows are not computable AND report a positive `totalDebt` on the SAME row, so the refusal cannot mean the flag is inapplicable to this company -- it is missing data. Flag was ABSTAINED -- 0 row(s) is under the 6-row partial-window floor.",8.0,-0.08,per_item
general,MYPS,stage1_veto:refused_rows,"uInterestCoverage: 8 of 8 available rows are not computable AND report a positive `totalDebt` on the SAME row, so the refusal cannot mean the flag is inapplicable to this company -- it is missing data. Flag was ABSTAINED -- 0 row(s) is under the 6-row partial-window floor.",8.0,-0.08,per_item
general,MZTI,stage1_veto:refused_rows,"uInterestCoverage: 8 of 8 available rows are not computable AND report a positive `totalDebt` on the SAME row, so the refusal cannot mean the flag is inapplicable to this company -- it is missing data. Flag was ABSTAINED -- 0 row(s) is under the 6-row partial-window floor.",8.0,-0.08,per_item
general,NRIX,stage1_veto:refused_rows,"uInterestCoverage: 8 of 8 available rows are not computable AND report a positive `totalDebt` on the SAME row, so the refusal cannot mean the flag is inapplicable to this company -- it is missing data. Flag was ABSTAINED -- 0 row(s) is under the 6-row partial-window floor.",8.0,-0.08,per_item
general,OFLX,stage1_veto:refused_rows,"uInterestCoverage: 8 of 8 available rows are not computable AND report a positive `totalDebt` on the SAME row, so the refusal cannot mean the flag is inapplicable to this company -- it is missing data. Flag was ABSTAINED -- 0 row(s) is under the 6-row partial-window floor.",8.0,-0.08,per_item
general,PCVX,stage1_veto:refused_rows,"uInterestCoverage: 8 of 8 available rows are not computable AND report a positive `totalDebt` on the SAME row, so the refusal cannot mean the flag is inapplicable to this company -- it is missing data. Flag was ABSTAINED -- 0 row(s) is under the 6-row partial-window floor.",8.0,-0.08,per_item
general,PINS,stage1_veto:refused_rows,"uInterestCoverage: 8 of 8 available rows are not computable AND report a positive `totalDebt` on the SAME row, so the refusal cannot mean the flag is inapplicable to this company -- it is missing data. Flag was ABSTAINED -- 0 row(s) is under the 6-row partial-window floor.",8.0,-0.08,per_item
general,PRTA,stage1_veto:refused_rows,"uInterestCoverage: 8 of 8 available rows are not computable AND report a positive `totalDebt` on the SAME row, so the refusal cannot mean the flag is inapplicable to this company -- it is missing data. Flag was ABSTAINED -- 0 row(s) is under the 6-row partial-window floor.",8.0,-0.08,per_item
general,QLYS,stage1_veto:refused_rows,"uInterestCoverage: 8 of 8 available rows are not computable AND report a positive `totalDebt` on the SAME row, so the refusal cannot mean the flag is inapplicable to this company -- it is missing data. Flag was ABSTAINED -- 0 row(s) is under the 6-row partial-window floor.",8.0,-0.08,per_item
general,QSI,stage1_veto:refused_rows,"uInterestCoverage: 8 of 8 available rows are not computable AND report a positive `totalDebt` on the SAME row, so the refusal cannot mean the flag is inapplicable to this company -- it is missing data. Flag was ABSTAINED -- 0 row(s) is under the 6-row partial-window floor.",8.0,-0.08,per_item
general,RCAT,stage1_veto:refused_rows,"uInterestCoverage: 8 of 8 available rows are not computable AND report a positive `totalDebt` on the SAME row, so the refusal cannot mean the flag is inapplicable to this company -- it is missing data. Flag was ABSTAINED -- 0 row(s) is under the 6-row partial-window floor.",8.0,-0.08,per_item
general,RDVT,stage1_veto:refused_rows,"uInterestCoverage: 8 of 8 available rows are not computable AND report a positive `totalDebt` on the SAME row, so the refusal cannot mean the flag is inapplicable to this company -- it is missing data. Flag was ABSTAINED -- 0 row(s) is under the 6-row partial-window floor.",8.0,-0.08,per_item
general,RDWR,stage1_veto:refused_rows,"uInterestCoverage: 8 of 8 available rows are not computable AND report a positive `totalDebt` on the SAME row, so the refusal cannot mean the flag is inapplicable to this company -- it is missing data. Flag was ABSTAINED -- 0 row(s) is under the 6-row partial-window floor.",8.0,-0.08,per_item
general,SEER,stage1_veto:refused_rows,"uInterestCoverage: 8 of 8 available rows are not computable AND report a positive `totalDebt` on the SAME row, so the refusal cannot mean the flag is inapplicable to this company -- it is missing data. Flag was ABSTAINED -- 0 row(s) is under the 6-row partial-window floor.",8.0,-0.08,per_item
general,SFIX,stage1_veto:refused_rows,"uInterestCoverage: 8 of 8 available rows are not computable AND report a positive `totalDebt` on the SAME row, so the refusal cannot mean the flag is inapplicable to this company -- it is missing data. Flag was ABSTAINED -- 0 row(s) is under the 6-row partial-window floor.",8.0,-0.08,per_item
general,SHOP,stage1_veto:refused_rows,"uInterestCoverage: 8 of 8 available rows are not computable AND report a positive `totalDebt` on the SAME row, so the refusal cannot mean the flag is inapplicable to this company -- it is missing data. Flag was ABSTAINED -- 0 row(s) is under the 6-row partial-window floor.",8.0,-0.08,per_item
general,SILC,stage1_veto:refused_rows,"uInterestCoverage: 8 of 8 available rows are not computable AND report a positive `totalDebt` on the SAME row, so the refusal cannot mean the flag is inapplicable to this company -- it is missing data. Flag was ABSTAINED -- 0 row(s) is under the 6-row partial-window floor.",8.0,-0.08,per_item
general,SPSC,stage1_veto:refused_rows,"uInterestCoverage: 8 of 8 available rows are not computable AND report a positive `totalDebt` on the SAME row, so the refusal cannot mean the flag is inapplicable to this company -- it is missing data. Flag was ABSTAINED -- 0 row(s) is under the 6-row partial-window floor.",8.0,-0.08,per_item
general,SRTA,stage1_veto:refused_rows,"uInterestCoverage: 8 of 8 available rows are not computable AND report a positive `totalDebt` on the SAME row, so the refusal cannot mean the flag is inapplicable to this company -- it is missing data. Flag was ABSTAINED -- 0 row(s) is under the 6-row partial-window floor.",8.0,-0.08,per_item
general,THNC.TO,stage1_veto:refused_rows,"uInterestCoverage: 8 of 8 available rows are not computable AND report a positive `totalDebt` on the SAME row, so the refusal cannot mean the flag is inapplicable to this company -- it is missing data. Flag was ABSTAINED -- 0 row(s) is under the 6-row partial-window floor.",8.0,-0.08,per_item
FinManager,TOP,stage1_veto:refused_rows,"uInterestCoverage: 8 of 8 available rows are not computable AND report a positive `totalDebt` on the SAME row, so the refusal cannot mean the flag is inapplicable to this company -- it is missing data. Flag was ABSTAINED -- 0 row(s) is under the 6-row partial-window floor.",8.0,-0.08,per_item
FinManager,TROW,stage1_veto:refused_rows,"uInterestCoverage: 8 of 8 available rows are not computable AND report a positive `totalDebt` on the SAME row, so the refusal cannot mean the flag is inapplicable to this company -- it is missing data. Flag was ABSTAINED -- 0 row(s) is under the 6-row partial-window floor.",8.0,-0.08,per_item
general,TSEM,stage1_veto:refused_rows,"uInterestCoverage: 8 of 8 available rows are not computable AND report a positive `totalDebt` on the SAME row, so the refusal cannot mean the flag is inapplicable to this company -- it is missing data. Flag was ABSTAINED -- 0 row(s) is under the 6-row partial-window floor.",8.0,-0.08,per_item
general,WRBY,stage1_veto:refused_rows,"uInterestCoverage: 8 of 8 available rows are not computable AND report a positive `totalDebt` on the SAME row, so the refusal cannot mean the flag is inapplicable to this company -- it is missing data. Flag was ABSTAINED -- 0 row(s) is under the 6-row partial-window floor.",8.0,-0.08,per_item
general,XTRA.TO,stage1_veto:refused_rows,"uInterestCoverage: 8 of 8 available rows are not computable AND report a positive `totalDebt` on the SAME row, so the refusal cannot mean the flag is inapplicable to this company -- it is missing data. Flag was ABSTAINED -- 0 row(s) is under the 6-row partial-window floor.",8.0,-0.08,per_item
general,0QQM.L,stage1_veto:refused_rows,"uInterestCoverage: 7 of 8 available rows are not computable AND report a positive `totalDebt` on the SAME row, so the refusal cannot mean the flag is inapplicable to this company -- it is missing data. Flag was ABSTAINED -- 1 row(s) is under the 6-row partial-window floor.",7.0,-0.07,per_item
general,AHG,stage1_veto:refused_rows,"uInterestCoverage: 7 of 8 available rows are not computable AND report a positive `totalDebt` on the SAME row, so the refusal cannot mean the flag is inapplicable to this company -- it is missing data. Flag was ABSTAINED -- 0 row(s) is under the 6-row partial-window floor.",7.0,-0.07,per_item
general,ALAR,stage1_veto:refused_rows,"uInterestCoverage: 7 of 8 available rows are not computable AND report a positive `totalDebt` on the SAME row, so the refusal cannot mean the flag is inapplicable to this company -- it is missing data. Flag was ABSTAINED -- 1 row(s) is under the 6-row partial-window floor.",7.0,-0.07,per_item
general,ALMDG.PA,stage1_veto:refused_rows,"uInterestCoverage: 7 of 8 available rows are not computable AND report a positive `totalDebt` on the SAME row, so the refusal cannot mean the flag is inapplicable to this company -- it is missing data. Flag was ABSTAINED -- 1 row(s) is under the 6-row partial-window floor.",7.0,-0.07,per_item
general,ASML.AS,stage1_veto:refused_rows,"uInterestCoverage: 7 of 8 available rows are not computable AND report a positive `totalDebt` on the SAME row, so the refusal cannot mean the flag is inapplicable to this company -- it is missing data. Flag was ABSTAINED -- 1 row(s) is under the 6-row partial-window floor.",7.0,-0.07,per_item
FinManager,AXG,stage1_veto:refused_rows,"uInterestCoverage: 7 of 8 available rows are not computable AND report a positive `totalDebt` on the SAME row, so the refusal cannot mean the flag is inapplicable to this company -- it is missing data. Flag was ABSTAINED -- 1 row(s) is under the 6-row partial-window floor.",7.0,-0.07,per_item
general,BEAM,stage1_veto:refused_rows,"uInterestCoverage: 7 of 8 available rows are not computable AND report a positive `totalDebt` on the SAME row, so the refusal cannot mean the flag is inapplicable to this company -- it is missing data. Flag was ABSTAINED -- 1 row(s) is under the 6-row partial-window floor.",7.0,-0.07,per_item
general,CAMT,stage1_veto:refused_rows,"uInterestCoverage: 7 of 8 available rows are not computable AND report a positive `totalDebt` on the SAME row, so the refusal cannot mean the flag is inapplicable to this company -- it is missing data. Flag was ABSTAINED -- 1 row(s) is under the 6-row partial-window floor.",7.0,-0.07,per_item
FinManager,CAV.L,stage1_veto:refused_rows,"uInterestCoverage: 7 of 8 available rows are not computable AND report a positive `totalDebt` on the SAME row, so the refusal cannot mean the flag is inapplicable to this company -- it is missing data. Flag was ABSTAINED -- 1 row(s) is under the 6-row partial-window floor.",7.0,-0.07,per_item
general,CLAR,stage1_veto:refused_rows,"uInterestCoverage: 7 of 8 available rows are not computable AND report a positive `totalDebt` on the SAME row, so the refusal cannot mean the flag is inapplicable to this company -- it is missing data. Flag was ABSTAINED -- 0 row(s) is under the 6-row partial-window floor.",7.0,-0.07,per_item
general,CODA,stage1_veto:refused_rows,"uInterestCoverage: 7 of 8 available rows are not computable AND report a positive `totalDebt` on the SAME row, so the refusal cannot mean the flag is inapplicable to this company -- it is missing data. Flag was ABSTAINED -- 0 row(s) is under the 6-row partial-window floor.",7.0,-0.07,per_item
general,DLB,stage1_veto:refused_rows,"uInterestCoverage: 7 of 8 available rows are not computable AND report a positive `totalDebt` on the SAME row, so the refusal cannot mean the flag is inapplicable to this company -- it is missing data. Flag was ABSTAINED -- 1 row(s) is under the 6-row partial-window floor.",7.0,-0.07,per_item
FinManager,DOMH,stage1_veto:refused_rows,"uInterestCoverage: 7 of 8 available rows are not computable AND report a positive `totalDebt` on the SAME row, so the refusal cannot mean the flag is inapplicable to this company -- it is missing data. Flag was ABSTAINED -- 0 row(s) is under the 6-row partial-window floor.",7.0,-0.07,per_item
general,GKP.L,stage1_veto:refused_rows,"uInterestCoverage: 7 of 8 available rows are not computable AND report a positive `totalDebt` on the SAME row, so the refusal cannot mean the flag is inapplicable to this company -- it is missing data. Flag was ABSTAINED -- 1 row(s) is under the 6-row partial-window floor.",7.0,-0.07,per_item
general,HVT,stage1_veto:refused_rows,"uInterestCoverage: 7 of 8 available rows are not computable AND report a positive `totalDebt` on the SAME row, so the refusal cannot mean the flag is inapplicable to this company -- it is missing data. Flag was ABSTAINED -- 1 row(s) is under the 6-row partial-window floor.",7.0,-0.07,per_item
general,MDNA.TO,stage1_veto:refused_rows,"uInterestCoverage: 7 of 8 available rows are not computable AND report a positive `totalDebt` on the SAME row, so the refusal cannot mean the flag is inapplicable to this company -- it is missing data. Flag was ABSTAINED -- 0 row(s) is under the 6-row partial-window floor.",7.0,-0.07,per_item
general,OGI,stage1_veto:refused_rows,"uInterestCoverage: 7 of 8 available rows are not computable AND report a positive `totalDebt` on the SAME row, so the refusal cannot mean the flag is inapplicable to this company -- it is missing data. Flag was ABSTAINED -- 1 row(s) is under the 6-row partial-window floor.",7.0,-0.07,per_item
general,OUST,stage1_veto:refused_rows,"uInterestCoverage: 7 of 8 available rows are not computable AND report a positive `totalDebt` on the SAME row, so the refusal cannot mean the flag is inapplicable to this company -- it is missing data. Flag was ABSTAINED -- 1 row(s) is under the 6-row partial-window floor.",7.0,-0.07,per_item
general,PSI.TO,stage1_veto:refused_rows,"uInterestCoverage: 7 of 8 available rows are not computable AND report a positive `totalDebt` on the SAME row, so the refusal cannot mean the flag is inapplicable to this company -- it is missing data. Flag was ABSTAINED -- 1 row(s) is under the 6-row partial-window floor.",7.0,-0.07,per_item
general,RSI,stage1_veto:refused_rows,"uInterestCoverage: 7 of 8 available rows are not computable AND report a positive `totalDebt` on the SAME row, so the refusal cannot mean the flag is inapplicable to this company -- it is missing data. Flag was ABSTAINED -- 1 row(s) is under the 6-row partial-window floor.",7.0,-0.07,per_item
general,SPRY,stage1_veto:refused_rows,"uInterestCoverage: 7 of 8 available rows are not computable AND report a positive `totalDebt` on the SAME row, so the refusal cannot mean the flag is inapplicable to this company -- it is missing data. Flag was ABSTAINED -- 1 row(s) is under the 6-row partial-window floor.",7.0,-0.07,per_item
general,TARA,stage1_veto:refused_rows,"uInterestCoverage: 7 of 8 available rows are not computable AND report a positive `totalDebt` on the SAME row, so the refusal cannot mean the flag is inapplicable to this company -- it is missing data. Flag was ABSTAINED -- 1 row(s) is under the 6-row partial-window floor.",7.0,-0.07,per_item
general,VERU,stage1_veto:refused_rows,"uInterestCoverage: 7 of 8 available rows are not computable AND report a positive `totalDebt` on the SAME row, so the refusal cannot mean the flag is inapplicable to this company -- it is missing data. Flag was ABSTAINED -- 1 row(s) is under the 6-row partial-window floor.",7.0,-0.07,per_item
general,WSE,stage1_veto:refused_rows,"uInterestCoverage: 7 of 8 available rows are not computable AND report a positive `totalDebt` on the SAME row, so the refusal cannot mean the flag is inapplicable to this company -- it is missing data. Flag was ABSTAINED -- 1 row(s) is under the 6-row partial-window floor.",7.0,-0.07,per_item
FinManager,0DK7.L,stage1_veto:refused_rows,"uInterestCoverage: 6 of 8 available rows are not computable AND report a positive `totalDebt` on the SAME row, so the refusal cannot mean the flag is inapplicable to this company -- it is missing data. Flag was ABSTAINED -- 2 row(s) is under the 6-row partial-window floor.",6.0,-0.06,per_item
general,0I0X.L,stage1_veto:refused_rows,"uInterestCoverage: 6 of 8 available rows are not computable AND report a positive `totalDebt` on the SAME row, so the refusal cannot mean the flag is inapplicable to this company -- it is missing data. Flag was ABSTAINED -- 2 row(s) is under the 6-row partial-window floor.",6.0,-0.06,per_item
REIT,0RD8.L,stage1_veto:refused_rows,"reitEbitdaInterestCoverage: 6 of 8 available rows are not computable AND report a positive `totalDebt` on the SAME row, so the refusal cannot mean the flag is inapplicable to this company -- it is missing data. Flag was ABSTAINED -- 1 row(s) is under the 6-row partial-window floor.",6.0,-0.06,per_item
FinManager,0RL4.L,stage1_veto:refused_rows,"uInterestCoverage: 6 of 8 available rows are not computable AND report a positive `totalDebt` on the SAME row, so the refusal cannot mean the flag is inapplicable to this company -- it is missing data. Flag was ABSTAINED -- 2 row(s) is under the 6-row partial-window floor.",6.0,-0.06,per_item
general,ALCAT.PA,stage1_veto:refused_rows,"uInterestCoverage: 6 of 8 available rows are not computable AND report a positive `totalDebt` on the SAME row, so the refusal cannot mean the flag is inapplicable to this company -- it is missing data. Flag was ABSTAINED -- 2 row(s) is under the 6-row partial-window floor.",6.0,-0.06,per_item
FinManager,ASLI.L,stage1_veto:refused_rows,"uInterestCoverage: 6 of 8 available rows are not computable AND report a positive `totalDebt` on the SAME row, so the refusal cannot mean the flag is inapplicable to this company -- it is missing data. Flag was ABSTAINED -- 2 row(s) is under the 6-row partial-window floor.",6.0,-0.06,per_item
general,CLMB,stage1_veto:refused_rows,"uInterestCoverage: 6 of 8 available rows are not computable AND report a positive `totalDebt` on the SAME row, so the refusal cannot mean the flag is inapplicable to this company -- it is missing data. Flag was ABSTAINED -- 2 row(s) is under the 6-row partial-window floor.",6.0,-0.06,per_item
general,DRTS,stage1_veto:refused_rows,"uInterestCoverage: 6 of 8 available rows are not computable AND report a positive `totalDebt` on the SAME row, so the refusal cannot mean the flag is inapplicable to this company -- it is missing data. Flag was ABSTAINED -- 2 row(s) is under the 6-row partial-window floor.",6.0,-0.06,per_item
general,EMEIS.PA,stage1_veto:refused_rows,"uInterestCoverage: 6 of 8 available rows are not computable AND report a positive `totalDebt` on the SAME row, so the refusal cannot mean the flag is inapplicable to this company -- it is missing data. Flag was ABSTAINED -- 2 row(s) is under the 6-row partial-window floor.",6.0,-0.06,per_item
general,FOUR.L,stage1_veto:refused_rows,"uInterestCoverage: 6 of 8 available rows are not computable AND report a positive `totalDebt` on the SAME row, so the refusal cannot mean the flag is inapplicable to this company -- it is missing data. Flag was ABSTAINED -- 2 row(s) is under the 6-row partial-window floor.",6.0,-0.06,per_item
general,GMED,stage1_veto:refused_rows,"uInterestCoverage: 6 of 8 available rows are not computable AND report a positive `totalDebt` on the SAME row, so the refusal cannot mean the flag is inapplicable to this company -- it is missing data. Flag was ABSTAINED -- 2 row(s) is under the 6-row partial-window floor.",6.0,-0.06,per_item
general,JSE.L,stage1_veto:refused_rows,"uInterestCoverage: 6 of 8 available rows are not computable AND report a positive `totalDebt` on the SAME row, so the refusal cannot mean the flag is inapplicable to this company -- it is missing data. Flag was ABSTAINED -- 2 row(s) is under the 6-row partial-window floor.",6.0,-0.06,per_item
general,LSCC,stage1_veto:refused_rows,"uInterestCoverage: 6 of 8 available rows are not computable AND report a positive `totalDebt` on the SAME row, so the refusal cannot mean the flag is inapplicable to this company -- it is missing data. Flag was ABSTAINED -- 2 row(s) is under the 6-row partial-window floor.",6.0,-0.06,per_item
general,MMT.PA,stage1_veto:refused_rows,"uInterestCoverage: 6 of 8 available rows are not computable AND report a positive `totalDebt` on the SAME row, so the refusal cannot mean the flag is inapplicable to this company -- it is missing data. Flag was ABSTAINED -- 2 row(s) is under the 6-row partial-window floor.",6.0,-0.06,per_item
general,MPE.L,stage1_veto:refused_rows,"uInterestCoverage: 6 of 8 available rows are not computable AND report a positive `totalDebt` on the SAME row, so the refusal cannot mean the flag is inapplicable to this company -- it is missing data. Flag was ABSTAINED -- 2 row(s) is under the 6-row partial-window floor.",6.0,-0.06,per_item
general,NXFIL.AS,stage1_veto:refused_rows,"uInterestCoverage: 6 of 8 available rows are not computable AND report a positive `totalDebt` on the SAME row, so the refusal cannot mean the flag is inapplicable to this company -- it is missing data. Flag was ABSTAINED -- 2 row(s) is under the 6-row partial-window floor.",6.0,-0.06,per_item
general,ORMP,stage1_veto:refused_rows,"uInterestCoverage: 6 of 8 available rows are not computable AND report a positive `totalDebt` on the SAME row, so the refusal cannot mean the flag is inapplicable to this company -- it is missing data. Flag was ABSTAINED -- 2 row(s) is under the 6-row partial-window floor.",6.0,-0.06,per_item
general,OSPN,stage1_veto:refused_rows,"uInterestCoverage: 6 of 8 available rows are not computable AND report a positive `totalDebt` on the SAME row, so the refusal cannot mean the flag is inapplicable to this company -- it is missing data. Flag was ABSTAINED -- 2 row(s) is under the 6-row partial-window floor.",6.0,-0.06,per_item
general,PHAR.L,stage1_veto:refused_rows,"uInterestCoverage: 6 of 8 available rows are not computable AND report a positive `totalDebt` on the SAME row, so the refusal cannot mean the flag is inapplicable to this company -- it is missing data. Flag was ABSTAINED -- 1 row(s) is under the 6-row partial-window floor.",6.0,-0.06,per_item
general,PROF,stage1_veto:refused_rows,"uInterestCoverage: 6 of 8 available rows are not computable AND report a positive `totalDebt` on the SAME row, so the refusal cannot mean the flag is inapplicable to this company -- it is missing data. Flag was ABSTAINED -- 2 row(s) is under the 6-row partial-window floor.",6.0,-0.06,per_item
general,QEC.TO,stage1_veto:refused_rows,"uInterestCoverage: 6 of 8 available rows are not computable AND report a positive `totalDebt` on the SAME row, so the refusal cannot mean the flag is inapplicable to this company -- it is missing data. Flag was ABSTAINED -- 2 row(s) is under the 6-row partial-window floor.",6.0,-0.06,per_item
general,RGTI,stage1_veto:refused_rows,"uInterestCoverage: 6 of 8 available rows are not computable AND report a positive `totalDebt` on the SAME row, so the refusal cannot mean the flag is inapplicable to this company -- it is missing data. Flag was ABSTAINED -- 2 row(s) is under the 6-row partial-window floor.",6.0,-0.06,per_item
general,SMMT,stage1_veto:refused_rows,"uInterestCoverage: 6 of 8 available rows are not computable AND report a positive `totalDebt` on the SAME row, so the refusal cannot mean the flag is inapplicable to this company -- it is missing data. Flag was ABSTAINED -- 2 row(s) is under the 6-row partial-window floor.",6.0,-0.06,per_item
general,TOM2.AS,stage1_veto:refused_rows,"uInterestCoverage: 6 of 8 available rows are not computable AND report a positive `totalDebt` on the SAME row, so the refusal cannot mean the flag is inapplicable to this company -- it is missing data. Flag was ABSTAINED -- 2 row(s) is under the 6-row partial-window floor.",6.0,-0.06,per_item
general,VTEX,stage1_veto:refused_rows,"uInterestCoverage: 6 of 8 available rows are not computable AND report a positive `totalDebt` on the SAME row, so the refusal cannot mean the flag is inapplicable to this company -- it is missing data. Flag was ABSTAINED -- 2 row(s) is under the 6-row partial-window floor.",6.0,-0.06,per_item
general,ZPHR.L,stage1_veto:refused_rows,"uInterestCoverage: 6 of 8 available rows are not computable AND report a positive `totalDebt` on the SAME row, so the refusal cannot mean the flag is inapplicable to this company -- it is missing data. Flag was ABSTAINED -- 2 row(s) is under the 6-row partial-window floor.",6.0,-0.06,per_item
FinManager,026890.KS,stage1_veto:refused_rows,"uInterestCoverage: 5 of 8 available rows are not computable AND report a positive `totalDebt` on the SAME row, so the refusal cannot mean the flag is inapplicable to this company -- it is missing data. Flag was ABSTAINED -- 0 row(s) is under the 6-row partial-window floor.",5.0,-0.05,per_item
REIT,0GVS.L,stage1_veto:refused_rows,"reitEbitdaInterestCoverage: 5 of 8 available rows are not computable AND report a positive `totalDebt` on the SAME row, so the refusal cannot mean the flag is inapplicable to this company -- it is missing data. Flag was ABSTAINED -- 3 row(s) is under the 6-row partial-window floor.",5.0,-0.05,per_item
general,0QKP.L,stage1_veto:refused_rows,"uInterestCoverage: 5 of 8 available rows are not computable AND report a positive `totalDebt` on the SAME row, so the refusal cannot mean the flag is inapplicable to this company -- it is missing data. Flag was ABSTAINED -- 3 row(s) is under the 6-row partial-window floor.",5.0,-0.05,per_item
general,0QPF.L,stage1_veto:refused_rows,"uInterestCoverage: 5 of 8 available rows are not computable AND report a positive `totalDebt` on the SAME row, so the refusal cannot mean the flag is inapplicable to this company -- it is missing data. Flag was ABSTAINED -- 3 row(s) is under the 6-row partial-window floor.",5.0,-0.05,per_item
FinManager,ALAUD.PA,stage1_veto:refused_rows,"uInterestCoverage: 5 of 8 available rows are not computable AND report a positive `totalDebt` on the SAME row, so the refusal cannot mean the flag is inapplicable to this company -- it is missing data. Flag was ABSTAINED -- 3 row(s) is under the 6-row partial-window floor.",5.0,-0.05,per_item
FinManager,ALBON.PA,stage1_veto:refused_rows,"uInterestCoverage: 5 of 8 available rows are not computable AND report a positive `totalDebt` on the SAME row, so the refusal cannot mean the flag is inapplicable to this company -- it is missing data. Flag was ABSTAINED -- 3 row(s) is under the 6-row partial-window floor.",5.0,-0.05,per_item
general,ALDNX.PA,stage1_veto:refused_rows,"uInterestCoverage: 5 of 8 available rows are not computable AND report a positive `totalDebt` on the SAME row, so the refusal cannot mean the flag is inapplicable to this company -- it is missing data. Flag was ABSTAINED -- 3 row(s) is under the 6-row partial-window floor.",5.0,-0.05,per_item
general,ALHYP.PA,stage1_veto:refused_rows,"uInterestCoverage: 5 of 8 available rows are not computable AND report a positive `totalDebt` on the SAME row, so the refusal cannot mean the flag is inapplicable to this company -- it is missing data. Flag was ABSTAINED -- 3 row(s) is under the 6-row partial-window floor.",5.0,-0.05,per_item
FinManager,ANTIN.PA,stage1_veto:refused_rows,"uInterestCoverage: 5 of 8 available rows are not computable AND report a positive `totalDebt` on the SAME row, so the refusal cannot mean the flag is inapplicable to this company -- it is missing data. Flag was ABSTAINED -- 3 row(s) is under the 6-row partial-window floor.",5.0,-0.05,per_item
general,ATEN,stage1_veto:refused_rows,"uInterestCoverage: 5 of 8 available rows are not computable AND report a positive `totalDebt` on the SAME row, so the refusal cannot mean the flag is inapplicable to this company -- it is missing data. Flag was ABSTAINED -- 3 row(s) is under the 6-row partial-window floor.",5.0,-0.05,per_item
general,BEN.PA,stage1_veto:refused_rows,"uInterestCoverage: 5 of 8 available rows are not computable AND report a positive `totalDebt` on the SAME row, so the refusal cannot mean the flag is inapplicable to this company -- it is missing data. Flag was ABSTAINED -- 3 row(s) is under the 6-row partial-window floor.",5.0,-0.05,per_item
general,BOSC,stage1_veto:refused_rows,"uInterestCoverage: 5 of 8 available rows are not computable AND report a positive `totalDebt` on the SAME row, so the refusal cannot mean the flag is inapplicable to this company -- it is missing data. Flag was ABSTAINED -- 3 row(s) is under the 6-row partial-window floor.",5.0,-0.05,per_item
general,CDXS,stage1_veto:refused_rows,"uInterestCoverage: 5 of 8 available rows are not computable AND report a positive `totalDebt` on the SAME row, so the refusal cannot mean the flag is inapplicable to this company -- it is missing data. Flag was ABSTAINED -- 3 row(s) is under the 6-row partial-window floor.",5.0,-0.05,per_item
REIT,CUBE,stage1_veto:refused_rows,"reitEbitdaInterestCoverage: 5 of 8 available rows are not computable AND report a positive `totalDebt` on the SAME row, so the refusal cannot mean the flag is inapplicable to this company -- it is missing data. Flag was ABSTAINED -- 3 row(s) is under the 6-row partial-window floor.",5.0,-0.05,per_item
general,DBV.PA,stage1_veto:refused_rows,"uInterestCoverage: 5 of 8 available rows are not computable AND report a positive `totalDebt` on the SAME row, so the refusal cannot mean the flag is inapplicable to this company -- it is missing data. Flag was ABSTAINED -- 3 row(s) is under the 6-row partial-window floor.",5.0,-0.05,per_item
FinManager,EJFZ.L,stage1_veto:refused_rows,"uInterestCoverage: 5 of 8 available rows are not computable AND report a positive `totalDebt` on the SAME row, so the refusal cannot mean the flag is inapplicable to this company -- it is missing data. Flag was ABSTAINED -- 2 row(s) is under the 6-row partial-window floor.",5.0,-0.05,per_item
general,EME,stage1_veto:refused_rows,"uInterestCoverage: 5 of 8 available rows are not computable AND report a positive `totalDebt` on the SAME row, so the refusal cannot mean the flag is inapplicable to this company -- it is missing data. Flag was ABSTAINED -- 3 row(s) is under the 6-row partial-window floor.",5.0,-0.05,per_item
general,EPRX,stage1_veto:refused_rows,"uInterestCoverage: 5 of 8 available rows are not computable AND report a positive `totalDebt` on the SAME row, so the refusal cannot mean the flag is inapplicable to this company -- it is missing data. Flag was ABSTAINED -- 3 row(s) is under the 6-row partial-window floor.",5.0,-0.05,per_item
general,GDEV,stage1_veto:refused_rows,"uInterestCoverage: 5 of 8 available rows are not computable AND report a positive `totalDebt` on the SAME row, so the refusal cannot mean the flag is inapplicable to this company -- it is missing data. Flag was ABSTAINED -- 3 row(s) is under the 6-row partial-window floor.",5.0,-0.05,per_item
general,GTT.PA,stage1_veto:refused_rows,"uInterestCoverage: 5 of 8 available rows are not computable AND report a positive `totalDebt` on the SAME row, so the refusal cannot mean the flag is inapplicable to this company -- it is missing data. Flag was ABSTAINED -- 3 row(s) is under the 6-row partial-window floor.",5.0,-0.05,per_item
general,HDF.PA,stage1_veto:refused_rows,"uInterestCoverage: 5 of 8 available rows are not computable AND report a positive `totalDebt` on the SAME row, so the refusal cannot mean the flag is inapplicable to this company -- it is missing data. Flag was ABSTAINED -- 3 row(s) is under the 6-row partial-window floor.",5.0,-0.05,per_item
general,HIK.L,stage1_veto:refused_rows,"uInterestCoverage: 5 of 8 available rows are not computable AND report a positive `totalDebt` on the SAME row, so the refusal cannot mean the flag is inapplicable to this company -- it is missing data. Flag was ABSTAINED -- 3 row(s) is under the 6-row partial-window floor.",5.0,-0.05,per_item
general,HVO.L,stage1_veto:refused_rows,"uInterestCoverage: 5 of 8 available rows are not computable AND report a positive `totalDebt` on the SAME row, so the refusal cannot mean the flag is inapplicable to this company -- it is missing data. Flag was ABSTAINED -- 3 row(s) is under the 6-row partial-window floor.",5.0,-0.05,per_item
general,KOSS,stage1_veto:refused_rows,"uInterestCoverage: 5 of 8 available rows are not computable AND report a positive `totalDebt` on the SAME row, so the refusal cannot mean the flag is inapplicable to this company -- it is missing data. Flag was ABSTAINED -- 3 row(s) is under the 6-row partial-window floor.",5.0,-0.05,per_item
general,MALT.PA,stage1_veto:refused_rows,"uInterestCoverage: 5 of 8 available rows are not computable AND report a positive `totalDebt` on the SAME row, so the refusal cannot mean the flag is inapplicable to this company -- it is missing data. Flag was ABSTAINED -- 3 row(s) is under the 6-row partial-window floor.",5.0,-0.05,per_item
general,NRXP,stage1_veto:refused_rows,"uInterestCoverage: 5 of 8 available rows are not computable AND report a positive `totalDebt` on the SAME row, so the refusal cannot mean the flag is inapplicable to this company -- it is missing data. Flag was ABSTAINED -- 3 row(s) is under the 6-row partial-window floor.",5.0,-0.05,per_item
general,OOMA,stage1_veto:refused_rows,"uInterestCoverage: 5 of 8 available rows are not computable AND report a positive `totalDebt` on the SAME row, so the refusal cannot mean the flag is inapplicable to this company -- it is missing data. Flag was ABSTAINED -- 3 row(s) is under the 6-row partial-window floor.",5.0,-0.05,per_item
general,PAYO,stage1_veto:refused_rows,"uInterestCoverage: 5 of 8 available rows are not computable AND report a positive `totalDebt` on the SAME row, so the refusal cannot mean the flag is inapplicable to this company -- it is missing data. Flag was ABSTAINED -- 3 row(s) is under the 6-row partial-window floor.",5.0,-0.05,per_item
general,PL,stage1_veto:refused_rows,"uInterestCoverage: 5 of 8 available rows are not computable AND report a positive `totalDebt` on the SAME row, so the refusal cannot mean the flag is inapplicable to this company -- it is missing data. Flag was ABSTAINED -- 3 row(s) is under the 6-row partial-window floor.",5.0,-0.05,per_item
general,SCYX,stage1_veto:refused_rows,"uInterestCoverage: 5 of 8 available rows are not computable AND report a positive `totalDebt` on the SAME row, so the refusal cannot mean the flag is inapplicable to this company -- it is missing data. Flag was ABSTAINED -- 3 row(s) is under the 6-row partial-window floor.",5.0,-0.05,per_item
general,TVRB.PA,stage1_veto:refused_rows,"uInterestCoverage: 5 of 8 available rows are not computable AND report a positive `totalDebt` on the SAME row, so the refusal cannot mean the flag is inapplicable to this company -- it is missing data. Flag was ABSTAINED -- 3 row(s) is under the 6-row partial-window floor.",5.0,-0.05,per_item
general,VBIO,stage1_veto:refused_rows,"uInterestCoverage: 5 of 8 available rows are not computable AND report a positive `totalDebt` on the SAME row, so the refusal cannot mean the flag is inapplicable to this company -- it is missing data. Flag was ABSTAINED -- 0 row(s) is under the 6-row partial-window floor.",5.0,-0.05,per_item
general,0NZY.L,stage1_veto:refused_rows,"uInterestCoverage: 4 of 8 available rows are not computable AND report a positive `totalDebt` on the SAME row, so the refusal cannot mean the flag is inapplicable to this company -- it is missing data. Flag was ABSTAINED -- 4 row(s) is under the 6-row partial-window floor.",4.0,-0.04,per_item
general,0QCV.L,stage1_veto:refused_rows,"uInterestCoverage: 4 of 8 available rows are not computable AND report a positive `totalDebt` on the SAME row, so the refusal cannot mean the flag is inapplicable to this company -- it is missing data. Flag was ABSTAINED -- 4 row(s) is under the 6-row partial-window floor.",4.0,-0.04,per_item
general,AL2SI.PA,stage1_veto:refused_rows,"uInterestCoverage: 4 of 8 available rows are not computable AND report a positive `totalDebt` on the SAME row, so the refusal cannot mean the flag is inapplicable to this company -- it is missing data. Flag was ABSTAINED -- 3 row(s) is under the 6-row partial-window floor.",4.0,-0.04,per_item
general,ALCAF.PA,stage1_veto:refused_rows,"uInterestCoverage: 4 of 8 available rows are not computable AND report a positive `totalDebt` on the SAME row, so the refusal cannot mean the flag is inapplicable to this company -- it is missing data. Flag was ABSTAINED -- 4 row(s) is under the 6-row partial-window floor.",4.0,-0.04,per_item
general,ALFPC.PA,stage1_veto:refused_rows,"uInterestCoverage: 4 of 8 available rows are not computable AND report a positive `totalDebt` on the SAME row, so the refusal cannot mean the flag is inapplicable to this company -- it is missing data. Flag was ABSTAINED -- 4 row(s) is under the 6-row partial-window floor.",4.0,-0.04,per_item
general,ALISP.PA,stage1_veto:refused_rows,"uInterestCoverage: 4 of 8 available rows are not computable AND report a positive `totalDebt` on the SAME row, so the refusal cannot mean the flag is inapplicable to this company -- it is missing data. Flag was ABSTAINED -- 4 row(s) is under the 6-row partial-window floor.",4.0,-0.04,per_item
general,ALITL.PA,stage1_veto:refused_rows,"uInterestCoverage: 4 of 8 available rows are not computable AND report a positive `totalDebt` on the SAME row, so the refusal cannot mean the flag is inapplicable to this company -- it is missing data. Flag was ABSTAINED -- 4 row(s) is under the 6-row partial-window floor.",4.0,-0.04,per_item
REIT,CBOT.PA,stage1_veto:refused_rows,"reitEbitdaInterestCoverage: 4 of 8 available rows are not computable AND report a positive `totalDebt` on the SAME row, so the refusal cannot mean the flag is inapplicable to this company -- it is missing data. Flag was ABSTAINED -- 4 row(s) is under the 6-row partial-window floor.",4.0,-0.04,per_item
general,CTEC.L,stage1_veto:refused_rows,"uInterestCoverage: 4 of 8 available rows are not computable AND report a positive `totalDebt` on the SAME row, so the refusal cannot mean the flag is inapplicable to this company -- it is missing data. Flag was ABSTAINED -- 4 row(s) is under the 6-row partial-window floor.",4.0,-0.04,per_item
general,EFN.TO,stage1_veto:refused_rows,"uInterestCoverage: 4 of 8 available rows are not computable AND report a positive `totalDebt` on the SAME row, so the refusal cannot mean the flag is inapplicable to this company -- it is missing data. Flag was ABSTAINED -- 4 row(s) is under the 6-row partial-window floor.",4.0,-0.04,per_item
general,EFR.TO,stage1_veto:refused_rows,"uInterestCoverage: 4 of 8 available rows are not computable AND report a positive `totalDebt` on the SAME row, so the refusal cannot mean the flag is inapplicable to this company -- it is missing data. Flag was ABSTAINED -- 1 row(s) is under the 6-row partial-window floor.",4.0,-0.04,per_item
general,EVLV,stage1_veto:refused_rows,"uInterestCoverage: 4 of 8 available rows are not computable AND report a positive `totalDebt` on the SAME row, so the refusal cannot mean the flag is inapplicable to this company -- it is missing data. Flag was ABSTAINED -- 4 row(s) is under the 6-row partial-window floor.",4.0,-0.04,per_item
FinManager,FSG.L,stage1_veto:refused_rows,"uInterestCoverage: 4 of 8 available rows are not computable AND report a positive `totalDebt` on the SAME row, so the refusal cannot mean the flag is inapplicable to this company -- it is missing data. Flag was ABSTAINED -- 4 row(s) is under the 6-row partial-window floor.",4.0,-0.04,per_item
general,IAM.PA,stage1_veto:refused_rows,"uInterestCoverage: 4 of 8 available rows are not computable AND report a positive `totalDebt` on the SAME row, so the refusal cannot mean the flag is inapplicable to this company -- it is missing data. Flag was ABSTAINED -- 4 row(s) is under the 6-row partial-window floor.",4.0,-0.04,per_item
general,IMO.TO,stage1_veto:refused_rows,"uInterestCoverage: 4 of 8 available rows are not computable AND report a positive `totalDebt` on the SAME row, so the refusal cannot mean the flag is inapplicable to this company -- it is missing data. Flag was ABSTAINED -- 4 row(s) is under the 6-row partial-window floor.",4.0,-0.04,per_item
REIT,MEQ.TO,stage1_veto:refused_rows,"reitEbitdaInterestCoverage: 4 of 8 available rows are not computable AND report a positive `totalDebt` on the SAME row, so the refusal cannot mean the flag is inapplicable to this company -- it is missing data. Flag was ABSTAINED -- 4 row(s) is under the 6-row partial-window floor.",4.0,-0.04,per_item
general,NCYT.L,stage1_veto:refused_rows,"uInterestCoverage: 4 of 8 available rows are not computable AND report a positive `totalDebt` on the SAME row, so the refusal cannot mean the flag is inapplicable to this company -- it is missing data. Flag was ABSTAINED -- 4 row(s) is under the 6-row partial-window floor.",4.0,-0.04,per_item
REIT,NRP.AS,stage1_veto:refused_rows,"reitEbitdaInterestCoverage: 4 of 8 available rows are not computable AND report a positive `totalDebt` on the SAME row, so the refusal cannot mean the flag is inapplicable to this company -- it is missing data. Flag was ABSTAINED -- 4 row(s) is under the 6-row partial-window floor.",4.0,-0.04,per_item
REIT,ORIA.PA,stage1_veto:refused_rows,"reitEbitdaInterestCoverage: 4 of 8 available rows are not computable AND report a positive `totalDebt` on the SAME row, so the refusal cannot mean the flag is inapplicable to this company -- it is missing data. Flag was ABSTAINED -- 4 row(s) is under the 6-row partial-window floor.",4.0,-0.04,per_item
general,PHI,stage1_veto:refused_rows,"uInterestCoverage: 4 of 8 available rows are not computable AND report a positive `totalDebt` on the SAME row, so the refusal cannot mean the flag is inapplicable to this company -- it is missing data. Flag was ABSTAINED -- 4 row(s) is under the 6-row partial-window floor.",4.0,-0.04,per_item
general,PLSM,stage1_veto:refused_rows,"uInterestCoverage: 4 of 8 available rows are not computable AND report a positive `totalDebt` on the SAME row, so the refusal cannot mean the flag is inapplicable to this company -- it is missing data. Flag was ABSTAINED -- 4 row(s) is under the 6-row partial-window floor.",4.0,-0.04,per_item
general,PRX.AS,stage1_veto:refused_rows,"uInterestCoverage: 4 of 8 available rows are not computable AND report a positive `totalDebt` on the SAME row, so the refusal cannot mean the flag is inapplicable to this company -- it is missing data. Flag was ABSTAINED -- 4 row(s) is under the 6-row partial-window floor.",4.0,-0.04,per_item
general,RXL.PA,stage1_veto:refused_rows,"uInterestCoverage: 4 of 8 available rows are not computable AND report a positive `totalDebt` on the SAME row, so the refusal cannot mean the flag is inapplicable to this company -- it is missing data. Flag was ABSTAINED -- 4 row(s) is under the 6-row partial-window floor.",4.0,-0.04,per_item
general,SACI.PA,stage1_veto:refused_rows,"uInterestCoverage: 4 of 8 available rows are not computable AND report a positive `totalDebt` on the SAME row, so the refusal cannot mean the flag is inapplicable to this company -- it is missing data. Flag was ABSTAINED -- 4 row(s) is under the 6-row partial-window floor.",4.0,-0.04,per_item
general,SBMO.AS,stage1_veto:refused_rows,"uInterestCoverage: 4 of 8 available rows are not computable AND report a positive `totalDebt` on the SAME row, so the refusal cannot mean the flag is inapplicable to this company -- it is missing data. Flag was ABSTAINED -- 4 row(s) is under the 6-row partial-window floor.",4.0,-0.04,per_item
general,SNT,stage1_veto:refused_rows,"uInterestCoverage: 4 of 8 available rows are not computable AND report a positive `totalDebt` on the SAME row, so the refusal cannot mean the flag is inapplicable to this company -- it is missing data. Flag was ABSTAINED -- 4 row(s) is under the 6-row partial-window floor.",4.0,-0.04,per_item
general,TE,stage1_veto:refused_rows,"uInterestCoverage: 4 of 8 available rows are not computable AND report a positive `totalDebt` on the SAME row, so the refusal cannot mean the flag is inapplicable to this company -- it is missing data. Flag was ABSTAINED -- 4 row(s) is under the 6-row partial-window floor.",4.0,-0.04,per_item
general,TONX,stage1_veto:refused_rows,"uInterestCoverage: 4 of 8 available rows are not computable AND report a positive `totalDebt` on the SAME row, so the refusal cannot mean the flag is inapplicable to this company -- it is missing data. Flag was ABSTAINED -- 3 row(s) is under the 6-row partial-window floor.",4.0,-0.04,per_item
general,TRST.L,stage1_veto:refused_rows,"uInterestCoverage: 4 of 8 available rows are not computable AND report a positive `totalDebt` on the SAME row, so the refusal cannot mean the flag is inapplicable to this company -- it is missing data. Flag was ABSTAINED -- 4 row(s) is under the 6-row partial-window floor.",4.0,-0.04,per_item
general,VTVT,stage1_veto:refused_rows,"uInterestCoverage: 4 of 8 available rows are not computable AND report a positive `totalDebt` on the SAME row, so the refusal cannot mean the flag is inapplicable to this company -- it is missing data. Flag was ABSTAINED -- 2 row(s) is under the 6-row partial-window floor.",4.0,-0.04,per_item
REIT,WHA.AS,stage1_veto:refused_rows,"reitEbitdaInterestCoverage: 4 of 8 available rows are not computable AND report a positive `totalDebt` on the SAME row, so the refusal cannot mean the flag is inapplicable to this company -- it is missing data. Flag was ABSTAINED -- 4 row(s) is under the 6-row partial-window floor.",4.0,-0.04,per_item
REIT,0HM0.L,stage1_veto:refused_rows,"reitEbitdaInterestCoverage: 3 of 8 available rows are not computable AND report a positive `totalDebt` on the SAME row, so the refusal cannot mean the flag is inapplicable to this company -- it is missing data. Flag was ABSTAINED -- 5 row(s) is under the 6-row partial-window floor.",3.0,-0.03,per_item
general,0IPT.L,stage1_veto:refused_rows,"uInterestCoverage: 3 of 8 available rows are not computable AND report a positive `totalDebt` on the SAME row, so the refusal cannot mean the flag is inapplicable to this company -- it is missing data. Flag was ABSTAINED -- 5 row(s) is under the 6-row partial-window floor.",3.0,-0.03,per_item
general,0MTP.L,stage1_veto:refused_rows,"uInterestCoverage: 3 of 8 available rows are not computable AND report a positive `totalDebt` on the SAME row, so the refusal cannot mean the flag is inapplicable to this company -- it is missing data. Flag was ABSTAINED -- 5 row(s) is under the 6-row partial-window floor.",3.0,-0.03,per_item
general,112040.KQ,stage1_veto:refused_rows,"uInterestCoverage: 3 of 8 available rows are not computable AND report a positive `totalDebt` on the SAME row, so the refusal cannot mean the flag is inapplicable to this company -- it is missing data. Flag was ABSTAINED -- 5 row(s) is under the 6-row partial-window floor.",3.0,-0.03,per_item
general,ALHOP.PA,stage1_veto:refused_rows,"uInterestCoverage: 3 of 8 available rows are not computable AND report a positive `totalDebt` on the SAME row, so the refusal cannot mean the flag is inapplicable to this company -- it is missing data. Flag was ABSTAINED -- 5 row(s) is under the 6-row partial-window floor.",3.0,-0.03,per_item
general,ALKEY.PA,stage1_veto:refused_rows,"uInterestCoverage: 3 of 8 available rows are not computable AND report a positive `totalDebt` on the SAME row, so the refusal cannot mean the flag is inapplicable to this company -- it is missing data. Flag was ABSTAINED -- 5 row(s) is under the 6-row partial-window floor.",3.0,-0.03,per_item
general,ALPRG.PA,stage1_veto:refused_rows,"uInterestCoverage: 3 of 8 available rows are not computable AND report a positive `totalDebt` on the SAME row, so the refusal cannot mean the flag is inapplicable to this company -- it is missing data. Flag was ABSTAINED -- 5 row(s) is under the 6-row partial-window floor.",3.0,-0.03,per_item
general,ALXIL.PA,stage1_veto:refused_rows,"uInterestCoverage: 3 of 8 available rows are not computable AND report a positive `totalDebt` on the SAME row, so the refusal cannot mean the flag is inapplicable to this company -- it is missing data. Flag was ABSTAINED -- 4 row(s) is under the 6-row partial-window floor.",3.0,-0.03,per_item
general,BB,stage1_veto:refused_rows,"uInterestCoverage: 3 of 8 available rows are not computable AND report a positive `totalDebt` on the SAME row, so the refusal cannot mean the flag is inapplicable to this company -- it is missing data. Flag was ABSTAINED -- 5 row(s) is under the 6-row partial-window floor.",3.0,-0.03,per_item
FinManager,BPT.L,stage1_veto:refused_rows,"uInterestCoverage: 3 of 8 available rows are not computable AND report a positive `totalDebt` on the SAME row, so the refusal cannot mean the flag is inapplicable to this company -- it is missing data. Flag was ABSTAINED -- 5 row(s) is under the 6-row partial-window floor.",3.0,-0.03,per_item
general,COCH,stage1_veto:refused_rows,"uInterestCoverage: 3 of 8 available rows are not computable AND report a positive `totalDebt` on the SAME row, so the refusal cannot mean the flag is inapplicable to this company -- it is missing data. Flag was ABSTAINED -- 5 row(s) is under the 6-row partial-window floor.",3.0,-0.03,per_item
general,CORZ,stage1_veto:refused_rows,"uInterestCoverage: 3 of 8 available rows are not computable AND report a positive `totalDebt` on the SAME row, so the refusal cannot mean the flag is inapplicable to this company -- it is missing data. Flag was ABSTAINED -- 5 row(s) is under the 6-row partial-window floor.",3.0,-0.03,per_item
general,CVX.PA,stage1_veto:refused_rows,"uInterestCoverage: 3 of 8 available rows are not computable AND report a positive `totalDebt` on the SAME row, so the refusal cannot mean the flag is inapplicable to this company -- it is missing data. Flag was ABSTAINED -- 5 row(s) is under the 6-row partial-window floor.",3.0,-0.03,per_item
general,DG.PA,stage1_veto:refused_rows,"uInterestCoverage: 3 of 8 available rows are not computable AND report a positive `totalDebt` on the SAME row, so the refusal cannot mean the flag is inapplicable to this company -- it is missing data. Flag was ABSTAINED -- 5 row(s) is under the 6-row partial-window floor.",3.0,-0.03,per_item
general,DOGZ,stage1_veto:refused_rows,"uInterestCoverage: 3 of 8 available rows are not computable AND report a positive `totalDebt` on the SAME row, so the refusal cannot mean the flag is inapplicable to this company -- it is missing data. Flag was ABSTAINED -- 5 row(s) is under the 6-row partial-window floor.",3.0,-0.03,per_item
REIT,EQR,stage1_veto:refused_rows,"reitEbitdaInterestCoverage: 3 of 8 available rows are not computable AND report a positive `totalDebt` on the SAME row, so the refusal cannot mean the flag is inapplicable to this company -- it is missing data. Flag was ABSTAINED -- 5 row(s) is under the 6-row partial-window floor.",3.0,-0.03,per_item
FinManager,FLOW.AS,stage1_veto:refused_rows,"uInterestCoverage: 3 of 8 available rows are not computable AND report a positive `totalDebt` on the SAME row, so the refusal cannot mean the flag is inapplicable to this company -- it is missing data. Flag was ABSTAINED -- 3 row(s) is under the 6-row partial-window floor.",3.0,-0.03,per_item
general,HRTX,stage1_veto:refused_rows,"uInterestCoverage: 3 of 8 available rows are not computable AND report a positive `totalDebt` on the SAME row, so the refusal cannot mean the flag is inapplicable to this company -- it is missing data. Flag was ABSTAINED -- 5 row(s) is under the 6-row partial-window floor.",3.0,-0.03,per_item
general,KPN.AS,stage1_veto:refused_rows,"uInterestCoverage: 3 of 8 available rows are not computable AND report a positive `totalDebt` on the SAME row, so the refusal cannot mean the flag is inapplicable to this company -- it is missing data. Flag was ABSTAINED -- 5 row(s) is under the 6-row partial-window floor.",3.0,-0.03,per_item
general,LACR.PA,stage1_veto:refused_rows,"uInterestCoverage: 3 of 8 available rows are not computable AND report a positive `totalDebt` on the SAME row, so the refusal cannot mean the flag is inapplicable to this company -- it is missing data. Flag was ABSTAINED -- 5 row(s) is under the 6-row partial-window floor.",3.0,-0.03,per_item
general,LOCAL.PA,stage1_veto:refused_rows,"uInterestCoverage: 3 of 8 available rows are not computable AND report a positive `totalDebt` on the SAME row, so the refusal cannot mean the flag is inapplicable to this company -- it is missing data. Flag was ABSTAINED -- 5 row(s) is under the 6-row partial-window floor.",3.0,-0.03,per_item
general,MHO,stage1_veto:refused_rows,"uInterestCoverage: 3 of 8 available rows are not computable AND report a positive `totalDebt` on the SAME row, so the refusal cannot mean the flag is inapplicable to this company -- it is missing data. Flag was ABSTAINED -- 5 row(s) is under the 6-row partial-window floor.",3.0,-0.03,per_item
general,MTEC.L,stage1_veto:refused_rows,"uInterestCoverage: 3 of 8 available rows are not computable AND report a positive `totalDebt` on the SAME row, so the refusal cannot mean the flag is inapplicable to this company -- it is missing data. Flag was ABSTAINED -- 5 row(s) is under the 6-row partial-window floor.",3.0,-0.03,per_item
general,NBTX,stage1_veto:refused_rows,"uInterestCoverage: 3 of 8 available rows are not computable AND report a positive `totalDebt` on the SAME row, so the refusal cannot mean the flag is inapplicable to this company -- it is missing data. Flag was ABSTAINED -- 5 row(s) is under the 6-row partial-window floor.",3.0,-0.03,per_item
general,NVTS,stage1_veto:refused_rows,"uInterestCoverage: 3 of 8 available rows are not computable AND report a positive `totalDebt` on the SAME row, so the refusal cannot mean the flag is inapplicable to this company -- it is missing data. Flag was ABSTAINED -- 5 row(s) is under the 6-row partial-window floor.",3.0,-0.03,per_item
FinManager,RF.PA,stage1_veto:refused_rows,"uInterestCoverage: 3 of 8 available rows are not computable AND report a positive `totalDebt` on the SAME row, so the refusal cannot mean the flag is inapplicable to this company -- it is missing data. Flag was ABSTAINED -- 5 row(s) is under the 6-row partial-window floor.",3.0,-0.03,per_item
general,TE.PA,stage1_veto:refused_rows,"uInterestCoverage: 3 of 8 available rows are not computable AND report a positive `totalDebt` on the SAME row, so the refusal cannot mean the flag is inapplicable to this company -- it is missing data. Flag was ABSTAINED -- 5 row(s) is under the 6-row partial-window floor.",3.0,-0.03,per_item
general,TNG.PA,stage1_veto:refused_rows,"uInterestCoverage: 3 of 8 available rows are not computable AND report a positive `totalDebt` on the SAME row, so the refusal cannot mean the flag is inapplicable to this company -- it is missing data. Flag was ABSTAINED -- 5 row(s) is under the 6-row partial-window floor.",3.0,-0.03,per_item
general,UEIC,stage1_veto:refused_rows,"uInterestCoverage: 3 of 8 available rows are not computable AND report a positive `totalDebt` on the SAME row, so the refusal cannot mean the flag is inapplicable to this company -- it is missing data. Flag was ABSTAINED -- 5 row(s) is under the 6-row partial-window floor.",3.0,-0.03,per_item
general,UL,stage1_veto:refused_rows,"uInterestCoverage: 3 of 8 available rows are not computable AND report a positive `totalDebt` on the SAME row, so the refusal cannot mean the flag is inapplicable to this company -- it is missing data. Flag was ABSTAINED -- 5 row(s) is under the 6-row partial-window floor.",3.0,-0.03,per_item
REIT,VTR.PA,stage1_veto:refused_rows,"reitEbitdaInterestCoverage: 3 of 8 available rows are not computable AND report a positive `totalDebt` on the SAME row, so the refusal cannot mean the flag is inapplicable to this company -- it is missing data. Flag was ABSTAINED -- 5 row(s) is under the 6-row partial-window floor.",3.0,-0.03,per_item
general,004140.KS,stage1_veto:refused_rows,"uInterestCoverage: 2 of 8 available rows are not computable AND report a positive `totalDebt` on the SAME row, so the refusal cannot mean the flag is inapplicable to this company -- it is missing data. Flag was JUDGED on the 6 row(s) that compute.",2.0,-0.02,per_item
FinManager,006800.KS,stage1_veto:refused_rows,"uInterestCoverage: 2 of 8 available rows are not computable AND report a positive `totalDebt` on the SAME row, so the refusal cannot mean the flag is inapplicable to this company -- it is missing data. Flag was JUDGED on the 6 row(s) that compute.",2.0,-0.02,per_item
general,010660.KS,stage1_veto:refused_rows,"uInterestCoverage: 2 of 8 available rows are not computable AND report a positive `totalDebt` on the SAME row, so the refusal cannot mean the flag is inapplicable to this company -- it is missing data. Flag was JUDGED on the 6 row(s) that compute.",2.0,-0.02,per_item
FinManager,016360.KS,stage1_veto:refused_rows,"uInterestCoverage: 2 of 8 available rows are not computable AND report a positive `totalDebt` on the SAME row, so the refusal cannot mean the flag is inapplicable to this company -- it is missing data. Flag was JUDGED on the 6 row(s) that compute.",2.0,-0.02,per_item
general,060250.KQ,stage1_veto:refused_rows,"uInterestCoverage: 2 of 8 available rows are not computable AND report a positive `totalDebt` on the SAME row, so the refusal cannot mean the flag is inapplicable to this company -- it is missing data. Flag was JUDGED on the 6 row(s) that compute.",2.0,-0.02,per_item
FinManager,071050.KS,stage1_veto:refused_rows,"uInterestCoverage: 2 of 8 available rows are not computable AND report a positive `totalDebt` on the SAME row, so the refusal cannot mean the flag is inapplicable to this company -- it is missing data. Flag was JUDGED on the 6 row(s) that compute.",2.0,-0.02,per_item
general,0N66.L,stage1_veto:refused_rows,"uInterestCoverage: 2 of 8 available rows are not computable AND report a positive `totalDebt` on the SAME row, so the refusal cannot mean the flag is inapplicable to this company -- it is missing data. Flag was JUDGED on the 6 row(s) that compute.",2.0,-0.02,per_item
general,0N6K.L,stage1_veto:refused_rows,"uInterestCoverage: 2 of 8 available rows are not computable AND report a positive `totalDebt` on the SAME row, so the refusal cannot mean the flag is inapplicable to this company -- it is missing data. Flag was JUDGED on the 6 row(s) that compute.",2.0,-0.02,per_item
REIT,0QU6.L,stage1_veto:refused_rows,"reitEbitdaInterestCoverage: 2 of 8 available rows are not computable AND report a positive `totalDebt` on the SAME row, so the refusal cannot mean the flag is inapplicable to this company -- it is missing data. Flag was JUDGED on the 6 row(s) that compute.",2.0,-0.02,per_item
general,0QW8.L,stage1_veto:refused_rows,"uInterestCoverage: 2 of 8 available rows are not computable AND report a positive `totalDebt` on the SAME row, so the refusal cannot mean the flag is inapplicable to this company -- it is missing data. Flag was JUDGED on the 6 row(s) that compute.",2.0,-0.02,per_item
general,0RRB.L,stage1_veto:refused_rows,"uInterestCoverage: 2 of 8 available rows are not computable AND report a positive `totalDebt` on the SAME row, so the refusal cannot mean the flag is inapplicable to this company -- it is missing data. Flag was JUDGED on the 6 row(s) that compute.",2.0,-0.02,per_item
general,0W19.L,stage1_veto:refused_rows,"uInterestCoverage: 2 of 8 available rows are not computable AND report a positive `totalDebt` on the SAME row, so the refusal cannot mean the flag is inapplicable to this company -- it is missing data. Flag was JUDGED on the 6 row(s) that compute.",2.0,-0.02,per_item
general,214450.KQ,stage1_veto:refused_rows,"uInterestCoverage: 2 of 8 available rows are not computable AND report a positive `totalDebt` on the SAME row, so the refusal cannot mean the flag is inapplicable to this company -- it is missing data. Flag was JUDGED on the 6 row(s) that compute.",2.0,-0.02,per_item
general,237690.KQ,stage1_veto:refused_rows,"uInterestCoverage: 2 of 8 available rows are not computable AND report a positive `totalDebt` on the SAME row, so the refusal cannot mean the flag is inapplicable to this company -- it is missing data. Flag was JUDGED on the 6 row(s) that compute.",2.0,-0.02,per_item
general,253450.KQ,stage1_veto:refused_rows,"uInterestCoverage: 2 of 8 available rows are not computable AND report a positive `totalDebt` on the SAME row, so the refusal cannot mean the flag is inapplicable to this company -- it is missing data. Flag was JUDGED on the 6 row(s) that compute.",2.0,-0.02,per_item
general,AAA.PA,stage1_veto:refused_rows,"uInterestCoverage: 2 of 8 available rows are not computable AND report a positive `totalDebt` on the SAME row, so the refusal cannot mean the flag is inapplicable to this company -- it is missing data. Flag was JUDGED on the 6 row(s) that compute.",2.0,-0.02,per_item
general,AAPG,stage1_veto:refused_rows,"uInterestCoverage: 2 of 8 available rows are not computable AND report a positive `totalDebt` on the SAME row, so the refusal cannot mean the flag is inapplicable to this company -- it is missing data. Flag was JUDGED on the 6 row(s) that compute.",2.0,-0.02,per_item
general,ADYEN.AS,stage1_veto:refused_rows,"uInterestCoverage: 2 of 8 available rows are not computable AND report a positive `totalDebt` on the SAME row, so the refusal cannot mean the flag is inapplicable to this company -- it is missing data. Flag was JUDGED on the 6 row(s) that compute.",2.0,-0.02,per_item
general,ALDEL.PA,stage1_veto:refused_rows,"uInterestCoverage: 2 of 8 available rows are not computable AND report a positive `totalDebt` on the SAME row, so the refusal cannot mean the flag is inapplicable to this company -- it is missing data. Flag was JUDGED on the 6 row(s) that compute.",2.0,-0.02,per_item
general,ALDVI.PA,stage1_veto:refused_rows,"uInterestCoverage: 2 of 8 available rows are not computable AND report a positive `totalDebt` on the SAME row, so the refusal cannot mean the flag is inapplicable to this company -- it is missing data. Flag was JUDGED on the 6 row(s) that compute.",2.0,-0.02,per_item
FinManager,ALLFG.AS,stage1_veto:refused_rows,"uInterestCoverage: 2 of 8 available rows are not computable AND report a positive `totalDebt` on the SAME row, so the refusal cannot mean the flag is inapplicable to this company -- it is missing data. Flag was JUDGED on the 6 row(s) that compute.",2.0,-0.02,per_item
general,ALTHX.PA,stage1_veto:refused_rows,"uInterestCoverage: 2 of 8 available rows are not computable AND report a positive `totalDebt` on the SAME row, so the refusal cannot mean the flag is inapplicable to this company -- it is missing data. Flag was JUDGED on the 6 row(s) that compute.",2.0,-0.02,per_item
general,ALVU.PA,stage1_veto:refused_rows,"uInterestCoverage: 2 of 8 available rows are not computable AND report a positive `totalDebt` on the SAME row, so the refusal cannot mean the flag is inapplicable to this company -- it is missing data. Flag was JUDGED on the 6 row(s) that compute.",2.0,-0.02,per_item
general,ALWEC.PA,stage1_veto:refused_rows,"uInterestCoverage: 2 of 8 available rows are not computable AND report a positive `totalDebt` on the SAME row, so the refusal cannot mean the flag is inapplicable to this company -- it is missing data. Flag was JUDGED on the 6 row(s) that compute.",2.0,-0.02,per_item
general,AYV.PA,stage1_veto:refused_rows,"uInterestCoverage: 2 of 8 available rows are not computable AND report a positive `totalDebt` on the SAME row, so the refusal cannot mean the flag is inapplicable to this company -- it is missing data. Flag was JUDGED on the 6 row(s) that compute.",2.0,-0.02,per_item
FinManager,BAM,stage1_veto:refused_rows,"uInterestCoverage: 2 of 8 available rows are not computable AND report a positive `totalDebt` on the SAME row, so the refusal cannot mean the flag is inapplicable to this company -- it is missing data. Flag was JUDGED on the 6 row(s) that compute.",2.0,-0.02,per_item
general,BB.PA,stage1_veto:refused_rows,"uInterestCoverage: 2 of 8 available rows are not computable AND report a positive `totalDebt` on the SAME row, so the refusal cannot mean the flag is inapplicable to this company -- it is missing data. Flag was JUDGED on the 6 row(s) that compute.",2.0,-0.02,per_item
general,BBUC,stage1_veto:refused_rows,"uInterestCoverage: 2 of 8 available rows are not computable AND report a positive `totalDebt` on the SAME row, so the refusal cannot mean the flag is inapplicable to this company -- it is missing data. Flag was JUDGED on the 6 row(s) that compute.",2.0,-0.02,per_item
general,BILN.L,stage1_veto:refused_rows,"uInterestCoverage: 2 of 8 available rows are not computable AND report a positive `totalDebt` on the SAME row, so the refusal cannot mean the flag is inapplicable to this company -- it is missing data. Flag was JUDGED on the 6 row(s) that compute.",2.0,-0.02,per_item
general,BIM.PA,stage1_veto:refused_rows,"uInterestCoverage: 2 of 8 available rows are not computable AND report a positive `totalDebt` on the SAME row, so the refusal cannot mean the flag is inapplicable to this company -- it is missing data. Flag was JUDGED on the 6 row(s) that compute.",2.0,-0.02,per_item
general,BLNK,stage1_veto:refused_rows,"uInterestCoverage: 2 of 8 available rows are not computable AND report a positive `totalDebt` on the SAME row, so the refusal cannot mean the flag is inapplicable to this company -- it is missing data. Flag was JUDGED on the 6 row(s) that compute.",2.0,-0.02,per_item
general,BOL.PA,stage1_veto:refused_rows,"uInterestCoverage: 2 of 8 available rows are not computable AND report a positive `totalDebt` on the SAME row, so the refusal cannot mean the flag is inapplicable to this company -- it is missing data. Flag was JUDGED on the 6 row(s) that compute.",2.0,-0.02,per_item
REIT,CARM.PA,stage1_veto:refused_rows,"reitEbitdaInterestCoverage: 2 of 8 available rows are not computable AND report a positive `totalDebt` on the SAME row, so the refusal cannot mean the flag is inapplicable to this company -- it is missing data. Flag was JUDGED on the 6 row(s) that compute.",2.0,-0.02,per_item
general,CPH.TO,stage1_veto:refused_rows,"uInterestCoverage: 2 of 8 available rows are not computable AND report a positive `totalDebt` on the SAME row, so the refusal cannot mean the flag is inapplicable to this company -- it is missing data. Flag was JUDGED on the 6 row(s) that compute.",2.0,-0.02,per_item
general,CRNT,stage1_veto:refused_rows,"uInterestCoverage: 2 of 8 available rows are not computable AND report a positive `totalDebt` on the SAME row, so the refusal cannot mean the flag is inapplicable to this company -- it is missing data. Flag was JUDGED on the 6 row(s) that compute.",2.0,-0.02,per_item
general,DR.TO,stage1_veto:refused_rows,"uInterestCoverage: 2 of 8 available rows are not computable AND report a positive `totalDebt` on the SAME row, so the refusal cannot mean the flag is inapplicable to this company -- it is missing data. Flag was JUDGED on the 6 row(s) that compute.",2.0,-0.02,per_item
general,EBUS.AS,stage1_veto:refused_rows,"uInterestCoverage: 2 of 8 available rows are not computable AND report a positive `totalDebt` on the SAME row, so the refusal cannot mean the flag is inapplicable to this company -- it is missing data. Flag was JUDGED on the 6 row(s) that compute.",2.0,-0.02,per_item
FinManager,ECC,stage1_veto:refused_rows,"uInterestCoverage: 2 of 8 available rows are not computable AND report a positive `totalDebt` on the SAME row, so the refusal cannot mean the flag is inapplicable to this company -- it is missing data. Flag was JUDGED on the 6 row(s) that compute.",2.0,-0.02,per_item
FinManager,ENX.PA,stage1_veto:refused_rows,"uInterestCoverage: 2 of 8 available rows are not computable AND report a positive `totalDebt` on the SAME row, so the refusal cannot mean the flag is inapplicable to this company -- it is missing data. Flag was JUDGED on the 6 row(s) that compute.",2.0,-0.02,per_item
general,FCMC.PA,stage1_veto:refused_rows,"uInterestCoverage: 2 of 8 available rows are not computable AND report a positive `totalDebt` on the SAME row, so the refusal cannot mean the flag is inapplicable to this company -- it is missing data. Flag was JUDGED on the 6 row(s) that compute.",2.0,-0.02,per_item
general,FLNC,stage1_veto:refused_rows,"uInterestCoverage: 2 of 8 available rows are not computable AND report a positive `totalDebt` on the SAME row, so the refusal cannot mean the flag is inapplicable to this company -- it is missing data. Flag was JUDGED on the 6 row(s) that compute.",2.0,-0.02,per_item
general,FUR.AS,stage1_veto:refused_rows,"uInterestCoverage: 2 of 8 available rows are not computable AND report a positive `totalDebt` on the SAME row, so the refusal cannot mean the flag is inapplicable to this company -- it is missing data. Flag was JUDGED on the 6 row(s) that compute.",2.0,-0.02,per_item
general,FVA.L,stage1_veto:refused_rows,"uInterestCoverage: 2 of 8 available rows are not computable AND report a positive `totalDebt` on the SAME row, so the refusal cannot mean the flag is inapplicable to this company -- it is missing data. Flag was JUDGED on the 6 row(s) that compute.",2.0,-0.02,per_item
general,GLBE,stage1_veto:refused_rows,"uInterestCoverage: 2 of 8 available rows are not computable AND report a positive `totalDebt` on the SAME row, so the refusal cannot mean the flag is inapplicable to this company -- it is missing data. Flag was JUDGED on the 6 row(s) that compute.",2.0,-0.02,per_item
FinManager,HOOD,stage1_veto:refused_rows,"uInterestCoverage: 2 of 8 available rows are not computable AND report a positive `totalDebt` on the SAME row, so the refusal cannot mean the flag is inapplicable to this company -- it is missing data. Flag was JUDGED on the 6 row(s) that compute.",2.0,-0.02,per_item
general,LBG.L,stage1_veto:refused_rows,"uInterestCoverage: 2 of 8 available rows are not computable AND report a positive `totalDebt` on the SAME row, so the refusal cannot mean the flag is inapplicable to this company -- it is missing data. Flag was JUDGED on the 6 row(s) that compute.",2.0,-0.02,per_item
REIT,MAC,stage1_veto:refused_rows,"reitEbitdaInterestCoverage: 2 of 8 available rows are not computable AND report a positive `totalDebt` on the SAME row, so the refusal cannot mean the flag is inapplicable to this company -- it is missing data. Flag was JUDGED on the 6 row(s) that compute.",2.0,-0.02,per_item
REIT,MERY.PA,stage1_veto:refused_rows,"reitEbitdaInterestCoverage: 2 of 8 available rows are not computable AND report a positive `totalDebt` on the SAME row, so the refusal cannot mean the flag is inapplicable to this company -- it is missing data. Flag was JUDGED on the 6 row(s) that compute.",2.0,-0.02,per_item
general,NN,stage1_veto:refused_rows,"uInterestCoverage: 2 of 8 available rows are not computable AND report a positive `totalDebt` on the SAME row, so the refusal cannot mean the flag is inapplicable to this company -- it is missing data. Flag was JUDGED on the 6 row(s) that compute.",2.0,-0.02,per_item
general,NRDY,stage1_veto:refused_rows,"uInterestCoverage: 2 of 8 available rows are not computable AND report a positive `totalDebt` on the SAME row, so the refusal cannot mean the flag is inapplicable to this company -- it is missing data. Flag was ABSTAINED -- 2 row(s) is under the 6-row partial-window floor.",2.0,-0.02,per_item
Mining,OCI.AS,stage1_veto:refused_rows,"producerEbitdaPositive: 2 of 8 available rows are not computable AND report no `revenue` figure at all, or a NEGATIVE one on the SAME row, so the refusal cannot mean the flag is inapplicable to this company -- it is missing data. Flag was JUDGED on the 6 row(s) that compute.",2.0,-0.02,per_item
general,PARR,stage1_veto:refused_rows,"uInterestCoverage: 2 of 8 available rows are not computable AND report a positive `totalDebt` on the SAME row, so the refusal cannot mean the flag is inapplicable to this company -- it is missing data. Flag was JUDGED on the 6 row(s) that compute.",2.0,-0.02,per_item
general,PLX.PA,stage1_veto:refused_rows,"uInterestCoverage: 1 of 7 available rows are not computable AND report a positive `totalDebt` on the SAME row, so the refusal cannot mean the flag is inapplicable to this company -- it is missing data. Flag was JUDGED on the 6 row(s) that compute.",1.0,-0.01,per_item
general,PLX.PA,stage1_veto:short_panel,"panel carries 7 of the 8 newest-first rows the veto window needs, so every flag is evaluated (or refused) on a short history",1.0,-0.01,per_item
general,POWW,stage1_veto:refused_rows,"uInterestCoverage: 2 of 8 available rows are not computable AND report a positive `totalDebt` on the SAME row, so the refusal cannot mean the flag is inapplicable to this company -- it is missing data. Flag was JUDGED on the 6 row(s) that compute.",2.0,-0.02,per_item
general,PYPD,stage1_veto:refused_rows,"uInterestCoverage: 2 of 8 available rows are not computable AND report a positive `totalDebt` on the SAME row, so the refusal cannot mean the flag is inapplicable to this company -- it is missing data. Flag was JUDGED on the 6 row(s) that compute.",2.0,-0.02,per_item
general,TIG.L,stage1_veto:refused_rows,"uInterestCoverage: 2 of 8 available rows are not computable AND report a positive `totalDebt` on the SAME row, so the refusal cannot mean the flag is inapplicable to this company -- it is missing data. Flag was JUDGED on the 6 row(s) that compute.",2.0,-0.02,per_item
general,TPX-B.TO,stage1_veto:refused_rows,"uInterestCoverage: 2 of 8 available rows are not computable AND report a positive `totalDebt` on the SAME row, so the refusal cannot mean the flag is inapplicable to this company -- it is missing data. Flag was JUDGED on the 6 row(s) that compute.",2.0,-0.02,per_item
general,TSM,stage1_veto:refused_rows,"uInterestCoverage: 2 of 8 available rows are not computable AND report a positive `totalDebt` on the SAME row, so the refusal cannot mean the flag is inapplicable to this company -- it is missing data. Flag was JUDGED on the 6 row(s) that compute.",2.0,-0.02,per_item
general,UBI.PA,stage1_veto:refused_rows,"uInterestCoverage: 2 of 8 available rows are not computable AND report a positive `totalDebt` on the SAME row, so the refusal cannot mean the flag is inapplicable to this company -- it is missing data. Flag was JUDGED on the 6 row(s) that compute.",2.0,-0.02,per_item
general,URE.TO,stage1_veto:refused_rows,"uInterestCoverage: 2 of 8 available rows are not computable AND report a positive `totalDebt` on the SAME row, so the refusal cannot mean the flag is inapplicable to this company -- it is missing data. Flag was JUDGED on the 6 row(s) that compute.",2.0,-0.02,per_item
general,000270.KS,stage1_veto:refused_rows,"uInterestCoverage: 1 of 8 available rows are not computable AND report a positive `totalDebt` on the SAME row, so the refusal cannot mean the flag is inapplicable to this company -- it is missing data. Flag was JUDGED on the 7 row(s) that compute.",1.0,-0.01,per_item
general,000660.KS,stage1_veto:refused_rows,"uInterestCoverage: 1 of 8 available rows are not computable AND report a positive `totalDebt` on the SAME row, so the refusal cannot mean the flag is inapplicable to this company -- it is missing data. Flag was JUDGED on the 7 row(s) that compute.",1.0,-0.01,per_item
FinManager,001500.KS,stage1_veto:refused_rows,"uInterestCoverage: 1 of 8 available rows are not computable AND report a positive `totalDebt` on the SAME row, so the refusal cannot mean the flag is inapplicable to this company -- it is missing data. Flag was JUDGED on the 7 row(s) that compute.",1.0,-0.01,per_item
FinManager,001720.KS,stage1_veto:refused_rows,"uInterestCoverage: 1 of 8 available rows are not computable AND report a positive `totalDebt` on the SAME row, so the refusal cannot mean the flag is inapplicable to this company -- it is missing data. Flag was JUDGED on the 7 row(s) that compute.",1.0,-0.01,per_item
general,003090.KS,stage1_veto:refused_rows,"uInterestCoverage: 1 of 8 available rows are not computable AND report a positive `totalDebt` on the SAME row, so the refusal cannot mean the flag is inapplicable to this company -- it is missing data. Flag was JUDGED on the 7 row(s) that compute.",1.0,-0.01,per_item
general,003230.KS,stage1_veto:refused_rows,"uInterestCoverage: 1 of 8 available rows are not computable AND report a positive `totalDebt` on the SAME row, so the refusal cannot mean the flag is inapplicable to this company -- it is missing data. Flag was JUDGED on the 7 row(s) that compute.",1.0,-0.01,per_item
general,005930.KS,stage1_veto:refused_rows,"uInterestCoverage: 1 of 8 available rows are not computable AND report a positive `totalDebt` on the SAME row, so the refusal cannot mean the flag is inapplicable to this company -- it is missing data. Flag was JUDGED on the 7 row(s) that compute.",1.0,-0.01,per_item
general,009150.KS,stage1_veto:refused_rows,"uInterestCoverage: 1 of 8 available rows are not computable AND report a positive `totalDebt` on the SAME row, so the refusal cannot mean the flag is inapplicable to this company -- it is missing data. Flag was JUDGED on the 7 row(s) that compute.",1.0,-0.01,per_item
general,009970.KS,stage1_veto:refused_rows,"uInterestCoverage: 1 of 8 available rows are not computable AND report a positive `totalDebt` on the SAME row, so the refusal cannot mean the flag is inapplicable to this company -- it is missing data. Flag was JUDGED on the 7 row(s) that compute.",1.0,-0.01,per_item
REIT,013120.KQ,stage1_veto:refused_rows,"reitEbitdaInterestCoverage: 1 of 8 available rows are not computable AND report a positive `totalDebt` on the SAME row, so the refusal cannot mean the flag is inapplicable to this company -- it is missing data. Flag was JUDGED on the 7 row(s) that compute.",1.0,-0.01,per_item
general,033270.KS,stage1_veto:refused_rows,"uInterestCoverage: 1 of 8 available rows are not computable AND report a positive `totalDebt` on the SAME row, so the refusal cannot mean the flag is inapplicable to this company -- it is missing data. Flag was JUDGED on the 7 row(s) that compute.",1.0,-0.01,per_item
general,035420.KS,stage1_veto:refused_rows,"uInterestCoverage: 1 of 8 available rows are not computable AND report a positive `totalDebt` on the SAME row, so the refusal cannot mean the flag is inapplicable to this company -- it is missing data. Flag was JUDGED on the 7 row(s) that compute.",1.0,-0.01,per_item
Mining,078130.KQ,stage1_veto:refused_rows,"producerEbitdaPositive: 1 of 8 available rows are not computable AND report no `revenue` figure at all, or a NEGATIVE one on the SAME row, so the refusal cannot mean the flag is inapplicable to this company -- it is missing data. Flag was JUDGED on the 7 row(s) that compute.",1.0,-0.01,per_item
general,085310.KS,stage1_veto:refused_rows,"uInterestCoverage: 1 of 8 available rows are not computable AND report a positive `totalDebt` on the SAME row, so the refusal cannot mean the flag is inapplicable to this company -- it is missing data. Flag was JUDGED on the 7 row(s) that compute.",1.0,-0.01,per_item
general,089590.KS,stage1_veto:refused_rows,"uInterestCoverage: 1 of 8 available rows are not computable AND report a positive `totalDebt` on the SAME row, so the refusal cannot mean the flag is inapplicable to this company -- it is missing data. Flag was JUDGED on the 7 row(s) that compute.",1.0,-0.01,per_item
general,096760.KS,stage1_veto:refused_rows,"uInterestCoverage: 1 of 8 available rows are not computable AND report a positive `totalDebt` on the SAME row, so the refusal cannot mean the flag is inapplicable to this company -- it is missing data. Flag was JUDGED on the 7 row(s) that compute.",1.0,-0.01,per_item
general,0DUI.L,stage1_veto:refused_rows,"uInterestCoverage: 1 of 8 available rows are not computable AND report a positive `totalDebt` on the SAME row, so the refusal cannot mean the flag is inapplicable to this company -- it is missing data. Flag was JUDGED on the 7 row(s) that compute.",1.0,-0.01,per_item
general,0HTF.L,stage1_veto:refused_rows,"uInterestCoverage: 1 of 8 available rows are not computable AND report a positive `totalDebt` on the SAME row, so the refusal cannot mean the flag is inapplicable to this company -- it is missing data. Flag was JUDGED on the 7 row(s) that compute.",1.0,-0.01,per_item
general,0J4V.L,stage1_veto:refused_rows,"uInterestCoverage: 1 of 8 available rows are not computable AND report a positive `totalDebt` on the SAME row, so the refusal cannot mean the flag is inapplicable to this company -- it is missing data. Flag was JUDGED on the 7 row(s) that compute.",1.0,-0.01,per_item
general,0QQF.L,stage1_veto:refused_rows,"uInterestCoverage: 1 of 8 available rows are not computable AND report a positive `totalDebt` on the SAME row, so the refusal cannot mean the flag is inapplicable to this company -- it is missing data. Flag was JUDGED on the 7 row(s) that compute.",1.0,-0.01,per_item
general,0RKK.L,stage1_veto:refused_rows,"uInterestCoverage: 1 of 8 available rows are not computable AND report a positive `totalDebt` on the SAME row, so the refusal cannot mean the flag is inapplicable to this company -- it is missing data. Flag was JUDGED on the 7 row(s) that compute.",1.0,-0.01,per_item
general,105840.KS,stage1_veto:refused_rows,"uInterestCoverage: 1 of 8 available rows are not computable AND report a positive `totalDebt` on the SAME row, so the refusal cannot mean the flag is inapplicable to this company -- it is missing data. Flag was JUDGED on the 7 row(s) that compute.",1.0,-0.01,per_item
general,111770.KS,stage1_veto:refused_rows,"uInterestCoverage: 1 of 8 available rows are not computable AND report a positive `totalDebt` on the SAME row, so the refusal cannot mean the flag is inapplicable to this company -- it is missing data. Flag was JUDGED on the 7 row(s) that compute.",1.0,-0.01,per_item
general,126560.KS,stage1_veto:refused_rows,"uInterestCoverage: 1 of 8 available rows are not computable AND report a positive `totalDebt` on the SAME row, so the refusal cannot mean the flag is inapplicable to this company -- it is missing data. Flag was JUDGED on the 7 row(s) that compute.",1.0,-0.01,per_item
general,158430.KQ,stage1_veto:refused_rows,"uInterestCoverage: 1 of 8 available rows are not computable AND report a positive `totalDebt` on the SAME row, so the refusal cannot mean the flag is inapplicable to this company -- it is missing data. Flag was JUDGED on the 7 row(s) that compute.",1.0,-0.01,per_item
general,159580.KQ,stage1_veto:refused_rows,"uInterestCoverage: 1 of 8 available rows are not computable AND report a positive `totalDebt` on the SAME row, so the refusal cannot mean the flag is inapplicable to this company -- it is missing data. Flag was JUDGED on the 7 row(s) that compute.",1.0,-0.01,per_item
general,181710.KS,stage1_veto:refused_rows,"uInterestCoverage: 1 of 8 available rows are not computable AND report a positive `totalDebt` on the SAME row, so the refusal cannot mean the flag is inapplicable to this company -- it is missing data. Flag was JUDGED on the 7 row(s) that compute.",1.0,-0.01,per_item
general,200670.KQ,stage1_veto:refused_rows,"uInterestCoverage: 1 of 8 available rows are not computable AND report a positive `totalDebt` on the SAME row, so the refusal cannot mean the flag is inapplicable to this company -- it is missing data. Flag was JUDGED on the 7 row(s) that compute.",1.0,-0.01,per_item
general,234080.KS,stage1_veto:refused_rows,"uInterestCoverage: 1 of 8 available rows are not computable AND report a positive `totalDebt` on the SAME row, so the refusal cannot mean the flag is inapplicable to this company -- it is missing data. Flag was JUDGED on the 7 row(s) that compute.",1.0,-0.01,per_item
general,271940.KS,stage1_veto:refused_rows,"uInterestCoverage: 1 of 8 available rows are not computable AND report a positive `totalDebt` on the SAME row, so the refusal cannot mean the flag is inapplicable to this company -- it is missing data. Flag was JUDGED on the 7 row(s) that compute.",1.0,-0.01,per_item
general,290650.KQ,stage1_veto:refused_rows,"uInterestCoverage: 1 of 8 available rows are not computable AND report a positive `totalDebt` on the SAME row, so the refusal cannot mean the flag is inapplicable to this company -- it is missing data. Flag was JUDGED on the 7 row(s) that compute.",1.0,-0.01,per_item
general,AB.PA,stage1_veto:refused_rows,"uInterestCoverage: 1 of 8 available rows are not computable AND report a positive `totalDebt` on the SAME row, so the refusal cannot mean the flag is inapplicable to this company -- it is missing data. Flag was JUDGED on the 7 row(s) that compute.",1.0,-0.01,per_item
general,ACB,stage1_veto:refused_rows,"uInterestCoverage: 1 of 8 available rows are not computable AND report a positive `totalDebt` on the SAME row, so the refusal cannot mean the flag is inapplicable to this company -- it is missing data. Flag was JUDGED on the 7 row(s) that compute.",1.0,-0.01,per_item
general,ACHV,stage1_veto:refused_rows,"uInterestCoverage: 1 of 8 available rows are not computable AND report a positive `totalDebt` on the SAME row, so the refusal cannot mean the flag is inapplicable to this company -- it is missing data. Flag was JUDGED on the 7 row(s) that compute.",1.0,-0.01,per_item
general,AGL,stage1_veto:refused_rows,"uInterestCoverage: 1 of 8 available rows are not computable AND report a positive `totalDebt` on the SAME row, so the refusal cannot mean the flag is inapplicable to this company -- it is missing data. Flag was JUDGED on the 7 row(s) that compute.",1.0,-0.01,per_item
REIT,AIF.TO,stage1_veto:refused_rows,"reitEbitdaInterestCoverage: 1 of 8 available rows are not computable AND report a positive `totalDebt` on the SAME row, so the refusal cannot mean the flag is inapplicable to this company -- it is missing data. Flag was JUDGED on the 7 row(s) that compute.",1.0,-0.01,per_item
general,AKBA,stage1_veto:refused_rows,"uInterestCoverage: 1 of 8 available rows are not computable AND report a positive `totalDebt` on the SAME row, so the refusal cannot mean the flag is inapplicable to this company -- it is missing data. Flag was JUDGED on the 7 row(s) that compute.",1.0,-0.01,per_item
general,ALBIZ.PA,stage1_veto:refused_rows,"uInterestCoverage: 1 of 8 available rows are not computable AND report a positive `totalDebt` on the SAME row, so the refusal cannot mean the flag is inapplicable to this company -- it is missing data. Flag was JUDGED on the 7 row(s) that compute.",1.0,-0.01,per_item
general,ALDAR.PA,stage1_veto:refused_rows,"uInterestCoverage: 1 of 8 available rows are not computable AND report a positive `totalDebt` on the SAME row, so the refusal cannot mean the flag is inapplicable to this company -- it is missing data. Flag was JUDGED on the 7 row(s) that compute.",1.0,-0.01,per_item
general,ALDLS.PA,stage1_veto:refused_rows,"uInterestCoverage: 1 of 8 available rows are not computable AND report a positive `totalDebt` on the SAME row, so the refusal cannot mean the flag is inapplicable to this company -- it is missing data. Flag was JUDGED on the 7 row(s) that compute.",1.0,-0.01,per_item
general,ALECP.PA,stage1_veto:refused_rows,"uInterestCoverage: 1 of 8 available rows are not computable AND report a positive `totalDebt` on the SAME row, so the refusal cannot mean the flag is inapplicable to this company -- it is missing data. Flag was JUDGED on the 7 row(s) that compute.",1.0,-0.01,per_item
general,ALGIL.PA,stage1_veto:refused_rows,"uInterestCoverage: 1 of 8 available rows are not computable AND report a positive `totalDebt` on the SAME row, so the refusal cannot mean the flag is inapplicable to this company -- it is missing data. Flag was JUDGED on the 7 row(s) that compute.",1.0,-0.01,per_item
general,ALGTR.PA,stage1_veto:refused_rows,"uInterestCoverage: 1 of 8 available rows are not computable AND report a positive `totalDebt` on the SAME row, so the refusal cannot mean the flag is inapplicable to this company -- it is missing data. Flag was JUDGED on the 7 row(s) that compute.",1.0,-0.01,per_item
general,ALHUN.PA,stage1_veto:short_panel,"panel carries 7 of the 8 newest-first rows the veto window needs, so every flag is evaluated (or refused) on a short history",1.0,-0.01,per_item
general,ALNSC.PA,stage1_veto:refused_rows,"uInterestCoverage: 1 of 8 available rows are not computable AND report a positive `totalDebt` on the SAME row, so the refusal cannot mean the flag is inapplicable to this company -- it is missing data. Flag was JUDGED on the 7 row(s) that compute.",1.0,-0.01,per_item
general,ALPHI.PA,stage1_veto:refused_rows,"uInterestCoverage: 1 of 8 available rows are not computable AND report a positive `totalDebt` on the SAME row, so the refusal cannot mean the flag is inapplicable to this company -- it is missing data. Flag was JUDGED on the 7 row(s) that compute.",1.0,-0.01,per_item
general,ALPJT.PA,stage1_veto:refused_rows,"uInterestCoverage: 1 of 8 available rows are not computable AND report a positive `totalDebt` on the SAME row, so the refusal cannot mean the flag is inapplicable to this company -- it is missing data. Flag was JUDGED on the 7 row(s) that compute.",1.0,-0.01,per_item
general,ALRFG.PA,stage1_veto:refused_rows,"uInterestCoverage: 1 of 8 available rows are not computable AND report a positive `totalDebt` on the SAME row, so the refusal cannot mean the flag is inapplicable to this company -- it is missing data. Flag was JUDGED on the 7 row(s) that compute.",1.0,-0.01,per_item
general,ALSTW.PA,stage1_veto:refused_rows,"uInterestCoverage: 1 of 8 available rows are not computable AND report a positive `totalDebt` on the SAME row, so the refusal cannot mean the flag is inapplicable to this company -- it is missing data. Flag was JUDGED on the 7 row(s) that compute.",1.0,-0.01,per_item
REIT,ALTA.PA,stage1_veto:refused_rows,"reitEbitdaInterestCoverage: 1 of 8 available rows are not computable AND report a positive `totalDebt` on the SAME row, so the refusal cannot mean the flag is inapplicable to this company -- it is missing data. Flag was JUDGED on the 7 row(s) that compute.",1.0,-0.01,per_item
general,ALTHE.PA,stage1_veto:refused_rows,"uInterestCoverage: 1 of 8 available rows are not computable AND report a positive `totalDebt` on the SAME row, so the refusal cannot mean the flag is inapplicable to this company -- it is missing data. Flag was JUDGED on the 7 row(s) that compute.",1.0,-0.01,per_item
general,ALTPC.PA,stage1_veto:refused_rows,"uInterestCoverage: 1 of 8 available rows are not computable AND report a positive `totalDebt` on the SAME row, so the refusal cannot mean the flag is inapplicable to this company -- it is missing data. Flag was JUDGED on the 7 row(s) that compute.",1.0,-0.01,per_item
general,ARCB,stage1_veto:refused_rows,"uInterestCoverage: 1 of 8 available rows are not computable AND report a positive `totalDebt` on the SAME row, so the refusal cannot mean the flag is inapplicable to this company -- it is missing data. Flag was JUDGED on the 7 row(s) that compute.",1.0,-0.01,per_item
general,ARQQ,stage1_veto:refused_rows,"uInterestCoverage: 1 of 8 available rows are not computable AND report a positive `totalDebt` on the SAME row, so the refusal cannot mean the flag is inapplicable to this company -- it is missing data. Flag was JUDGED on the 7 row(s) that compute.",1.0,-0.01,per_item
general,ARW,stage1_veto:refused_rows,"uInterestCoverage: 1 of 8 available rows are not computable AND report a positive `totalDebt` on the SAME row, so the refusal cannot mean the flag is inapplicable to this company -- it is missing data. Flag was JUDGED on the 7 row(s) that compute.",1.0,-0.01,per_item
general,ATH.TO,stage1_veto:refused_rows,"uInterestCoverage: 1 of 8 available rows are not computable AND report a positive `totalDebt` on the SAME row, so the refusal cannot mean the flag is inapplicable to this company -- it is missing data. Flag was JUDGED on the 7 row(s) that compute.",1.0,-0.01,per_item
REIT,BASS.PA,stage1_veto:refused_rows,"reitEbitdaInterestCoverage: 1 of 8 available rows are not computable AND report a positive `totalDebt` on the SAME row, so the refusal cannot mean the flag is inapplicable to this company -- it is missing data. Flag was JUDGED on the 7 row(s) that compute.",1.0,-0.01,per_item
general,BDGI.TO,stage1_veto:refused_rows,"uInterestCoverage: 1 of 8 available rows are not computable AND report a positive `totalDebt` on the SAME row, so the refusal cannot mean the flag is inapplicable to this company -- it is missing data. Flag was JUDGED on the 7 row(s) that compute.",1.0,-0.01,per_item
general,BNTX,stage1_veto:refused_rows,"uInterestCoverage: 1 of 8 available rows are not computable AND report a positive `totalDebt` on the SAME row, so the refusal cannot mean the flag is inapplicable to this company -- it is missing data. Flag was JUDGED on the 7 row(s) that compute.",1.0,-0.01,per_item
general,BR,stage1_veto:refused_rows,"uInterestCoverage: 1 of 8 available rows are not computable AND report a positive `totalDebt` on the SAME row, so the refusal cannot mean the flag is inapplicable to this company -- it is missing data. Flag was JUDGED on the 7 row(s) that compute.",1.0,-0.01,per_item
general,BRC,stage1_veto:refused_rows,"uInterestCoverage: 1 of 8 available rows are not computable AND report a positive `totalDebt` on the SAME row, so the refusal cannot mean the flag is inapplicable to this company -- it is missing data. Flag was JUDGED on the 7 row(s) that compute.",1.0,-0.01,per_item
general,BWEN,stage1_veto:refused_rows,"uInterestCoverage: 1 of 8 available rows are not computable AND report a positive `totalDebt` on the SAME row, so the refusal cannot mean the flag is inapplicable to this company -- it is missing data. Flag was JUDGED on the 7 row(s) that compute.",1.0,-0.01,per_item
general,CAI,stage1_veto:refused_rows,"uInterestCoverage: 1 of 8 available rows are not computable AND report a positive `totalDebt` on the SAME row, so the refusal cannot mean the flag is inapplicable to this company -- it is missing data. Flag was JUDGED on the 7 row(s) that compute.",1.0,-0.01,per_item
general,CBDG.PA,stage1_veto:refused_rows,"uInterestCoverage: 1 of 8 available rows are not computable AND report a positive `totalDebt` on the SAME row, so the refusal cannot mean the flag is inapplicable to this company -- it is missing data. Flag was ABSTAINED -- 3 row(s) is under the 6-row partial-window floor.",1.0,-0.01,per_item
general,CEN.PA,stage1_veto:refused_rows,"uInterestCoverage: 1 of 8 available rows are not computable AND report a positive `totalDebt` on the SAME row, so the refusal cannot mean the flag is inapplicable to this company -- it is missing data. Flag was JUDGED on the 7 row(s) that compute.",1.0,-0.01,per_item
general,CHG.L,stage1_veto:refused_rows,"uInterestCoverage: 1 of 8 available rows are not computable AND report a positive `totalDebt` on the SAME row, so the refusal cannot mean the flag is inapplicable to this company -- it is missing data. Flag was JUDGED on the 7 row(s) that compute.",1.0,-0.01,per_item
general,CMCOM.AS,stage1_veto:refused_rows,"uInterestCoverage: 1 of 8 available rows are not computable AND report a positive `totalDebt` on the SAME row, so the refusal cannot mean the flag is inapplicable to this company -- it is missing data. Flag was JUDGED on the 7 row(s) that compute.",1.0,-0.01,per_item
FinManager,CME,stage1_veto:refused_rows,"uInterestCoverage: 1 of 8 available rows are not computable AND report a positive `totalDebt` on the SAME row, so the refusal cannot mean the flag is inapplicable to this company -- it is missing data. Flag was JUDGED on the 7 row(s) that compute.",1.0,-0.01,per_item
general,CNVS,stage1_veto:refused_rows,"uInterestCoverage: 1 of 8 available rows are not computable AND report a positive `totalDebt` on the SAME row, so the refusal cannot mean the flag is inapplicable to this company -- it is missing data. Flag was JUDGED on the 7 row(s) that compute.",1.0,-0.01,per_item
general,COOK,stage1_veto:refused_rows,"uInterestCoverage: 1 of 8 available rows are not computable AND report a positive `totalDebt` on the SAME row, so the refusal cannot mean the flag is inapplicable to this company -- it is missing data. Flag was JUDGED on the 7 row(s) that compute.",1.0,-0.01,per_item
REIT,COV.PA,stage1_veto:refused_rows,"reitEbitdaInterestCoverage: 1 of 8 available rows are not computable AND report a positive `totalDebt` on the SAME row, so the refusal cannot mean the flag is inapplicable to this company -- it is missing data. Flag was JUDGED on the 7 row(s) that compute.",1.0,-0.01,per_item
general,CRMD,stage1_veto:refused_rows,"uInterestCoverage: 1 of 8 available rows are not computable AND report a positive `totalDebt` on the SAME row, so the refusal cannot mean the flag is inapplicable to this company -- it is missing data. Flag was JUDGED on the 7 row(s) that compute.",1.0,-0.01,per_item
general,CROX,stage1_veto:refused_rows,"uInterestCoverage: 1 of 8 available rows are not computable AND report a positive `totalDebt` on the SAME row, so the refusal cannot mean the flag is inapplicable to this company -- it is missing data. Flag was JUDGED on the 7 row(s) that compute.",1.0,-0.01,per_item
general,DPT.PA,stage1_veto:refused_rows,"uInterestCoverage: 1 of 8 available rows are not computable AND report a positive `totalDebt` on the SAME row, so the refusal cannot mean the flag is inapplicable to this company -- it is missing data. Flag was JUDGED on the 7 row(s) that compute.",1.0,-0.01,per_item
general,ELEC.PA,stage1_veto:refused_rows,"uInterestCoverage: 1 of 8 available rows are not computable AND report a positive `totalDebt` on the SAME row, so the refusal cannot mean the flag is inapplicable to this company -- it is missing data. Flag was JUDGED on the 7 row(s) that compute.",1.0,-0.01,per_item
general,EQNR,stage1_veto:refused_rows,"uInterestCoverage: 1 of 8 available rows are not computable AND report a positive `totalDebt` on the SAME row, so the refusal cannot mean the flag is inapplicable to this company -- it is missing data. Flag was JUDGED on the 7 row(s) that compute.",1.0,-0.01,per_item
general,FEIM,stage1_veto:refused_rows,"uInterestCoverage: 1 of 8 available rows are not computable AND report a positive `totalDebt` on the SAME row, so the refusal cannot mean the flag is inapplicable to this company -- it is missing data. Flag was JUDGED on the 7 row(s) that compute.",1.0,-0.01,per_item
general,FIRY,stage1_veto:refused_rows,"uInterestCoverage: 1 of 8 available rows are not computable AND report a positive `totalDebt` on the SAME row, so the refusal cannot mean the flag is inapplicable to this company -- it is missing data. Flag was JUDGED on the 7 row(s) that compute.",1.0,-0.01,per_item
general,FND,stage1_veto:refused_rows,"uInterestCoverage: 1 of 8 available rows are not computable AND report a positive `totalDebt` on the SAME row, so the refusal cannot mean the flag is inapplicable to this company -- it is missing data. Flag was JUDGED on the 7 row(s) that compute.",1.0,-0.01,per_item
general,GLP,stage1_veto:refused_rows,"uInterestCoverage: 1 of 8 available rows are not computable AND report a positive `totalDebt` on the SAME row, so the refusal cannot mean the flag is inapplicable to this company -- it is missing data. Flag was JUDGED on the 7 row(s) that compute.",1.0,-0.01,per_item
general,GOLF,stage1_veto:refused_rows,"uInterestCoverage: 1 of 8 available rows are not computable AND report a positive `totalDebt` on the SAME row, so the refusal cannot mean the flag is inapplicable to this company -- it is missing data. Flag was JUDGED on the 7 row(s) that compute.",1.0,-0.01,per_item
general,GRND,stage1_veto:refused_rows,"uInterestCoverage: 1 of 8 available rows are not computable AND report a positive `totalDebt` on the SAME row, so the refusal cannot mean the flag is inapplicable to this company -- it is missing data. Flag was JUDGED on the 7 row(s) that compute.",1.0,-0.01,per_item
general,GRNQ,stage1_veto:refused_rows,"uInterestCoverage: 1 of 8 available rows are not computable AND report a positive `totalDebt` on the SAME row, so the refusal cannot mean the flag is inapplicable to this company -- it is missing data. Flag was JUDGED on the 7 row(s) that compute.",1.0,-0.01,per_item
general,GSAT,stage1_veto:refused_rows,"uInterestCoverage: 1 of 8 available rows are not computable AND report a positive `totalDebt` on the SAME row, so the refusal cannot mean the flag is inapplicable to this company -- it is missing data. Flag was JUDGED on the 7 row(s) that compute.",1.0,-0.01,per_item
general,HBIO,stage1_veto:refused_rows,"uInterestCoverage: 1 of 8 available rows are not computable AND report a positive `totalDebt` on the SAME row, so the refusal cannot mean the flag is inapplicable to this company -- it is missing data. Flag was JUDGED on the 7 row(s) that compute.",1.0,-0.01,per_item
general,HCSG,stage1_veto:refused_rows,"uInterestCoverage: 1 of 8 available rows are not computable AND report a positive `totalDebt` on the SAME row, so the refusal cannot mean the flag is inapplicable to this company -- it is missing data. Flag was JUDGED on the 7 row(s) that compute.",1.0,-0.01,per_item
general,HEIJM.AS,stage1_veto:refused_rows,"uInterestCoverage: 1 of 8 available rows are not computable AND report a positive `totalDebt` on the SAME row, so the refusal cannot mean the flag is inapplicable to this company -- it is missing data. Flag was JUDGED on the 7 row(s) that compute.",1.0,-0.01,per_item
general,HLF.TO,stage1_veto:refused_rows,"uInterestCoverage: 1 of 8 available rows are not computable AND report a positive `totalDebt` on the SAME row, so the refusal cannot mean the flag is inapplicable to this company -- it is missing data. Flag was JUDGED on the 7 row(s) that compute.",1.0,-0.01,per_item
FinManager,HUT,stage1_veto:refused_rows,"uInterestCoverage: 1 of 8 available rows are not computable AND report a positive `totalDebt` on the SAME row, so the refusal cannot mean the flag is inapplicable to this company -- it is missing data. Flag was JUDGED on the 7 row(s) that compute.",1.0,-0.01,per_item
general,ICU,stage1_veto:refused_rows,"uInterestCoverage: 1 of 8 available rows are not computable AND report a positive `totalDebt` on the SAME row, so the refusal cannot mean the flag is inapplicable to this company -- it is missing data. Flag was JUDGED on the 6 row(s) that compute.",1.0,-0.01,per_item
general,ILMN,stage1_veto:refused_rows,"uInterestCoverage: 1 of 8 available rows are not computable AND report a positive `totalDebt` on the SAME row, so the refusal cannot mean the flag is inapplicable to this company -- it is missing data. Flag was JUDGED on the 7 row(s) that compute.",1.0,-0.01,per_item
general,JOY.TO,stage1_veto:refused_rows,"uInterestCoverage: 1 of 8 available rows are not computable AND report a positive `totalDebt` on the SAME row, so the refusal cannot mean the flag is inapplicable to this company -- it is missing data. Flag was JUDGED on the 7 row(s) that compute.",1.0,-0.01,per_item
general,KFY,stage1_veto:refused_rows,"uInterestCoverage: 1 of 8 available rows are not computable AND report a positive `totalDebt` on the SAME row, so the refusal cannot mean the flag is inapplicable to this company -- it is missing data. Flag was JUDGED on the 7 row(s) that compute.",1.0,-0.01,per_item
general,KITS.TO,stage1_veto:refused_rows,"uInterestCoverage: 1 of 8 available rows are not computable AND report a positive `totalDebt` on the SAME row, so the refusal cannot mean the flag is inapplicable to this company -- it is missing data. Flag was JUDGED on the 7 row(s) that compute.",1.0,-0.01,per_item
Mining,LAC.TO,stage1_veto:refused_rows,"producerEbitdaPositive: 1 of 8 available rows are not computable AND report no `revenue` figure at all, or a NEGATIVE one on the SAME row, so the refusal cannot mean the flag is inapplicable to this company -- it is missing data. Flag was ABSTAINED -- 0 row(s) is under the 6-row partial-window floor.",1.0,-0.01,per_item
REIT,LI.PA,stage1_veto:refused_rows,"reitEbitdaInterestCoverage: 1 of 8 available rows are not computable AND report a positive `totalDebt` on the SAME row, so the refusal cannot mean the flag is inapplicable to this company -- it is missing data. Flag was JUDGED on the 7 row(s) that compute.",1.0,-0.01,per_item
general,LKFT.AS,stage1_veto:refused_rows,"uInterestCoverage: 1 of 8 available rows are not computable AND report a positive `totalDebt` on the SAME row, so the refusal cannot mean the flag is inapplicable to this company -- it is missing data. Flag was JUDGED on the 7 row(s) that compute.",1.0,-0.01,per_item
general,LRCX,stage1_veto:refused_rows,"uInterestCoverage: 1 of 8 available rows are not computable AND report a positive `totalDebt` on the SAME row, so the refusal cannot mean the flag is inapplicable to this company -- it is missing data. Flag was JUDGED on the 7 row(s) that compute.",1.0,-0.01,per_item
general,LSPD,stage1_veto:refused_rows,"uInterestCoverage: 1 of 8 available rows are not computable AND report a positive `totalDebt` on the SAME row, so the refusal cannot mean the flag is inapplicable to this company -- it is missing data. Flag was JUDGED on the 7 row(s) that compute.",1.0,-0.01,per_item
general,LWAY,stage1_veto:refused_rows,"uInterestCoverage: 1 of 8 available rows are not computable AND report a positive `totalDebt` on the SAME row, so the refusal cannot mean the flag is inapplicable to this company -- it is missing data. Flag was JUDGED on the 7 row(s) that compute.",1.0,-0.01,per_item
general,MCK,stage1_veto:refused_rows,"uInterestCoverage: 1 of 8 available rows are not computable AND report a positive `totalDebt` on the SAME row, so the refusal cannot mean the flag is inapplicable to this company -- it is missing data. Flag was JUDGED on the 7 row(s) that compute.",1.0,-0.01,per_item
general,MDAI,stage1_veto:refused_rows,"uInterestCoverage: 1 of 8 available rows are not computable AND report a positive `totalDebt` on the SAME row, so the refusal cannot mean the flag is inapplicable to this company -- it is missing data. Flag was JUDGED on the 7 row(s) that compute.",1.0,-0.01,per_item
general,MDB,stage1_veto:refused_rows,"uInterestCoverage: 1 of 8 available rows are not computable AND report a positive `totalDebt` on the SAME row, so the refusal cannot mean the flag is inapplicable to this company -- it is missing data. Flag was JUDGED on the 7 row(s) that compute.",1.0,-0.01,per_item
general,MU,stage1_veto:refused_rows,"uInterestCoverage: 1 of 8 available rows are not computable AND report a positive `totalDebt` on the SAME row, so the refusal cannot mean the flag is inapplicable to this company -- it is missing data. Flag was JUDGED on the 7 row(s) that compute.",1.0,-0.01,per_item
general,NABL,stage1_veto:refused_rows,"uInterestCoverage: 1 of 8 available rows are not computable AND report a positive `totalDebt` on the SAME row, so the refusal cannot mean the flag is inapplicable to this company -- it is missing data. Flag was JUDGED on the 7 row(s) that compute.",1.0,-0.01,per_item
general,NAE.PA,stage1_veto:refused_rows,"uInterestCoverage: 1 of 8 available rows are not computable AND report a positive `totalDebt` on the SAME row, so the refusal cannot mean the flag is inapplicable to this company -- it is missing data. Flag was JUDGED on the 7 row(s) that compute.",1.0,-0.01,per_item
REIT,NLOP,stage1_veto:refused_rows,"reitEbitdaInterestCoverage: 1 of 8 available rows are not computable AND report a positive `totalDebt` on the SAME row, so the refusal cannot mean the flag is inapplicable to this company -- it is missing data. Flag was JUDGED on the 7 row(s) that compute.",1.0,-0.01,per_item
general,NOMD,stage1_veto:refused_rows,"uInterestCoverage: 1 of 8 available rows are not computable AND report a positive `totalDebt` on the SAME row, so the refusal cannot mean the flag is inapplicable to this company -- it is missing data. Flag was JUDGED on the 7 row(s) that compute.",1.0,-0.01,per_item
general,NVR,stage1_veto:refused_rows,"uInterestCoverage: 1 of 8 available rows are not computable AND report a positive `totalDebt` on the SAME row, so the refusal cannot mean the flag is inapplicable to this company -- it is missing data. Flag was JUDGED on the 7 row(s) that compute.",1.0,-0.01,per_item
general,ODET.PA,stage1_veto:refused_rows,"uInterestCoverage: 1 of 8 available rows are not computable AND report a positive `totalDebt` on the SAME row, so the refusal cannot mean the flag is inapplicable to this company -- it is missing data. Flag was JUDGED on the 7 row(s) that compute.",1.0,-0.01,per_item
general,OMCL,stage1_veto:refused_rows,"uInterestCoverage: 1 of 8 available rows are not computable AND report a positive `totalDebt` on the SAME row, so the refusal cannot mean the flag is inapplicable to this company -- it is missing data. Flag was JUDGED on the 7 row(s) that compute.",1.0,-0.01,per_item
general,OMEX,stage1_veto:refused_rows,"uInterestCoverage: 1 of 8 available rows are not computable AND report a positive `totalDebt` on the SAME row, so the refusal cannot mean the flag is inapplicable to this company -- it is missing data. Flag was JUDGED on the 7 row(s) that compute.",1.0,-0.01,per_item
general,ORA.PA,stage1_veto:refused_rows,"uInterestCoverage: 1 of 8 available rows are not computable AND report a positive `totalDebt` on the SAME row, so the refusal cannot mean the flag is inapplicable to this company -- it is missing data. Flag was JUDGED on the 7 row(s) that compute.",1.0,-0.01,per_item
general,PARRO.PA,stage1_veto:refused_rows,"uInterestCoverage: 1 of 8 available rows are not computable AND report a positive `totalDebt` on the SAME row, so the refusal cannot mean the flag is inapplicable to this company -- it is missing data. Flag was JUDGED on the 7 row(s) that compute.",1.0,-0.01,per_item
general,PIG.PA,stage1_veto:refused_rows,"uInterestCoverage: 1 of 8 available rows are not computable AND report a positive `totalDebt` on the SAME row, so the refusal cannot mean the flag is inapplicable to this company -- it is missing data. Flag was JUDGED on the 7 row(s) that compute.",1.0,-0.01,per_item
general,PLAB,stage1_veto:refused_rows,"uInterestCoverage: 1 of 8 available rows are not computable AND report a positive `totalDebt` on the SAME row, so the refusal cannot mean the flag is inapplicable to this company -- it is missing data. Flag was JUDGED on the 7 row(s) that compute.",1.0,-0.01,per_item
general,PRIM,stage1_veto:refused_rows,"uInterestCoverage: 1 of 8 available rows are not computable AND report a positive `totalDebt` on the SAME row, so the refusal cannot mean the flag is inapplicable to this company -- it is missing data. Flag was JUDGED on the 7 row(s) that compute.",1.0,-0.01,per_item
general,PRMB,stage1_veto:refused_rows,"uInterestCoverage: 1 of 8 available rows are not computable AND report a positive `totalDebt` on the SAME row, so the refusal cannot mean the flag is inapplicable to this company -- it is missing data. Flag was JUDGED on the 7 row(s) that compute.",1.0,-0.01,per_item
general,RAND.AS,stage1_veto:refused_rows,"uInterestCoverage: 1 of 8 available rows are not computable AND report a positive `totalDebt` on the SAME row, so the refusal cannot mean the flag is inapplicable to this company -- it is missing data. Flag was JUDGED on the 7 row(s) that compute.",1.0,-0.01,per_item
general,RBO.PA,stage1_veto:refused_rows,"uInterestCoverage: 1 of 8 available rows are not computable AND report a positive `totalDebt` on the SAME row, so the refusal cannot mean the flag is inapplicable to this company -- it is missing data. Flag was JUDGED on the 7 row(s) that compute.",1.0,-0.01,per_item
general,RIG,stage1_veto:refused_rows,"uInterestCoverage: 1 of 8 available rows are not computable AND report a positive `totalDebt` on the SAME row, so the refusal cannot mean the flag is inapplicable to this company -- it is missing data. Flag was JUDGED on the 7 row(s) that compute.",1.0,-0.01,per_item
FinManager,RJF,stage1_veto:refused_rows,"uInterestCoverage: 1 of 8 available rows are not computable AND report a positive `totalDebt` on the SAME row, so the refusal cannot mean the flag is inapplicable to this company -- it is missing data. Flag was JUDGED on the 7 row(s) that compute.",1.0,-0.01,per_item
general,ROG,stage1_veto:refused_rows,"uInterestCoverage: 1 of 8 available rows are not computable AND report a positive `totalDebt` on the SAME row, so the refusal cannot mean the flag is inapplicable to this company -- it is missing data. Flag was JUDGED on the 7 row(s) that compute.",1.0,-0.01,per_item
general,SABE.PA,stage1_veto:refused_rows,"uInterestCoverage: 1 of 8 available rows are not computable AND report a positive `totalDebt` on the SAME row, so the refusal cannot mean the flag is inapplicable to this company -- it is missing data. Flag was JUDGED on the 7 row(s) that compute.",1.0,-0.01,per_item
REIT,SBRA,stage1_veto:refused_rows,"reitEbitdaInterestCoverage: 1 of 8 available rows are not computable AND report a positive `totalDebt` on the SAME row, so the refusal cannot mean the flag is inapplicable to this company -- it is missing data. Flag was JUDGED on the 7 row(s) that compute.",1.0,-0.01,per_item
general,SD,stage1_veto:refused_rows,"uInterestCoverage: 1 of 8 available rows are not computable AND report a positive `totalDebt` on the SAME row, so the refusal cannot mean the flag is inapplicable to this company -- it is missing data. Flag was ABSTAINED -- 1 row(s) is under the 6-row partial-window floor.",1.0,-0.01,per_item
general,SDE.TO,stage1_veto:refused_rows,"uInterestCoverage: 1 of 8 available rows are not computable AND report a positive `totalDebt` on the SAME row, so the refusal cannot mean the flag is inapplicable to this company -- it is missing data. Flag was JUDGED on the 7 row(s) that compute.",1.0,-0.01,per_item
general,SDG.PA,stage1_veto:refused_rows,"uInterestCoverage: 1 of 8 available rows are not computable AND report a positive `totalDebt` on the SAME row, so the refusal cannot mean the flag is inapplicable to this company -- it is missing data. Flag was JUDGED on the 7 row(s) that compute.",1.0,-0.01,per_item
general,SGHT,stage1_veto:refused_rows,"uInterestCoverage: 1 of 8 available rows are not computable AND report a positive `totalDebt` on the SAME row, so the refusal cannot mean the flag is inapplicable to this company -- it is missing data. Flag was JUDGED on the 7 row(s) that compute.",1.0,-0.01,per_item
general,SMSN.L,stage1_veto:refused_rows,"uInterestCoverage: 1 of 8 available rows are not computable AND report a positive `totalDebt` on the SAME row, so the refusal cannot mean the flag is inapplicable to this company -- it is missing data. Flag was JUDGED on the 7 row(s) that compute.",1.0,-0.01,per_item
general,SND,stage1_veto:refused_rows,"uInterestCoverage: 1 of 8 available rows are not computable AND report a positive `totalDebt` on the SAME row, so the refusal cannot mean the flag is inapplicable to this company -- it is missing data. Flag was JUDGED on the 7 row(s) that compute.",1.0,-0.01,per_item
general,SNY,stage1_veto:refused_rows,"uInterestCoverage: 1 of 8 available rows are not computable AND report a positive `totalDebt` on the SAME row, so the refusal cannot mean the flag is inapplicable to this company -- it is missing data. Flag was JUDGED on the 7 row(s) that compute.",1.0,-0.01,per_item
general,SOC,stage1_veto:refused_rows,"uInterestCoverage: 1 of 8 available rows are not computable AND report a positive `totalDebt` on the SAME row, so the refusal cannot mean the flag is inapplicable to this company -- it is missing data. Flag was JUDGED on the 7 row(s) that compute.",1.0,-0.01,per_item
general,SVA.TO,stage1_veto:refused_rows,"uInterestCoverage: 1 of 8 available rows are not computable AND report a positive `totalDebt` on the SAME row, so the refusal cannot mean the flag is inapplicable to this company -- it is missing data. Flag was JUDGED on the 7 row(s) that compute.",1.0,-0.01,per_item
general,TAL.TO,stage1_veto:refused_rows,"uInterestCoverage: 1 of 8 available rows are not computable AND report a positive `totalDebt` on the SAME row, so the refusal cannot mean the flag is inapplicable to this company -- it is missing data. Flag was JUDGED on the 7 row(s) that compute.",1.0,-0.01,per_item
general,TCX,stage1_veto:refused_rows,"uInterestCoverage: 1 of 8 available rows are not computable AND report a positive `totalDebt` on the SAME row, so the refusal cannot mean the flag is inapplicable to this company -- it is missing data. Flag was JUDGED on the 7 row(s) that compute.",1.0,-0.01,per_item
general,TEL,stage1_veto:refused_rows,"uInterestCoverage: 1 of 8 available rows are not computable AND report a positive `totalDebt` on the SAME row, so the refusal cannot mean the flag is inapplicable to this company -- it is missing data. Flag was JUDGED on the 7 row(s) that compute.",1.0,-0.01,per_item
general,TFI.PA,stage1_veto:refused_rows,"uInterestCoverage: 1 of 8 available rows are not computable AND report a positive `totalDebt` on the SAME row, so the refusal cannot mean the flag is inapplicable to this company -- it is missing data. Flag was JUDGED on the 7 row(s) that compute.",1.0,-0.01,per_item
general,TFW.L,stage1_veto:refused_rows,"uInterestCoverage: 1 of 8 available rows are not computable AND report a positive `totalDebt` on the SAME row, so the refusal cannot mean the flag is inapplicable to this company -- it is missing data. Flag was JUDGED on the 7 row(s) that compute.",1.0,-0.01,per_item
general,TMI.L,stage1_veto:refused_rows,"uInterestCoverage: 1 of 8 available rows are not computable AND report a positive `totalDebt` on the SAME row, so the refusal cannot mean the flag is inapplicable to this company -- it is missing data. Flag was ABSTAINED -- 1 row(s) is under the 6-row partial-window floor.",1.0,-0.01,per_item
general,TNZ.TO,stage1_veto:refused_rows,"uInterestCoverage: 1 of 8 available rows are not computable AND report a positive `totalDebt` on the SAME row, so the refusal cannot mean the flag is inapplicable to this company -- it is missing data. Flag was JUDGED on the 7 row(s) that compute.",1.0,-0.01,per_item
general,TRGP,stage1_veto:refused_rows,"uInterestCoverage: 1 of 8 available rows are not computable AND report a positive `totalDebt` on the SAME row, so the refusal cannot mean the flag is inapplicable to this company -- it is missing data. Flag was JUDGED on the 7 row(s) that compute.",1.0,-0.01,per_item
general,TWC.TO,stage1_veto:refused_rows,"uInterestCoverage: 1 of 8 available rows are not computable AND report a positive `totalDebt` on the SAME row, so the refusal cannot mean the flag is inapplicable to this company -- it is missing data. Flag was JUDGED on the 7 row(s) that compute.",1.0,-0.01,per_item
general,UGI,stage1_veto:refused_rows,"uInterestCoverage: 1 of 8 available rows are not computable AND report a positive `totalDebt` on the SAME row, so the refusal cannot mean the flag is inapplicable to this company -- it is missing data. Flag was JUDGED on the 7 row(s) that compute.",1.0,-0.01,per_item
FinManager,VCTR,stage1_veto:refused_rows,"uInterestCoverage: 1 of 8 available rows are not computable AND report a positive `totalDebt` on the SAME row, so the refusal cannot mean the flag is inapplicable to this company -- it is missing data. Flag was JUDGED on the 7 row(s) that compute.",1.0,-0.01,per_item
FinManager,VIL.PA,stage1_veto:refused_rows,"uInterestCoverage: 1 of 8 available rows are not computable AND report a positive `totalDebt` on the SAME row, so the refusal cannot mean the flag is inapplicable to this company -- it is missing data. Flag was JUDGED on the 7 row(s) that compute.",1.0,-0.01,per_item
general,VLN.TO,stage1_veto:refused_rows,"uInterestCoverage: 1 of 8 available rows are not computable AND report a positive `totalDebt` on the SAME row, so the refusal cannot mean the flag is inapplicable to this company -- it is missing data. Flag was JUDGED on the 7 row(s) that compute.",1.0,-0.01,per_item
general,VSEC,stage1_veto:refused_rows,"uInterestCoverage: 1 of 8 available rows are not computable AND report a positive `totalDebt` on the SAME row, so the refusal cannot mean the flag is inapplicable to this company -- it is missing data. Flag was JUDGED on the 7 row(s) that compute.",1.0,-0.01,per_item
general,VU.PA,stage1_veto:refused_rows,"uInterestCoverage: 1 of 8 available rows are not computable AND report a positive `totalDebt` on the SAME row, so the refusal cannot mean the flag is inapplicable to this company -- it is missing data. Flag was JUDGED on the 7 row(s) that compute.",1.0,-0.01,per_item
general,WAVE.PA,stage1_veto:refused_rows,"uInterestCoverage: 1 of 8 available rows are not computable AND report a positive `totalDebt` on the SAME row, so the refusal cannot mean the flag is inapplicable to this company -- it is missing data. Flag was JUDGED on the 7 row(s) that compute.",1.0,-0.01,per_item
general,WHWK,stage1_veto:refused_rows,"uInterestCoverage: 1 of 8 available rows are not computable AND report a positive `totalDebt` on the SAME row, so the refusal cannot mean the flag is inapplicable to this company -- it is missing data. Flag was ABSTAINED -- 1 row(s) is under the 6-row partial-window floor.",1.0,-0.01,per_item
general,WIT,stage1_veto:refused_rows,"uInterestCoverage: 1 of 8 available rows are not computable AND report a positive `totalDebt` on the SAME row, so the refusal cannot mean the flag is inapplicable to this company -- it is missing data. Flag was JUDGED on the 7 row(s) that compute.",1.0,-0.01,per_item
general,WPRT,stage1_veto:refused_rows,"uInterestCoverage: 1 of 8 available rows are not computable AND report a positive `totalDebt` on the SAME row, so the refusal cannot mean the flag is inapplicable to this company -- it is missing data. Flag was JUDGED on the 7 row(s) that compute.",1.0,-0.01,per_item
general,YORW,stage1_veto:refused_rows,"uInterestCoverage: 1 of 8 available rows are not computable AND report a positive `totalDebt` on the SAME row, so the refusal cannot mean the flag is inapplicable to this company -- it is missing data. Flag was JUDGED on the 7 row(s) that compute.",1.0,-0.01,per_item
general,ZETA,stage1_veto:refused_rows,"uInterestCoverage: 1 of 8 available rows are not computable AND report a positive `totalDebt` on the SAME row, so the refusal cannot mean the flag is inapplicable to this company -- it is missing data. Flag was JUDGED on the 7 row(s) that compute.",1.0,-0.01,per_item
general,ZOOZ,stage1_veto:refused_rows,"uInterestCoverage: 1 of 8 available rows are not computable AND report a positive `totalDebt` on the SAME row, so the refusal cannot mean the flag is inapplicable to this company -- it is missing data. Flag was JUDGED on the 7 row(s) that compute.",1.0,-0.01,per_item
