pool,source,check,reason,points,penalty,section
,,forensic_gap:beneish_components,"EXEMPT: 254 name(s) had an absent Beneish assessment that was NOT charged because `forensicFlags._classify_financial` rules the model inapplicable to them (banks, insurers, REITs). For those names the honest statement is ""the manipulation model does not apply"", not ""the assessment is absent"". Pickle-sector basis: the API sector fallback is fetched after Stage-2 and can only ADD financials, so this exemption is never wider than the tag the shortlist ships.",0.0,0.0,NOT_MEASURED
,000270.KS,1 check(s),"uInterestCoverage: 1 of 8 available rows are not computable AND report a positive `totalDebt` on the SAME row, so the refusal cannot mean the flag is inapplicable to this company -- it is missing data. Flag was JUDGED on the 7 row(s) that compute.",1.0,-0.01,per_source
,000720.KS,2 check(s),"no usable vendor data for: gross margin (GMI) | the Beneish M-score could not be formed for this name, so the manipulation assessment is ABSENT -- not clean: no usable vendor data for: gross margin (GMI)",2.0,-0.02,per_source
,001260.KS,2 check(s),"no usable vendor data for: gross margin (GMI), SG&A intensity (SGAI) | the Beneish M-score could not be formed for this name, so the manipulation assessment is ABSENT -- not clean: no usable vendor data for: gross margin (GMI), SG&A intensity (SGAI)",3.0,-0.03,per_source
,001430.KS,2 check(s),"no usable vendor data for: gross margin (GMI) | the Beneish M-score could not be formed for this name, so the manipulation assessment is ABSENT -- not clean: no usable vendor data for: gross margin (GMI)",2.0,-0.02,per_source
,001720.KS,1 check(s),"uInterestCoverage: 1 of 8 available rows are not computable AND report a positive `totalDebt` on the SAME row, so the refusal cannot mean the flag is inapplicable to this company -- it is missing data. Flag was JUDGED on the 7 row(s) that compute.",1.0,-0.01,per_source
,001820.KS,2 check(s),"no usable vendor data for: SG&A intensity (SGAI) | the Beneish M-score could not be formed for this name, so the manipulation assessment is ABSENT -- not clean: no usable vendor data for: SG&A intensity (SGAI)",2.0,-0.02,per_source
,003230.KS,1 check(s),"uInterestCoverage: 1 of 8 available rows are not computable AND report a positive `totalDebt` on the SAME row, so the refusal cannot mean the flag is inapplicable to this company -- it is missing data. Flag was JUDGED on the 7 row(s) that compute.",1.0,-0.01,per_source
,003550.KS,2 check(s),"no usable vendor data for: gross margin (GMI) | the Beneish M-score could not be formed for this name, so the manipulation assessment is ABSENT -- not clean: no usable vendor data for: gross margin (GMI)",2.0,-0.02,per_source
,005500.KS,2 check(s),"no usable vendor data for: SG&A intensity (SGAI) | the Beneish M-score could not be formed for this name, so the manipulation assessment is ABSENT -- not clean: no usable vendor data for: SG&A intensity (SGAI)",2.0,-0.02,per_source
,005940.KS,1 check(s),"uInterestCoverage: 3 of 8 available rows are not computable AND report a positive `totalDebt` on the SAME row, so the refusal cannot mean the flag is inapplicable to this company -- it is missing data. Flag was ABSTAINED -- 5 row(s) is under the 6-row partial-window floor.",3.0,-0.03,per_source
,006110.KS,2 check(s),"no usable vendor data for: gross margin (GMI) | the Beneish M-score could not be formed for this name, so the manipulation assessment is ABSENT -- not clean: no usable vendor data for: gross margin (GMI)",2.0,-0.02,per_source
,006360.KS,1 check(s),"the Beneish M-score could not be formed for this name, so the manipulation assessment is ABSENT -- not clean: fewer than half the trailing-year periods are computable (0 of 4), so the mean would not be a trailing-year mean",1.0,-0.01,per_source
,006650.KS,2 check(s),"no usable vendor data for: gross margin (GMI), SG&A intensity (SGAI) | the Beneish M-score could not be formed for this name, so the manipulation assessment is ABSENT -- not clean: no usable vendor data for: gross margin (GMI), SG&A intensity (SGAI)",3.0,-0.03,per_source
,006800.KS,1 check(s),"uInterestCoverage: 3 of 8 available rows are not computable AND report a positive `totalDebt` on the SAME row, so the refusal cannot mean the flag is inapplicable to this company -- it is missing data. Flag was ABSTAINED -- 5 row(s) is under the 6-row partial-window floor.",3.0,-0.03,per_source
,009240.KS,1 check(s),"the Beneish M-score could not be formed for this name, so the manipulation assessment is ABSENT -- not clean: fewer than half the trailing-year periods are computable (1 of 4), so the mean would not be a trailing-year mean",1.0,-0.01,per_source
,009970.KS,1 check(s),"uInterestCoverage: 1 of 8 available rows are not computable AND report a positive `totalDebt` on the SAME row, so the refusal cannot mean the flag is inapplicable to this company -- it is missing data. Flag was JUDGED on the 7 row(s) that compute.",1.0,-0.01,per_source
,011170.KS,2 check(s),"no usable vendor data for: gross margin (GMI) | the Beneish M-score could not be formed for this name, so the manipulation assessment is ABSENT -- not clean: no usable vendor data for: gross margin (GMI)",2.0,-0.02,per_source
,012330.KS,1 check(s),"the Beneish M-score could not be formed for this name, so the manipulation assessment is ABSENT -- not clean: fewer than half the trailing-year periods are computable (1 of 4), so the mean would not be a trailing-year mean",1.0,-0.01,per_source
,013120.KQ,1 check(s),"reitEbitdaInterestCoverage: 1 of 8 available rows are not computable AND report a positive `totalDebt` on the SAME row, so the refusal cannot mean the flag is inapplicable to this company -- it is missing data. Flag was JUDGED on the 7 row(s) that compute.",1.0,-0.01,per_source
,014910.KS,1 check(s),"uInterestCoverage: 1 of 8 available rows are not computable AND report a positive `totalDebt` on the SAME row, so the refusal cannot mean the flag is inapplicable to this company -- it is missing data. Flag was JUDGED on the 7 row(s) that compute.",1.0,-0.01,per_source
,016360.KS,1 check(s),"uInterestCoverage: 3 of 8 available rows are not computable AND report a positive `totalDebt` on the SAME row, so the refusal cannot mean the flag is inapplicable to this company -- it is missing data. Flag was ABSTAINED -- 5 row(s) is under the 6-row partial-window floor.",3.0,-0.03,per_source
,025560.KS,2 check(s),"no usable vendor data for: gross margin (GMI) | the Beneish M-score could not be formed for this name, so the manipulation assessment is ABSENT -- not clean: no usable vendor data for: gross margin (GMI)",2.0,-0.02,per_source
,026940.KS,1 check(s),"the Beneish M-score could not be formed for this name, so the manipulation assessment is ABSENT -- not clean: fewer than half the trailing-year periods are computable (1 of 4), so the mean would not be a trailing-year mean",1.0,-0.01,per_source
,033640.KQ,1 check(s),"uInterestCoverage: 1 of 8 available rows are not computable AND report a positive `totalDebt` on the SAME row, so the refusal cannot mean the flag is inapplicable to this company -- it is missing data. Flag was JUDGED on the 7 row(s) that compute.",1.0,-0.01,per_source
,035420.KS,3 check(s),"no usable vendor data for: gross margin (GMI), SG&A intensity (SGAI) | the Beneish M-score could not be formed for this name, so the manipulation assessment is ABSENT -- not clean: no usable vendor data for: gross margin (GMI), SG&A intensity (SGAI) | uInterestCoverage: 1 of 8 available rows are not computable AND report a positive `totalDebt` on the SAME row, so the refusal cannot mean the flag is inapplicable to this company -- it is missing data. Flag was JUDGED on the 7 row(s) that compute.",4.0,-0.04,per_source
,039440.KQ,1 check(s),"uInterestCoverage: 1 of 8 available rows are not computable AND report a positive `totalDebt` on the SAME row, so the refusal cannot mean the flag is inapplicable to this company -- it is missing data. Flag was JUDGED on the 7 row(s) that compute.",1.0,-0.01,per_source
,039490.KS,1 check(s),"uInterestCoverage: 3 of 8 available rows are not computable AND report a positive `totalDebt` on the SAME row, so the refusal cannot mean the flag is inapplicable to this company -- it is missing data. Flag was ABSTAINED -- 5 row(s) is under the 6-row partial-window floor.",3.0,-0.03,per_source
,045390.KQ,1 check(s),"the Beneish M-score could not be formed for this name, so the manipulation assessment is ABSENT -- not clean: fewer than half the trailing-year periods are computable (1 of 4), so the mean would not be a trailing-year mean",1.0,-0.01,per_source
,060250.KQ,3 check(s),"no usable vendor data for: SG&A intensity (SGAI) | the Beneish M-score could not be formed for this name, so the manipulation assessment is ABSENT -- not clean: no usable vendor data for: SG&A intensity (SGAI) | uInterestCoverage: 2 of 8 available rows are not computable AND report a positive `totalDebt` on the SAME row, so the refusal cannot mean the flag is inapplicable to this company -- it is missing data. Flag was JUDGED on the 6 row(s) that compute.",4.0,-0.04,per_source
,067160.KQ,2 check(s),"no usable vendor data for: gross margin (GMI) | the Beneish M-score could not be formed for this name, so the manipulation assessment is ABSENT -- not clean: no usable vendor data for: gross margin (GMI)",2.0,-0.02,per_source
,068760.KQ,2 check(s),"no usable vendor data for: SG&A intensity (SGAI) | the Beneish M-score could not be formed for this name, so the manipulation assessment is ABSENT -- not clean: no usable vendor data for: SG&A intensity (SGAI)",2.0,-0.02,per_source
,069080.KQ,3 check(s),"no usable vendor data for: gross margin (GMI) | the Beneish M-score could not be formed for this name, so the manipulation assessment is ABSENT -- not clean: no usable vendor data for: gross margin (GMI) | uInterestCoverage: 1 of 8 available rows are not computable AND report a positive `totalDebt` on the SAME row, so the refusal cannot mean the flag is inapplicable to this company -- it is missing data. Flag was JUDGED on the 6 row(s) that compute.",3.0,-0.03,per_source
,071050.KS,1 check(s),"uInterestCoverage: 3 of 8 available rows are not computable AND report a positive `totalDebt` on the SAME row, so the refusal cannot mean the flag is inapplicable to this company -- it is missing data. Flag was ABSTAINED -- 5 row(s) is under the 6-row partial-window floor.",3.0,-0.03,per_source
,089030.KQ,1 check(s),"the Beneish M-score could not be formed for this name, so the manipulation assessment is ABSENT -- not clean: fewer than half the trailing-year periods are computable (1 of 4), so the mean would not be a trailing-year mean",1.0,-0.01,per_source
,0NMK.L,1 check(s),"uInterestCoverage: 6 of 8 available rows are not computable AND report a positive `totalDebt` on the SAME row, so the refusal cannot mean the flag is inapplicable to this company -- it is missing data. Flag was ABSTAINED -- 2 row(s) is under the 6-row partial-window floor.",6.0,-0.06,per_source
,0QM9.L,2 check(s),"no usable vendor data for: SG&A intensity (SGAI) | the Beneish M-score could not be formed for this name, so the manipulation assessment is ABSENT -- not clean: no usable vendor data for: SG&A intensity (SGAI)",2.0,-0.02,per_source
,0QOG.L,1 check(s),"reitEbitdaInterestCoverage: 2 of 8 available rows are not computable AND report a positive `totalDebt` on the SAME row, so the refusal cannot mean the flag is inapplicable to this company -- it is missing data. Flag was JUDGED on the 6 row(s) that compute.",2.0,-0.02,per_source
,0QW8.L,1 check(s),"uInterestCoverage: 2 of 8 available rows are not computable AND report a positive `totalDebt` on the SAME row, so the refusal cannot mean the flag is inapplicable to this company -- it is missing data. Flag was JUDGED on the 6 row(s) that compute.",2.0,-0.02,per_source
,0YG8.L,2 check(s),"uInterestCoverage: 1 of 8 available rows are not computable AND report a positive `totalDebt` on the SAME row, so the refusal cannot mean the flag is inapplicable to this company -- it is missing data. Flag was JUDGED on the 7 row(s) that compute. | no usable traded-value reading: dollarVolume_usd could not be formed (no profile price, no trading currency, no FX rate, or no volAvg capture), so the $/day floor could not judge this name and kept it. It is charged rather than screened.",2.0,-0.02,per_source
,0Z4C.L,2 check(s),"no usable vendor data for: SG&A intensity (SGAI) | the Beneish M-score could not be formed for this name, so the manipulation assessment is ABSENT -- not clean: no usable vendor data for: SG&A intensity (SGAI)",2.0,-0.02,per_source
,101490.KQ,1 check(s),"uInterestCoverage: 1 of 8 available rows are not computable AND report a positive `totalDebt` on the SAME row, so the refusal cannot mean the flag is inapplicable to this company -- it is missing data. Flag was JUDGED on the 7 row(s) that compute.",1.0,-0.01,per_source
,105840.KS,3 check(s),"no usable vendor data for: SG&A intensity (SGAI) | the Beneish M-score could not be formed for this name, so the manipulation assessment is ABSENT -- not clean: no usable vendor data for: SG&A intensity (SGAI) | uInterestCoverage: 1 of 8 available rows are not computable AND report a positive `totalDebt` on the SAME row, so the refusal cannot mean the flag is inapplicable to this company -- it is missing data. Flag was JUDGED on the 7 row(s) that compute.",3.0,-0.03,per_source
,111770.KS,1 check(s),"uInterestCoverage: 1 of 8 available rows are not computable AND report a positive `totalDebt` on the SAME row, so the refusal cannot mean the flag is inapplicable to this company -- it is missing data. Flag was JUDGED on the 7 row(s) that compute.",1.0,-0.01,per_source
,112040.KQ,1 check(s),"uInterestCoverage: 2 of 8 available rows are not computable AND report a positive `totalDebt` on the SAME row, so the refusal cannot mean the flag is inapplicable to this company -- it is missing data. Flag was JUDGED on the 6 row(s) that compute.",2.0,-0.02,per_source
,121600.KQ,2 check(s),"no usable vendor data for: asset quality (AQI) | the Beneish M-score could not be formed for this name, so the manipulation assessment is ABSENT -- not clean: no usable vendor data for: asset quality (AQI)",2.0,-0.02,per_source
,158430.KQ,1 check(s),"uInterestCoverage: 1 of 8 available rows are not computable AND report a positive `totalDebt` on the SAME row, so the refusal cannot mean the flag is inapplicable to this company -- it is missing data. Flag was JUDGED on the 7 row(s) that compute.",1.0,-0.01,per_source
,161390.KS,2 check(s),"no usable vendor data for: asset quality (AQI) | the Beneish M-score could not be formed for this name, so the manipulation assessment is ABSENT -- not clean: no usable vendor data for: asset quality (AQI)",2.0,-0.02,per_source
,181710.KS,3 check(s),"no usable vendor data for: gross margin (GMI) | the Beneish M-score could not be formed for this name, so the manipulation assessment is ABSENT -- not clean: no usable vendor data for: gross margin (GMI) | uInterestCoverage: 1 of 8 available rows are not computable AND report a positive `totalDebt` on the SAME row, so the refusal cannot mean the flag is inapplicable to this company -- it is missing data. Flag was JUDGED on the 7 row(s) that compute.",3.0,-0.03,per_source
,192080.KS,2 check(s),"no usable vendor data for: gross margin (GMI) | the Beneish M-score could not be formed for this name, so the manipulation assessment is ABSENT -- not clean: no usable vendor data for: gross margin (GMI)",2.0,-0.02,per_source
,207940.KS,2 check(s),"no usable vendor data for: receivables days (DSRI) | the Beneish M-score could not be formed for this name, so the manipulation assessment is ABSENT -- not clean: no usable vendor data for: receivables days (DSRI)",2.0,-0.02,per_source
,214450.KQ,1 check(s),"uInterestCoverage: 1 of 8 available rows are not computable AND report a positive `totalDebt` on the SAME row, so the refusal cannot mean the flag is inapplicable to this company -- it is missing data. Flag was JUDGED on the 7 row(s) that compute.",1.0,-0.01,per_source
,222080.KQ,2 check(s),"no usable vendor data for: receivables days (DSRI), SG&A intensity (SGAI) | the Beneish M-score could not be formed for this name, so the manipulation assessment is ABSENT -- not clean: no usable vendor data for: receivables days (DSRI), SG&A intensity (SGAI)",3.0,-0.03,per_source
,237690.KQ,1 check(s),"uInterestCoverage: 2 of 8 available rows are not computable AND report a positive `totalDebt` on the SAME row, so the refusal cannot mean the flag is inapplicable to this company -- it is missing data. Flag was JUDGED on the 6 row(s) that compute.",2.0,-0.02,per_source
,253450.KQ,1 check(s),"uInterestCoverage: 2 of 8 available rows are not computable AND report a positive `totalDebt` on the SAME row, so the refusal cannot mean the flag is inapplicable to this company -- it is missing data. Flag was JUDGED on the 6 row(s) that compute.",2.0,-0.02,per_source
,259960.KS,2 check(s),"no usable vendor data for: gross margin (GMI) | the Beneish M-score could not be formed for this name, so the manipulation assessment is ABSENT -- not clean: no usable vendor data for: gross margin (GMI)",2.0,-0.02,per_source
,278470.KS,2 check(s),"no usable vendor data for: asset quality (AQI), depreciation rate (DEPI), SG&A intensity (SGAI), leverage (LVGI) | the Beneish M-score could not be formed for this name, so the manipulation assessment is ABSENT -- not clean: no usable vendor data for: asset quality (AQI), depreciation rate (DEPI), SG&A intensity (SGAI), leverage (LVGI)",4.0,-0.04,per_source
,290650.KQ,1 check(s),"uInterestCoverage: 1 of 8 available rows are not computable AND report a positive `totalDebt` on the SAME row, so the refusal cannot mean the flag is inapplicable to this company -- it is missing data. Flag was JUDGED on the 7 row(s) that compute.",1.0,-0.01,per_source
,298000.KS,2 check(s),"no usable vendor data for: gross margin (GMI), SG&A intensity (SGAI) | the Beneish M-score could not be formed for this name, so the manipulation assessment is ABSENT -- not clean: no usable vendor data for: gross margin (GMI), SG&A intensity (SGAI)",3.0,-0.03,per_source
,304100.KQ,2 check(s),"no usable vendor data for: gross margin (GMI) | the Beneish M-score could not be formed for this name, so the manipulation assessment is ABSENT -- not clean: no usable vendor data for: gross margin (GMI)",2.0,-0.02,per_source
,376300.KQ,2 check(s),"no usable vendor data for: gross margin (GMI) | the Beneish M-score could not be formed for this name, so the manipulation assessment is ABSENT -- not clean: no usable vendor data for: gross margin (GMI)",2.0,-0.02,per_source
,377300.KS,3 check(s),"no usable vendor data for: gross margin (GMI) | the Beneish M-score could not be formed for this name, so the manipulation assessment is ABSENT -- not clean: no usable vendor data for: gross margin (GMI) | uInterestCoverage: 4 of 8 available rows are not computable AND report a positive `totalDebt` on the SAME row, so the refusal cannot mean the flag is inapplicable to this company -- it is missing data. Flag was ABSTAINED -- 4 row(s) is under the 6-row partial-window floor.",6.0,-0.06,per_source
,AAK.ST,2 check(s),"no usable vendor data for: SG&A intensity (SGAI) | the Beneish M-score could not be formed for this name, so the manipulation assessment is ABSENT -- not clean: no usable vendor data for: SG&A intensity (SGAI)",2.0,-0.02,per_source
,AAL,1 check(s),"uInterestCoverage: 1 of 8 available rows are not computable AND report a positive `totalDebt` on the SAME row, so the refusal cannot mean the flag is inapplicable to this company -- it is missing data. Flag was JUDGED on the 7 row(s) that compute.",1.0,-0.01,per_source
,AAL.L,2 check(s),"no usable vendor data for: gross margin (GMI) | the Beneish M-score could not be formed for this name, so the manipulation assessment is ABSENT -- not clean: no usable vendor data for: gross margin (GMI)",2.0,-0.02,per_source
,AAPL,1 check(s),"uInterestCoverage: 8 of 8 available rows are not computable AND report a positive `totalDebt` on the SAME row, so the refusal cannot mean the flag is inapplicable to this company -- it is missing data. Flag was ABSTAINED -- 0 row(s) is under the 6-row partial-window floor.",8.0,-0.08,per_source
,ABB.ST,1 check(s),"uInterestCoverage: 1 of 8 available rows are not computable AND report a positive `totalDebt` on the SAME row, so the refusal cannot mean the flag is inapplicable to this company -- it is missing data. Flag was JUDGED on the 7 row(s) that compute.",1.0,-0.01,per_source
,ABXX.TO,1 check(s),"no usable traded-value reading: dollarVolume_usd could not be formed (no profile price, no trading currency, no FX rate, or no volAvg capture), so the $/day floor could not judge this name and kept it. It is charged rather than screened.",1.0,-0.01,per_source
,AC.PA,2 check(s),"no usable vendor data for: SG&A intensity (SGAI) | the Beneish M-score could not be formed for this name, so the manipulation assessment is ABSENT -- not clean: no usable vendor data for: SG&A intensity (SGAI)",2.0,-0.02,per_source
,ACB,1 check(s),"uInterestCoverage: 1 of 8 available rows are not computable AND report a positive `totalDebt` on the SAME row, so the refusal cannot mean the flag is inapplicable to this company -- it is missing data. Flag was JUDGED on the 7 row(s) that compute.",1.0,-0.01,per_source
,ACT.DE,1 check(s),"the Beneish M-score could not be formed for this name, so the manipulation assessment is ABSENT -- not clean: fewer than half the trailing-year periods are computable (1 of 4), so the mean would not be a trailing-year mean",1.0,-0.01,per_source
,ADBE,1 check(s),"uInterestCoverage: 1 of 8 available rows are not computable AND report a positive `totalDebt` on the SAME row, so the refusal cannot mean the flag is inapplicable to this company -- it is missing data. Flag was JUDGED on the 7 row(s) that compute.",1.0,-0.01,per_source
,ADS.DE,1 check(s),"uInterestCoverage: 1 of 8 available rows are not computable AND report a positive `totalDebt` on the SAME row, so the refusal cannot mean the flag is inapplicable to this company -- it is missing data. Flag was JUDGED on the 7 row(s) that compute.",1.0,-0.01,per_source
,ADSK,1 check(s),"uInterestCoverage: 6 of 8 available rows are not computable AND report a positive `totalDebt` on the SAME row, so the refusal cannot mean the flag is inapplicable to this company -- it is missing data. Flag was ABSTAINED -- 2 row(s) is under the 6-row partial-window floor.",6.0,-0.06,per_source
,ADYEN.AS,3 check(s),"no usable vendor data for: SG&A intensity (SGAI) | the Beneish M-score could not be formed for this name, so the manipulation assessment is ABSENT -- not clean: no usable vendor data for: SG&A intensity (SGAI) | uInterestCoverage: 2 of 8 available rows are not computable AND report a positive `totalDebt` on the SAME row, so the refusal cannot mean the flag is inapplicable to this company -- it is missing data. Flag was JUDGED on the 6 row(s) that compute.",4.0,-0.04,per_source
,AED.BR,1 check(s),"reitEbitdaInterestCoverage: 4 of 8 available rows are not computable AND report a positive `totalDebt` on the SAME row, so the refusal cannot mean the flag is inapplicable to this company -- it is missing data. Flag was ABSTAINED -- 4 row(s) is under the 6-row partial-window floor.",4.0,-0.04,per_source
,AFRY.ST,3 check(s),"no usable vendor data for: SG&A intensity (SGAI) | the Beneish M-score could not be formed for this name, so the manipulation assessment is ABSENT -- not clean: no usable vendor data for: SG&A intensity (SGAI) | uInterestCoverage: 1 of 8 available rows are not computable AND report a positive `totalDebt` on the SAME row, so the refusal cannot mean the flag is inapplicable to this company -- it is missing data. Flag was JUDGED on the 7 row(s) that compute.",3.0,-0.03,per_source
,AGL,1 check(s),"uInterestCoverage: 1 of 8 available rows are not computable AND report a positive `totalDebt` on the SAME row, so the refusal cannot mean the flag is inapplicable to this company -- it is missing data. Flag was JUDGED on the 7 row(s) that compute.",1.0,-0.01,per_source
,AI,1 check(s),"uInterestCoverage: 8 of 8 available rows are not computable AND report a positive `totalDebt` on the SAME row, so the refusal cannot mean the flag is inapplicable to this company -- it is missing data. Flag was ABSTAINED -- 0 row(s) is under the 6-row partial-window floor.",8.0,-0.08,per_source
,AIF.TO,1 check(s),"reitEbitdaInterestCoverage: 1 of 8 available rows are not computable AND report a positive `totalDebt` on the SAME row, so the refusal cannot mean the flag is inapplicable to this company -- it is missing data. Flag was JUDGED on the 7 row(s) that compute.",1.0,-0.01,per_source
,AIN,2 check(s),"no usable vendor data for: gross margin (GMI) | the Beneish M-score could not be formed for this name, so the manipulation assessment is ABSENT -- not clean: no usable vendor data for: gross margin (GMI)",2.0,-0.02,per_source
,AKBA,2 check(s),"the Beneish M-score could not be formed for this name, so the manipulation assessment is ABSENT -- not clean: fewer than half the trailing-year periods are computable (1 of 4), so the mean would not be a trailing-year mean | uInterestCoverage: 1 of 8 available rows are not computable AND report a positive `totalDebt` on the SAME row, so the refusal cannot mean the flag is inapplicable to this company -- it is missing data. Flag was JUDGED on the 7 row(s) that compute.",2.0,-0.02,per_source
,AKBM.OL,1 check(s),"uInterestCoverage: 1 of 8 available rows are not computable AND report a positive `totalDebt` on the SAME row, so the refusal cannot mean the flag is inapplicable to this company -- it is missing data. Flag was JUDGED on the 7 row(s) that compute.",1.0,-0.01,per_source
,AKER.OL,3 check(s),"no usable vendor data for: gross margin (GMI), SG&A intensity (SGAI) | the Beneish M-score could not be formed for this name, so the manipulation assessment is ABSENT -- not clean: no usable vendor data for: gross margin (GMI), SG&A intensity (SGAI) | uInterestCoverage: 1 of 8 available rows are not computable AND report a positive `totalDebt` on the SAME row, so the refusal cannot mean the flag is inapplicable to this company -- it is missing data. Flag was JUDGED on the 7 row(s) that compute.",4.0,-0.04,per_source
,AKRBP.OL,2 check(s),"no usable vendor data for: SG&A intensity (SGAI) | the Beneish M-score could not be formed for this name, so the manipulation assessment is ABSENT -- not clean: no usable vendor data for: SG&A intensity (SGAI)",2.0,-0.02,per_source
,AKSO.OL,3 check(s),"no usable vendor data for: SG&A intensity (SGAI) | the Beneish M-score could not be formed for this name, so the manipulation assessment is ABSENT -- not clean: no usable vendor data for: SG&A intensity (SGAI) | uInterestCoverage: 3 of 8 available rows are not computable AND report a positive `totalDebt` on the SAME row, so the refusal cannot mean the flag is inapplicable to this company -- it is missing data. Flag was ABSTAINED -- 5 row(s) is under the 6-row partial-window floor.",5.0,-0.05,per_source
,AL2SI.PA,3 check(s),"no usable vendor data for: receivables days (DSRI) | the Beneish M-score could not be formed for this name, so the manipulation assessment is ABSENT -- not clean: no usable vendor data for: receivables days (DSRI) | uInterestCoverage: 4 of 8 available rows are not computable AND report a positive `totalDebt` on the SAME row, so the refusal cannot mean the flag is inapplicable to this company -- it is missing data. Flag was ABSTAINED -- 3 row(s) is under the 6-row partial-window floor.",6.0,-0.06,per_source
,ALFA.ST,1 check(s),"uInterestCoverage: 1 of 8 available rows are not computable AND report a positive `totalDebt` on the SAME row, so the refusal cannot mean the flag is inapplicable to this company -- it is missing data. Flag was JUDGED on the 7 row(s) that compute.",1.0,-0.01,per_source
,ALFEN.AS,2 check(s),"no usable vendor data for: gross margin (GMI) | the Beneish M-score could not be formed for this name, so the manipulation assessment is ABSENT -- not clean: no usable vendor data for: gross margin (GMI)",2.0,-0.02,per_source
,ALIG.ST,2 check(s),"no usable vendor data for: SG&A intensity (SGAI) | the Beneish M-score could not be formed for this name, so the manipulation assessment is ABSENT -- not clean: no usable vendor data for: SG&A intensity (SGAI)",2.0,-0.02,per_source
,ALLT,1 check(s),"uInterestCoverage: 8 of 8 available rows are not computable AND report a positive `totalDebt` on the SAME row, so the refusal cannot mean the flag is inapplicable to this company -- it is missing data. Flag was ABSTAINED -- 0 row(s) is under the 6-row partial-window floor.",8.0,-0.08,per_source
,ALTR.LS,2 check(s),"no usable vendor data for: SG&A intensity (SGAI) | the Beneish M-score could not be formed for this name, so the manipulation assessment is ABSENT -- not clean: no usable vendor data for: SG&A intensity (SGAI)",2.0,-0.02,per_source
,ALTRA.ST,1 check(s),"reitEbitdaInterestCoverage: 1 of 8 available rows are not computable AND report a positive `totalDebt` on the SAME row, so the refusal cannot mean the flag is inapplicable to this company -- it is missing data. Flag was JUDGED on the 7 row(s) that compute.",1.0,-0.01,per_source
,AM.PA,2 check(s),"no usable vendor data for: SG&A intensity (SGAI) | the Beneish M-score could not be formed for this name, so the manipulation assessment is ABSENT -- not clean: no usable vendor data for: SG&A intensity (SGAI)",2.0,-0.02,per_source
,AMLX,1 check(s),"uInterestCoverage: 8 of 8 available rows are not computable AND report a positive `totalDebt` on the SAME row, so the refusal cannot mean the flag is inapplicable to this company -- it is missing data. Flag was ABSTAINED -- 0 row(s) is under the 6-row partial-window floor.",8.0,-0.08,per_source
,ANDE,2 check(s),"no usable vendor data for: SG&A intensity (SGAI) | the Beneish M-score could not be formed for this name, so the manipulation assessment is ABSENT -- not clean: no usable vendor data for: SG&A intensity (SGAI)",2.0,-0.02,per_source
,ANIK,3 check(s),"no usable vendor data for: receivables days (DSRI), gross margin (GMI), SG&A intensity (SGAI) | the Beneish M-score could not be formed for this name, so the manipulation assessment is ABSENT -- not clean: no usable vendor data for: receivables days (DSRI), gross margin (GMI), SG&A intensity (SGAI) | uInterestCoverage: 8 of 8 available rows are not computable AND report a positive `totalDebt` on the SAME row, so the refusal cannot mean the flag is inapplicable to this company -- it is missing data. Flag was ABSTAINED -- 0 row(s) is under the 6-row partial-window floor.",12.0,-0.12,per_source
,AOF.DE,3 check(s),"no usable vendor data for: SG&A intensity (SGAI) | the Beneish M-score could not be formed for this name, so the manipulation assessment is ABSENT -- not clean: no usable vendor data for: SG&A intensity (SGAI) | uInterestCoverage: 1 of 8 available rows are not computable AND report a positive `totalDebt` on the SAME row, so the refusal cannot mean the flag is inapplicable to this company -- it is missing data. Flag was JUDGED on the 7 row(s) that compute.",3.0,-0.03,per_source
,AOUT,1 check(s),"uInterestCoverage: 4 of 8 available rows are not computable AND report a positive `totalDebt` on the SAME row, so the refusal cannot mean the flag is inapplicable to this company -- it is missing data. Flag was ABSTAINED -- 4 row(s) is under the 6-row partial-window floor.",4.0,-0.04,per_source
,APAM.AS,2 check(s),"no usable vendor data for: receivables days (DSRI), gross margin (GMI), SG&A intensity (SGAI) | the Beneish M-score could not be formed for this name, so the manipulation assessment is ABSENT -- not clean: no usable vendor data for: receivables days (DSRI), gross margin (GMI), SG&A intensity (SGAI)",4.0,-0.04,per_source
,AQ.ST,3 check(s),"no usable vendor data for: SG&A intensity (SGAI) | the Beneish M-score could not be formed for this name, so the manipulation assessment is ABSENT -- not clean: no usable vendor data for: SG&A intensity (SGAI) | uInterestCoverage: 3 of 8 available rows are not computable AND report a positive `totalDebt` on the SAME row, so the refusal cannot mean the flag is inapplicable to this company -- it is missing data. Flag was ABSTAINED -- 5 row(s) is under the 6-row partial-window floor.",5.0,-0.05,per_source
,ARCAD.AS,2 check(s),"no usable vendor data for: SG&A intensity (SGAI) | the Beneish M-score could not be formed for this name, so the manipulation assessment is ABSENT -- not clean: no usable vendor data for: SG&A intensity (SGAI)",2.0,-0.02,per_source
,ARCB,3 check(s),"no usable vendor data for: SG&A intensity (SGAI) | the Beneish M-score could not be formed for this name, so the manipulation assessment is ABSENT -- not clean: no usable vendor data for: SG&A intensity (SGAI) | uInterestCoverage: 1 of 8 available rows are not computable AND report a positive `totalDebt` on the SAME row, so the refusal cannot mean the flag is inapplicable to this company -- it is missing data. Flag was JUDGED on the 7 row(s) that compute.",3.0,-0.03,per_source
,ARE.TO,2 check(s),"no usable vendor data for: gross margin (GMI) | the Beneish M-score could not be formed for this name, so the manipulation assessment is ABSENT -- not clean: no usable vendor data for: gross margin (GMI)",2.0,-0.02,per_source
,ARIS,1 check(s),"the Beneish M-score could not be formed for this name, so the manipulation assessment is ABSENT -- not clean: fewer than half the trailing-year periods are computable (1 of 4), so the mean would not be a trailing-year mean",1.0,-0.01,per_source
,ARQQ,1 check(s),"uInterestCoverage: 1 of 8 available rows are not computable AND report a positive `totalDebt` on the SAME row, so the refusal cannot mean the flag is inapplicable to this company -- it is missing data. Flag was JUDGED on the 7 row(s) that compute.",1.0,-0.01,per_source
,ARW,1 check(s),"uInterestCoverage: 1 of 8 available rows are not computable AND report a positive `totalDebt` on the SAME row, so the refusal cannot mean the flag is inapplicable to this company -- it is missing data. Flag was JUDGED on the 7 row(s) that compute.",1.0,-0.01,per_source
,ASM.AS,1 check(s),"uInterestCoverage: 8 of 8 available rows are not computable AND report a positive `totalDebt` on the SAME row, so the refusal cannot mean the flag is inapplicable to this company -- it is missing data. Flag was ABSTAINED -- 0 row(s) is under the 6-row partial-window floor.",8.0,-0.08,per_source
,ASML.AS,1 check(s),"uInterestCoverage: 7 of 8 available rows are not computable AND report a positive `totalDebt` on the SAME row, so the refusal cannot mean the flag is inapplicable to this company -- it is missing data. Flag was ABSTAINED -- 1 row(s) is under the 6-row partial-window floor.",7.0,-0.07,per_source
,ASPN,1 check(s),"the Beneish M-score could not be formed for this name, so the manipulation assessment is ABSENT -- not clean: fewer than half the trailing-year periods are computable (0 of 4), so the mean would not be a trailing-year mean",1.0,-0.01,per_source
,ASSA-B.ST,1 check(s),"uInterestCoverage: 1 of 8 available rows are not computable AND report a positive `totalDebt` on the SAME row, so the refusal cannot mean the flag is inapplicable to this company -- it is missing data. Flag was JUDGED on the 7 row(s) that compute.",1.0,-0.01,per_source
,ATD.TO,1 check(s),"the Beneish M-score could not be formed for this name, so the manipulation assessment is ABSENT -- not clean: fewer than half the trailing-year periods are computable (1 of 4), so the mean would not be a trailing-year mean",1.0,-0.01,per_source
,ATEN,1 check(s),"uInterestCoverage: 5 of 8 available rows are not computable AND report a positive `totalDebt` on the SAME row, so the refusal cannot mean the flag is inapplicable to this company -- it is missing data. Flag was ABSTAINED -- 3 row(s) is under the 6-row partial-window floor.",5.0,-0.05,per_source
,ATEX,3 check(s),"no usable vendor data for: gross margin (GMI) | the Beneish M-score could not be formed for this name, so the manipulation assessment is ABSENT -- not clean: no usable vendor data for: gross margin (GMI) | uInterestCoverage: 8 of 8 available rows are not computable AND report a positive `totalDebt` on the SAME row, so the refusal cannot mean the flag is inapplicable to this company -- it is missing data. Flag was ABSTAINED -- 0 row(s) is under the 6-row partial-window floor.",10.0,-0.1,per_source
,ATH.TO,1 check(s),"uInterestCoverage: 1 of 8 available rows are not computable AND report a positive `totalDebt` on the SAME row, so the refusal cannot mean the flag is inapplicable to this company -- it is missing data. Flag was JUDGED on the 7 row(s) that compute.",1.0,-0.01,per_source
,ATX.TO,2 check(s),"no usable vendor data for: receivables days (DSRI), gross margin (GMI), sales growth (SGI), SG&A intensity (SGAI) | the Beneish M-score could not be formed for this name, so the manipulation assessment is ABSENT -- not clean: no usable vendor data for: receivables days (DSRI), gross margin (GMI), sales growth (SGI), SG&A intensity (SGAI)",4.0,-0.04,per_source
,AUR,1 check(s),"uInterestCoverage: 8 of 8 available rows are not computable AND report a positive `totalDebt` on the SAME row, so the refusal cannot mean the flag is inapplicable to this company -- it is missing data. Flag was ABSTAINED -- 0 row(s) is under the 6-row partial-window floor.",8.0,-0.08,per_source
,AUSS.OL,2 check(s),"no usable vendor data for: SG&A intensity (SGAI) | the Beneish M-score could not be formed for this name, so the manipulation assessment is ABSENT -- not clean: no usable vendor data for: SG&A intensity (SGAI)",2.0,-0.02,per_source
,AUTO.OL,1 check(s),"uInterestCoverage: 1 of 8 available rows are not computable AND report a positive `totalDebt` on the SAME row, so the refusal cannot mean the flag is inapplicable to this company -- it is missing data. Flag was JUDGED on the 7 row(s) that compute.",1.0,-0.01,per_source
,AYA.TO,2 check(s),"no usable vendor data for: gross margin (GMI) | the Beneish M-score could not be formed for this name, so the manipulation assessment is ABSENT -- not clean: no usable vendor data for: gross margin (GMI)",2.0,-0.02,per_source
,AZTA,1 check(s),"uInterestCoverage: 8 of 8 available rows are not computable AND report a positive `totalDebt` on the SAME row, so the refusal cannot mean the flag is inapplicable to this company -- it is missing data. Flag was ABSTAINED -- 0 row(s) is under the 6-row partial-window floor.",8.0,-0.08,per_source
,BA.L,2 check(s),"no usable vendor data for: SG&A intensity (SGAI) | the Beneish M-score could not be formed for this name, so the manipulation assessment is ABSENT -- not clean: no usable vendor data for: SG&A intensity (SGAI)",2.0,-0.02,per_source
,BABA,1 check(s),"the Beneish M-score could not be formed for this name, so the manipulation assessment is ABSENT -- not clean: fewer than half the trailing-year periods are computable (1 of 4), so the mean would not be a trailing-year mean",1.0,-0.01,per_source
,BAHN-B.ST,2 check(s),"no usable vendor data for: SG&A intensity (SGAI) | the Beneish M-score could not be formed for this name, so the manipulation assessment is ABSENT -- not clean: no usable vendor data for: SG&A intensity (SGAI)",2.0,-0.02,per_source
,BAKKA.OL,2 check(s),"no usable vendor data for: gross margin (GMI) | the Beneish M-score could not be formed for this name, so the manipulation assessment is ABSENT -- not clean: no usable vendor data for: gross margin (GMI)",2.0,-0.02,per_source
,BALD-B.ST,1 check(s),"reitEbitdaInterestCoverage: 4 of 8 available rows are not computable AND report a positive `totalDebt` on the SAME row, so the refusal cannot mean the flag is inapplicable to this company -- it is missing data. Flag was ABSTAINED -- 4 row(s) is under the 6-row partial-window floor.",4.0,-0.04,per_source
,BAM.TO,1 check(s),"uInterestCoverage: 1 of 8 available rows are not computable AND report a positive `totalDebt` on the SAME row, so the refusal cannot mean the flag is inapplicable to this company -- it is missing data. Flag was JUDGED on the 7 row(s) that compute.",1.0,-0.01,per_source
,BB,1 check(s),"uInterestCoverage: 3 of 8 available rows are not computable AND report a positive `totalDebt` on the SAME row, so the refusal cannot mean the flag is inapplicable to this company -- it is missing data. Flag was ABSTAINED -- 5 row(s) is under the 6-row partial-window floor.",3.0,-0.03,per_source
,BB.PA,1 check(s),"uInterestCoverage: 2 of 8 available rows are not computable AND report a positive `totalDebt` on the SAME row, so the refusal cannot mean the flag is inapplicable to this company -- it is missing data. Flag was JUDGED on the 6 row(s) that compute.",2.0,-0.02,per_source
,BBUC,1 check(s),"uInterestCoverage: 2 of 8 available rows are not computable AND report a positive `totalDebt` on the SAME row, so the refusal cannot mean the flag is inapplicable to this company -- it is missing data. Flag was JUDGED on the 6 row(s) that compute.",2.0,-0.02,per_source
,BEAM,1 check(s),"uInterestCoverage: 7 of 8 available rows are not computable AND report a positive `totalDebt` on the SAME row, so the refusal cannot mean the flag is inapplicable to this company -- it is missing data. Flag was ABSTAINED -- 1 row(s) is under the 6-row partial-window floor.",7.0,-0.07,per_source
,BEIJ-B.ST,2 check(s),"no usable vendor data for: SG&A intensity (SGAI) | the Beneish M-score could not be formed for this name, so the manipulation assessment is ABSENT -- not clean: no usable vendor data for: SG&A intensity (SGAI)",2.0,-0.02,per_source
,BETS-B.ST,1 check(s),"uInterestCoverage: 1 of 8 available rows are not computable AND report a positive `totalDebt` on the SAME row, so the refusal cannot mean the flag is inapplicable to this company -- it is missing data. Flag was JUDGED on the 7 row(s) that compute.",1.0,-0.01,per_source
,BFSA.DE,2 check(s),"no usable vendor data for: gross margin (GMI) | the Beneish M-score could not be formed for this name, so the manipulation assessment is ABSENT -- not clean: no usable vendor data for: gross margin (GMI)",2.0,-0.02,per_source
,BH,1 check(s),"uInterestCoverage: 1 of 8 available rows are not computable AND report a positive `totalDebt` on the SAME row, so the refusal cannot mean the flag is inapplicable to this company -- it is missing data. Flag was JUDGED on the 7 row(s) that compute.",1.0,-0.01,per_source
,BILL.ST,2 check(s),"no usable vendor data for: SG&A intensity (SGAI) | the Beneish M-score could not be formed for this name, so the manipulation assessment is ABSENT -- not clean: no usable vendor data for: SG&A intensity (SGAI)",2.0,-0.02,per_source
,BIM.PA,1 check(s),"uInterestCoverage: 2 of 8 available rows are not computable AND report a positive `totalDebt` on the SAME row, so the refusal cannot mean the flag is inapplicable to this company -- it is missing data. Flag was JUDGED on the 6 row(s) that compute.",2.0,-0.02,per_source
,BIOA-B.ST,2 check(s),"no usable vendor data for: receivables days (DSRI), asset quality (AQI) | the Beneish M-score could not be formed for this name, so the manipulation assessment is ABSENT -- not clean: no usable vendor data for: receivables days (DSRI), asset quality (AQI)",3.0,-0.03,per_source
,BIOG-B.ST,2 check(s),"no usable vendor data for: receivables days (DSRI) | the Beneish M-score could not be formed for this name, so the manipulation assessment is ABSENT -- not clean: no usable vendor data for: receivables days (DSRI)",2.0,-0.02,per_source
,BKNG,2 check(s),"no usable vendor data for: gross margin (GMI) | the Beneish M-score could not be formed for this name, so the manipulation assessment is ABSENT -- not clean: no usable vendor data for: gross margin (GMI)",2.0,-0.02,per_source
,BLNK,1 check(s),"uInterestCoverage: 2 of 8 available rows are not computable AND report a positive `totalDebt` on the SAME row, so the refusal cannot mean the flag is inapplicable to this company -- it is missing data. Flag was JUDGED on the 6 row(s) that compute.",2.0,-0.02,per_source
,BNOR.OL,2 check(s),"no usable vendor data for: SG&A intensity (SGAI) | the Beneish M-score could not be formed for this name, so the manipulation assessment is ABSENT -- not clean: no usable vendor data for: SG&A intensity (SGAI)",2.0,-0.02,per_source
,BNTX,1 check(s),"uInterestCoverage: 1 of 8 available rows are not computable AND report a positive `totalDebt` on the SAME row, so the refusal cannot mean the flag is inapplicable to this company -- it is missing data. Flag was JUDGED on the 7 row(s) that compute.",1.0,-0.01,per_source
,BOL.PA,3 check(s),"no usable vendor data for: receivables days (DSRI), gross margin (GMI) | the Beneish M-score could not be formed for this name, so the manipulation assessment is ABSENT -- not clean: no usable vendor data for: receivables days (DSRI), gross margin (GMI) | uInterestCoverage: 2 of 8 available rows are not computable AND report a positive `totalDebt` on the SAME row, so the refusal cannot mean the flag is inapplicable to this company -- it is missing data. Flag was JUDGED on the 6 row(s) that compute.",5.0,-0.05,per_source
,BONEX.ST,1 check(s),"uInterestCoverage: 4 of 8 available rows are not computable AND report a positive `totalDebt` on the SAME row, so the refusal cannot mean the flag is inapplicable to this company -- it is missing data. Flag was ABSTAINED -- 4 row(s) is under the 6-row partial-window floor.",4.0,-0.04,per_source
,BOOZT.ST,2 check(s),"no usable vendor data for: SG&A intensity (SGAI) | the Beneish M-score could not be formed for this name, so the manipulation assessment is ABSENT -- not clean: no usable vendor data for: SG&A intensity (SGAI)",2.0,-0.02,per_source
,BPT.L,1 check(s),"uInterestCoverage: 3 of 8 available rows are not computable AND report a positive `totalDebt` on the SAME row, so the refusal cannot mean the flag is inapplicable to this company -- it is missing data. Flag was ABSTAINED -- 5 row(s) is under the 6-row partial-window floor.",3.0,-0.03,per_source
,BR,1 check(s),"uInterestCoverage: 1 of 8 available rows are not computable AND report a positive `totalDebt` on the SAME row, so the refusal cannot mean the flag is inapplicable to this company -- it is missing data. Flag was JUDGED on the 7 row(s) that compute.",1.0,-0.01,per_source
,BRC,1 check(s),"uInterestCoverage: 1 of 8 available rows are not computable AND report a positive `totalDebt` on the SAME row, so the refusal cannot mean the flag is inapplicable to this company -- it is missing data. Flag was JUDGED on the 7 row(s) that compute.",1.0,-0.01,per_source
,BRG.OL,2 check(s),"no usable vendor data for: gross margin (GMI), SG&A intensity (SGAI) | the Beneish M-score could not be formed for this name, so the manipulation assessment is ABSENT -- not clean: no usable vendor data for: gross margin (GMI), SG&A intensity (SGAI)",3.0,-0.03,per_source
,BT-A.L,1 check(s),"uInterestCoverage: 2 of 8 available rows are not computable AND report a positive `totalDebt` on the SAME row, so the refusal cannot mean the flag is inapplicable to this company -- it is missing data. Flag was JUDGED on the 6 row(s) that compute.",2.0,-0.02,per_source
,BTBT,1 check(s),"uInterestCoverage: 6 of 8 available rows are not computable AND report a positive `totalDebt` on the SAME row, so the refusal cannot mean the flag is inapplicable to this company -- it is missing data. Flag was ABSTAINED -- 2 row(s) is under the 6-row partial-window floor.",6.0,-0.06,per_source
,BTE,1 check(s),"the Beneish M-score could not be formed for this name, so the manipulation assessment is ABSENT -- not clean: fewer than half the trailing-year periods are computable (1 of 4), so the mean would not be a trailing-year mean",1.0,-0.01,per_source
,BWEN,1 check(s),"uInterestCoverage: 1 of 8 available rows are not computable AND report a positive `totalDebt` on the SAME row, so the refusal cannot mean the flag is inapplicable to this company -- it is missing data. Flag was JUDGED on the 7 row(s) that compute.",1.0,-0.01,per_source
,BZ,1 check(s),"uInterestCoverage: 8 of 8 available rows are not computable AND report a positive `totalDebt` on the SAME row, so the refusal cannot mean the flag is inapplicable to this company -- it is missing data. Flag was ABSTAINED -- 0 row(s) is under the 6-row partial-window floor.",8.0,-0.08,per_source
,CADLR.OL,2 check(s),"the Beneish M-score could not be formed for this name, so the manipulation assessment is ABSENT -- not clean: fewer than half the trailing-year periods are computable (1 of 4), so the mean would not be a trailing-year mean | uInterestCoverage: 2 of 8 available rows are not computable AND report a positive `totalDebt` on the SAME row, so the refusal cannot mean the flag is inapplicable to this company -- it is missing data. Flag was JUDGED on the 6 row(s) that compute.",3.0,-0.03,per_source
,CAI,2 check(s),"the Beneish M-score could not be formed for this name, so the manipulation assessment is ABSENT -- not clean: fewer than half the trailing-year periods are computable (1 of 4), so the mean would not be a trailing-year mean | uInterestCoverage: 1 of 8 available rows are not computable AND report a positive `totalDebt` on the SAME row, so the refusal cannot mean the flag is inapplicable to this company -- it is missing data. Flag was JUDGED on the 7 row(s) that compute.",2.0,-0.02,per_source
,CAMT,1 check(s),"uInterestCoverage: 7 of 8 available rows are not computable AND report a positive `totalDebt` on the SAME row, so the refusal cannot mean the flag is inapplicable to this company -- it is missing data. Flag was ABSTAINED -- 1 row(s) is under the 6-row partial-window floor.",7.0,-0.07,per_source
,CARM.PA,1 check(s),"reitEbitdaInterestCoverage: 2 of 8 available rows are not computable AND report a positive `totalDebt` on the SAME row, so the refusal cannot mean the flag is inapplicable to this company -- it is missing data. Flag was JUDGED on the 6 row(s) that compute.",2.0,-0.02,per_source
,CAVA,1 check(s),"uInterestCoverage: 8 of 8 available rows are not computable AND report a positive `totalDebt` on the SAME row, so the refusal cannot mean the flag is inapplicable to this company -- it is missing data. Flag was ABSTAINED -- 0 row(s) is under the 6-row partial-window floor.",8.0,-0.08,per_source
,CC,2 check(s),"no usable vendor data for: SG&A intensity (SGAI) | the Beneish M-score could not be formed for this name, so the manipulation assessment is ABSENT -- not clean: no usable vendor data for: SG&A intensity (SGAI)",2.0,-0.02,per_source
,CCO,1 check(s),"uInterestCoverage: 1 of 8 available rows are not computable AND report a positive `totalDebt` on the SAME row, so the refusal cannot mean the flag is inapplicable to this company -- it is missing data. Flag was JUDGED on the 7 row(s) that compute.",1.0,-0.01,per_source
,CDNA,1 check(s),"uInterestCoverage: 8 of 8 available rows are not computable AND report a positive `totalDebt` on the SAME row, so the refusal cannot mean the flag is inapplicable to this company -- it is missing data. Flag was ABSTAINED -- 0 row(s) is under the 6-row partial-window floor.",8.0,-0.08,per_source
,CDXS,1 check(s),"uInterestCoverage: 5 of 8 available rows are not computable AND report a positive `totalDebt` on the SAME row, so the refusal cannot mean the flag is inapplicable to this company -- it is missing data. Flag was ABSTAINED -- 3 row(s) is under the 6-row partial-window floor.",5.0,-0.05,per_source
,CEVA,1 check(s),"uInterestCoverage: 8 of 8 available rows are not computable AND report a positive `totalDebt` on the SAME row, so the refusal cannot mean the flag is inapplicable to this company -- it is missing data. Flag was ABSTAINED -- 0 row(s) is under the 6-row partial-window floor.",8.0,-0.08,per_source
,CFP.TO,2 check(s),"no usable vendor data for: gross margin (GMI) | the Beneish M-score could not be formed for this name, so the manipulation assessment is ABSENT -- not clean: no usable vendor data for: gross margin (GMI)",2.0,-0.02,per_source
,CHD,1 check(s),"uInterestCoverage: 1 of 8 available rows are not computable AND report a positive `totalDebt` on the SAME row, so the refusal cannot mean the flag is inapplicable to this company -- it is missing data. Flag was JUDGED on the 7 row(s) that compute.",1.0,-0.01,per_source
,CHG.L,3 check(s),"no usable vendor data for: gross margin (GMI), SG&A intensity (SGAI) | the Beneish M-score could not be formed for this name, so the manipulation assessment is ABSENT -- not clean: no usable vendor data for: gross margin (GMI), SG&A intensity (SGAI) | uInterestCoverage: 1 of 8 available rows are not computable AND report a positive `totalDebt` on the SAME row, so the refusal cannot mean the flag is inapplicable to this company -- it is missing data. Flag was JUDGED on the 7 row(s) that compute.",4.0,-0.04,per_source
,CHRW,1 check(s),"uInterestCoverage: 1 of 8 available rows are not computable AND report a positive `totalDebt` on the SAME row, so the refusal cannot mean the flag is inapplicable to this company -- it is missing data. Flag was JUDGED on the 7 row(s) that compute.",1.0,-0.01,per_source
,CIBUS.ST,1 check(s),"reitEbitdaInterestCoverage: 3 of 8 available rows are not computable AND report a positive `totalDebt` on the SAME row, so the refusal cannot mean the flag is inapplicable to this company -- it is missing data. Flag was ABSTAINED -- 5 row(s) is under the 6-row partial-window floor.",3.0,-0.03,per_source
,CLA-B.ST,2 check(s),"no usable vendor data for: receivables days (DSRI) | the Beneish M-score could not be formed for this name, so the manipulation assessment is ABSENT -- not clean: no usable vendor data for: receivables days (DSRI)",2.0,-0.02,per_source
,CLBT,1 check(s),"uInterestCoverage: 7 of 8 available rows are not computable AND report a positive `totalDebt` on the SAME row, so the refusal cannot mean the flag is inapplicable to this company -- it is missing data. Flag was ABSTAINED -- 1 row(s) is under the 6-row partial-window floor.",7.0,-0.07,per_source
,CLMB,1 check(s),"uInterestCoverage: 6 of 8 available rows are not computable AND report a positive `totalDebt` on the SAME row, so the refusal cannot mean the flag is inapplicable to this company -- it is missing data. Flag was ABSTAINED -- 2 row(s) is under the 6-row partial-window floor.",6.0,-0.06,per_source
,CLW,2 check(s),"no usable vendor data for: gross margin (GMI) | the Beneish M-score could not be formed for this name, so the manipulation assessment is ABSENT -- not clean: no usable vendor data for: gross margin (GMI)",2.0,-0.02,per_source
,CME,1 check(s),"uInterestCoverage: 1 of 8 available rows are not computable AND report a positive `totalDebt` on the SAME row, so the refusal cannot mean the flag is inapplicable to this company -- it is missing data. Flag was JUDGED on the 7 row(s) that compute.",1.0,-0.01,per_source
,CMG,1 check(s),"uInterestCoverage: 8 of 8 available rows are not computable AND report a positive `totalDebt` on the SAME row, so the refusal cannot mean the flag is inapplicable to this company -- it is missing data. Flag was ABSTAINED -- 0 row(s) is under the 6-row partial-window floor.",8.0,-0.08,per_source
,CNL.TO,2 check(s),"no usable vendor data for: receivables days (DSRI), gross margin (GMI), sales growth (SGI), SG&A intensity (SGAI) | the Beneish M-score could not be formed for this name, so the manipulation assessment is ABSENT -- not clean: no usable vendor data for: receivables days (DSRI), gross margin (GMI), sales growth (SGI), SG&A intensity (SGAI)",4.0,-0.04,per_source
,CNS,1 check(s),"uInterestCoverage: 8 of 8 available rows are not computable AND report a positive `totalDebt` on the SAME row, so the refusal cannot mean the flag is inapplicable to this company -- it is missing data. Flag was ABSTAINED -- 0 row(s) is under the 6-row partial-window floor.",8.0,-0.08,per_source
,COCO,1 check(s),"uInterestCoverage: 8 of 8 available rows are not computable AND report a positive `totalDebt` on the SAME row, so the refusal cannot mean the flag is inapplicable to this company -- it is missing data. Flag was ABSTAINED -- 0 row(s) is under the 6-row partial-window floor.",8.0,-0.08,per_source
,CODA,1 check(s),"uInterestCoverage: 7 of 8 available rows are not computable AND report a positive `totalDebt` on the SAME row, so the refusal cannot mean the flag is inapplicable to this company -- it is missing data. Flag was ABSTAINED -- 0 row(s) is under the 6-row partial-window floor.",7.0,-0.07,per_source
,COK.DE,2 check(s),"no usable vendor data for: SG&A intensity (SGAI) | the Beneish M-score could not be formed for this name, so the manipulation assessment is ABSENT -- not clean: no usable vendor data for: SG&A intensity (SGAI)",2.0,-0.02,per_source
,COOK,1 check(s),"uInterestCoverage: 1 of 8 available rows are not computable AND report a positive `totalDebt` on the SAME row, so the refusal cannot mean the flag is inapplicable to this company -- it is missing data. Flag was JUDGED on the 7 row(s) that compute.",1.0,-0.01,per_source
,COR.LS,2 check(s),"no usable vendor data for: SG&A intensity (SGAI) | the Beneish M-score could not be formed for this name, so the manipulation assessment is ABSENT -- not clean: no usable vendor data for: SG&A intensity (SGAI)",2.0,-0.02,per_source
,CORZ,3 check(s),"no usable vendor data for: receivables days (DSRI), gross margin (GMI) | the Beneish M-score could not be formed for this name, so the manipulation assessment is ABSENT -- not clean: no usable vendor data for: receivables days (DSRI), gross margin (GMI) | uInterestCoverage: 3 of 8 available rows are not computable AND report a positive `totalDebt` on the SAME row, so the refusal cannot mean the flag is inapplicable to this company -- it is missing data. Flag was ABSTAINED -- 5 row(s) is under the 6-row partial-window floor.",6.0,-0.06,per_source
,COV.PA,1 check(s),"reitEbitdaInterestCoverage: 1 of 8 available rows are not computable AND report a positive `totalDebt` on the SAME row, so the refusal cannot mean the flag is inapplicable to this company -- it is missing data. Flag was JUDGED on the 7 row(s) that compute.",1.0,-0.01,per_source
,CPX.TO,2 check(s),"no usable vendor data for: gross margin (GMI) | the Beneish M-score could not be formed for this name, so the manipulation assessment is ABSENT -- not clean: no usable vendor data for: gross margin (GMI)",2.0,-0.02,per_source
,CRDL,1 check(s),"uInterestCoverage: 8 of 8 available rows are not computable AND report a positive `totalDebt` on the SAME row, so the refusal cannot mean the flag is inapplicable to this company -- it is missing data. Flag was ABSTAINED -- 0 row(s) is under the 6-row partial-window floor.",8.0,-0.08,per_source
,CRM,1 check(s),"uInterestCoverage: 2 of 8 available rows are not computable AND report a positive `totalDebt` on the SAME row, so the refusal cannot mean the flag is inapplicable to this company -- it is missing data. Flag was JUDGED on the 6 row(s) that compute.",2.0,-0.02,per_source
,CRMD,1 check(s),"uInterestCoverage: 2 of 8 available rows are not computable AND report a positive `totalDebt` on the SAME row, so the refusal cannot mean the flag is inapplicable to this company -- it is missing data. Flag was JUDGED on the 6 row(s) that compute.",2.0,-0.02,per_source
,CRNT,1 check(s),"uInterestCoverage: 3 of 8 available rows are not computable AND report a positive `totalDebt` on the SAME row, so the refusal cannot mean the flag is inapplicable to this company -- it is missing data. Flag was ABSTAINED -- 5 row(s) is under the 6-row partial-window floor.",3.0,-0.03,per_source
,CRON,1 check(s),"uInterestCoverage: 8 of 8 available rows are not computable AND report a positive `totalDebt` on the SAME row, so the refusal cannot mean the flag is inapplicable to this company -- it is missing data. Flag was ABSTAINED -- 0 row(s) is under the 6-row partial-window floor.",8.0,-0.08,per_source
,CROX,1 check(s),"uInterestCoverage: 1 of 8 available rows are not computable AND report a positive `totalDebt` on the SAME row, so the refusal cannot mean the flag is inapplicable to this company -- it is missing data. Flag was JUDGED on the 7 row(s) that compute.",1.0,-0.01,per_source
,CRSP,1 check(s),"uInterestCoverage: 8 of 8 available rows are not computable AND report a positive `totalDebt` on the SAME row, so the refusal cannot mean the flag is inapplicable to this company -- it is missing data. Flag was ABSTAINED -- 0 row(s) is under the 6-row partial-window floor.",8.0,-0.08,per_source
,CTC-A.TO,1 check(s),"uInterestCoverage: 1 of 8 available rows are not computable AND report a positive `totalDebt` on the SAME row, so the refusal cannot mean the flag is inapplicable to this company -- it is missing data. Flag was JUDGED on the 7 row(s) that compute.",1.0,-0.01,per_source
,CTEC.L,1 check(s),"uInterestCoverage: 4 of 8 available rows are not computable AND report a positive `totalDebt` on the SAME row, so the refusal cannot mean the flag is inapplicable to this company -- it is missing data. Flag was ABSTAINED -- 4 row(s) is under the 6-row partial-window floor.",4.0,-0.04,per_source
,CUBE,1 check(s),"reitEbitdaInterestCoverage: 5 of 8 available rows are not computable AND report a positive `totalDebt` on the SAME row, so the refusal cannot mean the flag is inapplicable to this company -- it is missing data. Flag was ABSTAINED -- 3 row(s) is under the 6-row partial-window floor.",5.0,-0.05,per_source
,CX,2 check(s),"no usable vendor data for: SG&A intensity (SGAI) | the Beneish M-score could not be formed for this name, so the manipulation assessment is ABSENT -- not clean: no usable vendor data for: SG&A intensity (SGAI)",2.0,-0.02,per_source
,CYH,1 check(s),"the Beneish M-score could not be formed for this name, so the manipulation assessment is ABSENT -- not clean: fewer than half the trailing-year periods are computable (1 of 4), so the mean would not be a trailing-year mean",1.0,-0.01,per_source
,DASH,1 check(s),"uInterestCoverage: 8 of 8 available rows are not computable AND report a positive `totalDebt` on the SAME row, so the refusal cannot mean the flag is inapplicable to this company -- it is missing data. Flag was ABSTAINED -- 0 row(s) is under the 6-row partial-window floor.",8.0,-0.08,per_source
,DB1.DE,1 check(s),"uInterestCoverage: 4 of 8 available rows are not computable AND report a positive `totalDebt` on the SAME row, so the refusal cannot mean the flag is inapplicable to this company -- it is missing data. Flag was ABSTAINED -- 4 row(s) is under the 6-row partial-window floor.",4.0,-0.04,per_source
,DBG.PA,2 check(s),"no usable vendor data for: gross margin (GMI) | the Beneish M-score could not be formed for this name, so the manipulation assessment is ABSENT -- not clean: no usable vendor data for: gross margin (GMI)",2.0,-0.02,per_source
,DBV.PA,1 check(s),"uInterestCoverage: 5 of 8 available rows are not computable AND report a positive `totalDebt` on the SAME row, so the refusal cannot mean the flag is inapplicable to this company -- it is missing data. Flag was ABSTAINED -- 3 row(s) is under the 6-row partial-window floor.",5.0,-0.05,per_source
,DEZ.DE,2 check(s),"no usable vendor data for: SG&A intensity (SGAI) | the Beneish M-score could not be formed for this name, so the manipulation assessment is ABSENT -- not clean: no usable vendor data for: SG&A intensity (SGAI)",2.0,-0.02,per_source
,DG.PA,1 check(s),"uInterestCoverage: 3 of 8 available rows are not computable AND report a positive `totalDebt` on the SAME row, so the refusal cannot mean the flag is inapplicable to this company -- it is missing data. Flag was ABSTAINED -- 5 row(s) is under the 6-row partial-window floor.",3.0,-0.03,per_source
,DHI,1 check(s),"uInterestCoverage: 6 of 8 available rows are not computable AND report a positive `totalDebt` on the SAME row, so the refusal cannot mean the flag is inapplicable to this company -- it is missing data. Flag was ABSTAINED -- 2 row(s) is under the 6-row partial-window floor.",6.0,-0.06,per_source
,DHR,1 check(s),"uInterestCoverage: 1 of 8 available rows are not computable AND report a positive `totalDebt` on the SAME row, so the refusal cannot mean the flag is inapplicable to this company -- it is missing data. Flag was JUDGED on the 7 row(s) that compute.",1.0,-0.01,per_source
,DLB,1 check(s),"uInterestCoverage: 7 of 8 available rows are not computable AND report a positive `totalDebt` on the SAME row, so the refusal cannot mean the flag is inapplicable to this company -- it is missing data. Flag was ABSTAINED -- 1 row(s) is under the 6-row partial-window floor.",7.0,-0.07,per_source
,DLTR,2 check(s),"no usable vendor data for: receivables days (DSRI) | the Beneish M-score could not be formed for this name, so the manipulation assessment is ABSENT -- not clean: no usable vendor data for: receivables days (DSRI)",2.0,-0.02,per_source
,DNA,1 check(s),"uInterestCoverage: 7 of 8 available rows are not computable AND report a positive `totalDebt` on the SAME row, so the refusal cannot mean the flag is inapplicable to this company -- it is missing data. Flag was ABSTAINED -- 1 row(s) is under the 6-row partial-window floor.",7.0,-0.07,per_source
,DOFG.OL,2 check(s),"no usable vendor data for: gross margin (GMI), SG&A intensity (SGAI) | the Beneish M-score could not be formed for this name, so the manipulation assessment is ABSENT -- not clean: no usable vendor data for: gross margin (GMI), SG&A intensity (SGAI)",3.0,-0.03,per_source
,DOGZ,1 check(s),"uInterestCoverage: 3 of 8 available rows are not computable AND report a positive `totalDebt` on the SAME row, so the refusal cannot mean the flag is inapplicable to this company -- it is missing data. Flag was ABSTAINED -- 5 row(s) is under the 6-row partial-window floor.",3.0,-0.03,per_source
,DOU.DE,1 check(s),"uInterestCoverage: 1 of 8 available rows are not computable AND report a positive `totalDebt` on the SAME row, so the refusal cannot mean the flag is inapplicable to this company -- it is missing data. Flag was JUDGED on the 7 row(s) that compute.",1.0,-0.01,per_source
,DRTS,1 check(s),"uInterestCoverage: 6 of 8 available rows are not computable AND report a positive `totalDebt` on the SAME row, so the refusal cannot mean the flag is inapplicable to this company -- it is missing data. Flag was ABSTAINED -- 2 row(s) is under the 6-row partial-window floor.",6.0,-0.06,per_source
,DSV.TO,2 check(s),"no usable vendor data for: receivables days (DSRI), gross margin (GMI) | the Beneish M-score could not be formed for this name, so the manipulation assessment is ABSENT -- not clean: no usable vendor data for: receivables days (DSRI), gross margin (GMI)",3.0,-0.03,per_source
,DSY.PA,1 check(s),"uInterestCoverage: 8 of 8 available rows are not computable AND report a positive `totalDebt` on the SAME row, so the refusal cannot mean the flag is inapplicable to this company -- it is missing data. Flag was ABSTAINED -- 0 row(s) is under the 6-row partial-window floor.",8.0,-0.08,per_source
,DT,1 check(s),"uInterestCoverage: 8 of 8 available rows are not computable AND report a positive `totalDebt` on the SAME row, so the refusal cannot mean the flag is inapplicable to this company -- it is missing data. Flag was ABSTAINED -- 0 row(s) is under the 6-row partial-window floor.",8.0,-0.08,per_source
,DTE.DE,2 check(s),"no usable vendor data for: gross margin (GMI), SG&A intensity (SGAI) | the Beneish M-score could not be formed for this name, so the manipulation assessment is ABSENT -- not clean: no usable vendor data for: gross margin (GMI), SG&A intensity (SGAI)",3.0,-0.03,per_source
,DUE.DE,1 check(s),"the Beneish M-score could not be formed for this name, so the manipulation assessment is ABSENT -- not clean: fewer than half the trailing-year periods are computable (1 of 4), so the mean would not be a trailing-year mean",1.0,-0.01,per_source
,DUOT,1 check(s),"uInterestCoverage: 2 of 8 available rows are not computable AND report a positive `totalDebt` on the SAME row, so the refusal cannot mean the flag is inapplicable to this company -- it is missing data. Flag was JUDGED on the 6 row(s) that compute.",2.0,-0.02,per_source
,DWNI.DE,1 check(s),"reitEbitdaInterestCoverage: 3 of 8 available rows are not computable AND report a positive `totalDebt` on the SAME row, so the refusal cannot mean the flag is inapplicable to this company -- it is missing data. Flag was ABSTAINED -- 5 row(s) is under the 6-row partial-window floor.",3.0,-0.03,per_source
,DYVOX.ST,1 check(s),"uInterestCoverage: 1 of 8 available rows are not computable AND report a positive `totalDebt` on the SAME row, so the refusal cannot mean the flag is inapplicable to this company -- it is missing data. Flag was JUDGED on the 7 row(s) that compute.",1.0,-0.01,per_source
,E,2 check(s),"no usable vendor data for: SG&A intensity (SGAI) | the Beneish M-score could not be formed for this name, so the manipulation assessment is ABSENT -- not clean: no usable vendor data for: SG&A intensity (SGAI)",2.0,-0.02,per_source
,ECO,2 check(s),"no usable vendor data for: asset quality (AQI) | the Beneish M-score could not be formed for this name, so the manipulation assessment is ABSENT -- not clean: no usable vendor data for: asset quality (AQI)",2.0,-0.02,per_source
,ECOR.L,2 check(s),"no usable vendor data for: SG&A intensity (SGAI) | the Beneish M-score could not be formed for this name, so the manipulation assessment is ABSENT -- not clean: no usable vendor data for: SG&A intensity (SGAI)",2.0,-0.02,per_source
,EDPR.LS,1 check(s),"uInterestCoverage: 2 of 8 available rows are not computable AND report a positive `totalDebt` on the SAME row, so the refusal cannot mean the flag is inapplicable to this company -- it is missing data. Flag was JUDGED on the 6 row(s) that compute.",2.0,-0.02,per_source
,EDU,1 check(s),"uInterestCoverage: 8 of 8 available rows are not computable AND report a positive `totalDebt` on the SAME row, so the refusal cannot mean the flag is inapplicable to this company -- it is missing data. Flag was ABSTAINED -- 0 row(s) is under the 6-row partial-window floor.",8.0,-0.08,per_source
,EFN.TO,1 check(s),"uInterestCoverage: 4 of 8 available rows are not computable AND report a positive `totalDebt` on the SAME row, so the refusal cannot mean the flag is inapplicable to this company -- it is missing data. Flag was ABSTAINED -- 4 row(s) is under the 6-row partial-window floor.",4.0,-0.04,per_source
,EFR.TO,1 check(s),"uInterestCoverage: 4 of 8 available rows are not computable AND report a positive `totalDebt` on the SAME row, so the refusal cannot mean the flag is inapplicable to this company -- it is missing data. Flag was ABSTAINED -- 1 row(s) is under the 6-row partial-window floor.",4.0,-0.04,per_source
,EGL.LS,1 check(s),"uInterestCoverage: 3 of 8 available rows are not computable AND report a positive `totalDebt` on the SAME row, so the refusal cannot mean the flag is inapplicable to this company -- it is missing data. Flag was ABSTAINED -- 5 row(s) is under the 6-row partial-window floor.",3.0,-0.03,per_source
,ELK.OL,2 check(s),"no usable vendor data for: gross margin (GMI), SG&A intensity (SGAI) | the Beneish M-score could not be formed for this name, so the manipulation assessment is ABSENT -- not clean: no usable vendor data for: gross margin (GMI), SG&A intensity (SGAI)",3.0,-0.03,per_source
,ELMRA.OL,2 check(s),"no usable vendor data for: SG&A intensity (SGAI) | the Beneish M-score could not be formed for this name, so the manipulation assessment is ABSENT -- not clean: no usable vendor data for: SG&A intensity (SGAI)",2.0,-0.02,per_source
,ELO.OL,2 check(s),"no usable vendor data for: SG&A intensity (SGAI) | the Beneish M-score could not be formed for this name, so the manipulation assessment is ABSENT -- not clean: no usable vendor data for: SG&A intensity (SGAI)",2.0,-0.02,per_source
,ELV,2 check(s),"no usable vendor data for: SG&A intensity (SGAI) | the Beneish M-score could not be formed for this name, so the manipulation assessment is ABSENT -- not clean: no usable vendor data for: SG&A intensity (SGAI)",2.0,-0.02,per_source
,EMBRAC-B.ST,2 check(s),"no usable vendor data for: SG&A intensity (SGAI) | the Beneish M-score could not be formed for this name, so the manipulation assessment is ABSENT -- not clean: no usable vendor data for: SG&A intensity (SGAI)",2.0,-0.02,per_source
,EME,1 check(s),"uInterestCoverage: 5 of 8 available rows are not computable AND report a positive `totalDebt` on the SAME row, so the refusal cannot mean the flag is inapplicable to this company -- it is missing data. Flag was ABSTAINED -- 3 row(s) is under the 6-row partial-window floor.",5.0,-0.05,per_source
,EMEIS.PA,1 check(s),"uInterestCoverage: 6 of 8 available rows are not computable AND report a positive `totalDebt` on the SAME row, so the refusal cannot mean the flag is inapplicable to this company -- it is missing data. Flag was ABSTAINED -- 2 row(s) is under the 6-row partial-window floor.",6.0,-0.06,per_source
,ENGI.PA,2 check(s),"no usable vendor data for: SG&A intensity (SGAI) | the Beneish M-score could not be formed for this name, so the manipulation assessment is ABSENT -- not clean: no usable vendor data for: SG&A intensity (SGAI)",2.0,-0.02,per_source
,ENH.OL,2 check(s),"no usable vendor data for: asset quality (AQI) | the Beneish M-score could not be formed for this name, so the manipulation assessment is ABSENT -- not clean: no usable vendor data for: asset quality (AQI)",2.0,-0.02,per_source
,ENQ.L,1 check(s),"uInterestCoverage: 5 of 8 available rows are not computable AND report a positive `totalDebt` on the SAME row, so the refusal cannot mean the flag is inapplicable to this company -- it is missing data. Flag was ABSTAINED -- 3 row(s) is under the 6-row partial-window floor.",5.0,-0.05,per_source
,ENS,2 check(s),"no usable vendor data for: SG&A intensity (SGAI) | the Beneish M-score could not be formed for this name, so the manipulation assessment is ABSENT -- not clean: no usable vendor data for: SG&A intensity (SGAI)",2.0,-0.02,per_source
,ENX.PA,1 check(s),"uInterestCoverage: 2 of 8 available rows are not computable AND report a positive `totalDebt` on the SAME row, so the refusal cannot mean the flag is inapplicable to this company -- it is missing data. Flag was JUDGED on the 6 row(s) that compute.",2.0,-0.02,per_source
,EPI-A.ST,1 check(s),"uInterestCoverage: 1 of 8 available rows are not computable AND report a positive `totalDebt` on the SAME row, so the refusal cannot mean the flag is inapplicable to this company -- it is missing data. Flag was JUDGED on the 7 row(s) that compute.",1.0,-0.01,per_source
,EPRO-B.ST,1 check(s),"uInterestCoverage: 1 of 8 available rows are not computable AND report a positive `totalDebt` on the SAME row, so the refusal cannot mean the flag is inapplicable to this company -- it is missing data. Flag was JUDGED on the 7 row(s) that compute.",1.0,-0.01,per_source
,EPRX,1 check(s),"uInterestCoverage: 6 of 8 available rows are not computable AND report a positive `totalDebt` on the SAME row, so the refusal cannot mean the flag is inapplicable to this company -- it is missing data. Flag was ABSTAINED -- 2 row(s) is under the 6-row partial-window floor.",6.0,-0.06,per_source
,EQNR,1 check(s),"uInterestCoverage: 1 of 8 available rows are not computable AND report a positive `totalDebt` on the SAME row, so the refusal cannot mean the flag is inapplicable to this company -- it is missing data. Flag was JUDGED on the 7 row(s) that compute.",1.0,-0.01,per_source
,EQT.ST,1 check(s),"uInterestCoverage: 1 of 8 available rows are not computable AND report a positive `totalDebt` on the SAME row, so the refusal cannot mean the flag is inapplicable to this company -- it is missing data. Flag was JUDGED on the 7 row(s) that compute.",1.0,-0.01,per_source
,ERA.PA,2 check(s),"no usable vendor data for: gross margin (GMI), SG&A intensity (SGAI) | the Beneish M-score could not be formed for this name, so the manipulation assessment is ABSENT -- not clean: no usable vendor data for: gross margin (GMI), SG&A intensity (SGAI)",3.0,-0.03,per_source
,ERF.PA,2 check(s),"no usable vendor data for: SG&A intensity (SGAI) | the Beneish M-score could not be formed for this name, so the manipulation assessment is ABSENT -- not clean: no usable vendor data for: SG&A intensity (SGAI)",2.0,-0.02,per_source
,ETSY,1 check(s),"uInterestCoverage: 4 of 8 available rows are not computable AND report a positive `totalDebt` on the SAME row, so the refusal cannot mean the flag is inapplicable to this company -- it is missing data. Flag was ABSTAINED -- 4 row(s) is under the 6-row partial-window floor.",4.0,-0.04,per_source
,EUZ.DE,2 check(s),"the Beneish M-score could not be formed for this name, so the manipulation assessment is ABSENT -- not clean: fewer than half the trailing-year periods are computable (1 of 4), so the mean would not be a trailing-year mean | uInterestCoverage: 2 of 8 available rows are not computable AND report a positive `totalDebt` on the SAME row, so the refusal cannot mean the flag is inapplicable to this company -- it is missing data. Flag was JUDGED on the 6 row(s) that compute.",3.0,-0.03,per_source
,EVD.DE,1 check(s),"uInterestCoverage: 1 of 8 available rows are not computable AND report a positive `totalDebt` on the SAME row, so the refusal cannot mean the flag is inapplicable to this company -- it is missing data. Flag was JUDGED on the 7 row(s) that compute.",1.0,-0.01,per_source
,EVLV,1 check(s),"uInterestCoverage: 3 of 8 available rows are not computable AND report a positive `totalDebt` on the SAME row, so the refusal cannot mean the flag is inapplicable to this company -- it is missing data. Flag was ABSTAINED -- 5 row(s) is under the 6-row partial-window floor.",3.0,-0.03,per_source
,EVO.ST,3 check(s),"no usable vendor data for: gross margin (GMI) | the Beneish M-score could not be formed for this name, so the manipulation assessment is ABSENT -- not clean: no usable vendor data for: gross margin (GMI) | uInterestCoverage: 5 of 8 available rows are not computable AND report a positive `totalDebt` on the SAME row, so the refusal cannot mean the flag is inapplicable to this company -- it is missing data. Flag was ABSTAINED -- 3 row(s) is under the 6-row partial-window floor.",7.0,-0.07,per_source
,EWG.L,2 check(s),"no usable vendor data for: SG&A intensity (SGAI) | the Beneish M-score could not be formed for this name, so the manipulation assessment is ABSENT -- not clean: no usable vendor data for: SG&A intensity (SGAI)",2.0,-0.02,per_source
,EXA.PA,2 check(s),"no usable vendor data for: SG&A intensity (SGAI) | the Beneish M-score could not be formed for this name, so the manipulation assessment is ABSENT -- not clean: no usable vendor data for: SG&A intensity (SGAI)",2.0,-0.02,per_source
,EXE.TO,2 check(s),"no usable vendor data for: gross margin (GMI) | the Beneish M-score could not be formed for this name, so the manipulation assessment is ABSENT -- not clean: no usable vendor data for: gross margin (GMI)",2.0,-0.02,per_source
,EXPO,1 check(s),"uInterestCoverage: 8 of 8 available rows are not computable AND report a positive `totalDebt` on the SAME row, so the refusal cannot mean the flag is inapplicable to this company -- it is missing data. Flag was ABSTAINED -- 0 row(s) is under the 6-row partial-window floor.",8.0,-0.08,per_source
,F3C.DE,3 check(s),"no usable vendor data for: SG&A intensity (SGAI) | the Beneish M-score could not be formed for this name, so the manipulation assessment is ABSENT -- not clean: no usable vendor data for: SG&A intensity (SGAI) | uInterestCoverage: 1 of 8 available rows are not computable AND report a positive `totalDebt` on the SAME row, so the refusal cannot mean the flag is inapplicable to this company -- it is missing data. Flag was JUDGED on the 7 row(s) that compute.",3.0,-0.03,per_source
,FAST,1 check(s),"uInterestCoverage: 2 of 8 available rows are not computable AND report a positive `totalDebt` on the SAME row, so the refusal cannot mean the flag is inapplicable to this company -- it is missing data. Flag was JUDGED on the 6 row(s) that compute.",2.0,-0.02,per_source
,FC,1 check(s),"uInterestCoverage: 1 of 8 available rows are not computable AND report a positive `totalDebt` on the SAME row, so the refusal cannot mean the flag is inapplicable to this company -- it is missing data. Flag was JUDGED on the 7 row(s) that compute.",1.0,-0.01,per_source
,FDMT,1 check(s),"uInterestCoverage: 8 of 8 available rows are not computable AND report a positive `totalDebt` on the SAME row, so the refusal cannot mean the flag is inapplicable to this company -- it is missing data. Flag was ABSTAINED -- 0 row(s) is under the 6-row partial-window floor.",8.0,-0.08,per_source
,FDY.TO,2 check(s),"no usable vendor data for: receivables days (DSRI), gross margin (GMI), asset quality (AQI), sales growth (SGI), SG&A intensity (SGAI) | the Beneish M-score could not be formed for this name, so the manipulation assessment is ABSENT -- not clean: no usable vendor data for: receivables days (DSRI), gross margin (GMI), asset quality (AQI), sales growth (SGI), SG&A intensity (SGAI)",4.0,-0.04,per_source
,FEIM,1 check(s),"uInterestCoverage: 1 of 8 available rows are not computable AND report a positive `totalDebt` on the SAME row, so the refusal cannot mean the flag is inapplicable to this company -- it is missing data. Flag was JUDGED on the 7 row(s) that compute.",1.0,-0.01,per_source
,FESTI.IC,1 check(s),"the Beneish M-score could not be formed for this name, so the manipulation assessment is ABSENT -- not clean: fewer than half the trailing-year periods are computable (1 of 4), so the mean would not be a trailing-year mean",1.0,-0.01,per_source
,FF.TO,2 check(s),"no usable vendor data for: receivables days (DSRI), gross margin (GMI), sales growth (SGI), depreciation rate (DEPI), SG&A intensity (SGAI) | the Beneish M-score could not be formed for this name, so the manipulation assessment is ABSENT -- not clean: no usable vendor data for: receivables days (DSRI), gross margin (GMI), sales growth (SGI), depreciation rate (DEPI), SG&A intensity (SGAI)",4.0,-0.04,per_source
,FII.PA,2 check(s),"no usable vendor data for: SG&A intensity (SGAI) | the Beneish M-score could not be formed for this name, so the manipulation assessment is ABSENT -- not clean: no usable vendor data for: SG&A intensity (SGAI)",2.0,-0.02,per_source
,FLNC,1 check(s),"uInterestCoverage: 2 of 8 available rows are not computable AND report a positive `totalDebt` on the SAME row, so the refusal cannot mean the flag is inapplicable to this company -- it is missing data. Flag was JUDGED on the 6 row(s) that compute.",2.0,-0.02,per_source
,FLOW.AS,1 check(s),"uInterestCoverage: 3 of 8 available rows are not computable AND report a positive `totalDebt` on the SAME row, so the refusal cannot mean the flag is inapplicable to this company -- it is missing data. Flag was ABSTAINED -- 3 row(s) is under the 6-row partial-window floor.",3.0,-0.03,per_source
,FLR,2 check(s),"no usable vendor data for: gross margin (GMI) | the Beneish M-score could not be formed for this name, so the manipulation assessment is ABSENT -- not clean: no usable vendor data for: gross margin (GMI)",2.0,-0.02,per_source
,FND,1 check(s),"uInterestCoverage: 1 of 8 available rows are not computable AND report a positive `totalDebt` on the SAME row, so the refusal cannot mean the flag is inapplicable to this company -- it is missing data. Flag was JUDGED on the 7 row(s) that compute.",1.0,-0.01,per_source
,FOUR.L,1 check(s),"uInterestCoverage: 6 of 8 available rows are not computable AND report a positive `totalDebt` on the SAME row, so the refusal cannot mean the flag is inapplicable to this company -- it is missing data. Flag was ABSTAINED -- 2 row(s) is under the 6-row partial-window floor.",6.0,-0.06,per_source
,FPE.DE,2 check(s),"no usable vendor data for: SG&A intensity (SGAI) | the Beneish M-score could not be formed for this name, so the manipulation assessment is ABSENT -- not clean: no usable vendor data for: SG&A intensity (SGAI)",2.0,-0.02,per_source
,FRO,2 check(s),"no usable vendor data for: receivables days (DSRI) | the Beneish M-score could not be formed for this name, so the manipulation assessment is ABSENT -- not clean: no usable vendor data for: receivables days (DSRI)",2.0,-0.02,per_source
,FRPT,1 check(s),"uInterestCoverage: 1 of 8 available rows are not computable AND report a positive `totalDebt` on the SAME row, so the refusal cannot mean the flag is inapplicable to this company -- it is missing data. Flag was JUDGED on the 7 row(s) that compute.",1.0,-0.01,per_source
,FSG.L,1 check(s),"uInterestCoverage: 4 of 8 available rows are not computable AND report a positive `totalDebt` on the SAME row, so the refusal cannot mean the flag is inapplicable to this company -- it is missing data. Flag was ABSTAINED -- 4 row(s) is under the 6-row partial-window floor.",4.0,-0.04,per_source
,FTK.DE,1 check(s),"uInterestCoverage: 1 of 8 available rows are not computable AND report a positive `totalDebt` on the SAME row, so the refusal cannot mean the flag is inapplicable to this company -- it is missing data. Flag was JUDGED on the 7 row(s) that compute.",1.0,-0.01,per_source
,FUR.AS,1 check(s),"uInterestCoverage: 2 of 8 available rows are not computable AND report a positive `totalDebt` on the SAME row, so the refusal cannot mean the flag is inapplicable to this company -- it is missing data. Flag was JUDGED on the 6 row(s) that compute.",2.0,-0.02,per_source
,G24.DE,1 check(s),"uInterestCoverage: 3 of 8 available rows are not computable AND report a positive `totalDebt` on the SAME row, so the refusal cannot mean the flag is inapplicable to this company -- it is missing data. Flag was ABSTAINED -- 5 row(s) is under the 6-row partial-window floor.",3.0,-0.03,per_source
,GALP.LS,2 check(s),"no usable vendor data for: SG&A intensity (SGAI) | the Beneish M-score could not be formed for this name, so the manipulation assessment is ABSENT -- not clean: no usable vendor data for: SG&A intensity (SGAI)",2.0,-0.02,per_source
,GAMA.L,1 check(s),"uInterestCoverage: 1 of 8 available rows are not computable AND report a positive `totalDebt` on the SAME row, so the refusal cannot mean the flag is inapplicable to this company -- it is missing data. Flag was JUDGED on the 7 row(s) that compute.",1.0,-0.01,per_source
,GAP,2 check(s),"no usable vendor data for: receivables days (DSRI), SG&A intensity (SGAI) | the Beneish M-score could not be formed for this name, so the manipulation assessment is ABSENT -- not clean: no usable vendor data for: receivables days (DSRI), SG&A intensity (SGAI)",3.0,-0.03,per_source
,GBLB.BR,1 check(s),"uInterestCoverage: 2 of 8 available rows are not computable AND report a positive `totalDebt` on the SAME row, so the refusal cannot mean the flag is inapplicable to this company -- it is missing data. Flag was ABSTAINED -- 3 row(s) is under the 6-row partial-window floor.",2.0,-0.02,per_source
,GFI,2 check(s),"no usable vendor data for: receivables days (DSRI) | the Beneish M-score could not be formed for this name, so the manipulation assessment is ABSENT -- not clean: no usable vendor data for: receivables days (DSRI)",2.0,-0.02,per_source
,GFT.DE,1 check(s),"the Beneish M-score could not be formed for this name, so the manipulation assessment is ABSENT -- not clean: fewer than half the trailing-year periods are computable (1 of 4), so the mean would not be a trailing-year mean",1.0,-0.01,per_source
,GIB,2 check(s),"no usable vendor data for: SG&A intensity (SGAI) | the Beneish M-score could not be formed for this name, so the manipulation assessment is ABSENT -- not clean: no usable vendor data for: SG&A intensity (SGAI)",2.0,-0.02,per_source
,GKP.L,1 check(s),"uInterestCoverage: 7 of 8 available rows are not computable AND report a positive `totalDebt` on the SAME row, so the refusal cannot mean the flag is inapplicable to this company -- it is missing data. Flag was ABSTAINED -- 1 row(s) is under the 6-row partial-window floor.",7.0,-0.07,per_source
,GLBE,1 check(s),"uInterestCoverage: 3 of 8 available rows are not computable AND report a positive `totalDebt` on the SAME row, so the refusal cannot mean the flag is inapplicable to this company -- it is missing data. Flag was ABSTAINED -- 5 row(s) is under the 6-row partial-window floor.",3.0,-0.03,per_source
,GLP,1 check(s),"uInterestCoverage: 1 of 8 available rows are not computable AND report a positive `totalDebt` on the SAME row, so the refusal cannot mean the flag is inapplicable to this company -- it is missing data. Flag was JUDGED on the 7 row(s) that compute.",1.0,-0.01,per_source
,GMED,1 check(s),"uInterestCoverage: 6 of 8 available rows are not computable AND report a positive `totalDebt` on the SAME row, so the refusal cannot mean the flag is inapplicable to this company -- it is missing data. Flag was ABSTAINED -- 2 row(s) is under the 6-row partial-window floor.",6.0,-0.06,per_source
,GMIN.TO,2 check(s),"no usable vendor data for: receivables days (DSRI), gross margin (GMI) | the Beneish M-score could not be formed for this name, so the manipulation assessment is ABSENT -- not clean: no usable vendor data for: receivables days (DSRI), gross margin (GMI)",3.0,-0.03,per_source
,GOLF,1 check(s),"uInterestCoverage: 1 of 8 available rows are not computable AND report a positive `totalDebt` on the SAME row, so the refusal cannot mean the flag is inapplicable to this company -- it is missing data. Flag was JUDGED on the 7 row(s) that compute.",1.0,-0.01,per_source
,GRND,1 check(s),"uInterestCoverage: 1 of 8 available rows are not computable AND report a positive `totalDebt` on the SAME row, so the refusal cannot mean the flag is inapplicable to this company -- it is missing data. Flag was JUDGED on the 7 row(s) that compute.",1.0,-0.01,per_source
,GRNG.ST,2 check(s),"no usable vendor data for: SG&A intensity (SGAI) | the Beneish M-score could not be formed for this name, so the manipulation assessment is ABSENT -- not clean: no usable vendor data for: SG&A intensity (SGAI)",2.0,-0.02,per_source
,GSIT,1 check(s),"uInterestCoverage: 8 of 8 available rows are not computable AND report a positive `totalDebt` on the SAME row, so the refusal cannot mean the flag is inapplicable to this company -- it is missing data. Flag was ABSTAINED -- 0 row(s) is under the 6-row partial-window floor.",8.0,-0.08,per_source
,GTT.PA,1 check(s),"uInterestCoverage: 5 of 8 available rows are not computable AND report a positive `totalDebt` on the SAME row, so the refusal cannot mean the flag is inapplicable to this company -- it is missing data. Flag was ABSTAINED -- 3 row(s) is under the 6-row partial-window floor.",5.0,-0.05,per_source
,GXI.DE,1 check(s),"uInterestCoverage: 1 of 8 available rows are not computable AND report a positive `totalDebt` on the SAME row, so the refusal cannot mean the flag is inapplicable to this company -- it is missing data. Flag was JUDGED on the 7 row(s) that compute.",1.0,-0.01,per_source
,GXO,1 check(s),"uInterestCoverage: 2 of 8 available rows are not computable AND report a positive `totalDebt` on the SAME row, so the refusal cannot mean the flag is inapplicable to this company -- it is missing data. Flag was JUDGED on the 6 row(s) that compute.",2.0,-0.02,per_source
,HAFN,2 check(s),"no usable vendor data for: SG&A intensity (SGAI) | the Beneish M-score could not be formed for this name, so the manipulation assessment is ABSENT -- not clean: no usable vendor data for: SG&A intensity (SGAI)",2.0,-0.02,per_source
,HANZA.ST,2 check(s),"no usable vendor data for: SG&A intensity (SGAI) | the Beneish M-score could not be formed for this name, so the manipulation assessment is ABSENT -- not clean: no usable vendor data for: SG&A intensity (SGAI)",2.0,-0.02,per_source
,HAUTO.OL,2 check(s),"no usable vendor data for: asset quality (AQI) | the Beneish M-score could not be formed for this name, so the manipulation assessment is ABSENT -- not clean: no usable vendor data for: asset quality (AQI)",2.0,-0.02,per_source
,HCSG,1 check(s),"uInterestCoverage: 1 of 8 available rows are not computable AND report a positive `totalDebt` on the SAME row, so the refusal cannot mean the flag is inapplicable to this company -- it is missing data. Flag was JUDGED on the 7 row(s) that compute.",1.0,-0.01,per_source
,HEIJM.AS,3 check(s),"no usable vendor data for: SG&A intensity (SGAI) | the Beneish M-score could not be formed for this name, so the manipulation assessment is ABSENT -- not clean: no usable vendor data for: SG&A intensity (SGAI) | uInterestCoverage: 1 of 8 available rows are not computable AND report a positive `totalDebt` on the SAME row, so the refusal cannot mean the flag is inapplicable to this company -- it is missing data. Flag was JUDGED on the 7 row(s) that compute.",3.0,-0.03,per_source
,HEX.OL,2 check(s),"no usable vendor data for: gross margin (GMI), SG&A intensity (SGAI) | the Beneish M-score could not be formed for this name, so the manipulation assessment is ABSENT -- not clean: no usable vendor data for: gross margin (GMI), SG&A intensity (SGAI)",3.0,-0.03,per_source
,HIK.L,1 check(s),"uInterestCoverage: 5 of 8 available rows are not computable AND report a positive `totalDebt` on the SAME row, so the refusal cannot mean the flag is inapplicable to this company -- it is missing data. Flag was ABSTAINED -- 3 row(s) is under the 6-row partial-window floor.",5.0,-0.05,per_source
,HNSA.ST,1 check(s),"uInterestCoverage: 1 of 8 available rows are not computable AND report a positive `totalDebt` on the SAME row, so the refusal cannot mean the flag is inapplicable to this company -- it is missing data. Flag was JUDGED on the 7 row(s) that compute.",1.0,-0.01,per_source
,HOLM-B.ST,2 check(s),"no usable vendor data for: SG&A intensity (SGAI) | the Beneish M-score could not be formed for this name, so the manipulation assessment is ABSENT -- not clean: no usable vendor data for: SG&A intensity (SGAI)",2.0,-0.02,per_source
,HOOD,1 check(s),"uInterestCoverage: 2 of 8 available rows are not computable AND report a positive `totalDebt` on the SAME row, so the refusal cannot mean the flag is inapplicable to this company -- it is missing data. Flag was JUDGED on the 6 row(s) that compute.",2.0,-0.02,per_source
,HPE,1 check(s),"uInterestCoverage: 3 of 8 available rows are not computable AND report a positive `totalDebt` on the SAME row, so the refusal cannot mean the flag is inapplicable to this company -- it is missing data. Flag was ABSTAINED -- 5 row(s) is under the 6-row partial-window floor.",3.0,-0.03,per_source
,HPQ,1 check(s),"uInterestCoverage: 1 of 8 available rows are not computable AND report a positive `totalDebt` on the SAME row, so the refusal cannot mean the flag is inapplicable to this company -- it is missing data. Flag was JUDGED on the 7 row(s) that compute.",1.0,-0.01,per_source
,HRTX,1 check(s),"uInterestCoverage: 3 of 8 available rows are not computable AND report a positive `totalDebt` on the SAME row, so the refusal cannot mean the flag is inapplicable to this company -- it is missing data. Flag was ABSTAINED -- 5 row(s) is under the 6-row partial-window floor.",3.0,-0.03,per_source
,HSHP,1 check(s),"uInterestCoverage: 1 of 8 available rows are not computable AND report a positive `totalDebt` on the SAME row, so the refusal cannot mean the flag is inapplicable to this company -- it is missing data. Flag was JUDGED on the 7 row(s) that compute.",1.0,-0.01,per_source
,HTRO.ST,2 check(s),"no usable vendor data for: SG&A intensity (SGAI) | the Beneish M-score could not be formed for this name, so the manipulation assessment is ABSENT -- not clean: no usable vendor data for: SG&A intensity (SGAI)",2.0,-0.02,per_source
,HUNT.OL,3 check(s),"no usable vendor data for: receivables days (DSRI), gross margin (GMI), sales growth (SGI), SG&A intensity (SGAI) | the Beneish M-score could not be formed for this name, so the manipulation assessment is ABSENT -- not clean: no usable vendor data for: receivables days (DSRI), gross margin (GMI), sales growth (SGI), SG&A intensity (SGAI) | uInterestCoverage: 8 of 8 available rows are not computable AND report a positive `totalDebt` on the SAME row, so the refusal cannot mean the flag is inapplicable to this company -- it is missing data. Flag was ABSTAINED -- 0 row(s) is under the 6-row partial-window floor.",12.0,-0.12,per_source
,HUT,1 check(s),"uInterestCoverage: 1 of 8 available rows are not computable AND report a positive `totalDebt` on the SAME row, so the refusal cannot mean the flag is inapplicable to this company -- it is missing data. Flag was JUDGED on the 7 row(s) that compute.",1.0,-0.01,per_source
,HVT,3 check(s),"no usable vendor data for: receivables days (DSRI) | the Beneish M-score could not be formed for this name, so the manipulation assessment is ABSENT -- not clean: no usable vendor data for: receivables days (DSRI) | uInterestCoverage: 7 of 8 available rows are not computable AND report a positive `totalDebt` on the SAME row, so the refusal cannot mean the flag is inapplicable to this company -- it is missing data. Flag was ABSTAINED -- 1 row(s) is under the 6-row partial-window floor.",9.0,-0.09000000000000001,per_source
,HWX.TO,1 check(s),"the Beneish M-score could not be formed for this name, so the manipulation assessment is ABSENT -- not clean: fewer than half the trailing-year periods are computable (1 of 4), so the mean would not be a trailing-year mean",1.0,-0.01,per_source
,IFP.TO,2 check(s),"no usable vendor data for: gross margin (GMI) | the Beneish M-score could not be formed for this name, so the manipulation assessment is ABSENT -- not clean: no usable vendor data for: gross margin (GMI)",2.0,-0.02,per_source
,ILMN,1 check(s),"uInterestCoverage: 1 of 8 available rows are not computable AND report a positive `totalDebt` on the SAME row, so the refusal cannot mean the flag is inapplicable to this company -- it is missing data. Flag was JUDGED on the 7 row(s) that compute.",1.0,-0.01,per_source
,IMO.TO,1 check(s),"uInterestCoverage: 4 of 8 available rows are not computable AND report a positive `totalDebt` on the SAME row, so the refusal cannot mean the flag is inapplicable to this company -- it is missing data. Flag was ABSTAINED -- 4 row(s) is under the 6-row partial-window floor.",4.0,-0.04,per_source
,IMRX,1 check(s),"uInterestCoverage: 8 of 8 available rows are not computable AND report a positive `totalDebt` on the SAME row, so the refusal cannot mean the flag is inapplicable to this company -- it is missing data. Flag was ABSTAINED -- 0 row(s) is under the 6-row partial-window floor.",8.0,-0.08,per_source
,IMVT,1 check(s),"uInterestCoverage: 4 of 8 available rows are not computable AND report a positive `totalDebt` on the SAME row, so the refusal cannot mean the flag is inapplicable to this company -- it is missing data. Flag was ABSTAINED -- 0 row(s) is under the 6-row partial-window floor.",4.0,-0.04,per_source
,IMXI,1 check(s),"the Beneish M-score could not be formed for this name, so the manipulation assessment is ABSENT -- not clean: fewer than half the trailing-year periods are computable (1 of 4), so the mean would not be a trailing-year mean",1.0,-0.01,per_source
,INSTAL.ST,2 check(s),"the Beneish M-score could not be formed for this name, so the manipulation assessment is ABSENT -- not clean: fewer than half the trailing-year periods are computable (1 of 4), so the mean would not be a trailing-year mean | uInterestCoverage: 1 of 8 available rows are not computable AND report a positive `totalDebt` on the SAME row, so the refusal cannot mean the flag is inapplicable to this company -- it is missing data. Flag was JUDGED on the 7 row(s) that compute.",2.0,-0.02,per_source
,IOT,1 check(s),"uInterestCoverage: 8 of 8 available rows are not computable AND report a positive `totalDebt` on the SAME row, so the refusal cannot mean the flag is inapplicable to this company -- it is missing data. Flag was ABSTAINED -- 0 row(s) is under the 6-row partial-window floor.",8.0,-0.08,per_source
,IPO.TO,1 check(s),"uInterestCoverage: 1 of 8 available rows are not computable AND report a positive `totalDebt` on the SAME row, so the refusal cannot mean the flag is inapplicable to this company -- it is missing data. Flag was JUDGED on the 7 row(s) that compute.",1.0,-0.01,per_source
,ITG,2 check(s),"no usable vendor data for: receivables days (DSRI), gross margin (GMI) | the Beneish M-score could not be formed for this name, so the manipulation assessment is ABSENT -- not clean: no usable vendor data for: receivables days (DSRI), gross margin (GMI)",3.0,-0.03,per_source
,IVN.TO,2 check(s),"no usable vendor data for: receivables days (DSRI), gross margin (GMI), SG&A intensity (SGAI) | the Beneish M-score could not be formed for this name, so the manipulation assessment is ABSENT -- not clean: no usable vendor data for: receivables days (DSRI), gross margin (GMI), SG&A intensity (SGAI)",4.0,-0.04,per_source
,IVSO.ST,3 check(s),"no usable vendor data for: SG&A intensity (SGAI) | the Beneish M-score could not be formed for this name, so the manipulation assessment is ABSENT -- not clean: no usable vendor data for: SG&A intensity (SGAI) | uInterestCoverage: 3 of 8 available rows are not computable AND report a positive `totalDebt` on the SAME row, so the refusal cannot mean the flag is inapplicable to this company -- it is missing data. Flag was ABSTAINED -- 5 row(s) is under the 6-row partial-window floor.",5.0,-0.05,per_source
,IVVD,1 check(s),"uInterestCoverage: 8 of 8 available rows are not computable AND report a positive `totalDebt` on the SAME row, so the refusal cannot mean the flag is inapplicable to this company -- it is missing data. Flag was ABSTAINED -- 0 row(s) is under the 6-row partial-window floor.",8.0,-0.08,per_source
,JHD.L,2 check(s),"no usable vendor data for: gross margin (GMI), SG&A intensity (SGAI) | the Beneish M-score could not be formed for this name, so the manipulation assessment is ABSENT -- not clean: no usable vendor data for: gross margin (GMI), SG&A intensity (SGAI)",3.0,-0.03,per_source
,JOY.TO,1 check(s),"uInterestCoverage: 1 of 8 available rows are not computable AND report a positive `totalDebt` on the SAME row, so the refusal cannot mean the flag is inapplicable to this company -- it is missing data. Flag was JUDGED on the 7 row(s) that compute.",1.0,-0.01,per_source
,JST.DE,3 check(s),"no usable vendor data for: SG&A intensity (SGAI) | the Beneish M-score could not be formed for this name, so the manipulation assessment is ABSENT -- not clean: no usable vendor data for: SG&A intensity (SGAI) | uInterestCoverage: 1 of 8 available rows are not computable AND report a positive `totalDebt` on the SAME row, so the refusal cannot mean the flag is inapplicable to this company -- it is missing data. Flag was JUDGED on the 7 row(s) that compute.",3.0,-0.03,per_source
,JUN3.DE,2 check(s),"no usable vendor data for: receivables days (DSRI), gross margin (GMI), SG&A intensity (SGAI) | the Beneish M-score could not be formed for this name, so the manipulation assessment is ABSENT -- not clean: no usable vendor data for: receivables days (DSRI), gross margin (GMI), SG&A intensity (SGAI)",4.0,-0.04,per_source
,KAMBI.ST,2 check(s),"no usable vendor data for: gross margin (GMI), SG&A intensity (SGAI) | the Beneish M-score could not be formed for this name, so the manipulation assessment is ABSENT -- not clean: no usable vendor data for: gross margin (GMI), SG&A intensity (SGAI)",3.0,-0.03,per_source
,KBX.DE,1 check(s),"the Beneish M-score could not be formed for this name, so the manipulation assessment is ABSENT -- not clean: fewer than half the trailing-year periods are computable (1 of 4), so the mean would not be a trailing-year mean",1.0,-0.01,per_source
,KER.PA,2 check(s),"no usable vendor data for: SG&A intensity (SGAI) | the Beneish M-score could not be formed for this name, so the manipulation assessment is ABSENT -- not clean: no usable vendor data for: SG&A intensity (SGAI)",2.0,-0.02,per_source
,KFY,1 check(s),"uInterestCoverage: 1 of 8 available rows are not computable AND report a positive `totalDebt` on the SAME row, so the refusal cannot mean the flag is inapplicable to this company -- it is missing data. Flag was JUDGED on the 7 row(s) that compute.",1.0,-0.01,per_source
,KGX.DE,1 check(s),"uInterestCoverage: 1 of 8 available rows are not computable AND report a positive `totalDebt` on the SAME row, so the refusal cannot mean the flag is inapplicable to this company -- it is missing data. Flag was JUDGED on the 7 row(s) that compute.",1.0,-0.01,per_source
,KIT.OL,3 check(s),"no usable vendor data for: receivables days (DSRI), gross margin (GMI), SG&A intensity (SGAI) | the Beneish M-score could not be formed for this name, so the manipulation assessment is ABSENT -- not clean: no usable vendor data for: receivables days (DSRI), gross margin (GMI), SG&A intensity (SGAI) | uInterestCoverage: 1 of 8 available rows are not computable AND report a positive `totalDebt` on the SAME row, so the refusal cannot mean the flag is inapplicable to this company -- it is missing data. Flag was JUDGED on the 7 row(s) that compute.",5.0,-0.05,per_source
,KITS.TO,1 check(s),"uInterestCoverage: 1 of 8 available rows are not computable AND report a positive `totalDebt` on the SAME row, so the refusal cannot mean the flag is inapplicable to this company -- it is missing data. Flag was JUDGED on the 7 row(s) that compute.",1.0,-0.01,per_source
,KMT,2 check(s),"no usable vendor data for: SG&A intensity (SGAI) | the Beneish M-score could not be formed for this name, so the manipulation assessment is ABSENT -- not clean: no usable vendor data for: SG&A intensity (SGAI)",2.0,-0.02,per_source
,KOD,1 check(s),"uInterestCoverage: 8 of 8 available rows are not computable AND report a positive `totalDebt` on the SAME row, so the refusal cannot mean the flag is inapplicable to this company -- it is missing data. Flag was ABSTAINED -- 0 row(s) is under the 6-row partial-window floor.",8.0,-0.08,per_source
,KOG.OL,3 check(s),"no usable vendor data for: gross margin (GMI), SG&A intensity (SGAI) | the Beneish M-score could not be formed for this name, so the manipulation assessment is ABSENT -- not clean: no usable vendor data for: gross margin (GMI), SG&A intensity (SGAI) | uInterestCoverage: 1 of 8 available rows are not computable AND report a positive `totalDebt` on the SAME row, so the refusal cannot mean the flag is inapplicable to this company -- it is missing data. Flag was JUDGED on the 7 row(s) that compute.",4.0,-0.04,per_source
,KOP,2 check(s),"no usable vendor data for: SG&A intensity (SGAI) | the Beneish M-score could not be formed for this name, so the manipulation assessment is ABSENT -- not clean: no usable vendor data for: SG&A intensity (SGAI)",2.0,-0.02,per_source
,KPN.AS,1 check(s),"uInterestCoverage: 3 of 8 available rows are not computable AND report a positive `totalDebt` on the SAME row, so the refusal cannot mean the flag is inapplicable to this company -- it is missing data. Flag was ABSTAINED -- 5 row(s) is under the 6-row partial-window floor.",3.0,-0.03,per_source
,KRN.DE,3 check(s),"no usable vendor data for: SG&A intensity (SGAI) | the Beneish M-score could not be formed for this name, so the manipulation assessment is ABSENT -- not clean: no usable vendor data for: SG&A intensity (SGAI) | uInterestCoverage: 6 of 8 available rows are not computable AND report a positive `totalDebt` on the SAME row, so the refusal cannot mean the flag is inapplicable to this company -- it is missing data. Flag was ABSTAINED -- 2 row(s) is under the 6-row partial-window floor.",8.0,-0.08,per_source
,KRO,1 check(s),"the Beneish M-score could not be formed for this name, so the manipulation assessment is ABSENT -- not clean: fewer than half the trailing-year periods are computable (1 of 4), so the mean would not be a trailing-year mean",1.0,-0.01,per_source
,KSPI,2 check(s),"the Beneish M-score could not be formed for this name, so the manipulation assessment is ABSENT -- not clean: fewer than half the trailing-year periods are computable (0 of 4), so the mean would not be a trailing-year mean | uInterestCoverage: 4 of 8 available rows are not computable AND report a positive `totalDebt` on the SAME row, so the refusal cannot mean the flag is inapplicable to this company -- it is missing data. Flag was ABSTAINED -- 4 row(s) is under the 6-row partial-window floor.",5.0,-0.05,per_source
,KWS.DE,2 check(s),"no usable vendor data for: gross margin (GMI), SG&A intensity (SGAI) | the Beneish M-score could not be formed for this name, so the manipulation assessment is ABSENT -- not clean: no usable vendor data for: gross margin (GMI), SG&A intensity (SGAI)",3.0,-0.03,per_source
,KXS.TO,1 check(s),"uInterestCoverage: 8 of 8 available rows are not computable AND report a positive `totalDebt` on the SAME row, so the refusal cannot mean the flag is inapplicable to this company -- it is missing data. Flag was ABSTAINED -- 0 row(s) is under the 6-row partial-window floor.",8.0,-0.08,per_source
,LAC.TO,3 check(s),"no usable vendor data for: receivables days (DSRI), gross margin (GMI), sales growth (SGI), depreciation rate (DEPI), SG&A intensity (SGAI) | the Beneish M-score could not be formed for this name, so the manipulation assessment is ABSENT -- not clean: no usable vendor data for: receivables days (DSRI), gross margin (GMI), sales growth (SGI), depreciation rate (DEPI), SG&A intensity (SGAI) | producerEbitdaPositive: 1 of 8 available rows are not computable AND report no `revenue` figure at all, or a NEGATIVE one on the SAME row, so the refusal cannot mean the flag is inapplicable to this company -- it is missing data. Flag was ABSTAINED -- 0 row(s) is under the 6-row partial-window floor.",5.0,-0.05,per_source
,LAND.L,1 check(s),"reitEbitdaInterestCoverage: 5 of 8 available rows are not computable AND report a positive `totalDebt` on the SAME row, so the refusal cannot mean the flag is inapplicable to this company -- it is missing data. Flag was ABSTAINED -- 3 row(s) is under the 6-row partial-window floor.",5.0,-0.05,per_source
,LAR,2 check(s),"no usable vendor data for: receivables days (DSRI), gross margin (GMI), sales growth (SGI), depreciation rate (DEPI), SG&A intensity (SGAI) | the Beneish M-score could not be formed for this name, so the manipulation assessment is ABSENT -- not clean: no usable vendor data for: receivables days (DSRI), gross margin (GMI), sales growth (SGI), depreciation rate (DEPI), SG&A intensity (SGAI)",4.0,-0.04,per_source
,LBIRD.PA,2 check(s),"no usable vendor data for: SG&A intensity (SGAI) | the Beneish M-score could not be formed for this name, so the manipulation assessment is ABSENT -- not clean: no usable vendor data for: SG&A intensity (SGAI)",2.0,-0.02,per_source
,LENZ,1 check(s),"uInterestCoverage: 8 of 8 available rows are not computable AND report a positive `totalDebt` on the SAME row, so the refusal cannot mean the flag is inapplicable to this company -- it is missing data. Flag was ABSTAINED -- 0 row(s) is under the 6-row partial-window floor.",8.0,-0.08,per_source
,LFVN,1 check(s),"uInterestCoverage: 8 of 8 available rows are not computable AND report a positive `totalDebt` on the SAME row, so the refusal cannot mean the flag is inapplicable to this company -- it is missing data. Flag was ABSTAINED -- 0 row(s) is under the 6-row partial-window floor.",8.0,-0.08,per_source
,LGD.TO,2 check(s),"no usable vendor data for: receivables days (DSRI), gross margin (GMI), sales growth (SGI), SG&A intensity (SGAI) | the Beneish M-score could not be formed for this name, so the manipulation assessment is ABSENT -- not clean: no usable vendor data for: receivables days (DSRI), gross margin (GMI), sales growth (SGI), SG&A intensity (SGAI)",4.0,-0.04,per_source
,LHX,2 check(s),"no usable vendor data for: SG&A intensity (SGAI) | the Beneish M-score could not be formed for this name, so the manipulation assessment is ABSENT -- not clean: no usable vendor data for: SG&A intensity (SGAI)",2.0,-0.02,per_source
,LI.PA,1 check(s),"reitEbitdaInterestCoverage: 1 of 8 available rows are not computable AND report a positive `totalDebt` on the SAME row, so the refusal cannot mean the flag is inapplicable to this company -- it is missing data. Flag was JUDGED on the 7 row(s) that compute.",1.0,-0.01,per_source
,LKFT.AS,1 check(s),"uInterestCoverage: 1 of 8 available rows are not computable AND report a positive `totalDebt` on the SAME row, so the refusal cannot mean the flag is inapplicable to this company -- it is missing data. Flag was JUDGED on the 7 row(s) that compute.",1.0,-0.01,per_source
,LMT,2 check(s),"no usable vendor data for: SG&A intensity (SGAI) | the Beneish M-score could not be formed for this name, so the manipulation assessment is ABSENT -- not clean: no usable vendor data for: SG&A intensity (SGAI)",2.0,-0.02,per_source
,LOTB.BR,2 check(s),"no usable vendor data for: gross margin (GMI) | the Beneish M-score could not be formed for this name, so the manipulation assessment is ABSENT -- not clean: no usable vendor data for: gross margin (GMI)",2.0,-0.02,per_source
,LOW,2 check(s),"no usable vendor data for: receivables days (DSRI) | the Beneish M-score could not be formed for this name, so the manipulation assessment is ABSENT -- not clean: no usable vendor data for: receivables days (DSRI)",2.0,-0.02,per_source
,LPK.DE,1 check(s),"the Beneish M-score could not be formed for this name, so the manipulation assessment is ABSENT -- not clean: fewer than half the trailing-year periods are computable (1 of 4), so the mean would not be a trailing-year mean",1.0,-0.01,per_source
,LRCX,1 check(s),"uInterestCoverage: 1 of 8 available rows are not computable AND report a positive `totalDebt` on the SAME row, so the refusal cannot mean the flag is inapplicable to this company -- it is missing data. Flag was JUDGED on the 7 row(s) that compute.",1.0,-0.01,per_source
,LSCC,1 check(s),"uInterestCoverage: 6 of 8 available rows are not computable AND report a positive `totalDebt` on the SAME row, so the refusal cannot mean the flag is inapplicable to this company -- it is missing data. Flag was ABSTAINED -- 2 row(s) is under the 6-row partial-window floor.",6.0,-0.06,per_source
,LSG.OL,2 check(s),"no usable vendor data for: SG&A intensity (SGAI) | the Beneish M-score could not be formed for this name, so the manipulation assessment is ABSENT -- not clean: no usable vendor data for: SG&A intensity (SGAI)",2.0,-0.02,per_source
,LSPD,1 check(s),"uInterestCoverage: 1 of 8 available rows are not computable AND report a positive `totalDebt` on the SAME row, so the refusal cannot mean the flag is inapplicable to this company -- it is missing data. Flag was JUDGED on the 7 row(s) that compute.",1.0,-0.01,per_source
,LUND-B.ST,1 check(s),"uInterestCoverage: 1 of 8 available rows are not computable AND report a positive `totalDebt` on the SAME row, so the refusal cannot mean the flag is inapplicable to this company -- it is missing data. Flag was JUDGED on the 7 row(s) that compute.",1.0,-0.01,per_source
,LWAY,1 check(s),"uInterestCoverage: 1 of 8 available rows are not computable AND report a positive `totalDebt` on the SAME row, so the refusal cannot mean the flag is inapplicable to this company -- it is missing data. Flag was JUDGED on the 7 row(s) that compute.",1.0,-0.01,per_source
,MAC,1 check(s),"reitEbitdaInterestCoverage: 2 of 8 available rows are not computable AND report a positive `totalDebt` on the SAME row, so the refusal cannot mean the flag is inapplicable to this company -- it is missing data. Flag was JUDGED on the 6 row(s) that compute.",2.0,-0.02,per_source
,MAL.TO,1 check(s),"uInterestCoverage: 1 of 8 available rows are not computable AND report a positive `totalDebt` on the SAME row, so the refusal cannot mean the flag is inapplicable to this company -- it is missing data. Flag was JUDGED on the 7 row(s) that compute.",1.0,-0.01,per_source
,MARI.TO,2 check(s),"no usable vendor data for: receivables days (DSRI), gross margin (GMI), sales growth (SGI), depreciation rate (DEPI), SG&A intensity (SGAI) | the Beneish M-score could not be formed for this name, so the manipulation assessment is ABSENT -- not clean: no usable vendor data for: receivables days (DSRI), gross margin (GMI), sales growth (SGI), depreciation rate (DEPI), SG&A intensity (SGAI)",4.0,-0.04,per_source
,MATV,2 check(s),"no usable vendor data for: SG&A intensity (SGAI) | the Beneish M-score could not be formed for this name, so the manipulation assessment is ABSENT -- not clean: no usable vendor data for: SG&A intensity (SGAI)",2.0,-0.02,per_source
,MAU.PA,2 check(s),"no usable vendor data for: gross margin (GMI), SG&A intensity (SGAI) | the Beneish M-score could not be formed for this name, so the manipulation assessment is ABSENT -- not clean: no usable vendor data for: gross margin (GMI), SG&A intensity (SGAI)",3.0,-0.03,per_source
,MAU.TO,2 check(s),"no usable vendor data for: receivables days (DSRI), gross margin (GMI), sales growth (SGI), depreciation rate (DEPI), SG&A intensity (SGAI) | the Beneish M-score could not be formed for this name, so the manipulation assessment is ABSENT -- not clean: no usable vendor data for: receivables days (DSRI), gross margin (GMI), sales growth (SGI), depreciation rate (DEPI), SG&A intensity (SGAI)",4.0,-0.04,per_source
,MBG.DE,1 check(s),"uInterestCoverage: 1 of 8 available rows are not computable AND report a positive `totalDebt` on the SAME row, so the refusal cannot mean the flag is inapplicable to this company -- it is missing data. Flag was JUDGED on the 7 row(s) that compute.",1.0,-0.01,per_source
,MBUU,1 check(s),"uInterestCoverage: 1 of 8 available rows are not computable AND report a positive `totalDebt` on the SAME row, so the refusal cannot mean the flag is inapplicable to this company -- it is missing data. Flag was JUDGED on the 7 row(s) that compute.",1.0,-0.01,per_source
,MCK,1 check(s),"uInterestCoverage: 1 of 8 available rows are not computable AND report a positive `totalDebt` on the SAME row, so the refusal cannot mean the flag is inapplicable to this company -- it is missing data. Flag was JUDGED on the 7 row(s) that compute.",1.0,-0.01,per_source
,MDB,1 check(s),"uInterestCoverage: 1 of 8 available rows are not computable AND report a positive `totalDebt` on the SAME row, so the refusal cannot mean the flag is inapplicable to this company -- it is missing data. Flag was JUDGED on the 7 row(s) that compute.",1.0,-0.01,per_source
,MED,3 check(s),"no usable vendor data for: receivables days (DSRI) | the Beneish M-score could not be formed for this name, so the manipulation assessment is ABSENT -- not clean: no usable vendor data for: receivables days (DSRI) | uInterestCoverage: 8 of 8 available rows are not computable AND report a positive `totalDebt` on the SAME row, so the refusal cannot mean the flag is inapplicable to this company -- it is missing data. Flag was ABSTAINED -- 0 row(s) is under the 6-row partial-window floor.",10.0,-0.1,per_source
,MELE.BR,1 check(s),"uInterestCoverage: 1 of 8 available rows are not computable AND report a positive `totalDebt` on the SAME row, so the refusal cannot mean the flag is inapplicable to this company -- it is missing data. Flag was JUDGED on the 7 row(s) that compute.",1.0,-0.01,per_source
,MELI,2 check(s),"no usable vendor data for: SG&A intensity (SGAI) | the Beneish M-score could not be formed for this name, so the manipulation assessment is ABSENT -- not clean: no usable vendor data for: SG&A intensity (SGAI)",2.0,-0.02,per_source
,MEOH,2 check(s),"no usable vendor data for: SG&A intensity (SGAI) | the Beneish M-score could not be formed for this name, so the manipulation assessment is ABSENT -- not clean: no usable vendor data for: SG&A intensity (SGAI)",2.0,-0.02,per_source
,MER.TO,2 check(s),"no usable vendor data for: receivables days (DSRI), gross margin (GMI) | the Beneish M-score could not be formed for this name, so the manipulation assessment is ABSENT -- not clean: no usable vendor data for: receivables days (DSRI), gross margin (GMI)",3.0,-0.03,per_source
,MERY.PA,1 check(s),"reitEbitdaInterestCoverage: 1 of 8 available rows are not computable AND report a positive `totalDebt` on the SAME row, so the refusal cannot mean the flag is inapplicable to this company -- it is missing data. Flag was JUDGED on the 7 row(s) that compute.",1.0,-0.01,per_source
,MFI.TO,1 check(s),"the Beneish M-score could not be formed for this name, so the manipulation assessment is ABSENT -- not clean: fewer than half the trailing-year periods are computable (1 of 4), so the mean would not be a trailing-year mean",1.0,-0.01,per_source
,MGN.OL,3 check(s),"no usable vendor data for: receivables days (DSRI), gross margin (GMI), SG&A intensity (SGAI) | the Beneish M-score could not be formed for this name, so the manipulation assessment is ABSENT -- not clean: no usable vendor data for: receivables days (DSRI), gross margin (GMI), SG&A intensity (SGAI) | uInterestCoverage: 5 of 8 available rows are not computable AND report a positive `totalDebt` on the SAME row, so the refusal cannot mean the flag is inapplicable to this company -- it is missing data. Flag was ABSTAINED -- 3 row(s) is under the 6-row partial-window floor.",9.0,-0.09,per_source
,MGNX,1 check(s),"uInterestCoverage: 2 of 8 available rows are not computable AND report a positive `totalDebt` on the SAME row, so the refusal cannot mean the flag is inapplicable to this company -- it is missing data. Flag was JUDGED on the 6 row(s) that compute.",2.0,-0.02,per_source
,MHO,1 check(s),"uInterestCoverage: 3 of 8 available rows are not computable AND report a positive `totalDebt` on the SAME row, so the refusal cannot mean the flag is inapplicable to this company -- it is missing data. Flag was ABSTAINED -- 5 row(s) is under the 6-row partial-window floor.",3.0,-0.03,per_source
,MILDEF.ST,1 check(s),"uInterestCoverage: 2 of 8 available rows are not computable AND report a positive `totalDebt` on the SAME row, so the refusal cannot mean the flag is inapplicable to this company -- it is missing data. Flag was JUDGED on the 6 row(s) that compute.",2.0,-0.02,per_source
,MIPS.ST,1 check(s),"uInterestCoverage: 6 of 8 available rows are not computable AND report a positive `totalDebt` on the SAME row, so the refusal cannot mean the flag is inapplicable to this company -- it is missing data. Flag was ABSTAINED -- 2 row(s) is under the 6-row partial-window floor.",6.0,-0.06,per_source
,MMM,1 check(s),"uInterestCoverage: 1 of 8 available rows are not computable AND report a positive `totalDebt` on the SAME row, so the refusal cannot mean the flag is inapplicable to this company -- it is missing data. Flag was JUDGED on the 7 row(s) that compute.",1.0,-0.01,per_source
,MMT.PA,3 check(s),"no usable vendor data for: SG&A intensity (SGAI) | the Beneish M-score could not be formed for this name, so the manipulation assessment is ABSENT -- not clean: no usable vendor data for: SG&A intensity (SGAI) | uInterestCoverage: 6 of 8 available rows are not computable AND report a positive `totalDebt` on the SAME row, so the refusal cannot mean the flag is inapplicable to this company -- it is missing data. Flag was ABSTAINED -- 2 row(s) is under the 6-row partial-window floor.",8.0,-0.08,per_source
,MONT.BR,1 check(s),"reitEbitdaInterestCoverage: 4 of 8 available rows are not computable AND report a positive `totalDebt` on the SAME row, so the refusal cannot mean the flag is inapplicable to this company -- it is missing data. Flag was ABSTAINED -- 4 row(s) is under the 6-row partial-window floor.",4.0,-0.04,per_source
,MOWI.OL,2 check(s),"no usable vendor data for: SG&A intensity (SGAI) | the Beneish M-score could not be formed for this name, so the manipulation assessment is ABSENT -- not clean: no usable vendor data for: SG&A intensity (SGAI)",2.0,-0.02,per_source
,MPCC.OL,2 check(s),"no usable vendor data for: asset quality (AQI) | the Beneish M-score could not be formed for this name, so the manipulation assessment is ABSENT -- not clean: no usable vendor data for: asset quality (AQI)",2.0,-0.02,per_source
,MPE.L,1 check(s),"uInterestCoverage: 6 of 8 available rows are not computable AND report a positive `totalDebt` on the SAME row, so the refusal cannot mean the flag is inapplicable to this company -- it is missing data. Flag was ABSTAINED -- 2 row(s) is under the 6-row partial-window floor.",6.0,-0.06,per_source
,MRK,1 check(s),"uInterestCoverage: 1 of 8 available rows are not computable AND report a positive `totalDebt` on the SAME row, so the refusal cannot mean the flag is inapplicable to this company -- it is missing data. Flag was JUDGED on the 7 row(s) that compute.",1.0,-0.01,per_source
,MRTN,3 check(s),"no usable vendor data for: asset quality (AQI) | the Beneish M-score could not be formed for this name, so the manipulation assessment is ABSENT -- not clean: no usable vendor data for: asset quality (AQI) | uInterestCoverage: 8 of 8 available rows are not computable AND report a positive `totalDebt` on the SAME row, so the refusal cannot mean the flag is inapplicable to this company -- it is missing data. Flag was ABSTAINED -- 0 row(s) is under the 6-row partial-window floor.",10.0,-0.1,per_source
,MRU.TO,3 check(s),"no usable vendor data for: SG&A intensity (SGAI) | the Beneish M-score could not be formed for this name, so the manipulation assessment is ABSENT -- not clean: no usable vendor data for: SG&A intensity (SGAI) | uInterestCoverage: 1 of 8 available rows are not computable AND report a positive `totalDebt` on the SAME row, so the refusal cannot mean the flag is inapplicable to this company -- it is missing data. Flag was JUDGED on the 7 row(s) that compute.",3.0,-0.03,per_source
,MSA.TO,2 check(s),"no usable vendor data for: SG&A intensity (SGAI) | the Beneish M-score could not be formed for this name, so the manipulation assessment is ABSENT -- not clean: no usable vendor data for: SG&A intensity (SGAI)",2.0,-0.02,per_source
,MT.AS,2 check(s),"no usable vendor data for: SG&A intensity (SGAI) | the Beneish M-score could not be formed for this name, so the manipulation assessment is ABSENT -- not clean: no usable vendor data for: SG&A intensity (SGAI)",2.0,-0.02,per_source
,MTG-B.ST,1 check(s),"uInterestCoverage: 1 of 8 available rows are not computable AND report a positive `totalDebt` on the SAME row, so the refusal cannot mean the flag is inapplicable to this company -- it is missing data. Flag was JUDGED on the 7 row(s) that compute.",1.0,-0.01,per_source
,MTRS.ST,1 check(s),"uInterestCoverage: 1 of 8 available rows are not computable AND report a positive `totalDebt` on the SAME row, so the refusal cannot mean the flag is inapplicable to this company -- it is missing data. Flag was JUDGED on the 7 row(s) that compute.",1.0,-0.01,per_source
,MU,1 check(s),"uInterestCoverage: 1 of 8 available rows are not computable AND report a positive `totalDebt` on the SAME row, so the refusal cannot mean the flag is inapplicable to this company -- it is missing data. Flag was JUDGED on the 7 row(s) that compute.",1.0,-0.01,per_source
,MXCT,1 check(s),"uInterestCoverage: 8 of 8 available rows are not computable AND report a positive `totalDebt` on the SAME row, so the refusal cannot mean the flag is inapplicable to this company -- it is missing data. Flag was ABSTAINED -- 0 row(s) is under the 6-row partial-window floor.",8.0,-0.08,per_source
,MYCR.ST,1 check(s),"uInterestCoverage: 6 of 8 available rows are not computable AND report a positive `totalDebt` on the SAME row, so the refusal cannot mean the flag is inapplicable to this company -- it is missing data. Flag was ABSTAINED -- 2 row(s) is under the 6-row partial-window floor.",6.0,-0.06,per_source
,MZTI,1 check(s),"uInterestCoverage: 8 of 8 available rows are not computable AND report a positive `totalDebt` on the SAME row, so the refusal cannot mean the flag is inapplicable to this company -- it is missing data. Flag was ABSTAINED -- 0 row(s) is under the 6-row partial-window floor.",8.0,-0.08,per_source
,NA9.DE,1 check(s),"uInterestCoverage: 1 of 8 available rows are not computable AND report a positive `totalDebt` on the SAME row, so the refusal cannot mean the flag is inapplicable to this company -- it is missing data. Flag was JUDGED on the 7 row(s) that compute.",1.0,-0.01,per_source
,NABL,1 check(s),"uInterestCoverage: 1 of 8 available rows are not computable AND report a positive `totalDebt` on the SAME row, so the refusal cannot mean the flag is inapplicable to this company -- it is missing data. Flag was JUDGED on the 7 row(s) that compute.",1.0,-0.01,per_source
,NAS.OL,1 check(s),"the Beneish M-score could not be formed for this name, so the manipulation assessment is ABSENT -- not clean: fewer than half the trailing-year periods are computable (0 of 4), so the mean would not be a trailing-year mean",1.0,-0.01,per_source
,NBTX,1 check(s),"uInterestCoverage: 3 of 8 available rows are not computable AND report a positive `totalDebt` on the SAME row, so the refusal cannot mean the flag is inapplicable to this company -- it is missing data. Flag was ABSTAINED -- 5 row(s) is under the 6-row partial-window floor.",3.0,-0.03,per_source
,NCAB.ST,3 check(s),"no usable vendor data for: SG&A intensity (SGAI) | the Beneish M-score could not be formed for this name, so the manipulation assessment is ABSENT -- not clean: no usable vendor data for: SG&A intensity (SGAI) | uInterestCoverage: 2 of 8 available rows are not computable AND report a positive `totalDebt` on the SAME row, so the refusal cannot mean the flag is inapplicable to this company -- it is missing data. Flag was JUDGED on the 6 row(s) that compute.",4.0,-0.04,per_source
,NDA.DE,2 check(s),"no usable vendor data for: SG&A intensity (SGAI) | the Beneish M-score could not be formed for this name, so the manipulation assessment is ABSENT -- not clean: no usable vendor data for: SG&A intensity (SGAI)",2.0,-0.02,per_source
,NDM.TO,2 check(s),"no usable vendor data for: receivables days (DSRI), gross margin (GMI), asset quality (AQI), sales growth (SGI), depreciation rate (DEPI), SG&A intensity (SGAI) | the Beneish M-score could not be formed for this name, so the manipulation assessment is ABSENT -- not clean: no usable vendor data for: receivables days (DSRI), gross margin (GMI), asset quality (AQI), sales growth (SGI), depreciation rate (DEPI), SG&A intensity (SGAI)",4.0,-0.04,per_source
,NDX1.DE,1 check(s),"the Beneish M-score could not be formed for this name, so the manipulation assessment is ABSENT -- not clean: fewer than half the trailing-year periods are computable (1 of 4), so the mean would not be a trailing-year mean",1.0,-0.01,per_source
,NEM.DE,1 check(s),"uInterestCoverage: 1 of 8 available rows are not computable AND report a positive `totalDebt` on the SAME row, so the refusal cannot mean the flag is inapplicable to this company -- it is missing data. Flag was JUDGED on the 7 row(s) that compute.",1.0,-0.01,per_source
,NEWA-B.ST,2 check(s),"no usable vendor data for: SG&A intensity (SGAI) | the Beneish M-score could not be formed for this name, so the manipulation assessment is ABSENT -- not clean: no usable vendor data for: SG&A intensity (SGAI)",2.0,-0.02,per_source
,NFI.TO,2 check(s),"no usable vendor data for: gross margin (GMI) | the Beneish M-score could not be formed for this name, so the manipulation assessment is ABSENT -- not clean: no usable vendor data for: gross margin (GMI)",2.0,-0.02,per_source
,NG.TO,2 check(s),"no usable vendor data for: receivables days (DSRI), gross margin (GMI), sales growth (SGI), SG&A intensity (SGAI) | the Beneish M-score could not be formed for this name, so the manipulation assessment is ABSENT -- not clean: no usable vendor data for: receivables days (DSRI), gross margin (GMI), sales growth (SGI), SG&A intensity (SGAI)",4.0,-0.04,per_source
,NGEX.TO,2 check(s),"no usable vendor data for: receivables days (DSRI), gross margin (GMI), asset quality (AQI), sales growth (SGI), SG&A intensity (SGAI) | the Beneish M-score could not be formed for this name, so the manipulation assessment is ABSENT -- not clean: no usable vendor data for: receivables days (DSRI), gross margin (GMI), asset quality (AQI), sales growth (SGI), SG&A intensity (SGAI)",4.0,-0.04,per_source
,NHI,1 check(s),"reitEbitdaInterestCoverage: 1 of 8 available rows are not computable AND report a positive `totalDebt` on the SAME row, so the refusal cannot mean the flag is inapplicable to this company -- it is missing data. Flag was JUDGED on the 7 row(s) that compute.",1.0,-0.01,per_source
,NICE,1 check(s),"uInterestCoverage: 7 of 8 available rows are not computable AND report a positive `totalDebt` on the SAME row, so the refusal cannot mean the flag is inapplicable to this company -- it is missing data. Flag was ABSTAINED -- 1 row(s) is under the 6-row partial-window floor.",7.0,-0.07,per_source
,NLOP,1 check(s),"reitEbitdaInterestCoverage: 1 of 8 available rows are not computable AND report a positive `totalDebt` on the SAME row, so the refusal cannot mean the flag is inapplicable to this company -- it is missing data. Flag was JUDGED on the 7 row(s) that compute.",1.0,-0.01,per_source
,NN,1 check(s),"uInterestCoverage: 1 of 8 available rows are not computable AND report a positive `totalDebt` on the SAME row, so the refusal cannot mean the flag is inapplicable to this company -- it is missing data. Flag was JUDGED on the 7 row(s) that compute.",1.0,-0.01,per_source
,NOD.OL,2 check(s),"no usable vendor data for: SG&A intensity (SGAI) | the Beneish M-score could not be formed for this name, so the manipulation assessment is ABSENT -- not clean: no usable vendor data for: SG&A intensity (SGAI)",2.0,-0.02,per_source
,NOEJ.DE,2 check(s),"no usable vendor data for: gross margin (GMI) | the Beneish M-score could not be formed for this name, so the manipulation assessment is ABSENT -- not clean: no usable vendor data for: gross margin (GMI)",2.0,-0.02,per_source
,NOK,3 check(s),"no usable vendor data for: gross margin (GMI) | the Beneish M-score could not be formed for this name, so the manipulation assessment is ABSENT -- not clean: no usable vendor data for: gross margin (GMI) | uInterestCoverage: 6 of 8 available rows are not computable AND report a positive `totalDebt` on the SAME row, so the refusal cannot mean the flag is inapplicable to this company -- it is missing data. Flag was ABSTAINED -- 2 row(s) is under the 6-row partial-window floor.",8.0,-0.08,per_source
,NORBT.OL,3 check(s),"no usable vendor data for: SG&A intensity (SGAI) | the Beneish M-score could not be formed for this name, so the manipulation assessment is ABSENT -- not clean: no usable vendor data for: SG&A intensity (SGAI) | uInterestCoverage: 1 of 8 available rows are not computable AND report a positive `totalDebt` on the SAME row, so the refusal cannot mean the flag is inapplicable to this company -- it is missing data. Flag was JUDGED on the 7 row(s) that compute.",3.0,-0.03,per_source
,NORCO.OL,2 check(s),"no usable vendor data for: gross margin (GMI), SG&A intensity (SGAI) | the Beneish M-score could not be formed for this name, so the manipulation assessment is ABSENT -- not clean: no usable vendor data for: gross margin (GMI), SG&A intensity (SGAI)",3.0,-0.03,per_source
,NOTE.ST,1 check(s),"uInterestCoverage: 1 of 8 available rows are not computable AND report a positive `totalDebt` on the SAME row, so the refusal cannot mean the flag is inapplicable to this company -- it is missing data. Flag was JUDGED on the 7 row(s) that compute.",1.0,-0.01,per_source
,NRG,3 check(s),"no usable vendor data for: gross margin (GMI) | the Beneish M-score could not be formed for this name, so the manipulation assessment is ABSENT -- not clean: no usable vendor data for: gross margin (GMI) | uInterestCoverage: 2 of 8 available rows are not computable AND report a positive `totalDebt` on the SAME row, so the refusal cannot mean the flag is inapplicable to this company -- it is missing data. Flag was JUDGED on the 6 row(s) that compute.",4.0,-0.04,per_source
,NRIX,1 check(s),"uInterestCoverage: 8 of 8 available rows are not computable AND report a positive `totalDebt` on the SAME row, so the refusal cannot mean the flag is inapplicable to this company -- it is missing data. Flag was ABSTAINED -- 0 row(s) is under the 6-row partial-window floor.",8.0,-0.08,per_source
,NRXP,1 check(s),"uInterestCoverage: 5 of 8 available rows are not computable AND report a positive `totalDebt` on the SAME row, so the refusal cannot mean the flag is inapplicable to this company -- it is missing data. Flag was ABSTAINED -- 3 row(s) is under the 6-row partial-window floor.",5.0,-0.05,per_source
,NSKOG.OL,2 check(s),"no usable vendor data for: gross margin (GMI) | the Beneish M-score could not be formed for this name, so the manipulation assessment is ABSENT -- not clean: no usable vendor data for: gross margin (GMI)",2.0,-0.02,per_source
,NTLA,1 check(s),"uInterestCoverage: 8 of 8 available rows are not computable AND report a positive `totalDebt` on the SAME row, so the refusal cannot mean the flag is inapplicable to this company -- it is missing data. Flag was ABSTAINED -- 0 row(s) is under the 6-row partial-window floor.",8.0,-0.08,per_source
,NUAG.TO,2 check(s),"no usable vendor data for: receivables days (DSRI), gross margin (GMI), asset quality (AQI), sales growth (SGI), depreciation rate (DEPI), SG&A intensity (SGAI) | the Beneish M-score could not be formed for this name, so the manipulation assessment is ABSENT -- not clean: no usable vendor data for: receivables days (DSRI), gross margin (GMI), asset quality (AQI), sales growth (SGI), depreciation rate (DEPI), SG&A intensity (SGAI)",4.0,-0.04,per_source
,NVO,1 check(s),"uInterestCoverage: 2 of 8 available rows are not computable AND report a positive `totalDebt` on the SAME row, so the refusal cannot mean the flag is inapplicable to this company -- it is missing data. Flag was JUDGED on the 6 row(s) that compute.",2.0,-0.02,per_source
,NVR,1 check(s),"uInterestCoverage: 1 of 8 available rows are not computable AND report a positive `totalDebt` on the SAME row, so the refusal cannot mean the flag is inapplicable to this company -- it is missing data. Flag was JUDGED on the 7 row(s) that compute.",1.0,-0.01,per_source
,NVTS,1 check(s),"uInterestCoverage: 3 of 8 available rows are not computable AND report a positive `totalDebt` on the SAME row, so the refusal cannot mean the flag is inapplicable to this company -- it is missing data. Flag was ABSTAINED -- 5 row(s) is under the 6-row partial-window floor.",3.0,-0.03,per_source
,NXH,1 check(s),"uInterestCoverage: 8 of 8 available rows are not computable AND report a positive `totalDebt` on the SAME row, so the refusal cannot mean the flag is inapplicable to this company -- it is missing data. Flag was ABSTAINED -- 0 row(s) is under the 6-row partial-window floor.",8.0,-0.08,per_source
,OCGN,1 check(s),"uInterestCoverage: 2 of 8 available rows are not computable AND report a positive `totalDebt` on the SAME row, so the refusal cannot mean the flag is inapplicable to this company -- it is missing data. Flag was JUDGED on the 6 row(s) that compute.",2.0,-0.02,per_source
,OCI.AS,3 check(s),"no usable vendor data for: receivables days (DSRI), gross margin (GMI) | the Beneish M-score could not be formed for this name, so the manipulation assessment is ABSENT -- not clean: no usable vendor data for: receivables days (DSRI), gross margin (GMI) | producerEbitdaPositive: 2 of 8 available rows are not computable AND report no `revenue` figure at all, or a NEGATIVE one on the SAME row, so the refusal cannot mean the flag is inapplicable to this company -- it is missing data. Flag was JUDGED on the 6 row(s) that compute.",5.0,-0.05,per_source
,ODL.OL,2 check(s),"no usable vendor data for: gross margin (GMI), SG&A intensity (SGAI) | the Beneish M-score could not be formed for this name, so the manipulation assessment is ABSENT -- not clean: no usable vendor data for: gross margin (GMI), SG&A intensity (SGAI)",3.0,-0.03,per_source
,OEM-B.ST,3 check(s),"no usable vendor data for: SG&A intensity (SGAI) | the Beneish M-score could not be formed for this name, so the manipulation assessment is ABSENT -- not clean: no usable vendor data for: SG&A intensity (SGAI) | uInterestCoverage: 4 of 8 available rows are not computable AND report a positive `totalDebt` on the SAME row, so the refusal cannot mean the flag is inapplicable to this company -- it is missing data. Flag was ABSTAINED -- 4 row(s) is under the 6-row partial-window floor.",6.0,-0.06,per_source
,OFLX,2 check(s),"the Beneish M-score could not be formed for this name, so the manipulation assessment is ABSENT -- not clean: fewer than half the trailing-year periods are computable (1 of 4), so the mean would not be a trailing-year mean | uInterestCoverage: 8 of 8 available rows are not computable AND report a positive `totalDebt` on the SAME row, so the refusal cannot mean the flag is inapplicable to this company -- it is missing data. Flag was ABSTAINED -- 0 row(s) is under the 6-row partial-window floor.",9.0,-0.09,per_source
,OGI,3 check(s),"no usable vendor data for: gross margin (GMI) | the Beneish M-score could not be formed for this name, so the manipulation assessment is ABSENT -- not clean: no usable vendor data for: gross margin (GMI) | uInterestCoverage: 7 of 8 available rows are not computable AND report a positive `totalDebt` on the SAME row, so the refusal cannot mean the flag is inapplicable to this company -- it is missing data. Flag was ABSTAINED -- 1 row(s) is under the 6-row partial-window floor.",9.0,-0.09000000000000001,per_source
,OII,1 check(s),"the Beneish M-score could not be formed for this name, so the manipulation assessment is ABSENT -- not clean: fewer than half the trailing-year periods are computable (1 of 4), so the mean would not be a trailing-year mean",1.0,-0.01,per_source
,OKEA.OL,2 check(s),"no usable vendor data for: SG&A intensity (SGAI) | the Beneish M-score could not be formed for this name, so the manipulation assessment is ABSENT -- not clean: no usable vendor data for: SG&A intensity (SGAI)",2.0,-0.02,per_source
,OM.TO,2 check(s),"no usable vendor data for: receivables days (DSRI), gross margin (GMI), sales growth (SGI), depreciation rate (DEPI), SG&A intensity (SGAI) | the Beneish M-score could not be formed for this name, so the manipulation assessment is ABSENT -- not clean: no usable vendor data for: receivables days (DSRI), gross margin (GMI), sales growth (SGI), depreciation rate (DEPI), SG&A intensity (SGAI)",4.0,-0.04,per_source
,OMCL,1 check(s),"uInterestCoverage: 1 of 8 available rows are not computable AND report a positive `totalDebt` on the SAME row, so the refusal cannot mean the flag is inapplicable to this company -- it is missing data. Flag was JUDGED on the 7 row(s) that compute.",1.0,-0.01,per_source
,OOMA,1 check(s),"uInterestCoverage: 6 of 8 available rows are not computable AND report a positive `totalDebt` on the SAME row, so the refusal cannot mean the flag is inapplicable to this company -- it is missing data. Flag was ABSTAINED -- 2 row(s) is under the 6-row partial-window floor.",6.0,-0.06,per_source
,OPLN,2 check(s),"uInterestCoverage: 1 of 8 available rows are not computable AND report a positive `totalDebt` on the SAME row, so the refusal cannot mean the flag is inapplicable to this company -- it is missing data. Flag was JUDGED on the 7 row(s) that compute. | no usable traded-value reading: dollarVolume_usd could not be formed (no profile price, no trading currency, no FX rate, or no volAvg capture), so the $/day floor could not judge this name and kept it. It is charged rather than screened.",2.0,-0.02,per_source
,ORA.PA,1 check(s),"uInterestCoverage: 1 of 8 available rows are not computable AND report a positive `totalDebt` on the SAME row, so the refusal cannot mean the flag is inapplicable to this company -- it is missing data. Flag was JUDGED on the 7 row(s) that compute.",1.0,-0.01,per_source
,ORE.TO,1 check(s),"the Beneish M-score could not be formed for this name, so the manipulation assessment is ABSENT -- not clean: fewer than half the trailing-year periods are computable (1 of 4), so the mean would not be a trailing-year mean",1.0,-0.01,per_source
,ORGO,1 check(s),"uInterestCoverage: 7 of 8 available rows are not computable AND report a positive `totalDebt` on the SAME row, so the refusal cannot mean the flag is inapplicable to this company -- it is missing data. Flag was ABSTAINED -- 1 row(s) is under the 6-row partial-window floor.",7.0,-0.07,per_source
,ORK.OL,2 check(s),"no usable vendor data for: gross margin (GMI), SG&A intensity (SGAI) | the Beneish M-score could not be formed for this name, so the manipulation assessment is ABSENT -- not clean: no usable vendor data for: gross margin (GMI), SG&A intensity (SGAI)",3.0,-0.03,per_source
,ORMP,3 check(s),"no usable vendor data for: receivables days (DSRI), gross margin (GMI), sales growth (SGI), SG&A intensity (SGAI) | the Beneish M-score could not be formed for this name, so the manipulation assessment is ABSENT -- not clean: no usable vendor data for: receivables days (DSRI), gross margin (GMI), sales growth (SGI), SG&A intensity (SGAI) | uInterestCoverage: 7 of 8 available rows are not computable AND report a positive `totalDebt` on the SAME row, so the refusal cannot mean the flag is inapplicable to this company -- it is missing data. Flag was ABSTAINED -- 1 row(s) is under the 6-row partial-window floor.",11.0,-0.11000000000000001,per_source
,OSPN,1 check(s),"uInterestCoverage: 6 of 8 available rows are not computable AND report a positive `totalDebt` on the SAME row, so the refusal cannot mean the flag is inapplicable to this company -- it is missing data. Flag was ABSTAINED -- 2 row(s) is under the 6-row partial-window floor.",6.0,-0.06,per_source
,OTIS,1 check(s),"uInterestCoverage: 1 of 8 available rows are not computable AND report a positive `totalDebt` on the SAME row, so the refusal cannot mean the flag is inapplicable to this company -- it is missing data. Flag was JUDGED on the 7 row(s) that compute.",1.0,-0.01,per_source
,OTLY,1 check(s),"uInterestCoverage: 2 of 8 available rows are not computable AND report a positive `totalDebt` on the SAME row, so the refusal cannot mean the flag is inapplicable to this company -- it is missing data. Flag was JUDGED on the 6 row(s) that compute.",2.0,-0.02,per_source
,OUST,1 check(s),"uInterestCoverage: 7 of 8 available rows are not computable AND report a positive `totalDebt` on the SAME row, so the refusal cannot mean the flag is inapplicable to this company -- it is missing data. Flag was ABSTAINED -- 1 row(s) is under the 6-row partial-window floor.",7.0,-0.07,per_source
,P911.DE,3 check(s),"no usable vendor data for: gross margin (GMI), SG&A intensity (SGAI) | the Beneish M-score could not be formed for this name, so the manipulation assessment is ABSENT -- not clean: no usable vendor data for: gross margin (GMI), SG&A intensity (SGAI) | uInterestCoverage: 4 of 8 available rows are not computable AND report a positive `totalDebt` on the SAME row, so the refusal cannot mean the flag is inapplicable to this company -- it is missing data. Flag was ABSTAINED -- 4 row(s) is under the 6-row partial-window floor.",7.0,-0.07,per_source
,PAC,3 check(s),"no usable vendor data for: SG&A intensity (SGAI) | the Beneish M-score could not be formed for this name, so the manipulation assessment is ABSENT -- not clean: no usable vendor data for: SG&A intensity (SGAI) | uInterestCoverage: 1 of 8 available rows are not computable AND report a positive `totalDebt` on the SAME row, so the refusal cannot mean the flag is inapplicable to this company -- it is missing data. Flag was JUDGED on the 7 row(s) that compute.",3.0,-0.03,per_source
,PAH3.DE,2 check(s),"no usable vendor data for: receivables days (DSRI), gross margin (GMI), sales growth (SGI), SG&A intensity (SGAI) | the Beneish M-score could not be formed for this name, so the manipulation assessment is ABSENT -- not clean: no usable vendor data for: receivables days (DSRI), gross margin (GMI), sales growth (SGI), SG&A intensity (SGAI)",4.0,-0.04,per_source
,PARR,1 check(s),"uInterestCoverage: 2 of 8 available rows are not computable AND report a positive `totalDebt` on the SAME row, so the refusal cannot mean the flag is inapplicable to this company -- it is missing data. Flag was JUDGED on the 6 row(s) that compute.",2.0,-0.02,per_source
,PAYO,1 check(s),"uInterestCoverage: 5 of 8 available rows are not computable AND report a positive `totalDebt` on the SAME row, so the refusal cannot mean the flag is inapplicable to this company -- it is missing data. Flag was ABSTAINED -- 3 row(s) is under the 6-row partial-window floor.",5.0,-0.05,per_source
,PCAR,1 check(s),"uInterestCoverage: 6 of 8 available rows are not computable AND report a positive `totalDebt` on the SAME row, so the refusal cannot mean the flag is inapplicable to this company -- it is missing data. Flag was ABSTAINED -- 2 row(s) is under the 6-row partial-window floor.",6.0,-0.06,per_source
,PCVX,1 check(s),"uInterestCoverage: 8 of 8 available rows are not computable AND report a positive `totalDebt` on the SAME row, so the refusal cannot mean the flag is inapplicable to this company -- it is missing data. Flag was ABSTAINED -- 0 row(s) is under the 6-row partial-window floor.",8.0,-0.08,per_source
,PDS,2 check(s),"no usable vendor data for: asset quality (AQI) | the Beneish M-score could not be formed for this name, so the manipulation assessment is ABSENT -- not clean: no usable vendor data for: asset quality (AQI)",2.0,-0.02,per_source
,PDX.ST,2 check(s),"the Beneish M-score could not be formed for this name, so the manipulation assessment is ABSENT -- not clean: fewer than half the trailing-year periods are computable (1 of 4), so the mean would not be a trailing-year mean | uInterestCoverage: 1 of 8 available rows are not computable AND report a positive `totalDebt` on the SAME row, so the refusal cannot mean the flag is inapplicable to this company -- it is missing data. Flag was JUDGED on the 7 row(s) that compute.",2.0,-0.02,per_source
,PEAB-B.ST,2 check(s),"no usable vendor data for: receivables days (DSRI) | the Beneish M-score could not be formed for this name, so the manipulation assessment is ABSENT -- not clean: no usable vendor data for: receivables days (DSRI)",2.0,-0.02,per_source
,PEN.OL,3 check(s),"no usable vendor data for: receivables days (DSRI), gross margin (GMI) | the Beneish M-score could not be formed for this name, so the manipulation assessment is ABSENT -- not clean: no usable vendor data for: receivables days (DSRI), gross margin (GMI) | uInterestCoverage: 1 of 8 available rows are not computable AND report a positive `totalDebt` on the SAME row, so the refusal cannot mean the flag is inapplicable to this company -- it is missing data. Flag was JUDGED on the 7 row(s) that compute.",4.0,-0.04,per_source
,PEXIP.OL,2 check(s),"no usable vendor data for: SG&A intensity (SGAI) | the Beneish M-score could not be formed for this name, so the manipulation assessment is ABSENT -- not clean: no usable vendor data for: SG&A intensity (SGAI)",2.0,-0.02,per_source
,PEY.TO,2 check(s),"no usable vendor data for: asset quality (AQI) | the Beneish M-score could not be formed for this name, so the manipulation assessment is ABSENT -- not clean: no usable vendor data for: asset quality (AQI)",2.0,-0.02,per_source
,PG,1 check(s),"uInterestCoverage: 1 of 8 available rows are not computable AND report a positive `totalDebt` on the SAME row, so the refusal cannot mean the flag is inapplicable to this company -- it is missing data. Flag was JUDGED on the 7 row(s) that compute.",1.0,-0.01,per_source
,PHARM.AS,2 check(s),"no usable vendor data for: SG&A intensity (SGAI) | the Beneish M-score could not be formed for this name, so the manipulation assessment is ABSENT -- not clean: no usable vendor data for: SG&A intensity (SGAI)",2.0,-0.02,per_source
,PHG,2 check(s),"no usable vendor data for: receivables days (DSRI) | the Beneish M-score could not be formed for this name, so the manipulation assessment is ABSENT -- not clean: no usable vendor data for: receivables days (DSRI)",2.0,-0.02,per_source
,PHI,1 check(s),"uInterestCoverage: 4 of 8 available rows are not computable AND report a positive `totalDebt` on the SAME row, so the refusal cannot mean the flag is inapplicable to this company -- it is missing data. Flag was ABSTAINED -- 4 row(s) is under the 6-row partial-window floor.",4.0,-0.04,per_source
,PINS,1 check(s),"uInterestCoverage: 8 of 8 available rows are not computable AND report a positive `totalDebt` on the SAME row, so the refusal cannot mean the flag is inapplicable to this company -- it is missing data. Flag was ABSTAINED -- 0 row(s) is under the 6-row partial-window floor.",8.0,-0.08,per_source
,PL,1 check(s),"uInterestCoverage: 5 of 8 available rows are not computable AND report a positive `totalDebt` on the SAME row, so the refusal cannot mean the flag is inapplicable to this company -- it is missing data. Flag was ABSTAINED -- 3 row(s) is under the 6-row partial-window floor.",5.0,-0.05,per_source
,PLAB,1 check(s),"uInterestCoverage: 2 of 8 available rows are not computable AND report a positive `totalDebt` on the SAME row, so the refusal cannot mean the flag is inapplicable to this company -- it is missing data. Flag was JUDGED on the 6 row(s) that compute.",2.0,-0.02,per_source
,PLSM,1 check(s),"uInterestCoverage: 4 of 8 available rows are not computable AND report a positive `totalDebt` on the SAME row, so the refusal cannot mean the flag is inapplicable to this company -- it is missing data. Flag was ABSTAINED -- 4 row(s) is under the 6-row partial-window floor.",4.0,-0.04,per_source
,PLX.PA,4 check(s),"no usable vendor data for: SG&A intensity (SGAI) | the Beneish M-score could not be formed for this name, so the manipulation assessment is ABSENT -- not clean: no usable vendor data for: SG&A intensity (SGAI) | uInterestCoverage: 1 of 7 available rows are not computable AND report a positive `totalDebt` on the SAME row, so the refusal cannot mean the flag is inapplicable to this company -- it is missing data. Flag was JUDGED on the 6 row(s) that compute. | panel carries 7 of the 8 newest-first rows the veto window needs, so every flag is evaluated (or refused) on a short history",4.0,-0.04,per_source
,PMET.TO,2 check(s),"no usable vendor data for: receivables days (DSRI), gross margin (GMI), sales growth (SGI), SG&A intensity (SGAI) | the Beneish M-score could not be formed for this name, so the manipulation assessment is ABSENT -- not clean: no usable vendor data for: receivables days (DSRI), gross margin (GMI), sales growth (SGI), SG&A intensity (SGAI)",4.0,-0.04,per_source
,PNL.AS,3 check(s),"no usable vendor data for: gross margin (GMI) | the Beneish M-score could not be formed for this name, so the manipulation assessment is ABSENT -- not clean: no usable vendor data for: gross margin (GMI) | uInterestCoverage: 2 of 8 available rows are not computable AND report a positive `totalDebt` on the SAME row, so the refusal cannot mean the flag is inapplicable to this company -- it is missing data. Flag was JUDGED on the 6 row(s) that compute.",4.0,-0.04,per_source
,POWW,3 check(s),"no usable vendor data for: receivables days (DSRI), gross margin (GMI) | the Beneish M-score could not be formed for this name, so the manipulation assessment is ABSENT -- not clean: no usable vendor data for: receivables days (DSRI), gross margin (GMI) | uInterestCoverage: 2 of 8 available rows are not computable AND report a positive `totalDebt` on the SAME row, so the refusal cannot mean the flag is inapplicable to this company -- it is missing data. Flag was JUDGED on the 6 row(s) that compute.",5.0,-0.05,per_source
,PPTA,2 check(s),"no usable vendor data for: receivables days (DSRI), gross margin (GMI), sales growth (SGI), SG&A intensity (SGAI) | the Beneish M-score could not be formed for this name, so the manipulation assessment is ABSENT -- not clean: no usable vendor data for: receivables days (DSRI), gross margin (GMI), sales growth (SGI), SG&A intensity (SGAI)",4.0,-0.04,per_source
,PRIM,1 check(s),"uInterestCoverage: 1 of 8 available rows are not computable AND report a positive `totalDebt` on the SAME row, so the refusal cannot mean the flag is inapplicable to this company -- it is missing data. Flag was JUDGED on the 7 row(s) that compute.",1.0,-0.01,per_source
,PRMB,1 check(s),"uInterestCoverage: 1 of 8 available rows are not computable AND report a positive `totalDebt` on the SAME row, so the refusal cannot mean the flag is inapplicable to this company -- it is missing data. Flag was JUDGED on the 7 row(s) that compute.",1.0,-0.01,per_source
,PROX.BR,1 check(s),"uInterestCoverage: 1 of 8 available rows are not computable AND report a positive `totalDebt` on the SAME row, so the refusal cannot mean the flag is inapplicable to this company -- it is missing data. Flag was JUDGED on the 7 row(s) that compute.",1.0,-0.01,per_source
,PRTA,1 check(s),"uInterestCoverage: 8 of 8 available rows are not computable AND report a positive `totalDebt` on the SAME row, so the refusal cannot mean the flag is inapplicable to this company -- it is missing data. Flag was ABSTAINED -- 0 row(s) is under the 6-row partial-window floor.",8.0,-0.08,per_source
,PRX.AS,1 check(s),"uInterestCoverage: 4 of 8 available rows are not computable AND report a positive `totalDebt` on the SAME row, so the refusal cannot mean the flag is inapplicable to this company -- it is missing data. Flag was ABSTAINED -- 4 row(s) is under the 6-row partial-window floor.",4.0,-0.04,per_source
,PSI.TO,3 check(s),"no usable vendor data for: gross margin (GMI) | the Beneish M-score could not be formed for this name, so the manipulation assessment is ABSENT -- not clean: no usable vendor data for: gross margin (GMI) | uInterestCoverage: 6 of 8 available rows are not computable AND report a positive `totalDebt` on the SAME row, so the refusal cannot mean the flag is inapplicable to this company -- it is missing data. Flag was ABSTAINED -- 2 row(s) is under the 6-row partial-window floor.",8.0,-0.08,per_source
,PSNY,1 check(s),"uInterestCoverage: 2 of 8 available rows are not computable AND report a positive `totalDebt` on the SAME row, so the refusal cannot mean the flag is inapplicable to this company -- it is missing data. Flag was JUDGED on the 6 row(s) that compute.",2.0,-0.02,per_source
,PTC,1 check(s),"uInterestCoverage: 1 of 8 available rows are not computable AND report a positive `totalDebt` on the SAME row, so the refusal cannot mean the flag is inapplicable to this company -- it is missing data. Flag was JUDGED on the 7 row(s) that compute.",1.0,-0.01,per_source
,PTEC.L,2 check(s),"no usable vendor data for: gross margin (GMI) | the Beneish M-score could not be formed for this name, so the manipulation assessment is ABSENT -- not clean: no usable vendor data for: gross margin (GMI)",2.0,-0.02,per_source
,PYPD,1 check(s),"uInterestCoverage: 3 of 8 available rows are not computable AND report a positive `totalDebt` on the SAME row, so the refusal cannot mean the flag is inapplicable to this company -- it is missing data. Flag was ABSTAINED -- 5 row(s) is under the 6-row partial-window floor.",3.0,-0.03,per_source
,QLYS,1 check(s),"uInterestCoverage: 8 of 8 available rows are not computable AND report a positive `totalDebt` on the SAME row, so the refusal cannot mean the flag is inapplicable to this company -- it is missing data. Flag was ABSTAINED -- 0 row(s) is under the 6-row partial-window floor.",8.0,-0.08,per_source
,QSI,1 check(s),"uInterestCoverage: 8 of 8 available rows are not computable AND report a positive `totalDebt` on the SAME row, so the refusal cannot mean the flag is inapplicable to this company -- it is missing data. Flag was ABSTAINED -- 0 row(s) is under the 6-row partial-window floor.",8.0,-0.08,per_source
,RAA.DE,1 check(s),"uInterestCoverage: 1 of 8 available rows are not computable AND report a positive `totalDebt` on the SAME row, so the refusal cannot mean the flag is inapplicable to this company -- it is missing data. Flag was JUDGED on the 7 row(s) that compute.",1.0,-0.01,per_source
,RAND.AS,1 check(s),"uInterestCoverage: 1 of 8 available rows are not computable AND report a positive `totalDebt` on the SAME row, so the refusal cannot mean the flag is inapplicable to this company -- it is missing data. Flag was JUDGED on the 7 row(s) that compute.",1.0,-0.01,per_source
,RAY-B.ST,1 check(s),"uInterestCoverage: 3 of 8 available rows are not computable AND report a positive `totalDebt` on the SAME row, so the refusal cannot mean the flag is inapplicable to this company -- it is missing data. Flag was ABSTAINED -- 5 row(s) is under the 6-row partial-window floor.",3.0,-0.03,per_source
,RCAT,1 check(s),"uInterestCoverage: 8 of 8 available rows are not computable AND report a positive `totalDebt` on the SAME row, so the refusal cannot mean the flag is inapplicable to this company -- it is missing data. Flag was ABSTAINED -- 0 row(s) is under the 6-row partial-window floor.",8.0,-0.08,per_source
,RCH.TO,2 check(s),"no usable vendor data for: SG&A intensity (SGAI) | the Beneish M-score could not be formed for this name, so the manipulation assessment is ABSENT -- not clean: no usable vendor data for: SG&A intensity (SGAI)",2.0,-0.02,per_source
,RDC.DE,1 check(s),"uInterestCoverage: 1 of 8 available rows are not computable AND report a positive `totalDebt` on the SAME row, so the refusal cannot mean the flag is inapplicable to this company -- it is missing data. Flag was JUDGED on the 7 row(s) that compute.",1.0,-0.01,per_source
,RDVT,1 check(s),"uInterestCoverage: 8 of 8 available rows are not computable AND report a positive `totalDebt` on the SAME row, so the refusal cannot mean the flag is inapplicable to this company -- it is missing data. Flag was ABSTAINED -- 0 row(s) is under the 6-row partial-window floor.",8.0,-0.08,per_source
,RDWR,1 check(s),"uInterestCoverage: 8 of 8 available rows are not computable AND report a positive `totalDebt` on the SAME row, so the refusal cannot mean the flag is inapplicable to this company -- it is missing data. Flag was ABSTAINED -- 0 row(s) is under the 6-row partial-window floor.",8.0,-0.08,per_source
,RF.PA,1 check(s),"uInterestCoverage: 3 of 8 available rows are not computable AND report a positive `totalDebt` on the SAME row, so the refusal cannot mean the flag is inapplicable to this company -- it is missing data. Flag was ABSTAINED -- 5 row(s) is under the 6-row partial-window floor.",3.0,-0.03,per_source
,RGTI,3 check(s),"no usable vendor data for: gross margin (GMI), SG&A intensity (SGAI) | the Beneish M-score could not be formed for this name, so the manipulation assessment is ABSENT -- not clean: no usable vendor data for: gross margin (GMI), SG&A intensity (SGAI) | uInterestCoverage: 6 of 8 available rows are not computable AND report a positive `totalDebt` on the SAME row, so the refusal cannot mean the flag is inapplicable to this company -- it is missing data. Flag was ABSTAINED -- 2 row(s) is under the 6-row partial-window floor.",9.0,-0.09,per_source
,RHI,1 check(s),"uInterestCoverage: 8 of 8 available rows are not computable AND report a positive `totalDebt` on the SAME row, so the refusal cannot mean the flag is inapplicable to this company -- it is missing data. Flag was ABSTAINED -- 0 row(s) is under the 6-row partial-window floor.",8.0,-0.08,per_source
,RHM.DE,2 check(s),"no usable vendor data for: SG&A intensity (SGAI) | the Beneish M-score could not be formed for this name, so the manipulation assessment is ABSENT -- not clean: no usable vendor data for: SG&A intensity (SGAI)",2.0,-0.02,per_source
,RIG,1 check(s),"uInterestCoverage: 1 of 8 available rows are not computable AND report a positive `totalDebt` on the SAME row, so the refusal cannot mean the flag is inapplicable to this company -- it is missing data. Flag was JUDGED on the 7 row(s) that compute.",1.0,-0.01,per_source
,RIO.TO,2 check(s),"no usable vendor data for: receivables days (DSRI), gross margin (GMI), sales growth (SGI), depreciation rate (DEPI), SG&A intensity (SGAI) | the Beneish M-score could not be formed for this name, so the manipulation assessment is ABSENT -- not clean: no usable vendor data for: receivables days (DSRI), gross margin (GMI), sales growth (SGI), depreciation rate (DEPI), SG&A intensity (SGAI)",4.0,-0.04,per_source
,RJF,1 check(s),"uInterestCoverage: 1 of 8 available rows are not computable AND report a positive `totalDebt` on the SAME row, so the refusal cannot mean the flag is inapplicable to this company -- it is missing data. Flag was JUDGED on the 7 row(s) that compute.",1.0,-0.01,per_source
,RMV.L,2 check(s),"no usable vendor data for: gross margin (GMI) | the Beneish M-score could not be formed for this name, so the manipulation assessment is ABSENT -- not clean: no usable vendor data for: gross margin (GMI)",2.0,-0.02,per_source
,ROG,1 check(s),"uInterestCoverage: 1 of 8 available rows are not computable AND report a positive `totalDebt` on the SAME row, so the refusal cannot mean the flag is inapplicable to this company -- it is missing data. Flag was JUDGED on the 7 row(s) that compute.",1.0,-0.01,per_source
,ROKU,1 check(s),"uInterestCoverage: 1 of 8 available rows are not computable AND report a positive `totalDebt` on the SAME row, so the refusal cannot mean the flag is inapplicable to this company -- it is missing data. Flag was JUDGED on the 7 row(s) that compute.",1.0,-0.01,per_source
,RR.L,3 check(s),"no usable vendor data for: SG&A intensity (SGAI) | the Beneish M-score could not be formed for this name, so the manipulation assessment is ABSENT -- not clean: no usable vendor data for: SG&A intensity (SGAI) | uInterestCoverage: 1 of 8 available rows are not computable AND report a positive `totalDebt` on the SAME row, so the refusal cannot mean the flag is inapplicable to this company -- it is missing data. Flag was JUDGED on the 7 row(s) that compute.",3.0,-0.03,per_source
,RRTL.DE,1 check(s),"uInterestCoverage: 4 of 8 available rows are not computable AND report a positive `totalDebt` on the SAME row, so the refusal cannot mean the flag is inapplicable to this company -- it is missing data. Flag was ABSTAINED -- 4 row(s) is under the 6-row partial-window floor.",4.0,-0.04,per_source
,RSI,1 check(s),"uInterestCoverage: 7 of 8 available rows are not computable AND report a positive `totalDebt` on the SAME row, so the refusal cannot mean the flag is inapplicable to this company -- it is missing data. Flag was ABSTAINED -- 1 row(s) is under the 6-row partial-window floor.",7.0,-0.07,per_source
,RUM,1 check(s),"uInterestCoverage: 8 of 8 available rows are not computable AND report a positive `totalDebt` on the SAME row, so the refusal cannot mean the flag is inapplicable to this company -- it is missing data. Flag was ABSTAINED -- 0 row(s) is under the 6-row partial-window floor.",8.0,-0.08,per_source
,RVRC.ST,3 check(s),"no usable vendor data for: SG&A intensity (SGAI) | the Beneish M-score could not be formed for this name, so the manipulation assessment is ABSENT -- not clean: no usable vendor data for: SG&A intensity (SGAI) | uInterestCoverage: 1 of 8 available rows are not computable AND report a positive `totalDebt` on the SAME row, so the refusal cannot mean the flag is inapplicable to this company -- it is missing data. Flag was JUDGED on the 7 row(s) that compute.",3.0,-0.03,per_source
,RXL.PA,1 check(s),"uInterestCoverage: 4 of 8 available rows are not computable AND report a positive `totalDebt` on the SAME row, so the refusal cannot mean the flag is inapplicable to this company -- it is missing data. Flag was ABSTAINED -- 4 row(s) is under the 6-row partial-window floor.",4.0,-0.04,per_source
,RYAAY,1 check(s),"uInterestCoverage: 8 of 8 available rows are not computable AND report a positive `totalDebt` on the SAME row, so the refusal cannot mean the flag is inapplicable to this company -- it is missing data. Flag was ABSTAINED -- 0 row(s) is under the 6-row partial-window floor.",8.0,-0.08,per_source
,S92.DE,3 check(s),"no usable vendor data for: gross margin (GMI) | the Beneish M-score could not be formed for this name, so the manipulation assessment is ABSENT -- not clean: no usable vendor data for: gross margin (GMI) | uInterestCoverage: 1 of 8 available rows are not computable AND report a positive `totalDebt` on the SAME row, so the refusal cannot mean the flag is inapplicable to this company -- it is missing data. Flag was JUDGED on the 7 row(s) that compute.",3.0,-0.03,per_source
,SA,2 check(s),"no usable vendor data for: receivables days (DSRI), gross margin (GMI), sales growth (SGI), depreciation rate (DEPI), SG&A intensity (SGAI) | the Beneish M-score could not be formed for this name, so the manipulation assessment is ABSENT -- not clean: no usable vendor data for: receivables days (DSRI), gross margin (GMI), sales growth (SGI), depreciation rate (DEPI), SG&A intensity (SGAI)",4.0,-0.04,per_source
,SALM.OL,2 check(s),"no usable vendor data for: SG&A intensity (SGAI) | the Beneish M-score could not be formed for this name, so the manipulation assessment is ABSENT -- not clean: no usable vendor data for: SG&A intensity (SGAI)",2.0,-0.02,per_source
,SANA,1 check(s),"uInterestCoverage: 8 of 8 available rows are not computable AND report a positive `totalDebt` on the SAME row, so the refusal cannot mean the flag is inapplicable to this company -- it is missing data. Flag was ABSTAINED -- 0 row(s) is under the 6-row partial-window floor.",8.0,-0.08,per_source
,SAP.TO,2 check(s),"no usable vendor data for: SG&A intensity (SGAI) | the Beneish M-score could not be formed for this name, so the manipulation assessment is ABSENT -- not clean: no usable vendor data for: SG&A intensity (SGAI)",2.0,-0.02,per_source
,SAVE.ST,1 check(s),"uInterestCoverage: 1 of 8 available rows are not computable AND report a positive `totalDebt` on the SAME row, so the refusal cannot mean the flag is inapplicable to this company -- it is missing data. Flag was JUDGED on the 7 row(s) that compute.",1.0,-0.01,per_source
,SBMO.AS,1 check(s),"uInterestCoverage: 4 of 8 available rows are not computable AND report a positive `totalDebt` on the SAME row, so the refusal cannot mean the flag is inapplicable to this company -- it is missing data. Flag was ABSTAINED -- 4 row(s) is under the 6-row partial-window floor.",4.0,-0.04,per_source
,SBRA,1 check(s),"reitEbitdaInterestCoverage: 1 of 8 available rows are not computable AND report a positive `totalDebt` on the SAME row, so the refusal cannot mean the flag is inapplicable to this company -- it is missing data. Flag was JUDGED on the 7 row(s) that compute.",1.0,-0.01,per_source
,SCA-B.ST,2 check(s),"no usable vendor data for: gross margin (GMI) | the Beneish M-score could not be formed for this name, so the manipulation assessment is ABSENT -- not clean: no usable vendor data for: gross margin (GMI)",2.0,-0.02,per_source
,SCR.TO,2 check(s),"no usable vendor data for: asset quality (AQI) | the Beneish M-score could not be formed for this name, so the manipulation assessment is ABSENT -- not clean: no usable vendor data for: asset quality (AQI)",2.0,-0.02,per_source
,SD,1 check(s),"uInterestCoverage: 1 of 8 available rows are not computable AND report a positive `totalDebt` on the SAME row, so the refusal cannot mean the flag is inapplicable to this company -- it is missing data. Flag was ABSTAINED -- 1 row(s) is under the 6-row partial-window floor.",1.0,-0.01,per_source
,SDE.TO,1 check(s),"uInterestCoverage: 1 of 8 available rows are not computable AND report a positive `totalDebt` on the SAME row, so the refusal cannot mean the flag is inapplicable to this company -- it is missing data. Flag was JUDGED on the 7 row(s) that compute.",1.0,-0.01,per_source
,SDF.DE,2 check(s),"no usable vendor data for: gross margin (GMI) | the Beneish M-score could not be formed for this name, so the manipulation assessment is ABSENT -- not clean: no usable vendor data for: gross margin (GMI)",2.0,-0.02,per_source
,SDIP-B.ST,2 check(s),"no usable vendor data for: SG&A intensity (SGAI) | the Beneish M-score could not be formed for this name, so the manipulation assessment is ABSENT -- not clean: no usable vendor data for: SG&A intensity (SGAI)",2.0,-0.02,per_source
,SDRL,2 check(s),"no usable vendor data for: SG&A intensity (SGAI) | the Beneish M-score could not be formed for this name, so the manipulation assessment is ABSENT -- not clean: no usable vendor data for: SG&A intensity (SGAI)",2.0,-0.02,per_source
,SECT-B.ST,3 check(s),"no usable vendor data for: SG&A intensity (SGAI) | the Beneish M-score could not be formed for this name, so the manipulation assessment is ABSENT -- not clean: no usable vendor data for: SG&A intensity (SGAI) | uInterestCoverage: 5 of 8 available rows are not computable AND report a positive `totalDebt` on the SAME row, so the refusal cannot mean the flag is inapplicable to this company -- it is missing data. Flag was ABSTAINED -- 3 row(s) is under the 6-row partial-window floor.",7.0,-0.07,per_source
,SEER,1 check(s),"uInterestCoverage: 8 of 8 available rows are not computable AND report a positive `totalDebt` on the SAME row, so the refusal cannot mean the flag is inapplicable to this company -- it is missing data. Flag was ABSTAINED -- 0 row(s) is under the 6-row partial-window floor.",8.0,-0.08,per_source
,SES.TO,1 check(s),"the Beneish M-score could not be formed for this name, so the manipulation assessment is ABSENT -- not clean: fewer than half the trailing-year periods are computable (1 of 4), so the mean would not be a trailing-year mean",1.0,-0.01,per_source
,SF.ST,2 check(s),"no usable vendor data for: SG&A intensity (SGAI) | the Beneish M-score could not be formed for this name, so the manipulation assessment is ABSENT -- not clean: no usable vendor data for: SG&A intensity (SGAI)",2.0,-0.02,per_source
,SFIX,1 check(s),"uInterestCoverage: 8 of 8 available rows are not computable AND report a positive `totalDebt` on the SAME row, so the refusal cannot mean the flag is inapplicable to this company -- it is missing data. Flag was ABSTAINED -- 0 row(s) is under the 6-row partial-window floor.",8.0,-0.08,per_source
,SFQ.DE,2 check(s),"no usable vendor data for: SG&A intensity (SGAI) | the Beneish M-score could not be formed for this name, so the manipulation assessment is ABSENT -- not clean: no usable vendor data for: SG&A intensity (SGAI)",2.0,-0.02,per_source
,SGD.TO,2 check(s),"no usable vendor data for: receivables days (DSRI), gross margin (GMI), asset quality (AQI), sales growth (SGI), SG&A intensity (SGAI) | the Beneish M-score could not be formed for this name, so the manipulation assessment is ABSENT -- not clean: no usable vendor data for: receivables days (DSRI), gross margin (GMI), asset quality (AQI), sales growth (SGI), SG&A intensity (SGAI)",4.0,-0.04,per_source
,SGHT,1 check(s),"uInterestCoverage: 1 of 8 available rows are not computable AND report a positive `totalDebt` on the SAME row, so the refusal cannot mean the flag is inapplicable to this company -- it is missing data. Flag was JUDGED on the 7 row(s) that compute.",1.0,-0.01,per_source
,SHAK,1 check(s),"the Beneish M-score could not be formed for this name, so the manipulation assessment is ABSENT -- not clean: fewer than half the trailing-year periods are computable (1 of 4), so the mean would not be a trailing-year mean",1.0,-0.01,per_source
,SHOP,1 check(s),"uInterestCoverage: 8 of 8 available rows are not computable AND report a positive `totalDebt` on the SAME row, so the refusal cannot mean the flag is inapplicable to this company -- it is missing data. Flag was ABSTAINED -- 0 row(s) is under the 6-row partial-window floor.",8.0,-0.08,per_source
,SILC,1 check(s),"uInterestCoverage: 8 of 8 available rows are not computable AND report a positive `totalDebt` on the SAME row, so the refusal cannot mean the flag is inapplicable to this company -- it is missing data. Flag was ABSTAINED -- 0 row(s) is under the 6-row partial-window floor.",8.0,-0.08,per_source
,SIX2.DE,2 check(s),"the Beneish M-score could not be formed for this name, so the manipulation assessment is ABSENT -- not clean: fewer than half the trailing-year periods are computable (1 of 4), so the mean would not be a trailing-year mean | uInterestCoverage: 1 of 8 available rows are not computable AND report a positive `totalDebt` on the SAME row, so the refusal cannot mean the flag is inapplicable to this company -- it is missing data. Flag was JUDGED on the 7 row(s) that compute.",2.0,-0.02,per_source
,SKE,2 check(s),"no usable vendor data for: receivables days (DSRI), gross margin (GMI), sales growth (SGI), SG&A intensity (SGAI) | the Beneish M-score could not be formed for this name, so the manipulation assessment is ABSENT -- not clean: no usable vendor data for: receivables days (DSRI), gross margin (GMI), sales growth (SGI), SG&A intensity (SGAI)",4.0,-0.04,per_source
,SKF-B.ST,1 check(s),"uInterestCoverage: 1 of 8 available rows are not computable AND report a positive `totalDebt` on the SAME row, so the refusal cannot mean the flag is inapplicable to this company -- it is missing data. Flag was JUDGED on the 7 row(s) that compute.",1.0,-0.01,per_source
,SLP,1 check(s),"uInterestCoverage: 8 of 8 available rows are not computable AND report a positive `totalDebt` on the SAME row, so the refusal cannot mean the flag is inapplicable to this company -- it is missing data. Flag was ABSTAINED -- 0 row(s) is under the 6-row partial-window floor.",8.0,-0.08,per_source
,SMIN.L,2 check(s),"no usable vendor data for: gross margin (GMI) | the Beneish M-score could not be formed for this name, so the manipulation assessment is ABSENT -- not clean: no usable vendor data for: gross margin (GMI)",2.0,-0.02,per_source
,SMMT,1 check(s),"uInterestCoverage: 6 of 8 available rows are not computable AND report a positive `totalDebt` on the SAME row, so the refusal cannot mean the flag is inapplicable to this company -- it is missing data. Flag was ABSTAINED -- 2 row(s) is under the 6-row partial-window floor.",6.0,-0.06,per_source
,SMOP.OL,3 check(s),"no usable vendor data for: SG&A intensity (SGAI) | the Beneish M-score could not be formed for this name, so the manipulation assessment is ABSENT -- not clean: no usable vendor data for: SG&A intensity (SGAI) | uInterestCoverage: 1 of 8 available rows are not computable AND report a positive `totalDebt` on the SAME row, so the refusal cannot mean the flag is inapplicable to this company -- it is missing data. Flag was JUDGED on the 7 row(s) that compute.",3.0,-0.03,per_source
,SNA,2 check(s),"no usable vendor data for: SG&A intensity (SGAI) | the Beneish M-score could not be formed for this name, so the manipulation assessment is ABSENT -- not clean: no usable vendor data for: SG&A intensity (SGAI)",2.0,-0.02,per_source
,SND,2 check(s),"no usable vendor data for: SG&A intensity (SGAI) | the Beneish M-score could not be formed for this name, so the manipulation assessment is ABSENT -- not clean: no usable vendor data for: SG&A intensity (SGAI)",2.0,-0.02,per_source
,SNR.L,2 check(s),"no usable vendor data for: SG&A intensity (SGAI) | the Beneish M-score could not be formed for this name, so the manipulation assessment is ABSENT -- not clean: no usable vendor data for: SG&A intensity (SGAI)",2.0,-0.02,per_source
,SNY,2 check(s),"the Beneish M-score could not be formed for this name, so the manipulation assessment is ABSENT -- not clean: fewer than half the trailing-year periods are computable (1 of 4), so the mean would not be a trailing-year mean | uInterestCoverage: 1 of 8 available rows are not computable AND report a positive `totalDebt` on the SAME row, so the refusal cannot mean the flag is inapplicable to this company -- it is missing data. Flag was JUDGED on the 7 row(s) that compute.",2.0,-0.02,per_source
,SOBI.ST,3 check(s),"no usable vendor data for: gross margin (GMI), SG&A intensity (SGAI) | the Beneish M-score could not be formed for this name, so the manipulation assessment is ABSENT -- not clean: no usable vendor data for: gross margin (GMI), SG&A intensity (SGAI) | uInterestCoverage: 1 of 8 available rows are not computable AND report a positive `totalDebt` on the SAME row, so the refusal cannot mean the flag is inapplicable to this company -- it is missing data. Flag was JUDGED on the 7 row(s) that compute.",4.0,-0.04,per_source
,SOC,1 check(s),"uInterestCoverage: 1 of 8 available rows are not computable AND report a positive `totalDebt` on the SAME row, so the refusal cannot mean the flag is inapplicable to this company -- it is missing data. Flag was JUDGED on the 7 row(s) that compute.",1.0,-0.01,per_source
,SOFF.OL,1 check(s),"uInterestCoverage: 1 of 8 available rows are not computable AND report a positive `totalDebt` on the SAME row, so the refusal cannot mean the flag is inapplicable to this company -- it is missing data. Flag was JUDGED on the 7 row(s) that compute.",1.0,-0.01,per_source
,SPRY,1 check(s),"uInterestCoverage: 6 of 8 available rows are not computable AND report a positive `totalDebt` on the SAME row, so the refusal cannot mean the flag is inapplicable to this company -- it is missing data. Flag was ABSTAINED -- 2 row(s) is under the 6-row partial-window floor.",6.0,-0.06,per_source
,SPSC,1 check(s),"uInterestCoverage: 8 of 8 available rows are not computable AND report a positive `totalDebt` on the SAME row, so the refusal cannot mean the flag is inapplicable to this company -- it is missing data. Flag was ABSTAINED -- 0 row(s) is under the 6-row partial-window floor.",8.0,-0.08,per_source
,SRTA,1 check(s),"uInterestCoverage: 8 of 8 available rows are not computable AND report a positive `totalDebt` on the SAME row, so the refusal cannot mean the flag is inapplicable to this company -- it is missing data. Flag was ABSTAINED -- 0 row(s) is under the 6-row partial-window floor.",8.0,-0.08,per_source
,STM.DE,2 check(s),"no usable vendor data for: SG&A intensity (SGAI) | the Beneish M-score could not be formed for this name, so the manipulation assessment is ABSENT -- not clean: no usable vendor data for: SG&A intensity (SGAI)",2.0,-0.02,per_source
,STN.TO,1 check(s),"uInterestCoverage: 1 of 8 available rows are not computable AND report a positive `totalDebt` on the SAME row, so the refusal cannot mean the flag is inapplicable to this company -- it is missing data. Flag was JUDGED on the 7 row(s) that compute.",1.0,-0.01,per_source
,SWEC-B.ST,2 check(s),"no usable vendor data for: receivables days (DSRI), gross margin (GMI), SG&A intensity (SGAI) | the Beneish M-score could not be formed for this name, so the manipulation assessment is ABSENT -- not clean: no usable vendor data for: receivables days (DSRI), gross margin (GMI), SG&A intensity (SGAI)",4.0,-0.04,per_source
,SYK,1 check(s),"uInterestCoverage: 4 of 8 available rows are not computable AND report a positive `totalDebt` on the SAME row, so the refusal cannot mean the flag is inapplicable to this company -- it is missing data. Flag was ABSTAINED -- 4 row(s) is under the 6-row partial-window floor.",4.0,-0.04,per_source
,SYNSAM.ST,2 check(s),"no usable vendor data for: SG&A intensity (SGAI) | the Beneish M-score could not be formed for this name, so the manipulation assessment is ABSENT -- not clean: no usable vendor data for: SG&A intensity (SGAI)",2.0,-0.02,per_source
,SYY,2 check(s),"no usable vendor data for: SG&A intensity (SGAI) | the Beneish M-score could not be formed for this name, so the manipulation assessment is ABSENT -- not clean: no usable vendor data for: SG&A intensity (SGAI)",2.0,-0.02,per_source
,SZG.DE,2 check(s),"no usable vendor data for: SG&A intensity (SGAI) | the Beneish M-score could not be formed for this name, so the manipulation assessment is ABSENT -- not clean: no usable vendor data for: SG&A intensity (SGAI)",2.0,-0.02,per_source
,SZU.DE,2 check(s),"no usable vendor data for: gross margin (GMI), SG&A intensity (SGAI) | the Beneish M-score could not be formed for this name, so the manipulation assessment is ABSENT -- not clean: no usable vendor data for: gross margin (GMI), SG&A intensity (SGAI)",3.0,-0.03,per_source
,TAL,3 check(s),"no usable vendor data for: depreciation rate (DEPI) | the Beneish M-score could not be formed for this name, so the manipulation assessment is ABSENT -- not clean: no usable vendor data for: depreciation rate (DEPI) | uInterestCoverage: 8 of 8 available rows are not computable AND report a positive `totalDebt` on the SAME row, so the refusal cannot mean the flag is inapplicable to this company -- it is missing data. Flag was ABSTAINED -- 0 row(s) is under the 6-row partial-window floor.",10.0,-0.1,per_source
,TAP,1 check(s),"uInterestCoverage: 1 of 8 available rows are not computable AND report a positive `totalDebt` on the SAME row, so the refusal cannot mean the flag is inapplicable to this company -- it is missing data. Flag was JUDGED on the 7 row(s) that compute.",1.0,-0.01,per_source
,TARA,1 check(s),"uInterestCoverage: 8 of 8 available rows are not computable AND report a positive `totalDebt` on the SAME row, so the refusal cannot mean the flag is inapplicable to this company -- it is missing data. Flag was ABSTAINED -- 0 row(s) is under the 6-row partial-window floor.",8.0,-0.08,per_source
,TATE.L,2 check(s),"no usable vendor data for: gross margin (GMI), SG&A intensity (SGAI) | the Beneish M-score could not be formed for this name, so the manipulation assessment is ABSENT -- not clean: no usable vendor data for: gross margin (GMI), SG&A intensity (SGAI)",3.0,-0.03,per_source
,TCW.TO,1 check(s),"the Beneish M-score could not be formed for this name, so the manipulation assessment is ABSENT -- not clean: fewer than half the trailing-year periods are computable (1 of 4), so the mean would not be a trailing-year mean",1.0,-0.01,per_source
,TDSA.LS,1 check(s),"uInterestCoverage: 2 of 8 available rows are not computable AND report a positive `totalDebt` on the SAME row, so the refusal cannot mean the flag is inapplicable to this company -- it is missing data. Flag was JUDGED on the 6 row(s) that compute.",2.0,-0.02,per_source
,TE,1 check(s),"uInterestCoverage: 3 of 8 available rows are not computable AND report a positive `totalDebt` on the SAME row, so the refusal cannot mean the flag is inapplicable to this company -- it is missing data. Flag was ABSTAINED -- 5 row(s) is under the 6-row partial-window floor.",3.0,-0.03,per_source
,TE.PA,3 check(s),"no usable vendor data for: gross margin (GMI) | the Beneish M-score could not be formed for this name, so the manipulation assessment is ABSENT -- not clean: no usable vendor data for: gross margin (GMI) | uInterestCoverage: 3 of 8 available rows are not computable AND report a positive `totalDebt` on the SAME row, so the refusal cannot mean the flag is inapplicable to this company -- it is missing data. Flag was ABSTAINED -- 5 row(s) is under the 6-row partial-window floor.",5.0,-0.05,per_source
,TEL,1 check(s),"uInterestCoverage: 1 of 8 available rows are not computable AND report a positive `totalDebt` on the SAME row, so the refusal cannot mean the flag is inapplicable to this company -- it is missing data. Flag was JUDGED on the 7 row(s) that compute.",1.0,-0.01,per_source
,TELIA.ST,1 check(s),"uInterestCoverage: 3 of 8 available rows are not computable AND report a positive `totalDebt` on the SAME row, so the refusal cannot mean the flag is inapplicable to this company -- it is missing data. Flag was ABSTAINED -- 5 row(s) is under the 6-row partial-window floor.",3.0,-0.03,per_source
,TFI.PA,3 check(s),"no usable vendor data for: SG&A intensity (SGAI) | the Beneish M-score could not be formed for this name, so the manipulation assessment is ABSENT -- not clean: no usable vendor data for: SG&A intensity (SGAI) | uInterestCoverage: 1 of 8 available rows are not computable AND report a positive `totalDebt` on the SAME row, so the refusal cannot mean the flag is inapplicable to this company -- it is missing data. Flag was JUDGED on the 7 row(s) that compute.",3.0,-0.03,per_source
,TFII,2 check(s),"no usable vendor data for: SG&A intensity (SGAI) | the Beneish M-score could not be formed for this name, so the manipulation assessment is ABSENT -- not clean: no usable vendor data for: SG&A intensity (SGAI)",2.0,-0.02,per_source
,TFPM,2 check(s),"no usable vendor data for: receivables days (DSRI) | the Beneish M-score could not be formed for this name, so the manipulation assessment is ABSENT -- not clean: no usable vendor data for: receivables days (DSRI)",2.0,-0.02,per_source
,TGA.L,2 check(s),"no usable vendor data for: SG&A intensity (SGAI) | the Beneish M-score could not be formed for this name, so the manipulation assessment is ABSENT -- not clean: no usable vendor data for: SG&A intensity (SGAI)",2.0,-0.02,per_source
,TKA.DE,1 check(s),"uInterestCoverage: 1 of 8 available rows are not computable AND report a positive `totalDebt` on the SAME row, so the refusal cannot mean the flag is inapplicable to this company -- it is missing data. Flag was JUDGED on the 7 row(s) that compute.",1.0,-0.01,per_source
,TKO.TO,2 check(s),"no usable vendor data for: gross margin (GMI) | the Beneish M-score could not be formed for this name, so the manipulation assessment is ABSENT -- not clean: no usable vendor data for: gross margin (GMI)",2.0,-0.02,per_source
,TLG.TO,2 check(s),"no usable vendor data for: receivables days (DSRI), gross margin (GMI), sales growth (SGI), SG&A intensity (SGAI) | the Beneish M-score could not be formed for this name, so the manipulation assessment is ABSENT -- not clean: no usable vendor data for: receivables days (DSRI), gross margin (GMI), sales growth (SGI), SG&A intensity (SGAI)",4.0,-0.04,per_source
,TLO.TO,2 check(s),"no usable vendor data for: receivables days (DSRI), gross margin (GMI), asset quality (AQI), sales growth (SGI), depreciation rate (DEPI), SG&A intensity (SGAI) | the Beneish M-score could not be formed for this name, so the manipulation assessment is ABSENT -- not clean: no usable vendor data for: receivables days (DSRI), gross margin (GMI), asset quality (AQI), sales growth (SGI), depreciation rate (DEPI), SG&A intensity (SGAI)",4.0,-0.04,per_source
,TNIE.DE,2 check(s),"uInterestCoverage: 1 of 7 available rows are not computable AND report a positive `totalDebt` on the SAME row, so the refusal cannot mean the flag is inapplicable to this company -- it is missing data. Flag was JUDGED on the 6 row(s) that compute. | panel carries 7 of the 8 newest-first rows the veto window needs, so every flag is evaluated (or refused) on a short history",2.0,-0.02,per_source
,TNZ.TO,3 check(s),"no usable vendor data for: gross margin (GMI) | the Beneish M-score could not be formed for this name, so the manipulation assessment is ABSENT -- not clean: no usable vendor data for: gross margin (GMI) | uInterestCoverage: 1 of 8 available rows are not computable AND report a positive `totalDebt` on the SAME row, so the refusal cannot mean the flag is inapplicable to this company -- it is missing data. Flag was JUDGED on the 7 row(s) that compute.",3.0,-0.03,per_source
,TOM.OL,2 check(s),"no usable vendor data for: SG&A intensity (SGAI) | the Beneish M-score could not be formed for this name, so the manipulation assessment is ABSENT -- not clean: no usable vendor data for: SG&A intensity (SGAI)",2.0,-0.02,per_source
,TOM2.AS,1 check(s),"uInterestCoverage: 6 of 8 available rows are not computable AND report a positive `totalDebt` on the SAME row, so the refusal cannot mean the flag is inapplicable to this company -- it is missing data. Flag was ABSTAINED -- 2 row(s) is under the 6-row partial-window floor.",6.0,-0.06,per_source
,TONX,3 check(s),"no usable vendor data for: receivables days (DSRI) | the Beneish M-score could not be formed for this name, so the manipulation assessment is ABSENT -- not clean: no usable vendor data for: receivables days (DSRI) | uInterestCoverage: 5 of 8 available rows are not computable AND report a positive `totalDebt` on the SAME row, so the refusal cannot mean the flag is inapplicable to this company -- it is missing data. Flag was ABSTAINED -- 3 row(s) is under the 6-row partial-window floor.",7.0,-0.07,per_source
,TOP,1 check(s),"uInterestCoverage: 8 of 8 available rows are not computable AND report a positive `totalDebt` on the SAME row, so the refusal cannot mean the flag is inapplicable to this company -- it is missing data. Flag was ABSTAINED -- 0 row(s) is under the 6-row partial-window floor.",8.0,-0.08,per_source
,TOT.TO,3 check(s),"no usable vendor data for: asset quality (AQI) | the Beneish M-score could not be formed for this name, so the manipulation assessment is ABSENT -- not clean: no usable vendor data for: asset quality (AQI) | uInterestCoverage: 1 of 8 available rows are not computable AND report a positive `totalDebt` on the SAME row, so the refusal cannot mean the flag is inapplicable to this company -- it is missing data. Flag was JUDGED on the 7 row(s) that compute.",3.0,-0.03,per_source
,TPE.DE,1 check(s),"uInterestCoverage: 1 of 8 available rows are not computable AND report a positive `totalDebt` on the SAME row, so the refusal cannot mean the flag is inapplicable to this company -- it is missing data. Flag was JUDGED on the 7 row(s) that compute.",1.0,-0.01,per_source
,TPG,1 check(s),"uInterestCoverage: 1 of 8 available rows are not computable AND report a positive `totalDebt` on the SAME row, so the refusal cannot mean the flag is inapplicable to this company -- it is missing data. Flag was JUDGED on the 7 row(s) that compute.",1.0,-0.01,per_source
,TPZ.TO,2 check(s),"no usable vendor data for: asset quality (AQI) | the Beneish M-score could not be formed for this name, so the manipulation assessment is ABSENT -- not clean: no usable vendor data for: asset quality (AQI)",2.0,-0.02,per_source
,TREL-B.ST,1 check(s),"uInterestCoverage: 1 of 8 available rows are not computable AND report a positive `totalDebt` on the SAME row, so the refusal cannot mean the flag is inapplicable to this company -- it is missing data. Flag was JUDGED on the 7 row(s) that compute.",1.0,-0.01,per_source
,TRGP,1 check(s),"uInterestCoverage: 1 of 8 available rows are not computable AND report a positive `totalDebt` on the SAME row, so the refusal cannot mean the flag is inapplicable to this company -- it is missing data. Flag was JUDGED on the 7 row(s) that compute.",1.0,-0.01,per_source
,TRI.PA,2 check(s),"no usable vendor data for: SG&A intensity (SGAI) | the Beneish M-score could not be formed for this name, so the manipulation assessment is ABSENT -- not clean: no usable vendor data for: SG&A intensity (SGAI)",2.0,-0.02,per_source
,TROW,1 check(s),"uInterestCoverage: 8 of 8 available rows are not computable AND report a positive `totalDebt` on the SAME row, so the refusal cannot mean the flag is inapplicable to this company -- it is missing data. Flag was ABSTAINED -- 0 row(s) is under the 6-row partial-window floor.",8.0,-0.08,per_source
,TRST.L,1 check(s),"uInterestCoverage: 4 of 8 available rows are not computable AND report a positive `totalDebt` on the SAME row, so the refusal cannot mean the flag is inapplicable to this company -- it is missing data. Flag was ABSTAINED -- 4 row(s) is under the 6-row partial-window floor.",4.0,-0.04,per_source
,TRUE-B.ST,3 check(s),"no usable vendor data for: SG&A intensity (SGAI) | the Beneish M-score could not be formed for this name, so the manipulation assessment is ABSENT -- not clean: no usable vendor data for: SG&A intensity (SGAI) | uInterestCoverage: 8 of 8 available rows are not computable AND report a positive `totalDebt` on the SAME row, so the refusal cannot mean the flag is inapplicable to this company -- it is missing data. Flag was ABSTAINED -- 0 row(s) is under the 6-row partial-window floor.",10.0,-0.1,per_source
,TRVI,1 check(s),"uInterestCoverage: 6 of 8 available rows are not computable AND report a positive `totalDebt` on the SAME row, so the refusal cannot mean the flag is inapplicable to this company -- it is missing data. Flag was ABSTAINED -- 2 row(s) is under the 6-row partial-window floor.",6.0,-0.06,per_source
,TSCO,2 check(s),"no usable vendor data for: receivables days (DSRI) | the Beneish M-score could not be formed for this name, so the manipulation assessment is ABSENT -- not clean: no usable vendor data for: receivables days (DSRI)",2.0,-0.02,per_source
,TSEM,1 check(s),"uInterestCoverage: 8 of 8 available rows are not computable AND report a positive `totalDebt` on the SAME row, so the refusal cannot mean the flag is inapplicable to this company -- it is missing data. Flag was ABSTAINED -- 0 row(s) is under the 6-row partial-window floor.",8.0,-0.08,per_source
,TSM,1 check(s),"uInterestCoverage: 2 of 8 available rows are not computable AND report a positive `totalDebt` on the SAME row, so the refusal cannot mean the flag is inapplicable to this company -- it is missing data. Flag was JUDGED on the 6 row(s) that compute.",2.0,-0.02,per_source
,TTE,2 check(s),"no usable vendor data for: SG&A intensity (SGAI) | the Beneish M-score could not be formed for this name, so the manipulation assessment is ABSENT -- not clean: no usable vendor data for: SG&A intensity (SGAI)",2.0,-0.02,per_source
,TUB.BR,3 check(s),"no usable vendor data for: receivables days (DSRI), gross margin (GMI), sales growth (SGI), SG&A intensity (SGAI) | the Beneish M-score could not be formed for this name, so the manipulation assessment is ABSENT -- not clean: no usable vendor data for: receivables days (DSRI), gross margin (GMI), sales growth (SGI), SG&A intensity (SGAI) | uInterestCoverage: 2 of 8 available rows are not computable AND report a positive `totalDebt` on the SAME row, so the refusal cannot mean the flag is inapplicable to this company -- it is missing data. Flag was ABSTAINED -- 5 row(s) is under the 6-row partial-window floor.",6.0,-0.06,per_source
,TVE.TO,2 check(s),"no usable vendor data for: asset quality (AQI) | the Beneish M-score could not be formed for this name, so the manipulation assessment is ABSENT -- not clean: no usable vendor data for: asset quality (AQI)",2.0,-0.02,per_source
,TYRA,1 check(s),"uInterestCoverage: 8 of 8 available rows are not computable AND report a positive `totalDebt` on the SAME row, so the refusal cannot mean the flag is inapplicable to this company -- it is missing data. Flag was ABSTAINED -- 0 row(s) is under the 6-row partial-window floor.",8.0,-0.08,per_source
,UBI.PA,1 check(s),"uInterestCoverage: 2 of 8 available rows are not computable AND report a positive `totalDebt` on the SAME row, so the refusal cannot mean the flag is inapplicable to this company -- it is missing data. Flag was JUDGED on the 6 row(s) that compute.",2.0,-0.02,per_source
,UGI,3 check(s),"no usable vendor data for: SG&A intensity (SGAI) | the Beneish M-score could not be formed for this name, so the manipulation assessment is ABSENT -- not clean: no usable vendor data for: SG&A intensity (SGAI) | uInterestCoverage: 1 of 8 available rows are not computable AND report a positive `totalDebt` on the SAME row, so the refusal cannot mean the flag is inapplicable to this company -- it is missing data. Flag was JUDGED on the 7 row(s) that compute.",3.0,-0.03,per_source
,UL,1 check(s),"uInterestCoverage: 3 of 8 available rows are not computable AND report a positive `totalDebt` on the SAME row, so the refusal cannot mean the flag is inapplicable to this company -- it is missing data. Flag was ABSTAINED -- 5 row(s) is under the 6-row partial-window floor.",3.0,-0.03,per_source
,ULH,2 check(s),"no usable vendor data for: accruals (TATA) | the Beneish M-score could not be formed for this name, so the manipulation assessment is ABSENT -- not clean: no usable vendor data for: accruals (TATA)",2.0,-0.02,per_source
,UMI.BR,2 check(s),"no usable vendor data for: SG&A intensity (SGAI) | the Beneish M-score could not be formed for this name, so the manipulation assessment is ABSENT -- not clean: no usable vendor data for: SG&A intensity (SGAI)",2.0,-0.02,per_source
,UPS,2 check(s),"no usable vendor data for: SG&A intensity (SGAI) | the Beneish M-score could not be formed for this name, so the manipulation assessment is ABSENT -- not clean: no usable vendor data for: SG&A intensity (SGAI)",2.0,-0.02,per_source
,USA.TO,2 check(s),"no usable vendor data for: gross margin (GMI) | the Beneish M-score could not be formed for this name, so the manipulation assessment is ABSENT -- not clean: no usable vendor data for: gross margin (GMI)",2.0,-0.02,per_source
,USAU,2 check(s),"no usable vendor data for: receivables days (DSRI), gross margin (GMI), sales growth (SGI), depreciation rate (DEPI), SG&A intensity (SGAI) | the Beneish M-score could not be formed for this name, so the manipulation assessment is ABSENT -- not clean: no usable vendor data for: receivables days (DSRI), gross margin (GMI), sales growth (SGI), depreciation rate (DEPI), SG&A intensity (SGAI)",4.0,-0.04,per_source
,USLM,2 check(s),"no usable vendor data for: asset quality (AQI) | the Beneish M-score could not be formed for this name, so the manipulation assessment is ABSENT -- not clean: no usable vendor data for: asset quality (AQI)",2.0,-0.02,per_source
,UTDI.DE,2 check(s),"no usable vendor data for: SG&A intensity (SGAI) | the Beneish M-score could not be formed for this name, so the manipulation assessment is ABSENT -- not clean: no usable vendor data for: SG&A intensity (SGAI)",2.0,-0.02,per_source
,VBK.DE,2 check(s),"no usable vendor data for: gross margin (GMI) | the Beneish M-score could not be formed for this name, so the manipulation assessment is ABSENT -- not clean: no usable vendor data for: gross margin (GMI)",2.0,-0.02,per_source
,VCT.PA,2 check(s),"no usable vendor data for: gross margin (GMI), SG&A intensity (SGAI) | the Beneish M-score could not be formed for this name, so the manipulation assessment is ABSENT -- not clean: no usable vendor data for: gross margin (GMI), SG&A intensity (SGAI)",3.0,-0.03,per_source
,VCTR,1 check(s),"uInterestCoverage: 1 of 8 available rows are not computable AND report a positive `totalDebt` on the SAME row, so the refusal cannot mean the flag is inapplicable to this company -- it is missing data. Flag was JUDGED on the 7 row(s) that compute.",1.0,-0.01,per_source
,VEEV,1 check(s),"uInterestCoverage: 8 of 8 available rows are not computable AND report a positive `totalDebt` on the SAME row, so the refusal cannot mean the flag is inapplicable to this company -- it is missing data. Flag was ABSTAINED -- 0 row(s) is under the 6-row partial-window floor.",8.0,-0.08,per_source
,VEI.OL,1 check(s),"uInterestCoverage: 1 of 8 available rows are not computable AND report a positive `totalDebt` on the SAME row, so the refusal cannot mean the flag is inapplicable to this company -- it is missing data. Flag was JUDGED on the 7 row(s) that compute.",1.0,-0.01,per_source
,VELO,1 check(s),"uInterestCoverage: 1 of 8 available rows are not computable AND report a positive `totalDebt` on the SAME row, so the refusal cannot mean the flag is inapplicable to this company -- it is missing data. Flag was JUDGED on the 7 row(s) that compute.",1.0,-0.01,per_source
,VEND.OL,2 check(s),"no usable vendor data for: SG&A intensity (SGAI) | the Beneish M-score could not be formed for this name, so the manipulation assessment is ABSENT -- not clean: no usable vendor data for: SG&A intensity (SGAI)",2.0,-0.02,per_source
,VERU,1 check(s),"uInterestCoverage: 7 of 8 available rows are not computable AND report a positive `totalDebt` on the SAME row, so the refusal cannot mean the flag is inapplicable to this company -- it is missing data. Flag was ABSTAINED -- 1 row(s) is under the 6-row partial-window floor.",7.0,-0.07,per_source
,VERX,1 check(s),"uInterestCoverage: 8 of 8 available rows are not computable AND report a positive `totalDebt` on the SAME row, so the refusal cannot mean the flag is inapplicable to this company -- it is missing data. Flag was ABSTAINED -- 0 row(s) is under the 6-row partial-window floor.",8.0,-0.08,per_source
,VESTUM.ST,2 check(s),"no usable vendor data for: SG&A intensity (SGAI) | the Beneish M-score could not be formed for this name, so the manipulation assessment is ABSENT -- not clean: no usable vendor data for: SG&A intensity (SGAI)",2.0,-0.02,per_source
,VIMIAN.ST,2 check(s),"the Beneish M-score could not be formed for this name, so the manipulation assessment is ABSENT -- not clean: fewer than half the trailing-year periods are computable (1 of 4), so the mean would not be a trailing-year mean | uInterestCoverage: 1 of 8 available rows are not computable AND report a positive `totalDebt` on the SAME row, so the refusal cannot mean the flag is inapplicable to this company -- it is missing data. Flag was JUDGED on the 7 row(s) that compute.",2.0,-0.02,per_source
,VITR.ST,1 check(s),"uInterestCoverage: 1 of 8 available rows are not computable AND report a positive `totalDebt` on the SAME row, so the refusal cannot mean the flag is inapplicable to this company -- it is missing data. Flag was JUDGED on the 7 row(s) that compute.",1.0,-0.01,per_source
,VOD.L,1 check(s),"uInterestCoverage: 5 of 8 available rows are not computable AND report a positive `totalDebt` on the SAME row, so the refusal cannot mean the flag is inapplicable to this company -- it is missing data. Flag was ABSTAINED -- 3 row(s) is under the 6-row partial-window floor.",5.0,-0.05,per_source
,VOS.DE,1 check(s),"uInterestCoverage: 1 of 8 available rows are not computable AND report a positive `totalDebt` on the SAME row, so the refusal cannot mean the flag is inapplicable to this company -- it is missing data. Flag was JUDGED on the 7 row(s) that compute.",1.0,-0.01,per_source
,VOW.DE,1 check(s),"uInterestCoverage: 2 of 8 available rows are not computable AND report a positive `totalDebt` on the SAME row, so the refusal cannot mean the flag is inapplicable to this company -- it is missing data. Flag was JUDGED on the 6 row(s) that compute.",2.0,-0.02,per_source
,VRRM,1 check(s),"the Beneish M-score could not be formed for this name, so the manipulation assessment is ABSENT -- not clean: fewer than half the trailing-year periods are computable (1 of 4), so the mean would not be a trailing-year mean",1.0,-0.01,per_source
,VRTX,1 check(s),"uInterestCoverage: 2 of 8 available rows are not computable AND report a positive `totalDebt` on the SAME row, so the refusal cannot mean the flag is inapplicable to this company -- it is missing data. Flag was JUDGED on the 6 row(s) that compute.",2.0,-0.02,per_source
,VSEC,3 check(s),"no usable vendor data for: SG&A intensity (SGAI) | the Beneish M-score could not be formed for this name, so the manipulation assessment is ABSENT -- not clean: no usable vendor data for: SG&A intensity (SGAI) | uInterestCoverage: 1 of 8 available rows are not computable AND report a positive `totalDebt` on the SAME row, so the refusal cannot mean the flag is inapplicable to this company -- it is missing data. Flag was JUDGED on the 7 row(s) that compute.",3.0,-0.03,per_source
,VTEX,1 check(s),"uInterestCoverage: 6 of 8 available rows are not computable AND report a positive `totalDebt` on the SAME row, so the refusal cannot mean the flag is inapplicable to this company -- it is missing data. Flag was ABSTAINED -- 2 row(s) is under the 6-row partial-window floor.",6.0,-0.06,per_source
,VTVT,1 check(s),"uInterestCoverage: 4 of 8 available rows are not computable AND report a positive `totalDebt` on the SAME row, so the refusal cannot mean the flag is inapplicable to this company -- it is missing data. Flag was ABSTAINED -- 2 row(s) is under the 6-row partial-window floor.",4.0,-0.04,per_source
,VU.PA,1 check(s),"uInterestCoverage: 1 of 8 available rows are not computable AND report a positive `totalDebt` on the SAME row, so the refusal cannot mean the flag is inapplicable to this company -- it is missing data. Flag was JUDGED on the 7 row(s) that compute.",1.0,-0.01,per_source
,WAVE.PA,1 check(s),"uInterestCoverage: 1 of 8 available rows are not computable AND report a positive `totalDebt` on the SAME row, so the refusal cannot mean the flag is inapplicable to this company -- it is missing data. Flag was JUDGED on the 7 row(s) that compute.",1.0,-0.01,per_source
,WAWI.OL,2 check(s),"no usable vendor data for: SG&A intensity (SGAI) | the Beneish M-score could not be formed for this name, so the manipulation assessment is ABSENT -- not clean: no usable vendor data for: SG&A intensity (SGAI)",2.0,-0.02,per_source
,WDS,1 check(s),"uInterestCoverage: 4 of 8 available rows are not computable AND report a positive `totalDebt` on the SAME row, so the refusal cannot mean the flag is inapplicable to this company -- it is missing data. Flag was ABSTAINED -- 4 row(s) is under the 6-row partial-window floor.",4.0,-0.04,per_source
,WFG,2 check(s),"no usable vendor data for: gross margin (GMI) | the Beneish M-score could not be formed for this name, so the manipulation assessment is ABSENT -- not clean: no usable vendor data for: gross margin (GMI)",2.0,-0.02,per_source
,WHA.AS,1 check(s),"reitEbitdaInterestCoverage: 4 of 8 available rows are not computable AND report a positive `totalDebt` on the SAME row, so the refusal cannot mean the flag is inapplicable to this company -- it is missing data. Flag was ABSTAINED -- 4 row(s) is under the 6-row partial-window floor.",4.0,-0.04,per_source
,WHWK,1 check(s),"uInterestCoverage: 1 of 8 available rows are not computable AND report a positive `totalDebt` on the SAME row, so the refusal cannot mean the flag is inapplicable to this company -- it is missing data. Flag was ABSTAINED -- 1 row(s) is under the 6-row partial-window floor.",1.0,-0.01,per_source
,WIT,1 check(s),"uInterestCoverage: 1 of 8 available rows are not computable AND report a positive `totalDebt` on the SAME row, so the refusal cannot mean the flag is inapplicable to this company -- it is missing data. Flag was JUDGED on the 7 row(s) that compute.",1.0,-0.01,per_source
,WMK,2 check(s),"the Beneish M-score could not be formed for this name, so the manipulation assessment is ABSENT -- not clean: fewer than half the trailing-year periods are computable (1 of 4), so the mean would not be a trailing-year mean | uInterestCoverage: 8 of 8 available rows are not computable AND report a positive `totalDebt` on the SAME row, so the refusal cannot mean the flag is inapplicable to this company -- it is missing data. Flag was ABSTAINED -- 0 row(s) is under the 6-row partial-window floor.",9.0,-0.09,per_source
,WPRT,1 check(s),"uInterestCoverage: 2 of 8 available rows are not computable AND report a positive `totalDebt` on the SAME row, so the refusal cannot mean the flag is inapplicable to this company -- it is missing data. Flag was JUDGED on the 6 row(s) that compute.",2.0,-0.02,per_source
,WRBY,1 check(s),"uInterestCoverage: 8 of 8 available rows are not computable AND report a positive `totalDebt` on the SAME row, so the refusal cannot mean the flag is inapplicable to this company -- it is missing data. Flag was ABSTAINED -- 0 row(s) is under the 6-row partial-window floor.",8.0,-0.08,per_source
,WRN.TO,2 check(s),"no usable vendor data for: receivables days (DSRI), gross margin (GMI), asset quality (AQI), sales growth (SGI), depreciation rate (DEPI), SG&A intensity (SGAI) | the Beneish M-score could not be formed for this name, so the manipulation assessment is ABSENT -- not clean: no usable vendor data for: receivables days (DSRI), gross margin (GMI), asset quality (AQI), sales growth (SGI), depreciation rate (DEPI), SG&A intensity (SGAI)",4.0,-0.04,per_source
,WSE,3 check(s),"no usable vendor data for: asset quality (AQI), SG&A intensity (SGAI) | the Beneish M-score could not be formed for this name, so the manipulation assessment is ABSENT -- not clean: no usable vendor data for: asset quality (AQI), SG&A intensity (SGAI) | uInterestCoverage: 7 of 8 available rows are not computable AND report a positive `totalDebt` on the SAME row, so the refusal cannot mean the flag is inapplicable to this company -- it is missing data. Flag was ABSTAINED -- 1 row(s) is under the 6-row partial-window floor.",10.0,-0.1,per_source
,WST,1 check(s),"uInterestCoverage: 4 of 8 available rows are not computable AND report a positive `totalDebt` on the SAME row, so the refusal cannot mean the flag is inapplicable to this company -- it is missing data. Flag was ABSTAINED -- 4 row(s) is under the 6-row partial-window floor.",4.0,-0.04,per_source
,WWI.OL,2 check(s),"no usable vendor data for: receivables days (DSRI), SG&A intensity (SGAI) | the Beneish M-score could not be formed for this name, so the manipulation assessment is ABSENT -- not clean: no usable vendor data for: receivables days (DSRI), SG&A intensity (SGAI)",3.0,-0.03,per_source
,XIOR.BR,1 check(s),"reitEbitdaInterestCoverage: 6 of 8 available rows are not computable AND report a positive `totalDebt` on the SAME row, so the refusal cannot mean the flag is inapplicable to this company -- it is missing data. Flag was ABSTAINED -- 2 row(s) is under the 6-row partial-window floor.",6.0,-0.06,per_source
,XVIVO.ST,1 check(s),"uInterestCoverage: 5 of 8 available rows are not computable AND report a positive `totalDebt` on the SAME row, so the refusal cannot mean the flag is inapplicable to this company -- it is missing data. Flag was ABSTAINED -- 3 row(s) is under the 6-row partial-window floor.",5.0,-0.05,per_source
,YAR.OL,2 check(s),"no usable vendor data for: SG&A intensity (SGAI) | the Beneish M-score could not be formed for this name, so the manipulation assessment is ABSENT -- not clean: no usable vendor data for: SG&A intensity (SGAI)",2.0,-0.02,per_source
,YORW,1 check(s),"uInterestCoverage: 1 of 8 available rows are not computable AND report a positive `totalDebt` on the SAME row, so the refusal cannot mean the flag is inapplicable to this company -- it is missing data. Flag was JUDGED on the 7 row(s) that compute.",1.0,-0.01,per_source
,YUBICO.ST,3 check(s),"no usable vendor data for: depreciation rate (DEPI) | the Beneish M-score could not be formed for this name, so the manipulation assessment is ABSENT -- not clean: no usable vendor data for: depreciation rate (DEPI) | uInterestCoverage: 5 of 8 available rows are not computable AND report a positive `totalDebt` on the SAME row, so the refusal cannot mean the flag is inapplicable to this company -- it is missing data. Flag was ABSTAINED -- 3 row(s) is under the 6-row partial-window floor.",7.0,-0.07,per_source
,ZAP.OL,2 check(s),"no usable vendor data for: SG&A intensity (SGAI) | the Beneish M-score could not be formed for this name, so the manipulation assessment is ABSENT -- not clean: no usable vendor data for: SG&A intensity (SGAI)",2.0,-0.02,per_source
,ZETA,1 check(s),"uInterestCoverage: 1 of 8 available rows are not computable AND report a positive `totalDebt` on the SAME row, so the refusal cannot mean the flag is inapplicable to this company -- it is missing data. Flag was JUDGED on the 7 row(s) that compute.",1.0,-0.01,per_source
,ZYME,1 check(s),"uInterestCoverage: 7 of 8 available rows are not computable AND report a positive `totalDebt` on the SAME row, so the refusal cannot mean the flag is inapplicable to this company -- it is missing data. Flag was ABSTAINED -- 1 row(s) is under the 6-row partial-window floor.",7.0,-0.07,per_source
,ANIK,forensic_gap:beneish_components,"no usable vendor data for: receivables days (DSRI), gross margin (GMI), SG&A intensity (SGAI)",3.0,-0.03,per_item
,ANIK,forensic_gap:no_verdict,"the Beneish M-score could not be formed for this name, so the manipulation assessment is ABSENT -- not clean: no usable vendor data for: receivables days (DSRI), gross margin (GMI), SG&A intensity (SGAI)",1.0,-0.01,per_item
general,ANIK,stage1_veto:refused_rows,"uInterestCoverage: 8 of 8 available rows are not computable AND report a positive `totalDebt` on the SAME row, so the refusal cannot mean the flag is inapplicable to this company -- it is missing data. Flag was ABSTAINED -- 0 row(s) is under the 6-row partial-window floor.",8.0,-0.08,per_item
,HUNT.OL,forensic_gap:beneish_components,"no usable vendor data for: receivables days (DSRI), gross margin (GMI), sales growth (SGI), SG&A intensity (SGAI)",3.0,-0.03,per_item
,HUNT.OL,forensic_gap:no_verdict,"the Beneish M-score could not be formed for this name, so the manipulation assessment is ABSENT -- not clean: no usable vendor data for: receivables days (DSRI), gross margin (GMI), sales growth (SGI), SG&A intensity (SGAI)",1.0,-0.01,per_item
general,HUNT.OL,stage1_veto:refused_rows,"uInterestCoverage: 8 of 8 available rows are not computable AND report a positive `totalDebt` on the SAME row, so the refusal cannot mean the flag is inapplicable to this company -- it is missing data. Flag was ABSTAINED -- 0 row(s) is under the 6-row partial-window floor.",8.0,-0.08,per_item
,ORMP,forensic_gap:beneish_components,"no usable vendor data for: receivables days (DSRI), gross margin (GMI), sales growth (SGI), SG&A intensity (SGAI)",3.0,-0.03,per_item
,ORMP,forensic_gap:no_verdict,"the Beneish M-score could not be formed for this name, so the manipulation assessment is ABSENT -- not clean: no usable vendor data for: receivables days (DSRI), gross margin (GMI), sales growth (SGI), SG&A intensity (SGAI)",1.0,-0.01,per_item
general,ORMP,stage1_veto:refused_rows,"uInterestCoverage: 7 of 8 available rows are not computable AND report a positive `totalDebt` on the SAME row, so the refusal cannot mean the flag is inapplicable to this company -- it is missing data. Flag was ABSTAINED -- 1 row(s) is under the 6-row partial-window floor.",7.0,-0.07,per_item
,ATEX,forensic_gap:beneish_components,no usable vendor data for: gross margin (GMI),1.0,-0.01,per_item
,ATEX,forensic_gap:no_verdict,"the Beneish M-score could not be formed for this name, so the manipulation assessment is ABSENT -- not clean: no usable vendor data for: gross margin (GMI)",1.0,-0.01,per_item
general,ATEX,stage1_veto:refused_rows,"uInterestCoverage: 8 of 8 available rows are not computable AND report a positive `totalDebt` on the SAME row, so the refusal cannot mean the flag is inapplicable to this company -- it is missing data. Flag was ABSTAINED -- 0 row(s) is under the 6-row partial-window floor.",8.0,-0.08,per_item
,MED,forensic_gap:beneish_components,no usable vendor data for: receivables days (DSRI),1.0,-0.01,per_item
,MED,forensic_gap:no_verdict,"the Beneish M-score could not be formed for this name, so the manipulation assessment is ABSENT -- not clean: no usable vendor data for: receivables days (DSRI)",1.0,-0.01,per_item
general,MED,stage1_veto:refused_rows,"uInterestCoverage: 8 of 8 available rows are not computable AND report a positive `totalDebt` on the SAME row, so the refusal cannot mean the flag is inapplicable to this company -- it is missing data. Flag was ABSTAINED -- 0 row(s) is under the 6-row partial-window floor.",8.0,-0.08,per_item
,MRTN,forensic_gap:beneish_components,no usable vendor data for: asset quality (AQI),1.0,-0.01,per_item
,MRTN,forensic_gap:no_verdict,"the Beneish M-score could not be formed for this name, so the manipulation assessment is ABSENT -- not clean: no usable vendor data for: asset quality (AQI)",1.0,-0.01,per_item
general,MRTN,stage1_veto:refused_rows,"uInterestCoverage: 8 of 8 available rows are not computable AND report a positive `totalDebt` on the SAME row, so the refusal cannot mean the flag is inapplicable to this company -- it is missing data. Flag was ABSTAINED -- 0 row(s) is under the 6-row partial-window floor.",8.0,-0.08,per_item
,TAL,forensic_gap:beneish_components,no usable vendor data for: depreciation rate (DEPI),1.0,-0.01,per_item
,TAL,forensic_gap:no_verdict,"the Beneish M-score could not be formed for this name, so the manipulation assessment is ABSENT -- not clean: no usable vendor data for: depreciation rate (DEPI)",1.0,-0.01,per_item
general,TAL,stage1_veto:refused_rows,"uInterestCoverage: 8 of 8 available rows are not computable AND report a positive `totalDebt` on the SAME row, so the refusal cannot mean the flag is inapplicable to this company -- it is missing data. Flag was ABSTAINED -- 0 row(s) is under the 6-row partial-window floor.",8.0,-0.08,per_item
,TRUE-B.ST,forensic_gap:beneish_components,no usable vendor data for: SG&A intensity (SGAI),1.0,-0.01,per_item
,TRUE-B.ST,forensic_gap:no_verdict,"the Beneish M-score could not be formed for this name, so the manipulation assessment is ABSENT -- not clean: no usable vendor data for: SG&A intensity (SGAI)",1.0,-0.01,per_item
general,TRUE-B.ST,stage1_veto:refused_rows,"uInterestCoverage: 8 of 8 available rows are not computable AND report a positive `totalDebt` on the SAME row, so the refusal cannot mean the flag is inapplicable to this company -- it is missing data. Flag was ABSTAINED -- 0 row(s) is under the 6-row partial-window floor.",8.0,-0.08,per_item
,WSE,forensic_gap:beneish_components,"no usable vendor data for: asset quality (AQI), SG&A intensity (SGAI)",2.0,-0.02,per_item
,WSE,forensic_gap:no_verdict,"the Beneish M-score could not be formed for this name, so the manipulation assessment is ABSENT -- not clean: no usable vendor data for: asset quality (AQI), SG&A intensity (SGAI)",1.0,-0.01,per_item
general,WSE,stage1_veto:refused_rows,"uInterestCoverage: 7 of 8 available rows are not computable AND report a positive `totalDebt` on the SAME row, so the refusal cannot mean the flag is inapplicable to this company -- it is missing data. Flag was ABSTAINED -- 1 row(s) is under the 6-row partial-window floor.",7.0,-0.07,per_item
,HVT,forensic_gap:beneish_components,no usable vendor data for: receivables days (DSRI),1.0,-0.01,per_item
,HVT,forensic_gap:no_verdict,"the Beneish M-score could not be formed for this name, so the manipulation assessment is ABSENT -- not clean: no usable vendor data for: receivables days (DSRI)",1.0,-0.01,per_item
general,HVT,stage1_veto:refused_rows,"uInterestCoverage: 7 of 8 available rows are not computable AND report a positive `totalDebt` on the SAME row, so the refusal cannot mean the flag is inapplicable to this company -- it is missing data. Flag was ABSTAINED -- 1 row(s) is under the 6-row partial-window floor.",7.0,-0.07,per_item
,MGN.OL,forensic_gap:beneish_components,"no usable vendor data for: receivables days (DSRI), gross margin (GMI), SG&A intensity (SGAI)",3.0,-0.03,per_item
,MGN.OL,forensic_gap:no_verdict,"the Beneish M-score could not be formed for this name, so the manipulation assessment is ABSENT -- not clean: no usable vendor data for: receivables days (DSRI), gross margin (GMI), SG&A intensity (SGAI)",1.0,-0.01,per_item
general,MGN.OL,stage1_veto:refused_rows,"uInterestCoverage: 5 of 8 available rows are not computable AND report a positive `totalDebt` on the SAME row, so the refusal cannot mean the flag is inapplicable to this company -- it is missing data. Flag was ABSTAINED -- 3 row(s) is under the 6-row partial-window floor.",5.0,-0.05,per_item
,OFLX,forensic_gap:no_verdict,"the Beneish M-score could not be formed for this name, so the manipulation assessment is ABSENT -- not clean: fewer than half the trailing-year periods are computable (1 of 4), so the mean would not be a trailing-year mean",1.0,-0.01,per_item
general,OFLX,stage1_veto:refused_rows,"uInterestCoverage: 8 of 8 available rows are not computable AND report a positive `totalDebt` on the SAME row, so the refusal cannot mean the flag is inapplicable to this company -- it is missing data. Flag was ABSTAINED -- 0 row(s) is under the 6-row partial-window floor.",8.0,-0.08,per_item
,OGI,forensic_gap:beneish_components,no usable vendor data for: gross margin (GMI),1.0,-0.01,per_item
,OGI,forensic_gap:no_verdict,"the Beneish M-score could not be formed for this name, so the manipulation assessment is ABSENT -- not clean: no usable vendor data for: gross margin (GMI)",1.0,-0.01,per_item
general,OGI,stage1_veto:refused_rows,"uInterestCoverage: 7 of 8 available rows are not computable AND report a positive `totalDebt` on the SAME row, so the refusal cannot mean the flag is inapplicable to this company -- it is missing data. Flag was ABSTAINED -- 1 row(s) is under the 6-row partial-window floor.",7.0,-0.07,per_item
,RGTI,forensic_gap:beneish_components,"no usable vendor data for: gross margin (GMI), SG&A intensity (SGAI)",2.0,-0.02,per_item
,RGTI,forensic_gap:no_verdict,"the Beneish M-score could not be formed for this name, so the manipulation assessment is ABSENT -- not clean: no usable vendor data for: gross margin (GMI), SG&A intensity (SGAI)",1.0,-0.01,per_item
general,RGTI,stage1_veto:refused_rows,"uInterestCoverage: 6 of 8 available rows are not computable AND report a positive `totalDebt` on the SAME row, so the refusal cannot mean the flag is inapplicable to this company -- it is missing data. Flag was ABSTAINED -- 2 row(s) is under the 6-row partial-window floor.",6.0,-0.06,per_item
,WMK,forensic_gap:no_verdict,"the Beneish M-score could not be formed for this name, so the manipulation assessment is ABSENT -- not clean: fewer than half the trailing-year periods are computable (1 of 4), so the mean would not be a trailing-year mean",1.0,-0.01,per_item
general,WMK,stage1_veto:refused_rows,"uInterestCoverage: 8 of 8 available rows are not computable AND report a positive `totalDebt` on the SAME row, so the refusal cannot mean the flag is inapplicable to this company -- it is missing data. Flag was ABSTAINED -- 0 row(s) is under the 6-row partial-window floor.",8.0,-0.08,per_item
general,AAPL,stage1_veto:refused_rows,"uInterestCoverage: 8 of 8 available rows are not computable AND report a positive `totalDebt` on the SAME row, so the refusal cannot mean the flag is inapplicable to this company -- it is missing data. Flag was ABSTAINED -- 0 row(s) is under the 6-row partial-window floor.",8.0,-0.08,per_item
general,AI,stage1_veto:refused_rows,"uInterestCoverage: 8 of 8 available rows are not computable AND report a positive `totalDebt` on the SAME row, so the refusal cannot mean the flag is inapplicable to this company -- it is missing data. Flag was ABSTAINED -- 0 row(s) is under the 6-row partial-window floor.",8.0,-0.08,per_item
general,ALLT,stage1_veto:refused_rows,"uInterestCoverage: 8 of 8 available rows are not computable AND report a positive `totalDebt` on the SAME row, so the refusal cannot mean the flag is inapplicable to this company -- it is missing data. Flag was ABSTAINED -- 0 row(s) is under the 6-row partial-window floor.",8.0,-0.08,per_item
general,AMLX,stage1_veto:refused_rows,"uInterestCoverage: 8 of 8 available rows are not computable AND report a positive `totalDebt` on the SAME row, so the refusal cannot mean the flag is inapplicable to this company -- it is missing data. Flag was ABSTAINED -- 0 row(s) is under the 6-row partial-window floor.",8.0,-0.08,per_item
general,ASM.AS,stage1_veto:refused_rows,"uInterestCoverage: 8 of 8 available rows are not computable AND report a positive `totalDebt` on the SAME row, so the refusal cannot mean the flag is inapplicable to this company -- it is missing data. Flag was ABSTAINED -- 0 row(s) is under the 6-row partial-window floor.",8.0,-0.08,per_item
general,AUR,stage1_veto:refused_rows,"uInterestCoverage: 8 of 8 available rows are not computable AND report a positive `totalDebt` on the SAME row, so the refusal cannot mean the flag is inapplicable to this company -- it is missing data. Flag was ABSTAINED -- 0 row(s) is under the 6-row partial-window floor.",8.0,-0.08,per_item
general,AZTA,stage1_veto:refused_rows,"uInterestCoverage: 8 of 8 available rows are not computable AND report a positive `totalDebt` on the SAME row, so the refusal cannot mean the flag is inapplicable to this company -- it is missing data. Flag was ABSTAINED -- 0 row(s) is under the 6-row partial-window floor.",8.0,-0.08,per_item
general,BZ,stage1_veto:refused_rows,"uInterestCoverage: 8 of 8 available rows are not computable AND report a positive `totalDebt` on the SAME row, so the refusal cannot mean the flag is inapplicable to this company -- it is missing data. Flag was ABSTAINED -- 0 row(s) is under the 6-row partial-window floor.",8.0,-0.08,per_item
general,CAVA,stage1_veto:refused_rows,"uInterestCoverage: 8 of 8 available rows are not computable AND report a positive `totalDebt` on the SAME row, so the refusal cannot mean the flag is inapplicable to this company -- it is missing data. Flag was ABSTAINED -- 0 row(s) is under the 6-row partial-window floor.",8.0,-0.08,per_item
general,CDNA,stage1_veto:refused_rows,"uInterestCoverage: 8 of 8 available rows are not computable AND report a positive `totalDebt` on the SAME row, so the refusal cannot mean the flag is inapplicable to this company -- it is missing data. Flag was ABSTAINED -- 0 row(s) is under the 6-row partial-window floor.",8.0,-0.08,per_item
general,CEVA,stage1_veto:refused_rows,"uInterestCoverage: 8 of 8 available rows are not computable AND report a positive `totalDebt` on the SAME row, so the refusal cannot mean the flag is inapplicable to this company -- it is missing data. Flag was ABSTAINED -- 0 row(s) is under the 6-row partial-window floor.",8.0,-0.08,per_item
general,CMG,stage1_veto:refused_rows,"uInterestCoverage: 8 of 8 available rows are not computable AND report a positive `totalDebt` on the SAME row, so the refusal cannot mean the flag is inapplicable to this company -- it is missing data. Flag was ABSTAINED -- 0 row(s) is under the 6-row partial-window floor.",8.0,-0.08,per_item
FinManager,CNS,stage1_veto:refused_rows,"uInterestCoverage: 8 of 8 available rows are not computable AND report a positive `totalDebt` on the SAME row, so the refusal cannot mean the flag is inapplicable to this company -- it is missing data. Flag was ABSTAINED -- 0 row(s) is under the 6-row partial-window floor.",8.0,-0.08,per_item
general,COCO,stage1_veto:refused_rows,"uInterestCoverage: 8 of 8 available rows are not computable AND report a positive `totalDebt` on the SAME row, so the refusal cannot mean the flag is inapplicable to this company -- it is missing data. Flag was ABSTAINED -- 0 row(s) is under the 6-row partial-window floor.",8.0,-0.08,per_item
general,CRDL,stage1_veto:refused_rows,"uInterestCoverage: 8 of 8 available rows are not computable AND report a positive `totalDebt` on the SAME row, so the refusal cannot mean the flag is inapplicable to this company -- it is missing data. Flag was ABSTAINED -- 0 row(s) is under the 6-row partial-window floor.",8.0,-0.08,per_item
general,CRON,stage1_veto:refused_rows,"uInterestCoverage: 8 of 8 available rows are not computable AND report a positive `totalDebt` on the SAME row, so the refusal cannot mean the flag is inapplicable to this company -- it is missing data. Flag was ABSTAINED -- 0 row(s) is under the 6-row partial-window floor.",8.0,-0.08,per_item
general,CRSP,stage1_veto:refused_rows,"uInterestCoverage: 8 of 8 available rows are not computable AND report a positive `totalDebt` on the SAME row, so the refusal cannot mean the flag is inapplicable to this company -- it is missing data. Flag was ABSTAINED -- 0 row(s) is under the 6-row partial-window floor.",8.0,-0.08,per_item
general,DASH,stage1_veto:refused_rows,"uInterestCoverage: 8 of 8 available rows are not computable AND report a positive `totalDebt` on the SAME row, so the refusal cannot mean the flag is inapplicable to this company -- it is missing data. Flag was ABSTAINED -- 0 row(s) is under the 6-row partial-window floor.",8.0,-0.08,per_item
general,DSY.PA,stage1_veto:refused_rows,"uInterestCoverage: 8 of 8 available rows are not computable AND report a positive `totalDebt` on the SAME row, so the refusal cannot mean the flag is inapplicable to this company -- it is missing data. Flag was ABSTAINED -- 0 row(s) is under the 6-row partial-window floor.",8.0,-0.08,per_item
general,DT,stage1_veto:refused_rows,"uInterestCoverage: 8 of 8 available rows are not computable AND report a positive `totalDebt` on the SAME row, so the refusal cannot mean the flag is inapplicable to this company -- it is missing data. Flag was ABSTAINED -- 0 row(s) is under the 6-row partial-window floor.",8.0,-0.08,per_item
general,EDU,stage1_veto:refused_rows,"uInterestCoverage: 8 of 8 available rows are not computable AND report a positive `totalDebt` on the SAME row, so the refusal cannot mean the flag is inapplicable to this company -- it is missing data. Flag was ABSTAINED -- 0 row(s) is under the 6-row partial-window floor.",8.0,-0.08,per_item
general,EXPO,stage1_veto:refused_rows,"uInterestCoverage: 8 of 8 available rows are not computable AND report a positive `totalDebt` on the SAME row, so the refusal cannot mean the flag is inapplicable to this company -- it is missing data. Flag was ABSTAINED -- 0 row(s) is under the 6-row partial-window floor.",8.0,-0.08,per_item
general,FDMT,stage1_veto:refused_rows,"uInterestCoverage: 8 of 8 available rows are not computable AND report a positive `totalDebt` on the SAME row, so the refusal cannot mean the flag is inapplicable to this company -- it is missing data. Flag was ABSTAINED -- 0 row(s) is under the 6-row partial-window floor.",8.0,-0.08,per_item
general,GSIT,stage1_veto:refused_rows,"uInterestCoverage: 8 of 8 available rows are not computable AND report a positive `totalDebt` on the SAME row, so the refusal cannot mean the flag is inapplicable to this company -- it is missing data. Flag was ABSTAINED -- 0 row(s) is under the 6-row partial-window floor.",8.0,-0.08,per_item
general,IMRX,stage1_veto:refused_rows,"uInterestCoverage: 8 of 8 available rows are not computable AND report a positive `totalDebt` on the SAME row, so the refusal cannot mean the flag is inapplicable to this company -- it is missing data. Flag was ABSTAINED -- 0 row(s) is under the 6-row partial-window floor.",8.0,-0.08,per_item
general,IOT,stage1_veto:refused_rows,"uInterestCoverage: 8 of 8 available rows are not computable AND report a positive `totalDebt` on the SAME row, so the refusal cannot mean the flag is inapplicable to this company -- it is missing data. Flag was ABSTAINED -- 0 row(s) is under the 6-row partial-window floor.",8.0,-0.08,per_item
general,IVVD,stage1_veto:refused_rows,"uInterestCoverage: 8 of 8 available rows are not computable AND report a positive `totalDebt` on the SAME row, so the refusal cannot mean the flag is inapplicable to this company -- it is missing data. Flag was ABSTAINED -- 0 row(s) is under the 6-row partial-window floor.",8.0,-0.08,per_item
general,KOD,stage1_veto:refused_rows,"uInterestCoverage: 8 of 8 available rows are not computable AND report a positive `totalDebt` on the SAME row, so the refusal cannot mean the flag is inapplicable to this company -- it is missing data. Flag was ABSTAINED -- 0 row(s) is under the 6-row partial-window floor.",8.0,-0.08,per_item
,KRN.DE,forensic_gap:beneish_components,no usable vendor data for: SG&A intensity (SGAI),1.0,-0.01,per_item
,KRN.DE,forensic_gap:no_verdict,"the Beneish M-score could not be formed for this name, so the manipulation assessment is ABSENT -- not clean: no usable vendor data for: SG&A intensity (SGAI)",1.0,-0.01,per_item
general,KRN.DE,stage1_veto:refused_rows,"uInterestCoverage: 6 of 8 available rows are not computable AND report a positive `totalDebt` on the SAME row, so the refusal cannot mean the flag is inapplicable to this company -- it is missing data. Flag was ABSTAINED -- 2 row(s) is under the 6-row partial-window floor.",6.0,-0.06,per_item
general,KXS.TO,stage1_veto:refused_rows,"uInterestCoverage: 8 of 8 available rows are not computable AND report a positive `totalDebt` on the SAME row, so the refusal cannot mean the flag is inapplicable to this company -- it is missing data. Flag was ABSTAINED -- 0 row(s) is under the 6-row partial-window floor.",8.0,-0.08,per_item
general,LENZ,stage1_veto:refused_rows,"uInterestCoverage: 8 of 8 available rows are not computable AND report a positive `totalDebt` on the SAME row, so the refusal cannot mean the flag is inapplicable to this company -- it is missing data. Flag was ABSTAINED -- 0 row(s) is under the 6-row partial-window floor.",8.0,-0.08,per_item
general,LFVN,stage1_veto:refused_rows,"uInterestCoverage: 8 of 8 available rows are not computable AND report a positive `totalDebt` on the SAME row, so the refusal cannot mean the flag is inapplicable to this company -- it is missing data. Flag was ABSTAINED -- 0 row(s) is under the 6-row partial-window floor.",8.0,-0.08,per_item
,MMT.PA,forensic_gap:beneish_components,no usable vendor data for: SG&A intensity (SGAI),1.0,-0.01,per_item
,MMT.PA,forensic_gap:no_verdict,"the Beneish M-score could not be formed for this name, so the manipulation assessment is ABSENT -- not clean: no usable vendor data for: SG&A intensity (SGAI)",1.0,-0.01,per_item
general,MMT.PA,stage1_veto:refused_rows,"uInterestCoverage: 6 of 8 available rows are not computable AND report a positive `totalDebt` on the SAME row, so the refusal cannot mean the flag is inapplicable to this company -- it is missing data. Flag was ABSTAINED -- 2 row(s) is under the 6-row partial-window floor.",6.0,-0.06,per_item
general,MXCT,stage1_veto:refused_rows,"uInterestCoverage: 8 of 8 available rows are not computable AND report a positive `totalDebt` on the SAME row, so the refusal cannot mean the flag is inapplicable to this company -- it is missing data. Flag was ABSTAINED -- 0 row(s) is under the 6-row partial-window floor.",8.0,-0.08,per_item
general,MZTI,stage1_veto:refused_rows,"uInterestCoverage: 8 of 8 available rows are not computable AND report a positive `totalDebt` on the SAME row, so the refusal cannot mean the flag is inapplicable to this company -- it is missing data. Flag was ABSTAINED -- 0 row(s) is under the 6-row partial-window floor.",8.0,-0.08,per_item
,NOK,forensic_gap:beneish_components,no usable vendor data for: gross margin (GMI),1.0,-0.01,per_item
,NOK,forensic_gap:no_verdict,"the Beneish M-score could not be formed for this name, so the manipulation assessment is ABSENT -- not clean: no usable vendor data for: gross margin (GMI)",1.0,-0.01,per_item
general,NOK,stage1_veto:refused_rows,"uInterestCoverage: 6 of 8 available rows are not computable AND report a positive `totalDebt` on the SAME row, so the refusal cannot mean the flag is inapplicable to this company -- it is missing data. Flag was ABSTAINED -- 2 row(s) is under the 6-row partial-window floor.",6.0,-0.06,per_item
general,NRIX,stage1_veto:refused_rows,"uInterestCoverage: 8 of 8 available rows are not computable AND report a positive `totalDebt` on the SAME row, so the refusal cannot mean the flag is inapplicable to this company -- it is missing data. Flag was ABSTAINED -- 0 row(s) is under the 6-row partial-window floor.",8.0,-0.08,per_item
general,NTLA,stage1_veto:refused_rows,"uInterestCoverage: 8 of 8 available rows are not computable AND report a positive `totalDebt` on the SAME row, so the refusal cannot mean the flag is inapplicable to this company -- it is missing data. Flag was ABSTAINED -- 0 row(s) is under the 6-row partial-window floor.",8.0,-0.08,per_item
general,NXH,stage1_veto:refused_rows,"uInterestCoverage: 8 of 8 available rows are not computable AND report a positive `totalDebt` on the SAME row, so the refusal cannot mean the flag is inapplicable to this company -- it is missing data. Flag was ABSTAINED -- 0 row(s) is under the 6-row partial-window floor.",8.0,-0.08,per_item
general,PCVX,stage1_veto:refused_rows,"uInterestCoverage: 8 of 8 available rows are not computable AND report a positive `totalDebt` on the SAME row, so the refusal cannot mean the flag is inapplicable to this company -- it is missing data. Flag was ABSTAINED -- 0 row(s) is under the 6-row partial-window floor.",8.0,-0.08,per_item
general,PINS,stage1_veto:refused_rows,"uInterestCoverage: 8 of 8 available rows are not computable AND report a positive `totalDebt` on the SAME row, so the refusal cannot mean the flag is inapplicable to this company -- it is missing data. Flag was ABSTAINED -- 0 row(s) is under the 6-row partial-window floor.",8.0,-0.08,per_item
general,PRTA,stage1_veto:refused_rows,"uInterestCoverage: 8 of 8 available rows are not computable AND report a positive `totalDebt` on the SAME row, so the refusal cannot mean the flag is inapplicable to this company -- it is missing data. Flag was ABSTAINED -- 0 row(s) is under the 6-row partial-window floor.",8.0,-0.08,per_item
,PSI.TO,forensic_gap:beneish_components,no usable vendor data for: gross margin (GMI),1.0,-0.01,per_item
,PSI.TO,forensic_gap:no_verdict,"the Beneish M-score could not be formed for this name, so the manipulation assessment is ABSENT -- not clean: no usable vendor data for: gross margin (GMI)",1.0,-0.01,per_item
general,PSI.TO,stage1_veto:refused_rows,"uInterestCoverage: 6 of 8 available rows are not computable AND report a positive `totalDebt` on the SAME row, so the refusal cannot mean the flag is inapplicable to this company -- it is missing data. Flag was ABSTAINED -- 2 row(s) is under the 6-row partial-window floor.",6.0,-0.06,per_item
general,QLYS,stage1_veto:refused_rows,"uInterestCoverage: 8 of 8 available rows are not computable AND report a positive `totalDebt` on the SAME row, so the refusal cannot mean the flag is inapplicable to this company -- it is missing data. Flag was ABSTAINED -- 0 row(s) is under the 6-row partial-window floor.",8.0,-0.08,per_item
general,QSI,stage1_veto:refused_rows,"uInterestCoverage: 8 of 8 available rows are not computable AND report a positive `totalDebt` on the SAME row, so the refusal cannot mean the flag is inapplicable to this company -- it is missing data. Flag was ABSTAINED -- 0 row(s) is under the 6-row partial-window floor.",8.0,-0.08,per_item
general,RCAT,stage1_veto:refused_rows,"uInterestCoverage: 8 of 8 available rows are not computable AND report a positive `totalDebt` on the SAME row, so the refusal cannot mean the flag is inapplicable to this company -- it is missing data. Flag was ABSTAINED -- 0 row(s) is under the 6-row partial-window floor.",8.0,-0.08,per_item
general,RDVT,stage1_veto:refused_rows,"uInterestCoverage: 8 of 8 available rows are not computable AND report a positive `totalDebt` on the SAME row, so the refusal cannot mean the flag is inapplicable to this company -- it is missing data. Flag was ABSTAINED -- 0 row(s) is under the 6-row partial-window floor.",8.0,-0.08,per_item
general,RDWR,stage1_veto:refused_rows,"uInterestCoverage: 8 of 8 available rows are not computable AND report a positive `totalDebt` on the SAME row, so the refusal cannot mean the flag is inapplicable to this company -- it is missing data. Flag was ABSTAINED -- 0 row(s) is under the 6-row partial-window floor.",8.0,-0.08,per_item
general,RHI,stage1_veto:refused_rows,"uInterestCoverage: 8 of 8 available rows are not computable AND report a positive `totalDebt` on the SAME row, so the refusal cannot mean the flag is inapplicable to this company -- it is missing data. Flag was ABSTAINED -- 0 row(s) is under the 6-row partial-window floor.",8.0,-0.08,per_item
general,RUM,stage1_veto:refused_rows,"uInterestCoverage: 8 of 8 available rows are not computable AND report a positive `totalDebt` on the SAME row, so the refusal cannot mean the flag is inapplicable to this company -- it is missing data. Flag was ABSTAINED -- 0 row(s) is under the 6-row partial-window floor.",8.0,-0.08,per_item
general,RYAAY,stage1_veto:refused_rows,"uInterestCoverage: 8 of 8 available rows are not computable AND report a positive `totalDebt` on the SAME row, so the refusal cannot mean the flag is inapplicable to this company -- it is missing data. Flag was ABSTAINED -- 0 row(s) is under the 6-row partial-window floor.",8.0,-0.08,per_item
general,SANA,stage1_veto:refused_rows,"uInterestCoverage: 8 of 8 available rows are not computable AND report a positive `totalDebt` on the SAME row, so the refusal cannot mean the flag is inapplicable to this company -- it is missing data. Flag was ABSTAINED -- 0 row(s) is under the 6-row partial-window floor.",8.0,-0.08,per_item
general,SEER,stage1_veto:refused_rows,"uInterestCoverage: 8 of 8 available rows are not computable AND report a positive `totalDebt` on the SAME row, so the refusal cannot mean the flag is inapplicable to this company -- it is missing data. Flag was ABSTAINED -- 0 row(s) is under the 6-row partial-window floor.",8.0,-0.08,per_item
general,SFIX,stage1_veto:refused_rows,"uInterestCoverage: 8 of 8 available rows are not computable AND report a positive `totalDebt` on the SAME row, so the refusal cannot mean the flag is inapplicable to this company -- it is missing data. Flag was ABSTAINED -- 0 row(s) is under the 6-row partial-window floor.",8.0,-0.08,per_item
general,SHOP,stage1_veto:refused_rows,"uInterestCoverage: 8 of 8 available rows are not computable AND report a positive `totalDebt` on the SAME row, so the refusal cannot mean the flag is inapplicable to this company -- it is missing data. Flag was ABSTAINED -- 0 row(s) is under the 6-row partial-window floor.",8.0,-0.08,per_item
general,SILC,stage1_veto:refused_rows,"uInterestCoverage: 8 of 8 available rows are not computable AND report a positive `totalDebt` on the SAME row, so the refusal cannot mean the flag is inapplicable to this company -- it is missing data. Flag was ABSTAINED -- 0 row(s) is under the 6-row partial-window floor.",8.0,-0.08,per_item
general,SLP,stage1_veto:refused_rows,"uInterestCoverage: 8 of 8 available rows are not computable AND report a positive `totalDebt` on the SAME row, so the refusal cannot mean the flag is inapplicable to this company -- it is missing data. Flag was ABSTAINED -- 0 row(s) is under the 6-row partial-window floor.",8.0,-0.08,per_item
general,SPSC,stage1_veto:refused_rows,"uInterestCoverage: 8 of 8 available rows are not computable AND report a positive `totalDebt` on the SAME row, so the refusal cannot mean the flag is inapplicable to this company -- it is missing data. Flag was ABSTAINED -- 0 row(s) is under the 6-row partial-window floor.",8.0,-0.08,per_item
general,SRTA,stage1_veto:refused_rows,"uInterestCoverage: 8 of 8 available rows are not computable AND report a positive `totalDebt` on the SAME row, so the refusal cannot mean the flag is inapplicable to this company -- it is missing data. Flag was ABSTAINED -- 0 row(s) is under the 6-row partial-window floor.",8.0,-0.08,per_item
general,TARA,stage1_veto:refused_rows,"uInterestCoverage: 8 of 8 available rows are not computable AND report a positive `totalDebt` on the SAME row, so the refusal cannot mean the flag is inapplicable to this company -- it is missing data. Flag was ABSTAINED -- 0 row(s) is under the 6-row partial-window floor.",8.0,-0.08,per_item
FinManager,TOP,stage1_veto:refused_rows,"uInterestCoverage: 8 of 8 available rows are not computable AND report a positive `totalDebt` on the SAME row, so the refusal cannot mean the flag is inapplicable to this company -- it is missing data. Flag was ABSTAINED -- 0 row(s) is under the 6-row partial-window floor.",8.0,-0.08,per_item
FinManager,TROW,stage1_veto:refused_rows,"uInterestCoverage: 8 of 8 available rows are not computable AND report a positive `totalDebt` on the SAME row, so the refusal cannot mean the flag is inapplicable to this company -- it is missing data. Flag was ABSTAINED -- 0 row(s) is under the 6-row partial-window floor.",8.0,-0.08,per_item
general,TSEM,stage1_veto:refused_rows,"uInterestCoverage: 8 of 8 available rows are not computable AND report a positive `totalDebt` on the SAME row, so the refusal cannot mean the flag is inapplicable to this company -- it is missing data. Flag was ABSTAINED -- 0 row(s) is under the 6-row partial-window floor.",8.0,-0.08,per_item
general,TYRA,stage1_veto:refused_rows,"uInterestCoverage: 8 of 8 available rows are not computable AND report a positive `totalDebt` on the SAME row, so the refusal cannot mean the flag is inapplicable to this company -- it is missing data. Flag was ABSTAINED -- 0 row(s) is under the 6-row partial-window floor.",8.0,-0.08,per_item
general,VEEV,stage1_veto:refused_rows,"uInterestCoverage: 8 of 8 available rows are not computable AND report a positive `totalDebt` on the SAME row, so the refusal cannot mean the flag is inapplicable to this company -- it is missing data. Flag was ABSTAINED -- 0 row(s) is under the 6-row partial-window floor.",8.0,-0.08,per_item
general,VERX,stage1_veto:refused_rows,"uInterestCoverage: 8 of 8 available rows are not computable AND report a positive `totalDebt` on the SAME row, so the refusal cannot mean the flag is inapplicable to this company -- it is missing data. Flag was ABSTAINED -- 0 row(s) is under the 6-row partial-window floor.",8.0,-0.08,per_item
general,WRBY,stage1_veto:refused_rows,"uInterestCoverage: 8 of 8 available rows are not computable AND report a positive `totalDebt` on the SAME row, so the refusal cannot mean the flag is inapplicable to this company -- it is missing data. Flag was ABSTAINED -- 0 row(s) is under the 6-row partial-window floor.",8.0,-0.08,per_item
general,ASML.AS,stage1_veto:refused_rows,"uInterestCoverage: 7 of 8 available rows are not computable AND report a positive `totalDebt` on the SAME row, so the refusal cannot mean the flag is inapplicable to this company -- it is missing data. Flag was ABSTAINED -- 1 row(s) is under the 6-row partial-window floor.",7.0,-0.07,per_item
general,BEAM,stage1_veto:refused_rows,"uInterestCoverage: 7 of 8 available rows are not computable AND report a positive `totalDebt` on the SAME row, so the refusal cannot mean the flag is inapplicable to this company -- it is missing data. Flag was ABSTAINED -- 1 row(s) is under the 6-row partial-window floor.",7.0,-0.07,per_item
general,CAMT,stage1_veto:refused_rows,"uInterestCoverage: 7 of 8 available rows are not computable AND report a positive `totalDebt` on the SAME row, so the refusal cannot mean the flag is inapplicable to this company -- it is missing data. Flag was ABSTAINED -- 1 row(s) is under the 6-row partial-window floor.",7.0,-0.07,per_item
general,CLBT,stage1_veto:refused_rows,"uInterestCoverage: 7 of 8 available rows are not computable AND report a positive `totalDebt` on the SAME row, so the refusal cannot mean the flag is inapplicable to this company -- it is missing data. Flag was ABSTAINED -- 1 row(s) is under the 6-row partial-window floor.",7.0,-0.07,per_item
general,CODA,stage1_veto:refused_rows,"uInterestCoverage: 7 of 8 available rows are not computable AND report a positive `totalDebt` on the SAME row, so the refusal cannot mean the flag is inapplicable to this company -- it is missing data. Flag was ABSTAINED -- 0 row(s) is under the 6-row partial-window floor.",7.0,-0.07,per_item
general,DLB,stage1_veto:refused_rows,"uInterestCoverage: 7 of 8 available rows are not computable AND report a positive `totalDebt` on the SAME row, so the refusal cannot mean the flag is inapplicable to this company -- it is missing data. Flag was ABSTAINED -- 1 row(s) is under the 6-row partial-window floor.",7.0,-0.07,per_item
general,DNA,stage1_veto:refused_rows,"uInterestCoverage: 7 of 8 available rows are not computable AND report a positive `totalDebt` on the SAME row, so the refusal cannot mean the flag is inapplicable to this company -- it is missing data. Flag was ABSTAINED -- 1 row(s) is under the 6-row partial-window floor.",7.0,-0.07,per_item
,EVO.ST,forensic_gap:beneish_components,no usable vendor data for: gross margin (GMI),1.0,-0.01,per_item
,EVO.ST,forensic_gap:no_verdict,"the Beneish M-score could not be formed for this name, so the manipulation assessment is ABSENT -- not clean: no usable vendor data for: gross margin (GMI)",1.0,-0.01,per_item
general,EVO.ST,stage1_veto:refused_rows,"uInterestCoverage: 5 of 8 available rows are not computable AND report a positive `totalDebt` on the SAME row, so the refusal cannot mean the flag is inapplicable to this company -- it is missing data. Flag was ABSTAINED -- 3 row(s) is under the 6-row partial-window floor.",5.0,-0.05,per_item
general,GKP.L,stage1_veto:refused_rows,"uInterestCoverage: 7 of 8 available rows are not computable AND report a positive `totalDebt` on the SAME row, so the refusal cannot mean the flag is inapplicable to this company -- it is missing data. Flag was ABSTAINED -- 1 row(s) is under the 6-row partial-window floor.",7.0,-0.07,per_item
general,NICE,stage1_veto:refused_rows,"uInterestCoverage: 7 of 8 available rows are not computable AND report a positive `totalDebt` on the SAME row, so the refusal cannot mean the flag is inapplicable to this company -- it is missing data. Flag was ABSTAINED -- 1 row(s) is under the 6-row partial-window floor.",7.0,-0.07,per_item
general,ORGO,stage1_veto:refused_rows,"uInterestCoverage: 7 of 8 available rows are not computable AND report a positive `totalDebt` on the SAME row, so the refusal cannot mean the flag is inapplicable to this company -- it is missing data. Flag was ABSTAINED -- 1 row(s) is under the 6-row partial-window floor.",7.0,-0.07,per_item
general,OUST,stage1_veto:refused_rows,"uInterestCoverage: 7 of 8 available rows are not computable AND report a positive `totalDebt` on the SAME row, so the refusal cannot mean the flag is inapplicable to this company -- it is missing data. Flag was ABSTAINED -- 1 row(s) is under the 6-row partial-window floor.",7.0,-0.07,per_item
,P911.DE,forensic_gap:beneish_components,"no usable vendor data for: gross margin (GMI), SG&A intensity (SGAI)",2.0,-0.02,per_item
,P911.DE,forensic_gap:no_verdict,"the Beneish M-score could not be formed for this name, so the manipulation assessment is ABSENT -- not clean: no usable vendor data for: gross margin (GMI), SG&A intensity (SGAI)",1.0,-0.01,per_item
general,P911.DE,stage1_veto:refused_rows,"uInterestCoverage: 4 of 8 available rows are not computable AND report a positive `totalDebt` on the SAME row, so the refusal cannot mean the flag is inapplicable to this company -- it is missing data. Flag was ABSTAINED -- 4 row(s) is under the 6-row partial-window floor.",4.0,-0.04,per_item
general,RSI,stage1_veto:refused_rows,"uInterestCoverage: 7 of 8 available rows are not computable AND report a positive `totalDebt` on the SAME row, so the refusal cannot mean the flag is inapplicable to this company -- it is missing data. Flag was ABSTAINED -- 1 row(s) is under the 6-row partial-window floor.",7.0,-0.07,per_item
,SECT-B.ST,forensic_gap:beneish_components,no usable vendor data for: SG&A intensity (SGAI),1.0,-0.01,per_item
,SECT-B.ST,forensic_gap:no_verdict,"the Beneish M-score could not be formed for this name, so the manipulation assessment is ABSENT -- not clean: no usable vendor data for: SG&A intensity (SGAI)",1.0,-0.01,per_item
general,SECT-B.ST,stage1_veto:refused_rows,"uInterestCoverage: 5 of 8 available rows are not computable AND report a positive `totalDebt` on the SAME row, so the refusal cannot mean the flag is inapplicable to this company -- it is missing data. Flag was ABSTAINED -- 3 row(s) is under the 6-row partial-window floor.",5.0,-0.05,per_item
,TONX,forensic_gap:beneish_components,no usable vendor data for: receivables days (DSRI),1.0,-0.01,per_item
,TONX,forensic_gap:no_verdict,"the Beneish M-score could not be formed for this name, so the manipulation assessment is ABSENT -- not clean: no usable vendor data for: receivables days (DSRI)",1.0,-0.01,per_item
general,TONX,stage1_veto:refused_rows,"uInterestCoverage: 5 of 8 available rows are not computable AND report a positive `totalDebt` on the SAME row, so the refusal cannot mean the flag is inapplicable to this company -- it is missing data. Flag was ABSTAINED -- 3 row(s) is under the 6-row partial-window floor.",5.0,-0.05,per_item
general,VERU,stage1_veto:refused_rows,"uInterestCoverage: 7 of 8 available rows are not computable AND report a positive `totalDebt` on the SAME row, so the refusal cannot mean the flag is inapplicable to this company -- it is missing data. Flag was ABSTAINED -- 1 row(s) is under the 6-row partial-window floor.",7.0,-0.07,per_item
,YUBICO.ST,forensic_gap:beneish_components,no usable vendor data for: depreciation rate (DEPI),1.0,-0.01,per_item
,YUBICO.ST,forensic_gap:no_verdict,"the Beneish M-score could not be formed for this name, so the manipulation assessment is ABSENT -- not clean: no usable vendor data for: depreciation rate (DEPI)",1.0,-0.01,per_item
general,YUBICO.ST,stage1_veto:refused_rows,"uInterestCoverage: 5 of 8 available rows are not computable AND report a positive `totalDebt` on the SAME row, so the refusal cannot mean the flag is inapplicable to this company -- it is missing data. Flag was ABSTAINED -- 3 row(s) is under the 6-row partial-window floor.",5.0,-0.05,per_item
general,ZYME,stage1_veto:refused_rows,"uInterestCoverage: 7 of 8 available rows are not computable AND report a positive `totalDebt` on the SAME row, so the refusal cannot mean the flag is inapplicable to this company -- it is missing data. Flag was ABSTAINED -- 1 row(s) is under the 6-row partial-window floor.",7.0,-0.07,per_item
general,0NMK.L,stage1_veto:refused_rows,"uInterestCoverage: 6 of 8 available rows are not computable AND report a positive `totalDebt` on the SAME row, so the refusal cannot mean the flag is inapplicable to this company -- it is missing data. Flag was ABSTAINED -- 2 row(s) is under the 6-row partial-window floor.",6.0,-0.06,per_item
,377300.KS,forensic_gap:beneish_components,no usable vendor data for: gross margin (GMI),1.0,-0.01,per_item
,377300.KS,forensic_gap:no_verdict,"the Beneish M-score could not be formed for this name, so the manipulation assessment is ABSENT -- not clean: no usable vendor data for: gross margin (GMI)",1.0,-0.01,per_item
general,377300.KS,stage1_veto:refused_rows,"uInterestCoverage: 4 of 8 available rows are not computable AND report a positive `totalDebt` on the SAME row, so the refusal cannot mean the flag is inapplicable to this company -- it is missing data. Flag was ABSTAINED -- 4 row(s) is under the 6-row partial-window floor.",4.0,-0.04,per_item
general,ADSK,stage1_veto:refused_rows,"uInterestCoverage: 6 of 8 available rows are not computable AND report a positive `totalDebt` on the SAME row, so the refusal cannot mean the flag is inapplicable to this company -- it is missing data. Flag was ABSTAINED -- 2 row(s) is under the 6-row partial-window floor.",6.0,-0.06,per_item
,AL2SI.PA,forensic_gap:beneish_components,no usable vendor data for: receivables days (DSRI),1.0,-0.01,per_item
,AL2SI.PA,forensic_gap:no_verdict,"the Beneish M-score could not be formed for this name, so the manipulation assessment is ABSENT -- not clean: no usable vendor data for: receivables days (DSRI)",1.0,-0.01,per_item
general,AL2SI.PA,stage1_veto:refused_rows,"uInterestCoverage: 4 of 8 available rows are not computable AND report a positive `totalDebt` on the SAME row, so the refusal cannot mean the flag is inapplicable to this company -- it is missing data. Flag was ABSTAINED -- 3 row(s) is under the 6-row partial-window floor.",4.0,-0.04,per_item
FinManager,BTBT,stage1_veto:refused_rows,"uInterestCoverage: 6 of 8 available rows are not computable AND report a positive `totalDebt` on the SAME row, so the refusal cannot mean the flag is inapplicable to this company -- it is missing data. Flag was ABSTAINED -- 2 row(s) is under the 6-row partial-window floor.",6.0,-0.06,per_item
general,CLMB,stage1_veto:refused_rows,"uInterestCoverage: 6 of 8 available rows are not computable AND report a positive `totalDebt` on the SAME row, so the refusal cannot mean the flag is inapplicable to this company -- it is missing data. Flag was ABSTAINED -- 2 row(s) is under the 6-row partial-window floor.",6.0,-0.06,per_item
,CORZ,forensic_gap:beneish_components,"no usable vendor data for: receivables days (DSRI), gross margin (GMI)",2.0,-0.02,per_item
,CORZ,forensic_gap:no_verdict,"the Beneish M-score could not be formed for this name, so the manipulation assessment is ABSENT -- not clean: no usable vendor data for: receivables days (DSRI), gross margin (GMI)",1.0,-0.01,per_item
general,CORZ,stage1_veto:refused_rows,"uInterestCoverage: 3 of 8 available rows are not computable AND report a positive `totalDebt` on the SAME row, so the refusal cannot mean the flag is inapplicable to this company -- it is missing data. Flag was ABSTAINED -- 5 row(s) is under the 6-row partial-window floor.",3.0,-0.03,per_item
general,DHI,stage1_veto:refused_rows,"uInterestCoverage: 6 of 8 available rows are not computable AND report a positive `totalDebt` on the SAME row, so the refusal cannot mean the flag is inapplicable to this company -- it is missing data. Flag was ABSTAINED -- 2 row(s) is under the 6-row partial-window floor.",6.0,-0.06,per_item
general,DRTS,stage1_veto:refused_rows,"uInterestCoverage: 6 of 8 available rows are not computable AND report a positive `totalDebt` on the SAME row, so the refusal cannot mean the flag is inapplicable to this company -- it is missing data. Flag was ABSTAINED -- 2 row(s) is under the 6-row partial-window floor.",6.0,-0.06,per_item
general,EMEIS.PA,stage1_veto:refused_rows,"uInterestCoverage: 6 of 8 available rows are not computable AND report a positive `totalDebt` on the SAME row, so the refusal cannot mean the flag is inapplicable to this company -- it is missing data. Flag was ABSTAINED -- 2 row(s) is under the 6-row partial-window floor.",6.0,-0.06,per_item
general,EPRX,stage1_veto:refused_rows,"uInterestCoverage: 6 of 8 available rows are not computable AND report a positive `totalDebt` on the SAME row, so the refusal cannot mean the flag is inapplicable to this company -- it is missing data. Flag was ABSTAINED -- 2 row(s) is under the 6-row partial-window floor.",6.0,-0.06,per_item
general,FOUR.L,stage1_veto:refused_rows,"uInterestCoverage: 6 of 8 available rows are not computable AND report a positive `totalDebt` on the SAME row, so the refusal cannot mean the flag is inapplicable to this company -- it is missing data. Flag was ABSTAINED -- 2 row(s) is under the 6-row partial-window floor.",6.0,-0.06,per_item
general,GMED,stage1_veto:refused_rows,"uInterestCoverage: 6 of 8 available rows are not computable AND report a positive `totalDebt` on the SAME row, so the refusal cannot mean the flag is inapplicable to this company -- it is missing data. Flag was ABSTAINED -- 2 row(s) is under the 6-row partial-window floor.",6.0,-0.06,per_item
general,LSCC,stage1_veto:refused_rows,"uInterestCoverage: 6 of 8 available rows are not computable AND report a positive `totalDebt` on the SAME row, so the refusal cannot mean the flag is inapplicable to this company -- it is missing data. Flag was ABSTAINED -- 2 row(s) is under the 6-row partial-window floor.",6.0,-0.06,per_item
general,MIPS.ST,stage1_veto:refused_rows,"uInterestCoverage: 6 of 8 available rows are not computable AND report a positive `totalDebt` on the SAME row, so the refusal cannot mean the flag is inapplicable to this company -- it is missing data. Flag was ABSTAINED -- 2 row(s) is under the 6-row partial-window floor.",6.0,-0.06,per_item
general,MPE.L,stage1_veto:refused_rows,"uInterestCoverage: 6 of 8 available rows are not computable AND report a positive `totalDebt` on the SAME row, so the refusal cannot mean the flag is inapplicable to this company -- it is missing data. Flag was ABSTAINED -- 2 row(s) is under the 6-row partial-window floor.",6.0,-0.06,per_item
general,MYCR.ST,stage1_veto:refused_rows,"uInterestCoverage: 6 of 8 available rows are not computable AND report a positive `totalDebt` on the SAME row, so the refusal cannot mean the flag is inapplicable to this company -- it is missing data. Flag was ABSTAINED -- 2 row(s) is under the 6-row partial-window floor.",6.0,-0.06,per_item
,OEM-B.ST,forensic_gap:beneish_components,no usable vendor data for: SG&A intensity (SGAI),1.0,-0.01,per_item
,OEM-B.ST,forensic_gap:no_verdict,"the Beneish M-score could not be formed for this name, so the manipulation assessment is ABSENT -- not clean: no usable vendor data for: SG&A intensity (SGAI)",1.0,-0.01,per_item
general,OEM-B.ST,stage1_veto:refused_rows,"uInterestCoverage: 4 of 8 available rows are not computable AND report a positive `totalDebt` on the SAME row, so the refusal cannot mean the flag is inapplicable to this company -- it is missing data. Flag was ABSTAINED -- 4 row(s) is under the 6-row partial-window floor.",4.0,-0.04,per_item
general,OOMA,stage1_veto:refused_rows,"uInterestCoverage: 6 of 8 available rows are not computable AND report a positive `totalDebt` on the SAME row, so the refusal cannot mean the flag is inapplicable to this company -- it is missing data. Flag was ABSTAINED -- 2 row(s) is under the 6-row partial-window floor.",6.0,-0.06,per_item
general,OSPN,stage1_veto:refused_rows,"uInterestCoverage: 6 of 8 available rows are not computable AND report a positive `totalDebt` on the SAME row, so the refusal cannot mean the flag is inapplicable to this company -- it is missing data. Flag was ABSTAINED -- 2 row(s) is under the 6-row partial-window floor.",6.0,-0.06,per_item
general,PCAR,stage1_veto:refused_rows,"uInterestCoverage: 6 of 8 available rows are not computable AND report a positive `totalDebt` on the SAME row, so the refusal cannot mean the flag is inapplicable to this company -- it is missing data. Flag was ABSTAINED -- 2 row(s) is under the 6-row partial-window floor.",6.0,-0.06,per_item
general,SMMT,stage1_veto:refused_rows,"uInterestCoverage: 6 of 8 available rows are not computable AND report a positive `totalDebt` on the SAME row, so the refusal cannot mean the flag is inapplicable to this company -- it is missing data. Flag was ABSTAINED -- 2 row(s) is under the 6-row partial-window floor.",6.0,-0.06,per_item
general,SPRY,stage1_veto:refused_rows,"uInterestCoverage: 6 of 8 available rows are not computable AND report a positive `totalDebt` on the SAME row, so the refusal cannot mean the flag is inapplicable to this company -- it is missing data. Flag was ABSTAINED -- 2 row(s) is under the 6-row partial-window floor.",6.0,-0.06,per_item
general,TOM2.AS,stage1_veto:refused_rows,"uInterestCoverage: 6 of 8 available rows are not computable AND report a positive `totalDebt` on the SAME row, so the refusal cannot mean the flag is inapplicable to this company -- it is missing data. Flag was ABSTAINED -- 2 row(s) is under the 6-row partial-window floor.",6.0,-0.06,per_item
general,TRVI,stage1_veto:refused_rows,"uInterestCoverage: 6 of 8 available rows are not computable AND report a positive `totalDebt` on the SAME row, so the refusal cannot mean the flag is inapplicable to this company -- it is missing data. Flag was ABSTAINED -- 2 row(s) is under the 6-row partial-window floor.",6.0,-0.06,per_item
,TUB.BR,forensic_gap:beneish_components,"no usable vendor data for: receivables days (DSRI), gross margin (GMI), sales growth (SGI), SG&A intensity (SGAI)",3.0,-0.03,per_item
,TUB.BR,forensic_gap:no_verdict,"the Beneish M-score could not be formed for this name, so the manipulation assessment is ABSENT -- not clean: no usable vendor data for: receivables days (DSRI), gross margin (GMI), sales growth (SGI), SG&A intensity (SGAI)",1.0,-0.01,per_item
general,TUB.BR,stage1_veto:refused_rows,"uInterestCoverage: 2 of 8 available rows are not computable AND report a positive `totalDebt` on the SAME row, so the refusal cannot mean the flag is inapplicable to this company -- it is missing data. Flag was ABSTAINED -- 5 row(s) is under the 6-row partial-window floor.",2.0,-0.02,per_item
general,VTEX,stage1_veto:refused_rows,"uInterestCoverage: 6 of 8 available rows are not computable AND report a positive `totalDebt` on the SAME row, so the refusal cannot mean the flag is inapplicable to this company -- it is missing data. Flag was ABSTAINED -- 2 row(s) is under the 6-row partial-window floor.",6.0,-0.06,per_item
REIT,XIOR.BR,stage1_veto:refused_rows,"reitEbitdaInterestCoverage: 6 of 8 available rows are not computable AND report a positive `totalDebt` on the SAME row, so the refusal cannot mean the flag is inapplicable to this company -- it is missing data. Flag was ABSTAINED -- 2 row(s) is under the 6-row partial-window floor.",6.0,-0.06,per_item
,AKSO.OL,forensic_gap:beneish_components,no usable vendor data for: SG&A intensity (SGAI),1.0,-0.01,per_item
,AKSO.OL,forensic_gap:no_verdict,"the Beneish M-score could not be formed for this name, so the manipulation assessment is ABSENT -- not clean: no usable vendor data for: SG&A intensity (SGAI)",1.0,-0.01,per_item
general,AKSO.OL,stage1_veto:refused_rows,"uInterestCoverage: 3 of 8 available rows are not computable AND report a positive `totalDebt` on the SAME row, so the refusal cannot mean the flag is inapplicable to this company -- it is missing data. Flag was ABSTAINED -- 5 row(s) is under the 6-row partial-window floor.",3.0,-0.03,per_item
,AQ.ST,forensic_gap:beneish_components,no usable vendor data for: SG&A intensity (SGAI),1.0,-0.01,per_item
,AQ.ST,forensic_gap:no_verdict,"the Beneish M-score could not be formed for this name, so the manipulation assessment is ABSENT -- not clean: no usable vendor data for: SG&A intensity (SGAI)",1.0,-0.01,per_item
general,AQ.ST,stage1_veto:refused_rows,"uInterestCoverage: 3 of 8 available rows are not computable AND report a positive `totalDebt` on the SAME row, so the refusal cannot mean the flag is inapplicable to this company -- it is missing data. Flag was ABSTAINED -- 5 row(s) is under the 6-row partial-window floor.",3.0,-0.03,per_item
general,ATEN,stage1_veto:refused_rows,"uInterestCoverage: 5 of 8 available rows are not computable AND report a positive `totalDebt` on the SAME row, so the refusal cannot mean the flag is inapplicable to this company -- it is missing data. Flag was ABSTAINED -- 3 row(s) is under the 6-row partial-window floor.",5.0,-0.05,per_item
,BOL.PA,forensic_gap:beneish_components,"no usable vendor data for: receivables days (DSRI), gross margin (GMI)",2.0,-0.02,per_item
,BOL.PA,forensic_gap:no_verdict,"the Beneish M-score could not be formed for this name, so the manipulation assessment is ABSENT -- not clean: no usable vendor data for: receivables days (DSRI), gross margin (GMI)",1.0,-0.01,per_item
general,BOL.PA,stage1_veto:refused_rows,"uInterestCoverage: 2 of 8 available rows are not computable AND report a positive `totalDebt` on the SAME row, so the refusal cannot mean the flag is inapplicable to this company -- it is missing data. Flag was JUDGED on the 6 row(s) that compute.",2.0,-0.02,per_item
general,CDXS,stage1_veto:refused_rows,"uInterestCoverage: 5 of 8 available rows are not computable AND report a positive `totalDebt` on the SAME row, so the refusal cannot mean the flag is inapplicable to this company -- it is missing data. Flag was ABSTAINED -- 3 row(s) is under the 6-row partial-window floor.",5.0,-0.05,per_item
REIT,CUBE,stage1_veto:refused_rows,"reitEbitdaInterestCoverage: 5 of 8 available rows are not computable AND report a positive `totalDebt` on the SAME row, so the refusal cannot mean the flag is inapplicable to this company -- it is missing data. Flag was ABSTAINED -- 3 row(s) is under the 6-row partial-window floor.",5.0,-0.05,per_item
general,DBV.PA,stage1_veto:refused_rows,"uInterestCoverage: 5 of 8 available rows are not computable AND report a positive `totalDebt` on the SAME row, so the refusal cannot mean the flag is inapplicable to this company -- it is missing data. Flag was ABSTAINED -- 3 row(s) is under the 6-row partial-window floor.",5.0,-0.05,per_item
general,EME,stage1_veto:refused_rows,"uInterestCoverage: 5 of 8 available rows are not computable AND report a positive `totalDebt` on the SAME row, so the refusal cannot mean the flag is inapplicable to this company -- it is missing data. Flag was ABSTAINED -- 3 row(s) is under the 6-row partial-window floor.",5.0,-0.05,per_item
general,ENQ.L,stage1_veto:refused_rows,"uInterestCoverage: 5 of 8 available rows are not computable AND report a positive `totalDebt` on the SAME row, so the refusal cannot mean the flag is inapplicable to this company -- it is missing data. Flag was ABSTAINED -- 3 row(s) is under the 6-row partial-window floor.",5.0,-0.05,per_item
general,GTT.PA,stage1_veto:refused_rows,"uInterestCoverage: 5 of 8 available rows are not computable AND report a positive `totalDebt` on the SAME row, so the refusal cannot mean the flag is inapplicable to this company -- it is missing data. Flag was ABSTAINED -- 3 row(s) is under the 6-row partial-window floor.",5.0,-0.05,per_item
general,HIK.L,stage1_veto:refused_rows,"uInterestCoverage: 5 of 8 available rows are not computable AND report a positive `totalDebt` on the SAME row, so the refusal cannot mean the flag is inapplicable to this company -- it is missing data. Flag was ABSTAINED -- 3 row(s) is under the 6-row partial-window floor.",5.0,-0.05,per_item
,IVSO.ST,forensic_gap:beneish_components,no usable vendor data for: SG&A intensity (SGAI),1.0,-0.01,per_item
,IVSO.ST,forensic_gap:no_verdict,"the Beneish M-score could not be formed for this name, so the manipulation assessment is ABSENT -- not clean: no usable vendor data for: SG&A intensity (SGAI)",1.0,-0.01,per_item
general,IVSO.ST,stage1_veto:refused_rows,"uInterestCoverage: 3 of 8 available rows are not computable AND report a positive `totalDebt` on the SAME row, so the refusal cannot mean the flag is inapplicable to this company -- it is missing data. Flag was ABSTAINED -- 5 row(s) is under the 6-row partial-window floor.",3.0,-0.03,per_item
,KIT.OL,forensic_gap:beneish_components,"no usable vendor data for: receivables days (DSRI), gross margin (GMI), SG&A intensity (SGAI)",3.0,-0.03,per_item
,KIT.OL,forensic_gap:no_verdict,"the Beneish M-score could not be formed for this name, so the manipulation assessment is ABSENT -- not clean: no usable vendor data for: receivables days (DSRI), gross margin (GMI), SG&A intensity (SGAI)",1.0,-0.01,per_item
general,KIT.OL,stage1_veto:refused_rows,"uInterestCoverage: 1 of 8 available rows are not computable AND report a positive `totalDebt` on the SAME row, so the refusal cannot mean the flag is inapplicable to this company -- it is missing data. Flag was JUDGED on the 7 row(s) that compute.",1.0,-0.01,per_item
,KSPI,forensic_gap:no_verdict,"the Beneish M-score could not be formed for this name, so the manipulation assessment is ABSENT -- not clean: fewer than half the trailing-year periods are computable (0 of 4), so the mean would not be a trailing-year mean",1.0,-0.01,per_item
general,KSPI,stage1_veto:refused_rows,"uInterestCoverage: 4 of 8 available rows are not computable AND report a positive `totalDebt` on the SAME row, so the refusal cannot mean the flag is inapplicable to this company -- it is missing data. Flag was ABSTAINED -- 4 row(s) is under the 6-row partial-window floor.",4.0,-0.04,per_item
,LAC.TO,forensic_gap:beneish_components,"no usable vendor data for: receivables days (DSRI), gross margin (GMI), sales growth (SGI), depreciation rate (DEPI), SG&A intensity (SGAI)",3.0,-0.03,per_item
,LAC.TO,forensic_gap:no_verdict,"the Beneish M-score could not be formed for this name, so the manipulation assessment is ABSENT -- not clean: no usable vendor data for: receivables days (DSRI), gross margin (GMI), sales growth (SGI), depreciation rate (DEPI), SG&A intensity (SGAI)",1.0,-0.01,per_item
Mining,LAC.TO,stage1_veto:refused_rows,"producerEbitdaPositive: 1 of 8 available rows are not computable AND report no `revenue` figure at all, or a NEGATIVE one on the SAME row, so the refusal cannot mean the flag is inapplicable to this company -- it is missing data. Flag was ABSTAINED -- 0 row(s) is under the 6-row partial-window floor.",1.0,-0.01,per_item
REIT,LAND.L,stage1_veto:refused_rows,"reitEbitdaInterestCoverage: 5 of 8 available rows are not computable AND report a positive `totalDebt` on the SAME row, so the refusal cannot mean the flag is inapplicable to this company -- it is missing data. Flag was ABSTAINED -- 3 row(s) is under the 6-row partial-window floor.",5.0,-0.05,per_item
general,NRXP,stage1_veto:refused_rows,"uInterestCoverage: 5 of 8 available rows are not computable AND report a positive `totalDebt` on the SAME row, so the refusal cannot mean the flag is inapplicable to this company -- it is missing data. Flag was ABSTAINED -- 3 row(s) is under the 6-row partial-window floor.",5.0,-0.05,per_item
,OCI.AS,forensic_gap:beneish_components,"no usable vendor data for: receivables days (DSRI), gross margin (GMI)",2.0,-0.02,per_item
,OCI.AS,forensic_gap:no_verdict,"the Beneish M-score could not be formed for this name, so the manipulation assessment is ABSENT -- not clean: no usable vendor data for: receivables days (DSRI), gross margin (GMI)",1.0,-0.01,per_item
Mining,OCI.AS,stage1_veto:refused_rows,"producerEbitdaPositive: 2 of 8 available rows are not computable AND report no `revenue` figure at all, or a NEGATIVE one on the SAME row, so the refusal cannot mean the flag is inapplicable to this company -- it is missing data. Flag was JUDGED on the 6 row(s) that compute.",2.0,-0.02,per_item
general,PAYO,stage1_veto:refused_rows,"uInterestCoverage: 5 of 8 available rows are not computable AND report a positive `totalDebt` on the SAME row, so the refusal cannot mean the flag is inapplicable to this company -- it is missing data. Flag was ABSTAINED -- 3 row(s) is under the 6-row partial-window floor.",5.0,-0.05,per_item
general,PL,stage1_veto:refused_rows,"uInterestCoverage: 5 of 8 available rows are not computable AND report a positive `totalDebt` on the SAME row, so the refusal cannot mean the flag is inapplicable to this company -- it is missing data. Flag was ABSTAINED -- 3 row(s) is under the 6-row partial-window floor.",5.0,-0.05,per_item
,POWW,forensic_gap:beneish_components,"no usable vendor data for: receivables days (DSRI), gross margin (GMI)",2.0,-0.02,per_item
,POWW,forensic_gap:no_verdict,"the Beneish M-score could not be formed for this name, so the manipulation assessment is ABSENT -- not clean: no usable vendor data for: receivables days (DSRI), gross margin (GMI)",1.0,-0.01,per_item
general,POWW,stage1_veto:refused_rows,"uInterestCoverage: 2 of 8 available rows are not computable AND report a positive `totalDebt` on the SAME row, so the refusal cannot mean the flag is inapplicable to this company -- it is missing data. Flag was JUDGED on the 6 row(s) that compute.",2.0,-0.02,per_item
,TE.PA,forensic_gap:beneish_components,no usable vendor data for: gross margin (GMI),1.0,-0.01,per_item
,TE.PA,forensic_gap:no_verdict,"the Beneish M-score could not be formed for this name, so the manipulation assessment is ABSENT -- not clean: no usable vendor data for: gross margin (GMI)",1.0,-0.01,per_item
general,TE.PA,stage1_veto:refused_rows,"uInterestCoverage: 3 of 8 available rows are not computable AND report a positive `totalDebt` on the SAME row, so the refusal cannot mean the flag is inapplicable to this company -- it is missing data. Flag was ABSTAINED -- 5 row(s) is under the 6-row partial-window floor.",3.0,-0.03,per_item
general,VOD.L,stage1_veto:refused_rows,"uInterestCoverage: 5 of 8 available rows are not computable AND report a positive `totalDebt` on the SAME row, so the refusal cannot mean the flag is inapplicable to this company -- it is missing data. Flag was ABSTAINED -- 3 row(s) is under the 6-row partial-window floor.",5.0,-0.05,per_item
general,XVIVO.ST,stage1_veto:refused_rows,"uInterestCoverage: 5 of 8 available rows are not computable AND report a positive `totalDebt` on the SAME row, so the refusal cannot mean the flag is inapplicable to this company -- it is missing data. Flag was ABSTAINED -- 3 row(s) is under the 6-row partial-window floor.",5.0,-0.05,per_item
,035420.KS,forensic_gap:beneish_components,"no usable vendor data for: gross margin (GMI), SG&A intensity (SGAI)",2.0,-0.02,per_item
,035420.KS,forensic_gap:no_verdict,"the Beneish M-score could not be formed for this name, so the manipulation assessment is ABSENT -- not clean: no usable vendor data for: gross margin (GMI), SG&A intensity (SGAI)",1.0,-0.01,per_item
general,035420.KS,stage1_veto:refused_rows,"uInterestCoverage: 1 of 8 available rows are not computable AND report a positive `totalDebt` on the SAME row, so the refusal cannot mean the flag is inapplicable to this company -- it is missing data. Flag was JUDGED on the 7 row(s) that compute.",1.0,-0.01,per_item
,060250.KQ,forensic_gap:beneish_components,no usable vendor data for: SG&A intensity (SGAI),1.0,-0.01,per_item
,060250.KQ,forensic_gap:no_verdict,"the Beneish M-score could not be formed for this name, so the manipulation assessment is ABSENT -- not clean: no usable vendor data for: SG&A intensity (SGAI)",1.0,-0.01,per_item
general,060250.KQ,stage1_veto:refused_rows,"uInterestCoverage: 2 of 8 available rows are not computable AND report a positive `totalDebt` on the SAME row, so the refusal cannot mean the flag is inapplicable to this company -- it is missing data. Flag was JUDGED on the 6 row(s) that compute.",2.0,-0.02,per_item
,278470.KS,forensic_gap:beneish_components,"no usable vendor data for: asset quality (AQI), depreciation rate (DEPI), SG&A intensity (SGAI), leverage (LVGI)",3.0,-0.03,per_item
,278470.KS,forensic_gap:no_verdict,"the Beneish M-score could not be formed for this name, so the manipulation assessment is ABSENT -- not clean: no usable vendor data for: asset quality (AQI), depreciation rate (DEPI), SG&A intensity (SGAI), leverage (LVGI)",1.0,-0.01,per_item
,ADYEN.AS,forensic_gap:beneish_components,no usable vendor data for: SG&A intensity (SGAI),1.0,-0.01,per_item
,ADYEN.AS,forensic_gap:no_verdict,"the Beneish M-score could not be formed for this name, so the manipulation assessment is ABSENT -- not clean: no usable vendor data for: SG&A intensity (SGAI)",1.0,-0.01,per_item
general,ADYEN.AS,stage1_veto:refused_rows,"uInterestCoverage: 2 of 8 available rows are not computable AND report a positive `totalDebt` on the SAME row, so the refusal cannot mean the flag is inapplicable to this company -- it is missing data. Flag was JUDGED on the 6 row(s) that compute.",2.0,-0.02,per_item
REIT,AED.BR,stage1_veto:refused_rows,"reitEbitdaInterestCoverage: 4 of 8 available rows are not computable AND report a positive `totalDebt` on the SAME row, so the refusal cannot mean the flag is inapplicable to this company -- it is missing data. Flag was ABSTAINED -- 4 row(s) is under the 6-row partial-window floor.",4.0,-0.04,per_item
,AKER.OL,forensic_gap:beneish_components,"no usable vendor data for: gross margin (GMI), SG&A intensity (SGAI)",2.0,-0.02,per_item
,AKER.OL,forensic_gap:no_verdict,"the Beneish M-score could not be formed for this name, so the manipulation assessment is ABSENT -- not clean: no usable vendor data for: gross margin (GMI), SG&A intensity (SGAI)",1.0,-0.01,per_item
general,AKER.OL,stage1_veto:refused_rows,"uInterestCoverage: 1 of 8 available rows are not computable AND report a positive `totalDebt` on the SAME row, so the refusal cannot mean the flag is inapplicable to this company -- it is missing data. Flag was JUDGED on the 7 row(s) that compute.",1.0,-0.01,per_item
general,AOUT,stage1_veto:refused_rows,"uInterestCoverage: 4 of 8 available rows are not computable AND report a positive `totalDebt` on the SAME row, so the refusal cannot mean the flag is inapplicable to this company -- it is missing data. Flag was ABSTAINED -- 4 row(s) is under the 6-row partial-window floor.",4.0,-0.04,per_item
,APAM.AS,forensic_gap:beneish_components,"no usable vendor data for: receivables days (DSRI), gross margin (GMI), SG&A intensity (SGAI)",3.0,-0.03,per_item
,APAM.AS,forensic_gap:no_verdict,"the Beneish M-score could not be formed for this name, so the manipulation assessment is ABSENT -- not clean: no usable vendor data for: receivables days (DSRI), gross margin (GMI), SG&A intensity (SGAI)",1.0,-0.01,per_item
,ATX.TO,forensic_gap:beneish_components,"no usable vendor data for: receivables days (DSRI), gross margin (GMI), sales growth (SGI), SG&A intensity (SGAI)",3.0,-0.03,per_item
,ATX.TO,forensic_gap:no_verdict,"the Beneish M-score could not be formed for this name, so the manipulation assessment is ABSENT -- not clean: no usable vendor data for: receivables days (DSRI), gross margin (GMI), sales growth (SGI), SG&A intensity (SGAI)",1.0,-0.01,per_item
REIT,BALD-B.ST,stage1_veto:refused_rows,"reitEbitdaInterestCoverage: 4 of 8 available rows are not computable AND report a positive `totalDebt` on the SAME row, so the refusal cannot mean the flag is inapplicable to this company -- it is missing data. Flag was ABSTAINED -- 4 row(s) is under the 6-row partial-window floor.",4.0,-0.04,per_item
general,BONEX.ST,stage1_veto:refused_rows,"uInterestCoverage: 4 of 8 available rows are not computable AND report a positive `totalDebt` on the SAME row, so the refusal cannot mean the flag is inapplicable to this company -- it is missing data. Flag was ABSTAINED -- 4 row(s) is under the 6-row partial-window floor.",4.0,-0.04,per_item
,CHG.L,forensic_gap:beneish_components,"no usable vendor data for: gross margin (GMI), SG&A intensity (SGAI)",2.0,-0.02,per_item
,CHG.L,forensic_gap:no_verdict,"the Beneish M-score could not be formed for this name, so the manipulation assessment is ABSENT -- not clean: no usable vendor data for: gross margin (GMI), SG&A intensity (SGAI)",1.0,-0.01,per_item
general,CHG.L,stage1_veto:refused_rows,"uInterestCoverage: 1 of 8 available rows are not computable AND report a positive `totalDebt` on the SAME row, so the refusal cannot mean the flag is inapplicable to this company -- it is missing data. Flag was JUDGED on the 7 row(s) that compute.",1.0,-0.01,per_item
,CNL.TO,forensic_gap:beneish_components,"no usable vendor data for: receivables days (DSRI), gross margin (GMI), sales growth (SGI), SG&A intensity (SGAI)",3.0,-0.03,per_item
,CNL.TO,forensic_gap:no_verdict,"the Beneish M-score could not be formed for this name, so the manipulation assessment is ABSENT -- not clean: no usable vendor data for: receivables days (DSRI), gross margin (GMI), sales growth (SGI), SG&A intensity (SGAI)",1.0,-0.01,per_item
general,CTEC.L,stage1_veto:refused_rows,"uInterestCoverage: 4 of 8 available rows are not computable AND report a positive `totalDebt` on the SAME row, so the refusal cannot mean the flag is inapplicable to this company -- it is missing data. Flag was ABSTAINED -- 4 row(s) is under the 6-row partial-window floor.",4.0,-0.04,per_item
FinManager,DB1.DE,stage1_veto:refused_rows,"uInterestCoverage: 4 of 8 available rows are not computable AND report a positive `totalDebt` on the SAME row, so the refusal cannot mean the flag is inapplicable to this company -- it is missing data. Flag was ABSTAINED -- 4 row(s) is under the 6-row partial-window floor.",4.0,-0.04,per_item
general,EFN.TO,stage1_veto:refused_rows,"uInterestCoverage: 4 of 8 available rows are not computable AND report a positive `totalDebt` on the SAME row, so the refusal cannot mean the flag is inapplicable to this company -- it is missing data. Flag was ABSTAINED -- 4 row(s) is under the 6-row partial-window floor.",4.0,-0.04,per_item
general,EFR.TO,stage1_veto:refused_rows,"uInterestCoverage: 4 of 8 available rows are not computable AND report a positive `totalDebt` on the SAME row, so the refusal cannot mean the flag is inapplicable to this company -- it is missing data. Flag was ABSTAINED -- 1 row(s) is under the 6-row partial-window floor.",4.0,-0.04,per_item
general,ETSY,stage1_veto:refused_rows,"uInterestCoverage: 4 of 8 available rows are not computable AND report a positive `totalDebt` on the SAME row, so the refusal cannot mean the flag is inapplicable to this company -- it is missing data. Flag was ABSTAINED -- 4 row(s) is under the 6-row partial-window floor.",4.0,-0.04,per_item
,FDY.TO,forensic_gap:beneish_components,"no usable vendor data for: receivables days (DSRI), gross margin (GMI), asset quality (AQI), sales growth (SGI), SG&A intensity (SGAI)",3.0,-0.03,per_item
,FDY.TO,forensic_gap:no_verdict,"the Beneish M-score could not be formed for this name, so the manipulation assessment is ABSENT -- not clean: no usable vendor data for: receivables days (DSRI), gross margin (GMI), asset quality (AQI), sales growth (SGI), SG&A intensity (SGAI)",1.0,-0.01,per_item
,FF.TO,forensic_gap:beneish_components,"no usable vendor data for: receivables days (DSRI), gross margin (GMI), sales growth (SGI), depreciation rate (DEPI), SG&A intensity (SGAI)",3.0,-0.03,per_item
,FF.TO,forensic_gap:no_verdict,"the Beneish M-score could not be formed for this name, so the manipulation assessment is ABSENT -- not clean: no usable vendor data for: receivables days (DSRI), gross margin (GMI), sales growth (SGI), depreciation rate (DEPI), SG&A intensity (SGAI)",1.0,-0.01,per_item
FinManager,FSG.L,stage1_veto:refused_rows,"uInterestCoverage: 4 of 8 available rows are not computable AND report a positive `totalDebt` on the SAME row, so the refusal cannot mean the flag is inapplicable to this company -- it is missing data. Flag was ABSTAINED -- 4 row(s) is under the 6-row partial-window floor.",4.0,-0.04,per_item
general,IMO.TO,stage1_veto:refused_rows,"uInterestCoverage: 4 of 8 available rows are not computable AND report a positive `totalDebt` on the SAME row, so the refusal cannot mean the flag is inapplicable to this company -- it is missing data. Flag was ABSTAINED -- 4 row(s) is under the 6-row partial-window floor.",4.0,-0.04,per_item
general,IMVT,stage1_veto:refused_rows,"uInterestCoverage: 4 of 8 available rows are not computable AND report a positive `totalDebt` on the SAME row, so the refusal cannot mean the flag is inapplicable to this company -- it is missing data. Flag was ABSTAINED -- 0 row(s) is under the 6-row partial-window floor.",4.0,-0.04,per_item
,IVN.TO,forensic_gap:beneish_components,"no usable vendor data for: receivables days (DSRI), gross margin (GMI), SG&A intensity (SGAI)",3.0,-0.03,per_item
,IVN.TO,forensic_gap:no_verdict,"the Beneish M-score could not be formed for this name, so the manipulation assessment is ABSENT -- not clean: no usable vendor data for: receivables days (DSRI), gross margin (GMI), SG&A intensity (SGAI)",1.0,-0.01,per_item
,JUN3.DE,forensic_gap:beneish_components,"no usable vendor data for: receivables days (DSRI), gross margin (GMI), SG&A intensity (SGAI)",3.0,-0.03,per_item
,JUN3.DE,forensic_gap:no_verdict,"the Beneish M-score could not be formed for this name, so the manipulation assessment is ABSENT -- not clean: no usable vendor data for: receivables days (DSRI), gross margin (GMI), SG&A intensity (SGAI)",1.0,-0.01,per_item
,KOG.OL,forensic_gap:beneish_components,"no usable vendor data for: gross margin (GMI), SG&A intensity (SGAI)",2.0,-0.02,per_item
,KOG.OL,forensic_gap:no_verdict,"the Beneish M-score could not be formed for this name, so the manipulation assessment is ABSENT -- not clean: no usable vendor data for: gross margin (GMI), SG&A intensity (SGAI)",1.0,-0.01,per_item
general,KOG.OL,stage1_veto:refused_rows,"uInterestCoverage: 1 of 8 available rows are not computable AND report a positive `totalDebt` on the SAME row, so the refusal cannot mean the flag is inapplicable to this company -- it is missing data. Flag was JUDGED on the 7 row(s) that compute.",1.0,-0.01,per_item
,LAR,forensic_gap:beneish_components,"no usable vendor data for: receivables days (DSRI), gross margin (GMI), sales growth (SGI), depreciation rate (DEPI), SG&A intensity (SGAI)",3.0,-0.03,per_item
,LAR,forensic_gap:no_verdict,"the Beneish M-score could not be formed for this name, so the manipulation assessment is ABSENT -- not clean: no usable vendor data for: receivables days (DSRI), gross margin (GMI), sales growth (SGI), depreciation rate (DEPI), SG&A intensity (SGAI)",1.0,-0.01,per_item
,LGD.TO,forensic_gap:beneish_components,"no usable vendor data for: receivables days (DSRI), gross margin (GMI), sales growth (SGI), SG&A intensity (SGAI)",3.0,-0.03,per_item
,LGD.TO,forensic_gap:no_verdict,"the Beneish M-score could not be formed for this name, so the manipulation assessment is ABSENT -- not clean: no usable vendor data for: receivables days (DSRI), gross margin (GMI), sales growth (SGI), SG&A intensity (SGAI)",1.0,-0.01,per_item
,MARI.TO,forensic_gap:beneish_components,"no usable vendor data for: receivables days (DSRI), gross margin (GMI), sales growth (SGI), depreciation rate (DEPI), SG&A intensity (SGAI)",3.0,-0.03,per_item
,MARI.TO,forensic_gap:no_verdict,"the Beneish M-score could not be formed for this name, so the manipulation assessment is ABSENT -- not clean: no usable vendor data for: receivables days (DSRI), gross margin (GMI), sales growth (SGI), depreciation rate (DEPI), SG&A intensity (SGAI)",1.0,-0.01,per_item
,MAU.TO,forensic_gap:beneish_components,"no usable vendor data for: receivables days (DSRI), gross margin (GMI), sales growth (SGI), depreciation rate (DEPI), SG&A intensity (SGAI)",3.0,-0.03,per_item
,MAU.TO,forensic_gap:no_verdict,"the Beneish M-score could not be formed for this name, so the manipulation assessment is ABSENT -- not clean: no usable vendor data for: receivables days (DSRI), gross margin (GMI), sales growth (SGI), depreciation rate (DEPI), SG&A intensity (SGAI)",1.0,-0.01,per_item
REIT,MONT.BR,stage1_veto:refused_rows,"reitEbitdaInterestCoverage: 4 of 8 available rows are not computable AND report a positive `totalDebt` on the SAME row, so the refusal cannot mean the flag is inapplicable to this company -- it is missing data. Flag was ABSTAINED -- 4 row(s) is under the 6-row partial-window floor.",4.0,-0.04,per_item
,NCAB.ST,forensic_gap:beneish_components,no usable vendor data for: SG&A intensity (SGAI),1.0,-0.01,per_item
,NCAB.ST,forensic_gap:no_verdict,"the Beneish M-score could not be formed for this name, so the manipulation assessment is ABSENT -- not clean: no usable vendor data for: SG&A intensity (SGAI)",1.0,-0.01,per_item
general,NCAB.ST,stage1_veto:refused_rows,"uInterestCoverage: 2 of 8 available rows are not computable AND report a positive `totalDebt` on the SAME row, so the refusal cannot mean the flag is inapplicable to this company -- it is missing data. Flag was JUDGED on the 6 row(s) that compute.",2.0,-0.02,per_item
,NDM.TO,forensic_gap:beneish_components,"no usable vendor data for: receivables days (DSRI), gross margin (GMI), asset quality (AQI), sales growth (SGI), depreciation rate (DEPI), SG&A intensity (SGAI)",3.0,-0.03,per_item
,NDM.TO,forensic_gap:no_verdict,"the Beneish M-score could not be formed for this name, so the manipulation assessment is ABSENT -- not clean: no usable vendor data for: receivables days (DSRI), gross margin (GMI), asset quality (AQI), sales growth (SGI), depreciation rate (DEPI), SG&A intensity (SGAI)",1.0,-0.01,per_item
,NG.TO,forensic_gap:beneish_components,"no usable vendor data for: receivables days (DSRI), gross margin (GMI), sales growth (SGI), SG&A intensity (SGAI)",3.0,-0.03,per_item
,NG.TO,forensic_gap:no_verdict,"the Beneish M-score could not be formed for this name, so the manipulation assessment is ABSENT -- not clean: no usable vendor data for: receivables days (DSRI), gross margin (GMI), sales growth (SGI), SG&A intensity (SGAI)",1.0,-0.01,per_item
,NGEX.TO,forensic_gap:beneish_components,"no usable vendor data for: receivables days (DSRI), gross margin (GMI), asset quality (AQI), sales growth (SGI), SG&A intensity (SGAI)",3.0,-0.03,per_item
,NGEX.TO,forensic_gap:no_verdict,"the Beneish M-score could not be formed for this name, so the manipulation assessment is ABSENT -- not clean: no usable vendor data for: receivables days (DSRI), gross margin (GMI), asset quality (AQI), sales growth (SGI), SG&A intensity (SGAI)",1.0,-0.01,per_item
,NRG,forensic_gap:beneish_components,no usable vendor data for: gross margin (GMI),1.0,-0.01,per_item
,NRG,forensic_gap:no_verdict,"the Beneish M-score could not be formed for this name, so the manipulation assessment is ABSENT -- not clean: no usable vendor data for: gross margin (GMI)",1.0,-0.01,per_item
general,NRG,stage1_veto:refused_rows,"uInterestCoverage: 2 of 8 available rows are not computable AND report a positive `totalDebt` on the SAME row, so the refusal cannot mean the flag is inapplicable to this company -- it is missing data. Flag was JUDGED on the 6 row(s) that compute.",2.0,-0.02,per_item
,NUAG.TO,forensic_gap:beneish_components,"no usable vendor data for: receivables days (DSRI), gross margin (GMI), asset quality (AQI), sales growth (SGI), depreciation rate (DEPI), SG&A intensity (SGAI)",3.0,-0.03,per_item
,NUAG.TO,forensic_gap:no_verdict,"the Beneish M-score could not be formed for this name, so the manipulation assessment is ABSENT -- not clean: no usable vendor data for: receivables days (DSRI), gross margin (GMI), asset quality (AQI), sales growth (SGI), depreciation rate (DEPI), SG&A intensity (SGAI)",1.0,-0.01,per_item
,OM.TO,forensic_gap:beneish_components,"no usable vendor data for: receivables days (DSRI), gross margin (GMI), sales growth (SGI), depreciation rate (DEPI), SG&A intensity (SGAI)",3.0,-0.03,per_item
,OM.TO,forensic_gap:no_verdict,"the Beneish M-score could not be formed for this name, so the manipulation assessment is ABSENT -- not clean: no usable vendor data for: receivables days (DSRI), gross margin (GMI), sales growth (SGI), depreciation rate (DEPI), SG&A intensity (SGAI)",1.0,-0.01,per_item
,PAH3.DE,forensic_gap:beneish_components,"no usable vendor data for: receivables days (DSRI), gross margin (GMI), sales growth (SGI), SG&A intensity (SGAI)",3.0,-0.03,per_item
,PAH3.DE,forensic_gap:no_verdict,"the Beneish M-score could not be formed for this name, so the manipulation assessment is ABSENT -- not clean: no usable vendor data for: receivables days (DSRI), gross margin (GMI), sales growth (SGI), SG&A intensity (SGAI)",1.0,-0.01,per_item
,PEN.OL,forensic_gap:beneish_components,"no usable vendor data for: receivables days (DSRI), gross margin (GMI)",2.0,-0.02,per_item
,PEN.OL,forensic_gap:no_verdict,"the Beneish M-score could not be formed for this name, so the manipulation assessment is ABSENT -- not clean: no usable vendor data for: receivables days (DSRI), gross margin (GMI)",1.0,-0.01,per_item
general,PEN.OL,stage1_veto:refused_rows,"uInterestCoverage: 1 of 8 available rows are not computable AND report a positive `totalDebt` on the SAME row, so the refusal cannot mean the flag is inapplicable to this company -- it is missing data. Flag was JUDGED on the 7 row(s) that compute.",1.0,-0.01,per_item
general,PHI,stage1_veto:refused_rows,"uInterestCoverage: 4 of 8 available rows are not computable AND report a positive `totalDebt` on the SAME row, so the refusal cannot mean the flag is inapplicable to this company -- it is missing data. Flag was ABSTAINED -- 4 row(s) is under the 6-row partial-window floor.",4.0,-0.04,per_item
general,PLSM,stage1_veto:refused_rows,"uInterestCoverage: 4 of 8 available rows are not computable AND report a positive `totalDebt` on the SAME row, so the refusal cannot mean the flag is inapplicable to this company -- it is missing data. Flag was ABSTAINED -- 4 row(s) is under the 6-row partial-window floor.",4.0,-0.04,per_item
,PLX.PA,forensic_gap:beneish_components,no usable vendor data for: SG&A intensity (SGAI),1.0,-0.01,per_item
,PLX.PA,forensic_gap:no_verdict,"the Beneish M-score could not be formed for this name, so the manipulation assessment is ABSENT -- not clean: no usable vendor data for: SG&A intensity (SGAI)",1.0,-0.01,per_item
general,PLX.PA,stage1_veto:refused_rows,"uInterestCoverage: 1 of 7 available rows are not computable AND report a positive `totalDebt` on the SAME row, so the refusal cannot mean the flag is inapplicable to this company -- it is missing data. Flag was JUDGED on the 6 row(s) that compute.",1.0,-0.01,per_item
general,PLX.PA,stage1_veto:short_panel,"panel carries 7 of the 8 newest-first rows the veto window needs, so every flag is evaluated (or refused) on a short history",1.0,-0.01,per_item
,PMET.TO,forensic_gap:beneish_components,"no usable vendor data for: receivables days (DSRI), gross margin (GMI), sales growth (SGI), SG&A intensity (SGAI)",3.0,-0.03,per_item
,PMET.TO,forensic_gap:no_verdict,"the Beneish M-score could not be formed for this name, so the manipulation assessment is ABSENT -- not clean: no usable vendor data for: receivables days (DSRI), gross margin (GMI), sales growth (SGI), SG&A intensity (SGAI)",1.0,-0.01,per_item
,PNL.AS,forensic_gap:beneish_components,no usable vendor data for: gross margin (GMI),1.0,-0.01,per_item
,PNL.AS,forensic_gap:no_verdict,"the Beneish M-score could not be formed for this name, so the manipulation assessment is ABSENT -- not clean: no usable vendor data for: gross margin (GMI)",1.0,-0.01,per_item
general,PNL.AS,stage1_veto:refused_rows,"uInterestCoverage: 2 of 8 available rows are not computable AND report a positive `totalDebt` on the SAME row, so the refusal cannot mean the flag is inapplicable to this company -- it is missing data. Flag was JUDGED on the 6 row(s) that compute.",2.0,-0.02,per_item
,PPTA,forensic_gap:beneish_components,"no usable vendor data for: receivables days (DSRI), gross margin (GMI), sales growth (SGI), SG&A intensity (SGAI)",3.0,-0.03,per_item
,PPTA,forensic_gap:no_verdict,"the Beneish M-score could not be formed for this name, so the manipulation assessment is ABSENT -- not clean: no usable vendor data for: receivables days (DSRI), gross margin (GMI), sales growth (SGI), SG&A intensity (SGAI)",1.0,-0.01,per_item
general,PRX.AS,stage1_veto:refused_rows,"uInterestCoverage: 4 of 8 available rows are not computable AND report a positive `totalDebt` on the SAME row, so the refusal cannot mean the flag is inapplicable to this company -- it is missing data. Flag was ABSTAINED -- 4 row(s) is under the 6-row partial-window floor.",4.0,-0.04,per_item
,RIO.TO,forensic_gap:beneish_components,"no usable vendor data for: receivables days (DSRI), gross margin (GMI), sales growth (SGI), depreciation rate (DEPI), SG&A intensity (SGAI)",3.0,-0.03,per_item
,RIO.TO,forensic_gap:no_verdict,"the Beneish M-score could not be formed for this name, so the manipulation assessment is ABSENT -- not clean: no usable vendor data for: receivables days (DSRI), gross margin (GMI), sales growth (SGI), depreciation rate (DEPI), SG&A intensity (SGAI)",1.0,-0.01,per_item
general,RRTL.DE,stage1_veto:refused_rows,"uInterestCoverage: 4 of 8 available rows are not computable AND report a positive `totalDebt` on the SAME row, so the refusal cannot mean the flag is inapplicable to this company -- it is missing data. Flag was ABSTAINED -- 4 row(s) is under the 6-row partial-window floor.",4.0,-0.04,per_item
general,RXL.PA,stage1_veto:refused_rows,"uInterestCoverage: 4 of 8 available rows are not computable AND report a positive `totalDebt` on the SAME row, so the refusal cannot mean the flag is inapplicable to this company -- it is missing data. Flag was ABSTAINED -- 4 row(s) is under the 6-row partial-window floor.",4.0,-0.04,per_item
,SA,forensic_gap:beneish_components,"no usable vendor data for: receivables days (DSRI), gross margin (GMI), sales growth (SGI), depreciation rate (DEPI), SG&A intensity (SGAI)",3.0,-0.03,per_item
,SA,forensic_gap:no_verdict,"the Beneish M-score could not be formed for this name, so the manipulation assessment is ABSENT -- not clean: no usable vendor data for: receivables days (DSRI), gross margin (GMI), sales growth (SGI), depreciation rate (DEPI), SG&A intensity (SGAI)",1.0,-0.01,per_item
general,SBMO.AS,stage1_veto:refused_rows,"uInterestCoverage: 4 of 8 available rows are not computable AND report a positive `totalDebt` on the SAME row, so the refusal cannot mean the flag is inapplicable to this company -- it is missing data. Flag was ABSTAINED -- 4 row(s) is under the 6-row partial-window floor.",4.0,-0.04,per_item
,SGD.TO,forensic_gap:beneish_components,"no usable vendor data for: receivables days (DSRI), gross margin (GMI), asset quality (AQI), sales growth (SGI), SG&A intensity (SGAI)",3.0,-0.03,per_item
,SGD.TO,forensic_gap:no_verdict,"the Beneish M-score could not be formed for this name, so the manipulation assessment is ABSENT -- not clean: no usable vendor data for: receivables days (DSRI), gross margin (GMI), asset quality (AQI), sales growth (SGI), SG&A intensity (SGAI)",1.0,-0.01,per_item
,SKE,forensic_gap:beneish_components,"no usable vendor data for: receivables days (DSRI), gross margin (GMI), sales growth (SGI), SG&A intensity (SGAI)",3.0,-0.03,per_item
,SKE,forensic_gap:no_verdict,"the Beneish M-score could not be formed for this name, so the manipulation assessment is ABSENT -- not clean: no usable vendor data for: receivables days (DSRI), gross margin (GMI), sales growth (SGI), SG&A intensity (SGAI)",1.0,-0.01,per_item
,SOBI.ST,forensic_gap:beneish_components,"no usable vendor data for: gross margin (GMI), SG&A intensity (SGAI)",2.0,-0.02,per_item
,SOBI.ST,forensic_gap:no_verdict,"the Beneish M-score could not be formed for this name, so the manipulation assessment is ABSENT -- not clean: no usable vendor data for: gross margin (GMI), SG&A intensity (SGAI)",1.0,-0.01,per_item
general,SOBI.ST,stage1_veto:refused_rows,"uInterestCoverage: 1 of 8 available rows are not computable AND report a positive `totalDebt` on the SAME row, so the refusal cannot mean the flag is inapplicable to this company -- it is missing data. Flag was JUDGED on the 7 row(s) that compute.",1.0,-0.01,per_item
,SWEC-B.ST,forensic_gap:beneish_components,"no usable vendor data for: receivables days (DSRI), gross margin (GMI), SG&A intensity (SGAI)",3.0,-0.03,per_item
,SWEC-B.ST,forensic_gap:no_verdict,"the Beneish M-score could not be formed for this name, so the manipulation assessment is ABSENT -- not clean: no usable vendor data for: receivables days (DSRI), gross margin (GMI), SG&A intensity (SGAI)",1.0,-0.01,per_item
general,SYK,stage1_veto:refused_rows,"uInterestCoverage: 4 of 8 available rows are not computable AND report a positive `totalDebt` on the SAME row, so the refusal cannot mean the flag is inapplicable to this company -- it is missing data. Flag was ABSTAINED -- 4 row(s) is under the 6-row partial-window floor.",4.0,-0.04,per_item
,TLG.TO,forensic_gap:beneish_components,"no usable vendor data for: receivables days (DSRI), gross margin (GMI), sales growth (SGI), SG&A intensity (SGAI)",3.0,-0.03,per_item
,TLG.TO,forensic_gap:no_verdict,"the Beneish M-score could not be formed for this name, so the manipulation assessment is ABSENT -- not clean: no usable vendor data for: receivables days (DSRI), gross margin (GMI), sales growth (SGI), SG&A intensity (SGAI)",1.0,-0.01,per_item
,TLO.TO,forensic_gap:beneish_components,"no usable vendor data for: receivables days (DSRI), gross margin (GMI), asset quality (AQI), sales growth (SGI), depreciation rate (DEPI), SG&A intensity (SGAI)",3.0,-0.03,per_item
,TLO.TO,forensic_gap:no_verdict,"the Beneish M-score could not be formed for this name, so the manipulation assessment is ABSENT -- not clean: no usable vendor data for: receivables days (DSRI), gross margin (GMI), asset quality (AQI), sales growth (SGI), depreciation rate (DEPI), SG&A intensity (SGAI)",1.0,-0.01,per_item
general,TRST.L,stage1_veto:refused_rows,"uInterestCoverage: 4 of 8 available rows are not computable AND report a positive `totalDebt` on the SAME row, so the refusal cannot mean the flag is inapplicable to this company -- it is missing data. Flag was ABSTAINED -- 4 row(s) is under the 6-row partial-window floor.",4.0,-0.04,per_item
,USAU,forensic_gap:beneish_components,"no usable vendor data for: receivables days (DSRI), gross margin (GMI), sales growth (SGI), depreciation rate (DEPI), SG&A intensity (SGAI)",3.0,-0.03,per_item
,USAU,forensic_gap:no_verdict,"the Beneish M-score could not be formed for this name, so the manipulation assessment is ABSENT -- not clean: no usable vendor data for: receivables days (DSRI), gross margin (GMI), sales growth (SGI), depreciation rate (DEPI), SG&A intensity (SGAI)",1.0,-0.01,per_item
general,VTVT,stage1_veto:refused_rows,"uInterestCoverage: 4 of 8 available rows are not computable AND report a positive `totalDebt` on the SAME row, so the refusal cannot mean the flag is inapplicable to this company -- it is missing data. Flag was ABSTAINED -- 2 row(s) is under the 6-row partial-window floor.",4.0,-0.04,per_item
general,WDS,stage1_veto:refused_rows,"uInterestCoverage: 4 of 8 available rows are not computable AND report a positive `totalDebt` on the SAME row, so the refusal cannot mean the flag is inapplicable to this company -- it is missing data. Flag was ABSTAINED -- 4 row(s) is under the 6-row partial-window floor.",4.0,-0.04,per_item
REIT,WHA.AS,stage1_veto:refused_rows,"reitEbitdaInterestCoverage: 4 of 8 available rows are not computable AND report a positive `totalDebt` on the SAME row, so the refusal cannot mean the flag is inapplicable to this company -- it is missing data. Flag was ABSTAINED -- 4 row(s) is under the 6-row partial-window floor.",4.0,-0.04,per_item
,WRN.TO,forensic_gap:beneish_components,"no usable vendor data for: receivables days (DSRI), gross margin (GMI), asset quality (AQI), sales growth (SGI), depreciation rate (DEPI), SG&A intensity (SGAI)",3.0,-0.03,per_item
,WRN.TO,forensic_gap:no_verdict,"the Beneish M-score could not be formed for this name, so the manipulation assessment is ABSENT -- not clean: no usable vendor data for: receivables days (DSRI), gross margin (GMI), asset quality (AQI), sales growth (SGI), depreciation rate (DEPI), SG&A intensity (SGAI)",1.0,-0.01,per_item
general,WST,stage1_veto:refused_rows,"uInterestCoverage: 4 of 8 available rows are not computable AND report a positive `totalDebt` on the SAME row, so the refusal cannot mean the flag is inapplicable to this company -- it is missing data. Flag was ABSTAINED -- 4 row(s) is under the 6-row partial-window floor.",4.0,-0.04,per_item
,001260.KS,forensic_gap:beneish_components,"no usable vendor data for: gross margin (GMI), SG&A intensity (SGAI)",2.0,-0.02,per_item
,001260.KS,forensic_gap:no_verdict,"the Beneish M-score could not be formed for this name, so the manipulation assessment is ABSENT -- not clean: no usable vendor data for: gross margin (GMI), SG&A intensity (SGAI)",1.0,-0.01,per_item
FinManager,005940.KS,stage1_veto:refused_rows,"uInterestCoverage: 3 of 8 available rows are not computable AND report a positive `totalDebt` on the SAME row, so the refusal cannot mean the flag is inapplicable to this company -- it is missing data. Flag was ABSTAINED -- 5 row(s) is under the 6-row partial-window floor.",3.0,-0.03,per_item
,006650.KS,forensic_gap:beneish_components,"no usable vendor data for: gross margin (GMI), SG&A intensity (SGAI)",2.0,-0.02,per_item
,006650.KS,forensic_gap:no_verdict,"the Beneish M-score could not be formed for this name, so the manipulation assessment is ABSENT -- not clean: no usable vendor data for: gross margin (GMI), SG&A intensity (SGAI)",1.0,-0.01,per_item
FinManager,006800.KS,stage1_veto:refused_rows,"uInterestCoverage: 3 of 8 available rows are not computable AND report a positive `totalDebt` on the SAME row, so the refusal cannot mean the flag is inapplicable to this company -- it is missing data. Flag was ABSTAINED -- 5 row(s) is under the 6-row partial-window floor.",3.0,-0.03,per_item
FinManager,016360.KS,stage1_veto:refused_rows,"uInterestCoverage: 3 of 8 available rows are not computable AND report a positive `totalDebt` on the SAME row, so the refusal cannot mean the flag is inapplicable to this company -- it is missing data. Flag was ABSTAINED -- 5 row(s) is under the 6-row partial-window floor.",3.0,-0.03,per_item
FinManager,039490.KS,stage1_veto:refused_rows,"uInterestCoverage: 3 of 8 available rows are not computable AND report a positive `totalDebt` on the SAME row, so the refusal cannot mean the flag is inapplicable to this company -- it is missing data. Flag was ABSTAINED -- 5 row(s) is under the 6-row partial-window floor.",3.0,-0.03,per_item
,069080.KQ,forensic_gap:beneish_components,no usable vendor data for: gross margin (GMI),1.0,-0.01,per_item
,069080.KQ,forensic_gap:no_verdict,"the Beneish M-score could not be formed for this name, so the manipulation assessment is ABSENT -- not clean: no usable vendor data for: gross margin (GMI)",1.0,-0.01,per_item
general,069080.KQ,stage1_veto:refused_rows,"uInterestCoverage: 1 of 8 available rows are not computable AND report a positive `totalDebt` on the SAME row, so the refusal cannot mean the flag is inapplicable to this company -- it is missing data. Flag was JUDGED on the 6 row(s) that compute.",1.0,-0.01,per_item
FinManager,071050.KS,stage1_veto:refused_rows,"uInterestCoverage: 3 of 8 available rows are not computable AND report a positive `totalDebt` on the SAME row, so the refusal cannot mean the flag is inapplicable to this company -- it is missing data. Flag was ABSTAINED -- 5 row(s) is under the 6-row partial-window floor.",3.0,-0.03,per_item
,105840.KS,forensic_gap:beneish_components,no usable vendor data for: SG&A intensity (SGAI),1.0,-0.01,per_item
,105840.KS,forensic_gap:no_verdict,"the Beneish M-score could not be formed for this name, so the manipulation assessment is ABSENT -- not clean: no usable vendor data for: SG&A intensity (SGAI)",1.0,-0.01,per_item
general,105840.KS,stage1_veto:refused_rows,"uInterestCoverage: 1 of 8 available rows are not computable AND report a positive `totalDebt` on the SAME row, so the refusal cannot mean the flag is inapplicable to this company -- it is missing data. Flag was JUDGED on the 7 row(s) that compute.",1.0,-0.01,per_item
,181710.KS,forensic_gap:beneish_components,no usable vendor data for: gross margin (GMI),1.0,-0.01,per_item
,181710.KS,forensic_gap:no_verdict,"the Beneish M-score could not be formed for this name, so the manipulation assessment is ABSENT -- not clean: no usable vendor data for: gross margin (GMI)",1.0,-0.01,per_item
general,181710.KS,stage1_veto:refused_rows,"uInterestCoverage: 1 of 8 available rows are not computable AND report a positive `totalDebt` on the SAME row, so the refusal cannot mean the flag is inapplicable to this company -- it is missing data. Flag was JUDGED on the 7 row(s) that compute.",1.0,-0.01,per_item
,222080.KQ,forensic_gap:beneish_components,"no usable vendor data for: receivables days (DSRI), SG&A intensity (SGAI)",2.0,-0.02,per_item
,222080.KQ,forensic_gap:no_verdict,"the Beneish M-score could not be formed for this name, so the manipulation assessment is ABSENT -- not clean: no usable vendor data for: receivables days (DSRI), SG&A intensity (SGAI)",1.0,-0.01,per_item
,298000.KS,forensic_gap:beneish_components,"no usable vendor data for: gross margin (GMI), SG&A intensity (SGAI)",2.0,-0.02,per_item
,298000.KS,forensic_gap:no_verdict,"the Beneish M-score could not be formed for this name, so the manipulation assessment is ABSENT -- not clean: no usable vendor data for: gross margin (GMI), SG&A intensity (SGAI)",1.0,-0.01,per_item
,AFRY.ST,forensic_gap:beneish_components,no usable vendor data for: SG&A intensity (SGAI),1.0,-0.01,per_item
,AFRY.ST,forensic_gap:no_verdict,"the Beneish M-score could not be formed for this name, so the manipulation assessment is ABSENT -- not clean: no usable vendor data for: SG&A intensity (SGAI)",1.0,-0.01,per_item
general,AFRY.ST,stage1_veto:refused_rows,"uInterestCoverage: 1 of 8 available rows are not computable AND report a positive `totalDebt` on the SAME row, so the refusal cannot mean the flag is inapplicable to this company -- it is missing data. Flag was JUDGED on the 7 row(s) that compute.",1.0,-0.01,per_item
,AOF.DE,forensic_gap:beneish_components,no usable vendor data for: SG&A intensity (SGAI),1.0,-0.01,per_item
,AOF.DE,forensic_gap:no_verdict,"the Beneish M-score could not be formed for this name, so the manipulation assessment is ABSENT -- not clean: no usable vendor data for: SG&A intensity (SGAI)",1.0,-0.01,per_item
general,AOF.DE,stage1_veto:refused_rows,"uInterestCoverage: 1 of 8 available rows are not computable AND report a positive `totalDebt` on the SAME row, so the refusal cannot mean the flag is inapplicable to this company -- it is missing data. Flag was JUDGED on the 7 row(s) that compute.",1.0,-0.01,per_item
,ARCB,forensic_gap:beneish_components,no usable vendor data for: SG&A intensity (SGAI),1.0,-0.01,per_item
,ARCB,forensic_gap:no_verdict,"the Beneish M-score could not be formed for this name, so the manipulation assessment is ABSENT -- not clean: no usable vendor data for: SG&A intensity (SGAI)",1.0,-0.01,per_item
general,ARCB,stage1_veto:refused_rows,"uInterestCoverage: 1 of 8 available rows are not computable AND report a positive `totalDebt` on the SAME row, so the refusal cannot mean the flag is inapplicable to this company -- it is missing data. Flag was JUDGED on the 7 row(s) that compute.",1.0,-0.01,per_item
general,BB,stage1_veto:refused_rows,"uInterestCoverage: 3 of 8 available rows are not computable AND report a positive `totalDebt` on the SAME row, so the refusal cannot mean the flag is inapplicable to this company -- it is missing data. Flag was ABSTAINED -- 5 row(s) is under the 6-row partial-window floor.",3.0,-0.03,per_item
,BIOA-B.ST,forensic_gap:beneish_components,"no usable vendor data for: receivables days (DSRI), asset quality (AQI)",2.0,-0.02,per_item
,BIOA-B.ST,forensic_gap:no_verdict,"the Beneish M-score could not be formed for this name, so the manipulation assessment is ABSENT -- not clean: no usable vendor data for: receivables days (DSRI), asset quality (AQI)",1.0,-0.01,per_item
FinManager,BPT.L,stage1_veto:refused_rows,"uInterestCoverage: 3 of 8 available rows are not computable AND report a positive `totalDebt` on the SAME row, so the refusal cannot mean the flag is inapplicable to this company -- it is missing data. Flag was ABSTAINED -- 5 row(s) is under the 6-row partial-window floor.",3.0,-0.03,per_item
,BRG.OL,forensic_gap:beneish_components,"no usable vendor data for: gross margin (GMI), SG&A intensity (SGAI)",2.0,-0.02,per_item
,BRG.OL,forensic_gap:no_verdict,"the Beneish M-score could not be formed for this name, so the manipulation assessment is ABSENT -- not clean: no usable vendor data for: gross margin (GMI), SG&A intensity (SGAI)",1.0,-0.01,per_item
,CADLR.OL,forensic_gap:no_verdict,"the Beneish M-score could not be formed for this name, so the manipulation assessment is ABSENT -- not clean: fewer than half the trailing-year periods are computable (1 of 4), so the mean would not be a trailing-year mean",1.0,-0.01,per_item
general,CADLR.OL,stage1_veto:refused_rows,"uInterestCoverage: 2 of 8 available rows are not computable AND report a positive `totalDebt` on the SAME row, so the refusal cannot mean the flag is inapplicable to this company -- it is missing data. Flag was JUDGED on the 6 row(s) that compute.",2.0,-0.02,per_item
REIT,CIBUS.ST,stage1_veto:refused_rows,"reitEbitdaInterestCoverage: 3 of 8 available rows are not computable AND report a positive `totalDebt` on the SAME row, so the refusal cannot mean the flag is inapplicable to this company -- it is missing data. Flag was ABSTAINED -- 5 row(s) is under the 6-row partial-window floor.",3.0,-0.03,per_item
general,CRNT,stage1_veto:refused_rows,"uInterestCoverage: 3 of 8 available rows are not computable AND report a positive `totalDebt` on the SAME row, so the refusal cannot mean the flag is inapplicable to this company -- it is missing data. Flag was ABSTAINED -- 5 row(s) is under the 6-row partial-window floor.",3.0,-0.03,per_item
general,DG.PA,stage1_veto:refused_rows,"uInterestCoverage: 3 of 8 available rows are not computable AND report a positive `totalDebt` on the SAME row, so the refusal cannot mean the flag is inapplicable to this company -- it is missing data. Flag was ABSTAINED -- 5 row(s) is under the 6-row partial-window floor.",3.0,-0.03,per_item
,DOFG.OL,forensic_gap:beneish_components,"no usable vendor data for: gross margin (GMI), SG&A intensity (SGAI)",2.0,-0.02,per_item
,DOFG.OL,forensic_gap:no_verdict,"the Beneish M-score could not be formed for this name, so the manipulation assessment is ABSENT -- not clean: no usable vendor data for: gross margin (GMI), SG&A intensity (SGAI)",1.0,-0.01,per_item
general,DOGZ,stage1_veto:refused_rows,"uInterestCoverage: 3 of 8 available rows are not computable AND report a positive `totalDebt` on the SAME row, so the refusal cannot mean the flag is inapplicable to this company -- it is missing data. Flag was ABSTAINED -- 5 row(s) is under the 6-row partial-window floor.",3.0,-0.03,per_item
,DSV.TO,forensic_gap:beneish_components,"no usable vendor data for: receivables days (DSRI), gross margin (GMI)",2.0,-0.02,per_item
,DSV.TO,forensic_gap:no_verdict,"the Beneish M-score could not be formed for this name, so the manipulation assessment is ABSENT -- not clean: no usable vendor data for: receivables days (DSRI), gross margin (GMI)",1.0,-0.01,per_item
,DTE.DE,forensic_gap:beneish_components,"no usable vendor data for: gross margin (GMI), SG&A intensity (SGAI)",2.0,-0.02,per_item
,DTE.DE,forensic_gap:no_verdict,"the Beneish M-score could not be formed for this name, so the manipulation assessment is ABSENT -- not clean: no usable vendor data for: gross margin (GMI), SG&A intensity (SGAI)",1.0,-0.01,per_item
REIT,DWNI.DE,stage1_veto:refused_rows,"reitEbitdaInterestCoverage: 3 of 8 available rows are not computable AND report a positive `totalDebt` on the SAME row, so the refusal cannot mean the flag is inapplicable to this company -- it is missing data. Flag was ABSTAINED -- 5 row(s) is under the 6-row partial-window floor.",3.0,-0.03,per_item
general,EGL.LS,stage1_veto:refused_rows,"uInterestCoverage: 3 of 8 available rows are not computable AND report a positive `totalDebt` on the SAME row, so the refusal cannot mean the flag is inapplicable to this company -- it is missing data. Flag was ABSTAINED -- 5 row(s) is under the 6-row partial-window floor.",3.0,-0.03,per_item
,ELK.OL,forensic_gap:beneish_components,"no usable vendor data for: gross margin (GMI), SG&A intensity (SGAI)",2.0,-0.02,per_item
,ELK.OL,forensic_gap:no_verdict,"the Beneish M-score could not be formed for this name, so the manipulation assessment is ABSENT -- not clean: no usable vendor data for: gross margin (GMI), SG&A intensity (SGAI)",1.0,-0.01,per_item
,ERA.PA,forensic_gap:beneish_components,"no usable vendor data for: gross margin (GMI), SG&A intensity (SGAI)",2.0,-0.02,per_item
,ERA.PA,forensic_gap:no_verdict,"the Beneish M-score could not be formed for this name, so the manipulation assessment is ABSENT -- not clean: no usable vendor data for: gross margin (GMI), SG&A intensity (SGAI)",1.0,-0.01,per_item
,EUZ.DE,forensic_gap:no_verdict,"the Beneish M-score could not be formed for this name, so the manipulation assessment is ABSENT -- not clean: fewer than half the trailing-year periods are computable (1 of 4), so the mean would not be a trailing-year mean",1.0,-0.01,per_item
general,EUZ.DE,stage1_veto:refused_rows,"uInterestCoverage: 2 of 8 available rows are not computable AND report a positive `totalDebt` on the SAME row, so the refusal cannot mean the flag is inapplicable to this company -- it is missing data. Flag was JUDGED on the 6 row(s) that compute.",2.0,-0.02,per_item
general,EVLV,stage1_veto:refused_rows,"uInterestCoverage: 3 of 8 available rows are not computable AND report a positive `totalDebt` on the SAME row, so the refusal cannot mean the flag is inapplicable to this company -- it is missing data. Flag was ABSTAINED -- 5 row(s) is under the 6-row partial-window floor.",3.0,-0.03,per_item
,F3C.DE,forensic_gap:beneish_components,no usable vendor data for: SG&A intensity (SGAI),1.0,-0.01,per_item
,F3C.DE,forensic_gap:no_verdict,"the Beneish M-score could not be formed for this name, so the manipulation assessment is ABSENT -- not clean: no usable vendor data for: SG&A intensity (SGAI)",1.0,-0.01,per_item
general,F3C.DE,stage1_veto:refused_rows,"uInterestCoverage: 1 of 8 available rows are not computable AND report a positive `totalDebt` on the SAME row, so the refusal cannot mean the flag is inapplicable to this company -- it is missing data. Flag was JUDGED on the 7 row(s) that compute.",1.0,-0.01,per_item
FinManager,FLOW.AS,stage1_veto:refused_rows,"uInterestCoverage: 3 of 8 available rows are not computable AND report a positive `totalDebt` on the SAME row, so the refusal cannot mean the flag is inapplicable to this company -- it is missing data. Flag was ABSTAINED -- 3 row(s) is under the 6-row partial-window floor.",3.0,-0.03,per_item
general,G24.DE,stage1_veto:refused_rows,"uInterestCoverage: 3 of 8 available rows are not computable AND report a positive `totalDebt` on the SAME row, so the refusal cannot mean the flag is inapplicable to this company -- it is missing data. Flag was ABSTAINED -- 5 row(s) is under the 6-row partial-window floor.",3.0,-0.03,per_item
,GAP,forensic_gap:beneish_components,"no usable vendor data for: receivables days (DSRI), SG&A intensity (SGAI)",2.0,-0.02,per_item
,GAP,forensic_gap:no_verdict,"the Beneish M-score could not be formed for this name, so the manipulation assessment is ABSENT -- not clean: no usable vendor data for: receivables days (DSRI), SG&A intensity (SGAI)",1.0,-0.01,per_item
general,GLBE,stage1_veto:refused_rows,"uInterestCoverage: 3 of 8 available rows are not computable AND report a positive `totalDebt` on the SAME row, so the refusal cannot mean the flag is inapplicable to this company -- it is missing data. Flag was ABSTAINED -- 5 row(s) is under the 6-row partial-window floor.",3.0,-0.03,per_item
,GMIN.TO,forensic_gap:beneish_components,"no usable vendor data for: receivables days (DSRI), gross margin (GMI)",2.0,-0.02,per_item
,GMIN.TO,forensic_gap:no_verdict,"the Beneish M-score could not be formed for this name, so the manipulation assessment is ABSENT -- not clean: no usable vendor data for: receivables days (DSRI), gross margin (GMI)",1.0,-0.01,per_item
,HEIJM.AS,forensic_gap:beneish_components,no usable vendor data for: SG&A intensity (SGAI),1.0,-0.01,per_item
,HEIJM.AS,forensic_gap:no_verdict,"the Beneish M-score could not be formed for this name, so the manipulation assessment is ABSENT -- not clean: no usable vendor data for: SG&A intensity (SGAI)",1.0,-0.01,per_item
general,HEIJM.AS,stage1_veto:refused_rows,"uInterestCoverage: 1 of 8 available rows are not computable AND report a positive `totalDebt` on the SAME row, so the refusal cannot mean the flag is inapplicable to this company -- it is missing data. Flag was JUDGED on the 7 row(s) that compute.",1.0,-0.01,per_item
,HEX.OL,forensic_gap:beneish_components,"no usable vendor data for: gross margin (GMI), SG&A intensity (SGAI)",2.0,-0.02,per_item
,HEX.OL,forensic_gap:no_verdict,"the Beneish M-score could not be formed for this name, so the manipulation assessment is ABSENT -- not clean: no usable vendor data for: gross margin (GMI), SG&A intensity (SGAI)",1.0,-0.01,per_item
general,HPE,stage1_veto:refused_rows,"uInterestCoverage: 3 of 8 available rows are not computable AND report a positive `totalDebt` on the SAME row, so the refusal cannot mean the flag is inapplicable to this company -- it is missing data. Flag was ABSTAINED -- 5 row(s) is under the 6-row partial-window floor.",3.0,-0.03,per_item
general,HRTX,stage1_veto:refused_rows,"uInterestCoverage: 3 of 8 available rows are not computable AND report a positive `totalDebt` on the SAME row, so the refusal cannot mean the flag is inapplicable to this company -- it is missing data. Flag was ABSTAINED -- 5 row(s) is under the 6-row partial-window floor.",3.0,-0.03,per_item
,ITG,forensic_gap:beneish_components,"no usable vendor data for: receivables days (DSRI), gross margin (GMI)",2.0,-0.02,per_item
,ITG,forensic_gap:no_verdict,"the Beneish M-score could not be formed for this name, so the manipulation assessment is ABSENT -- not clean: no usable vendor data for: receivables days (DSRI), gross margin (GMI)",1.0,-0.01,per_item
,JHD.L,forensic_gap:beneish_components,"no usable vendor data for: gross margin (GMI), SG&A intensity (SGAI)",2.0,-0.02,per_item
,JHD.L,forensic_gap:no_verdict,"the Beneish M-score could not be formed for this name, so the manipulation assessment is ABSENT -- not clean: no usable vendor data for: gross margin (GMI), SG&A intensity (SGAI)",1.0,-0.01,per_item
,JST.DE,forensic_gap:beneish_components,no usable vendor data for: SG&A intensity (SGAI),1.0,-0.01,per_item
,JST.DE,forensic_gap:no_verdict,"the Beneish M-score could not be formed for this name, so the manipulation assessment is ABSENT -- not clean: no usable vendor data for: SG&A intensity (SGAI)",1.0,-0.01,per_item
general,JST.DE,stage1_veto:refused_rows,"uInterestCoverage: 1 of 8 available rows are not computable AND report a positive `totalDebt` on the SAME row, so the refusal cannot mean the flag is inapplicable to this company -- it is missing data. Flag was JUDGED on the 7 row(s) that compute.",1.0,-0.01,per_item
,KAMBI.ST,forensic_gap:beneish_components,"no usable vendor data for: gross margin (GMI), SG&A intensity (SGAI)",2.0,-0.02,per_item
,KAMBI.ST,forensic_gap:no_verdict,"the Beneish M-score could not be formed for this name, so the manipulation assessment is ABSENT -- not clean: no usable vendor data for: gross margin (GMI), SG&A intensity (SGAI)",1.0,-0.01,per_item
general,KPN.AS,stage1_veto:refused_rows,"uInterestCoverage: 3 of 8 available rows are not computable AND report a positive `totalDebt` on the SAME row, so the refusal cannot mean the flag is inapplicable to this company -- it is missing data. Flag was ABSTAINED -- 5 row(s) is under the 6-row partial-window floor.",3.0,-0.03,per_item
,KWS.DE,forensic_gap:beneish_components,"no usable vendor data for: gross margin (GMI), SG&A intensity (SGAI)",2.0,-0.02,per_item
,KWS.DE,forensic_gap:no_verdict,"the Beneish M-score could not be formed for this name, so the manipulation assessment is ABSENT -- not clean: no usable vendor data for: gross margin (GMI), SG&A intensity (SGAI)",1.0,-0.01,per_item
,MAU.PA,forensic_gap:beneish_components,"no usable vendor data for: gross margin (GMI), SG&A intensity (SGAI)",2.0,-0.02,per_item
,MAU.PA,forensic_gap:no_verdict,"the Beneish M-score could not be formed for this name, so the manipulation assessment is ABSENT -- not clean: no usable vendor data for: gross margin (GMI), SG&A intensity (SGAI)",1.0,-0.01,per_item
,MER.TO,forensic_gap:beneish_components,"no usable vendor data for: receivables days (DSRI), gross margin (GMI)",2.0,-0.02,per_item
,MER.TO,forensic_gap:no_verdict,"the Beneish M-score could not be formed for this name, so the manipulation assessment is ABSENT -- not clean: no usable vendor data for: receivables days (DSRI), gross margin (GMI)",1.0,-0.01,per_item
general,MHO,stage1_veto:refused_rows,"uInterestCoverage: 3 of 8 available rows are not computable AND report a positive `totalDebt` on the SAME row, so the refusal cannot mean the flag is inapplicable to this company -- it is missing data. Flag was ABSTAINED -- 5 row(s) is under the 6-row partial-window floor.",3.0,-0.03,per_item
,MRU.TO,forensic_gap:beneish_components,no usable vendor data for: SG&A intensity (SGAI),1.0,-0.01,per_item
,MRU.TO,forensic_gap:no_verdict,"the Beneish M-score could not be formed for this name, so the manipulation assessment is ABSENT -- not clean: no usable vendor data for: SG&A intensity (SGAI)",1.0,-0.01,per_item
general,MRU.TO,stage1_veto:refused_rows,"uInterestCoverage: 1 of 8 available rows are not computable AND report a positive `totalDebt` on the SAME row, so the refusal cannot mean the flag is inapplicable to this company -- it is missing data. Flag was JUDGED on the 7 row(s) that compute.",1.0,-0.01,per_item
general,NBTX,stage1_veto:refused_rows,"uInterestCoverage: 3 of 8 available rows are not computable AND report a positive `totalDebt` on the SAME row, so the refusal cannot mean the flag is inapplicable to this company -- it is missing data. Flag was ABSTAINED -- 5 row(s) is under the 6-row partial-window floor.",3.0,-0.03,per_item
,NORBT.OL,forensic_gap:beneish_components,no usable vendor data for: SG&A intensity (SGAI),1.0,-0.01,per_item
,NORBT.OL,forensic_gap:no_verdict,"the Beneish M-score could not be formed for this name, so the manipulation assessment is ABSENT -- not clean: no usable vendor data for: SG&A intensity (SGAI)",1.0,-0.01,per_item
general,NORBT.OL,stage1_veto:refused_rows,"uInterestCoverage: 1 of 8 available rows are not computable AND report a positive `totalDebt` on the SAME row, so the refusal cannot mean the flag is inapplicable to this company -- it is missing data. Flag was JUDGED on the 7 row(s) that compute.",1.0,-0.01,per_item
,NORCO.OL,forensic_gap:beneish_components,"no usable vendor data for: gross margin (GMI), SG&A intensity (SGAI)",2.0,-0.02,per_item
,NORCO.OL,forensic_gap:no_verdict,"the Beneish M-score could not be formed for this name, so the manipulation assessment is ABSENT -- not clean: no usable vendor data for: gross margin (GMI), SG&A intensity (SGAI)",1.0,-0.01,per_item
general,NVTS,stage1_veto:refused_rows,"uInterestCoverage: 3 of 8 available rows are not computable AND report a positive `totalDebt` on the SAME row, so the refusal cannot mean the flag is inapplicable to this company -- it is missing data. Flag was ABSTAINED -- 5 row(s) is under the 6-row partial-window floor.",3.0,-0.03,per_item
,ODL.OL,forensic_gap:beneish_components,"no usable vendor data for: gross margin (GMI), SG&A intensity (SGAI)",2.0,-0.02,per_item
,ODL.OL,forensic_gap:no_verdict,"the Beneish M-score could not be formed for this name, so the manipulation assessment is ABSENT -- not clean: no usable vendor data for: gross margin (GMI), SG&A intensity (SGAI)",1.0,-0.01,per_item
,ORK.OL,forensic_gap:beneish_components,"no usable vendor data for: gross margin (GMI), SG&A intensity (SGAI)",2.0,-0.02,per_item
,ORK.OL,forensic_gap:no_verdict,"the Beneish M-score could not be formed for this name, so the manipulation assessment is ABSENT -- not clean: no usable vendor data for: gross margin (GMI), SG&A intensity (SGAI)",1.0,-0.01,per_item
,PAC,forensic_gap:beneish_components,no usable vendor data for: SG&A intensity (SGAI),1.0,-0.01,per_item
,PAC,forensic_gap:no_verdict,"the Beneish M-score could not be formed for this name, so the manipulation assessment is ABSENT -- not clean: no usable vendor data for: SG&A intensity (SGAI)",1.0,-0.01,per_item
general,PAC,stage1_veto:refused_rows,"uInterestCoverage: 1 of 8 available rows are not computable AND report a positive `totalDebt` on the SAME row, so the refusal cannot mean the flag is inapplicable to this company -- it is missing data. Flag was JUDGED on the 7 row(s) that compute.",1.0,-0.01,per_item
general,PYPD,stage1_veto:refused_rows,"uInterestCoverage: 3 of 8 available rows are not computable AND report a positive `totalDebt` on the SAME row, so the refusal cannot mean the flag is inapplicable to this company -- it is missing data. Flag was ABSTAINED -- 5 row(s) is under the 6-row partial-window floor.",3.0,-0.03,per_item
general,RAY-B.ST,stage1_veto:refused_rows,"uInterestCoverage: 3 of 8 available rows are not computable AND report a positive `totalDebt` on the SAME row, so the refusal cannot mean the flag is inapplicable to this company -- it is missing data. Flag was ABSTAINED -- 5 row(s) is under the 6-row partial-window floor.",3.0,-0.03,per_item
FinManager,RF.PA,stage1_veto:refused_rows,"uInterestCoverage: 3 of 8 available rows are not computable AND report a positive `totalDebt` on the SAME row, so the refusal cannot mean the flag is inapplicable to this company -- it is missing data. Flag was ABSTAINED -- 5 row(s) is under the 6-row partial-window floor.",3.0,-0.03,per_item
,RR.L,forensic_gap:beneish_components,no usable vendor data for: SG&A intensity (SGAI),1.0,-0.01,per_item
,RR.L,forensic_gap:no_verdict,"the Beneish M-score could not be formed for this name, so the manipulation assessment is ABSENT -- not clean: no usable vendor data for: SG&A intensity (SGAI)",1.0,-0.01,per_item
general,RR.L,stage1_veto:refused_rows,"uInterestCoverage: 1 of 8 available rows are not computable AND report a positive `totalDebt` on the SAME row, so the refusal cannot mean the flag is inapplicable to this company -- it is missing data. Flag was JUDGED on the 7 row(s) that compute.",1.0,-0.01,per_item
,RVRC.ST,forensic_gap:beneish_components,no usable vendor data for: SG&A intensity (SGAI),1.0,-0.01,per_item
,RVRC.ST,forensic_gap:no_verdict,"the Beneish M-score could not be formed for this name, so the manipulation assessment is ABSENT -- not clean: no usable vendor data for: SG&A intensity (SGAI)",1.0,-0.01,per_item
general,RVRC.ST,stage1_veto:refused_rows,"uInterestCoverage: 1 of 8 available rows are not computable AND report a positive `totalDebt` on the SAME row, so the refusal cannot mean the flag is inapplicable to this company -- it is missing data. Flag was JUDGED on the 7 row(s) that compute.",1.0,-0.01,per_item
,S92.DE,forensic_gap:beneish_components,no usable vendor data for: gross margin (GMI),1.0,-0.01,per_item
,S92.DE,forensic_gap:no_verdict,"the Beneish M-score could not be formed for this name, so the manipulation assessment is ABSENT -- not clean: no usable vendor data for: gross margin (GMI)",1.0,-0.01,per_item
general,S92.DE,stage1_veto:refused_rows,"uInterestCoverage: 1 of 8 available rows are not computable AND report a positive `totalDebt` on the SAME row, so the refusal cannot mean the flag is inapplicable to this company -- it is missing data. Flag was JUDGED on the 7 row(s) that compute.",1.0,-0.01,per_item
,SMOP.OL,forensic_gap:beneish_components,no usable vendor data for: SG&A intensity (SGAI),1.0,-0.01,per_item
,SMOP.OL,forensic_gap:no_verdict,"the Beneish M-score could not be formed for this name, so the manipulation assessment is ABSENT -- not clean: no usable vendor data for: SG&A intensity (SGAI)",1.0,-0.01,per_item
general,SMOP.OL,stage1_veto:refused_rows,"uInterestCoverage: 1 of 8 available rows are not computable AND report a positive `totalDebt` on the SAME row, so the refusal cannot mean the flag is inapplicable to this company -- it is missing data. Flag was JUDGED on the 7 row(s) that compute.",1.0,-0.01,per_item
,SZU.DE,forensic_gap:beneish_components,"no usable vendor data for: gross margin (GMI), SG&A intensity (SGAI)",2.0,-0.02,per_item
,SZU.DE,forensic_gap:no_verdict,"the Beneish M-score could not be formed for this name, so the manipulation assessment is ABSENT -- not clean: no usable vendor data for: gross margin (GMI), SG&A intensity (SGAI)",1.0,-0.01,per_item
,TATE.L,forensic_gap:beneish_components,"no usable vendor data for: gross margin (GMI), SG&A intensity (SGAI)",2.0,-0.02,per_item
,TATE.L,forensic_gap:no_verdict,"the Beneish M-score could not be formed for this name, so the manipulation assessment is ABSENT -- not clean: no usable vendor data for: gross margin (GMI), SG&A intensity (SGAI)",1.0,-0.01,per_item
general,TE,stage1_veto:refused_rows,"uInterestCoverage: 3 of 8 available rows are not computable AND report a positive `totalDebt` on the SAME row, so the refusal cannot mean the flag is inapplicable to this company -- it is missing data. Flag was ABSTAINED -- 5 row(s) is under the 6-row partial-window floor.",3.0,-0.03,per_item
general,TELIA.ST,stage1_veto:refused_rows,"uInterestCoverage: 3 of 8 available rows are not computable AND report a positive `totalDebt` on the SAME row, so the refusal cannot mean the flag is inapplicable to this company -- it is missing data. Flag was ABSTAINED -- 5 row(s) is under the 6-row partial-window floor.",3.0,-0.03,per_item
,TFI.PA,forensic_gap:beneish_components,no usable vendor data for: SG&A intensity (SGAI),1.0,-0.01,per_item
,TFI.PA,forensic_gap:no_verdict,"the Beneish M-score could not be formed for this name, so the manipulation assessment is ABSENT -- not clean: no usable vendor data for: SG&A intensity (SGAI)",1.0,-0.01,per_item
general,TFI.PA,stage1_veto:refused_rows,"uInterestCoverage: 1 of 8 available rows are not computable AND report a positive `totalDebt` on the SAME row, so the refusal cannot mean the flag is inapplicable to this company -- it is missing data. Flag was JUDGED on the 7 row(s) that compute.",1.0,-0.01,per_item
,TNZ.TO,forensic_gap:beneish_components,no usable vendor data for: gross margin (GMI),1.0,-0.01,per_item
,TNZ.TO,forensic_gap:no_verdict,"the Beneish M-score could not be formed for this name, so the manipulation assessment is ABSENT -- not clean: no usable vendor data for: gross margin (GMI)",1.0,-0.01,per_item
general,TNZ.TO,stage1_veto:refused_rows,"uInterestCoverage: 1 of 8 available rows are not computable AND report a positive `totalDebt` on the SAME row, so the refusal cannot mean the flag is inapplicable to this company -- it is missing data. Flag was JUDGED on the 7 row(s) that compute.",1.0,-0.01,per_item
,TOT.TO,forensic_gap:beneish_components,no usable vendor data for: asset quality (AQI),1.0,-0.01,per_item
,TOT.TO,forensic_gap:no_verdict,"the Beneish M-score could not be formed for this name, so the manipulation assessment is ABSENT -- not clean: no usable vendor data for: asset quality (AQI)",1.0,-0.01,per_item
general,TOT.TO,stage1_veto:refused_rows,"uInterestCoverage: 1 of 8 available rows are not computable AND report a positive `totalDebt` on the SAME row, so the refusal cannot mean the flag is inapplicable to this company -- it is missing data. Flag was JUDGED on the 7 row(s) that compute.",1.0,-0.01,per_item
,UGI,forensic_gap:beneish_components,no usable vendor data for: SG&A intensity (SGAI),1.0,-0.01,per_item
,UGI,forensic_gap:no_verdict,"the Beneish M-score could not be formed for this name, so the manipulation assessment is ABSENT -- not clean: no usable vendor data for: SG&A intensity (SGAI)",1.0,-0.01,per_item
general,UGI,stage1_veto:refused_rows,"uInterestCoverage: 1 of 8 available rows are not computable AND report a positive `totalDebt` on the SAME row, so the refusal cannot mean the flag is inapplicable to this company -- it is missing data. Flag was JUDGED on the 7 row(s) that compute.",1.0,-0.01,per_item
general,UL,stage1_veto:refused_rows,"uInterestCoverage: 3 of 8 available rows are not computable AND report a positive `totalDebt` on the SAME row, so the refusal cannot mean the flag is inapplicable to this company -- it is missing data. Flag was ABSTAINED -- 5 row(s) is under the 6-row partial-window floor.",3.0,-0.03,per_item
,VCT.PA,forensic_gap:beneish_components,"no usable vendor data for: gross margin (GMI), SG&A intensity (SGAI)",2.0,-0.02,per_item
,VCT.PA,forensic_gap:no_verdict,"the Beneish M-score could not be formed for this name, so the manipulation assessment is ABSENT -- not clean: no usable vendor data for: gross margin (GMI), SG&A intensity (SGAI)",1.0,-0.01,per_item
,VSEC,forensic_gap:beneish_components,no usable vendor data for: SG&A intensity (SGAI),1.0,-0.01,per_item
,VSEC,forensic_gap:no_verdict,"the Beneish M-score could not be formed for this name, so the manipulation assessment is ABSENT -- not clean: no usable vendor data for: SG&A intensity (SGAI)",1.0,-0.01,per_item
general,VSEC,stage1_veto:refused_rows,"uInterestCoverage: 1 of 8 available rows are not computable AND report a positive `totalDebt` on the SAME row, so the refusal cannot mean the flag is inapplicable to this company -- it is missing data. Flag was JUDGED on the 7 row(s) that compute.",1.0,-0.01,per_item
,WWI.OL,forensic_gap:beneish_components,"no usable vendor data for: receivables days (DSRI), SG&A intensity (SGAI)",2.0,-0.02,per_item
,WWI.OL,forensic_gap:no_verdict,"the Beneish M-score could not be formed for this name, so the manipulation assessment is ABSENT -- not clean: no usable vendor data for: receivables days (DSRI), SG&A intensity (SGAI)",1.0,-0.01,per_item
,000720.KS,forensic_gap:beneish_components,no usable vendor data for: gross margin (GMI),1.0,-0.01,per_item
,000720.KS,forensic_gap:no_verdict,"the Beneish M-score could not be formed for this name, so the manipulation assessment is ABSENT -- not clean: no usable vendor data for: gross margin (GMI)",1.0,-0.01,per_item
,001430.KS,forensic_gap:beneish_components,no usable vendor data for: gross margin (GMI),1.0,-0.01,per_item
,001430.KS,forensic_gap:no_verdict,"the Beneish M-score could not be formed for this name, so the manipulation assessment is ABSENT -- not clean: no usable vendor data for: gross margin (GMI)",1.0,-0.01,per_item
,001820.KS,forensic_gap:beneish_components,no usable vendor data for: SG&A intensity (SGAI),1.0,-0.01,per_item
,001820.KS,forensic_gap:no_verdict,"the Beneish M-score could not be formed for this name, so the manipulation assessment is ABSENT -- not clean: no usable vendor data for: SG&A intensity (SGAI)",1.0,-0.01,per_item
,003550.KS,forensic_gap:beneish_components,no usable vendor data for: gross margin (GMI),1.0,-0.01,per_item
,003550.KS,forensic_gap:no_verdict,"the Beneish M-score could not be formed for this name, so the manipulation assessment is ABSENT -- not clean: no usable vendor data for: gross margin (GMI)",1.0,-0.01,per_item
,005500.KS,forensic_gap:beneish_components,no usable vendor data for: SG&A intensity (SGAI),1.0,-0.01,per_item
,005500.KS,forensic_gap:no_verdict,"the Beneish M-score could not be formed for this name, so the manipulation assessment is ABSENT -- not clean: no usable vendor data for: SG&A intensity (SGAI)",1.0,-0.01,per_item
,006110.KS,forensic_gap:beneish_components,no usable vendor data for: gross margin (GMI),1.0,-0.01,per_item
,006110.KS,forensic_gap:no_verdict,"the Beneish M-score could not be formed for this name, so the manipulation assessment is ABSENT -- not clean: no usable vendor data for: gross margin (GMI)",1.0,-0.01,per_item
,011170.KS,forensic_gap:beneish_components,no usable vendor data for: gross margin (GMI),1.0,-0.01,per_item
,011170.KS,forensic_gap:no_verdict,"the Beneish M-score could not be formed for this name, so the manipulation assessment is ABSENT -- not clean: no usable vendor data for: gross margin (GMI)",1.0,-0.01,per_item
,025560.KS,forensic_gap:beneish_components,no usable vendor data for: gross margin (GMI),1.0,-0.01,per_item
,025560.KS,forensic_gap:no_verdict,"the Beneish M-score could not be formed for this name, so the manipulation assessment is ABSENT -- not clean: no usable vendor data for: gross margin (GMI)",1.0,-0.01,per_item
,067160.KQ,forensic_gap:beneish_components,no usable vendor data for: gross margin (GMI),1.0,-0.01,per_item
,067160.KQ,forensic_gap:no_verdict,"the Beneish M-score could not be formed for this name, so the manipulation assessment is ABSENT -- not clean: no usable vendor data for: gross margin (GMI)",1.0,-0.01,per_item
,068760.KQ,forensic_gap:beneish_components,no usable vendor data for: SG&A intensity (SGAI),1.0,-0.01,per_item
,068760.KQ,forensic_gap:no_verdict,"the Beneish M-score could not be formed for this name, so the manipulation assessment is ABSENT -- not clean: no usable vendor data for: SG&A intensity (SGAI)",1.0,-0.01,per_item
,0QM9.L,forensic_gap:beneish_components,no usable vendor data for: SG&A intensity (SGAI),1.0,-0.01,per_item
,0QM9.L,forensic_gap:no_verdict,"the Beneish M-score could not be formed for this name, so the manipulation assessment is ABSENT -- not clean: no usable vendor data for: SG&A intensity (SGAI)",1.0,-0.01,per_item
REIT,0QOG.L,stage1_veto:refused_rows,"reitEbitdaInterestCoverage: 2 of 8 available rows are not computable AND report a positive `totalDebt` on the SAME row, so the refusal cannot mean the flag is inapplicable to this company -- it is missing data. Flag was JUDGED on the 6 row(s) that compute.",2.0,-0.02,per_item
general,0QW8.L,stage1_veto:refused_rows,"uInterestCoverage: 2 of 8 available rows are not computable AND report a positive `totalDebt` on the SAME row, so the refusal cannot mean the flag is inapplicable to this company -- it is missing data. Flag was JUDGED on the 6 row(s) that compute.",2.0,-0.02,per_item
general,0YG8.L,stage1_veto:refused_rows,"uInterestCoverage: 1 of 8 available rows are not computable AND report a positive `totalDebt` on the SAME row, so the refusal cannot mean the flag is inapplicable to this company -- it is missing data. Flag was JUDGED on the 7 row(s) that compute.",1.0,-0.01,per_item
general,0YG8.L,unpriceable:no_traded_value_reading,"no usable traded-value reading: dollarVolume_usd could not be formed (no profile price, no trading currency, no FX rate, or no volAvg capture), so the $/day floor could not judge this name and kept it. It is charged rather than screened.",1.0,-0.01,per_item
,0Z4C.L,forensic_gap:beneish_components,no usable vendor data for: SG&A intensity (SGAI),1.0,-0.01,per_item
,0Z4C.L,forensic_gap:no_verdict,"the Beneish M-score could not be formed for this name, so the manipulation assessment is ABSENT -- not clean: no usable vendor data for: SG&A intensity (SGAI)",1.0,-0.01,per_item
general,112040.KQ,stage1_veto:refused_rows,"uInterestCoverage: 2 of 8 available rows are not computable AND report a positive `totalDebt` on the SAME row, so the refusal cannot mean the flag is inapplicable to this company -- it is missing data. Flag was JUDGED on the 6 row(s) that compute.",2.0,-0.02,per_item
,121600.KQ,forensic_gap:beneish_components,no usable vendor data for: asset quality (AQI),1.0,-0.01,per_item
,121600.KQ,forensic_gap:no_verdict,"the Beneish M-score could not be formed for this name, so the manipulation assessment is ABSENT -- not clean: no usable vendor data for: asset quality (AQI)",1.0,-0.01,per_item
,161390.KS,forensic_gap:beneish_components,no usable vendor data for: asset quality (AQI),1.0,-0.01,per_item
,161390.KS,forensic_gap:no_verdict,"the Beneish M-score could not be formed for this name, so the manipulation assessment is ABSENT -- not clean: no usable vendor data for: asset quality (AQI)",1.0,-0.01,per_item
,192080.KS,forensic_gap:beneish_components,no usable vendor data for: gross margin (GMI),1.0,-0.01,per_item
,192080.KS,forensic_gap:no_verdict,"the Beneish M-score could not be formed for this name, so the manipulation assessment is ABSENT -- not clean: no usable vendor data for: gross margin (GMI)",1.0,-0.01,per_item
,207940.KS,forensic_gap:beneish_components,no usable vendor data for: receivables days (DSRI),1.0,-0.01,per_item
,207940.KS,forensic_gap:no_verdict,"the Beneish M-score could not be formed for this name, so the manipulation assessment is ABSENT -- not clean: no usable vendor data for: receivables days (DSRI)",1.0,-0.01,per_item
general,237690.KQ,stage1_veto:refused_rows,"uInterestCoverage: 2 of 8 available rows are not computable AND report a positive `totalDebt` on the SAME row, so the refusal cannot mean the flag is inapplicable to this company -- it is missing data. Flag was JUDGED on the 6 row(s) that compute.",2.0,-0.02,per_item
general,253450.KQ,stage1_veto:refused_rows,"uInterestCoverage: 2 of 8 available rows are not computable AND report a positive `totalDebt` on the SAME row, so the refusal cannot mean the flag is inapplicable to this company -- it is missing data. Flag was JUDGED on the 6 row(s) that compute.",2.0,-0.02,per_item
,259960.KS,forensic_gap:beneish_components,no usable vendor data for: gross margin (GMI),1.0,-0.01,per_item
,259960.KS,forensic_gap:no_verdict,"the Beneish M-score could not be formed for this name, so the manipulation assessment is ABSENT -- not clean: no usable vendor data for: gross margin (GMI)",1.0,-0.01,per_item
,304100.KQ,forensic_gap:beneish_components,no usable vendor data for: gross margin (GMI),1.0,-0.01,per_item
,304100.KQ,forensic_gap:no_verdict,"the Beneish M-score could not be formed for this name, so the manipulation assessment is ABSENT -- not clean: no usable vendor data for: gross margin (GMI)",1.0,-0.01,per_item
,376300.KQ,forensic_gap:beneish_components,no usable vendor data for: gross margin (GMI),1.0,-0.01,per_item
,376300.KQ,forensic_gap:no_verdict,"the Beneish M-score could not be formed for this name, so the manipulation assessment is ABSENT -- not clean: no usable vendor data for: gross margin (GMI)",1.0,-0.01,per_item
,AAK.ST,forensic_gap:beneish_components,no usable vendor data for: SG&A intensity (SGAI),1.0,-0.01,per_item
,AAK.ST,forensic_gap:no_verdict,"the Beneish M-score could not be formed for this name, so the manipulation assessment is ABSENT -- not clean: no usable vendor data for: SG&A intensity (SGAI)",1.0,-0.01,per_item
,AAL.L,forensic_gap:beneish_components,no usable vendor data for: gross margin (GMI),1.0,-0.01,per_item
,AAL.L,forensic_gap:no_verdict,"the Beneish M-score could not be formed for this name, so the manipulation assessment is ABSENT -- not clean: no usable vendor data for: gross margin (GMI)",1.0,-0.01,per_item
,AC.PA,forensic_gap:beneish_components,no usable vendor data for: SG&A intensity (SGAI),1.0,-0.01,per_item
,AC.PA,forensic_gap:no_verdict,"the Beneish M-score could not be formed for this name, so the manipulation assessment is ABSENT -- not clean: no usable vendor data for: SG&A intensity (SGAI)",1.0,-0.01,per_item
,AIN,forensic_gap:beneish_components,no usable vendor data for: gross margin (GMI),1.0,-0.01,per_item
,AIN,forensic_gap:no_verdict,"the Beneish M-score could not be formed for this name, so the manipulation assessment is ABSENT -- not clean: no usable vendor data for: gross margin (GMI)",1.0,-0.01,per_item
,AKBA,forensic_gap:no_verdict,"the Beneish M-score could not be formed for this name, so the manipulation assessment is ABSENT -- not clean: fewer than half the trailing-year periods are computable (1 of 4), so the mean would not be a trailing-year mean",1.0,-0.01,per_item
general,AKBA,stage1_veto:refused_rows,"uInterestCoverage: 1 of 8 available rows are not computable AND report a positive `totalDebt` on the SAME row, so the refusal cannot mean the flag is inapplicable to this company -- it is missing data. Flag was JUDGED on the 7 row(s) that compute.",1.0,-0.01,per_item
,AKRBP.OL,forensic_gap:beneish_components,no usable vendor data for: SG&A intensity (SGAI),1.0,-0.01,per_item
,AKRBP.OL,forensic_gap:no_verdict,"the Beneish M-score could not be formed for this name, so the manipulation assessment is ABSENT -- not clean: no usable vendor data for: SG&A intensity (SGAI)",1.0,-0.01,per_item
,ALFEN.AS,forensic_gap:beneish_components,no usable vendor data for: gross margin (GMI),1.0,-0.01,per_item
,ALFEN.AS,forensic_gap:no_verdict,"the Beneish M-score could not be formed for this name, so the manipulation assessment is ABSENT -- not clean: no usable vendor data for: gross margin (GMI)",1.0,-0.01,per_item
,ALIG.ST,forensic_gap:beneish_components,no usable vendor data for: SG&A intensity (SGAI),1.0,-0.01,per_item
,ALIG.ST,forensic_gap:no_verdict,"the Beneish M-score could not be formed for this name, so the manipulation assessment is ABSENT -- not clean: no usable vendor data for: SG&A intensity (SGAI)",1.0,-0.01,per_item
,ALTR.LS,forensic_gap:beneish_components,no usable vendor data for: SG&A intensity (SGAI),1.0,-0.01,per_item
,ALTR.LS,forensic_gap:no_verdict,"the Beneish M-score could not be formed for this name, so the manipulation assessment is ABSENT -- not clean: no usable vendor data for: SG&A intensity (SGAI)",1.0,-0.01,per_item
,AM.PA,forensic_gap:beneish_components,no usable vendor data for: SG&A intensity (SGAI),1.0,-0.01,per_item
,AM.PA,forensic_gap:no_verdict,"the Beneish M-score could not be formed for this name, so the manipulation assessment is ABSENT -- not clean: no usable vendor data for: SG&A intensity (SGAI)",1.0,-0.01,per_item
,ANDE,forensic_gap:beneish_components,no usable vendor data for: SG&A intensity (SGAI),1.0,-0.01,per_item
,ANDE,forensic_gap:no_verdict,"the Beneish M-score could not be formed for this name, so the manipulation assessment is ABSENT -- not clean: no usable vendor data for: SG&A intensity (SGAI)",1.0,-0.01,per_item
,ARCAD.AS,forensic_gap:beneish_components,no usable vendor data for: SG&A intensity (SGAI),1.0,-0.01,per_item
,ARCAD.AS,forensic_gap:no_verdict,"the Beneish M-score could not be formed for this name, so the manipulation assessment is ABSENT -- not clean: no usable vendor data for: SG&A intensity (SGAI)",1.0,-0.01,per_item
,ARE.TO,forensic_gap:beneish_components,no usable vendor data for: gross margin (GMI),1.0,-0.01,per_item
,ARE.TO,forensic_gap:no_verdict,"the Beneish M-score could not be formed for this name, so the manipulation assessment is ABSENT -- not clean: no usable vendor data for: gross margin (GMI)",1.0,-0.01,per_item
,AUSS.OL,forensic_gap:beneish_components,no usable vendor data for: SG&A intensity (SGAI),1.0,-0.01,per_item
,AUSS.OL,forensic_gap:no_verdict,"the Beneish M-score could not be formed for this name, so the manipulation assessment is ABSENT -- not clean: no usable vendor data for: SG&A intensity (SGAI)",1.0,-0.01,per_item
,AYA.TO,forensic_gap:beneish_components,no usable vendor data for: gross margin (GMI),1.0,-0.01,per_item
,AYA.TO,forensic_gap:no_verdict,"the Beneish M-score could not be formed for this name, so the manipulation assessment is ABSENT -- not clean: no usable vendor data for: gross margin (GMI)",1.0,-0.01,per_item
,BA.L,forensic_gap:beneish_components,no usable vendor data for: SG&A intensity (SGAI),1.0,-0.01,per_item
,BA.L,forensic_gap:no_verdict,"the Beneish M-score could not be formed for this name, so the manipulation assessment is ABSENT -- not clean: no usable vendor data for: SG&A intensity (SGAI)",1.0,-0.01,per_item
,BAHN-B.ST,forensic_gap:beneish_components,no usable vendor data for: SG&A intensity (SGAI),1.0,-0.01,per_item
,BAHN-B.ST,forensic_gap:no_verdict,"the Beneish M-score could not be formed for this name, so the manipulation assessment is ABSENT -- not clean: no usable vendor data for: SG&A intensity (SGAI)",1.0,-0.01,per_item
,BAKKA.OL,forensic_gap:beneish_components,no usable vendor data for: gross margin (GMI),1.0,-0.01,per_item
,BAKKA.OL,forensic_gap:no_verdict,"the Beneish M-score could not be formed for this name, so the manipulation assessment is ABSENT -- not clean: no usable vendor data for: gross margin (GMI)",1.0,-0.01,per_item
general,BB.PA,stage1_veto:refused_rows,"uInterestCoverage: 2 of 8 available rows are not computable AND report a positive `totalDebt` on the SAME row, so the refusal cannot mean the flag is inapplicable to this company -- it is missing data. Flag was JUDGED on the 6 row(s) that compute.",2.0,-0.02,per_item
general,BBUC,stage1_veto:refused_rows,"uInterestCoverage: 2 of 8 available rows are not computable AND report a positive `totalDebt` on the SAME row, so the refusal cannot mean the flag is inapplicable to this company -- it is missing data. Flag was JUDGED on the 6 row(s) that compute.",2.0,-0.02,per_item
,BEIJ-B.ST,forensic_gap:beneish_components,no usable vendor data for: SG&A intensity (SGAI),1.0,-0.01,per_item
,BEIJ-B.ST,forensic_gap:no_verdict,"the Beneish M-score could not be formed for this name, so the manipulation assessment is ABSENT -- not clean: no usable vendor data for: SG&A intensity (SGAI)",1.0,-0.01,per_item
,BFSA.DE,forensic_gap:beneish_components,no usable vendor data for: gross margin (GMI),1.0,-0.01,per_item
,BFSA.DE,forensic_gap:no_verdict,"the Beneish M-score could not be formed for this name, so the manipulation assessment is ABSENT -- not clean: no usable vendor data for: gross margin (GMI)",1.0,-0.01,per_item
,BILL.ST,forensic_gap:beneish_components,no usable vendor data for: SG&A intensity (SGAI),1.0,-0.01,per_item
,BILL.ST,forensic_gap:no_verdict,"the Beneish M-score could not be formed for this name, so the manipulation assessment is ABSENT -- not clean: no usable vendor data for: SG&A intensity (SGAI)",1.0,-0.01,per_item
general,BIM.PA,stage1_veto:refused_rows,"uInterestCoverage: 2 of 8 available rows are not computable AND report a positive `totalDebt` on the SAME row, so the refusal cannot mean the flag is inapplicable to this company -- it is missing data. Flag was JUDGED on the 6 row(s) that compute.",2.0,-0.02,per_item
,BIOG-B.ST,forensic_gap:beneish_components,no usable vendor data for: receivables days (DSRI),1.0,-0.01,per_item
,BIOG-B.ST,forensic_gap:no_verdict,"the Beneish M-score could not be formed for this name, so the manipulation assessment is ABSENT -- not clean: no usable vendor data for: receivables days (DSRI)",1.0,-0.01,per_item
,BKNG,forensic_gap:beneish_components,no usable vendor data for: gross margin (GMI),1.0,-0.01,per_item
,BKNG,forensic_gap:no_verdict,"the Beneish M-score could not be formed for this name, so the manipulation assessment is ABSENT -- not clean: no usable vendor data for: gross margin (GMI)",1.0,-0.01,per_item
general,BLNK,stage1_veto:refused_rows,"uInterestCoverage: 2 of 8 available rows are not computable AND report a positive `totalDebt` on the SAME row, so the refusal cannot mean the flag is inapplicable to this company -- it is missing data. Flag was JUDGED on the 6 row(s) that compute.",2.0,-0.02,per_item
,BNOR.OL,forensic_gap:beneish_components,no usable vendor data for: SG&A intensity (SGAI),1.0,-0.01,per_item
,BNOR.OL,forensic_gap:no_verdict,"the Beneish M-score could not be formed for this name, so the manipulation assessment is ABSENT -- not clean: no usable vendor data for: SG&A intensity (SGAI)",1.0,-0.01,per_item
,BOOZT.ST,forensic_gap:beneish_components,no usable vendor data for: SG&A intensity (SGAI),1.0,-0.01,per_item
,BOOZT.ST,forensic_gap:no_verdict,"the Beneish M-score could not be formed for this name, so the manipulation assessment is ABSENT -- not clean: no usable vendor data for: SG&A intensity (SGAI)",1.0,-0.01,per_item
general,BT-A.L,stage1_veto:refused_rows,"uInterestCoverage: 2 of 8 available rows are not computable AND report a positive `totalDebt` on the SAME row, so the refusal cannot mean the flag is inapplicable to this company -- it is missing data. Flag was JUDGED on the 6 row(s) that compute.",2.0,-0.02,per_item
,CAI,forensic_gap:no_verdict,"the Beneish M-score could not be formed for this name, so the manipulation assessment is ABSENT -- not clean: fewer than half the trailing-year periods are computable (1 of 4), so the mean would not be a trailing-year mean",1.0,-0.01,per_item
general,CAI,stage1_veto:refused_rows,"uInterestCoverage: 1 of 8 available rows are not computable AND report a positive `totalDebt` on the SAME row, so the refusal cannot mean the flag is inapplicable to this company -- it is missing data. Flag was JUDGED on the 7 row(s) that compute.",1.0,-0.01,per_item
REIT,CARM.PA,stage1_veto:refused_rows,"reitEbitdaInterestCoverage: 2 of 8 available rows are not computable AND report a positive `totalDebt` on the SAME row, so the refusal cannot mean the flag is inapplicable to this company -- it is missing data. Flag was JUDGED on the 6 row(s) that compute.",2.0,-0.02,per_item
,CC,forensic_gap:beneish_components,no usable vendor data for: SG&A intensity (SGAI),1.0,-0.01,per_item
,CC,forensic_gap:no_verdict,"the Beneish M-score could not be formed for this name, so the manipulation assessment is ABSENT -- not clean: no usable vendor data for: SG&A intensity (SGAI)",1.0,-0.01,per_item
,CFP.TO,forensic_gap:beneish_components,no usable vendor data for: gross margin (GMI),1.0,-0.01,per_item
,CFP.TO,forensic_gap:no_verdict,"the Beneish M-score could not be formed for this name, so the manipulation assessment is ABSENT -- not clean: no usable vendor data for: gross margin (GMI)",1.0,-0.01,per_item
,CLA-B.ST,forensic_gap:beneish_components,no usable vendor data for: receivables days (DSRI),1.0,-0.01,per_item
,CLA-B.ST,forensic_gap:no_verdict,"the Beneish M-score could not be formed for this name, so the manipulation assessment is ABSENT -- not clean: no usable vendor data for: receivables days (DSRI)",1.0,-0.01,per_item
,CLW,forensic_gap:beneish_components,no usable vendor data for: gross margin (GMI),1.0,-0.01,per_item
,CLW,forensic_gap:no_verdict,"the Beneish M-score could not be formed for this name, so the manipulation assessment is ABSENT -- not clean: no usable vendor data for: gross margin (GMI)",1.0,-0.01,per_item
,COK.DE,forensic_gap:beneish_components,no usable vendor data for: SG&A intensity (SGAI),1.0,-0.01,per_item
,COK.DE,forensic_gap:no_verdict,"the Beneish M-score could not be formed for this name, so the manipulation assessment is ABSENT -- not clean: no usable vendor data for: SG&A intensity (SGAI)",1.0,-0.01,per_item
,COR.LS,forensic_gap:beneish_components,no usable vendor data for: SG&A intensity (SGAI),1.0,-0.01,per_item
,COR.LS,forensic_gap:no_verdict,"the Beneish M-score could not be formed for this name, so the manipulation assessment is ABSENT -- not clean: no usable vendor data for: SG&A intensity (SGAI)",1.0,-0.01,per_item
,CPX.TO,forensic_gap:beneish_components,no usable vendor data for: gross margin (GMI),1.0,-0.01,per_item
,CPX.TO,forensic_gap:no_verdict,"the Beneish M-score could not be formed for this name, so the manipulation assessment is ABSENT -- not clean: no usable vendor data for: gross margin (GMI)",1.0,-0.01,per_item
general,CRM,stage1_veto:refused_rows,"uInterestCoverage: 2 of 8 available rows are not computable AND report a positive `totalDebt` on the SAME row, so the refusal cannot mean the flag is inapplicable to this company -- it is missing data. Flag was JUDGED on the 6 row(s) that compute.",2.0,-0.02,per_item
general,CRMD,stage1_veto:refused_rows,"uInterestCoverage: 2 of 8 available rows are not computable AND report a positive `totalDebt` on the SAME row, so the refusal cannot mean the flag is inapplicable to this company -- it is missing data. Flag was JUDGED on the 6 row(s) that compute.",2.0,-0.02,per_item
,CX,forensic_gap:beneish_components,no usable vendor data for: SG&A intensity (SGAI),1.0,-0.01,per_item
,CX,forensic_gap:no_verdict,"the Beneish M-score could not be formed for this name, so the manipulation assessment is ABSENT -- not clean: no usable vendor data for: SG&A intensity (SGAI)",1.0,-0.01,per_item
,DBG.PA,forensic_gap:beneish_components,no usable vendor data for: gross margin (GMI),1.0,-0.01,per_item
,DBG.PA,forensic_gap:no_verdict,"the Beneish M-score could not be formed for this name, so the manipulation assessment is ABSENT -- not clean: no usable vendor data for: gross margin (GMI)",1.0,-0.01,per_item
,DEZ.DE,forensic_gap:beneish_components,no usable vendor data for: SG&A intensity (SGAI),1.0,-0.01,per_item
,DEZ.DE,forensic_gap:no_verdict,"the Beneish M-score could not be formed for this name, so the manipulation assessment is ABSENT -- not clean: no usable vendor data for: SG&A intensity (SGAI)",1.0,-0.01,per_item
,DLTR,forensic_gap:beneish_components,no usable vendor data for: receivables days (DSRI),1.0,-0.01,per_item
,DLTR,forensic_gap:no_verdict,"the Beneish M-score could not be formed for this name, so the manipulation assessment is ABSENT -- not clean: no usable vendor data for: receivables days (DSRI)",1.0,-0.01,per_item
general,DUOT,stage1_veto:refused_rows,"uInterestCoverage: 2 of 8 available rows are not computable AND report a positive `totalDebt` on the SAME row, so the refusal cannot mean the flag is inapplicable to this company -- it is missing data. Flag was JUDGED on the 6 row(s) that compute.",2.0,-0.02,per_item
,E,forensic_gap:beneish_components,no usable vendor data for: SG&A intensity (SGAI),1.0,-0.01,per_item
,E,forensic_gap:no_verdict,"the Beneish M-score could not be formed for this name, so the manipulation assessment is ABSENT -- not clean: no usable vendor data for: SG&A intensity (SGAI)",1.0,-0.01,per_item
,ECO,forensic_gap:beneish_components,no usable vendor data for: asset quality (AQI),1.0,-0.01,per_item
,ECO,forensic_gap:no_verdict,"the Beneish M-score could not be formed for this name, so the manipulation assessment is ABSENT -- not clean: no usable vendor data for: asset quality (AQI)",1.0,-0.01,per_item
,ECOR.L,forensic_gap:beneish_components,no usable vendor data for: SG&A intensity (SGAI),1.0,-0.01,per_item
,ECOR.L,forensic_gap:no_verdict,"the Beneish M-score could not be formed for this name, so the manipulation assessment is ABSENT -- not clean: no usable vendor data for: SG&A intensity (SGAI)",1.0,-0.01,per_item
general,EDPR.LS,stage1_veto:refused_rows,"uInterestCoverage: 2 of 8 available rows are not computable AND report a positive `totalDebt` on the SAME row, so the refusal cannot mean the flag is inapplicable to this company -- it is missing data. Flag was JUDGED on the 6 row(s) that compute.",2.0,-0.02,per_item
,ELMRA.OL,forensic_gap:beneish_components,no usable vendor data for: SG&A intensity (SGAI),1.0,-0.01,per_item
,ELMRA.OL,forensic_gap:no_verdict,"the Beneish M-score could not be formed for this name, so the manipulation assessment is ABSENT -- not clean: no usable vendor data for: SG&A intensity (SGAI)",1.0,-0.01,per_item
,ELO.OL,forensic_gap:beneish_components,no usable vendor data for: SG&A intensity (SGAI),1.0,-0.01,per_item
,ELO.OL,forensic_gap:no_verdict,"the Beneish M-score could not be formed for this name, so the manipulation assessment is ABSENT -- not clean: no usable vendor data for: SG&A intensity (SGAI)",1.0,-0.01,per_item
,ELV,forensic_gap:beneish_components,no usable vendor data for: SG&A intensity (SGAI),1.0,-0.01,per_item
,ELV,forensic_gap:no_verdict,"the Beneish M-score could not be formed for this name, so the manipulation assessment is ABSENT -- not clean: no usable vendor data for: SG&A intensity (SGAI)",1.0,-0.01,per_item
,EMBRAC-B.ST,forensic_gap:beneish_components,no usable vendor data for: SG&A intensity (SGAI),1.0,-0.01,per_item
,EMBRAC-B.ST,forensic_gap:no_verdict,"the Beneish M-score could not be formed for this name, so the manipulation assessment is ABSENT -- not clean: no usable vendor data for: SG&A intensity (SGAI)",1.0,-0.01,per_item
,ENGI.PA,forensic_gap:beneish_components,no usable vendor data for: SG&A intensity (SGAI),1.0,-0.01,per_item
,ENGI.PA,forensic_gap:no_verdict,"the Beneish M-score could not be formed for this name, so the manipulation assessment is ABSENT -- not clean: no usable vendor data for: SG&A intensity (SGAI)",1.0,-0.01,per_item
,ENH.OL,forensic_gap:beneish_components,no usable vendor data for: asset quality (AQI),1.0,-0.01,per_item
,ENH.OL,forensic_gap:no_verdict,"the Beneish M-score could not be formed for this name, so the manipulation assessment is ABSENT -- not clean: no usable vendor data for: asset quality (AQI)",1.0,-0.01,per_item
,ENS,forensic_gap:beneish_components,no usable vendor data for: SG&A intensity (SGAI),1.0,-0.01,per_item
,ENS,forensic_gap:no_verdict,"the Beneish M-score could not be formed for this name, so the manipulation assessment is ABSENT -- not clean: no usable vendor data for: SG&A intensity (SGAI)",1.0,-0.01,per_item
FinManager,ENX.PA,stage1_veto:refused_rows,"uInterestCoverage: 2 of 8 available rows are not computable AND report a positive `totalDebt` on the SAME row, so the refusal cannot mean the flag is inapplicable to this company -- it is missing data. Flag was JUDGED on the 6 row(s) that compute.",2.0,-0.02,per_item
,ERF.PA,forensic_gap:beneish_components,no usable vendor data for: SG&A intensity (SGAI),1.0,-0.01,per_item
,ERF.PA,forensic_gap:no_verdict,"the Beneish M-score could not be formed for this name, so the manipulation assessment is ABSENT -- not clean: no usable vendor data for: SG&A intensity (SGAI)",1.0,-0.01,per_item
,EWG.L,forensic_gap:beneish_components,no usable vendor data for: SG&A intensity (SGAI),1.0,-0.01,per_item
,EWG.L,forensic_gap:no_verdict,"the Beneish M-score could not be formed for this name, so the manipulation assessment is ABSENT -- not clean: no usable vendor data for: SG&A intensity (SGAI)",1.0,-0.01,per_item
,EXA.PA,forensic_gap:beneish_components,no usable vendor data for: SG&A intensity (SGAI),1.0,-0.01,per_item
,EXA.PA,forensic_gap:no_verdict,"the Beneish M-score could not be formed for this name, so the manipulation assessment is ABSENT -- not clean: no usable vendor data for: SG&A intensity (SGAI)",1.0,-0.01,per_item
,EXE.TO,forensic_gap:beneish_components,no usable vendor data for: gross margin (GMI),1.0,-0.01,per_item
,EXE.TO,forensic_gap:no_verdict,"the Beneish M-score could not be formed for this name, so the manipulation assessment is ABSENT -- not clean: no usable vendor data for: gross margin (GMI)",1.0,-0.01,per_item
general,FAST,stage1_veto:refused_rows,"uInterestCoverage: 2 of 8 available rows are not computable AND report a positive `totalDebt` on the SAME row, so the refusal cannot mean the flag is inapplicable to this company -- it is missing data. Flag was JUDGED on the 6 row(s) that compute.",2.0,-0.02,per_item
,FII.PA,forensic_gap:beneish_components,no usable vendor data for: SG&A intensity (SGAI),1.0,-0.01,per_item
,FII.PA,forensic_gap:no_verdict,"the Beneish M-score could not be formed for this name, so the manipulation assessment is ABSENT -- not clean: no usable vendor data for: SG&A intensity (SGAI)",1.0,-0.01,per_item
general,FLNC,stage1_veto:refused_rows,"uInterestCoverage: 2 of 8 available rows are not computable AND report a positive `totalDebt` on the SAME row, so the refusal cannot mean the flag is inapplicable to this company -- it is missing data. Flag was JUDGED on the 6 row(s) that compute.",2.0,-0.02,per_item
,FLR,forensic_gap:beneish_components,no usable vendor data for: gross margin (GMI),1.0,-0.01,per_item
,FLR,forensic_gap:no_verdict,"the Beneish M-score could not be formed for this name, so the manipulation assessment is ABSENT -- not clean: no usable vendor data for: gross margin (GMI)",1.0,-0.01,per_item
,FPE.DE,forensic_gap:beneish_components,no usable vendor data for: SG&A intensity (SGAI),1.0,-0.01,per_item
,FPE.DE,forensic_gap:no_verdict,"the Beneish M-score could not be formed for this name, so the manipulation assessment is ABSENT -- not clean: no usable vendor data for: SG&A intensity (SGAI)",1.0,-0.01,per_item
,FRO,forensic_gap:beneish_components,no usable vendor data for: receivables days (DSRI),1.0,-0.01,per_item
,FRO,forensic_gap:no_verdict,"the Beneish M-score could not be formed for this name, so the manipulation assessment is ABSENT -- not clean: no usable vendor data for: receivables days (DSRI)",1.0,-0.01,per_item
general,FUR.AS,stage1_veto:refused_rows,"uInterestCoverage: 2 of 8 available rows are not computable AND report a positive `totalDebt` on the SAME row, so the refusal cannot mean the flag is inapplicable to this company -- it is missing data. Flag was JUDGED on the 6 row(s) that compute.",2.0,-0.02,per_item
,GALP.LS,forensic_gap:beneish_components,no usable vendor data for: SG&A intensity (SGAI),1.0,-0.01,per_item
,GALP.LS,forensic_gap:no_verdict,"the Beneish M-score could not be formed for this name, so the manipulation assessment is ABSENT -- not clean: no usable vendor data for: SG&A intensity (SGAI)",1.0,-0.01,per_item
FinManager,GBLB.BR,stage1_veto:refused_rows,"uInterestCoverage: 2 of 8 available rows are not computable AND report a positive `totalDebt` on the SAME row, so the refusal cannot mean the flag is inapplicable to this company -- it is missing data. Flag was ABSTAINED -- 3 row(s) is under the 6-row partial-window floor.",2.0,-0.02,per_item
,GFI,forensic_gap:beneish_components,no usable vendor data for: receivables days (DSRI),1.0,-0.01,per_item
,GFI,forensic_gap:no_verdict,"the Beneish M-score could not be formed for this name, so the manipulation assessment is ABSENT -- not clean: no usable vendor data for: receivables days (DSRI)",1.0,-0.01,per_item
,GIB,forensic_gap:beneish_components,no usable vendor data for: SG&A intensity (SGAI),1.0,-0.01,per_item
,GIB,forensic_gap:no_verdict,"the Beneish M-score could not be formed for this name, so the manipulation assessment is ABSENT -- not clean: no usable vendor data for: SG&A intensity (SGAI)",1.0,-0.01,per_item
,GRNG.ST,forensic_gap:beneish_components,no usable vendor data for: SG&A intensity (SGAI),1.0,-0.01,per_item
,GRNG.ST,forensic_gap:no_verdict,"the Beneish M-score could not be formed for this name, so the manipulation assessment is ABSENT -- not clean: no usable vendor data for: SG&A intensity (SGAI)",1.0,-0.01,per_item
general,GXO,stage1_veto:refused_rows,"uInterestCoverage: 2 of 8 available rows are not computable AND report a positive `totalDebt` on the SAME row, so the refusal cannot mean the flag is inapplicable to this company -- it is missing data. Flag was JUDGED on the 6 row(s) that compute.",2.0,-0.02,per_item
,HAFN,forensic_gap:beneish_components,no usable vendor data for: SG&A intensity (SGAI),1.0,-0.01,per_item
,HAFN,forensic_gap:no_verdict,"the Beneish M-score could not be formed for this name, so the manipulation assessment is ABSENT -- not clean: no usable vendor data for: SG&A intensity (SGAI)",1.0,-0.01,per_item
,HANZA.ST,forensic_gap:beneish_components,no usable vendor data for: SG&A intensity (SGAI),1.0,-0.01,per_item
,HANZA.ST,forensic_gap:no_verdict,"the Beneish M-score could not be formed for this name, so the manipulation assessment is ABSENT -- not clean: no usable vendor data for: SG&A intensity (SGAI)",1.0,-0.01,per_item
,HAUTO.OL,forensic_gap:beneish_components,no usable vendor data for: asset quality (AQI),1.0,-0.01,per_item
,HAUTO.OL,forensic_gap:no_verdict,"the Beneish M-score could not be formed for this name, so the manipulation assessment is ABSENT -- not clean: no usable vendor data for: asset quality (AQI)",1.0,-0.01,per_item
,HOLM-B.ST,forensic_gap:beneish_components,no usable vendor data for: SG&A intensity (SGAI),1.0,-0.01,per_item
,HOLM-B.ST,forensic_gap:no_verdict,"the Beneish M-score could not be formed for this name, so the manipulation assessment is ABSENT -- not clean: no usable vendor data for: SG&A intensity (SGAI)",1.0,-0.01,per_item
FinManager,HOOD,stage1_veto:refused_rows,"uInterestCoverage: 2 of 8 available rows are not computable AND report a positive `totalDebt` on the SAME row, so the refusal cannot mean the flag is inapplicable to this company -- it is missing data. Flag was JUDGED on the 6 row(s) that compute.",2.0,-0.02,per_item
,HTRO.ST,forensic_gap:beneish_components,no usable vendor data for: SG&A intensity (SGAI),1.0,-0.01,per_item
,HTRO.ST,forensic_gap:no_verdict,"the Beneish M-score could not be formed for this name, so the manipulation assessment is ABSENT -- not clean: no usable vendor data for: SG&A intensity (SGAI)",1.0,-0.01,per_item
,IFP.TO,forensic_gap:beneish_components,no usable vendor data for: gross margin (GMI),1.0,-0.01,per_item
,IFP.TO,forensic_gap:no_verdict,"the Beneish M-score could not be formed for this name, so the manipulation assessment is ABSENT -- not clean: no usable vendor data for: gross margin (GMI)",1.0,-0.01,per_item
,INSTAL.ST,forensic_gap:no_verdict,"the Beneish M-score could not be formed for this name, so the manipulation assessment is ABSENT -- not clean: fewer than half the trailing-year periods are computable (1 of 4), so the mean would not be a trailing-year mean",1.0,-0.01,per_item
general,INSTAL.ST,stage1_veto:refused_rows,"uInterestCoverage: 1 of 8 available rows are not computable AND report a positive `totalDebt` on the SAME row, so the refusal cannot mean the flag is inapplicable to this company -- it is missing data. Flag was JUDGED on the 7 row(s) that compute.",1.0,-0.01,per_item
,KER.PA,forensic_gap:beneish_components,no usable vendor data for: SG&A intensity (SGAI),1.0,-0.01,per_item
,KER.PA,forensic_gap:no_verdict,"the Beneish M-score could not be formed for this name, so the manipulation assessment is ABSENT -- not clean: no usable vendor data for: SG&A intensity (SGAI)",1.0,-0.01,per_item
,KMT,forensic_gap:beneish_components,no usable vendor data for: SG&A intensity (SGAI),1.0,-0.01,per_item
,KMT,forensic_gap:no_verdict,"the Beneish M-score could not be formed for this name, so the manipulation assessment is ABSENT -- not clean: no usable vendor data for: SG&A intensity (SGAI)",1.0,-0.01,per_item
,KOP,forensic_gap:beneish_components,no usable vendor data for: SG&A intensity (SGAI),1.0,-0.01,per_item
,KOP,forensic_gap:no_verdict,"the Beneish M-score could not be formed for this name, so the manipulation assessment is ABSENT -- not clean: no usable vendor data for: SG&A intensity (SGAI)",1.0,-0.01,per_item
,LBIRD.PA,forensic_gap:beneish_components,no usable vendor data for: SG&A intensity (SGAI),1.0,-0.01,per_item
,LBIRD.PA,forensic_gap:no_verdict,"the Beneish M-score could not be formed for this name, so the manipulation assessment is ABSENT -- not clean: no usable vendor data for: SG&A intensity (SGAI)",1.0,-0.01,per_item
,LHX,forensic_gap:beneish_components,no usable vendor data for: SG&A intensity (SGAI),1.0,-0.01,per_item
,LHX,forensic_gap:no_verdict,"the Beneish M-score could not be formed for this name, so the manipulation assessment is ABSENT -- not clean: no usable vendor data for: SG&A intensity (SGAI)",1.0,-0.01,per_item
,LMT,forensic_gap:beneish_components,no usable vendor data for: SG&A intensity (SGAI),1.0,-0.01,per_item
,LMT,forensic_gap:no_verdict,"the Beneish M-score could not be formed for this name, so the manipulation assessment is ABSENT -- not clean: no usable vendor data for: SG&A intensity (SGAI)",1.0,-0.01,per_item
,LOTB.BR,forensic_gap:beneish_components,no usable vendor data for: gross margin (GMI),1.0,-0.01,per_item
,LOTB.BR,forensic_gap:no_verdict,"the Beneish M-score could not be formed for this name, so the manipulation assessment is ABSENT -- not clean: no usable vendor data for: gross margin (GMI)",1.0,-0.01,per_item
,LOW,forensic_gap:beneish_components,no usable vendor data for: receivables days (DSRI),1.0,-0.01,per_item
,LOW,forensic_gap:no_verdict,"the Beneish M-score could not be formed for this name, so the manipulation assessment is ABSENT -- not clean: no usable vendor data for: receivables days (DSRI)",1.0,-0.01,per_item
,LSG.OL,forensic_gap:beneish_components,no usable vendor data for: SG&A intensity (SGAI),1.0,-0.01,per_item
,LSG.OL,forensic_gap:no_verdict,"the Beneish M-score could not be formed for this name, so the manipulation assessment is ABSENT -- not clean: no usable vendor data for: SG&A intensity (SGAI)",1.0,-0.01,per_item
REIT,MAC,stage1_veto:refused_rows,"reitEbitdaInterestCoverage: 2 of 8 available rows are not computable AND report a positive `totalDebt` on the SAME row, so the refusal cannot mean the flag is inapplicable to this company -- it is missing data. Flag was JUDGED on the 6 row(s) that compute.",2.0,-0.02,per_item
,MATV,forensic_gap:beneish_components,no usable vendor data for: SG&A intensity (SGAI),1.0,-0.01,per_item
,MATV,forensic_gap:no_verdict,"the Beneish M-score could not be formed for this name, so the manipulation assessment is ABSENT -- not clean: no usable vendor data for: SG&A intensity (SGAI)",1.0,-0.01,per_item
,MELI,forensic_gap:beneish_components,no usable vendor data for: SG&A intensity (SGAI),1.0,-0.01,per_item
,MELI,forensic_gap:no_verdict,"the Beneish M-score could not be formed for this name, so the manipulation assessment is ABSENT -- not clean: no usable vendor data for: SG&A intensity (SGAI)",1.0,-0.01,per_item
,MEOH,forensic_gap:beneish_components,no usable vendor data for: SG&A intensity (SGAI),1.0,-0.01,per_item
,MEOH,forensic_gap:no_verdict,"the Beneish M-score could not be formed for this name, so the manipulation assessment is ABSENT -- not clean: no usable vendor data for: SG&A intensity (SGAI)",1.0,-0.01,per_item
general,MGNX,stage1_veto:refused_rows,"uInterestCoverage: 2 of 8 available rows are not computable AND report a positive `totalDebt` on the SAME row, so the refusal cannot mean the flag is inapplicable to this company -- it is missing data. Flag was JUDGED on the 6 row(s) that compute.",2.0,-0.02,per_item
general,MILDEF.ST,stage1_veto:refused_rows,"uInterestCoverage: 2 of 8 available rows are not computable AND report a positive `totalDebt` on the SAME row, so the refusal cannot mean the flag is inapplicable to this company -- it is missing data. Flag was JUDGED on the 6 row(s) that compute.",2.0,-0.02,per_item
,MOWI.OL,forensic_gap:beneish_components,no usable vendor data for: SG&A intensity (SGAI),1.0,-0.01,per_item
,MOWI.OL,forensic_gap:no_verdict,"the Beneish M-score could not be formed for this name, so the manipulation assessment is ABSENT -- not clean: no usable vendor data for: SG&A intensity (SGAI)",1.0,-0.01,per_item
,MPCC.OL,forensic_gap:beneish_components,no usable vendor data for: asset quality (AQI),1.0,-0.01,per_item
,MPCC.OL,forensic_gap:no_verdict,"the Beneish M-score could not be formed for this name, so the manipulation assessment is ABSENT -- not clean: no usable vendor data for: asset quality (AQI)",1.0,-0.01,per_item
,MSA.TO,forensic_gap:beneish_components,no usable vendor data for: SG&A intensity (SGAI),1.0,-0.01,per_item
,MSA.TO,forensic_gap:no_verdict,"the Beneish M-score could not be formed for this name, so the manipulation assessment is ABSENT -- not clean: no usable vendor data for: SG&A intensity (SGAI)",1.0,-0.01,per_item
,MT.AS,forensic_gap:beneish_components,no usable vendor data for: SG&A intensity (SGAI),1.0,-0.01,per_item
,MT.AS,forensic_gap:no_verdict,"the Beneish M-score could not be formed for this name, so the manipulation assessment is ABSENT -- not clean: no usable vendor data for: SG&A intensity (SGAI)",1.0,-0.01,per_item
,NDA.DE,forensic_gap:beneish_components,no usable vendor data for: SG&A intensity (SGAI),1.0,-0.01,per_item
,NDA.DE,forensic_gap:no_verdict,"the Beneish M-score could not be formed for this name, so the manipulation assessment is ABSENT -- not clean: no usable vendor data for: SG&A intensity (SGAI)",1.0,-0.01,per_item
,NEWA-B.ST,forensic_gap:beneish_components,no usable vendor data for: SG&A intensity (SGAI),1.0,-0.01,per_item
,NEWA-B.ST,forensic_gap:no_verdict,"the Beneish M-score could not be formed for this name, so the manipulation assessment is ABSENT -- not clean: no usable vendor data for: SG&A intensity (SGAI)",1.0,-0.01,per_item
,NFI.TO,forensic_gap:beneish_components,no usable vendor data for: gross margin (GMI),1.0,-0.01,per_item
,NFI.TO,forensic_gap:no_verdict,"the Beneish M-score could not be formed for this name, so the manipulation assessment is ABSENT -- not clean: no usable vendor data for: gross margin (GMI)",1.0,-0.01,per_item
,NOD.OL,forensic_gap:beneish_components,no usable vendor data for: SG&A intensity (SGAI),1.0,-0.01,per_item
,NOD.OL,forensic_gap:no_verdict,"the Beneish M-score could not be formed for this name, so the manipulation assessment is ABSENT -- not clean: no usable vendor data for: SG&A intensity (SGAI)",1.0,-0.01,per_item
,NOEJ.DE,forensic_gap:beneish_components,no usable vendor data for: gross margin (GMI),1.0,-0.01,per_item
,NOEJ.DE,forensic_gap:no_verdict,"the Beneish M-score could not be formed for this name, so the manipulation assessment is ABSENT -- not clean: no usable vendor data for: gross margin (GMI)",1.0,-0.01,per_item
,NSKOG.OL,forensic_gap:beneish_components,no usable vendor data for: gross margin (GMI),1.0,-0.01,per_item
,NSKOG.OL,forensic_gap:no_verdict,"the Beneish M-score could not be formed for this name, so the manipulation assessment is ABSENT -- not clean: no usable vendor data for: gross margin (GMI)",1.0,-0.01,per_item
general,NVO,stage1_veto:refused_rows,"uInterestCoverage: 2 of 8 available rows are not computable AND report a positive `totalDebt` on the SAME row, so the refusal cannot mean the flag is inapplicable to this company -- it is missing data. Flag was JUDGED on the 6 row(s) that compute.",2.0,-0.02,per_item
general,OCGN,stage1_veto:refused_rows,"uInterestCoverage: 2 of 8 available rows are not computable AND report a positive `totalDebt` on the SAME row, so the refusal cannot mean the flag is inapplicable to this company -- it is missing data. Flag was JUDGED on the 6 row(s) that compute.",2.0,-0.02,per_item
,OKEA.OL,forensic_gap:beneish_components,no usable vendor data for: SG&A intensity (SGAI),1.0,-0.01,per_item
,OKEA.OL,forensic_gap:no_verdict,"the Beneish M-score could not be formed for this name, so the manipulation assessment is ABSENT -- not clean: no usable vendor data for: SG&A intensity (SGAI)",1.0,-0.01,per_item
general,OPLN,stage1_veto:refused_rows,"uInterestCoverage: 1 of 8 available rows are not computable AND report a positive `totalDebt` on the SAME row, so the refusal cannot mean the flag is inapplicable to this company -- it is missing data. Flag was JUDGED on the 7 row(s) that compute.",1.0,-0.01,per_item
general,OPLN,unpriceable:no_traded_value_reading,"no usable traded-value reading: dollarVolume_usd could not be formed (no profile price, no trading currency, no FX rate, or no volAvg capture), so the $/day floor could not judge this name and kept it. It is charged rather than screened.",1.0,-0.01,per_item
general,OTLY,stage1_veto:refused_rows,"uInterestCoverage: 2 of 8 available rows are not computable AND report a positive `totalDebt` on the SAME row, so the refusal cannot mean the flag is inapplicable to this company -- it is missing data. Flag was JUDGED on the 6 row(s) that compute.",2.0,-0.02,per_item
general,PARR,stage1_veto:refused_rows,"uInterestCoverage: 2 of 8 available rows are not computable AND report a positive `totalDebt` on the SAME row, so the refusal cannot mean the flag is inapplicable to this company -- it is missing data. Flag was JUDGED on the 6 row(s) that compute.",2.0,-0.02,per_item
,PDS,forensic_gap:beneish_components,no usable vendor data for: asset quality (AQI),1.0,-0.01,per_item
,PDS,forensic_gap:no_verdict,"the Beneish M-score could not be formed for this name, so the manipulation assessment is ABSENT -- not clean: no usable vendor data for: asset quality (AQI)",1.0,-0.01,per_item
,PDX.ST,forensic_gap:no_verdict,"the Beneish M-score could not be formed for this name, so the manipulation assessment is ABSENT -- not clean: fewer than half the trailing-year periods are computable (1 of 4), so the mean would not be a trailing-year mean",1.0,-0.01,per_item
general,PDX.ST,stage1_veto:refused_rows,"uInterestCoverage: 1 of 8 available rows are not computable AND report a positive `totalDebt` on the SAME row, so the refusal cannot mean the flag is inapplicable to this company -- it is missing data. Flag was JUDGED on the 7 row(s) that compute.",1.0,-0.01,per_item
,PEAB-B.ST,forensic_gap:beneish_components,no usable vendor data for: receivables days (DSRI),1.0,-0.01,per_item
,PEAB-B.ST,forensic_gap:no_verdict,"the Beneish M-score could not be formed for this name, so the manipulation assessment is ABSENT -- not clean: no usable vendor data for: receivables days (DSRI)",1.0,-0.01,per_item
,PEXIP.OL,forensic_gap:beneish_components,no usable vendor data for: SG&A intensity (SGAI),1.0,-0.01,per_item
,PEXIP.OL,forensic_gap:no_verdict,"the Beneish M-score could not be formed for this name, so the manipulation assessment is ABSENT -- not clean: no usable vendor data for: SG&A intensity (SGAI)",1.0,-0.01,per_item
,PEY.TO,forensic_gap:beneish_components,no usable vendor data for: asset quality (AQI),1.0,-0.01,per_item
,PEY.TO,forensic_gap:no_verdict,"the Beneish M-score could not be formed for this name, so the manipulation assessment is ABSENT -- not clean: no usable vendor data for: asset quality (AQI)",1.0,-0.01,per_item
,PHARM.AS,forensic_gap:beneish_components,no usable vendor data for: SG&A intensity (SGAI),1.0,-0.01,per_item
,PHARM.AS,forensic_gap:no_verdict,"the Beneish M-score could not be formed for this name, so the manipulation assessment is ABSENT -- not clean: no usable vendor data for: SG&A intensity (SGAI)",1.0,-0.01,per_item
,PHG,forensic_gap:beneish_components,no usable vendor data for: receivables days (DSRI),1.0,-0.01,per_item
,PHG,forensic_gap:no_verdict,"the Beneish M-score could not be formed for this name, so the manipulation assessment is ABSENT -- not clean: no usable vendor data for: receivables days (DSRI)",1.0,-0.01,per_item
general,PLAB,stage1_veto:refused_rows,"uInterestCoverage: 2 of 8 available rows are not computable AND report a positive `totalDebt` on the SAME row, so the refusal cannot mean the flag is inapplicable to this company -- it is missing data. Flag was JUDGED on the 6 row(s) that compute.",2.0,-0.02,per_item
general,PSNY,stage1_veto:refused_rows,"uInterestCoverage: 2 of 8 available rows are not computable AND report a positive `totalDebt` on the SAME row, so the refusal cannot mean the flag is inapplicable to this company -- it is missing data. Flag was JUDGED on the 6 row(s) that compute.",2.0,-0.02,per_item
,PTEC.L,forensic_gap:beneish_components,no usable vendor data for: gross margin (GMI),1.0,-0.01,per_item
,PTEC.L,forensic_gap:no_verdict,"the Beneish M-score could not be formed for this name, so the manipulation assessment is ABSENT -- not clean: no usable vendor data for: gross margin (GMI)",1.0,-0.01,per_item
,RCH.TO,forensic_gap:beneish_components,no usable vendor data for: SG&A intensity (SGAI),1.0,-0.01,per_item
,RCH.TO,forensic_gap:no_verdict,"the Beneish M-score could not be formed for this name, so the manipulation assessment is ABSENT -- not clean: no usable vendor data for: SG&A intensity (SGAI)",1.0,-0.01,per_item
,RHM.DE,forensic_gap:beneish_components,no usable vendor data for: SG&A intensity (SGAI),1.0,-0.01,per_item
,RHM.DE,forensic_gap:no_verdict,"the Beneish M-score could not be formed for this name, so the manipulation assessment is ABSENT -- not clean: no usable vendor data for: SG&A intensity (SGAI)",1.0,-0.01,per_item
,RMV.L,forensic_gap:beneish_components,no usable vendor data for: gross margin (GMI),1.0,-0.01,per_item
,RMV.L,forensic_gap:no_verdict,"the Beneish M-score could not be formed for this name, so the manipulation assessment is ABSENT -- not clean: no usable vendor data for: gross margin (GMI)",1.0,-0.01,per_item
,SALM.OL,forensic_gap:beneish_components,no usable vendor data for: SG&A intensity (SGAI),1.0,-0.01,per_item
,SALM.OL,forensic_gap:no_verdict,"the Beneish M-score could not be formed for this name, so the manipulation assessment is ABSENT -- not clean: no usable vendor data for: SG&A intensity (SGAI)",1.0,-0.01,per_item
,SAP.TO,forensic_gap:beneish_components,no usable vendor data for: SG&A intensity (SGAI),1.0,-0.01,per_item
,SAP.TO,forensic_gap:no_verdict,"the Beneish M-score could not be formed for this name, so the manipulation assessment is ABSENT -- not clean: no usable vendor data for: SG&A intensity (SGAI)",1.0,-0.01,per_item
,SCA-B.ST,forensic_gap:beneish_components,no usable vendor data for: gross margin (GMI),1.0,-0.01,per_item
,SCA-B.ST,forensic_gap:no_verdict,"the Beneish M-score could not be formed for this name, so the manipulation assessment is ABSENT -- not clean: no usable vendor data for: gross margin (GMI)",1.0,-0.01,per_item
,SCR.TO,forensic_gap:beneish_components,no usable vendor data for: asset quality (AQI),1.0,-0.01,per_item
,SCR.TO,forensic_gap:no_verdict,"the Beneish M-score could not be formed for this name, so the manipulation assessment is ABSENT -- not clean: no usable vendor data for: asset quality (AQI)",1.0,-0.01,per_item
,SDF.DE,forensic_gap:beneish_components,no usable vendor data for: gross margin (GMI),1.0,-0.01,per_item
,SDF.DE,forensic_gap:no_verdict,"the Beneish M-score could not be formed for this name, so the manipulation assessment is ABSENT -- not clean: no usable vendor data for: gross margin (GMI)",1.0,-0.01,per_item
,SDIP-B.ST,forensic_gap:beneish_components,no usable vendor data for: SG&A intensity (SGAI),1.0,-0.01,per_item
,SDIP-B.ST,forensic_gap:no_verdict,"the Beneish M-score could not be formed for this name, so the manipulation assessment is ABSENT -- not clean: no usable vendor data for: SG&A intensity (SGAI)",1.0,-0.01,per_item
,SDRL,forensic_gap:beneish_components,no usable vendor data for: SG&A intensity (SGAI),1.0,-0.01,per_item
,SDRL,forensic_gap:no_verdict,"the Beneish M-score could not be formed for this name, so the manipulation assessment is ABSENT -- not clean: no usable vendor data for: SG&A intensity (SGAI)",1.0,-0.01,per_item
,SF.ST,forensic_gap:beneish_components,no usable vendor data for: SG&A intensity (SGAI),1.0,-0.01,per_item
,SF.ST,forensic_gap:no_verdict,"the Beneish M-score could not be formed for this name, so the manipulation assessment is ABSENT -- not clean: no usable vendor data for: SG&A intensity (SGAI)",1.0,-0.01,per_item
,SFQ.DE,forensic_gap:beneish_components,no usable vendor data for: SG&A intensity (SGAI),1.0,-0.01,per_item
,SFQ.DE,forensic_gap:no_verdict,"the Beneish M-score could not be formed for this name, so the manipulation assessment is ABSENT -- not clean: no usable vendor data for: SG&A intensity (SGAI)",1.0,-0.01,per_item
,SIX2.DE,forensic_gap:no_verdict,"the Beneish M-score could not be formed for this name, so the manipulation assessment is ABSENT -- not clean: fewer than half the trailing-year periods are computable (1 of 4), so the mean would not be a trailing-year mean",1.0,-0.01,per_item
general,SIX2.DE,stage1_veto:refused_rows,"uInterestCoverage: 1 of 8 available rows are not computable AND report a positive `totalDebt` on the SAME row, so the refusal cannot mean the flag is inapplicable to this company -- it is missing data. Flag was JUDGED on the 7 row(s) that compute.",1.0,-0.01,per_item
,SMIN.L,forensic_gap:beneish_components,no usable vendor data for: gross margin (GMI),1.0,-0.01,per_item
,SMIN.L,forensic_gap:no_verdict,"the Beneish M-score could not be formed for this name, so the manipulation assessment is ABSENT -- not clean: no usable vendor data for: gross margin (GMI)",1.0,-0.01,per_item
,SNA,forensic_gap:beneish_components,no usable vendor data for: SG&A intensity (SGAI),1.0,-0.01,per_item
,SNA,forensic_gap:no_verdict,"the Beneish M-score could not be formed for this name, so the manipulation assessment is ABSENT -- not clean: no usable vendor data for: SG&A intensity (SGAI)",1.0,-0.01,per_item
,SND,forensic_gap:beneish_components,no usable vendor data for: SG&A intensity (SGAI),1.0,-0.01,per_item
,SND,forensic_gap:no_verdict,"the Beneish M-score could not be formed for this name, so the manipulation assessment is ABSENT -- not clean: no usable vendor data for: SG&A intensity (SGAI)",1.0,-0.01,per_item
,SNR.L,forensic_gap:beneish_components,no usable vendor data for: SG&A intensity (SGAI),1.0,-0.01,per_item
,SNR.L,forensic_gap:no_verdict,"the Beneish M-score could not be formed for this name, so the manipulation assessment is ABSENT -- not clean: no usable vendor data for: SG&A intensity (SGAI)",1.0,-0.01,per_item
,SNY,forensic_gap:no_verdict,"the Beneish M-score could not be formed for this name, so the manipulation assessment is ABSENT -- not clean: fewer than half the trailing-year periods are computable (1 of 4), so the mean would not be a trailing-year mean",1.0,-0.01,per_item
general,SNY,stage1_veto:refused_rows,"uInterestCoverage: 1 of 8 available rows are not computable AND report a positive `totalDebt` on the SAME row, so the refusal cannot mean the flag is inapplicable to this company -- it is missing data. Flag was JUDGED on the 7 row(s) that compute.",1.0,-0.01,per_item
,STM.DE,forensic_gap:beneish_components,no usable vendor data for: SG&A intensity (SGAI),1.0,-0.01,per_item
,STM.DE,forensic_gap:no_verdict,"the Beneish M-score could not be formed for this name, so the manipulation assessment is ABSENT -- not clean: no usable vendor data for: SG&A intensity (SGAI)",1.0,-0.01,per_item
,SYNSAM.ST,forensic_gap:beneish_components,no usable vendor data for: SG&A intensity (SGAI),1.0,-0.01,per_item
,SYNSAM.ST,forensic_gap:no_verdict,"the Beneish M-score could not be formed for this name, so the manipulation assessment is ABSENT -- not clean: no usable vendor data for: SG&A intensity (SGAI)",1.0,-0.01,per_item
,SYY,forensic_gap:beneish_components,no usable vendor data for: SG&A intensity (SGAI),1.0,-0.01,per_item
,SYY,forensic_gap:no_verdict,"the Beneish M-score could not be formed for this name, so the manipulation assessment is ABSENT -- not clean: no usable vendor data for: SG&A intensity (SGAI)",1.0,-0.01,per_item
,SZG.DE,forensic_gap:beneish_components,no usable vendor data for: SG&A intensity (SGAI),1.0,-0.01,per_item
,SZG.DE,forensic_gap:no_verdict,"the Beneish M-score could not be formed for this name, so the manipulation assessment is ABSENT -- not clean: no usable vendor data for: SG&A intensity (SGAI)",1.0,-0.01,per_item
general,TDSA.LS,stage1_veto:refused_rows,"uInterestCoverage: 2 of 8 available rows are not computable AND report a positive `totalDebt` on the SAME row, so the refusal cannot mean the flag is inapplicable to this company -- it is missing data. Flag was JUDGED on the 6 row(s) that compute.",2.0,-0.02,per_item
,TFII,forensic_gap:beneish_components,no usable vendor data for: SG&A intensity (SGAI),1.0,-0.01,per_item
,TFII,forensic_gap:no_verdict,"the Beneish M-score could not be formed for this name, so the manipulation assessment is ABSENT -- not clean: no usable vendor data for: SG&A intensity (SGAI)",1.0,-0.01,per_item
,TFPM,forensic_gap:beneish_components,no usable vendor data for: receivables days (DSRI),1.0,-0.01,per_item
,TFPM,forensic_gap:no_verdict,"the Beneish M-score could not be formed for this name, so the manipulation assessment is ABSENT -- not clean: no usable vendor data for: receivables days (DSRI)",1.0,-0.01,per_item
,TGA.L,forensic_gap:beneish_components,no usable vendor data for: SG&A intensity (SGAI),1.0,-0.01,per_item
,TGA.L,forensic_gap:no_verdict,"the Beneish M-score could not be formed for this name, so the manipulation assessment is ABSENT -- not clean: no usable vendor data for: SG&A intensity (SGAI)",1.0,-0.01,per_item
,TKO.TO,forensic_gap:beneish_components,no usable vendor data for: gross margin (GMI),1.0,-0.01,per_item
,TKO.TO,forensic_gap:no_verdict,"the Beneish M-score could not be formed for this name, so the manipulation assessment is ABSENT -- not clean: no usable vendor data for: gross margin (GMI)",1.0,-0.01,per_item
general,TNIE.DE,stage1_veto:refused_rows,"uInterestCoverage: 1 of 7 available rows are not computable AND report a positive `totalDebt` on the SAME row, so the refusal cannot mean the flag is inapplicable to this company -- it is missing data. Flag was JUDGED on the 6 row(s) that compute.",1.0,-0.01,per_item
general,TNIE.DE,stage1_veto:short_panel,"panel carries 7 of the 8 newest-first rows the veto window needs, so every flag is evaluated (or refused) on a short history",1.0,-0.01,per_item
,TOM.OL,forensic_gap:beneish_components,no usable vendor data for: SG&A intensity (SGAI),1.0,-0.01,per_item
,TOM.OL,forensic_gap:no_verdict,"the Beneish M-score could not be formed for this name, so the manipulation assessment is ABSENT -- not clean: no usable vendor data for: SG&A intensity (SGAI)",1.0,-0.01,per_item
,TPZ.TO,forensic_gap:beneish_components,no usable vendor data for: asset quality (AQI),1.0,-0.01,per_item
,TPZ.TO,forensic_gap:no_verdict,"the Beneish M-score could not be formed for this name, so the manipulation assessment is ABSENT -- not clean: no usable vendor data for: asset quality (AQI)",1.0,-0.01,per_item
,TRI.PA,forensic_gap:beneish_components,no usable vendor data for: SG&A intensity (SGAI),1.0,-0.01,per_item
,TRI.PA,forensic_gap:no_verdict,"the Beneish M-score could not be formed for this name, so the manipulation assessment is ABSENT -- not clean: no usable vendor data for: SG&A intensity (SGAI)",1.0,-0.01,per_item
,TSCO,forensic_gap:beneish_components,no usable vendor data for: receivables days (DSRI),1.0,-0.01,per_item
,TSCO,forensic_gap:no_verdict,"the Beneish M-score could not be formed for this name, so the manipulation assessment is ABSENT -- not clean: no usable vendor data for: receivables days (DSRI)",1.0,-0.01,per_item
general,TSM,stage1_veto:refused_rows,"uInterestCoverage: 2 of 8 available rows are not computable AND report a positive `totalDebt` on the SAME row, so the refusal cannot mean the flag is inapplicable to this company -- it is missing data. Flag was JUDGED on the 6 row(s) that compute.",2.0,-0.02,per_item
,TTE,forensic_gap:beneish_components,no usable vendor data for: SG&A intensity (SGAI),1.0,-0.01,per_item
,TTE,forensic_gap:no_verdict,"the Beneish M-score could not be formed for this name, so the manipulation assessment is ABSENT -- not clean: no usable vendor data for: SG&A intensity (SGAI)",1.0,-0.01,per_item
,TVE.TO,forensic_gap:beneish_components,no usable vendor data for: asset quality (AQI),1.0,-0.01,per_item
,TVE.TO,forensic_gap:no_verdict,"the Beneish M-score could not be formed for this name, so the manipulation assessment is ABSENT -- not clean: no usable vendor data for: asset quality (AQI)",1.0,-0.01,per_item
general,UBI.PA,stage1_veto:refused_rows,"uInterestCoverage: 2 of 8 available rows are not computable AND report a positive `totalDebt` on the SAME row, so the refusal cannot mean the flag is inapplicable to this company -- it is missing data. Flag was JUDGED on the 6 row(s) that compute.",2.0,-0.02,per_item
,ULH,forensic_gap:beneish_components,no usable vendor data for: accruals (TATA),1.0,-0.01,per_item
,ULH,forensic_gap:no_verdict,"the Beneish M-score could not be formed for this name, so the manipulation assessment is ABSENT -- not clean: no usable vendor data for: accruals (TATA)",1.0,-0.01,per_item
,UMI.BR,forensic_gap:beneish_components,no usable vendor data for: SG&A intensity (SGAI),1.0,-0.01,per_item
,UMI.BR,forensic_gap:no_verdict,"the Beneish M-score could not be formed for this name, so the manipulation assessment is ABSENT -- not clean: no usable vendor data for: SG&A intensity (SGAI)",1.0,-0.01,per_item
,UPS,forensic_gap:beneish_components,no usable vendor data for: SG&A intensity (SGAI),1.0,-0.01,per_item
,UPS,forensic_gap:no_verdict,"the Beneish M-score could not be formed for this name, so the manipulation assessment is ABSENT -- not clean: no usable vendor data for: SG&A intensity (SGAI)",1.0,-0.01,per_item
,USA.TO,forensic_gap:beneish_components,no usable vendor data for: gross margin (GMI),1.0,-0.01,per_item
,USA.TO,forensic_gap:no_verdict,"the Beneish M-score could not be formed for this name, so the manipulation assessment is ABSENT -- not clean: no usable vendor data for: gross margin (GMI)",1.0,-0.01,per_item
,USLM,forensic_gap:beneish_components,no usable vendor data for: asset quality (AQI),1.0,-0.01,per_item
,USLM,forensic_gap:no_verdict,"the Beneish M-score could not be formed for this name, so the manipulation assessment is ABSENT -- not clean: no usable vendor data for: asset quality (AQI)",1.0,-0.01,per_item
,UTDI.DE,forensic_gap:beneish_components,no usable vendor data for: SG&A intensity (SGAI),1.0,-0.01,per_item
,UTDI.DE,forensic_gap:no_verdict,"the Beneish M-score could not be formed for this name, so the manipulation assessment is ABSENT -- not clean: no usable vendor data for: SG&A intensity (SGAI)",1.0,-0.01,per_item
,VBK.DE,forensic_gap:beneish_components,no usable vendor data for: gross margin (GMI),1.0,-0.01,per_item
,VBK.DE,forensic_gap:no_verdict,"the Beneish M-score could not be formed for this name, so the manipulation assessment is ABSENT -- not clean: no usable vendor data for: gross margin (GMI)",1.0,-0.01,per_item
,VEND.OL,forensic_gap:beneish_components,no usable vendor data for: SG&A intensity (SGAI),1.0,-0.01,per_item
,VEND.OL,forensic_gap:no_verdict,"the Beneish M-score could not be formed for this name, so the manipulation assessment is ABSENT -- not clean: no usable vendor data for: SG&A intensity (SGAI)",1.0,-0.01,per_item
,VESTUM.ST,forensic_gap:beneish_components,no usable vendor data for: SG&A intensity (SGAI),1.0,-0.01,per_item
,VESTUM.ST,forensic_gap:no_verdict,"the Beneish M-score could not be formed for this name, so the manipulation assessment is ABSENT -- not clean: no usable vendor data for: SG&A intensity (SGAI)",1.0,-0.01,per_item
,VIMIAN.ST,forensic_gap:no_verdict,"the Beneish M-score could not be formed for this name, so the manipulation assessment is ABSENT -- not clean: fewer than half the trailing-year periods are computable (1 of 4), so the mean would not be a trailing-year mean",1.0,-0.01,per_item
general,VIMIAN.ST,stage1_veto:refused_rows,"uInterestCoverage: 1 of 8 available rows are not computable AND report a positive `totalDebt` on the SAME row, so the refusal cannot mean the flag is inapplicable to this company -- it is missing data. Flag was JUDGED on the 7 row(s) that compute.",1.0,-0.01,per_item
general,VOW.DE,stage1_veto:refused_rows,"uInterestCoverage: 2 of 8 available rows are not computable AND report a positive `totalDebt` on the SAME row, so the refusal cannot mean the flag is inapplicable to this company -- it is missing data. Flag was JUDGED on the 6 row(s) that compute.",2.0,-0.02,per_item
general,VRTX,stage1_veto:refused_rows,"uInterestCoverage: 2 of 8 available rows are not computable AND report a positive `totalDebt` on the SAME row, so the refusal cannot mean the flag is inapplicable to this company -- it is missing data. Flag was JUDGED on the 6 row(s) that compute.",2.0,-0.02,per_item
,WAWI.OL,forensic_gap:beneish_components,no usable vendor data for: SG&A intensity (SGAI),1.0,-0.01,per_item
,WAWI.OL,forensic_gap:no_verdict,"the Beneish M-score could not be formed for this name, so the manipulation assessment is ABSENT -- not clean: no usable vendor data for: SG&A intensity (SGAI)",1.0,-0.01,per_item
,WFG,forensic_gap:beneish_components,no usable vendor data for: gross margin (GMI),1.0,-0.01,per_item
,WFG,forensic_gap:no_verdict,"the Beneish M-score could not be formed for this name, so the manipulation assessment is ABSENT -- not clean: no usable vendor data for: gross margin (GMI)",1.0,-0.01,per_item
general,WPRT,stage1_veto:refused_rows,"uInterestCoverage: 2 of 8 available rows are not computable AND report a positive `totalDebt` on the SAME row, so the refusal cannot mean the flag is inapplicable to this company -- it is missing data. Flag was JUDGED on the 6 row(s) that compute.",2.0,-0.02,per_item
,YAR.OL,forensic_gap:beneish_components,no usable vendor data for: SG&A intensity (SGAI),1.0,-0.01,per_item
,YAR.OL,forensic_gap:no_verdict,"the Beneish M-score could not be formed for this name, so the manipulation assessment is ABSENT -- not clean: no usable vendor data for: SG&A intensity (SGAI)",1.0,-0.01,per_item
,ZAP.OL,forensic_gap:beneish_components,no usable vendor data for: SG&A intensity (SGAI),1.0,-0.01,per_item
,ZAP.OL,forensic_gap:no_verdict,"the Beneish M-score could not be formed for this name, so the manipulation assessment is ABSENT -- not clean: no usable vendor data for: SG&A intensity (SGAI)",1.0,-0.01,per_item
general,000270.KS,stage1_veto:refused_rows,"uInterestCoverage: 1 of 8 available rows are not computable AND report a positive `totalDebt` on the SAME row, so the refusal cannot mean the flag is inapplicable to this company -- it is missing data. Flag was JUDGED on the 7 row(s) that compute.",1.0,-0.01,per_item
FinManager,001720.KS,stage1_veto:refused_rows,"uInterestCoverage: 1 of 8 available rows are not computable AND report a positive `totalDebt` on the SAME row, so the refusal cannot mean the flag is inapplicable to this company -- it is missing data. Flag was JUDGED on the 7 row(s) that compute.",1.0,-0.01,per_item
general,003230.KS,stage1_veto:refused_rows,"uInterestCoverage: 1 of 8 available rows are not computable AND report a positive `totalDebt` on the SAME row, so the refusal cannot mean the flag is inapplicable to this company -- it is missing data. Flag was JUDGED on the 7 row(s) that compute.",1.0,-0.01,per_item
,006360.KS,forensic_gap:no_verdict,"the Beneish M-score could not be formed for this name, so the manipulation assessment is ABSENT -- not clean: fewer than half the trailing-year periods are computable (0 of 4), so the mean would not be a trailing-year mean",1.0,-0.01,per_item
,009240.KS,forensic_gap:no_verdict,"the Beneish M-score could not be formed for this name, so the manipulation assessment is ABSENT -- not clean: fewer than half the trailing-year periods are computable (1 of 4), so the mean would not be a trailing-year mean",1.0,-0.01,per_item
general,009970.KS,stage1_veto:refused_rows,"uInterestCoverage: 1 of 8 available rows are not computable AND report a positive `totalDebt` on the SAME row, so the refusal cannot mean the flag is inapplicable to this company -- it is missing data. Flag was JUDGED on the 7 row(s) that compute.",1.0,-0.01,per_item
,012330.KS,forensic_gap:no_verdict,"the Beneish M-score could not be formed for this name, so the manipulation assessment is ABSENT -- not clean: fewer than half the trailing-year periods are computable (1 of 4), so the mean would not be a trailing-year mean",1.0,-0.01,per_item
REIT,013120.KQ,stage1_veto:refused_rows,"reitEbitdaInterestCoverage: 1 of 8 available rows are not computable AND report a positive `totalDebt` on the SAME row, so the refusal cannot mean the flag is inapplicable to this company -- it is missing data. Flag was JUDGED on the 7 row(s) that compute.",1.0,-0.01,per_item
general,014910.KS,stage1_veto:refused_rows,"uInterestCoverage: 1 of 8 available rows are not computable AND report a positive `totalDebt` on the SAME row, so the refusal cannot mean the flag is inapplicable to this company -- it is missing data. Flag was JUDGED on the 7 row(s) that compute.",1.0,-0.01,per_item
,026940.KS,forensic_gap:no_verdict,"the Beneish M-score could not be formed for this name, so the manipulation assessment is ABSENT -- not clean: fewer than half the trailing-year periods are computable (1 of 4), so the mean would not be a trailing-year mean",1.0,-0.01,per_item
general,033640.KQ,stage1_veto:refused_rows,"uInterestCoverage: 1 of 8 available rows are not computable AND report a positive `totalDebt` on the SAME row, so the refusal cannot mean the flag is inapplicable to this company -- it is missing data. Flag was JUDGED on the 7 row(s) that compute.",1.0,-0.01,per_item
general,039440.KQ,stage1_veto:refused_rows,"uInterestCoverage: 1 of 8 available rows are not computable AND report a positive `totalDebt` on the SAME row, so the refusal cannot mean the flag is inapplicable to this company -- it is missing data. Flag was JUDGED on the 7 row(s) that compute.",1.0,-0.01,per_item
,045390.KQ,forensic_gap:no_verdict,"the Beneish M-score could not be formed for this name, so the manipulation assessment is ABSENT -- not clean: fewer than half the trailing-year periods are computable (1 of 4), so the mean would not be a trailing-year mean",1.0,-0.01,per_item
,089030.KQ,forensic_gap:no_verdict,"the Beneish M-score could not be formed for this name, so the manipulation assessment is ABSENT -- not clean: fewer than half the trailing-year periods are computable (1 of 4), so the mean would not be a trailing-year mean",1.0,-0.01,per_item
general,101490.KQ,stage1_veto:refused_rows,"uInterestCoverage: 1 of 8 available rows are not computable AND report a positive `totalDebt` on the SAME row, so the refusal cannot mean the flag is inapplicable to this company -- it is missing data. Flag was JUDGED on the 7 row(s) that compute.",1.0,-0.01,per_item
general,111770.KS,stage1_veto:refused_rows,"uInterestCoverage: 1 of 8 available rows are not computable AND report a positive `totalDebt` on the SAME row, so the refusal cannot mean the flag is inapplicable to this company -- it is missing data. Flag was JUDGED on the 7 row(s) that compute.",1.0,-0.01,per_item
general,158430.KQ,stage1_veto:refused_rows,"uInterestCoverage: 1 of 8 available rows are not computable AND report a positive `totalDebt` on the SAME row, so the refusal cannot mean the flag is inapplicable to this company -- it is missing data. Flag was JUDGED on the 7 row(s) that compute.",1.0,-0.01,per_item
general,214450.KQ,stage1_veto:refused_rows,"uInterestCoverage: 1 of 8 available rows are not computable AND report a positive `totalDebt` on the SAME row, so the refusal cannot mean the flag is inapplicable to this company -- it is missing data. Flag was JUDGED on the 7 row(s) that compute.",1.0,-0.01,per_item
general,290650.KQ,stage1_veto:refused_rows,"uInterestCoverage: 1 of 8 available rows are not computable AND report a positive `totalDebt` on the SAME row, so the refusal cannot mean the flag is inapplicable to this company -- it is missing data. Flag was JUDGED on the 7 row(s) that compute.",1.0,-0.01,per_item
general,AAL,stage1_veto:refused_rows,"uInterestCoverage: 1 of 8 available rows are not computable AND report a positive `totalDebt` on the SAME row, so the refusal cannot mean the flag is inapplicable to this company -- it is missing data. Flag was JUDGED on the 7 row(s) that compute.",1.0,-0.01,per_item
general,ABB.ST,stage1_veto:refused_rows,"uInterestCoverage: 1 of 8 available rows are not computable AND report a positive `totalDebt` on the SAME row, so the refusal cannot mean the flag is inapplicable to this company -- it is missing data. Flag was JUDGED on the 7 row(s) that compute.",1.0,-0.01,per_item
general,ABXX.TO,unpriceable:no_traded_value_reading,"no usable traded-value reading: dollarVolume_usd could not be formed (no profile price, no trading currency, no FX rate, or no volAvg capture), so the $/day floor could not judge this name and kept it. It is charged rather than screened.",1.0,-0.01,per_item
general,ACB,stage1_veto:refused_rows,"uInterestCoverage: 1 of 8 available rows are not computable AND report a positive `totalDebt` on the SAME row, so the refusal cannot mean the flag is inapplicable to this company -- it is missing data. Flag was JUDGED on the 7 row(s) that compute.",1.0,-0.01,per_item
,ACT.DE,forensic_gap:no_verdict,"the Beneish M-score could not be formed for this name, so the manipulation assessment is ABSENT -- not clean: fewer than half the trailing-year periods are computable (1 of 4), so the mean would not be a trailing-year mean",1.0,-0.01,per_item
general,ADBE,stage1_veto:refused_rows,"uInterestCoverage: 1 of 8 available rows are not computable AND report a positive `totalDebt` on the SAME row, so the refusal cannot mean the flag is inapplicable to this company -- it is missing data. Flag was JUDGED on the 7 row(s) that compute.",1.0,-0.01,per_item
general,ADS.DE,stage1_veto:refused_rows,"uInterestCoverage: 1 of 8 available rows are not computable AND report a positive `totalDebt` on the SAME row, so the refusal cannot mean the flag is inapplicable to this company -- it is missing data. Flag was JUDGED on the 7 row(s) that compute.",1.0,-0.01,per_item
general,AGL,stage1_veto:refused_rows,"uInterestCoverage: 1 of 8 available rows are not computable AND report a positive `totalDebt` on the SAME row, so the refusal cannot mean the flag is inapplicable to this company -- it is missing data. Flag was JUDGED on the 7 row(s) that compute.",1.0,-0.01,per_item
REIT,AIF.TO,stage1_veto:refused_rows,"reitEbitdaInterestCoverage: 1 of 8 available rows are not computable AND report a positive `totalDebt` on the SAME row, so the refusal cannot mean the flag is inapplicable to this company -- it is missing data. Flag was JUDGED on the 7 row(s) that compute.",1.0,-0.01,per_item
general,AKBM.OL,stage1_veto:refused_rows,"uInterestCoverage: 1 of 8 available rows are not computable AND report a positive `totalDebt` on the SAME row, so the refusal cannot mean the flag is inapplicable to this company -- it is missing data. Flag was JUDGED on the 7 row(s) that compute.",1.0,-0.01,per_item
general,ALFA.ST,stage1_veto:refused_rows,"uInterestCoverage: 1 of 8 available rows are not computable AND report a positive `totalDebt` on the SAME row, so the refusal cannot mean the flag is inapplicable to this company -- it is missing data. Flag was JUDGED on the 7 row(s) that compute.",1.0,-0.01,per_item
REIT,ALTRA.ST,stage1_veto:refused_rows,"reitEbitdaInterestCoverage: 1 of 8 available rows are not computable AND report a positive `totalDebt` on the SAME row, so the refusal cannot mean the flag is inapplicable to this company -- it is missing data. Flag was JUDGED on the 7 row(s) that compute.",1.0,-0.01,per_item
,ARIS,forensic_gap:no_verdict,"the Beneish M-score could not be formed for this name, so the manipulation assessment is ABSENT -- not clean: fewer than half the trailing-year periods are computable (1 of 4), so the mean would not be a trailing-year mean",1.0,-0.01,per_item
general,ARQQ,stage1_veto:refused_rows,"uInterestCoverage: 1 of 8 available rows are not computable AND report a positive `totalDebt` on the SAME row, so the refusal cannot mean the flag is inapplicable to this company -- it is missing data. Flag was JUDGED on the 7 row(s) that compute.",1.0,-0.01,per_item
general,ARW,stage1_veto:refused_rows,"uInterestCoverage: 1 of 8 available rows are not computable AND report a positive `totalDebt` on the SAME row, so the refusal cannot mean the flag is inapplicable to this company -- it is missing data. Flag was JUDGED on the 7 row(s) that compute.",1.0,-0.01,per_item
,ASPN,forensic_gap:no_verdict,"the Beneish M-score could not be formed for this name, so the manipulation assessment is ABSENT -- not clean: fewer than half the trailing-year periods are computable (0 of 4), so the mean would not be a trailing-year mean",1.0,-0.01,per_item
general,ASSA-B.ST,stage1_veto:refused_rows,"uInterestCoverage: 1 of 8 available rows are not computable AND report a positive `totalDebt` on the SAME row, so the refusal cannot mean the flag is inapplicable to this company -- it is missing data. Flag was JUDGED on the 7 row(s) that compute.",1.0,-0.01,per_item
,ATD.TO,forensic_gap:no_verdict,"the Beneish M-score could not be formed for this name, so the manipulation assessment is ABSENT -- not clean: fewer than half the trailing-year periods are computable (1 of 4), so the mean would not be a trailing-year mean",1.0,-0.01,per_item
general,ATH.TO,stage1_veto:refused_rows,"uInterestCoverage: 1 of 8 available rows are not computable AND report a positive `totalDebt` on the SAME row, so the refusal cannot mean the flag is inapplicable to this company -- it is missing data. Flag was JUDGED on the 7 row(s) that compute.",1.0,-0.01,per_item
general,AUTO.OL,stage1_veto:refused_rows,"uInterestCoverage: 1 of 8 available rows are not computable AND report a positive `totalDebt` on the SAME row, so the refusal cannot mean the flag is inapplicable to this company -- it is missing data. Flag was JUDGED on the 7 row(s) that compute.",1.0,-0.01,per_item
,BABA,forensic_gap:no_verdict,"the Beneish M-score could not be formed for this name, so the manipulation assessment is ABSENT -- not clean: fewer than half the trailing-year periods are computable (1 of 4), so the mean would not be a trailing-year mean",1.0,-0.01,per_item
FinManager,BAM.TO,stage1_veto:refused_rows,"uInterestCoverage: 1 of 8 available rows are not computable AND report a positive `totalDebt` on the SAME row, so the refusal cannot mean the flag is inapplicable to this company -- it is missing data. Flag was JUDGED on the 7 row(s) that compute.",1.0,-0.01,per_item
general,BETS-B.ST,stage1_veto:refused_rows,"uInterestCoverage: 1 of 8 available rows are not computable AND report a positive `totalDebt` on the SAME row, so the refusal cannot mean the flag is inapplicable to this company -- it is missing data. Flag was JUDGED on the 7 row(s) that compute.",1.0,-0.01,per_item
general,BH,stage1_veto:refused_rows,"uInterestCoverage: 1 of 8 available rows are not computable AND report a positive `totalDebt` on the SAME row, so the refusal cannot mean the flag is inapplicable to this company -- it is missing data. Flag was JUDGED on the 7 row(s) that compute.",1.0,-0.01,per_item
general,BNTX,stage1_veto:refused_rows,"uInterestCoverage: 1 of 8 available rows are not computable AND report a positive `totalDebt` on the SAME row, so the refusal cannot mean the flag is inapplicable to this company -- it is missing data. Flag was JUDGED on the 7 row(s) that compute.",1.0,-0.01,per_item
general,BR,stage1_veto:refused_rows,"uInterestCoverage: 1 of 8 available rows are not computable AND report a positive `totalDebt` on the SAME row, so the refusal cannot mean the flag is inapplicable to this company -- it is missing data. Flag was JUDGED on the 7 row(s) that compute.",1.0,-0.01,per_item
general,BRC,stage1_veto:refused_rows,"uInterestCoverage: 1 of 8 available rows are not computable AND report a positive `totalDebt` on the SAME row, so the refusal cannot mean the flag is inapplicable to this company -- it is missing data. Flag was JUDGED on the 7 row(s) that compute.",1.0,-0.01,per_item
,BTE,forensic_gap:no_verdict,"the Beneish M-score could not be formed for this name, so the manipulation assessment is ABSENT -- not clean: fewer than half the trailing-year periods are computable (1 of 4), so the mean would not be a trailing-year mean",1.0,-0.01,per_item
general,BWEN,stage1_veto:refused_rows,"uInterestCoverage: 1 of 8 available rows are not computable AND report a positive `totalDebt` on the SAME row, so the refusal cannot mean the flag is inapplicable to this company -- it is missing data. Flag was JUDGED on the 7 row(s) that compute.",1.0,-0.01,per_item
general,CCO,stage1_veto:refused_rows,"uInterestCoverage: 1 of 8 available rows are not computable AND report a positive `totalDebt` on the SAME row, so the refusal cannot mean the flag is inapplicable to this company -- it is missing data. Flag was JUDGED on the 7 row(s) that compute.",1.0,-0.01,per_item
general,CHD,stage1_veto:refused_rows,"uInterestCoverage: 1 of 8 available rows are not computable AND report a positive `totalDebt` on the SAME row, so the refusal cannot mean the flag is inapplicable to this company -- it is missing data. Flag was JUDGED on the 7 row(s) that compute.",1.0,-0.01,per_item
general,CHRW,stage1_veto:refused_rows,"uInterestCoverage: 1 of 8 available rows are not computable AND report a positive `totalDebt` on the SAME row, so the refusal cannot mean the flag is inapplicable to this company -- it is missing data. Flag was JUDGED on the 7 row(s) that compute.",1.0,-0.01,per_item
FinManager,CME,stage1_veto:refused_rows,"uInterestCoverage: 1 of 8 available rows are not computable AND report a positive `totalDebt` on the SAME row, so the refusal cannot mean the flag is inapplicable to this company -- it is missing data. Flag was JUDGED on the 7 row(s) that compute.",1.0,-0.01,per_item
general,COOK,stage1_veto:refused_rows,"uInterestCoverage: 1 of 8 available rows are not computable AND report a positive `totalDebt` on the SAME row, so the refusal cannot mean the flag is inapplicable to this company -- it is missing data. Flag was JUDGED on the 7 row(s) that compute.",1.0,-0.01,per_item
REIT,COV.PA,stage1_veto:refused_rows,"reitEbitdaInterestCoverage: 1 of 8 available rows are not computable AND report a positive `totalDebt` on the SAME row, so the refusal cannot mean the flag is inapplicable to this company -- it is missing data. Flag was JUDGED on the 7 row(s) that compute.",1.0,-0.01,per_item
general,CROX,stage1_veto:refused_rows,"uInterestCoverage: 1 of 8 available rows are not computable AND report a positive `totalDebt` on the SAME row, so the refusal cannot mean the flag is inapplicable to this company -- it is missing data. Flag was JUDGED on the 7 row(s) that compute.",1.0,-0.01,per_item
general,CTC-A.TO,stage1_veto:refused_rows,"uInterestCoverage: 1 of 8 available rows are not computable AND report a positive `totalDebt` on the SAME row, so the refusal cannot mean the flag is inapplicable to this company -- it is missing data. Flag was JUDGED on the 7 row(s) that compute.",1.0,-0.01,per_item
,CYH,forensic_gap:no_verdict,"the Beneish M-score could not be formed for this name, so the manipulation assessment is ABSENT -- not clean: fewer than half the trailing-year periods are computable (1 of 4), so the mean would not be a trailing-year mean",1.0,-0.01,per_item
general,DHR,stage1_veto:refused_rows,"uInterestCoverage: 1 of 8 available rows are not computable AND report a positive `totalDebt` on the SAME row, so the refusal cannot mean the flag is inapplicable to this company -- it is missing data. Flag was JUDGED on the 7 row(s) that compute.",1.0,-0.01,per_item
general,DOU.DE,stage1_veto:refused_rows,"uInterestCoverage: 1 of 8 available rows are not computable AND report a positive `totalDebt` on the SAME row, so the refusal cannot mean the flag is inapplicable to this company -- it is missing data. Flag was JUDGED on the 7 row(s) that compute.",1.0,-0.01,per_item
,DUE.DE,forensic_gap:no_verdict,"the Beneish M-score could not be formed for this name, so the manipulation assessment is ABSENT -- not clean: fewer than half the trailing-year periods are computable (1 of 4), so the mean would not be a trailing-year mean",1.0,-0.01,per_item
general,DYVOX.ST,stage1_veto:refused_rows,"uInterestCoverage: 1 of 8 available rows are not computable AND report a positive `totalDebt` on the SAME row, so the refusal cannot mean the flag is inapplicable to this company -- it is missing data. Flag was JUDGED on the 7 row(s) that compute.",1.0,-0.01,per_item
general,EPI-A.ST,stage1_veto:refused_rows,"uInterestCoverage: 1 of 8 available rows are not computable AND report a positive `totalDebt` on the SAME row, so the refusal cannot mean the flag is inapplicable to this company -- it is missing data. Flag was JUDGED on the 7 row(s) that compute.",1.0,-0.01,per_item
general,EPRO-B.ST,stage1_veto:refused_rows,"uInterestCoverage: 1 of 8 available rows are not computable AND report a positive `totalDebt` on the SAME row, so the refusal cannot mean the flag is inapplicable to this company -- it is missing data. Flag was JUDGED on the 7 row(s) that compute.",1.0,-0.01,per_item
general,EQNR,stage1_veto:refused_rows,"uInterestCoverage: 1 of 8 available rows are not computable AND report a positive `totalDebt` on the SAME row, so the refusal cannot mean the flag is inapplicable to this company -- it is missing data. Flag was JUDGED on the 7 row(s) that compute.",1.0,-0.01,per_item
FinManager,EQT.ST,stage1_veto:refused_rows,"uInterestCoverage: 1 of 8 available rows are not computable AND report a positive `totalDebt` on the SAME row, so the refusal cannot mean the flag is inapplicable to this company -- it is missing data. Flag was JUDGED on the 7 row(s) that compute.",1.0,-0.01,per_item
general,EVD.DE,stage1_veto:refused_rows,"uInterestCoverage: 1 of 8 available rows are not computable AND report a positive `totalDebt` on the SAME row, so the refusal cannot mean the flag is inapplicable to this company -- it is missing data. Flag was JUDGED on the 7 row(s) that compute.",1.0,-0.01,per_item
general,FC,stage1_veto:refused_rows,"uInterestCoverage: 1 of 8 available rows are not computable AND report a positive `totalDebt` on the SAME row, so the refusal cannot mean the flag is inapplicable to this company -- it is missing data. Flag was JUDGED on the 7 row(s) that compute.",1.0,-0.01,per_item
general,FEIM,stage1_veto:refused_rows,"uInterestCoverage: 1 of 8 available rows are not computable AND report a positive `totalDebt` on the SAME row, so the refusal cannot mean the flag is inapplicable to this company -- it is missing data. Flag was JUDGED on the 7 row(s) that compute.",1.0,-0.01,per_item
,FESTI.IC,forensic_gap:no_verdict,"the Beneish M-score could not be formed for this name, so the manipulation assessment is ABSENT -- not clean: fewer than half the trailing-year periods are computable (1 of 4), so the mean would not be a trailing-year mean",1.0,-0.01,per_item
general,FND,stage1_veto:refused_rows,"uInterestCoverage: 1 of 8 available rows are not computable AND report a positive `totalDebt` on the SAME row, so the refusal cannot mean the flag is inapplicable to this company -- it is missing data. Flag was JUDGED on the 7 row(s) that compute.",1.0,-0.01,per_item
general,FRPT,stage1_veto:refused_rows,"uInterestCoverage: 1 of 8 available rows are not computable AND report a positive `totalDebt` on the SAME row, so the refusal cannot mean the flag is inapplicable to this company -- it is missing data. Flag was JUDGED on the 7 row(s) that compute.",1.0,-0.01,per_item
FinManager,FTK.DE,stage1_veto:refused_rows,"uInterestCoverage: 1 of 8 available rows are not computable AND report a positive `totalDebt` on the SAME row, so the refusal cannot mean the flag is inapplicable to this company -- it is missing data. Flag was JUDGED on the 7 row(s) that compute.",1.0,-0.01,per_item
general,GAMA.L,stage1_veto:refused_rows,"uInterestCoverage: 1 of 8 available rows are not computable AND report a positive `totalDebt` on the SAME row, so the refusal cannot mean the flag is inapplicable to this company -- it is missing data. Flag was JUDGED on the 7 row(s) that compute.",1.0,-0.01,per_item
,GFT.DE,forensic_gap:no_verdict,"the Beneish M-score could not be formed for this name, so the manipulation assessment is ABSENT -- not clean: fewer than half the trailing-year periods are computable (1 of 4), so the mean would not be a trailing-year mean",1.0,-0.01,per_item
general,GLP,stage1_veto:refused_rows,"uInterestCoverage: 1 of 8 available rows are not computable AND report a positive `totalDebt` on the SAME row, so the refusal cannot mean the flag is inapplicable to this company -- it is missing data. Flag was JUDGED on the 7 row(s) that compute.",1.0,-0.01,per_item
general,GOLF,stage1_veto:refused_rows,"uInterestCoverage: 1 of 8 available rows are not computable AND report a positive `totalDebt` on the SAME row, so the refusal cannot mean the flag is inapplicable to this company -- it is missing data. Flag was JUDGED on the 7 row(s) that compute.",1.0,-0.01,per_item
general,GRND,stage1_veto:refused_rows,"uInterestCoverage: 1 of 8 available rows are not computable AND report a positive `totalDebt` on the SAME row, so the refusal cannot mean the flag is inapplicable to this company -- it is missing data. Flag was JUDGED on the 7 row(s) that compute.",1.0,-0.01,per_item
general,GXI.DE,stage1_veto:refused_rows,"uInterestCoverage: 1 of 8 available rows are not computable AND report a positive `totalDebt` on the SAME row, so the refusal cannot mean the flag is inapplicable to this company -- it is missing data. Flag was JUDGED on the 7 row(s) that compute.",1.0,-0.01,per_item
general,HCSG,stage1_veto:refused_rows,"uInterestCoverage: 1 of 8 available rows are not computable AND report a positive `totalDebt` on the SAME row, so the refusal cannot mean the flag is inapplicable to this company -- it is missing data. Flag was JUDGED on the 7 row(s) that compute.",1.0,-0.01,per_item
general,HNSA.ST,stage1_veto:refused_rows,"uInterestCoverage: 1 of 8 available rows are not computable AND report a positive `totalDebt` on the SAME row, so the refusal cannot mean the flag is inapplicable to this company -- it is missing data. Flag was JUDGED on the 7 row(s) that compute.",1.0,-0.01,per_item
general,HPQ,stage1_veto:refused_rows,"uInterestCoverage: 1 of 8 available rows are not computable AND report a positive `totalDebt` on the SAME row, so the refusal cannot mean the flag is inapplicable to this company -- it is missing data. Flag was JUDGED on the 7 row(s) that compute.",1.0,-0.01,per_item
general,HSHP,stage1_veto:refused_rows,"uInterestCoverage: 1 of 8 available rows are not computable AND report a positive `totalDebt` on the SAME row, so the refusal cannot mean the flag is inapplicable to this company -- it is missing data. Flag was JUDGED on the 7 row(s) that compute.",1.0,-0.01,per_item
FinManager,HUT,stage1_veto:refused_rows,"uInterestCoverage: 1 of 8 available rows are not computable AND report a positive `totalDebt` on the SAME row, so the refusal cannot mean the flag is inapplicable to this company -- it is missing data. Flag was JUDGED on the 7 row(s) that compute.",1.0,-0.01,per_item
,HWX.TO,forensic_gap:no_verdict,"the Beneish M-score could not be formed for this name, so the manipulation assessment is ABSENT -- not clean: fewer than half the trailing-year periods are computable (1 of 4), so the mean would not be a trailing-year mean",1.0,-0.01,per_item
general,ILMN,stage1_veto:refused_rows,"uInterestCoverage: 1 of 8 available rows are not computable AND report a positive `totalDebt` on the SAME row, so the refusal cannot mean the flag is inapplicable to this company -- it is missing data. Flag was JUDGED on the 7 row(s) that compute.",1.0,-0.01,per_item
,IMXI,forensic_gap:no_verdict,"the Beneish M-score could not be formed for this name, so the manipulation assessment is ABSENT -- not clean: fewer than half the trailing-year periods are computable (1 of 4), so the mean would not be a trailing-year mean",1.0,-0.01,per_item
general,IPO.TO,stage1_veto:refused_rows,"uInterestCoverage: 1 of 8 available rows are not computable AND report a positive `totalDebt` on the SAME row, so the refusal cannot mean the flag is inapplicable to this company -- it is missing data. Flag was JUDGED on the 7 row(s) that compute.",1.0,-0.01,per_item
general,JOY.TO,stage1_veto:refused_rows,"uInterestCoverage: 1 of 8 available rows are not computable AND report a positive `totalDebt` on the SAME row, so the refusal cannot mean the flag is inapplicable to this company -- it is missing data. Flag was JUDGED on the 7 row(s) that compute.",1.0,-0.01,per_item
,KBX.DE,forensic_gap:no_verdict,"the Beneish M-score could not be formed for this name, so the manipulation assessment is ABSENT -- not clean: fewer than half the trailing-year periods are computable (1 of 4), so the mean would not be a trailing-year mean",1.0,-0.01,per_item
general,KFY,stage1_veto:refused_rows,"uInterestCoverage: 1 of 8 available rows are not computable AND report a positive `totalDebt` on the SAME row, so the refusal cannot mean the flag is inapplicable to this company -- it is missing data. Flag was JUDGED on the 7 row(s) that compute.",1.0,-0.01,per_item
general,KGX.DE,stage1_veto:refused_rows,"uInterestCoverage: 1 of 8 available rows are not computable AND report a positive `totalDebt` on the SAME row, so the refusal cannot mean the flag is inapplicable to this company -- it is missing data. Flag was JUDGED on the 7 row(s) that compute.",1.0,-0.01,per_item
general,KITS.TO,stage1_veto:refused_rows,"uInterestCoverage: 1 of 8 available rows are not computable AND report a positive `totalDebt` on the SAME row, so the refusal cannot mean the flag is inapplicable to this company -- it is missing data. Flag was JUDGED on the 7 row(s) that compute.",1.0,-0.01,per_item
,KRO,forensic_gap:no_verdict,"the Beneish M-score could not be formed for this name, so the manipulation assessment is ABSENT -- not clean: fewer than half the trailing-year periods are computable (1 of 4), so the mean would not be a trailing-year mean",1.0,-0.01,per_item
REIT,LI.PA,stage1_veto:refused_rows,"reitEbitdaInterestCoverage: 1 of 8 available rows are not computable AND report a positive `totalDebt` on the SAME row, so the refusal cannot mean the flag is inapplicable to this company -- it is missing data. Flag was JUDGED on the 7 row(s) that compute.",1.0,-0.01,per_item
general,LKFT.AS,stage1_veto:refused_rows,"uInterestCoverage: 1 of 8 available rows are not computable AND report a positive `totalDebt` on the SAME row, so the refusal cannot mean the flag is inapplicable to this company -- it is missing data. Flag was JUDGED on the 7 row(s) that compute.",1.0,-0.01,per_item
,LPK.DE,forensic_gap:no_verdict,"the Beneish M-score could not be formed for this name, so the manipulation assessment is ABSENT -- not clean: fewer than half the trailing-year periods are computable (1 of 4), so the mean would not be a trailing-year mean",1.0,-0.01,per_item
general,LRCX,stage1_veto:refused_rows,"uInterestCoverage: 1 of 8 available rows are not computable AND report a positive `totalDebt` on the SAME row, so the refusal cannot mean the flag is inapplicable to this company -- it is missing data. Flag was JUDGED on the 7 row(s) that compute.",1.0,-0.01,per_item
general,LSPD,stage1_veto:refused_rows,"uInterestCoverage: 1 of 8 available rows are not computable AND report a positive `totalDebt` on the SAME row, so the refusal cannot mean the flag is inapplicable to this company -- it is missing data. Flag was JUDGED on the 7 row(s) that compute.",1.0,-0.01,per_item
FinManager,LUND-B.ST,stage1_veto:refused_rows,"uInterestCoverage: 1 of 8 available rows are not computable AND report a positive `totalDebt` on the SAME row, so the refusal cannot mean the flag is inapplicable to this company -- it is missing data. Flag was JUDGED on the 7 row(s) that compute.",1.0,-0.01,per_item
general,LWAY,stage1_veto:refused_rows,"uInterestCoverage: 1 of 8 available rows are not computable AND report a positive `totalDebt` on the SAME row, so the refusal cannot mean the flag is inapplicable to this company -- it is missing data. Flag was JUDGED on the 7 row(s) that compute.",1.0,-0.01,per_item
general,MAL.TO,stage1_veto:refused_rows,"uInterestCoverage: 1 of 8 available rows are not computable AND report a positive `totalDebt` on the SAME row, so the refusal cannot mean the flag is inapplicable to this company -- it is missing data. Flag was JUDGED on the 7 row(s) that compute.",1.0,-0.01,per_item
general,MBG.DE,stage1_veto:refused_rows,"uInterestCoverage: 1 of 8 available rows are not computable AND report a positive `totalDebt` on the SAME row, so the refusal cannot mean the flag is inapplicable to this company -- it is missing data. Flag was JUDGED on the 7 row(s) that compute.",1.0,-0.01,per_item
general,MBUU,stage1_veto:refused_rows,"uInterestCoverage: 1 of 8 available rows are not computable AND report a positive `totalDebt` on the SAME row, so the refusal cannot mean the flag is inapplicable to this company -- it is missing data. Flag was JUDGED on the 7 row(s) that compute.",1.0,-0.01,per_item
general,MCK,stage1_veto:refused_rows,"uInterestCoverage: 1 of 8 available rows are not computable AND report a positive `totalDebt` on the SAME row, so the refusal cannot mean the flag is inapplicable to this company -- it is missing data. Flag was JUDGED on the 7 row(s) that compute.",1.0,-0.01,per_item
general,MDB,stage1_veto:refused_rows,"uInterestCoverage: 1 of 8 available rows are not computable AND report a positive `totalDebt` on the SAME row, so the refusal cannot mean the flag is inapplicable to this company -- it is missing data. Flag was JUDGED on the 7 row(s) that compute.",1.0,-0.01,per_item
general,MELE.BR,stage1_veto:refused_rows,"uInterestCoverage: 1 of 8 available rows are not computable AND report a positive `totalDebt` on the SAME row, so the refusal cannot mean the flag is inapplicable to this company -- it is missing data. Flag was JUDGED on the 7 row(s) that compute.",1.0,-0.01,per_item
REIT,MERY.PA,stage1_veto:refused_rows,"reitEbitdaInterestCoverage: 1 of 8 available rows are not computable AND report a positive `totalDebt` on the SAME row, so the refusal cannot mean the flag is inapplicable to this company -- it is missing data. Flag was JUDGED on the 7 row(s) that compute.",1.0,-0.01,per_item
,MFI.TO,forensic_gap:no_verdict,"the Beneish M-score could not be formed for this name, so the manipulation assessment is ABSENT -- not clean: fewer than half the trailing-year periods are computable (1 of 4), so the mean would not be a trailing-year mean",1.0,-0.01,per_item
general,MMM,stage1_veto:refused_rows,"uInterestCoverage: 1 of 8 available rows are not computable AND report a positive `totalDebt` on the SAME row, so the refusal cannot mean the flag is inapplicable to this company -- it is missing data. Flag was JUDGED on the 7 row(s) that compute.",1.0,-0.01,per_item
general,MRK,stage1_veto:refused_rows,"uInterestCoverage: 1 of 8 available rows are not computable AND report a positive `totalDebt` on the SAME row, so the refusal cannot mean the flag is inapplicable to this company -- it is missing data. Flag was JUDGED on the 7 row(s) that compute.",1.0,-0.01,per_item
general,MTG-B.ST,stage1_veto:refused_rows,"uInterestCoverage: 1 of 8 available rows are not computable AND report a positive `totalDebt` on the SAME row, so the refusal cannot mean the flag is inapplicable to this company -- it is missing data. Flag was JUDGED on the 7 row(s) that compute.",1.0,-0.01,per_item
general,MTRS.ST,stage1_veto:refused_rows,"uInterestCoverage: 1 of 8 available rows are not computable AND report a positive `totalDebt` on the SAME row, so the refusal cannot mean the flag is inapplicable to this company -- it is missing data. Flag was JUDGED on the 7 row(s) that compute.",1.0,-0.01,per_item
general,MU,stage1_veto:refused_rows,"uInterestCoverage: 1 of 8 available rows are not computable AND report a positive `totalDebt` on the SAME row, so the refusal cannot mean the flag is inapplicable to this company -- it is missing data. Flag was JUDGED on the 7 row(s) that compute.",1.0,-0.01,per_item
general,NA9.DE,stage1_veto:refused_rows,"uInterestCoverage: 1 of 8 available rows are not computable AND report a positive `totalDebt` on the SAME row, so the refusal cannot mean the flag is inapplicable to this company -- it is missing data. Flag was JUDGED on the 7 row(s) that compute.",1.0,-0.01,per_item
general,NABL,stage1_veto:refused_rows,"uInterestCoverage: 1 of 8 available rows are not computable AND report a positive `totalDebt` on the SAME row, so the refusal cannot mean the flag is inapplicable to this company -- it is missing data. Flag was JUDGED on the 7 row(s) that compute.",1.0,-0.01,per_item
,NAS.OL,forensic_gap:no_verdict,"the Beneish M-score could not be formed for this name, so the manipulation assessment is ABSENT -- not clean: fewer than half the trailing-year periods are computable (0 of 4), so the mean would not be a trailing-year mean",1.0,-0.01,per_item
,NDX1.DE,forensic_gap:no_verdict,"the Beneish M-score could not be formed for this name, so the manipulation assessment is ABSENT -- not clean: fewer than half the trailing-year periods are computable (1 of 4), so the mean would not be a trailing-year mean",1.0,-0.01,per_item
general,NEM.DE,stage1_veto:refused_rows,"uInterestCoverage: 1 of 8 available rows are not computable AND report a positive `totalDebt` on the SAME row, so the refusal cannot mean the flag is inapplicable to this company -- it is missing data. Flag was JUDGED on the 7 row(s) that compute.",1.0,-0.01,per_item
REIT,NHI,stage1_veto:refused_rows,"reitEbitdaInterestCoverage: 1 of 8 available rows are not computable AND report a positive `totalDebt` on the SAME row, so the refusal cannot mean the flag is inapplicable to this company -- it is missing data. Flag was JUDGED on the 7 row(s) that compute.",1.0,-0.01,per_item
REIT,NLOP,stage1_veto:refused_rows,"reitEbitdaInterestCoverage: 1 of 8 available rows are not computable AND report a positive `totalDebt` on the SAME row, so the refusal cannot mean the flag is inapplicable to this company -- it is missing data. Flag was JUDGED on the 7 row(s) that compute.",1.0,-0.01,per_item
general,NN,stage1_veto:refused_rows,"uInterestCoverage: 1 of 8 available rows are not computable AND report a positive `totalDebt` on the SAME row, so the refusal cannot mean the flag is inapplicable to this company -- it is missing data. Flag was JUDGED on the 7 row(s) that compute.",1.0,-0.01,per_item
general,NOTE.ST,stage1_veto:refused_rows,"uInterestCoverage: 1 of 8 available rows are not computable AND report a positive `totalDebt` on the SAME row, so the refusal cannot mean the flag is inapplicable to this company -- it is missing data. Flag was JUDGED on the 7 row(s) that compute.",1.0,-0.01,per_item
general,NVR,stage1_veto:refused_rows,"uInterestCoverage: 1 of 8 available rows are not computable AND report a positive `totalDebt` on the SAME row, so the refusal cannot mean the flag is inapplicable to this company -- it is missing data. Flag was JUDGED on the 7 row(s) that compute.",1.0,-0.01,per_item
,OII,forensic_gap:no_verdict,"the Beneish M-score could not be formed for this name, so the manipulation assessment is ABSENT -- not clean: fewer than half the trailing-year periods are computable (1 of 4), so the mean would not be a trailing-year mean",1.0,-0.01,per_item
general,OMCL,stage1_veto:refused_rows,"uInterestCoverage: 1 of 8 available rows are not computable AND report a positive `totalDebt` on the SAME row, so the refusal cannot mean the flag is inapplicable to this company -- it is missing data. Flag was JUDGED on the 7 row(s) that compute.",1.0,-0.01,per_item
general,ORA.PA,stage1_veto:refused_rows,"uInterestCoverage: 1 of 8 available rows are not computable AND report a positive `totalDebt` on the SAME row, so the refusal cannot mean the flag is inapplicable to this company -- it is missing data. Flag was JUDGED on the 7 row(s) that compute.",1.0,-0.01,per_item
,ORE.TO,forensic_gap:no_verdict,"the Beneish M-score could not be formed for this name, so the manipulation assessment is ABSENT -- not clean: fewer than half the trailing-year periods are computable (1 of 4), so the mean would not be a trailing-year mean",1.0,-0.01,per_item
general,OTIS,stage1_veto:refused_rows,"uInterestCoverage: 1 of 8 available rows are not computable AND report a positive `totalDebt` on the SAME row, so the refusal cannot mean the flag is inapplicable to this company -- it is missing data. Flag was JUDGED on the 7 row(s) that compute.",1.0,-0.01,per_item
general,PG,stage1_veto:refused_rows,"uInterestCoverage: 1 of 8 available rows are not computable AND report a positive `totalDebt` on the SAME row, so the refusal cannot mean the flag is inapplicable to this company -- it is missing data. Flag was JUDGED on the 7 row(s) that compute.",1.0,-0.01,per_item
general,PRIM,stage1_veto:refused_rows,"uInterestCoverage: 1 of 8 available rows are not computable AND report a positive `totalDebt` on the SAME row, so the refusal cannot mean the flag is inapplicable to this company -- it is missing data. Flag was JUDGED on the 7 row(s) that compute.",1.0,-0.01,per_item
general,PRMB,stage1_veto:refused_rows,"uInterestCoverage: 1 of 8 available rows are not computable AND report a positive `totalDebt` on the SAME row, so the refusal cannot mean the flag is inapplicable to this company -- it is missing data. Flag was JUDGED on the 7 row(s) that compute.",1.0,-0.01,per_item
general,PROX.BR,stage1_veto:refused_rows,"uInterestCoverage: 1 of 8 available rows are not computable AND report a positive `totalDebt` on the SAME row, so the refusal cannot mean the flag is inapplicable to this company -- it is missing data. Flag was JUDGED on the 7 row(s) that compute.",1.0,-0.01,per_item
general,PTC,stage1_veto:refused_rows,"uInterestCoverage: 1 of 8 available rows are not computable AND report a positive `totalDebt` on the SAME row, so the refusal cannot mean the flag is inapplicable to this company -- it is missing data. Flag was JUDGED on the 7 row(s) that compute.",1.0,-0.01,per_item
general,RAA.DE,stage1_veto:refused_rows,"uInterestCoverage: 1 of 8 available rows are not computable AND report a positive `totalDebt` on the SAME row, so the refusal cannot mean the flag is inapplicable to this company -- it is missing data. Flag was JUDGED on the 7 row(s) that compute.",1.0,-0.01,per_item
general,RAND.AS,stage1_veto:refused_rows,"uInterestCoverage: 1 of 8 available rows are not computable AND report a positive `totalDebt` on the SAME row, so the refusal cannot mean the flag is inapplicable to this company -- it is missing data. Flag was JUDGED on the 7 row(s) that compute.",1.0,-0.01,per_item
general,RDC.DE,stage1_veto:refused_rows,"uInterestCoverage: 1 of 8 available rows are not computable AND report a positive `totalDebt` on the SAME row, so the refusal cannot mean the flag is inapplicable to this company -- it is missing data. Flag was JUDGED on the 7 row(s) that compute.",1.0,-0.01,per_item
general,RIG,stage1_veto:refused_rows,"uInterestCoverage: 1 of 8 available rows are not computable AND report a positive `totalDebt` on the SAME row, so the refusal cannot mean the flag is inapplicable to this company -- it is missing data. Flag was JUDGED on the 7 row(s) that compute.",1.0,-0.01,per_item
FinManager,RJF,stage1_veto:refused_rows,"uInterestCoverage: 1 of 8 available rows are not computable AND report a positive `totalDebt` on the SAME row, so the refusal cannot mean the flag is inapplicable to this company -- it is missing data. Flag was JUDGED on the 7 row(s) that compute.",1.0,-0.01,per_item
general,ROG,stage1_veto:refused_rows,"uInterestCoverage: 1 of 8 available rows are not computable AND report a positive `totalDebt` on the SAME row, so the refusal cannot mean the flag is inapplicable to this company -- it is missing data. Flag was JUDGED on the 7 row(s) that compute.",1.0,-0.01,per_item
general,ROKU,stage1_veto:refused_rows,"uInterestCoverage: 1 of 8 available rows are not computable AND report a positive `totalDebt` on the SAME row, so the refusal cannot mean the flag is inapplicable to this company -- it is missing data. Flag was JUDGED on the 7 row(s) that compute.",1.0,-0.01,per_item
FinManager,SAVE.ST,stage1_veto:refused_rows,"uInterestCoverage: 1 of 8 available rows are not computable AND report a positive `totalDebt` on the SAME row, so the refusal cannot mean the flag is inapplicable to this company -- it is missing data. Flag was JUDGED on the 7 row(s) that compute.",1.0,-0.01,per_item
REIT,SBRA,stage1_veto:refused_rows,"reitEbitdaInterestCoverage: 1 of 8 available rows are not computable AND report a positive `totalDebt` on the SAME row, so the refusal cannot mean the flag is inapplicable to this company -- it is missing data. Flag was JUDGED on the 7 row(s) that compute.",1.0,-0.01,per_item
general,SD,stage1_veto:refused_rows,"uInterestCoverage: 1 of 8 available rows are not computable AND report a positive `totalDebt` on the SAME row, so the refusal cannot mean the flag is inapplicable to this company -- it is missing data. Flag was ABSTAINED -- 1 row(s) is under the 6-row partial-window floor.",1.0,-0.01,per_item
general,SDE.TO,stage1_veto:refused_rows,"uInterestCoverage: 1 of 8 available rows are not computable AND report a positive `totalDebt` on the SAME row, so the refusal cannot mean the flag is inapplicable to this company -- it is missing data. Flag was JUDGED on the 7 row(s) that compute.",1.0,-0.01,per_item
,SES.TO,forensic_gap:no_verdict,"the Beneish M-score could not be formed for this name, so the manipulation assessment is ABSENT -- not clean: fewer than half the trailing-year periods are computable (1 of 4), so the mean would not be a trailing-year mean",1.0,-0.01,per_item
general,SGHT,stage1_veto:refused_rows,"uInterestCoverage: 1 of 8 available rows are not computable AND report a positive `totalDebt` on the SAME row, so the refusal cannot mean the flag is inapplicable to this company -- it is missing data. Flag was JUDGED on the 7 row(s) that compute.",1.0,-0.01,per_item
,SHAK,forensic_gap:no_verdict,"the Beneish M-score could not be formed for this name, so the manipulation assessment is ABSENT -- not clean: fewer than half the trailing-year periods are computable (1 of 4), so the mean would not be a trailing-year mean",1.0,-0.01,per_item
general,SKF-B.ST,stage1_veto:refused_rows,"uInterestCoverage: 1 of 8 available rows are not computable AND report a positive `totalDebt` on the SAME row, so the refusal cannot mean the flag is inapplicable to this company -- it is missing data. Flag was JUDGED on the 7 row(s) that compute.",1.0,-0.01,per_item
general,SOC,stage1_veto:refused_rows,"uInterestCoverage: 1 of 8 available rows are not computable AND report a positive `totalDebt` on the SAME row, so the refusal cannot mean the flag is inapplicable to this company -- it is missing data. Flag was JUDGED on the 7 row(s) that compute.",1.0,-0.01,per_item
general,SOFF.OL,stage1_veto:refused_rows,"uInterestCoverage: 1 of 8 available rows are not computable AND report a positive `totalDebt` on the SAME row, so the refusal cannot mean the flag is inapplicable to this company -- it is missing data. Flag was JUDGED on the 7 row(s) that compute.",1.0,-0.01,per_item
general,STN.TO,stage1_veto:refused_rows,"uInterestCoverage: 1 of 8 available rows are not computable AND report a positive `totalDebt` on the SAME row, so the refusal cannot mean the flag is inapplicable to this company -- it is missing data. Flag was JUDGED on the 7 row(s) that compute.",1.0,-0.01,per_item
general,TAP,stage1_veto:refused_rows,"uInterestCoverage: 1 of 8 available rows are not computable AND report a positive `totalDebt` on the SAME row, so the refusal cannot mean the flag is inapplicable to this company -- it is missing data. Flag was JUDGED on the 7 row(s) that compute.",1.0,-0.01,per_item
,TCW.TO,forensic_gap:no_verdict,"the Beneish M-score could not be formed for this name, so the manipulation assessment is ABSENT -- not clean: fewer than half the trailing-year periods are computable (1 of 4), so the mean would not be a trailing-year mean",1.0,-0.01,per_item
general,TEL,stage1_veto:refused_rows,"uInterestCoverage: 1 of 8 available rows are not computable AND report a positive `totalDebt` on the SAME row, so the refusal cannot mean the flag is inapplicable to this company -- it is missing data. Flag was JUDGED on the 7 row(s) that compute.",1.0,-0.01,per_item
general,TKA.DE,stage1_veto:refused_rows,"uInterestCoverage: 1 of 8 available rows are not computable AND report a positive `totalDebt` on the SAME row, so the refusal cannot mean the flag is inapplicable to this company -- it is missing data. Flag was JUDGED on the 7 row(s) that compute.",1.0,-0.01,per_item
general,TPE.DE,stage1_veto:refused_rows,"uInterestCoverage: 1 of 8 available rows are not computable AND report a positive `totalDebt` on the SAME row, so the refusal cannot mean the flag is inapplicable to this company -- it is missing data. Flag was JUDGED on the 7 row(s) that compute.",1.0,-0.01,per_item
FinManager,TPG,stage1_veto:refused_rows,"uInterestCoverage: 1 of 8 available rows are not computable AND report a positive `totalDebt` on the SAME row, so the refusal cannot mean the flag is inapplicable to this company -- it is missing data. Flag was JUDGED on the 7 row(s) that compute.",1.0,-0.01,per_item
general,TREL-B.ST,stage1_veto:refused_rows,"uInterestCoverage: 1 of 8 available rows are not computable AND report a positive `totalDebt` on the SAME row, so the refusal cannot mean the flag is inapplicable to this company -- it is missing data. Flag was JUDGED on the 7 row(s) that compute.",1.0,-0.01,per_item
general,TRGP,stage1_veto:refused_rows,"uInterestCoverage: 1 of 8 available rows are not computable AND report a positive `totalDebt` on the SAME row, so the refusal cannot mean the flag is inapplicable to this company -- it is missing data. Flag was JUDGED on the 7 row(s) that compute.",1.0,-0.01,per_item
FinManager,VCTR,stage1_veto:refused_rows,"uInterestCoverage: 1 of 8 available rows are not computable AND report a positive `totalDebt` on the SAME row, so the refusal cannot mean the flag is inapplicable to this company -- it is missing data. Flag was JUDGED on the 7 row(s) that compute.",1.0,-0.01,per_item
general,VEI.OL,stage1_veto:refused_rows,"uInterestCoverage: 1 of 8 available rows are not computable AND report a positive `totalDebt` on the SAME row, so the refusal cannot mean the flag is inapplicable to this company -- it is missing data. Flag was JUDGED on the 7 row(s) that compute.",1.0,-0.01,per_item
general,VELO,stage1_veto:refused_rows,"uInterestCoverage: 1 of 8 available rows are not computable AND report a positive `totalDebt` on the SAME row, so the refusal cannot mean the flag is inapplicable to this company -- it is missing data. Flag was JUDGED on the 7 row(s) that compute.",1.0,-0.01,per_item
general,VITR.ST,stage1_veto:refused_rows,"uInterestCoverage: 1 of 8 available rows are not computable AND report a positive `totalDebt` on the SAME row, so the refusal cannot mean the flag is inapplicable to this company -- it is missing data. Flag was JUDGED on the 7 row(s) that compute.",1.0,-0.01,per_item
general,VOS.DE,stage1_veto:refused_rows,"uInterestCoverage: 1 of 8 available rows are not computable AND report a positive `totalDebt` on the SAME row, so the refusal cannot mean the flag is inapplicable to this company -- it is missing data. Flag was JUDGED on the 7 row(s) that compute.",1.0,-0.01,per_item
,VRRM,forensic_gap:no_verdict,"the Beneish M-score could not be formed for this name, so the manipulation assessment is ABSENT -- not clean: fewer than half the trailing-year periods are computable (1 of 4), so the mean would not be a trailing-year mean",1.0,-0.01,per_item
general,VU.PA,stage1_veto:refused_rows,"uInterestCoverage: 1 of 8 available rows are not computable AND report a positive `totalDebt` on the SAME row, so the refusal cannot mean the flag is inapplicable to this company -- it is missing data. Flag was JUDGED on the 7 row(s) that compute.",1.0,-0.01,per_item
general,WAVE.PA,stage1_veto:refused_rows,"uInterestCoverage: 1 of 8 available rows are not computable AND report a positive `totalDebt` on the SAME row, so the refusal cannot mean the flag is inapplicable to this company -- it is missing data. Flag was JUDGED on the 7 row(s) that compute.",1.0,-0.01,per_item
general,WHWK,stage1_veto:refused_rows,"uInterestCoverage: 1 of 8 available rows are not computable AND report a positive `totalDebt` on the SAME row, so the refusal cannot mean the flag is inapplicable to this company -- it is missing data. Flag was ABSTAINED -- 1 row(s) is under the 6-row partial-window floor.",1.0,-0.01,per_item
general,WIT,stage1_veto:refused_rows,"uInterestCoverage: 1 of 8 available rows are not computable AND report a positive `totalDebt` on the SAME row, so the refusal cannot mean the flag is inapplicable to this company -- it is missing data. Flag was JUDGED on the 7 row(s) that compute.",1.0,-0.01,per_item
general,YORW,stage1_veto:refused_rows,"uInterestCoverage: 1 of 8 available rows are not computable AND report a positive `totalDebt` on the SAME row, so the refusal cannot mean the flag is inapplicable to this company -- it is missing data. Flag was JUDGED on the 7 row(s) that compute.",1.0,-0.01,per_item
general,ZETA,stage1_veto:refused_rows,"uInterestCoverage: 1 of 8 available rows are not computable AND report a positive `totalDebt` on the SAME row, so the refusal cannot mean the flag is inapplicable to this company -- it is missing data. Flag was JUDGED on the 7 row(s) that compute.",1.0,-0.01,per_item
