pool,source,check,reason,points,penalty,section
,,forensic_gap:beneish_components,"EXEMPT: 235 name(s) had an absent Beneish assessment that was NOT charged because `forensicFlags._classify_financial` rules the model inapplicable to them (banks, insurers, REITs). For those names the honest statement is ""the manipulation model does not apply"", not ""the assessment is absent"". Pickle-sector basis: the API sector fallback is fetched after Stage-2 and can only ADD financials, so this exemption is never wider than the tag the shortlist ships.",0.0,0.0,NOT_MEASURED
,000270.KS,1 check(s),"uInterestCoverage: 1 of 8 available rows are not computable AND report a positive `totalDebt` on the SAME row, so the refusal cannot mean the flag is inapplicable to this company -- it is missing data. Flag was JUDGED on the 7 row(s) that compute.",1.0,-0.01,per_source
,001260.KS,2 check(s),"no usable vendor data for: gross margin (GMI), SG&A intensity (SGAI) | the Beneish M-score could not be formed for this name, so the manipulation assessment is ABSENT -- not clean: no usable vendor data for: gross margin (GMI), SG&A intensity (SGAI)",3.0,-0.03,per_source
,001500.KS,1 check(s),"uInterestCoverage: 1 of 8 available rows are not computable AND report a positive `totalDebt` on the SAME row, so the refusal cannot mean the flag is inapplicable to this company -- it is missing data. Flag was JUDGED on the 7 row(s) that compute.",1.0,-0.01,per_source
,001720.KS,1 check(s),"uInterestCoverage: 1 of 8 available rows are not computable AND report a positive `totalDebt` on the SAME row, so the refusal cannot mean the flag is inapplicable to this company -- it is missing data. Flag was JUDGED on the 7 row(s) that compute.",1.0,-0.01,per_source
,003080.KS,2 check(s),"no usable vendor data for: gross margin (GMI) | the Beneish M-score could not be formed for this name, so the manipulation assessment is ABSENT -- not clean: no usable vendor data for: gross margin (GMI)",2.0,-0.02,per_source
,003090.KS,2 check(s),"no usable vendor data for: gross margin (GMI), SG&A intensity (SGAI) | the Beneish M-score could not be formed for this name, so the manipulation assessment is ABSENT -- not clean: no usable vendor data for: gross margin (GMI), SG&A intensity (SGAI)",3.0,-0.03,per_source
,003230.KS,1 check(s),"uInterestCoverage: 1 of 8 available rows are not computable AND report a positive `totalDebt` on the SAME row, so the refusal cannot mean the flag is inapplicable to this company -- it is missing data. Flag was JUDGED on the 7 row(s) that compute.",1.0,-0.01,per_source
,003550.KS,2 check(s),"no usable vendor data for: gross margin (GMI) | the Beneish M-score could not be formed for this name, so the manipulation assessment is ABSENT -- not clean: no usable vendor data for: gross margin (GMI)",2.0,-0.02,per_source
,004140.KS,1 check(s),"uInterestCoverage: 2 of 8 available rows are not computable AND report a positive `totalDebt` on the SAME row, so the refusal cannot mean the flag is inapplicable to this company -- it is missing data. Flag was JUDGED on the 6 row(s) that compute.",2.0,-0.02,per_source
,005500.KS,2 check(s),"no usable vendor data for: SG&A intensity (SGAI) | the Beneish M-score could not be formed for this name, so the manipulation assessment is ABSENT -- not clean: no usable vendor data for: SG&A intensity (SGAI)",2.0,-0.02,per_source
,005930.KS,1 check(s),"uInterestCoverage: 1 of 8 available rows are not computable AND report a positive `totalDebt` on the SAME row, so the refusal cannot mean the flag is inapplicable to this company -- it is missing data. Flag was JUDGED on the 7 row(s) that compute.",1.0,-0.01,per_source
,006110.KS,2 check(s),"no usable vendor data for: gross margin (GMI) | the Beneish M-score could not be formed for this name, so the manipulation assessment is ABSENT -- not clean: no usable vendor data for: gross margin (GMI)",2.0,-0.02,per_source
,006360.KS,1 check(s),"the Beneish M-score could not be formed for this name, so the manipulation assessment is ABSENT -- not clean: fewer than half the trailing-year periods are computable (0 of 4), so the mean would not be a trailing-year mean",1.0,-0.01,per_source
,006650.KS,2 check(s),"no usable vendor data for: gross margin (GMI), SG&A intensity (SGAI) | the Beneish M-score could not be formed for this name, so the manipulation assessment is ABSENT -- not clean: no usable vendor data for: gross margin (GMI), SG&A intensity (SGAI)",3.0,-0.03,per_source
,006800.KS,1 check(s),"uInterestCoverage: 2 of 8 available rows are not computable AND report a positive `totalDebt` on the SAME row, so the refusal cannot mean the flag is inapplicable to this company -- it is missing data. Flag was JUDGED on the 6 row(s) that compute.",2.0,-0.02,per_source
,006840.KS,1 check(s),"the Beneish M-score could not be formed for this name, so the manipulation assessment is ABSENT -- not clean: fewer than half the trailing-year periods are computable (1 of 4), so the mean would not be a trailing-year mean",1.0,-0.01,per_source
,009150.KS,1 check(s),"uInterestCoverage: 1 of 8 available rows are not computable AND report a positive `totalDebt` on the SAME row, so the refusal cannot mean the flag is inapplicable to this company -- it is missing data. Flag was JUDGED on the 7 row(s) that compute.",1.0,-0.01,per_source
,009970.KS,1 check(s),"uInterestCoverage: 1 of 8 available rows are not computable AND report a positive `totalDebt` on the SAME row, so the refusal cannot mean the flag is inapplicable to this company -- it is missing data. Flag was JUDGED on the 7 row(s) that compute.",1.0,-0.01,per_source
,010660.KS,1 check(s),"uInterestCoverage: 2 of 8 available rows are not computable AND report a positive `totalDebt` on the SAME row, so the refusal cannot mean the flag is inapplicable to this company -- it is missing data. Flag was JUDGED on the 6 row(s) that compute.",2.0,-0.02,per_source
,011170.KS,2 check(s),"no usable vendor data for: gross margin (GMI) | the Beneish M-score could not be formed for this name, so the manipulation assessment is ABSENT -- not clean: no usable vendor data for: gross margin (GMI)",2.0,-0.02,per_source
,012330.KS,1 check(s),"the Beneish M-score could not be formed for this name, so the manipulation assessment is ABSENT -- not clean: fewer than half the trailing-year periods are computable (1 of 4), so the mean would not be a trailing-year mean",1.0,-0.01,per_source
,013120.KQ,1 check(s),"reitEbitdaInterestCoverage: 1 of 8 available rows are not computable AND report a positive `totalDebt` on the SAME row, so the refusal cannot mean the flag is inapplicable to this company -- it is missing data. Flag was JUDGED on the 7 row(s) that compute.",1.0,-0.01,per_source
,014910.KS,1 check(s),"uInterestCoverage: 1 of 8 available rows are not computable AND report a positive `totalDebt` on the SAME row, so the refusal cannot mean the flag is inapplicable to this company -- it is missing data. Flag was JUDGED on the 7 row(s) that compute.",1.0,-0.01,per_source
,016360.KS,1 check(s),"uInterestCoverage: 3 of 8 available rows are not computable AND report a positive `totalDebt` on the SAME row, so the refusal cannot mean the flag is inapplicable to this company -- it is missing data. Flag was ABSTAINED -- 5 row(s) is under the 6-row partial-window floor.",3.0,-0.03,per_source
,017390.KS,2 check(s),"no usable vendor data for: SG&A intensity (SGAI) | the Beneish M-score could not be formed for this name, so the manipulation assessment is ABSENT -- not clean: no usable vendor data for: SG&A intensity (SGAI)",2.0,-0.02,per_source
,025560.KS,2 check(s),"no usable vendor data for: gross margin (GMI) | the Beneish M-score could not be formed for this name, so the manipulation assessment is ABSENT -- not clean: no usable vendor data for: gross margin (GMI)",2.0,-0.02,per_source
,026890.KS,1 check(s),"uInterestCoverage: 5 of 8 available rows are not computable AND report a positive `totalDebt` on the SAME row, so the refusal cannot mean the flag is inapplicable to this company -- it is missing data. Flag was ABSTAINED -- 0 row(s) is under the 6-row partial-window floor.",5.0,-0.05,per_source
,026940.KS,1 check(s),"the Beneish M-score could not be formed for this name, so the manipulation assessment is ABSENT -- not clean: fewer than half the trailing-year periods are computable (1 of 4), so the mean would not be a trailing-year mean",1.0,-0.01,per_source
,033270.KS,1 check(s),"uInterestCoverage: 1 of 8 available rows are not computable AND report a positive `totalDebt` on the SAME row, so the refusal cannot mean the flag is inapplicable to this company -- it is missing data. Flag was JUDGED on the 7 row(s) that compute.",1.0,-0.01,per_source
,035420.KS,3 check(s),"no usable vendor data for: gross margin (GMI), SG&A intensity (SGAI) | the Beneish M-score could not be formed for this name, so the manipulation assessment is ABSENT -- not clean: no usable vendor data for: gross margin (GMI), SG&A intensity (SGAI) | uInterestCoverage: 1 of 8 available rows are not computable AND report a positive `totalDebt` on the SAME row, so the refusal cannot mean the flag is inapplicable to this company -- it is missing data. Flag was JUDGED on the 7 row(s) that compute.",4.0,-0.04,per_source
,036800.KQ,1 check(s),"uInterestCoverage: 1 of 8 available rows are not computable AND report a positive `totalDebt` on the SAME row, so the refusal cannot mean the flag is inapplicable to this company -- it is missing data. Flag was JUDGED on the 7 row(s) that compute.",1.0,-0.01,per_source
,039570.KS,2 check(s),"no usable vendor data for: SG&A intensity (SGAI) | the Beneish M-score could not be formed for this name, so the manipulation assessment is ABSENT -- not clean: no usable vendor data for: SG&A intensity (SGAI)",2.0,-0.02,per_source
,051630.KS,2 check(s),"no usable vendor data for: gross margin (GMI) | the Beneish M-score could not be formed for this name, so the manipulation assessment is ABSENT -- not clean: no usable vendor data for: gross margin (GMI)",2.0,-0.02,per_source
,053580.KQ,2 check(s),"no usable vendor data for: gross margin (GMI) | the Beneish M-score could not be formed for this name, so the manipulation assessment is ABSENT -- not clean: no usable vendor data for: gross margin (GMI)",2.0,-0.02,per_source
,058860.KS,1 check(s),"the Beneish M-score could not be formed for this name, so the manipulation assessment is ABSENT -- not clean: fewer than half the trailing-year periods are computable (1 of 4), so the mean would not be a trailing-year mean",1.0,-0.01,per_source
,060250.KQ,3 check(s),"no usable vendor data for: SG&A intensity (SGAI) | the Beneish M-score could not be formed for this name, so the manipulation assessment is ABSENT -- not clean: no usable vendor data for: SG&A intensity (SGAI) | uInterestCoverage: 2 of 8 available rows are not computable AND report a positive `totalDebt` on the SAME row, so the refusal cannot mean the flag is inapplicable to this company -- it is missing data. Flag was JUDGED on the 6 row(s) that compute.",4.0,-0.04,per_source
,068760.KQ,2 check(s),"no usable vendor data for: SG&A intensity (SGAI) | the Beneish M-score could not be formed for this name, so the manipulation assessment is ABSENT -- not clean: no usable vendor data for: SG&A intensity (SGAI)",2.0,-0.02,per_source
,071050.KS,1 check(s),"uInterestCoverage: 3 of 8 available rows are not computable AND report a positive `totalDebt` on the SAME row, so the refusal cannot mean the flag is inapplicable to this company -- it is missing data. Flag was ABSTAINED -- 5 row(s) is under the 6-row partial-window floor.",3.0,-0.03,per_source
,078130.KQ,3 check(s),"no usable vendor data for: receivables days (DSRI), gross margin (GMI), SG&A intensity (SGAI) | the Beneish M-score could not be formed for this name, so the manipulation assessment is ABSENT -- not clean: no usable vendor data for: receivables days (DSRI), gross margin (GMI), SG&A intensity (SGAI) | producerEbitdaPositive: 1 of 8 available rows are not computable AND report no `revenue` figure at all, or a NEGATIVE one on the SAME row, so the refusal cannot mean the flag is inapplicable to this company -- it is missing data. Flag was JUDGED on the 7 row(s) that compute.",5.0,-0.05,per_source
,085310.KS,1 check(s),"uInterestCoverage: 1 of 8 available rows are not computable AND report a positive `totalDebt` on the SAME row, so the refusal cannot mean the flag is inapplicable to this company -- it is missing data. Flag was JUDGED on the 7 row(s) that compute.",1.0,-0.01,per_source
,089030.KQ,1 check(s),"the Beneish M-score could not be formed for this name, so the manipulation assessment is ABSENT -- not clean: fewer than half the trailing-year periods are computable (1 of 4), so the mean would not be a trailing-year mean",1.0,-0.01,per_source
,089590.KS,1 check(s),"uInterestCoverage: 1 of 8 available rows are not computable AND report a positive `totalDebt` on the SAME row, so the refusal cannot mean the flag is inapplicable to this company -- it is missing data. Flag was JUDGED on the 7 row(s) that compute.",1.0,-0.01,per_source
,096760.KS,1 check(s),"uInterestCoverage: 1 of 8 available rows are not computable AND report a positive `totalDebt` on the SAME row, so the refusal cannot mean the flag is inapplicable to this company -- it is missing data. Flag was JUDGED on the 7 row(s) that compute.",1.0,-0.01,per_source
,097870.KQ,2 check(s),"no usable vendor data for: SG&A intensity (SGAI) | the Beneish M-score could not be formed for this name, so the manipulation assessment is ABSENT -- not clean: no usable vendor data for: SG&A intensity (SGAI)",2.0,-0.02,per_source
,0DK7.L,1 check(s),"uInterestCoverage: 7 of 8 available rows are not computable AND report a positive `totalDebt` on the SAME row, so the refusal cannot mean the flag is inapplicable to this company -- it is missing data. Flag was ABSTAINED -- 1 row(s) is under the 6-row partial-window floor.",7.0,-0.07,per_source
,0DUI.L,1 check(s),"uInterestCoverage: 1 of 8 available rows are not computable AND report a positive `totalDebt` on the SAME row, so the refusal cannot mean the flag is inapplicable to this company -- it is missing data. Flag was JUDGED on the 7 row(s) that compute.",1.0,-0.01,per_source
,0F0J.L,2 check(s),"no usable vendor data for: receivables days (DSRI), gross margin (GMI), SG&A intensity (SGAI) | the Beneish M-score could not be formed for this name, so the manipulation assessment is ABSENT -- not clean: no usable vendor data for: receivables days (DSRI), gross margin (GMI), SG&A intensity (SGAI)",4.0,-0.04,per_source
,0FNZ.L,1 check(s),"the Beneish M-score could not be formed for this name, so the manipulation assessment is ABSENT -- not clean: fewer than half the trailing-year periods are computable (1 of 4), so the mean would not be a trailing-year mean",1.0,-0.01,per_source
,0HM0.L,1 check(s),"reitEbitdaInterestCoverage: 3 of 8 available rows are not computable AND report a positive `totalDebt` on the SAME row, so the refusal cannot mean the flag is inapplicable to this company -- it is missing data. Flag was ABSTAINED -- 5 row(s) is under the 6-row partial-window floor.",3.0,-0.03,per_source
,0HTF.L,1 check(s),"uInterestCoverage: 1 of 8 available rows are not computable AND report a positive `totalDebt` on the SAME row, so the refusal cannot mean the flag is inapplicable to this company -- it is missing data. Flag was JUDGED on the 7 row(s) that compute.",1.0,-0.01,per_source
,0I5O.L,2 check(s),"no usable vendor data for: SG&A intensity (SGAI) | the Beneish M-score could not be formed for this name, so the manipulation assessment is ABSENT -- not clean: no usable vendor data for: SG&A intensity (SGAI)",2.0,-0.02,per_source
,0IPT.L,3 check(s),"no usable vendor data for: receivables days (DSRI), gross margin (GMI), SG&A intensity (SGAI) | the Beneish M-score could not be formed for this name, so the manipulation assessment is ABSENT -- not clean: no usable vendor data for: receivables days (DSRI), gross margin (GMI), SG&A intensity (SGAI) | uInterestCoverage: 3 of 8 available rows are not computable AND report a positive `totalDebt` on the SAME row, so the refusal cannot mean the flag is inapplicable to this company -- it is missing data. Flag was ABSTAINED -- 5 row(s) is under the 6-row partial-window floor.",7.0,-0.07,per_source
,0KGY.L,2 check(s),"no usable vendor data for: gross margin (GMI), SG&A intensity (SGAI) | the Beneish M-score could not be formed for this name, so the manipulation assessment is ABSENT -- not clean: no usable vendor data for: gross margin (GMI), SG&A intensity (SGAI)",3.0,-0.03,per_source
,0MTP.L,1 check(s),"uInterestCoverage: 3 of 8 available rows are not computable AND report a positive `totalDebt` on the SAME row, so the refusal cannot mean the flag is inapplicable to this company -- it is missing data. Flag was ABSTAINED -- 5 row(s) is under the 6-row partial-window floor.",3.0,-0.03,per_source
,0N66.L,1 check(s),"uInterestCoverage: 2 of 8 available rows are not computable AND report a positive `totalDebt` on the SAME row, so the refusal cannot mean the flag is inapplicable to this company -- it is missing data. Flag was JUDGED on the 6 row(s) that compute.",2.0,-0.02,per_source
,0N6K.L,1 check(s),"uInterestCoverage: 2 of 8 available rows are not computable AND report a positive `totalDebt` on the SAME row, so the refusal cannot mean the flag is inapplicable to this company -- it is missing data. Flag was JUDGED on the 6 row(s) that compute.",2.0,-0.02,per_source
,0NZY.L,1 check(s),"uInterestCoverage: 4 of 8 available rows are not computable AND report a positive `totalDebt` on the SAME row, so the refusal cannot mean the flag is inapplicable to this company -- it is missing data. Flag was ABSTAINED -- 4 row(s) is under the 6-row partial-window floor.",4.0,-0.04,per_source
,0QKP.L,1 check(s),"uInterestCoverage: 5 of 8 available rows are not computable AND report a positive `totalDebt` on the SAME row, so the refusal cannot mean the flag is inapplicable to this company -- it is missing data. Flag was ABSTAINED -- 3 row(s) is under the 6-row partial-window floor.",5.0,-0.05,per_source
,0QKR.L,1 check(s),"producerEbitdaPositive: 1 of 8 available rows are not computable AND report no `revenue` figure at all, or a NEGATIVE one on the SAME row, so the refusal cannot mean the flag is inapplicable to this company -- it is missing data. Flag was JUDGED on the 7 row(s) that compute.",1.0,-0.01,per_source
,0QLD.L,1 check(s),"uInterestCoverage: 8 of 8 available rows are not computable AND report a positive `totalDebt` on the SAME row, so the refusal cannot mean the flag is inapplicable to this company -- it is missing data. Flag was ABSTAINED -- 0 row(s) is under the 6-row partial-window floor.",8.0,-0.08,per_source
,0QNA.L,2 check(s),"no usable vendor data for: gross margin (GMI) | the Beneish M-score could not be formed for this name, so the manipulation assessment is ABSENT -- not clean: no usable vendor data for: gross margin (GMI)",2.0,-0.02,per_source
,0QOG.L,1 check(s),"reitEbitdaInterestCoverage: 2 of 8 available rows are not computable AND report a positive `totalDebt` on the SAME row, so the refusal cannot mean the flag is inapplicable to this company -- it is missing data. Flag was JUDGED on the 6 row(s) that compute.",2.0,-0.02,per_source
,0QPF.L,3 check(s),"no usable vendor data for: receivables days (DSRI) | the Beneish M-score could not be formed for this name, so the manipulation assessment is ABSENT -- not clean: no usable vendor data for: receivables days (DSRI) | uInterestCoverage: 5 of 8 available rows are not computable AND report a positive `totalDebt` on the SAME row, so the refusal cannot mean the flag is inapplicable to this company -- it is missing data. Flag was ABSTAINED -- 3 row(s) is under the 6-row partial-window floor.",7.0,-0.07,per_source
,0QQA.L,2 check(s),"no usable vendor data for: gross margin (GMI) | the Beneish M-score could not be formed for this name, so the manipulation assessment is ABSENT -- not clean: no usable vendor data for: gross margin (GMI)",2.0,-0.02,per_source
,0QQF.L,1 check(s),"uInterestCoverage: 1 of 8 available rows are not computable AND report a positive `totalDebt` on the SAME row, so the refusal cannot mean the flag is inapplicable to this company -- it is missing data. Flag was JUDGED on the 7 row(s) that compute.",1.0,-0.01,per_source
,0QQM.L,1 check(s),"uInterestCoverage: 7 of 8 available rows are not computable AND report a positive `totalDebt` on the SAME row, so the refusal cannot mean the flag is inapplicable to this company -- it is missing data. Flag was ABSTAINED -- 1 row(s) is under the 6-row partial-window floor.",7.0,-0.07,per_source
,0QW8.L,1 check(s),"uInterestCoverage: 2 of 8 available rows are not computable AND report a positive `totalDebt` on the SAME row, so the refusal cannot mean the flag is inapplicable to this company -- it is missing data. Flag was JUDGED on the 6 row(s) that compute.",2.0,-0.02,per_source
,0RD8.L,1 check(s),"reitEbitdaInterestCoverage: 7 of 8 available rows are not computable AND report a positive `totalDebt` on the SAME row, so the refusal cannot mean the flag is inapplicable to this company -- it is missing data. Flag was ABSTAINED -- 1 row(s) is under the 6-row partial-window floor.",7.0,-0.07,per_source
,0RKK.L,3 check(s),"no usable vendor data for: SG&A intensity (SGAI) | the Beneish M-score could not be formed for this name, so the manipulation assessment is ABSENT -- not clean: no usable vendor data for: SG&A intensity (SGAI) | uInterestCoverage: 1 of 8 available rows are not computable AND report a positive `totalDebt` on the SAME row, so the refusal cannot mean the flag is inapplicable to this company -- it is missing data. Flag was JUDGED on the 7 row(s) that compute.",3.0,-0.03,per_source
,0RL4.L,1 check(s),"uInterestCoverage: 6 of 8 available rows are not computable AND report a positive `totalDebt` on the SAME row, so the refusal cannot mean the flag is inapplicable to this company -- it is missing data. Flag was ABSTAINED -- 2 row(s) is under the 6-row partial-window floor.",6.0,-0.06,per_source
,0RRB.L,1 check(s),"uInterestCoverage: 2 of 8 available rows are not computable AND report a positive `totalDebt` on the SAME row, so the refusal cannot mean the flag is inapplicable to this company -- it is missing data. Flag was JUDGED on the 6 row(s) that compute.",2.0,-0.02,per_source
,0W19.L,1 check(s),"uInterestCoverage: 2 of 8 available rows are not computable AND report a positive `totalDebt` on the SAME row, so the refusal cannot mean the flag is inapplicable to this company -- it is missing data. Flag was JUDGED on the 6 row(s) that compute.",2.0,-0.02,per_source
,0W1Q.L,2 check(s),"no usable vendor data for: receivables days (DSRI), gross margin (GMI), SG&A intensity (SGAI) | the Beneish M-score could not be formed for this name, so the manipulation assessment is ABSENT -- not clean: no usable vendor data for: receivables days (DSRI), gross margin (GMI), SG&A intensity (SGAI)",4.0,-0.04,per_source
,0Z4C.L,2 check(s),"no usable vendor data for: SG&A intensity (SGAI) | the Beneish M-score could not be formed for this name, so the manipulation assessment is ABSENT -- not clean: no usable vendor data for: SG&A intensity (SGAI)",2.0,-0.02,per_source
,100130.KQ,3 check(s),"no usable vendor data for: receivables days (DSRI), gross margin (GMI), SG&A intensity (SGAI) | the Beneish M-score could not be formed for this name, so the manipulation assessment is ABSENT -- not clean: no usable vendor data for: receivables days (DSRI), gross margin (GMI), SG&A intensity (SGAI) | producerEbitdaPositive: 1 of 8 available rows are not computable AND report no `revenue` figure at all, or a NEGATIVE one on the SAME row, so the refusal cannot mean the flag is inapplicable to this company -- it is missing data. Flag was JUDGED on the 7 row(s) that compute.",5.0,-0.05,per_source
,105840.KS,3 check(s),"no usable vendor data for: SG&A intensity (SGAI) | the Beneish M-score could not be formed for this name, so the manipulation assessment is ABSENT -- not clean: no usable vendor data for: SG&A intensity (SGAI) | uInterestCoverage: 1 of 8 available rows are not computable AND report a positive `totalDebt` on the SAME row, so the refusal cannot mean the flag is inapplicable to this company -- it is missing data. Flag was JUDGED on the 7 row(s) that compute.",3.0,-0.03,per_source
,111770.KS,1 check(s),"uInterestCoverage: 1 of 8 available rows are not computable AND report a positive `totalDebt` on the SAME row, so the refusal cannot mean the flag is inapplicable to this company -- it is missing data. Flag was JUDGED on the 7 row(s) that compute.",1.0,-0.01,per_source
,112040.KQ,1 check(s),"uInterestCoverage: 3 of 8 available rows are not computable AND report a positive `totalDebt` on the SAME row, so the refusal cannot mean the flag is inapplicable to this company -- it is missing data. Flag was ABSTAINED -- 5 row(s) is under the 6-row partial-window floor.",3.0,-0.03,per_source
,126560.KS,3 check(s),"no usable vendor data for: gross margin (GMI) | the Beneish M-score could not be formed for this name, so the manipulation assessment is ABSENT -- not clean: no usable vendor data for: gross margin (GMI) | uInterestCoverage: 1 of 8 available rows are not computable AND report a positive `totalDebt` on the SAME row, so the refusal cannot mean the flag is inapplicable to this company -- it is missing data. Flag was JUDGED on the 7 row(s) that compute.",3.0,-0.03,per_source
,131970.KQ,2 check(s),"no usable vendor data for: gross margin (GMI) | the Beneish M-score could not be formed for this name, so the manipulation assessment is ABSENT -- not clean: no usable vendor data for: gross margin (GMI)",2.0,-0.02,per_source
,158430.KQ,1 check(s),"uInterestCoverage: 1 of 8 available rows are not computable AND report a positive `totalDebt` on the SAME row, so the refusal cannot mean the flag is inapplicable to this company -- it is missing data. Flag was JUDGED on the 7 row(s) that compute.",1.0,-0.01,per_source
,159580.KQ,1 check(s),"uInterestCoverage: 1 of 8 available rows are not computable AND report a positive `totalDebt` on the SAME row, so the refusal cannot mean the flag is inapplicable to this company -- it is missing data. Flag was JUDGED on the 7 row(s) that compute.",1.0,-0.01,per_source
,181710.KS,3 check(s),"no usable vendor data for: gross margin (GMI) | the Beneish M-score could not be formed for this name, so the manipulation assessment is ABSENT -- not clean: no usable vendor data for: gross margin (GMI) | uInterestCoverage: 1 of 8 available rows are not computable AND report a positive `totalDebt` on the SAME row, so the refusal cannot mean the flag is inapplicable to this company -- it is missing data. Flag was JUDGED on the 7 row(s) that compute.",3.0,-0.03,per_source
,192080.KS,2 check(s),"no usable vendor data for: gross margin (GMI) | the Beneish M-score could not be formed for this name, so the manipulation assessment is ABSENT -- not clean: no usable vendor data for: gross margin (GMI)",2.0,-0.02,per_source
,200670.KQ,3 check(s),"no usable vendor data for: SG&A intensity (SGAI) | the Beneish M-score could not be formed for this name, so the manipulation assessment is ABSENT -- not clean: no usable vendor data for: SG&A intensity (SGAI) | uInterestCoverage: 1 of 8 available rows are not computable AND report a positive `totalDebt` on the SAME row, so the refusal cannot mean the flag is inapplicable to this company -- it is missing data. Flag was JUDGED on the 7 row(s) that compute.",3.0,-0.03,per_source
,207940.KS,2 check(s),"no usable vendor data for: receivables days (DSRI) | the Beneish M-score could not be formed for this name, so the manipulation assessment is ABSENT -- not clean: no usable vendor data for: receivables days (DSRI)",2.0,-0.02,per_source
,214450.KQ,1 check(s),"uInterestCoverage: 2 of 8 available rows are not computable AND report a positive `totalDebt` on the SAME row, so the refusal cannot mean the flag is inapplicable to this company -- it is missing data. Flag was JUDGED on the 6 row(s) that compute.",2.0,-0.02,per_source
,214680.KQ,1 check(s),"uInterestCoverage: 1 of 8 available rows are not computable AND report a positive `totalDebt` on the SAME row, so the refusal cannot mean the flag is inapplicable to this company -- it is missing data. Flag was JUDGED on the 7 row(s) that compute.",1.0,-0.01,per_source
,222080.KQ,2 check(s),"no usable vendor data for: receivables days (DSRI), SG&A intensity (SGAI) | the Beneish M-score could not be formed for this name, so the manipulation assessment is ABSENT -- not clean: no usable vendor data for: receivables days (DSRI), SG&A intensity (SGAI)",3.0,-0.03,per_source
,234080.KS,1 check(s),"uInterestCoverage: 1 of 8 available rows are not computable AND report a positive `totalDebt` on the SAME row, so the refusal cannot mean the flag is inapplicable to this company -- it is missing data. Flag was JUDGED on the 7 row(s) that compute.",1.0,-0.01,per_source
,237690.KQ,1 check(s),"uInterestCoverage: 2 of 8 available rows are not computable AND report a positive `totalDebt` on the SAME row, so the refusal cannot mean the flag is inapplicable to this company -- it is missing data. Flag was JUDGED on the 6 row(s) that compute.",2.0,-0.02,per_source
,253450.KQ,1 check(s),"uInterestCoverage: 2 of 8 available rows are not computable AND report a positive `totalDebt` on the SAME row, so the refusal cannot mean the flag is inapplicable to this company -- it is missing data. Flag was ABSTAINED -- 5 row(s) is under the 6-row partial-window floor.",2.0,-0.02,per_source
,259960.KS,2 check(s),"no usable vendor data for: gross margin (GMI) | the Beneish M-score could not be formed for this name, so the manipulation assessment is ABSENT -- not clean: no usable vendor data for: gross margin (GMI)",2.0,-0.02,per_source
,271940.KS,1 check(s),"uInterestCoverage: 1 of 8 available rows are not computable AND report a positive `totalDebt` on the SAME row, so the refusal cannot mean the flag is inapplicable to this company -- it is missing data. Flag was JUDGED on the 7 row(s) that compute.",1.0,-0.01,per_source
,290650.KQ,1 check(s),"uInterestCoverage: 1 of 8 available rows are not computable AND report a positive `totalDebt` on the SAME row, so the refusal cannot mean the flag is inapplicable to this company -- it is missing data. Flag was JUDGED on the 7 row(s) that compute.",1.0,-0.01,per_source
,304100.KQ,2 check(s),"no usable vendor data for: gross margin (GMI) | the Beneish M-score could not be formed for this name, so the manipulation assessment is ABSENT -- not clean: no usable vendor data for: gross margin (GMI)",2.0,-0.02,per_source
,372170.KQ,2 check(s),"no usable vendor data for: gross margin (GMI) | the Beneish M-score could not be formed for this name, so the manipulation assessment is ABSENT -- not clean: no usable vendor data for: gross margin (GMI)",2.0,-0.02,per_source
,376300.KQ,2 check(s),"no usable vendor data for: gross margin (GMI) | the Beneish M-score could not be formed for this name, so the manipulation assessment is ABSENT -- not clean: no usable vendor data for: gross margin (GMI)",2.0,-0.02,per_source
,AAA.PA,1 check(s),"uInterestCoverage: 2 of 8 available rows are not computable AND report a positive `totalDebt` on the SAME row, so the refusal cannot mean the flag is inapplicable to this company -- it is missing data. Flag was JUDGED on the 6 row(s) that compute.",2.0,-0.02,per_source
,AAL.L,2 check(s),"no usable vendor data for: gross margin (GMI) | the Beneish M-score could not be formed for this name, so the manipulation assessment is ABSENT -- not clean: no usable vendor data for: gross margin (GMI)",2.0,-0.02,per_source
,AAPG,1 check(s),"uInterestCoverage: 2 of 8 available rows are not computable AND report a positive `totalDebt` on the SAME row, so the refusal cannot mean the flag is inapplicable to this company -- it is missing data. Flag was JUDGED on the 6 row(s) that compute.",2.0,-0.02,per_source
,AAPL,1 check(s),"uInterestCoverage: 8 of 8 available rows are not computable AND report a positive `totalDebt` on the SAME row, so the refusal cannot mean the flag is inapplicable to this company -- it is missing data. Flag was ABSTAINED -- 0 row(s) is under the 6-row partial-window floor.",8.0,-0.08,per_source
,AB.PA,1 check(s),"uInterestCoverage: 1 of 8 available rows are not computable AND report a positive `totalDebt` on the SAME row, so the refusal cannot mean the flag is inapplicable to this company -- it is missing data. Flag was JUDGED on the 7 row(s) that compute.",1.0,-0.01,per_source
,AC.PA,2 check(s),"no usable vendor data for: SG&A intensity (SGAI) | the Beneish M-score could not be formed for this name, so the manipulation assessment is ABSENT -- not clean: no usable vendor data for: SG&A intensity (SGAI)",2.0,-0.02,per_source
,ACAN.PA,1 check(s),"reitEbitdaInterestCoverage: 8 of 8 available rows are not computable AND report a positive `totalDebt` on the SAME row, so the refusal cannot mean the flag is inapplicable to this company -- it is missing data. Flag was ABSTAINED -- 0 row(s) is under the 6-row partial-window floor.",8.0,-0.08,per_source
,ACB,1 check(s),"uInterestCoverage: 1 of 8 available rows are not computable AND report a positive `totalDebt` on the SAME row, so the refusal cannot mean the flag is inapplicable to this company -- it is missing data. Flag was JUDGED on the 7 row(s) that compute.",1.0,-0.01,per_source
,ACHR-WT,1 check(s),"uInterestCoverage: 8 of 8 available rows are not computable AND report a positive `totalDebt` on the SAME row, so the refusal cannot mean the flag is inapplicable to this company -- it is missing data. Flag was ABSTAINED -- 0 row(s) is under the 6-row partial-window floor.",8.0,-0.08,per_source
,ADN.TO,2 check(s),"no usable vendor data for: depreciation rate (DEPI) | the Beneish M-score could not be formed for this name, so the manipulation assessment is ABSENT -- not clean: no usable vendor data for: depreciation rate (DEPI)",2.0,-0.02,per_source
,ADYEN.AS,3 check(s),"no usable vendor data for: SG&A intensity (SGAI) | the Beneish M-score could not be formed for this name, so the manipulation assessment is ABSENT -- not clean: no usable vendor data for: SG&A intensity (SGAI) | uInterestCoverage: 2 of 8 available rows are not computable AND report a positive `totalDebt` on the SAME row, so the refusal cannot mean the flag is inapplicable to this company -- it is missing data. Flag was JUDGED on the 6 row(s) that compute.",4.0,-0.04,per_source
,AGL,1 check(s),"uInterestCoverage: 1 of 8 available rows are not computable AND report a positive `totalDebt` on the SAME row, so the refusal cannot mean the flag is inapplicable to this company -- it is missing data. Flag was JUDGED on the 7 row(s) that compute.",1.0,-0.01,per_source
,AGMR.TO,2 check(s),"no usable vendor data for: receivables days (DSRI), gross margin (GMI), sales growth (SGI), depreciation rate (DEPI), SG&A intensity (SGAI) | the Beneish M-score could not be formed for this name, so the manipulation assessment is ABSENT -- not clean: no usable vendor data for: receivables days (DSRI), gross margin (GMI), sales growth (SGI), depreciation rate (DEPI), SG&A intensity (SGAI)",4.0,-0.04,per_source
,AHG,1 check(s),"uInterestCoverage: 7 of 8 available rows are not computable AND report a positive `totalDebt` on the SAME row, so the refusal cannot mean the flag is inapplicable to this company -- it is missing data. Flag was ABSTAINED -- 0 row(s) is under the 6-row partial-window floor.",7.0,-0.07,per_source
,AIF.TO,1 check(s),"reitEbitdaInterestCoverage: 1 of 8 available rows are not computable AND report a positive `totalDebt` on the SAME row, so the refusal cannot mean the flag is inapplicable to this company -- it is missing data. Flag was JUDGED on the 7 row(s) that compute.",1.0,-0.01,per_source
,AIFA,1 check(s),"uInterestCoverage: 8 of 8 available rows are not computable AND report a positive `totalDebt` on the SAME row, so the refusal cannot mean the flag is inapplicable to this company -- it is missing data. Flag was ABSTAINED -- 0 row(s) is under the 6-row partial-window floor.",8.0,-0.08,per_source
,AIN,2 check(s),"no usable vendor data for: gross margin (GMI) | the Beneish M-score could not be formed for this name, so the manipulation assessment is ABSENT -- not clean: no usable vendor data for: gross margin (GMI)",2.0,-0.02,per_source
,AIRG,1 check(s),"uInterestCoverage: 8 of 8 available rows are not computable AND report a positive `totalDebt` on the SAME row, so the refusal cannot mean the flag is inapplicable to this company -- it is missing data. Flag was ABSTAINED -- 0 row(s) is under the 6-row partial-window floor.",8.0,-0.08,per_source
,AJAX.AS,2 check(s),"no usable vendor data for: gross margin (GMI) | the Beneish M-score could not be formed for this name, so the manipulation assessment is ABSENT -- not clean: no usable vendor data for: gross margin (GMI)",2.0,-0.02,per_source
,AKBA,2 check(s),"the Beneish M-score could not be formed for this name, so the manipulation assessment is ABSENT -- not clean: fewer than half the trailing-year periods are computable (1 of 4), so the mean would not be a trailing-year mean | uInterestCoverage: 1 of 8 available rows are not computable AND report a positive `totalDebt` on the SAME row, so the refusal cannot mean the flag is inapplicable to this company -- it is missing data. Flag was JUDGED on the 7 row(s) that compute.",2.0,-0.02,per_source
,AKW.PA,2 check(s),"no usable vendor data for: gross margin (GMI), SG&A intensity (SGAI) | the Beneish M-score could not be formed for this name, so the manipulation assessment is ABSENT -- not clean: no usable vendor data for: gross margin (GMI), SG&A intensity (SGAI)",3.0,-0.03,per_source
,AL2SI.PA,3 check(s),"no usable vendor data for: receivables days (DSRI) | the Beneish M-score could not be formed for this name, so the manipulation assessment is ABSENT -- not clean: no usable vendor data for: receivables days (DSRI) | uInterestCoverage: 4 of 8 available rows are not computable AND report a positive `totalDebt` on the SAME row, so the refusal cannot mean the flag is inapplicable to this company -- it is missing data. Flag was ABSTAINED -- 3 row(s) is under the 6-row partial-window floor.",6.0,-0.06,per_source
,ALAR,1 check(s),"uInterestCoverage: 7 of 8 available rows are not computable AND report a positive `totalDebt` on the SAME row, so the refusal cannot mean the flag is inapplicable to this company -- it is missing data. Flag was ABSTAINED -- 1 row(s) is under the 6-row partial-window floor.",7.0,-0.07,per_source
,ALATI.PA,2 check(s),"no usable vendor data for: gross margin (GMI) | the Beneish M-score could not be formed for this name, so the manipulation assessment is ABSENT -- not clean: no usable vendor data for: gross margin (GMI)",2.0,-0.02,per_source
,ALAUD.PA,1 check(s),"uInterestCoverage: 5 of 8 available rows are not computable AND report a positive `totalDebt` on the SAME row, so the refusal cannot mean the flag is inapplicable to this company -- it is missing data. Flag was ABSTAINED -- 3 row(s) is under the 6-row partial-window floor.",5.0,-0.05,per_source
,ALBFR.PA,2 check(s),"no usable vendor data for: SG&A intensity (SGAI) | the Beneish M-score could not be formed for this name, so the manipulation assessment is ABSENT -- not clean: no usable vendor data for: SG&A intensity (SGAI)",2.0,-0.02,per_source
,ALBIZ.PA,3 check(s),"no usable vendor data for: SG&A intensity (SGAI) | the Beneish M-score could not be formed for this name, so the manipulation assessment is ABSENT -- not clean: no usable vendor data for: SG&A intensity (SGAI) | uInterestCoverage: 1 of 8 available rows are not computable AND report a positive `totalDebt` on the SAME row, so the refusal cannot mean the flag is inapplicable to this company -- it is missing data. Flag was JUDGED on the 7 row(s) that compute.",3.0,-0.03,per_source
,ALBON.PA,1 check(s),"uInterestCoverage: 5 of 8 available rows are not computable AND report a positive `totalDebt` on the SAME row, so the refusal cannot mean the flag is inapplicable to this company -- it is missing data. Flag was ABSTAINED -- 3 row(s) is under the 6-row partial-window floor.",5.0,-0.05,per_source
,ALBOU.PA,2 check(s),"no usable vendor data for: gross margin (GMI), SG&A intensity (SGAI) | the Beneish M-score could not be formed for this name, so the manipulation assessment is ABSENT -- not clean: no usable vendor data for: gross margin (GMI), SG&A intensity (SGAI)",3.0,-0.03,per_source
,ALCAF.PA,1 check(s),"uInterestCoverage: 4 of 8 available rows are not computable AND report a positive `totalDebt` on the SAME row, so the refusal cannot mean the flag is inapplicable to this company -- it is missing data. Flag was ABSTAINED -- 4 row(s) is under the 6-row partial-window floor.",4.0,-0.04,per_source
,ALCAT.PA,3 check(s),"no usable vendor data for: SG&A intensity (SGAI) | the Beneish M-score could not be formed for this name, so the manipulation assessment is ABSENT -- not clean: no usable vendor data for: SG&A intensity (SGAI) | uInterestCoverage: 6 of 8 available rows are not computable AND report a positive `totalDebt` on the SAME row, so the refusal cannot mean the flag is inapplicable to this company -- it is missing data. Flag was ABSTAINED -- 2 row(s) is under the 6-row partial-window floor.",8.0,-0.08,per_source
,ALCIS.PA,2 check(s),"no usable vendor data for: SG&A intensity (SGAI) | the Beneish M-score could not be formed for this name, so the manipulation assessment is ABSENT -- not clean: no usable vendor data for: SG&A intensity (SGAI)",2.0,-0.02,per_source
,ALDAR.PA,1 check(s),"uInterestCoverage: 1 of 8 available rows are not computable AND report a positive `totalDebt` on the SAME row, so the refusal cannot mean the flag is inapplicable to this company -- it is missing data. Flag was JUDGED on the 7 row(s) that compute.",1.0,-0.01,per_source
,ALDEL.PA,3 check(s),"no usable vendor data for: gross margin (GMI), SG&A intensity (SGAI) | the Beneish M-score could not be formed for this name, so the manipulation assessment is ABSENT -- not clean: no usable vendor data for: gross margin (GMI), SG&A intensity (SGAI) | uInterestCoverage: 2 of 8 available rows are not computable AND report a positive `totalDebt` on the SAME row, so the refusal cannot mean the flag is inapplicable to this company -- it is missing data. Flag was JUDGED on the 6 row(s) that compute.",5.0,-0.05,per_source
,ALDLS.PA,3 check(s),"no usable vendor data for: SG&A intensity (SGAI) | the Beneish M-score could not be formed for this name, so the manipulation assessment is ABSENT -- not clean: no usable vendor data for: SG&A intensity (SGAI) | uInterestCoverage: 1 of 8 available rows are not computable AND report a positive `totalDebt` on the SAME row, so the refusal cannot mean the flag is inapplicable to this company -- it is missing data. Flag was JUDGED on the 7 row(s) that compute.",3.0,-0.03,per_source
,ALDMS.PA,2 check(s),"no usable vendor data for: gross margin (GMI), SG&A intensity (SGAI) | the Beneish M-score could not be formed for this name, so the manipulation assessment is ABSENT -- not clean: no usable vendor data for: gross margin (GMI), SG&A intensity (SGAI)",3.0,-0.03,per_source
,ALDNX.PA,3 check(s),"no usable vendor data for: SG&A intensity (SGAI) | the Beneish M-score could not be formed for this name, so the manipulation assessment is ABSENT -- not clean: no usable vendor data for: SG&A intensity (SGAI) | uInterestCoverage: 5 of 8 available rows are not computable AND report a positive `totalDebt` on the SAME row, so the refusal cannot mean the flag is inapplicable to this company -- it is missing data. Flag was ABSTAINED -- 3 row(s) is under the 6-row partial-window floor.",7.0,-0.07,per_source
,ALDVI.PA,1 check(s),"uInterestCoverage: 2 of 8 available rows are not computable AND report a positive `totalDebt` on the SAME row, so the refusal cannot mean the flag is inapplicable to this company -- it is missing data. Flag was JUDGED on the 6 row(s) that compute.",2.0,-0.02,per_source
,ALECP.PA,1 check(s),"uInterestCoverage: 1 of 8 available rows are not computable AND report a positive `totalDebt` on the SAME row, so the refusal cannot mean the flag is inapplicable to this company -- it is missing data. Flag was JUDGED on the 7 row(s) that compute.",1.0,-0.01,per_source
,ALFEN.AS,2 check(s),"no usable vendor data for: gross margin (GMI) | the Beneish M-score could not be formed for this name, so the manipulation assessment is ABSENT -- not clean: no usable vendor data for: gross margin (GMI)",2.0,-0.02,per_source
,ALFLE.PA,2 check(s),"no usable vendor data for: gross margin (GMI), SG&A intensity (SGAI) | the Beneish M-score could not be formed for this name, so the manipulation assessment is ABSENT -- not clean: no usable vendor data for: gross margin (GMI), SG&A intensity (SGAI)",3.0,-0.03,per_source
,ALFPC.PA,3 check(s),"no usable vendor data for: SG&A intensity (SGAI) | the Beneish M-score could not be formed for this name, so the manipulation assessment is ABSENT -- not clean: no usable vendor data for: SG&A intensity (SGAI) | uInterestCoverage: 4 of 8 available rows are not computable AND report a positive `totalDebt` on the SAME row, so the refusal cannot mean the flag is inapplicable to this company -- it is missing data. Flag was ABSTAINED -- 4 row(s) is under the 6-row partial-window floor.",6.0,-0.06,per_source
,ALFRE.PA,2 check(s),"no usable vendor data for: SG&A intensity (SGAI) | the Beneish M-score could not be formed for this name, so the manipulation assessment is ABSENT -- not clean: no usable vendor data for: SG&A intensity (SGAI)",2.0,-0.02,per_source
,ALGEV.PA,2 check(s),"no usable vendor data for: gross margin (GMI), SG&A intensity (SGAI) | the Beneish M-score could not be formed for this name, so the manipulation assessment is ABSENT -- not clean: no usable vendor data for: gross margin (GMI), SG&A intensity (SGAI)",3.0,-0.03,per_source
,ALGIL.PA,3 check(s),"no usable vendor data for: SG&A intensity (SGAI) | the Beneish M-score could not be formed for this name, so the manipulation assessment is ABSENT -- not clean: no usable vendor data for: SG&A intensity (SGAI) | uInterestCoverage: 1 of 8 available rows are not computable AND report a positive `totalDebt` on the SAME row, so the refusal cannot mean the flag is inapplicable to this company -- it is missing data. Flag was JUDGED on the 7 row(s) that compute.",3.0,-0.03,per_source
,ALGTR.PA,1 check(s),"uInterestCoverage: 1 of 8 available rows are not computable AND report a positive `totalDebt` on the SAME row, so the refusal cannot mean the flag is inapplicable to this company -- it is missing data. Flag was JUDGED on the 7 row(s) that compute.",1.0,-0.01,per_source
,ALHGR.PA,2 check(s),"no usable vendor data for: gross margin (GMI) | the Beneish M-score could not be formed for this name, so the manipulation assessment is ABSENT -- not clean: no usable vendor data for: gross margin (GMI)",2.0,-0.02,per_source
,ALHOP.PA,1 check(s),"uInterestCoverage: 3 of 8 available rows are not computable AND report a positive `totalDebt` on the SAME row, so the refusal cannot mean the flag is inapplicable to this company -- it is missing data. Flag was ABSTAINED -- 5 row(s) is under the 6-row partial-window floor.",3.0,-0.03,per_source
,ALHUN.PA,3 check(s),"no usable vendor data for: gross margin (GMI) | the Beneish M-score could not be formed for this name, so the manipulation assessment is ABSENT -- not clean: no usable vendor data for: gross margin (GMI) | panel carries 7 of the 8 newest-first rows the veto window needs, so every flag is evaluated (or refused) on a short history",3.0,-0.03,per_source
,ALHYP.PA,1 check(s),"uInterestCoverage: 5 of 8 available rows are not computable AND report a positive `totalDebt` on the SAME row, so the refusal cannot mean the flag is inapplicable to this company -- it is missing data. Flag was ABSTAINED -- 3 row(s) is under the 6-row partial-window floor.",5.0,-0.05,per_source
,ALISP.PA,1 check(s),"uInterestCoverage: 4 of 8 available rows are not computable AND report a positive `totalDebt` on the SAME row, so the refusal cannot mean the flag is inapplicable to this company -- it is missing data. Flag was ABSTAINED -- 4 row(s) is under the 6-row partial-window floor.",4.0,-0.04,per_source
,ALITL.PA,3 check(s),"no usable vendor data for: SG&A intensity (SGAI) | the Beneish M-score could not be formed for this name, so the manipulation assessment is ABSENT -- not clean: no usable vendor data for: SG&A intensity (SGAI) | uInterestCoverage: 4 of 8 available rows are not computable AND report a positive `totalDebt` on the SAME row, so the refusal cannot mean the flag is inapplicable to this company -- it is missing data. Flag was ABSTAINED -- 4 row(s) is under the 6-row partial-window floor.",6.0,-0.06,per_source
,ALKEY.PA,3 check(s),"no usable vendor data for: SG&A intensity (SGAI) | the Beneish M-score could not be formed for this name, so the manipulation assessment is ABSENT -- not clean: no usable vendor data for: SG&A intensity (SGAI) | uInterestCoverage: 3 of 8 available rows are not computable AND report a positive `totalDebt` on the SAME row, so the refusal cannot mean the flag is inapplicable to this company -- it is missing data. Flag was ABSTAINED -- 5 row(s) is under the 6-row partial-window floor.",5.0,-0.05,per_source
,ALLHB.PA,2 check(s),"no usable vendor data for: asset quality (AQI) | the Beneish M-score could not be formed for this name, so the manipulation assessment is ABSENT -- not clean: no usable vendor data for: asset quality (AQI)",2.0,-0.02,per_source
,ALLT,1 check(s),"uInterestCoverage: 8 of 8 available rows are not computable AND report a positive `totalDebt` on the SAME row, so the refusal cannot mean the flag is inapplicable to this company -- it is missing data. Flag was ABSTAINED -- 0 row(s) is under the 6-row partial-window floor.",8.0,-0.08,per_source
,ALMDG.PA,3 check(s),"no usable vendor data for: SG&A intensity (SGAI) | the Beneish M-score could not be formed for this name, so the manipulation assessment is ABSENT -- not clean: no usable vendor data for: SG&A intensity (SGAI) | uInterestCoverage: 7 of 8 available rows are not computable AND report a positive `totalDebt` on the SAME row, so the refusal cannot mean the flag is inapplicable to this company -- it is missing data. Flag was ABSTAINED -- 1 row(s) is under the 6-row partial-window floor.",9.0,-0.09000000000000001,per_source
,ALMOU.PA,2 check(s),"no usable vendor data for: gross margin (GMI), asset quality (AQI) | the Beneish M-score could not be formed for this name, so the manipulation assessment is ABSENT -- not clean: no usable vendor data for: gross margin (GMI), asset quality (AQI)",3.0,-0.03,per_source
,ALMRB.PA,2 check(s),"no usable vendor data for: SG&A intensity (SGAI) | the Beneish M-score could not be formed for this name, so the manipulation assessment is ABSENT -- not clean: no usable vendor data for: SG&A intensity (SGAI)",2.0,-0.02,per_source
,ALNSC.PA,1 check(s),"uInterestCoverage: 1 of 8 available rows are not computable AND report a positive `totalDebt` on the SAME row, so the refusal cannot mean the flag is inapplicable to this company -- it is missing data. Flag was JUDGED on the 7 row(s) that compute.",1.0,-0.01,per_source
,ALPDX.PA,2 check(s),"no usable vendor data for: gross margin (GMI) | the Beneish M-score could not be formed for this name, so the manipulation assessment is ABSENT -- not clean: no usable vendor data for: gross margin (GMI)",2.0,-0.02,per_source
,ALPHI.PA,1 check(s),"uInterestCoverage: 1 of 8 available rows are not computable AND report a positive `totalDebt` on the SAME row, so the refusal cannot mean the flag is inapplicable to this company -- it is missing data. Flag was JUDGED on the 7 row(s) that compute.",1.0,-0.01,per_source
,ALPJT.PA,2 check(s),"no usable vendor data for: gross margin (GMI) | the Beneish M-score could not be formed for this name, so the manipulation assessment is ABSENT -- not clean: no usable vendor data for: gross margin (GMI)",2.0,-0.02,per_source
,ALPRG.PA,1 check(s),"uInterestCoverage: 3 of 8 available rows are not computable AND report a positive `totalDebt` on the SAME row, so the refusal cannot mean the flag is inapplicable to this company -- it is missing data. Flag was ABSTAINED -- 5 row(s) is under the 6-row partial-window floor.",3.0,-0.03,per_source
,ALRFG.PA,1 check(s),"uInterestCoverage: 1 of 8 available rows are not computable AND report a positive `totalDebt` on the SAME row, so the refusal cannot mean the flag is inapplicable to this company -- it is missing data. Flag was JUDGED on the 7 row(s) that compute.",1.0,-0.01,per_source
,ALSOG.PA,2 check(s),"no usable vendor data for: gross margin (GMI) | the Beneish M-score could not be formed for this name, so the manipulation assessment is ABSENT -- not clean: no usable vendor data for: gross margin (GMI)",2.0,-0.02,per_source
,ALSTW.PA,1 check(s),"uInterestCoverage: 1 of 8 available rows are not computable AND report a positive `totalDebt` on the SAME row, so the refusal cannot mean the flag is inapplicable to this company -- it is missing data. Flag was JUDGED on the 7 row(s) that compute.",1.0,-0.01,per_source
,ALTA.PA,1 check(s),"reitEbitdaInterestCoverage: 1 of 8 available rows are not computable AND report a positive `totalDebt` on the SAME row, so the refusal cannot mean the flag is inapplicable to this company -- it is missing data. Flag was JUDGED on the 7 row(s) that compute.",1.0,-0.01,per_source
,ALTHE.PA,1 check(s),"uInterestCoverage: 1 of 8 available rows are not computable AND report a positive `totalDebt` on the SAME row, so the refusal cannot mean the flag is inapplicable to this company -- it is missing data. Flag was JUDGED on the 7 row(s) that compute.",1.0,-0.01,per_source
,ALTHX.PA,1 check(s),"uInterestCoverage: 2 of 8 available rows are not computable AND report a positive `totalDebt` on the SAME row, so the refusal cannot mean the flag is inapplicable to this company -- it is missing data. Flag was JUDGED on the 6 row(s) that compute.",2.0,-0.02,per_source
,ALTPC.PA,1 check(s),"uInterestCoverage: 1 of 8 available rows are not computable AND report a positive `totalDebt` on the SAME row, so the refusal cannot mean the flag is inapplicable to this company -- it is missing data. Flag was JUDGED on the 7 row(s) that compute.",1.0,-0.01,per_source
,ALVU.PA,1 check(s),"uInterestCoverage: 2 of 8 available rows are not computable AND report a positive `totalDebt` on the SAME row, so the refusal cannot mean the flag is inapplicable to this company -- it is missing data. Flag was JUDGED on the 6 row(s) that compute.",2.0,-0.02,per_source
,ALWEC.PA,3 check(s),"no usable vendor data for: SG&A intensity (SGAI) | the Beneish M-score could not be formed for this name, so the manipulation assessment is ABSENT -- not clean: no usable vendor data for: SG&A intensity (SGAI) | uInterestCoverage: 2 of 8 available rows are not computable AND report a positive `totalDebt` on the SAME row, so the refusal cannot mean the flag is inapplicable to this company -- it is missing data. Flag was JUDGED on the 6 row(s) that compute.",4.0,-0.04,per_source
,ALXIL.PA,1 check(s),"uInterestCoverage: 3 of 8 available rows are not computable AND report a positive `totalDebt` on the SAME row, so the refusal cannot mean the flag is inapplicable to this company -- it is missing data. Flag was ABSTAINED -- 4 row(s) is under the 6-row partial-window floor.",3.0,-0.03,per_source
,AM.PA,2 check(s),"no usable vendor data for: SG&A intensity (SGAI) | the Beneish M-score could not be formed for this name, so the manipulation assessment is ABSENT -- not clean: no usable vendor data for: SG&A intensity (SGAI)",2.0,-0.02,per_source
,AMLX,1 check(s),"uInterestCoverage: 8 of 8 available rows are not computable AND report a positive `totalDebt` on the SAME row, so the refusal cannot mean the flag is inapplicable to this company -- it is missing data. Flag was ABSTAINED -- 0 row(s) is under the 6-row partial-window floor.",8.0,-0.08,per_source
,ANDE,2 check(s),"no usable vendor data for: SG&A intensity (SGAI) | the Beneish M-score could not be formed for this name, so the manipulation assessment is ABSENT -- not clean: no usable vendor data for: SG&A intensity (SGAI)",2.0,-0.02,per_source
,ANIK,3 check(s),"no usable vendor data for: receivables days (DSRI), gross margin (GMI), SG&A intensity (SGAI) | the Beneish M-score could not be formed for this name, so the manipulation assessment is ABSENT -- not clean: no usable vendor data for: receivables days (DSRI), gross margin (GMI), SG&A intensity (SGAI) | uInterestCoverage: 8 of 8 available rows are not computable AND report a positive `totalDebt` on the SAME row, so the refusal cannot mean the flag is inapplicable to this company -- it is missing data. Flag was ABSTAINED -- 0 row(s) is under the 6-row partial-window floor.",12.0,-0.12,per_source
,ANTIN.PA,1 check(s),"uInterestCoverage: 5 of 8 available rows are not computable AND report a positive `totalDebt` on the SAME row, so the refusal cannot mean the flag is inapplicable to this company -- it is missing data. Flag was ABSTAINED -- 3 row(s) is under the 6-row partial-window floor.",5.0,-0.05,per_source
,APAM.AS,2 check(s),"no usable vendor data for: receivables days (DSRI), gross margin (GMI), SG&A intensity (SGAI) | the Beneish M-score could not be formed for this name, so the manipulation assessment is ABSENT -- not clean: no usable vendor data for: receivables days (DSRI), gross margin (GMI), SG&A intensity (SGAI)",4.0,-0.04,per_source
,ARA.TO,2 check(s),"no usable vendor data for: receivables days (DSRI), gross margin (GMI), sales growth (SGI), depreciation rate (DEPI), SG&A intensity (SGAI) | the Beneish M-score could not be formed for this name, so the manipulation assessment is ABSENT -- not clean: no usable vendor data for: receivables days (DSRI), gross margin (GMI), sales growth (SGI), depreciation rate (DEPI), SG&A intensity (SGAI)",4.0,-0.04,per_source
,ARAMI.PA,2 check(s),"no usable vendor data for: gross margin (GMI) | the Beneish M-score could not be formed for this name, so the manipulation assessment is ABSENT -- not clean: no usable vendor data for: gross margin (GMI)",2.0,-0.02,per_source
,ARCAD.AS,2 check(s),"no usable vendor data for: SG&A intensity (SGAI) | the Beneish M-score could not be formed for this name, so the manipulation assessment is ABSENT -- not clean: no usable vendor data for: SG&A intensity (SGAI)",2.0,-0.02,per_source
,ARCB,3 check(s),"no usable vendor data for: SG&A intensity (SGAI) | the Beneish M-score could not be formed for this name, so the manipulation assessment is ABSENT -- not clean: no usable vendor data for: SG&A intensity (SGAI) | uInterestCoverage: 1 of 8 available rows are not computable AND report a positive `totalDebt` on the SAME row, so the refusal cannot mean the flag is inapplicable to this company -- it is missing data. Flag was JUDGED on the 7 row(s) that compute.",3.0,-0.03,per_source
,ARE.TO,2 check(s),"no usable vendor data for: gross margin (GMI) | the Beneish M-score could not be formed for this name, so the manipulation assessment is ABSENT -- not clean: no usable vendor data for: gross margin (GMI)",2.0,-0.02,per_source
,ARIS,1 check(s),"the Beneish M-score could not be formed for this name, so the manipulation assessment is ABSENT -- not clean: fewer than half the trailing-year periods are computable (1 of 4), so the mean would not be a trailing-year mean",1.0,-0.01,per_source
,ARQQ,1 check(s),"uInterestCoverage: 1 of 8 available rows are not computable AND report a positive `totalDebt` on the SAME row, so the refusal cannot mean the flag is inapplicable to this company -- it is missing data. Flag was JUDGED on the 7 row(s) that compute.",1.0,-0.01,per_source
,ARW,1 check(s),"uInterestCoverage: 1 of 8 available rows are not computable AND report a positive `totalDebt` on the SAME row, so the refusal cannot mean the flag is inapplicable to this company -- it is missing data. Flag was JUDGED on the 7 row(s) that compute.",1.0,-0.01,per_source
,ASLI.L,1 check(s),"uInterestCoverage: 6 of 8 available rows are not computable AND report a positive `totalDebt` on the SAME row, so the refusal cannot mean the flag is inapplicable to this company -- it is missing data. Flag was ABSTAINED -- 2 row(s) is under the 6-row partial-window floor.",6.0,-0.06,per_source
,ASM.AS,1 check(s),"uInterestCoverage: 8 of 8 available rows are not computable AND report a positive `totalDebt` on the SAME row, so the refusal cannot mean the flag is inapplicable to this company -- it is missing data. Flag was ABSTAINED -- 0 row(s) is under the 6-row partial-window floor.",8.0,-0.08,per_source
,ASML.AS,1 check(s),"uInterestCoverage: 7 of 8 available rows are not computable AND report a positive `totalDebt` on the SAME row, so the refusal cannot mean the flag is inapplicable to this company -- it is missing data. Flag was ABSTAINED -- 1 row(s) is under the 6-row partial-window floor.",7.0,-0.07,per_source
,ASPN,1 check(s),"the Beneish M-score could not be formed for this name, so the manipulation assessment is ABSENT -- not clean: fewer than half the trailing-year periods are computable (0 of 4), so the mean would not be a trailing-year mean",1.0,-0.01,per_source
,ASY.PA,1 check(s),"uInterestCoverage: 7 of 8 available rows are not computable AND report a positive `totalDebt` on the SAME row, so the refusal cannot mean the flag is inapplicable to this company -- it is missing data. Flag was ABSTAINED -- 1 row(s) is under the 6-row partial-window floor.",7.0,-0.07,per_source
,ATD.TO,1 check(s),"the Beneish M-score could not be formed for this name, so the manipulation assessment is ABSENT -- not clean: fewer than half the trailing-year periods are computable (1 of 4), so the mean would not be a trailing-year mean",1.0,-0.01,per_source
,ATEN,1 check(s),"uInterestCoverage: 5 of 8 available rows are not computable AND report a positive `totalDebt` on the SAME row, so the refusal cannot mean the flag is inapplicable to this company -- it is missing data. Flag was ABSTAINED -- 3 row(s) is under the 6-row partial-window floor.",5.0,-0.05,per_source
,ATEX,3 check(s),"no usable vendor data for: gross margin (GMI) | the Beneish M-score could not be formed for this name, so the manipulation assessment is ABSENT -- not clean: no usable vendor data for: gross margin (GMI) | uInterestCoverage: 8 of 8 available rows are not computable AND report a positive `totalDebt` on the SAME row, so the refusal cannot mean the flag is inapplicable to this company -- it is missing data. Flag was ABSTAINED -- 0 row(s) is under the 6-row partial-window floor.",10.0,-0.1,per_source
,ATH.TO,1 check(s),"uInterestCoverage: 1 of 8 available rows are not computable AND report a positive `totalDebt` on the SAME row, so the refusal cannot mean the flag is inapplicable to this company -- it is missing data. Flag was JUDGED on the 7 row(s) that compute.",1.0,-0.01,per_source
,ATX.TO,2 check(s),"no usable vendor data for: receivables days (DSRI), gross margin (GMI), sales growth (SGI), SG&A intensity (SGAI) | the Beneish M-score could not be formed for this name, so the manipulation assessment is ABSENT -- not clean: no usable vendor data for: receivables days (DSRI), gross margin (GMI), sales growth (SGI), SG&A intensity (SGAI)",4.0,-0.04,per_source
,AURE.PA,2 check(s),"no usable vendor data for: SG&A intensity (SGAI) | the Beneish M-score could not be formed for this name, so the manipulation assessment is ABSENT -- not clean: no usable vendor data for: SG&A intensity (SGAI)",2.0,-0.02,per_source
,AXG,1 check(s),"uInterestCoverage: 7 of 8 available rows are not computable AND report a positive `totalDebt` on the SAME row, so the refusal cannot mean the flag is inapplicable to this company -- it is missing data. Flag was ABSTAINED -- 1 row(s) is under the 6-row partial-window floor.",7.0,-0.07,per_source
,AYA.TO,2 check(s),"no usable vendor data for: gross margin (GMI) | the Beneish M-score could not be formed for this name, so the manipulation assessment is ABSENT -- not clean: no usable vendor data for: gross margin (GMI)",2.0,-0.02,per_source
,AYV.PA,1 check(s),"uInterestCoverage: 2 of 8 available rows are not computable AND report a positive `totalDebt` on the SAME row, so the refusal cannot mean the flag is inapplicable to this company -- it is missing data. Flag was JUDGED on the 6 row(s) that compute.",2.0,-0.02,per_source
,AZTA,1 check(s),"uInterestCoverage: 8 of 8 available rows are not computable AND report a positive `totalDebt` on the SAME row, so the refusal cannot mean the flag is inapplicable to this company -- it is missing data. Flag was ABSTAINED -- 0 row(s) is under the 6-row partial-window floor.",8.0,-0.08,per_source
,BAIN.PA,2 check(s),"no usable vendor data for: gross margin (GMI), SG&A intensity (SGAI) | the Beneish M-score could not be formed for this name, so the manipulation assessment is ABSENT -- not clean: no usable vendor data for: gross margin (GMI), SG&A intensity (SGAI)",3.0,-0.03,per_source
,BAM.TO,1 check(s),"uInterestCoverage: 1 of 8 available rows are not computable AND report a positive `totalDebt` on the SAME row, so the refusal cannot mean the flag is inapplicable to this company -- it is missing data. Flag was JUDGED on the 7 row(s) that compute.",1.0,-0.01,per_source
,BASS.PA,1 check(s),"reitEbitdaInterestCoverage: 1 of 8 available rows are not computable AND report a positive `totalDebt` on the SAME row, so the refusal cannot mean the flag is inapplicable to this company -- it is missing data. Flag was JUDGED on the 7 row(s) that compute.",1.0,-0.01,per_source
,BB,1 check(s),"uInterestCoverage: 3 of 8 available rows are not computable AND report a positive `totalDebt` on the SAME row, so the refusal cannot mean the flag is inapplicable to this company -- it is missing data. Flag was ABSTAINED -- 5 row(s) is under the 6-row partial-window floor.",3.0,-0.03,per_source
,BB.PA,1 check(s),"uInterestCoverage: 2 of 8 available rows are not computable AND report a positive `totalDebt` on the SAME row, so the refusal cannot mean the flag is inapplicable to this company -- it is missing data. Flag was JUDGED on the 6 row(s) that compute.",2.0,-0.02,per_source
,BBUC,1 check(s),"uInterestCoverage: 2 of 8 available rows are not computable AND report a positive `totalDebt` on the SAME row, so the refusal cannot mean the flag is inapplicable to this company -- it is missing data. Flag was JUDGED on the 6 row(s) that compute.",2.0,-0.02,per_source
,BEAM,1 check(s),"uInterestCoverage: 7 of 8 available rows are not computable AND report a positive `totalDebt` on the SAME row, so the refusal cannot mean the flag is inapplicable to this company -- it is missing data. Flag was ABSTAINED -- 1 row(s) is under the 6-row partial-window floor.",7.0,-0.07,per_source
,BEN.PA,1 check(s),"uInterestCoverage: 5 of 8 available rows are not computable AND report a positive `totalDebt` on the SAME row, so the refusal cannot mean the flag is inapplicable to this company -- it is missing data. Flag was ABSTAINED -- 3 row(s) is under the 6-row partial-window floor.",5.0,-0.05,per_source
,BH,1 check(s),"uInterestCoverage: 1 of 8 available rows are not computable AND report a positive `totalDebt` on the SAME row, so the refusal cannot mean the flag is inapplicable to this company -- it is missing data. Flag was JUDGED on the 7 row(s) that compute.",1.0,-0.01,per_source
,BIG.PA,2 check(s),"no usable vendor data for: SG&A intensity (SGAI) | the Beneish M-score could not be formed for this name, so the manipulation assessment is ABSENT -- not clean: no usable vendor data for: SG&A intensity (SGAI)",2.0,-0.02,per_source
,BILN.L,1 check(s),"uInterestCoverage: 2 of 8 available rows are not computable AND report a positive `totalDebt` on the SAME row, so the refusal cannot mean the flag is inapplicable to this company -- it is missing data. Flag was JUDGED on the 6 row(s) that compute.",2.0,-0.02,per_source
,BIM.PA,1 check(s),"uInterestCoverage: 2 of 8 available rows are not computable AND report a positive `totalDebt` on the SAME row, so the refusal cannot mean the flag is inapplicable to this company -- it is missing data. Flag was JUDGED on the 6 row(s) that compute.",2.0,-0.02,per_source
,BKE,1 check(s),"uInterestCoverage: 8 of 8 available rows are not computable AND report a positive `totalDebt` on the SAME row, so the refusal cannot mean the flag is inapplicable to this company -- it is missing data. Flag was ABSTAINED -- 0 row(s) is under the 6-row partial-window floor.",8.0,-0.08,per_source
,BLNK,1 check(s),"uInterestCoverage: 2 of 8 available rows are not computable AND report a positive `totalDebt` on the SAME row, so the refusal cannot mean the flag is inapplicable to this company -- it is missing data. Flag was JUDGED on the 6 row(s) that compute.",2.0,-0.02,per_source
,BNTX,1 check(s),"uInterestCoverage: 1 of 8 available rows are not computable AND report a positive `totalDebt` on the SAME row, so the refusal cannot mean the flag is inapplicable to this company -- it is missing data. Flag was JUDGED on the 7 row(s) that compute.",1.0,-0.01,per_source
,BOL.PA,3 check(s),"no usable vendor data for: receivables days (DSRI), gross margin (GMI) | the Beneish M-score could not be formed for this name, so the manipulation assessment is ABSENT -- not clean: no usable vendor data for: receivables days (DSRI), gross margin (GMI) | uInterestCoverage: 2 of 8 available rows are not computable AND report a positive `totalDebt` on the SAME row, so the refusal cannot mean the flag is inapplicable to this company -- it is missing data. Flag was JUDGED on the 6 row(s) that compute.",5.0,-0.05,per_source
,BOSC,1 check(s),"uInterestCoverage: 5 of 8 available rows are not computable AND report a positive `totalDebt` on the SAME row, so the refusal cannot mean the flag is inapplicable to this company -- it is missing data. Flag was ABSTAINED -- 3 row(s) is under the 6-row partial-window floor.",5.0,-0.05,per_source
,BPT.L,1 check(s),"uInterestCoverage: 3 of 8 available rows are not computable AND report a positive `totalDebt` on the SAME row, so the refusal cannot mean the flag is inapplicable to this company -- it is missing data. Flag was ABSTAINED -- 5 row(s) is under the 6-row partial-window floor.",3.0,-0.03,per_source
,BR,1 check(s),"uInterestCoverage: 1 of 8 available rows are not computable AND report a positive `totalDebt` on the SAME row, so the refusal cannot mean the flag is inapplicable to this company -- it is missing data. Flag was JUDGED on the 7 row(s) that compute.",1.0,-0.01,per_source
,BRC,1 check(s),"uInterestCoverage: 1 of 8 available rows are not computable AND report a positive `totalDebt` on the SAME row, so the refusal cannot mean the flag is inapplicable to this company -- it is missing data. Flag was JUDGED on the 7 row(s) that compute.",1.0,-0.01,per_source
,BSX.TO,2 check(s),"no usable vendor data for: receivables days (DSRI), gross margin (GMI), sales growth (SGI), depreciation rate (DEPI), SG&A intensity (SGAI) | the Beneish M-score could not be formed for this name, so the manipulation assessment is ABSENT -- not clean: no usable vendor data for: receivables days (DSRI), gross margin (GMI), sales growth (SGI), depreciation rate (DEPI), SG&A intensity (SGAI)",4.0,-0.04,per_source
,BTBT,1 check(s),"uInterestCoverage: 7 of 8 available rows are not computable AND report a positive `totalDebt` on the SAME row, so the refusal cannot mean the flag is inapplicable to this company -- it is missing data. Flag was ABSTAINED -- 1 row(s) is under the 6-row partial-window floor.",7.0,-0.07,per_source
,BTE,1 check(s),"the Beneish M-score could not be formed for this name, so the manipulation assessment is ABSENT -- not clean: fewer than half the trailing-year periods are computable (1 of 4), so the mean would not be a trailing-year mean",1.0,-0.01,per_source
,BULL,1 check(s),"uInterestCoverage: 8 of 8 available rows are not computable AND report a positive `totalDebt` on the SAME row, so the refusal cannot mean the flag is inapplicable to this company -- it is missing data. Flag was ABSTAINED -- 0 row(s) is under the 6-row partial-window floor.",8.0,-0.08,per_source
,BWEN,1 check(s),"uInterestCoverage: 1 of 8 available rows are not computable AND report a positive `totalDebt` on the SAME row, so the refusal cannot mean the flag is inapplicable to this company -- it is missing data. Flag was JUDGED on the 7 row(s) that compute.",1.0,-0.01,per_source
,BZ,1 check(s),"uInterestCoverage: 8 of 8 available rows are not computable AND report a positive `totalDebt` on the SAME row, so the refusal cannot mean the flag is inapplicable to this company -- it is missing data. Flag was ABSTAINED -- 0 row(s) is under the 6-row partial-window floor.",8.0,-0.08,per_source
,CABKA.AS,1 check(s),"uInterestCoverage: 4 of 8 available rows are not computable AND report a positive `totalDebt` on the SAME row, so the refusal cannot mean the flag is inapplicable to this company -- it is missing data. Flag was ABSTAINED -- 4 row(s) is under the 6-row partial-window floor.",4.0,-0.04,per_source
,CAI,2 check(s),"the Beneish M-score could not be formed for this name, so the manipulation assessment is ABSENT -- not clean: fewer than half the trailing-year periods are computable (1 of 4), so the mean would not be a trailing-year mean | uInterestCoverage: 1 of 8 available rows are not computable AND report a positive `totalDebt` on the SAME row, so the refusal cannot mean the flag is inapplicable to this company -- it is missing data. Flag was JUDGED on the 7 row(s) that compute.",2.0,-0.02,per_source
,CAMT,1 check(s),"uInterestCoverage: 7 of 8 available rows are not computable AND report a positive `totalDebt` on the SAME row, so the refusal cannot mean the flag is inapplicable to this company -- it is missing data. Flag was ABSTAINED -- 1 row(s) is under the 6-row partial-window floor.",7.0,-0.07,per_source
,CARM.PA,1 check(s),"reitEbitdaInterestCoverage: 2 of 8 available rows are not computable AND report a positive `totalDebt` on the SAME row, so the refusal cannot mean the flag is inapplicable to this company -- it is missing data. Flag was JUDGED on the 6 row(s) that compute.",2.0,-0.02,per_source
,CAV.L,1 check(s),"uInterestCoverage: 7 of 8 available rows are not computable AND report a positive `totalDebt` on the SAME row, so the refusal cannot mean the flag is inapplicable to this company -- it is missing data. Flag was ABSTAINED -- 1 row(s) is under the 6-row partial-window floor.",7.0,-0.07,per_source
,CAVA,1 check(s),"uInterestCoverage: 8 of 8 available rows are not computable AND report a positive `totalDebt` on the SAME row, so the refusal cannot mean the flag is inapplicable to this company -- it is missing data. Flag was ABSTAINED -- 0 row(s) is under the 6-row partial-window floor.",8.0,-0.08,per_source
,CBDG.PA,3 check(s),"no usable vendor data for: gross margin (GMI), SG&A intensity (SGAI) | the Beneish M-score could not be formed for this name, so the manipulation assessment is ABSENT -- not clean: no usable vendor data for: gross margin (GMI), SG&A intensity (SGAI) | uInterestCoverage: 1 of 8 available rows are not computable AND report a positive `totalDebt` on the SAME row, so the refusal cannot mean the flag is inapplicable to this company -- it is missing data. Flag was ABSTAINED -- 3 row(s) is under the 6-row partial-window floor.",4.0,-0.04,per_source
,CBOT.PA,1 check(s),"reitEbitdaInterestCoverage: 4 of 8 available rows are not computable AND report a positive `totalDebt` on the SAME row, so the refusal cannot mean the flag is inapplicable to this company -- it is missing data. Flag was ABSTAINED -- 4 row(s) is under the 6-row partial-window floor.",4.0,-0.04,per_source
,CC,2 check(s),"no usable vendor data for: SG&A intensity (SGAI) | the Beneish M-score could not be formed for this name, so the manipulation assessment is ABSENT -- not clean: no usable vendor data for: SG&A intensity (SGAI)",2.0,-0.02,per_source
,CCM.TO,2 check(s),"no usable vendor data for: receivables days (DSRI), gross margin (GMI), asset quality (AQI), sales growth (SGI), depreciation rate (DEPI), SG&A intensity (SGAI) | the Beneish M-score could not be formed for this name, so the manipulation assessment is ABSENT -- not clean: no usable vendor data for: receivables days (DSRI), gross margin (GMI), asset quality (AQI), sales growth (SGI), depreciation rate (DEPI), SG&A intensity (SGAI)",4.0,-0.04,per_source
,CDNA,1 check(s),"uInterestCoverage: 8 of 8 available rows are not computable AND report a positive `totalDebt` on the SAME row, so the refusal cannot mean the flag is inapplicable to this company -- it is missing data. Flag was ABSTAINED -- 0 row(s) is under the 6-row partial-window floor.",8.0,-0.08,per_source
,CDXS,1 check(s),"uInterestCoverage: 5 of 8 available rows are not computable AND report a positive `totalDebt` on the SAME row, so the refusal cannot mean the flag is inapplicable to this company -- it is missing data. Flag was ABSTAINED -- 3 row(s) is under the 6-row partial-window floor.",5.0,-0.05,per_source
,CEN.PA,3 check(s),"no usable vendor data for: SG&A intensity (SGAI) | the Beneish M-score could not be formed for this name, so the manipulation assessment is ABSENT -- not clean: no usable vendor data for: SG&A intensity (SGAI) | uInterestCoverage: 1 of 8 available rows are not computable AND report a positive `totalDebt` on the SAME row, so the refusal cannot mean the flag is inapplicable to this company -- it is missing data. Flag was JUDGED on the 7 row(s) that compute.",3.0,-0.03,per_source
,CFP.TO,2 check(s),"no usable vendor data for: gross margin (GMI) | the Beneish M-score could not be formed for this name, so the manipulation assessment is ABSENT -- not clean: no usable vendor data for: gross margin (GMI)",2.0,-0.02,per_source
,CFX.L,2 check(s),"no usable vendor data for: asset quality (AQI) | the Beneish M-score could not be formed for this name, so the manipulation assessment is ABSENT -- not clean: no usable vendor data for: asset quality (AQI)",2.0,-0.02,per_source
,CHG.L,3 check(s),"no usable vendor data for: gross margin (GMI), SG&A intensity (SGAI) | the Beneish M-score could not be formed for this name, so the manipulation assessment is ABSENT -- not clean: no usable vendor data for: gross margin (GMI), SG&A intensity (SGAI) | uInterestCoverage: 1 of 8 available rows are not computable AND report a positive `totalDebt` on the SAME row, so the refusal cannot mean the flag is inapplicable to this company -- it is missing data. Flag was JUDGED on the 7 row(s) that compute.",4.0,-0.04,per_source
,CHH.L,2 check(s),"no usable vendor data for: gross margin (GMI) | the Beneish M-score could not be formed for this name, so the manipulation assessment is ABSENT -- not clean: no usable vendor data for: gross margin (GMI)",2.0,-0.02,per_source
,CHR.TO,2 check(s),"no usable vendor data for: SG&A intensity (SGAI) | the Beneish M-score could not be formed for this name, so the manipulation assessment is ABSENT -- not clean: no usable vendor data for: SG&A intensity (SGAI)",2.0,-0.02,per_source
,CLAR,1 check(s),"uInterestCoverage: 8 of 8 available rows are not computable AND report a positive `totalDebt` on the SAME row, so the refusal cannot mean the flag is inapplicable to this company -- it is missing data. Flag was ABSTAINED -- 0 row(s) is under the 6-row partial-window floor.",8.0,-0.08,per_source
,CLMB,1 check(s),"uInterestCoverage: 6 of 8 available rows are not computable AND report a positive `totalDebt` on the SAME row, so the refusal cannot mean the flag is inapplicable to this company -- it is missing data. Flag was ABSTAINED -- 2 row(s) is under the 6-row partial-window floor.",6.0,-0.06,per_source
,CMCOM.AS,1 check(s),"uInterestCoverage: 1 of 8 available rows are not computable AND report a positive `totalDebt` on the SAME row, so the refusal cannot mean the flag is inapplicable to this company -- it is missing data. Flag was JUDGED on the 7 row(s) that compute.",1.0,-0.01,per_source
,CME,1 check(s),"uInterestCoverage: 1 of 8 available rows are not computable AND report a positive `totalDebt` on the SAME row, so the refusal cannot mean the flag is inapplicable to this company -- it is missing data. Flag was JUDGED on the 7 row(s) that compute.",1.0,-0.01,per_source
,CMG,1 check(s),"uInterestCoverage: 8 of 8 available rows are not computable AND report a positive `totalDebt` on the SAME row, so the refusal cannot mean the flag is inapplicable to this company -- it is missing data. Flag was ABSTAINED -- 0 row(s) is under the 6-row partial-window floor.",8.0,-0.08,per_source
,CNL.TO,2 check(s),"no usable vendor data for: receivables days (DSRI), gross margin (GMI), sales growth (SGI), SG&A intensity (SGAI) | the Beneish M-score could not be formed for this name, so the manipulation assessment is ABSENT -- not clean: no usable vendor data for: receivables days (DSRI), gross margin (GMI), sales growth (SGI), SG&A intensity (SGAI)",4.0,-0.04,per_source
,CNS,1 check(s),"uInterestCoverage: 8 of 8 available rows are not computable AND report a positive `totalDebt` on the SAME row, so the refusal cannot mean the flag is inapplicable to this company -- it is missing data. Flag was ABSTAINED -- 0 row(s) is under the 6-row partial-window floor.",8.0,-0.08,per_source
,CNVS,1 check(s),"uInterestCoverage: 1 of 8 available rows are not computable AND report a positive `totalDebt` on the SAME row, so the refusal cannot mean the flag is inapplicable to this company -- it is missing data. Flag was JUDGED on the 7 row(s) that compute.",1.0,-0.01,per_source
,COCH,1 check(s),"uInterestCoverage: 3 of 8 available rows are not computable AND report a positive `totalDebt` on the SAME row, so the refusal cannot mean the flag is inapplicable to this company -- it is missing data. Flag was ABSTAINED -- 5 row(s) is under the 6-row partial-window floor.",3.0,-0.03,per_source
,CODA,1 check(s),"uInterestCoverage: 7 of 8 available rows are not computable AND report a positive `totalDebt` on the SAME row, so the refusal cannot mean the flag is inapplicable to this company -- it is missing data. Flag was ABSTAINED -- 0 row(s) is under the 6-row partial-window floor.",7.0,-0.07,per_source
,COH.PA,1 check(s),"uInterestCoverage: 8 of 8 available rows are not computable AND report a positive `totalDebt` on the SAME row, so the refusal cannot mean the flag is inapplicable to this company -- it is missing data. Flag was ABSTAINED -- 0 row(s) is under the 6-row partial-window floor.",8.0,-0.08,per_source
,COOK,1 check(s),"uInterestCoverage: 1 of 8 available rows are not computable AND report a positive `totalDebt` on the SAME row, so the refusal cannot mean the flag is inapplicable to this company -- it is missing data. Flag was JUDGED on the 7 row(s) that compute.",1.0,-0.01,per_source
,CORZ,3 check(s),"no usable vendor data for: receivables days (DSRI), gross margin (GMI) | the Beneish M-score could not be formed for this name, so the manipulation assessment is ABSENT -- not clean: no usable vendor data for: receivables days (DSRI), gross margin (GMI) | uInterestCoverage: 3 of 8 available rows are not computable AND report a positive `totalDebt` on the SAME row, so the refusal cannot mean the flag is inapplicable to this company -- it is missing data. Flag was ABSTAINED -- 5 row(s) is under the 6-row partial-window floor.",6.0,-0.06,per_source
,COV.PA,1 check(s),"reitEbitdaInterestCoverage: 1 of 8 available rows are not computable AND report a positive `totalDebt` on the SAME row, so the refusal cannot mean the flag is inapplicable to this company -- it is missing data. Flag was JUDGED on the 7 row(s) that compute.",1.0,-0.01,per_source
,CPH.TO,1 check(s),"uInterestCoverage: 2 of 8 available rows are not computable AND report a positive `totalDebt` on the SAME row, so the refusal cannot mean the flag is inapplicable to this company -- it is missing data. Flag was JUDGED on the 6 row(s) that compute.",2.0,-0.02,per_source
,CPX.TO,2 check(s),"no usable vendor data for: gross margin (GMI) | the Beneish M-score could not be formed for this name, so the manipulation assessment is ABSENT -- not clean: no usable vendor data for: gross margin (GMI)",2.0,-0.02,per_source
,CRDL,1 check(s),"uInterestCoverage: 8 of 8 available rows are not computable AND report a positive `totalDebt` on the SAME row, so the refusal cannot mean the flag is inapplicable to this company -- it is missing data. Flag was ABSTAINED -- 0 row(s) is under the 6-row partial-window floor.",8.0,-0.08,per_source
,CRMD,1 check(s),"uInterestCoverage: 2 of 8 available rows are not computable AND report a positive `totalDebt` on the SAME row, so the refusal cannot mean the flag is inapplicable to this company -- it is missing data. Flag was JUDGED on the 6 row(s) that compute.",2.0,-0.02,per_source
,CRNT,1 check(s),"uInterestCoverage: 3 of 8 available rows are not computable AND report a positive `totalDebt` on the SAME row, so the refusal cannot mean the flag is inapplicable to this company -- it is missing data. Flag was ABSTAINED -- 5 row(s) is under the 6-row partial-window floor.",3.0,-0.03,per_source
,CRON,1 check(s),"uInterestCoverage: 8 of 8 available rows are not computable AND report a positive `totalDebt` on the SAME row, so the refusal cannot mean the flag is inapplicable to this company -- it is missing data. Flag was ABSTAINED -- 0 row(s) is under the 6-row partial-window floor.",8.0,-0.08,per_source
,CROX,1 check(s),"uInterestCoverage: 1 of 8 available rows are not computable AND report a positive `totalDebt` on the SAME row, so the refusal cannot mean the flag is inapplicable to this company -- it is missing data. Flag was JUDGED on the 7 row(s) that compute.",1.0,-0.01,per_source
,CSBR,1 check(s),"uInterestCoverage: 8 of 8 available rows are not computable AND report a positive `totalDebt` on the SAME row, so the refusal cannot mean the flag is inapplicable to this company -- it is missing data. Flag was ABSTAINED -- 0 row(s) is under the 6-row partial-window floor.",8.0,-0.08,per_source
,CSPI,1 check(s),"uInterestCoverage: 1 of 8 available rows are not computable AND report a positive `totalDebt` on the SAME row, so the refusal cannot mean the flag is inapplicable to this company -- it is missing data. Flag was JUDGED on the 7 row(s) that compute.",1.0,-0.01,per_source
,CTC.TO,1 check(s),"uInterestCoverage: 1 of 8 available rows are not computable AND report a positive `totalDebt` on the SAME row, so the refusal cannot mean the flag is inapplicable to this company -- it is missing data. Flag was JUDGED on the 7 row(s) that compute.",1.0,-0.01,per_source
,CTEC.L,1 check(s),"uInterestCoverage: 4 of 8 available rows are not computable AND report a positive `totalDebt` on the SAME row, so the refusal cannot mean the flag is inapplicable to this company -- it is missing data. Flag was ABSTAINED -- 4 row(s) is under the 6-row partial-window floor.",4.0,-0.04,per_source
,CUBE,1 check(s),"reitEbitdaInterestCoverage: 5 of 8 available rows are not computable AND report a positive `totalDebt` on the SAME row, so the refusal cannot mean the flag is inapplicable to this company -- it is missing data. Flag was ABSTAINED -- 3 row(s) is under the 6-row partial-window floor.",5.0,-0.05,per_source
,CVO.TO,1 check(s),"uInterestCoverage: 8 of 8 available rows are not computable AND report a positive `totalDebt` on the SAME row, so the refusal cannot mean the flag is inapplicable to this company -- it is missing data. Flag was ABSTAINED -- 0 row(s) is under the 6-row partial-window floor.",8.0,-0.08,per_source
,CVX.PA,1 check(s),"uInterestCoverage: 3 of 8 available rows are not computable AND report a positive `totalDebt` on the SAME row, so the refusal cannot mean the flag is inapplicable to this company -- it is missing data. Flag was ABSTAINED -- 5 row(s) is under the 6-row partial-window floor.",3.0,-0.03,per_source
,CWEB.TO,1 check(s),"uInterestCoverage: 8 of 8 available rows are not computable AND report a positive `totalDebt` on the SAME row, so the refusal cannot mean the flag is inapplicable to this company -- it is missing data. Flag was ABSTAINED -- 0 row(s) is under the 6-row partial-window floor.",8.0,-0.08,per_source
,CX,2 check(s),"no usable vendor data for: SG&A intensity (SGAI) | the Beneish M-score could not be formed for this name, so the manipulation assessment is ABSENT -- not clean: no usable vendor data for: SG&A intensity (SGAI)",2.0,-0.02,per_source
,DASH,1 check(s),"uInterestCoverage: 8 of 8 available rows are not computable AND report a positive `totalDebt` on the SAME row, so the refusal cannot mean the flag is inapplicable to this company -- it is missing data. Flag was ABSTAINED -- 0 row(s) is under the 6-row partial-window floor.",8.0,-0.08,per_source
,DBG.PA,2 check(s),"no usable vendor data for: gross margin (GMI) | the Beneish M-score could not be formed for this name, so the manipulation assessment is ABSENT -- not clean: no usable vendor data for: gross margin (GMI)",2.0,-0.02,per_source
,DBV.PA,1 check(s),"uInterestCoverage: 5 of 8 available rows are not computable AND report a positive `totalDebt` on the SAME row, so the refusal cannot mean the flag is inapplicable to this company -- it is missing data. Flag was ABSTAINED -- 3 row(s) is under the 6-row partial-window floor.",5.0,-0.05,per_source
,DG.PA,1 check(s),"uInterestCoverage: 3 of 8 available rows are not computable AND report a positive `totalDebt` on the SAME row, so the refusal cannot mean the flag is inapplicable to this company -- it is missing data. Flag was ABSTAINED -- 5 row(s) is under the 6-row partial-window floor.",3.0,-0.03,per_source
,DKUPL.PA,2 check(s),"no usable vendor data for: SG&A intensity (SGAI) | the Beneish M-score could not be formed for this name, so the manipulation assessment is ABSENT -- not clean: no usable vendor data for: SG&A intensity (SGAI)",2.0,-0.02,per_source
,DLB,1 check(s),"uInterestCoverage: 7 of 8 available rows are not computable AND report a positive `totalDebt` on the SAME row, so the refusal cannot mean the flag is inapplicable to this company -- it is missing data. Flag was ABSTAINED -- 1 row(s) is under the 6-row partial-window floor.",7.0,-0.07,per_source
,DNG.TO,2 check(s),"no usable vendor data for: asset quality (AQI) | the Beneish M-score could not be formed for this name, so the manipulation assessment is ABSENT -- not clean: no usable vendor data for: asset quality (AQI)",2.0,-0.02,per_source
,DOGZ,1 check(s),"uInterestCoverage: 3 of 8 available rows are not computable AND report a positive `totalDebt` on the SAME row, so the refusal cannot mean the flag is inapplicable to this company -- it is missing data. Flag was ABSTAINED -- 5 row(s) is under the 6-row partial-window floor.",3.0,-0.03,per_source
,DOMH,1 check(s),"uInterestCoverage: 8 of 8 available rows are not computable AND report a positive `totalDebt` on the SAME row, so the refusal cannot mean the flag is inapplicable to this company -- it is missing data. Flag was ABSTAINED -- 0 row(s) is under the 6-row partial-window floor.",8.0,-0.08,per_source
,DPAM.PA,2 check(s),"no usable vendor data for: asset quality (AQI) | the Beneish M-score could not be formed for this name, so the manipulation assessment is ABSENT -- not clean: no usable vendor data for: asset quality (AQI)",2.0,-0.02,per_source
,DPT.PA,1 check(s),"uInterestCoverage: 1 of 8 available rows are not computable AND report a positive `totalDebt` on the SAME row, so the refusal cannot mean the flag is inapplicable to this company -- it is missing data. Flag was JUDGED on the 7 row(s) that compute.",1.0,-0.01,per_source
,DR.TO,3 check(s),"no usable vendor data for: SG&A intensity (SGAI) | the Beneish M-score could not be formed for this name, so the manipulation assessment is ABSENT -- not clean: no usable vendor data for: SG&A intensity (SGAI) | uInterestCoverage: 2 of 8 available rows are not computable AND report a positive `totalDebt` on the SAME row, so the refusal cannot mean the flag is inapplicable to this company -- it is missing data. Flag was JUDGED on the 6 row(s) that compute.",4.0,-0.04,per_source
,DRTS,1 check(s),"uInterestCoverage: 5 of 8 available rows are not computable AND report a positive `totalDebt` on the SAME row, so the refusal cannot mean the flag is inapplicable to this company -- it is missing data. Flag was ABSTAINED -- 3 row(s) is under the 6-row partial-window floor.",5.0,-0.05,per_source
,DSV.TO,2 check(s),"no usable vendor data for: receivables days (DSRI), gross margin (GMI) | the Beneish M-score could not be formed for this name, so the manipulation assessment is ABSENT -- not clean: no usable vendor data for: receivables days (DSRI), gross margin (GMI)",3.0,-0.03,per_source
,DSY.PA,1 check(s),"uInterestCoverage: 8 of 8 available rows are not computable AND report a positive `totalDebt` on the SAME row, so the refusal cannot mean the flag is inapplicable to this company -- it is missing data. Flag was ABSTAINED -- 0 row(s) is under the 6-row partial-window floor.",8.0,-0.08,per_source
,EBUS.AS,1 check(s),"uInterestCoverage: 2 of 8 available rows are not computable AND report a positive `totalDebt` on the SAME row, so the refusal cannot mean the flag is inapplicable to this company -- it is missing data. Flag was JUDGED on the 6 row(s) that compute.",2.0,-0.02,per_source
,EC.PA,3 check(s),"no usable vendor data for: SG&A intensity (SGAI) | the Beneish M-score could not be formed for this name, so the manipulation assessment is ABSENT -- not clean: no usable vendor data for: SG&A intensity (SGAI) | uInterestCoverage: 8 of 8 available rows are not computable AND report a positive `totalDebt` on the SAME row, so the refusal cannot mean the flag is inapplicable to this company -- it is missing data. Flag was ABSTAINED -- 0 row(s) is under the 6-row partial-window floor.",10.0,-0.1,per_source
,ECO.TO,2 check(s),"no usable vendor data for: asset quality (AQI) | the Beneish M-score could not be formed for this name, so the manipulation assessment is ABSENT -- not clean: no usable vendor data for: asset quality (AQI)",2.0,-0.02,per_source
,ECOR.L,2 check(s),"no usable vendor data for: SG&A intensity (SGAI) | the Beneish M-score could not be formed for this name, so the manipulation assessment is ABSENT -- not clean: no usable vendor data for: SG&A intensity (SGAI)",2.0,-0.02,per_source
,EDU,1 check(s),"uInterestCoverage: 8 of 8 available rows are not computable AND report a positive `totalDebt` on the SAME row, so the refusal cannot mean the flag is inapplicable to this company -- it is missing data. Flag was ABSTAINED -- 0 row(s) is under the 6-row partial-window floor.",8.0,-0.08,per_source
,EFN.TO,1 check(s),"uInterestCoverage: 4 of 8 available rows are not computable AND report a positive `totalDebt` on the SAME row, so the refusal cannot mean the flag is inapplicable to this company -- it is missing data. Flag was ABSTAINED -- 4 row(s) is under the 6-row partial-window floor.",4.0,-0.04,per_source
,EFR.TO,1 check(s),"uInterestCoverage: 4 of 8 available rows are not computable AND report a positive `totalDebt` on the SAME row, so the refusal cannot mean the flag is inapplicable to this company -- it is missing data. Flag was ABSTAINED -- 1 row(s) is under the 6-row partial-window floor.",4.0,-0.04,per_source
,EJFZ.L,1 check(s),"uInterestCoverage: 5 of 8 available rows are not computable AND report a positive `totalDebt` on the SAME row, so the refusal cannot mean the flag is inapplicable to this company -- it is missing data. Flag was ABSTAINED -- 2 row(s) is under the 6-row partial-window floor.",5.0,-0.05,per_source
,EKI.PA,2 check(s),"no usable vendor data for: SG&A intensity (SGAI) | the Beneish M-score could not be formed for this name, so the manipulation assessment is ABSENT -- not clean: no usable vendor data for: SG&A intensity (SGAI)",2.0,-0.02,per_source
,ELEC.PA,1 check(s),"uInterestCoverage: 1 of 8 available rows are not computable AND report a positive `totalDebt` on the SAME row, so the refusal cannot mean the flag is inapplicable to this company -- it is missing data. Flag was JUDGED on the 7 row(s) that compute.",1.0,-0.01,per_source
,ELO.TO,2 check(s),"no usable vendor data for: receivables days (DSRI), gross margin (GMI), sales growth (SGI), depreciation rate (DEPI), SG&A intensity (SGAI) | the Beneish M-score could not be formed for this name, so the manipulation assessment is ABSENT -- not clean: no usable vendor data for: receivables days (DSRI), gross margin (GMI), sales growth (SGI), depreciation rate (DEPI), SG&A intensity (SGAI)",4.0,-0.04,per_source
,EME,1 check(s),"uInterestCoverage: 5 of 8 available rows are not computable AND report a positive `totalDebt` on the SAME row, so the refusal cannot mean the flag is inapplicable to this company -- it is missing data. Flag was ABSTAINED -- 3 row(s) is under the 6-row partial-window floor.",5.0,-0.05,per_source
,EMEIS.PA,1 check(s),"uInterestCoverage: 6 of 8 available rows are not computable AND report a positive `totalDebt` on the SAME row, so the refusal cannot mean the flag is inapplicable to this company -- it is missing data. Flag was ABSTAINED -- 2 row(s) is under the 6-row partial-window floor.",6.0,-0.06,per_source
,ENGI.PA,2 check(s),"no usable vendor data for: SG&A intensity (SGAI) | the Beneish M-score could not be formed for this name, so the manipulation assessment is ABSENT -- not clean: no usable vendor data for: SG&A intensity (SGAI)",2.0,-0.02,per_source
,ENO,2 check(s),"no usable vendor data for: gross margin (GMI), SG&A intensity (SGAI) | the Beneish M-score could not be formed for this name, so the manipulation assessment is ABSENT -- not clean: no usable vendor data for: gross margin (GMI), SG&A intensity (SGAI)",3.0,-0.03,per_source
,ENS,2 check(s),"no usable vendor data for: SG&A intensity (SGAI) | the Beneish M-score could not be formed for this name, so the manipulation assessment is ABSENT -- not clean: no usable vendor data for: SG&A intensity (SGAI)",2.0,-0.02,per_source
,ENX.PA,1 check(s),"uInterestCoverage: 2 of 8 available rows are not computable AND report a positive `totalDebt` on the SAME row, so the refusal cannot mean the flag is inapplicable to this company -- it is missing data. Flag was JUDGED on the 6 row(s) that compute.",2.0,-0.02,per_source
,EPRX.TO,1 check(s),"uInterestCoverage: 6 of 8 available rows are not computable AND report a positive `totalDebt` on the SAME row, so the refusal cannot mean the flag is inapplicable to this company -- it is missing data. Flag was ABSTAINED -- 2 row(s) is under the 6-row partial-window floor.",6.0,-0.06,per_source
,EQNR,1 check(s),"uInterestCoverage: 1 of 8 available rows are not computable AND report a positive `totalDebt` on the SAME row, so the refusal cannot mean the flag is inapplicable to this company -- it is missing data. Flag was JUDGED on the 7 row(s) that compute.",1.0,-0.01,per_source
,ERA.PA,2 check(s),"no usable vendor data for: gross margin (GMI), SG&A intensity (SGAI) | the Beneish M-score could not be formed for this name, so the manipulation assessment is ABSENT -- not clean: no usable vendor data for: gross margin (GMI), SG&A intensity (SGAI)",3.0,-0.03,per_source
,ERD.TO,2 check(s),"no usable vendor data for: receivables days (DSRI), gross margin (GMI), sales growth (SGI), SG&A intensity (SGAI) | the Beneish M-score could not be formed for this name, so the manipulation assessment is ABSENT -- not clean: no usable vendor data for: receivables days (DSRI), gross margin (GMI), sales growth (SGI), SG&A intensity (SGAI)",4.0,-0.04,per_source
,ERF.PA,2 check(s),"no usable vendor data for: SG&A intensity (SGAI) | the Beneish M-score could not be formed for this name, so the manipulation assessment is ABSENT -- not clean: no usable vendor data for: SG&A intensity (SGAI)",2.0,-0.02,per_source
,EVLV,1 check(s),"uInterestCoverage: 3 of 8 available rows are not computable AND report a positive `totalDebt` on the SAME row, so the refusal cannot mean the flag is inapplicable to this company -- it is missing data. Flag was ABSTAINED -- 5 row(s) is under the 6-row partial-window floor.",3.0,-0.03,per_source
,EWG.L,2 check(s),"no usable vendor data for: SG&A intensity (SGAI) | the Beneish M-score could not be formed for this name, so the manipulation assessment is ABSENT -- not clean: no usable vendor data for: SG&A intensity (SGAI)",2.0,-0.02,per_source
,EXA.PA,2 check(s),"no usable vendor data for: SG&A intensity (SGAI) | the Beneish M-score could not be formed for this name, so the manipulation assessment is ABSENT -- not clean: no usable vendor data for: SG&A intensity (SGAI)",2.0,-0.02,per_source
,EXE.TO,2 check(s),"no usable vendor data for: gross margin (GMI) | the Beneish M-score could not be formed for this name, so the manipulation assessment is ABSENT -- not clean: no usable vendor data for: gross margin (GMI)",2.0,-0.02,per_source
,EXPL.PA,2 check(s),"no usable vendor data for: gross margin (GMI) | the Beneish M-score could not be formed for this name, so the manipulation assessment is ABSENT -- not clean: no usable vendor data for: gross margin (GMI)",2.0,-0.02,per_source
,FCMC.PA,1 check(s),"uInterestCoverage: 2 of 8 available rows are not computable AND report a positive `totalDebt` on the SAME row, so the refusal cannot mean the flag is inapplicable to this company -- it is missing data. Flag was JUDGED on the 6 row(s) that compute.",2.0,-0.02,per_source
,FDY.TO,2 check(s),"no usable vendor data for: receivables days (DSRI), gross margin (GMI), asset quality (AQI), sales growth (SGI), SG&A intensity (SGAI) | the Beneish M-score could not be formed for this name, so the manipulation assessment is ABSENT -- not clean: no usable vendor data for: receivables days (DSRI), gross margin (GMI), asset quality (AQI), sales growth (SGI), SG&A intensity (SGAI)",4.0,-0.04,per_source
,FEIM,1 check(s),"uInterestCoverage: 1 of 8 available rows are not computable AND report a positive `totalDebt` on the SAME row, so the refusal cannot mean the flag is inapplicable to this company -- it is missing data. Flag was JUDGED on the 7 row(s) that compute.",1.0,-0.01,per_source
,FF.TO,2 check(s),"no usable vendor data for: receivables days (DSRI), gross margin (GMI), sales growth (SGI), depreciation rate (DEPI), SG&A intensity (SGAI) | the Beneish M-score could not be formed for this name, so the manipulation assessment is ABSENT -- not clean: no usable vendor data for: receivables days (DSRI), gross margin (GMI), sales growth (SGI), depreciation rate (DEPI), SG&A intensity (SGAI)",4.0,-0.04,per_source
,FII.PA,2 check(s),"no usable vendor data for: SG&A intensity (SGAI) | the Beneish M-score could not be formed for this name, so the manipulation assessment is ABSENT -- not clean: no usable vendor data for: SG&A intensity (SGAI)",2.0,-0.02,per_source
,FLNC,1 check(s),"uInterestCoverage: 2 of 8 available rows are not computable AND report a positive `totalDebt` on the SAME row, so the refusal cannot mean the flag is inapplicable to this company -- it is missing data. Flag was JUDGED on the 6 row(s) that compute.",2.0,-0.02,per_source
,FLOW.AS,1 check(s),"uInterestCoverage: 3 of 8 available rows are not computable AND report a positive `totalDebt` on the SAME row, so the refusal cannot mean the flag is inapplicable to this company -- it is missing data. Flag was ABSTAINED -- 3 row(s) is under the 6-row partial-window floor.",3.0,-0.03,per_source
,FND,1 check(s),"uInterestCoverage: 1 of 8 available rows are not computable AND report a positive `totalDebt` on the SAME row, so the refusal cannot mean the flag is inapplicable to this company -- it is missing data. Flag was JUDGED on the 7 row(s) that compute.",1.0,-0.01,per_source
,FOUR.L,1 check(s),"uInterestCoverage: 6 of 8 available rows are not computable AND report a positive `totalDebt` on the SAME row, so the refusal cannot mean the flag is inapplicable to this company -- it is missing data. Flag was ABSTAINED -- 2 row(s) is under the 6-row partial-window floor.",6.0,-0.06,per_source
,FSG.L,1 check(s),"uInterestCoverage: 4 of 8 available rows are not computable AND report a positive `totalDebt` on the SAME row, so the refusal cannot mean the flag is inapplicable to this company -- it is missing data. Flag was ABSTAINED -- 4 row(s) is under the 6-row partial-window floor.",4.0,-0.04,per_source
,FSY.TO,2 check(s),"no usable vendor data for: receivables days (DSRI), gross margin (GMI), asset quality (AQI), sales growth (SGI), SG&A intensity (SGAI) | the Beneish M-score could not be formed for this name, so the manipulation assessment is ABSENT -- not clean: no usable vendor data for: receivables days (DSRI), gross margin (GMI), asset quality (AQI), sales growth (SGI), SG&A intensity (SGAI)",4.0,-0.04,per_source
,FUR.AS,1 check(s),"uInterestCoverage: 2 of 8 available rows are not computable AND report a positive `totalDebt` on the SAME row, so the refusal cannot mean the flag is inapplicable to this company -- it is missing data. Flag was JUDGED on the 6 row(s) that compute.",2.0,-0.02,per_source
,FVA.L,3 check(s),"no usable vendor data for: receivables days (DSRI) | the Beneish M-score could not be formed for this name, so the manipulation assessment is ABSENT -- not clean: no usable vendor data for: receivables days (DSRI) | uInterestCoverage: 2 of 8 available rows are not computable AND report a positive `totalDebt` on the SAME row, so the refusal cannot mean the flag is inapplicable to this company -- it is missing data. Flag was JUDGED on the 6 row(s) that compute.",4.0,-0.04,per_source
,FVL.TO,2 check(s),"no usable vendor data for: receivables days (DSRI), gross margin (GMI), asset quality (AQI), sales growth (SGI), depreciation rate (DEPI), SG&A intensity (SGAI) | the Beneish M-score could not be formed for this name, so the manipulation assessment is ABSENT -- not clean: no usable vendor data for: receivables days (DSRI), gross margin (GMI), asset quality (AQI), sales growth (SGI), depreciation rate (DEPI), SG&A intensity (SGAI)",4.0,-0.04,per_source
,GAP,2 check(s),"no usable vendor data for: receivables days (DSRI), SG&A intensity (SGAI) | the Beneish M-score could not be formed for this name, so the manipulation assessment is ABSENT -- not clean: no usable vendor data for: receivables days (DSRI), SG&A intensity (SGAI)",3.0,-0.03,per_source
,GBT.TO,1 check(s),"uInterestCoverage: 8 of 8 available rows are not computable AND report a positive `totalDebt` on the SAME row, so the refusal cannot mean the flag is inapplicable to this company -- it is missing data. Flag was ABSTAINED -- 0 row(s) is under the 6-row partial-window floor.",8.0,-0.08,per_source
,GDEV,1 check(s),"uInterestCoverage: 5 of 8 available rows are not computable AND report a positive `totalDebt` on the SAME row, so the refusal cannot mean the flag is inapplicable to this company -- it is missing data. Flag was ABSTAINED -- 3 row(s) is under the 6-row partial-window floor.",5.0,-0.05,per_source
,GEO.TO,2 check(s),"no usable vendor data for: asset quality (AQI) | the Beneish M-score could not be formed for this name, so the manipulation assessment is ABSENT -- not clean: no usable vendor data for: asset quality (AQI)",2.0,-0.02,per_source
,GFI,2 check(s),"no usable vendor data for: receivables days (DSRI) | the Beneish M-score could not be formed for this name, so the manipulation assessment is ABSENT -- not clean: no usable vendor data for: receivables days (DSRI)",2.0,-0.02,per_source
,GFP.TO,2 check(s),"no usable vendor data for: gross margin (GMI) | the Beneish M-score could not be formed for this name, so the manipulation assessment is ABSENT -- not clean: no usable vendor data for: gross margin (GMI)",2.0,-0.02,per_source
,GIB,2 check(s),"no usable vendor data for: SG&A intensity (SGAI) | the Beneish M-score could not be formed for this name, so the manipulation assessment is ABSENT -- not clean: no usable vendor data for: SG&A intensity (SGAI)",2.0,-0.02,per_source
,GKP.L,1 check(s),"uInterestCoverage: 7 of 8 available rows are not computable AND report a positive `totalDebt` on the SAME row, so the refusal cannot mean the flag is inapplicable to this company -- it is missing data. Flag was ABSTAINED -- 1 row(s) is under the 6-row partial-window floor.",7.0,-0.07,per_source
,GLBE,1 check(s),"uInterestCoverage: 3 of 8 available rows are not computable AND report a positive `totalDebt` on the SAME row, so the refusal cannot mean the flag is inapplicable to this company -- it is missing data. Flag was ABSTAINED -- 5 row(s) is under the 6-row partial-window floor.",3.0,-0.03,per_source
,GLP,1 check(s),"uInterestCoverage: 1 of 8 available rows are not computable AND report a positive `totalDebt` on the SAME row, so the refusal cannot mean the flag is inapplicable to this company -- it is missing data. Flag was JUDGED on the 7 row(s) that compute.",1.0,-0.01,per_source
,GMED,1 check(s),"uInterestCoverage: 6 of 8 available rows are not computable AND report a positive `totalDebt` on the SAME row, so the refusal cannot mean the flag is inapplicable to this company -- it is missing data. Flag was ABSTAINED -- 2 row(s) is under the 6-row partial-window floor.",6.0,-0.06,per_source
,GMIN.TO,2 check(s),"no usable vendor data for: receivables days (DSRI), gross margin (GMI) | the Beneish M-score could not be formed for this name, so the manipulation assessment is ABSENT -- not clean: no usable vendor data for: receivables days (DSRI), gross margin (GMI)",3.0,-0.03,per_source
,GNLX,1 check(s),"uInterestCoverage: 8 of 8 available rows are not computable AND report a positive `totalDebt` on the SAME row, so the refusal cannot mean the flag is inapplicable to this company -- it is missing data. Flag was ABSTAINED -- 0 row(s) is under the 6-row partial-window floor.",8.0,-0.08,per_source
,GOLF,1 check(s),"uInterestCoverage: 1 of 8 available rows are not computable AND report a positive `totalDebt` on the SAME row, so the refusal cannot mean the flag is inapplicable to this company -- it is missing data. Flag was JUDGED on the 7 row(s) that compute.",1.0,-0.01,per_source
,GRND,1 check(s),"uInterestCoverage: 1 of 8 available rows are not computable AND report a positive `totalDebt` on the SAME row, so the refusal cannot mean the flag is inapplicable to this company -- it is missing data. Flag was JUDGED on the 7 row(s) that compute.",1.0,-0.01,per_source
,GRNQ,1 check(s),"uInterestCoverage: 1 of 8 available rows are not computable AND report a positive `totalDebt` on the SAME row, so the refusal cannot mean the flag is inapplicable to this company -- it is missing data. Flag was JUDGED on the 7 row(s) that compute.",1.0,-0.01,per_source
,GSIT,1 check(s),"uInterestCoverage: 8 of 8 available rows are not computable AND report a positive `totalDebt` on the SAME row, so the refusal cannot mean the flag is inapplicable to this company -- it is missing data. Flag was ABSTAINED -- 0 row(s) is under the 6-row partial-window floor.",8.0,-0.08,per_source
,GTT.PA,1 check(s),"uInterestCoverage: 5 of 8 available rows are not computable AND report a positive `totalDebt` on the SAME row, so the refusal cannot mean the flag is inapplicable to this company -- it is missing data. Flag was ABSTAINED -- 3 row(s) is under the 6-row partial-window floor.",5.0,-0.05,per_source
,HAFN,2 check(s),"no usable vendor data for: SG&A intensity (SGAI) | the Beneish M-score could not be formed for this name, so the manipulation assessment is ABSENT -- not clean: no usable vendor data for: SG&A intensity (SGAI)",2.0,-0.02,per_source
,HBIO,1 check(s),"uInterestCoverage: 1 of 8 available rows are not computable AND report a positive `totalDebt` on the SAME row, so the refusal cannot mean the flag is inapplicable to this company -- it is missing data. Flag was JUDGED on the 7 row(s) that compute.",1.0,-0.01,per_source
,HCO.PA,2 check(s),"no usable vendor data for: SG&A intensity (SGAI) | the Beneish M-score could not be formed for this name, so the manipulation assessment is ABSENT -- not clean: no usable vendor data for: SG&A intensity (SGAI)",2.0,-0.02,per_source
,HCSG,1 check(s),"uInterestCoverage: 1 of 8 available rows are not computable AND report a positive `totalDebt` on the SAME row, so the refusal cannot mean the flag is inapplicable to this company -- it is missing data. Flag was JUDGED on the 7 row(s) that compute.",1.0,-0.01,per_source
,HDF.PA,1 check(s),"uInterestCoverage: 5 of 8 available rows are not computable AND report a positive `totalDebt` on the SAME row, so the refusal cannot mean the flag is inapplicable to this company -- it is missing data. Flag was ABSTAINED -- 3 row(s) is under the 6-row partial-window floor.",5.0,-0.05,per_source
,HEIJM.AS,3 check(s),"no usable vendor data for: SG&A intensity (SGAI) | the Beneish M-score could not be formed for this name, so the manipulation assessment is ABSENT -- not clean: no usable vendor data for: SG&A intensity (SGAI) | uInterestCoverage: 1 of 8 available rows are not computable AND report a positive `totalDebt` on the SAME row, so the refusal cannot mean the flag is inapplicable to this company -- it is missing data. Flag was JUDGED on the 7 row(s) that compute.",3.0,-0.03,per_source
,HIK.L,1 check(s),"uInterestCoverage: 5 of 8 available rows are not computable AND report a positive `totalDebt` on the SAME row, so the refusal cannot mean the flag is inapplicable to this company -- it is missing data. Flag was ABSTAINED -- 3 row(s) is under the 6-row partial-window floor.",5.0,-0.05,per_source
,HIVE,1 check(s),"uInterestCoverage: 1 of 8 available rows are not computable AND report a positive `totalDebt` on the SAME row, so the refusal cannot mean the flag is inapplicable to this company -- it is missing data. Flag was JUDGED on the 7 row(s) that compute.",1.0,-0.01,per_source
,HLF.TO,1 check(s),"uInterestCoverage: 1 of 8 available rows are not computable AND report a positive `totalDebt` on the SAME row, so the refusal cannot mean the flag is inapplicable to this company -- it is missing data. Flag was JUDGED on the 7 row(s) that compute.",1.0,-0.01,per_source
,HOOD,1 check(s),"uInterestCoverage: 2 of 8 available rows are not computable AND report a positive `totalDebt` on the SAME row, so the refusal cannot mean the flag is inapplicable to this company -- it is missing data. Flag was JUDGED on the 6 row(s) that compute.",2.0,-0.02,per_source
,HRTX,1 check(s),"uInterestCoverage: 3 of 8 available rows are not computable AND report a positive `totalDebt` on the SAME row, so the refusal cannot mean the flag is inapplicable to this company -- it is missing data. Flag was ABSTAINED -- 5 row(s) is under the 6-row partial-window floor.",3.0,-0.03,per_source
,HUT,1 check(s),"uInterestCoverage: 1 of 8 available rows are not computable AND report a positive `totalDebt` on the SAME row, so the refusal cannot mean the flag is inapplicable to this company -- it is missing data. Flag was JUDGED on the 7 row(s) that compute.",1.0,-0.01,per_source
,HVO.L,3 check(s),"no usable vendor data for: gross margin (GMI), SG&A intensity (SGAI) | the Beneish M-score could not be formed for this name, so the manipulation assessment is ABSENT -- not clean: no usable vendor data for: gross margin (GMI), SG&A intensity (SGAI) | uInterestCoverage: 5 of 8 available rows are not computable AND report a positive `totalDebt` on the SAME row, so the refusal cannot mean the flag is inapplicable to this company -- it is missing data. Flag was ABSTAINED -- 3 row(s) is under the 6-row partial-window floor.",8.0,-0.08,per_source
,HVT,3 check(s),"no usable vendor data for: receivables days (DSRI) | the Beneish M-score could not be formed for this name, so the manipulation assessment is ABSENT -- not clean: no usable vendor data for: receivables days (DSRI) | uInterestCoverage: 7 of 8 available rows are not computable AND report a positive `totalDebt` on the SAME row, so the refusal cannot mean the flag is inapplicable to this company -- it is missing data. Flag was ABSTAINED -- 1 row(s) is under the 6-row partial-window floor.",9.0,-0.09000000000000001,per_source
,HWX.TO,1 check(s),"the Beneish M-score could not be formed for this name, so the manipulation assessment is ABSENT -- not clean: fewer than half the trailing-year periods are computable (1 of 4), so the mean would not be a trailing-year mean",1.0,-0.01,per_source
,IAM.PA,1 check(s),"uInterestCoverage: 4 of 8 available rows are not computable AND report a positive `totalDebt` on the SAME row, so the refusal cannot mean the flag is inapplicable to this company -- it is missing data. Flag was ABSTAINED -- 4 row(s) is under the 6-row partial-window floor.",4.0,-0.04,per_source
,IFP.TO,2 check(s),"no usable vendor data for: gross margin (GMI) | the Beneish M-score could not be formed for this name, so the manipulation assessment is ABSENT -- not clean: no usable vendor data for: gross margin (GMI)",2.0,-0.02,per_source
,ILMN,1 check(s),"uInterestCoverage: 1 of 8 available rows are not computable AND report a positive `totalDebt` on the SAME row, so the refusal cannot mean the flag is inapplicable to this company -- it is missing data. Flag was JUDGED on the 7 row(s) that compute.",1.0,-0.01,per_source
,IMO.TO,1 check(s),"uInterestCoverage: 4 of 8 available rows are not computable AND report a positive `totalDebt` on the SAME row, so the refusal cannot mean the flag is inapplicable to this company -- it is missing data. Flag was ABSTAINED -- 4 row(s) is under the 6-row partial-window floor.",4.0,-0.04,per_source
,IMP.TO,2 check(s),"no usable vendor data for: gross margin (GMI), SG&A intensity (SGAI) | the Beneish M-score could not be formed for this name, so the manipulation assessment is ABSENT -- not clean: no usable vendor data for: gross margin (GMI), SG&A intensity (SGAI)",3.0,-0.03,per_source
,IMRX,1 check(s),"uInterestCoverage: 8 of 8 available rows are not computable AND report a positive `totalDebt` on the SAME row, so the refusal cannot mean the flag is inapplicable to this company -- it is missing data. Flag was ABSTAINED -- 0 row(s) is under the 6-row partial-window floor.",8.0,-0.08,per_source
,IPO.TO,1 check(s),"uInterestCoverage: 1 of 8 available rows are not computable AND report a positive `totalDebt` on the SAME row, so the refusal cannot mean the flag is inapplicable to this company -- it is missing data. Flag was JUDGED on the 7 row(s) that compute.",1.0,-0.01,per_source
,ITG,2 check(s),"no usable vendor data for: receivables days (DSRI), gross margin (GMI) | the Beneish M-score could not be formed for this name, so the manipulation assessment is ABSENT -- not clean: no usable vendor data for: receivables days (DSRI), gross margin (GMI)",3.0,-0.03,per_source
,ITH.TO,2 check(s),"no usable vendor data for: receivables days (DSRI), gross margin (GMI), asset quality (AQI), sales growth (SGI), SG&A intensity (SGAI) | the Beneish M-score could not be formed for this name, so the manipulation assessment is ABSENT -- not clean: no usable vendor data for: receivables days (DSRI), gross margin (GMI), asset quality (AQI), sales growth (SGI), SG&A intensity (SGAI)",4.0,-0.04,per_source
,IVN.TO,2 check(s),"no usable vendor data for: receivables days (DSRI), gross margin (GMI), SG&A intensity (SGAI) | the Beneish M-score could not be formed for this name, so the manipulation assessment is ABSENT -- not clean: no usable vendor data for: receivables days (DSRI), gross margin (GMI), SG&A intensity (SGAI)",4.0,-0.04,per_source
,JAG.TO,2 check(s),"no usable vendor data for: SG&A intensity (SGAI) | the Beneish M-score could not be formed for this name, so the manipulation assessment is ABSENT -- not clean: no usable vendor data for: SG&A intensity (SGAI)",2.0,-0.02,per_source
,JFU,1 check(s),"uInterestCoverage: 8 of 8 available rows are not computable AND report a positive `totalDebt` on the SAME row, so the refusal cannot mean the flag is inapplicable to this company -- it is missing data. Flag was ABSTAINED -- 0 row(s) is under the 6-row partial-window floor.",8.0,-0.08,per_source
,JHD.L,2 check(s),"no usable vendor data for: gross margin (GMI), SG&A intensity (SGAI) | the Beneish M-score could not be formed for this name, so the manipulation assessment is ABSENT -- not clean: no usable vendor data for: gross margin (GMI), SG&A intensity (SGAI)",3.0,-0.03,per_source
,JOY.TO,1 check(s),"uInterestCoverage: 1 of 8 available rows are not computable AND report a positive `totalDebt` on the SAME row, so the refusal cannot mean the flag is inapplicable to this company -- it is missing data. Flag was JUDGED on the 7 row(s) that compute.",1.0,-0.01,per_source
,JSE.L,1 check(s),"uInterestCoverage: 6 of 8 available rows are not computable AND report a positive `totalDebt` on the SAME row, so the refusal cannot mean the flag is inapplicable to this company -- it is missing data. Flag was ABSTAINED -- 2 row(s) is under the 6-row partial-window floor.",6.0,-0.06,per_source
,KBL.TO,2 check(s),"no usable vendor data for: gross margin (GMI) | the Beneish M-score could not be formed for this name, so the manipulation assessment is ABSENT -- not clean: no usable vendor data for: gross margin (GMI)",2.0,-0.02,per_source
,KEQU,1 check(s),"the Beneish M-score could not be formed for this name, so the manipulation assessment is ABSENT -- not clean: fewer than half the trailing-year periods are computable (0 of 4), so the mean would not be a trailing-year mean",1.0,-0.01,per_source
,KER.PA,2 check(s),"no usable vendor data for: SG&A intensity (SGAI) | the Beneish M-score could not be formed for this name, so the manipulation assessment is ABSENT -- not clean: no usable vendor data for: SG&A intensity (SGAI)",2.0,-0.02,per_source
,KFY,1 check(s),"uInterestCoverage: 1 of 8 available rows are not computable AND report a positive `totalDebt` on the SAME row, so the refusal cannot mean the flag is inapplicable to this company -- it is missing data. Flag was JUDGED on the 7 row(s) that compute.",1.0,-0.01,per_source
,KITS.TO,1 check(s),"uInterestCoverage: 1 of 8 available rows are not computable AND report a positive `totalDebt` on the SAME row, so the refusal cannot mean the flag is inapplicable to this company -- it is missing data. Flag was JUDGED on the 7 row(s) that compute.",1.0,-0.01,per_source
,KMR.L,2 check(s),"no usable vendor data for: asset quality (AQI) | the Beneish M-score could not be formed for this name, so the manipulation assessment is ABSENT -- not clean: no usable vendor data for: asset quality (AQI)",2.0,-0.02,per_source
,KMT,2 check(s),"no usable vendor data for: SG&A intensity (SGAI) | the Beneish M-score could not be formed for this name, so the manipulation assessment is ABSENT -- not clean: no usable vendor data for: SG&A intensity (SGAI)",2.0,-0.02,per_source
,KOD,1 check(s),"uInterestCoverage: 8 of 8 available rows are not computable AND report a positive `totalDebt` on the SAME row, so the refusal cannot mean the flag is inapplicable to this company -- it is missing data. Flag was ABSTAINED -- 0 row(s) is under the 6-row partial-window floor.",8.0,-0.08,per_source
,KOP,2 check(s),"no usable vendor data for: SG&A intensity (SGAI) | the Beneish M-score could not be formed for this name, so the manipulation assessment is ABSENT -- not clean: no usable vendor data for: SG&A intensity (SGAI)",2.0,-0.02,per_source
,KOSS,1 check(s),"uInterestCoverage: 5 of 8 available rows are not computable AND report a positive `totalDebt` on the SAME row, so the refusal cannot mean the flag is inapplicable to this company -- it is missing data. Flag was ABSTAINED -- 3 row(s) is under the 6-row partial-window floor.",5.0,-0.05,per_source
,KPN.AS,1 check(s),"uInterestCoverage: 3 of 8 available rows are not computable AND report a positive `totalDebt` on the SAME row, so the refusal cannot mean the flag is inapplicable to this company -- it is missing data. Flag was ABSTAINED -- 5 row(s) is under the 6-row partial-window floor.",3.0,-0.03,per_source
,KPT.TO,2 check(s),"no usable vendor data for: receivables days (DSRI), gross margin (GMI), sales growth (SGI), SG&A intensity (SGAI) | the Beneish M-score could not be formed for this name, so the manipulation assessment is ABSENT -- not clean: no usable vendor data for: receivables days (DSRI), gross margin (GMI), sales growth (SGI), SG&A intensity (SGAI)",4.0,-0.04,per_source
,KSPI,2 check(s),"the Beneish M-score could not be formed for this name, so the manipulation assessment is ABSENT -- not clean: fewer than half the trailing-year periods are computable (0 of 4), so the mean would not be a trailing-year mean | uInterestCoverage: 4 of 8 available rows are not computable AND report a positive `totalDebt` on the SAME row, so the refusal cannot mean the flag is inapplicable to this company -- it is missing data. Flag was ABSTAINED -- 4 row(s) is under the 6-row partial-window floor.",5.0,-0.05,per_source
,KXS.TO,1 check(s),"uInterestCoverage: 8 of 8 available rows are not computable AND report a positive `totalDebt` on the SAME row, so the refusal cannot mean the flag is inapplicable to this company -- it is missing data. Flag was ABSTAINED -- 0 row(s) is under the 6-row partial-window floor.",8.0,-0.08,per_source
,LAC,2 check(s),"no usable vendor data for: receivables days (DSRI), gross margin (GMI), sales growth (SGI), depreciation rate (DEPI), SG&A intensity (SGAI) | the Beneish M-score could not be formed for this name, so the manipulation assessment is ABSENT -- not clean: no usable vendor data for: receivables days (DSRI), gross margin (GMI), sales growth (SGI), depreciation rate (DEPI), SG&A intensity (SGAI)",4.0,-0.04,per_source
,LACR.PA,3 check(s),"no usable vendor data for: SG&A intensity (SGAI) | the Beneish M-score could not be formed for this name, so the manipulation assessment is ABSENT -- not clean: no usable vendor data for: SG&A intensity (SGAI) | uInterestCoverage: 3 of 8 available rows are not computable AND report a positive `totalDebt` on the SAME row, so the refusal cannot mean the flag is inapplicable to this company -- it is missing data. Flag was ABSTAINED -- 5 row(s) is under the 6-row partial-window floor.",5.0,-0.05,per_source
,LBG.L,1 check(s),"uInterestCoverage: 2 of 8 available rows are not computable AND report a positive `totalDebt` on the SAME row, so the refusal cannot mean the flag is inapplicable to this company -- it is missing data. Flag was JUDGED on the 6 row(s) that compute.",2.0,-0.02,per_source
,LBIRD.PA,2 check(s),"no usable vendor data for: SG&A intensity (SGAI) | the Beneish M-score could not be formed for this name, so the manipulation assessment is ABSENT -- not clean: no usable vendor data for: SG&A intensity (SGAI)",2.0,-0.02,per_source
,LBRDK,2 check(s),"no usable vendor data for: receivables days (DSRI), gross margin (GMI) | the Beneish M-score could not be formed for this name, so the manipulation assessment is ABSENT -- not clean: no usable vendor data for: receivables days (DSRI), gross margin (GMI)",3.0,-0.03,per_source
,LCFS.TO,1 check(s),"the Beneish M-score could not be formed for this name, so the manipulation assessment is ABSENT -- not clean: fewer than half the trailing-year periods are computable (1 of 4), so the mean would not be a trailing-year mean",1.0,-0.01,per_source
,LENZ,1 check(s),"uInterestCoverage: 8 of 8 available rows are not computable AND report a positive `totalDebt` on the SAME row, so the refusal cannot mean the flag is inapplicable to this company -- it is missing data. Flag was ABSTAINED -- 0 row(s) is under the 6-row partial-window floor.",8.0,-0.08,per_source
,LFVN,1 check(s),"uInterestCoverage: 8 of 8 available rows are not computable AND report a positive `totalDebt` on the SAME row, so the refusal cannot mean the flag is inapplicable to this company -- it is missing data. Flag was ABSTAINED -- 0 row(s) is under the 6-row partial-window floor.",8.0,-0.08,per_source
,LGD.TO,2 check(s),"no usable vendor data for: receivables days (DSRI), gross margin (GMI), sales growth (SGI), SG&A intensity (SGAI) | the Beneish M-score could not be formed for this name, so the manipulation assessment is ABSENT -- not clean: no usable vendor data for: receivables days (DSRI), gross margin (GMI), sales growth (SGI), SG&A intensity (SGAI)",4.0,-0.04,per_source
,LI.PA,1 check(s),"reitEbitdaInterestCoverage: 1 of 8 available rows are not computable AND report a positive `totalDebt` on the SAME row, so the refusal cannot mean the flag is inapplicable to this company -- it is missing data. Flag was JUDGED on the 7 row(s) that compute.",1.0,-0.01,per_source
,LKFT.AS,1 check(s),"uInterestCoverage: 1 of 8 available rows are not computable AND report a positive `totalDebt` on the SAME row, so the refusal cannot mean the flag is inapplicable to this company -- it is missing data. Flag was JUDGED on the 7 row(s) that compute.",1.0,-0.01,per_source
,LOCAL.PA,1 check(s),"uInterestCoverage: 4 of 8 available rows are not computable AND report a positive `totalDebt` on the SAME row, so the refusal cannot mean the flag is inapplicable to this company -- it is missing data. Flag was ABSTAINED -- 4 row(s) is under the 6-row partial-window floor.",4.0,-0.04,per_source
,LOUP.PA,2 check(s),"no usable vendor data for: SG&A intensity (SGAI) | the Beneish M-score could not be formed for this name, so the manipulation assessment is ABSENT -- not clean: no usable vendor data for: SG&A intensity (SGAI)",2.0,-0.02,per_source
,LOVE.TO,2 check(s),"no usable vendor data for: asset quality (AQI) | the Beneish M-score could not be formed for this name, so the manipulation assessment is ABSENT -- not clean: no usable vendor data for: asset quality (AQI)",2.0,-0.02,per_source
,LOW,2 check(s),"no usable vendor data for: receivables days (DSRI) | the Beneish M-score could not be formed for this name, so the manipulation assessment is ABSENT -- not clean: no usable vendor data for: receivables days (DSRI)",2.0,-0.02,per_source
,LRCX,1 check(s),"uInterestCoverage: 1 of 8 available rows are not computable AND report a positive `totalDebt` on the SAME row, so the refusal cannot mean the flag is inapplicable to this company -- it is missing data. Flag was JUDGED on the 7 row(s) that compute.",1.0,-0.01,per_source
,LSCC,1 check(s),"uInterestCoverage: 6 of 8 available rows are not computable AND report a positive `totalDebt` on the SAME row, so the refusal cannot mean the flag is inapplicable to this company -- it is missing data. Flag was ABSTAINED -- 2 row(s) is under the 6-row partial-window floor.",6.0,-0.06,per_source
,LSPD,1 check(s),"uInterestCoverage: 1 of 8 available rows are not computable AND report a positive `totalDebt` on the SAME row, so the refusal cannot mean the flag is inapplicable to this company -- it is missing data. Flag was JUDGED on the 7 row(s) that compute.",1.0,-0.01,per_source
,LWAY,1 check(s),"uInterestCoverage: 1 of 8 available rows are not computable AND report a positive `totalDebt` on the SAME row, so the refusal cannot mean the flag is inapplicable to this company -- it is missing data. Flag was JUDGED on the 7 row(s) that compute.",1.0,-0.01,per_source
,MAC,1 check(s),"reitEbitdaInterestCoverage: 2 of 8 available rows are not computable AND report a positive `totalDebt` on the SAME row, so the refusal cannot mean the flag is inapplicable to this company -- it is missing data. Flag was JUDGED on the 6 row(s) that compute.",2.0,-0.02,per_source
,MAL.TO,1 check(s),"uInterestCoverage: 1 of 8 available rows are not computable AND report a positive `totalDebt` on the SAME row, so the refusal cannot mean the flag is inapplicable to this company -- it is missing data. Flag was JUDGED on the 7 row(s) that compute.",1.0,-0.01,per_source
,MALT.PA,1 check(s),"uInterestCoverage: 5 of 8 available rows are not computable AND report a positive `totalDebt` on the SAME row, so the refusal cannot mean the flag is inapplicable to this company -- it is missing data. Flag was ABSTAINED -- 3 row(s) is under the 6-row partial-window floor.",5.0,-0.05,per_source
,MARI.TO,2 check(s),"no usable vendor data for: receivables days (DSRI), gross margin (GMI), sales growth (SGI), depreciation rate (DEPI), SG&A intensity (SGAI) | the Beneish M-score could not be formed for this name, so the manipulation assessment is ABSENT -- not clean: no usable vendor data for: receivables days (DSRI), gross margin (GMI), sales growth (SGI), depreciation rate (DEPI), SG&A intensity (SGAI)",4.0,-0.04,per_source
,MATV,2 check(s),"no usable vendor data for: SG&A intensity (SGAI) | the Beneish M-score could not be formed for this name, so the manipulation assessment is ABSENT -- not clean: no usable vendor data for: SG&A intensity (SGAI)",2.0,-0.02,per_source
,MAU.PA,2 check(s),"no usable vendor data for: gross margin (GMI), SG&A intensity (SGAI) | the Beneish M-score could not be formed for this name, so the manipulation assessment is ABSENT -- not clean: no usable vendor data for: gross margin (GMI), SG&A intensity (SGAI)",3.0,-0.03,per_source
,MAU.TO,2 check(s),"no usable vendor data for: receivables days (DSRI), gross margin (GMI), sales growth (SGI), depreciation rate (DEPI), SG&A intensity (SGAI) | the Beneish M-score could not be formed for this name, so the manipulation assessment is ABSENT -- not clean: no usable vendor data for: receivables days (DSRI), gross margin (GMI), sales growth (SGI), depreciation rate (DEPI), SG&A intensity (SGAI)",4.0,-0.04,per_source
,MBX.TO,1 check(s),"uInterestCoverage: 1 of 8 available rows are not computable AND report a positive `totalDebt` on the SAME row, so the refusal cannot mean the flag is inapplicable to this company -- it is missing data. Flag was JUDGED on the 7 row(s) that compute.",1.0,-0.01,per_source
,MCK,1 check(s),"uInterestCoverage: 1 of 8 available rows are not computable AND report a positive `totalDebt` on the SAME row, so the refusal cannot mean the flag is inapplicable to this company -- it is missing data. Flag was JUDGED on the 7 row(s) that compute.",1.0,-0.01,per_source
,MDB,1 check(s),"uInterestCoverage: 1 of 8 available rows are not computable AND report a positive `totalDebt` on the SAME row, so the refusal cannot mean the flag is inapplicable to this company -- it is missing data. Flag was JUDGED on the 7 row(s) that compute.",1.0,-0.01,per_source
,MED,3 check(s),"no usable vendor data for: receivables days (DSRI) | the Beneish M-score could not be formed for this name, so the manipulation assessment is ABSENT -- not clean: no usable vendor data for: receivables days (DSRI) | uInterestCoverage: 8 of 8 available rows are not computable AND report a positive `totalDebt` on the SAME row, so the refusal cannot mean the flag is inapplicable to this company -- it is missing data. Flag was ABSTAINED -- 0 row(s) is under the 6-row partial-window floor.",10.0,-0.1,per_source
,MEOH,2 check(s),"no usable vendor data for: SG&A intensity (SGAI) | the Beneish M-score could not be formed for this name, so the manipulation assessment is ABSENT -- not clean: no usable vendor data for: SG&A intensity (SGAI)",2.0,-0.02,per_source
,MEQ.TO,1 check(s),"reitEbitdaInterestCoverage: 4 of 8 available rows are not computable AND report a positive `totalDebt` on the SAME row, so the refusal cannot mean the flag is inapplicable to this company -- it is missing data. Flag was ABSTAINED -- 4 row(s) is under the 6-row partial-window floor.",4.0,-0.04,per_source
,MER.TO,2 check(s),"no usable vendor data for: receivables days (DSRI), gross margin (GMI) | the Beneish M-score could not be formed for this name, so the manipulation assessment is ABSENT -- not clean: no usable vendor data for: receivables days (DSRI), gross margin (GMI)",3.0,-0.03,per_source
,MERY.PA,1 check(s),"reitEbitdaInterestCoverage: 1 of 8 available rows are not computable AND report a positive `totalDebt` on the SAME row, so the refusal cannot mean the flag is inapplicable to this company -- it is missing data. Flag was JUDGED on the 7 row(s) that compute.",1.0,-0.01,per_source
,MFI.TO,1 check(s),"the Beneish M-score could not be formed for this name, so the manipulation assessment is ABSENT -- not clean: fewer than half the trailing-year periods are computable (1 of 4), so the mean would not be a trailing-year mean",1.0,-0.01,per_source
,MHO,1 check(s),"uInterestCoverage: 3 of 8 available rows are not computable AND report a positive `totalDebt` on the SAME row, so the refusal cannot mean the flag is inapplicable to this company -- it is missing data. Flag was ABSTAINED -- 5 row(s) is under the 6-row partial-window floor.",3.0,-0.03,per_source
,MKTW,1 check(s),"uInterestCoverage: 8 of 8 available rows are not computable AND report a positive `totalDebt` on the SAME row, so the refusal cannot mean the flag is inapplicable to this company -- it is missing data. Flag was ABSTAINED -- 0 row(s) is under the 6-row partial-window floor.",8.0,-0.08,per_source
,MLHK.PA,1 check(s),"the Beneish M-score could not be formed for this name, so the manipulation assessment is ABSENT -- not clean: fewer than half the trailing-year periods are computable (1 of 4), so the mean would not be a trailing-year mean",1.0,-0.01,per_source
,MMT.PA,3 check(s),"no usable vendor data for: SG&A intensity (SGAI) | the Beneish M-score could not be formed for this name, so the manipulation assessment is ABSENT -- not clean: no usable vendor data for: SG&A intensity (SGAI) | uInterestCoverage: 6 of 8 available rows are not computable AND report a positive `totalDebt` on the SAME row, so the refusal cannot mean the flag is inapplicable to this company -- it is missing data. Flag was ABSTAINED -- 2 row(s) is under the 6-row partial-window floor.",8.0,-0.08,per_source
,MPE.L,1 check(s),"uInterestCoverage: 6 of 8 available rows are not computable AND report a positive `totalDebt` on the SAME row, so the refusal cannot mean the flag is inapplicable to this company -- it is missing data. Flag was ABSTAINED -- 2 row(s) is under the 6-row partial-window floor.",6.0,-0.06,per_source
,MRK.L,2 check(s),"no usable vendor data for: asset quality (AQI) | the Beneish M-score could not be formed for this name, so the manipulation assessment is ABSENT -- not clean: no usable vendor data for: asset quality (AQI)",2.0,-0.02,per_source
,MRTN,3 check(s),"no usable vendor data for: asset quality (AQI) | the Beneish M-score could not be formed for this name, so the manipulation assessment is ABSENT -- not clean: no usable vendor data for: asset quality (AQI) | uInterestCoverage: 8 of 8 available rows are not computable AND report a positive `totalDebt` on the SAME row, so the refusal cannot mean the flag is inapplicable to this company -- it is missing data. Flag was ABSTAINED -- 0 row(s) is under the 6-row partial-window floor.",10.0,-0.1,per_source
,MRU.TO,3 check(s),"no usable vendor data for: SG&A intensity (SGAI) | the Beneish M-score could not be formed for this name, so the manipulation assessment is ABSENT -- not clean: no usable vendor data for: SG&A intensity (SGAI) | uInterestCoverage: 1 of 8 available rows are not computable AND report a positive `totalDebt` on the SAME row, so the refusal cannot mean the flag is inapplicable to this company -- it is missing data. Flag was JUDGED on the 7 row(s) that compute.",3.0,-0.03,per_source
,MSA.TO,2 check(s),"no usable vendor data for: SG&A intensity (SGAI) | the Beneish M-score could not be formed for this name, so the manipulation assessment is ABSENT -- not clean: no usable vendor data for: SG&A intensity (SGAI)",2.0,-0.02,per_source
,MT.AS,2 check(s),"no usable vendor data for: SG&A intensity (SGAI) | the Beneish M-score could not be formed for this name, so the manipulation assessment is ABSENT -- not clean: no usable vendor data for: SG&A intensity (SGAI)",2.0,-0.02,per_source
,MTEC.L,1 check(s),"uInterestCoverage: 3 of 8 available rows are not computable AND report a positive `totalDebt` on the SAME row, so the refusal cannot mean the flag is inapplicable to this company -- it is missing data. Flag was ABSTAINED -- 5 row(s) is under the 6-row partial-window floor.",3.0,-0.03,per_source
,MU,1 check(s),"uInterestCoverage: 1 of 8 available rows are not computable AND report a positive `totalDebt` on the SAME row, so the refusal cannot mean the flag is inapplicable to this company -- it is missing data. Flag was JUDGED on the 7 row(s) that compute.",1.0,-0.01,per_source
,MXCT,1 check(s),"uInterestCoverage: 8 of 8 available rows are not computable AND report a positive `totalDebt` on the SAME row, so the refusal cannot mean the flag is inapplicable to this company -- it is missing data. Flag was ABSTAINED -- 0 row(s) is under the 6-row partial-window floor.",8.0,-0.08,per_source
,MXG.TO,2 check(s),"no usable vendor data for: gross margin (GMI) | the Beneish M-score could not be formed for this name, so the manipulation assessment is ABSENT -- not clean: no usable vendor data for: gross margin (GMI)",2.0,-0.02,per_source
,MYPS,1 check(s),"uInterestCoverage: 8 of 8 available rows are not computable AND report a positive `totalDebt` on the SAME row, so the refusal cannot mean the flag is inapplicable to this company -- it is missing data. Flag was ABSTAINED -- 0 row(s) is under the 6-row partial-window floor.",8.0,-0.08,per_source
,MZTI,1 check(s),"uInterestCoverage: 8 of 8 available rows are not computable AND report a positive `totalDebt` on the SAME row, so the refusal cannot mean the flag is inapplicable to this company -- it is missing data. Flag was ABSTAINED -- 0 row(s) is under the 6-row partial-window floor.",8.0,-0.08,per_source
,NABL,1 check(s),"uInterestCoverage: 1 of 8 available rows are not computable AND report a positive `totalDebt` on the SAME row, so the refusal cannot mean the flag is inapplicable to this company -- it is missing data. Flag was JUDGED on the 7 row(s) that compute.",1.0,-0.01,per_source
,NAE.PA,3 check(s),"no usable vendor data for: gross margin (GMI) | the Beneish M-score could not be formed for this name, so the manipulation assessment is ABSENT -- not clean: no usable vendor data for: gross margin (GMI) | uInterestCoverage: 1 of 8 available rows are not computable AND report a positive `totalDebt` on the SAME row, so the refusal cannot mean the flag is inapplicable to this company -- it is missing data. Flag was JUDGED on the 7 row(s) that compute.",3.0,-0.03,per_source
,NANO.TO,2 check(s),"no usable vendor data for: receivables days (DSRI), gross margin (GMI), sales growth (SGI), SG&A intensity (SGAI) | the Beneish M-score could not be formed for this name, so the manipulation assessment is ABSENT -- not clean: no usable vendor data for: receivables days (DSRI), gross margin (GMI), sales growth (SGI), SG&A intensity (SGAI)",4.0,-0.04,per_source
,NBTX,1 check(s),"uInterestCoverage: 3 of 8 available rows are not computable AND report a positive `totalDebt` on the SAME row, so the refusal cannot mean the flag is inapplicable to this company -- it is missing data. Flag was ABSTAINED -- 5 row(s) is under the 6-row partial-window floor.",3.0,-0.03,per_source
,NCF.TO,2 check(s),"no usable vendor data for: receivables days (DSRI), gross margin (GMI), asset quality (AQI), sales growth (SGI), SG&A intensity (SGAI) | the Beneish M-score could not be formed for this name, so the manipulation assessment is ABSENT -- not clean: no usable vendor data for: receivables days (DSRI), gross margin (GMI), asset quality (AQI), sales growth (SGI), SG&A intensity (SGAI)",4.0,-0.04,per_source
,NCYT.L,1 check(s),"uInterestCoverage: 4 of 8 available rows are not computable AND report a positive `totalDebt` on the SAME row, so the refusal cannot mean the flag is inapplicable to this company -- it is missing data. Flag was ABSTAINED -- 4 row(s) is under the 6-row partial-window floor.",4.0,-0.04,per_source
,NDM.TO,2 check(s),"no usable vendor data for: receivables days (DSRI), gross margin (GMI), asset quality (AQI), sales growth (SGI), depreciation rate (DEPI), SG&A intensity (SGAI) | the Beneish M-score could not be formed for this name, so the manipulation assessment is ABSENT -- not clean: no usable vendor data for: receivables days (DSRI), gross margin (GMI), asset quality (AQI), sales growth (SGI), depreciation rate (DEPI), SG&A intensity (SGAI)",4.0,-0.04,per_source
,NEDAP.AS,2 check(s),"no usable vendor data for: gross margin (GMI), SG&A intensity (SGAI) | the Beneish M-score could not be formed for this name, so the manipulation assessment is ABSENT -- not clean: no usable vendor data for: gross margin (GMI), SG&A intensity (SGAI)",3.0,-0.03,per_source
,NFI.TO,2 check(s),"no usable vendor data for: gross margin (GMI) | the Beneish M-score could not be formed for this name, so the manipulation assessment is ABSENT -- not clean: no usable vendor data for: gross margin (GMI)",2.0,-0.02,per_source
,NG.TO,2 check(s),"no usable vendor data for: receivables days (DSRI), gross margin (GMI), sales growth (SGI), SG&A intensity (SGAI) | the Beneish M-score could not be formed for this name, so the manipulation assessment is ABSENT -- not clean: no usable vendor data for: receivables days (DSRI), gross margin (GMI), sales growth (SGI), SG&A intensity (SGAI)",4.0,-0.04,per_source
,NGEX.TO,2 check(s),"no usable vendor data for: receivables days (DSRI), gross margin (GMI), asset quality (AQI), sales growth (SGI), SG&A intensity (SGAI) | the Beneish M-score could not be formed for this name, so the manipulation assessment is ABSENT -- not clean: no usable vendor data for: receivables days (DSRI), gross margin (GMI), asset quality (AQI), sales growth (SGI), SG&A intensity (SGAI)",4.0,-0.04,per_source
,NLOP,1 check(s),"reitEbitdaInterestCoverage: 1 of 8 available rows are not computable AND report a positive `totalDebt` on the SAME row, so the refusal cannot mean the flag is inapplicable to this company -- it is missing data. Flag was JUDGED on the 7 row(s) that compute.",1.0,-0.01,per_source
,NN,1 check(s),"uInterestCoverage: 1 of 8 available rows are not computable AND report a positive `totalDebt` on the SAME row, so the refusal cannot mean the flag is inapplicable to this company -- it is missing data. Flag was JUDGED on the 7 row(s) that compute.",1.0,-0.01,per_source
,NOMD,1 check(s),"uInterestCoverage: 1 of 8 available rows are not computable AND report a positive `totalDebt` on the SAME row, so the refusal cannot mean the flag is inapplicable to this company -- it is missing data. Flag was JUDGED on the 7 row(s) that compute.",1.0,-0.01,per_source
,NRDY,1 check(s),"uInterestCoverage: 2 of 8 available rows are not computable AND report a positive `totalDebt` on the SAME row, so the refusal cannot mean the flag is inapplicable to this company -- it is missing data. Flag was ABSTAINED -- 2 row(s) is under the 6-row partial-window floor.",2.0,-0.02,per_source
,NRG.PA,2 check(s),"no usable vendor data for: gross margin (GMI) | the Beneish M-score could not be formed for this name, so the manipulation assessment is ABSENT -- not clean: no usable vendor data for: gross margin (GMI)",2.0,-0.02,per_source
,NRIX,1 check(s),"uInterestCoverage: 8 of 8 available rows are not computable AND report a positive `totalDebt` on the SAME row, so the refusal cannot mean the flag is inapplicable to this company -- it is missing data. Flag was ABSTAINED -- 0 row(s) is under the 6-row partial-window floor.",8.0,-0.08,per_source
,NRO.PA,2 check(s),"no usable vendor data for: gross margin (GMI) | the Beneish M-score could not be formed for this name, so the manipulation assessment is ABSENT -- not clean: no usable vendor data for: gross margin (GMI)",2.0,-0.02,per_source
,NRP.AS,1 check(s),"reitEbitdaInterestCoverage: 4 of 8 available rows are not computable AND report a positive `totalDebt` on the SAME row, so the refusal cannot mean the flag is inapplicable to this company -- it is missing data. Flag was ABSTAINED -- 4 row(s) is under the 6-row partial-window floor.",4.0,-0.04,per_source
,NRXP,1 check(s),"uInterestCoverage: 5 of 8 available rows are not computable AND report a positive `totalDebt` on the SAME row, so the refusal cannot mean the flag is inapplicable to this company -- it is missing data. Flag was ABSTAINED -- 3 row(s) is under the 6-row partial-window floor.",5.0,-0.05,per_source
,NUAG.TO,2 check(s),"no usable vendor data for: receivables days (DSRI), gross margin (GMI), asset quality (AQI), sales growth (SGI), depreciation rate (DEPI), SG&A intensity (SGAI) | the Beneish M-score could not be formed for this name, so the manipulation assessment is ABSENT -- not clean: no usable vendor data for: receivables days (DSRI), gross margin (GMI), asset quality (AQI), sales growth (SGI), depreciation rate (DEPI), SG&A intensity (SGAI)",4.0,-0.04,per_source
,NVR,1 check(s),"uInterestCoverage: 1 of 8 available rows are not computable AND report a positive `totalDebt` on the SAME row, so the refusal cannot mean the flag is inapplicable to this company -- it is missing data. Flag was JUDGED on the 7 row(s) that compute.",1.0,-0.01,per_source
,NVTS,1 check(s),"uInterestCoverage: 3 of 8 available rows are not computable AND report a positive `totalDebt` on the SAME row, so the refusal cannot mean the flag is inapplicable to this company -- it is missing data. Flag was ABSTAINED -- 5 row(s) is under the 6-row partial-window floor.",3.0,-0.03,per_source
,NWF.L,2 check(s),"no usable vendor data for: SG&A intensity (SGAI) | the Beneish M-score could not be formed for this name, so the manipulation assessment is ABSENT -- not clean: no usable vendor data for: SG&A intensity (SGAI)",2.0,-0.02,per_source
,NXFIL.AS,1 check(s),"uInterestCoverage: 6 of 8 available rows are not computable AND report a positive `totalDebt` on the SAME row, so the refusal cannot mean the flag is inapplicable to this company -- it is missing data. Flag was ABSTAINED -- 2 row(s) is under the 6-row partial-window floor.",6.0,-0.06,per_source
,NXH,1 check(s),"reitEbitdaInterestCoverage: 8 of 8 available rows are not computable AND report a positive `totalDebt` on the SAME row, so the refusal cannot mean the flag is inapplicable to this company -- it is missing data. Flag was ABSTAINED -- 0 row(s) is under the 6-row partial-window floor.",8.0,-0.08,per_source
,NXR.L,2 check(s),"no usable vendor data for: gross margin (GMI) | the Beneish M-score could not be formed for this name, so the manipulation assessment is ABSENT -- not clean: no usable vendor data for: gross margin (GMI)",2.0,-0.02,per_source
,OCI.AS,3 check(s),"no usable vendor data for: receivables days (DSRI), gross margin (GMI) | the Beneish M-score could not be formed for this name, so the manipulation assessment is ABSENT -- not clean: no usable vendor data for: receivables days (DSRI), gross margin (GMI) | producerEbitdaPositive: 2 of 8 available rows are not computable AND report no `revenue` figure at all, or a NEGATIVE one on the SAME row, so the refusal cannot mean the flag is inapplicable to this company -- it is missing data. Flag was JUDGED on the 6 row(s) that compute.",5.0,-0.05,per_source
,ODET.PA,3 check(s),"no usable vendor data for: receivables days (DSRI) | the Beneish M-score could not be formed for this name, so the manipulation assessment is ABSENT -- not clean: no usable vendor data for: receivables days (DSRI) | uInterestCoverage: 1 of 8 available rows are not computable AND report a positive `totalDebt` on the SAME row, so the refusal cannot mean the flag is inapplicable to this company -- it is missing data. Flag was JUDGED on the 7 row(s) that compute.",3.0,-0.03,per_source
,OFLX,2 check(s),"the Beneish M-score could not be formed for this name, so the manipulation assessment is ABSENT -- not clean: fewer than half the trailing-year periods are computable (1 of 4), so the mean would not be a trailing-year mean | uInterestCoverage: 8 of 8 available rows are not computable AND report a positive `totalDebt` on the SAME row, so the refusal cannot mean the flag is inapplicable to this company -- it is missing data. Flag was ABSTAINED -- 0 row(s) is under the 6-row partial-window floor.",9.0,-0.09,per_source
,OGI,3 check(s),"no usable vendor data for: gross margin (GMI) | the Beneish M-score could not be formed for this name, so the manipulation assessment is ABSENT -- not clean: no usable vendor data for: gross margin (GMI) | uInterestCoverage: 7 of 8 available rows are not computable AND report a positive `totalDebt` on the SAME row, so the refusal cannot mean the flag is inapplicable to this company -- it is missing data. Flag was ABSTAINED -- 1 row(s) is under the 6-row partial-window floor.",9.0,-0.09000000000000001,per_source
,OII,1 check(s),"the Beneish M-score could not be formed for this name, so the manipulation assessment is ABSENT -- not clean: fewer than half the trailing-year periods are computable (1 of 4), so the mean would not be a trailing-year mean",1.0,-0.01,per_source
,OM.TO,2 check(s),"no usable vendor data for: receivables days (DSRI), gross margin (GMI), sales growth (SGI), depreciation rate (DEPI), SG&A intensity (SGAI) | the Beneish M-score could not be formed for this name, so the manipulation assessment is ABSENT -- not clean: no usable vendor data for: receivables days (DSRI), gross margin (GMI), sales growth (SGI), depreciation rate (DEPI), SG&A intensity (SGAI)",4.0,-0.04,per_source
,OMCL,1 check(s),"uInterestCoverage: 1 of 8 available rows are not computable AND report a positive `totalDebt` on the SAME row, so the refusal cannot mean the flag is inapplicable to this company -- it is missing data. Flag was JUDGED on the 7 row(s) that compute.",1.0,-0.01,per_source
,OOMA,1 check(s),"uInterestCoverage: 5 of 8 available rows are not computable AND report a positive `totalDebt` on the SAME row, so the refusal cannot mean the flag is inapplicable to this company -- it is missing data. Flag was ABSTAINED -- 3 row(s) is under the 6-row partial-window floor.",5.0,-0.05,per_source
,OPXS,1 check(s),"uInterestCoverage: 6 of 8 available rows are not computable AND report a positive `totalDebt` on the SAME row, so the refusal cannot mean the flag is inapplicable to this company -- it is missing data. Flag was ABSTAINED -- 2 row(s) is under the 6-row partial-window floor.",6.0,-0.06,per_source
,ORA.PA,1 check(s),"uInterestCoverage: 1 of 8 available rows are not computable AND report a positive `totalDebt` on the SAME row, so the refusal cannot mean the flag is inapplicable to this company -- it is missing data. Flag was JUDGED on the 7 row(s) that compute.",1.0,-0.01,per_source
,ORE.TO,1 check(s),"the Beneish M-score could not be formed for this name, so the manipulation assessment is ABSENT -- not clean: fewer than half the trailing-year periods are computable (1 of 4), so the mean would not be a trailing-year mean",1.0,-0.01,per_source
,ORIA.PA,1 check(s),"reitEbitdaInterestCoverage: 4 of 8 available rows are not computable AND report a positive `totalDebt` on the SAME row, so the refusal cannot mean the flag is inapplicable to this company -- it is missing data. Flag was ABSTAINED -- 4 row(s) is under the 6-row partial-window floor.",4.0,-0.04,per_source
,ORMP,3 check(s),"no usable vendor data for: receivables days (DSRI), gross margin (GMI), sales growth (SGI), SG&A intensity (SGAI) | the Beneish M-score could not be formed for this name, so the manipulation assessment is ABSENT -- not clean: no usable vendor data for: receivables days (DSRI), gross margin (GMI), sales growth (SGI), SG&A intensity (SGAI) | uInterestCoverage: 6 of 8 available rows are not computable AND report a positive `totalDebt` on the SAME row, so the refusal cannot mean the flag is inapplicable to this company -- it is missing data. Flag was ABSTAINED -- 2 row(s) is under the 6-row partial-window floor.",10.0,-0.1,per_source
,ORV.TO,1 check(s),"the Beneish M-score could not be formed for this name, so the manipulation assessment is ABSENT -- not clean: fewer than half the trailing-year periods are computable (1 of 4), so the mean would not be a trailing-year mean",1.0,-0.01,per_source
,OSPN,1 check(s),"uInterestCoverage: 6 of 8 available rows are not computable AND report a positive `totalDebt` on the SAME row, so the refusal cannot mean the flag is inapplicable to this company -- it is missing data. Flag was ABSTAINED -- 2 row(s) is under the 6-row partial-window floor.",6.0,-0.06,per_source
,OUST,1 check(s),"uInterestCoverage: 7 of 8 available rows are not computable AND report a positive `totalDebt` on the SAME row, so the refusal cannot mean the flag is inapplicable to this company -- it is missing data. Flag was ABSTAINED -- 1 row(s) is under the 6-row partial-window floor.",7.0,-0.07,per_source
,PARP.PA,2 check(s),"no usable vendor data for: gross margin (GMI), SG&A intensity (SGAI) | the Beneish M-score could not be formed for this name, so the manipulation assessment is ABSENT -- not clean: no usable vendor data for: gross margin (GMI), SG&A intensity (SGAI)",3.0,-0.03,per_source
,PARR,1 check(s),"uInterestCoverage: 2 of 8 available rows are not computable AND report a positive `totalDebt` on the SAME row, so the refusal cannot mean the flag is inapplicable to this company -- it is missing data. Flag was JUDGED on the 6 row(s) that compute.",2.0,-0.02,per_source
,PARRO.PA,1 check(s),"uInterestCoverage: 1 of 8 available rows are not computable AND report a positive `totalDebt` on the SAME row, so the refusal cannot mean the flag is inapplicable to this company -- it is missing data. Flag was JUDGED on the 7 row(s) that compute.",1.0,-0.01,per_source
,PAYO,1 check(s),"uInterestCoverage: 5 of 8 available rows are not computable AND report a positive `totalDebt` on the SAME row, so the refusal cannot mean the flag is inapplicable to this company -- it is missing data. Flag was ABSTAINED -- 3 row(s) is under the 6-row partial-window floor.",5.0,-0.05,per_source
,PCVX,1 check(s),"uInterestCoverage: 8 of 8 available rows are not computable AND report a positive `totalDebt` on the SAME row, so the refusal cannot mean the flag is inapplicable to this company -- it is missing data. Flag was ABSTAINED -- 0 row(s) is under the 6-row partial-window floor.",8.0,-0.08,per_source
,PDS,2 check(s),"no usable vendor data for: asset quality (AQI) | the Beneish M-score could not be formed for this name, so the manipulation assessment is ABSENT -- not clean: no usable vendor data for: asset quality (AQI)",2.0,-0.02,per_source
,PEY.TO,2 check(s),"no usable vendor data for: asset quality (AQI) | the Beneish M-score could not be formed for this name, so the manipulation assessment is ABSENT -- not clean: no usable vendor data for: asset quality (AQI)",2.0,-0.02,per_source
,PHAR.L,1 check(s),"uInterestCoverage: 6 of 8 available rows are not computable AND report a positive `totalDebt` on the SAME row, so the refusal cannot mean the flag is inapplicable to this company -- it is missing data. Flag was ABSTAINED -- 1 row(s) is under the 6-row partial-window floor.",6.0,-0.06,per_source
,PHARM.AS,2 check(s),"no usable vendor data for: SG&A intensity (SGAI) | the Beneish M-score could not be formed for this name, so the manipulation assessment is ABSENT -- not clean: no usable vendor data for: SG&A intensity (SGAI)",2.0,-0.02,per_source
,PHG,2 check(s),"no usable vendor data for: receivables days (DSRI) | the Beneish M-score could not be formed for this name, so the manipulation assessment is ABSENT -- not clean: no usable vendor data for: receivables days (DSRI)",2.0,-0.02,per_source
,PHI,1 check(s),"uInterestCoverage: 4 of 8 available rows are not computable AND report a positive `totalDebt` on the SAME row, so the refusal cannot mean the flag is inapplicable to this company -- it is missing data. Flag was ABSTAINED -- 4 row(s) is under the 6-row partial-window floor.",4.0,-0.04,per_source
,PIG.PA,1 check(s),"uInterestCoverage: 1 of 8 available rows are not computable AND report a positive `totalDebt` on the SAME row, so the refusal cannot mean the flag is inapplicable to this company -- it is missing data. Flag was JUDGED on the 7 row(s) that compute.",1.0,-0.01,per_source
,PINS,1 check(s),"uInterestCoverage: 8 of 8 available rows are not computable AND report a positive `totalDebt` on the SAME row, so the refusal cannot mean the flag is inapplicable to this company -- it is missing data. Flag was ABSTAINED -- 0 row(s) is under the 6-row partial-window floor.",8.0,-0.08,per_source
,PL,1 check(s),"uInterestCoverage: 5 of 8 available rows are not computable AND report a positive `totalDebt` on the SAME row, so the refusal cannot mean the flag is inapplicable to this company -- it is missing data. Flag was ABSTAINED -- 3 row(s) is under the 6-row partial-window floor.",5.0,-0.05,per_source
,PLAB,1 check(s),"uInterestCoverage: 1 of 8 available rows are not computable AND report a positive `totalDebt` on the SAME row, so the refusal cannot mean the flag is inapplicable to this company -- it is missing data. Flag was JUDGED on the 7 row(s) that compute.",1.0,-0.01,per_source
,PLSM,1 check(s),"uInterestCoverage: 4 of 8 available rows are not computable AND report a positive `totalDebt` on the SAME row, so the refusal cannot mean the flag is inapplicable to this company -- it is missing data. Flag was ABSTAINED -- 4 row(s) is under the 6-row partial-window floor.",4.0,-0.04,per_source
,PLX.PA,4 check(s),"no usable vendor data for: SG&A intensity (SGAI) | the Beneish M-score could not be formed for this name, so the manipulation assessment is ABSENT -- not clean: no usable vendor data for: SG&A intensity (SGAI) | uInterestCoverage: 1 of 7 available rows are not computable AND report a positive `totalDebt` on the SAME row, so the refusal cannot mean the flag is inapplicable to this company -- it is missing data. Flag was JUDGED on the 6 row(s) that compute. | panel carries 7 of the 8 newest-first rows the veto window needs, so every flag is evaluated (or refused) on a short history",4.0,-0.04,per_source
,PMET.TO,2 check(s),"no usable vendor data for: receivables days (DSRI), gross margin (GMI), sales growth (SGI), SG&A intensity (SGAI) | the Beneish M-score could not be formed for this name, so the manipulation assessment is ABSENT -- not clean: no usable vendor data for: receivables days (DSRI), gross margin (GMI), sales growth (SGI), SG&A intensity (SGAI)",4.0,-0.04,per_source
,PNL.AS,3 check(s),"no usable vendor data for: gross margin (GMI) | the Beneish M-score could not be formed for this name, so the manipulation assessment is ABSENT -- not clean: no usable vendor data for: gross margin (GMI) | uInterestCoverage: 2 of 8 available rows are not computable AND report a positive `totalDebt` on the SAME row, so the refusal cannot mean the flag is inapplicable to this company -- it is missing data. Flag was JUDGED on the 6 row(s) that compute.",4.0,-0.04,per_source
,POWW,3 check(s),"no usable vendor data for: receivables days (DSRI), gross margin (GMI) | the Beneish M-score could not be formed for this name, so the manipulation assessment is ABSENT -- not clean: no usable vendor data for: receivables days (DSRI), gross margin (GMI) | uInterestCoverage: 2 of 8 available rows are not computable AND report a positive `totalDebt` on the SAME row, so the refusal cannot mean the flag is inapplicable to this company -- it is missing data. Flag was JUDGED on the 6 row(s) that compute.",5.0,-0.05,per_source
,PPTA,2 check(s),"no usable vendor data for: receivables days (DSRI), gross margin (GMI), sales growth (SGI), SG&A intensity (SGAI) | the Beneish M-score could not be formed for this name, so the manipulation assessment is ABSENT -- not clean: no usable vendor data for: receivables days (DSRI), gross margin (GMI), sales growth (SGI), SG&A intensity (SGAI)",4.0,-0.04,per_source
,PRIM,1 check(s),"uInterestCoverage: 1 of 8 available rows are not computable AND report a positive `totalDebt` on the SAME row, so the refusal cannot mean the flag is inapplicable to this company -- it is missing data. Flag was JUDGED on the 7 row(s) that compute.",1.0,-0.01,per_source
,PRMB,1 check(s),"uInterestCoverage: 1 of 8 available rows are not computable AND report a positive `totalDebt` on the SAME row, so the refusal cannot mean the flag is inapplicable to this company -- it is missing data. Flag was JUDGED on the 7 row(s) that compute.",1.0,-0.01,per_source
,PROF,1 check(s),"uInterestCoverage: 6 of 8 available rows are not computable AND report a positive `totalDebt` on the SAME row, so the refusal cannot mean the flag is inapplicable to this company -- it is missing data. Flag was ABSTAINED -- 2 row(s) is under the 6-row partial-window floor.",6.0,-0.06,per_source
,PRTA,1 check(s),"uInterestCoverage: 8 of 8 available rows are not computable AND report a positive `totalDebt` on the SAME row, so the refusal cannot mean the flag is inapplicable to this company -- it is missing data. Flag was ABSTAINED -- 0 row(s) is under the 6-row partial-window floor.",8.0,-0.08,per_source
,PRX.AS,1 check(s),"uInterestCoverage: 4 of 8 available rows are not computable AND report a positive `totalDebt` on the SAME row, so the refusal cannot mean the flag is inapplicable to this company -- it is missing data. Flag was ABSTAINED -- 4 row(s) is under the 6-row partial-window floor.",4.0,-0.04,per_source
,PSI.TO,3 check(s),"no usable vendor data for: gross margin (GMI) | the Beneish M-score could not be formed for this name, so the manipulation assessment is ABSENT -- not clean: no usable vendor data for: gross margin (GMI) | uInterestCoverage: 6 of 8 available rows are not computable AND report a positive `totalDebt` on the SAME row, so the refusal cannot mean the flag is inapplicable to this company -- it is missing data. Flag was ABSTAINED -- 2 row(s) is under the 6-row partial-window floor.",8.0,-0.08,per_source
,PTEC.L,2 check(s),"no usable vendor data for: gross margin (GMI) | the Beneish M-score could not be formed for this name, so the manipulation assessment is ABSENT -- not clean: no usable vendor data for: gross margin (GMI)",2.0,-0.02,per_source
,PTM.TO,2 check(s),"no usable vendor data for: receivables days (DSRI), gross margin (GMI), asset quality (AQI), sales growth (SGI), depreciation rate (DEPI), SG&A intensity (SGAI) | the Beneish M-score could not be formed for this name, so the manipulation assessment is ABSENT -- not clean: no usable vendor data for: receivables days (DSRI), gross margin (GMI), asset quality (AQI), sales growth (SGI), depreciation rate (DEPI), SG&A intensity (SGAI)",4.0,-0.04,per_source
,PYPD,1 check(s),"uInterestCoverage: 3 of 8 available rows are not computable AND report a positive `totalDebt` on the SAME row, so the refusal cannot mean the flag is inapplicable to this company -- it is missing data. Flag was ABSTAINED -- 5 row(s) is under the 6-row partial-window floor.",3.0,-0.03,per_source
,PZA.TO,2 check(s),"no usable vendor data for: gross margin (GMI), depreciation rate (DEPI) | the Beneish M-score could not be formed for this name, so the manipulation assessment is ABSENT -- not clean: no usable vendor data for: gross margin (GMI), depreciation rate (DEPI)",3.0,-0.03,per_source
,QEC.TO,3 check(s),"no usable vendor data for: gross margin (GMI) | the Beneish M-score could not be formed for this name, so the manipulation assessment is ABSENT -- not clean: no usable vendor data for: gross margin (GMI) | uInterestCoverage: 5 of 8 available rows are not computable AND report a positive `totalDebt` on the SAME row, so the refusal cannot mean the flag is inapplicable to this company -- it is missing data. Flag was ABSTAINED -- 3 row(s) is under the 6-row partial-window floor.",7.0,-0.07,per_source
,QLYS,1 check(s),"uInterestCoverage: 8 of 8 available rows are not computable AND report a positive `totalDebt` on the SAME row, so the refusal cannot mean the flag is inapplicable to this company -- it is missing data. Flag was ABSTAINED -- 0 row(s) is under the 6-row partial-window floor.",8.0,-0.08,per_source
,QSI,1 check(s),"uInterestCoverage: 8 of 8 available rows are not computable AND report a positive `totalDebt` on the SAME row, so the refusal cannot mean the flag is inapplicable to this company -- it is missing data. Flag was ABSTAINED -- 0 row(s) is under the 6-row partial-window floor.",8.0,-0.08,per_source
,RAND.AS,1 check(s),"uInterestCoverage: 1 of 8 available rows are not computable AND report a positive `totalDebt` on the SAME row, so the refusal cannot mean the flag is inapplicable to this company -- it is missing data. Flag was JUDGED on the 7 row(s) that compute.",1.0,-0.01,per_source
,RAY.TO,2 check(s),"no usable vendor data for: gross margin (GMI) | the Beneish M-score could not be formed for this name, so the manipulation assessment is ABSENT -- not clean: no usable vendor data for: gross margin (GMI)",2.0,-0.02,per_source
,RBO.PA,1 check(s),"uInterestCoverage: 1 of 8 available rows are not computable AND report a positive `totalDebt` on the SAME row, so the refusal cannot mean the flag is inapplicable to this company -- it is missing data. Flag was JUDGED on the 7 row(s) that compute.",1.0,-0.01,per_source
,RBT.PA,2 check(s),"no usable vendor data for: SG&A intensity (SGAI) | the Beneish M-score could not be formed for this name, so the manipulation assessment is ABSENT -- not clean: no usable vendor data for: SG&A intensity (SGAI)",2.0,-0.02,per_source
,RCAT,1 check(s),"uInterestCoverage: 8 of 8 available rows are not computable AND report a positive `totalDebt` on the SAME row, so the refusal cannot mean the flag is inapplicable to this company -- it is missing data. Flag was ABSTAINED -- 0 row(s) is under the 6-row partial-window floor.",8.0,-0.08,per_source
,RCH.TO,2 check(s),"no usable vendor data for: SG&A intensity (SGAI) | the Beneish M-score could not be formed for this name, so the manipulation assessment is ABSENT -- not clean: no usable vendor data for: SG&A intensity (SGAI)",2.0,-0.02,per_source
,RDVT,1 check(s),"uInterestCoverage: 8 of 8 available rows are not computable AND report a positive `totalDebt` on the SAME row, so the refusal cannot mean the flag is inapplicable to this company -- it is missing data. Flag was ABSTAINED -- 0 row(s) is under the 6-row partial-window floor.",8.0,-0.08,per_source
,RDWR,1 check(s),"uInterestCoverage: 8 of 8 available rows are not computable AND report a positive `totalDebt` on the SAME row, so the refusal cannot mean the flag is inapplicable to this company -- it is missing data. Flag was ABSTAINED -- 0 row(s) is under the 6-row partial-window floor.",8.0,-0.08,per_source
,RF.PA,1 check(s),"uInterestCoverage: 3 of 8 available rows are not computable AND report a positive `totalDebt` on the SAME row, so the refusal cannot mean the flag is inapplicable to this company -- it is missing data. Flag was ABSTAINED -- 5 row(s) is under the 6-row partial-window floor.",3.0,-0.03,per_source
,RGTI,3 check(s),"no usable vendor data for: gross margin (GMI), SG&A intensity (SGAI) | the Beneish M-score could not be formed for this name, so the manipulation assessment is ABSENT -- not clean: no usable vendor data for: gross margin (GMI), SG&A intensity (SGAI) | uInterestCoverage: 6 of 8 available rows are not computable AND report a positive `totalDebt` on the SAME row, so the refusal cannot mean the flag is inapplicable to this company -- it is missing data. Flag was ABSTAINED -- 2 row(s) is under the 6-row partial-window floor.",9.0,-0.09,per_source
,RIG,1 check(s),"uInterestCoverage: 1 of 8 available rows are not computable AND report a positive `totalDebt` on the SAME row, so the refusal cannot mean the flag is inapplicable to this company -- it is missing data. Flag was JUDGED on the 7 row(s) that compute.",1.0,-0.01,per_source
,RIO.TO,2 check(s),"no usable vendor data for: receivables days (DSRI), gross margin (GMI), sales growth (SGI), depreciation rate (DEPI), SG&A intensity (SGAI) | the Beneish M-score could not be formed for this name, so the manipulation assessment is ABSENT -- not clean: no usable vendor data for: receivables days (DSRI), gross margin (GMI), sales growth (SGI), depreciation rate (DEPI), SG&A intensity (SGAI)",4.0,-0.04,per_source
,RJF,1 check(s),"uInterestCoverage: 1 of 8 available rows are not computable AND report a positive `totalDebt` on the SAME row, so the refusal cannot mean the flag is inapplicable to this company -- it is missing data. Flag was JUDGED on the 7 row(s) that compute.",1.0,-0.01,per_source
,RMV.L,2 check(s),"no usable vendor data for: gross margin (GMI) | the Beneish M-score could not be formed for this name, so the manipulation assessment is ABSENT -- not clean: no usable vendor data for: gross margin (GMI)",2.0,-0.02,per_source
,RNK.L,1 check(s),"uInterestCoverage: 1 of 8 available rows are not computable AND report a positive `totalDebt` on the SAME row, so the refusal cannot mean the flag is inapplicable to this company -- it is missing data. Flag was JUDGED on the 7 row(s) that compute.",1.0,-0.01,per_source
,ROG,1 check(s),"uInterestCoverage: 1 of 8 available rows are not computable AND report a positive `totalDebt` on the SAME row, so the refusal cannot mean the flag is inapplicable to this company -- it is missing data. Flag was JUDGED on the 7 row(s) that compute.",1.0,-0.01,per_source
,RSI,1 check(s),"uInterestCoverage: 7 of 8 available rows are not computable AND report a positive `totalDebt` on the SAME row, so the refusal cannot mean the flag is inapplicable to this company -- it is missing data. Flag was ABSTAINED -- 1 row(s) is under the 6-row partial-window floor.",7.0,-0.07,per_source
,RTG.TO,2 check(s),"no usable vendor data for: receivables days (DSRI), gross margin (GMI), asset quality (AQI), sales growth (SGI), SG&A intensity (SGAI) | the Beneish M-score could not be formed for this name, so the manipulation assessment is ABSENT -- not clean: no usable vendor data for: receivables days (DSRI), gross margin (GMI), asset quality (AQI), sales growth (SGI), SG&A intensity (SGAI)",4.0,-0.04,per_source
,RXL.PA,1 check(s),"uInterestCoverage: 4 of 8 available rows are not computable AND report a positive `totalDebt` on the SAME row, so the refusal cannot mean the flag is inapplicable to this company -- it is missing data. Flag was ABSTAINED -- 4 row(s) is under the 6-row partial-window floor.",4.0,-0.04,per_source
,S.TO,2 check(s),"no usable vendor data for: gross margin (GMI) | the Beneish M-score could not be formed for this name, so the manipulation assessment is ABSENT -- not clean: no usable vendor data for: gross margin (GMI)",2.0,-0.02,per_source
,SA,2 check(s),"no usable vendor data for: receivables days (DSRI), gross margin (GMI), sales growth (SGI), depreciation rate (DEPI), SG&A intensity (SGAI) | the Beneish M-score could not be formed for this name, so the manipulation assessment is ABSENT -- not clean: no usable vendor data for: receivables days (DSRI), gross margin (GMI), sales growth (SGI), depreciation rate (DEPI), SG&A intensity (SGAI)",4.0,-0.04,per_source
,SABE.PA,3 check(s),"no usable vendor data for: gross margin (GMI), SG&A intensity (SGAI) | the Beneish M-score could not be formed for this name, so the manipulation assessment is ABSENT -- not clean: no usable vendor data for: gross margin (GMI), SG&A intensity (SGAI) | uInterestCoverage: 1 of 8 available rows are not computable AND report a positive `totalDebt` on the SAME row, so the refusal cannot mean the flag is inapplicable to this company -- it is missing data. Flag was JUDGED on the 7 row(s) that compute.",4.0,-0.04,per_source
,SACI.PA,3 check(s),"no usable vendor data for: gross margin (GMI) | the Beneish M-score could not be formed for this name, so the manipulation assessment is ABSENT -- not clean: no usable vendor data for: gross margin (GMI) | uInterestCoverage: 4 of 8 available rows are not computable AND report a positive `totalDebt` on the SAME row, so the refusal cannot mean the flag is inapplicable to this company -- it is missing data. Flag was ABSTAINED -- 4 row(s) is under the 6-row partial-window floor.",6.0,-0.06,per_source
,SAP.TO,2 check(s),"no usable vendor data for: SG&A intensity (SGAI) | the Beneish M-score could not be formed for this name, so the manipulation assessment is ABSENT -- not clean: no usable vendor data for: SG&A intensity (SGAI)",2.0,-0.02,per_source
,SAU.TO,2 check(s),"no usable vendor data for: receivables days (DSRI), gross margin (GMI), sales growth (SGI), SG&A intensity (SGAI) | the Beneish M-score could not be formed for this name, so the manipulation assessment is ABSENT -- not clean: no usable vendor data for: receivables days (DSRI), gross margin (GMI), sales growth (SGI), SG&A intensity (SGAI)",4.0,-0.04,per_source
,SBMO.AS,1 check(s),"uInterestCoverage: 4 of 8 available rows are not computable AND report a positive `totalDebt` on the SAME row, so the refusal cannot mean the flag is inapplicable to this company -- it is missing data. Flag was ABSTAINED -- 4 row(s) is under the 6-row partial-window floor.",4.0,-0.04,per_source
,SBRA,1 check(s),"reitEbitdaInterestCoverage: 1 of 8 available rows are not computable AND report a positive `totalDebt` on the SAME row, so the refusal cannot mean the flag is inapplicable to this company -- it is missing data. Flag was JUDGED on the 7 row(s) that compute.",1.0,-0.01,per_source
,SBT.PA,2 check(s),"no usable vendor data for: SG&A intensity (SGAI) | the Beneish M-score could not be formed for this name, so the manipulation assessment is ABSENT -- not clean: no usable vendor data for: SG&A intensity (SGAI)",2.0,-0.02,per_source
,SCR.TO,2 check(s),"no usable vendor data for: asset quality (AQI) | the Beneish M-score could not be formed for this name, so the manipulation assessment is ABSENT -- not clean: no usable vendor data for: asset quality (AQI)",2.0,-0.02,per_source
,SCYX,3 check(s),"no usable vendor data for: gross margin (GMI) | the Beneish M-score could not be formed for this name, so the manipulation assessment is ABSENT -- not clean: no usable vendor data for: gross margin (GMI) | uInterestCoverage: 5 of 8 available rows are not computable AND report a positive `totalDebt` on the SAME row, so the refusal cannot mean the flag is inapplicable to this company -- it is missing data. Flag was ABSTAINED -- 3 row(s) is under the 6-row partial-window floor.",7.0,-0.07,per_source
,SD,1 check(s),"uInterestCoverage: 1 of 8 available rows are not computable AND report a positive `totalDebt` on the SAME row, so the refusal cannot mean the flag is inapplicable to this company -- it is missing data. Flag was ABSTAINED -- 1 row(s) is under the 6-row partial-window floor.",1.0,-0.01,per_source
,SDE.TO,1 check(s),"uInterestCoverage: 1 of 8 available rows are not computable AND report a positive `totalDebt` on the SAME row, so the refusal cannot mean the flag is inapplicable to this company -- it is missing data. Flag was JUDGED on the 7 row(s) that compute.",1.0,-0.01,per_source
,SDG.PA,3 check(s),"no usable vendor data for: SG&A intensity (SGAI) | the Beneish M-score could not be formed for this name, so the manipulation assessment is ABSENT -- not clean: no usable vendor data for: SG&A intensity (SGAI) | uInterestCoverage: 1 of 8 available rows are not computable AND report a positive `totalDebt` on the SAME row, so the refusal cannot mean the flag is inapplicable to this company -- it is missing data. Flag was JUDGED on the 7 row(s) that compute.",3.0,-0.03,per_source
,SDRL,2 check(s),"no usable vendor data for: SG&A intensity (SGAI) | the Beneish M-score could not be formed for this name, so the manipulation assessment is ABSENT -- not clean: no usable vendor data for: SG&A intensity (SGAI)",2.0,-0.02,per_source
,SEER,1 check(s),"uInterestCoverage: 8 of 8 available rows are not computable AND report a positive `totalDebt` on the SAME row, so the refusal cannot mean the flag is inapplicable to this company -- it is missing data. Flag was ABSTAINED -- 0 row(s) is under the 6-row partial-window floor.",8.0,-0.08,per_source
,SES.TO,1 check(s),"the Beneish M-score could not be formed for this name, so the manipulation assessment is ABSENT -- not clean: fewer than half the trailing-year periods are computable (1 of 4), so the mean would not be a trailing-year mean",1.0,-0.01,per_source
,SFIX,1 check(s),"uInterestCoverage: 8 of 8 available rows are not computable AND report a positive `totalDebt` on the SAME row, so the refusal cannot mean the flag is inapplicable to this company -- it is missing data. Flag was ABSTAINED -- 0 row(s) is under the 6-row partial-window floor.",8.0,-0.08,per_source
,SFPI.PA,2 check(s),"no usable vendor data for: SG&A intensity (SGAI) | the Beneish M-score could not be formed for this name, so the manipulation assessment is ABSENT -- not clean: no usable vendor data for: SG&A intensity (SGAI)",2.0,-0.02,per_source
,SGD.TO,2 check(s),"no usable vendor data for: receivables days (DSRI), gross margin (GMI), asset quality (AQI), sales growth (SGI), SG&A intensity (SGAI) | the Beneish M-score could not be formed for this name, so the manipulation assessment is ABSENT -- not clean: no usable vendor data for: receivables days (DSRI), gross margin (GMI), asset quality (AQI), sales growth (SGI), SG&A intensity (SGAI)",4.0,-0.04,per_source
,SGHT,1 check(s),"uInterestCoverage: 1 of 8 available rows are not computable AND report a positive `totalDebt` on the SAME row, so the refusal cannot mean the flag is inapplicable to this company -- it is missing data. Flag was JUDGED on the 7 row(s) that compute.",1.0,-0.01,per_source
,SHAK,1 check(s),"the Beneish M-score could not be formed for this name, so the manipulation assessment is ABSENT -- not clean: fewer than half the trailing-year periods are computable (1 of 4), so the mean would not be a trailing-year mean",1.0,-0.01,per_source
,SHOP,1 check(s),"uInterestCoverage: 8 of 8 available rows are not computable AND report a positive `totalDebt` on the SAME row, so the refusal cannot mean the flag is inapplicable to this company -- it is missing data. Flag was ABSTAINED -- 0 row(s) is under the 6-row partial-window floor.",8.0,-0.08,per_source
,SILC,1 check(s),"uInterestCoverage: 8 of 8 available rows are not computable AND report a positive `totalDebt` on the SAME row, so the refusal cannot mean the flag is inapplicable to this company -- it is missing data. Flag was ABSTAINED -- 0 row(s) is under the 6-row partial-window floor.",8.0,-0.08,per_source
,SKE,2 check(s),"no usable vendor data for: receivables days (DSRI), gross margin (GMI), sales growth (SGI), SG&A intensity (SGAI) | the Beneish M-score could not be formed for this name, so the manipulation assessment is ABSENT -- not clean: no usable vendor data for: receivables days (DSRI), gross margin (GMI), sales growth (SGI), SG&A intensity (SGAI)",4.0,-0.04,per_source
,SLVR.TO,2 check(s),"no usable vendor data for: receivables days (DSRI), gross margin (GMI), asset quality (AQI), sales growth (SGI), depreciation rate (DEPI), SG&A intensity (SGAI) | the Beneish M-score could not be formed for this name, so the manipulation assessment is ABSENT -- not clean: no usable vendor data for: receivables days (DSRI), gross margin (GMI), asset quality (AQI), sales growth (SGI), depreciation rate (DEPI), SG&A intensity (SGAI)",4.0,-0.04,per_source
,SMIN.L,2 check(s),"no usable vendor data for: gross margin (GMI) | the Beneish M-score could not be formed for this name, so the manipulation assessment is ABSENT -- not clean: no usable vendor data for: gross margin (GMI)",2.0,-0.02,per_source
,SMMT,1 check(s),"uInterestCoverage: 6 of 8 available rows are not computable AND report a positive `totalDebt` on the SAME row, so the refusal cannot mean the flag is inapplicable to this company -- it is missing data. Flag was ABSTAINED -- 2 row(s) is under the 6-row partial-window floor.",6.0,-0.06,per_source
,SND,2 check(s),"no usable vendor data for: SG&A intensity (SGAI) | the Beneish M-score could not be formed for this name, so the manipulation assessment is ABSENT -- not clean: no usable vendor data for: SG&A intensity (SGAI)",2.0,-0.02,per_source
,SNR.L,2 check(s),"no usable vendor data for: SG&A intensity (SGAI) | the Beneish M-score could not be formed for this name, so the manipulation assessment is ABSENT -- not clean: no usable vendor data for: SG&A intensity (SGAI)",2.0,-0.02,per_source
,SNT,1 check(s),"uInterestCoverage: 4 of 8 available rows are not computable AND report a positive `totalDebt` on the SAME row, so the refusal cannot mean the flag is inapplicable to this company -- it is missing data. Flag was ABSTAINED -- 4 row(s) is under the 6-row partial-window floor.",4.0,-0.04,per_source
,SNY,2 check(s),"the Beneish M-score could not be formed for this name, so the manipulation assessment is ABSENT -- not clean: fewer than half the trailing-year periods are computable (1 of 4), so the mean would not be a trailing-year mean | uInterestCoverage: 1 of 8 available rows are not computable AND report a positive `totalDebt` on the SAME row, so the refusal cannot mean the flag is inapplicable to this company -- it is missing data. Flag was JUDGED on the 7 row(s) that compute.",2.0,-0.02,per_source
,SOC,1 check(s),"uInterestCoverage: 1 of 8 available rows are not computable AND report a positive `totalDebt` on the SAME row, so the refusal cannot mean the flag is inapplicable to this company -- it is missing data. Flag was JUDGED on the 7 row(s) that compute.",1.0,-0.01,per_source
,SPRY,1 check(s),"uInterestCoverage: 6 of 8 available rows are not computable AND report a positive `totalDebt` on the SAME row, so the refusal cannot mean the flag is inapplicable to this company -- it is missing data. Flag was ABSTAINED -- 2 row(s) is under the 6-row partial-window floor.",6.0,-0.06,per_source
,SPSC,1 check(s),"uInterestCoverage: 8 of 8 available rows are not computable AND report a positive `totalDebt` on the SAME row, so the refusal cannot mean the flag is inapplicable to this company -- it is missing data. Flag was ABSTAINED -- 0 row(s) is under the 6-row partial-window floor.",8.0,-0.08,per_source
,SRP.PA,2 check(s),"no usable vendor data for: gross margin (GMI) | the Beneish M-score could not be formed for this name, so the manipulation assessment is ABSENT -- not clean: no usable vendor data for: gross margin (GMI)",2.0,-0.02,per_source
,SRTA,1 check(s),"uInterestCoverage: 8 of 8 available rows are not computable AND report a positive `totalDebt` on the SAME row, so the refusal cannot mean the flag is inapplicable to this company -- it is missing data. Flag was ABSTAINED -- 0 row(s) is under the 6-row partial-window floor.",8.0,-0.08,per_source
,STCM.L,2 check(s),"no usable vendor data for: asset quality (AQI) | the Beneish M-score could not be formed for this name, so the manipulation assessment is ABSENT -- not clean: no usable vendor data for: asset quality (AQI)",2.0,-0.02,per_source
,STGO.TO,2 check(s),"no usable vendor data for: asset quality (AQI) | the Beneish M-score could not be formed for this name, so the manipulation assessment is ABSENT -- not clean: no usable vendor data for: asset quality (AQI)",2.0,-0.02,per_source
,STLR.TO,2 check(s),"no usable vendor data for: receivables days (DSRI), gross margin (GMI), sales growth (SGI), depreciation rate (DEPI), SG&A intensity (SGAI) | the Beneish M-score could not be formed for this name, so the manipulation assessment is ABSENT -- not clean: no usable vendor data for: receivables days (DSRI), gross margin (GMI), sales growth (SGI), depreciation rate (DEPI), SG&A intensity (SGAI)",4.0,-0.04,per_source
,STN.TO,1 check(s),"uInterestCoverage: 1 of 8 available rows are not computable AND report a positive `totalDebt` on the SAME row, so the refusal cannot mean the flag is inapplicable to this company -- it is missing data. Flag was JUDGED on the 7 row(s) that compute.",1.0,-0.01,per_source
,STVG.L,2 check(s),"no usable vendor data for: SG&A intensity (SGAI) | the Beneish M-score could not be formed for this name, so the manipulation assessment is ABSENT -- not clean: no usable vendor data for: SG&A intensity (SGAI)",2.0,-0.02,per_source
,SVA.TO,1 check(s),"uInterestCoverage: 1 of 8 available rows are not computable AND report a positive `totalDebt` on the SAME row, so the refusal cannot mean the flag is inapplicable to this company -- it is missing data. Flag was JUDGED on the 7 row(s) that compute.",1.0,-0.01,per_source
,SXP.TO,2 check(s),"no usable vendor data for: gross margin (GMI) | the Beneish M-score could not be formed for this name, so the manipulation assessment is ABSENT -- not clean: no usable vendor data for: gross margin (GMI)",2.0,-0.02,per_source
,SYY,2 check(s),"no usable vendor data for: SG&A intensity (SGAI) | the Beneish M-score could not be formed for this name, so the manipulation assessment is ABSENT -- not clean: no usable vendor data for: SG&A intensity (SGAI)",2.0,-0.02,per_source
,TAL.TO,1 check(s),"uInterestCoverage: 1 of 8 available rows are not computable AND report a positive `totalDebt` on the SAME row, so the refusal cannot mean the flag is inapplicable to this company -- it is missing data. Flag was JUDGED on the 7 row(s) that compute.",1.0,-0.01,per_source
,TALK,1 check(s),"the Beneish M-score could not be formed for this name, so the manipulation assessment is ABSENT -- not clean: fewer than half the trailing-year periods are computable (1 of 4), so the mean would not be a trailing-year mean",1.0,-0.01,per_source
,TARA,1 check(s),"uInterestCoverage: 8 of 8 available rows are not computable AND report a positive `totalDebt` on the SAME row, so the refusal cannot mean the flag is inapplicable to this company -- it is missing data. Flag was ABSTAINED -- 0 row(s) is under the 6-row partial-window floor.",8.0,-0.08,per_source
,TATE.L,2 check(s),"no usable vendor data for: gross margin (GMI), SG&A intensity (SGAI) | the Beneish M-score could not be formed for this name, so the manipulation assessment is ABSENT -- not clean: no usable vendor data for: gross margin (GMI), SG&A intensity (SGAI)",3.0,-0.03,per_source
,TCW.TO,1 check(s),"the Beneish M-score could not be formed for this name, so the manipulation assessment is ABSENT -- not clean: fewer than half the trailing-year periods are computable (1 of 4), so the mean would not be a trailing-year mean",1.0,-0.01,per_source
,TCX,1 check(s),"uInterestCoverage: 1 of 8 available rows are not computable AND report a positive `totalDebt` on the SAME row, so the refusal cannot mean the flag is inapplicable to this company -- it is missing data. Flag was JUDGED on the 7 row(s) that compute.",1.0,-0.01,per_source
,TE,1 check(s),"uInterestCoverage: 3 of 8 available rows are not computable AND report a positive `totalDebt` on the SAME row, so the refusal cannot mean the flag is inapplicable to this company -- it is missing data. Flag was ABSTAINED -- 5 row(s) is under the 6-row partial-window floor.",3.0,-0.03,per_source
,TE.PA,3 check(s),"no usable vendor data for: gross margin (GMI) | the Beneish M-score could not be formed for this name, so the manipulation assessment is ABSENT -- not clean: no usable vendor data for: gross margin (GMI) | uInterestCoverage: 3 of 8 available rows are not computable AND report a positive `totalDebt` on the SAME row, so the refusal cannot mean the flag is inapplicable to this company -- it is missing data. Flag was ABSTAINED -- 5 row(s) is under the 6-row partial-window floor.",5.0,-0.05,per_source
,TEL,1 check(s),"uInterestCoverage: 1 of 8 available rows are not computable AND report a positive `totalDebt` on the SAME row, so the refusal cannot mean the flag is inapplicable to this company -- it is missing data. Flag was JUDGED on the 7 row(s) that compute.",1.0,-0.01,per_source
,TFI.PA,3 check(s),"no usable vendor data for: SG&A intensity (SGAI) | the Beneish M-score could not be formed for this name, so the manipulation assessment is ABSENT -- not clean: no usable vendor data for: SG&A intensity (SGAI) | uInterestCoverage: 1 of 8 available rows are not computable AND report a positive `totalDebt` on the SAME row, so the refusal cannot mean the flag is inapplicable to this company -- it is missing data. Flag was JUDGED on the 7 row(s) that compute.",3.0,-0.03,per_source
,TFII,2 check(s),"no usable vendor data for: SG&A intensity (SGAI) | the Beneish M-score could not be formed for this name, so the manipulation assessment is ABSENT -- not clean: no usable vendor data for: SG&A intensity (SGAI)",2.0,-0.02,per_source
,TFPM,2 check(s),"no usable vendor data for: receivables days (DSRI) | the Beneish M-score could not be formed for this name, so the manipulation assessment is ABSENT -- not clean: no usable vendor data for: receivables days (DSRI)",2.0,-0.02,per_source
,TFW.L,3 check(s),"no usable vendor data for: gross margin (GMI), SG&A intensity (SGAI) | the Beneish M-score could not be formed for this name, so the manipulation assessment is ABSENT -- not clean: no usable vendor data for: gross margin (GMI), SG&A intensity (SGAI) | uInterestCoverage: 1 of 8 available rows are not computable AND report a positive `totalDebt` on the SAME row, so the refusal cannot mean the flag is inapplicable to this company -- it is missing data. Flag was JUDGED on the 7 row(s) that compute.",4.0,-0.04,per_source
,TGA.L,2 check(s),"no usable vendor data for: SG&A intensity (SGAI) | the Beneish M-score could not be formed for this name, so the manipulation assessment is ABSENT -- not clean: no usable vendor data for: SG&A intensity (SGAI)",2.0,-0.02,per_source
,THEP.PA,2 check(s),"no usable vendor data for: SG&A intensity (SGAI) | the Beneish M-score could not be formed for this name, so the manipulation assessment is ABSENT -- not clean: no usable vendor data for: SG&A intensity (SGAI)",2.0,-0.02,per_source
,THNC.TO,1 check(s),"uInterestCoverage: 8 of 8 available rows are not computable AND report a positive `totalDebt` on the SAME row, so the refusal cannot mean the flag is inapplicable to this company -- it is missing data. Flag was ABSTAINED -- 0 row(s) is under the 6-row partial-window floor.",8.0,-0.08,per_source
,TI.TO,2 check(s),"no usable vendor data for: gross margin (GMI) | the Beneish M-score could not be formed for this name, so the manipulation assessment is ABSENT -- not clean: no usable vendor data for: gross margin (GMI)",2.0,-0.02,per_source
,TIG.L,1 check(s),"uInterestCoverage: 2 of 8 available rows are not computable AND report a positive `totalDebt` on the SAME row, so the refusal cannot mean the flag is inapplicable to this company -- it is missing data. Flag was JUDGED on the 6 row(s) that compute.",2.0,-0.02,per_source
,TKO.L,2 check(s),"no usable vendor data for: gross margin (GMI) | the Beneish M-score could not be formed for this name, so the manipulation assessment is ABSENT -- not clean: no usable vendor data for: gross margin (GMI)",2.0,-0.02,per_source
,TLG.TO,2 check(s),"no usable vendor data for: receivables days (DSRI), gross margin (GMI), sales growth (SGI), SG&A intensity (SGAI) | the Beneish M-score could not be formed for this name, so the manipulation assessment is ABSENT -- not clean: no usable vendor data for: receivables days (DSRI), gross margin (GMI), sales growth (SGI), SG&A intensity (SGAI)",4.0,-0.04,per_source
,TLO.TO,2 check(s),"no usable vendor data for: receivables days (DSRI), gross margin (GMI), asset quality (AQI), sales growth (SGI), depreciation rate (DEPI), SG&A intensity (SGAI) | the Beneish M-score could not be formed for this name, so the manipulation assessment is ABSENT -- not clean: no usable vendor data for: receivables days (DSRI), gross margin (GMI), asset quality (AQI), sales growth (SGI), depreciation rate (DEPI), SG&A intensity (SGAI)",4.0,-0.04,per_source
,TMI.L,3 check(s),"no usable vendor data for: receivables days (DSRI), gross margin (GMI), SG&A intensity (SGAI) | the Beneish M-score could not be formed for this name, so the manipulation assessment is ABSENT -- not clean: no usable vendor data for: receivables days (DSRI), gross margin (GMI), SG&A intensity (SGAI) | uInterestCoverage: 1 of 8 available rows are not computable AND report a positive `totalDebt` on the SAME row, so the refusal cannot mean the flag is inapplicable to this company -- it is missing data. Flag was ABSTAINED -- 1 row(s) is under the 6-row partial-window floor.",5.0,-0.05,per_source
,TMQ.TO,2 check(s),"no usable vendor data for: receivables days (DSRI), gross margin (GMI), sales growth (SGI), SG&A intensity (SGAI) | the Beneish M-score could not be formed for this name, so the manipulation assessment is ABSENT -- not clean: no usable vendor data for: receivables days (DSRI), gross margin (GMI), sales growth (SGI), SG&A intensity (SGAI)",4.0,-0.04,per_source
,TNG.PA,1 check(s),"uInterestCoverage: 3 of 8 available rows are not computable AND report a positive `totalDebt` on the SAME row, so the refusal cannot mean the flag is inapplicable to this company -- it is missing data. Flag was ABSTAINED -- 5 row(s) is under the 6-row partial-window floor.",3.0,-0.03,per_source
,TNZ.TO,3 check(s),"no usable vendor data for: gross margin (GMI) | the Beneish M-score could not be formed for this name, so the manipulation assessment is ABSENT -- not clean: no usable vendor data for: gross margin (GMI) | uInterestCoverage: 1 of 8 available rows are not computable AND report a positive `totalDebt` on the SAME row, so the refusal cannot mean the flag is inapplicable to this company -- it is missing data. Flag was JUDGED on the 7 row(s) that compute.",3.0,-0.03,per_source
,TOM2.AS,1 check(s),"uInterestCoverage: 6 of 8 available rows are not computable AND report a positive `totalDebt` on the SAME row, so the refusal cannot mean the flag is inapplicable to this company -- it is missing data. Flag was ABSTAINED -- 2 row(s) is under the 6-row partial-window floor.",6.0,-0.06,per_source
,TONX,3 check(s),"no usable vendor data for: receivables days (DSRI) | the Beneish M-score could not be formed for this name, so the manipulation assessment is ABSENT -- not clean: no usable vendor data for: receivables days (DSRI) | uInterestCoverage: 5 of 8 available rows are not computable AND report a positive `totalDebt` on the SAME row, so the refusal cannot mean the flag is inapplicable to this company -- it is missing data. Flag was ABSTAINED -- 3 row(s) is under the 6-row partial-window floor.",7.0,-0.07,per_source
,TOP,1 check(s),"uInterestCoverage: 8 of 8 available rows are not computable AND report a positive `totalDebt` on the SAME row, so the refusal cannot mean the flag is inapplicable to this company -- it is missing data. Flag was ABSTAINED -- 0 row(s) is under the 6-row partial-window floor.",8.0,-0.08,per_source
,TORO,2 check(s),"no usable vendor data for: gross margin (GMI) | the Beneish M-score could not be formed for this name, so the manipulation assessment is ABSENT -- not clean: no usable vendor data for: gross margin (GMI)",2.0,-0.02,per_source
,TOT.TO,3 check(s),"no usable vendor data for: asset quality (AQI) | the Beneish M-score could not be formed for this name, so the manipulation assessment is ABSENT -- not clean: no usable vendor data for: asset quality (AQI) | uInterestCoverage: 1 of 8 available rows are not computable AND report a positive `totalDebt` on the SAME row, so the refusal cannot mean the flag is inapplicable to this company -- it is missing data. Flag was JUDGED on the 7 row(s) that compute.",3.0,-0.03,per_source
,TPX-B.TO,1 check(s),"uInterestCoverage: 2 of 8 available rows are not computable AND report a positive `totalDebt` on the SAME row, so the refusal cannot mean the flag is inapplicable to this company -- it is missing data. Flag was JUDGED on the 6 row(s) that compute.",2.0,-0.02,per_source
,TPZ.TO,2 check(s),"no usable vendor data for: asset quality (AQI) | the Beneish M-score could not be formed for this name, so the manipulation assessment is ABSENT -- not clean: no usable vendor data for: asset quality (AQI)",2.0,-0.02,per_source
,TRGP,1 check(s),"uInterestCoverage: 1 of 8 available rows are not computable AND report a positive `totalDebt` on the SAME row, so the refusal cannot mean the flag is inapplicable to this company -- it is missing data. Flag was JUDGED on the 7 row(s) that compute.",1.0,-0.01,per_source
,TRI.PA,2 check(s),"no usable vendor data for: SG&A intensity (SGAI) | the Beneish M-score could not be formed for this name, so the manipulation assessment is ABSENT -- not clean: no usable vendor data for: SG&A intensity (SGAI)",2.0,-0.02,per_source
,TROW,1 check(s),"uInterestCoverage: 8 of 8 available rows are not computable AND report a positive `totalDebt` on the SAME row, so the refusal cannot mean the flag is inapplicable to this company -- it is missing data. Flag was ABSTAINED -- 0 row(s) is under the 6-row partial-window floor.",8.0,-0.08,per_source
,TRST.L,1 check(s),"uInterestCoverage: 4 of 8 available rows are not computable AND report a positive `totalDebt` on the SAME row, so the refusal cannot mean the flag is inapplicable to this company -- it is missing data. Flag was ABSTAINED -- 4 row(s) is under the 6-row partial-window floor.",4.0,-0.04,per_source
,TSCO,2 check(s),"no usable vendor data for: receivables days (DSRI) | the Beneish M-score could not be formed for this name, so the manipulation assessment is ABSENT -- not clean: no usable vendor data for: receivables days (DSRI)",2.0,-0.02,per_source
,TSEM,1 check(s),"uInterestCoverage: 8 of 8 available rows are not computable AND report a positive `totalDebt` on the SAME row, so the refusal cannot mean the flag is inapplicable to this company -- it is missing data. Flag was ABSTAINED -- 0 row(s) is under the 6-row partial-window floor.",8.0,-0.08,per_source
,TSK.TO,2 check(s),"no usable vendor data for: receivables days (DSRI), gross margin (GMI) | the Beneish M-score could not be formed for this name, so the manipulation assessment is ABSENT -- not clean: no usable vendor data for: receivables days (DSRI), gross margin (GMI)",3.0,-0.03,per_source
,TSL.TO,1 check(s),"the Beneish M-score could not be formed for this name, so the manipulation assessment is ABSENT -- not clean: fewer than half the trailing-year periods are computable (1 of 4), so the mean would not be a trailing-year mean",1.0,-0.01,per_source
,TSM,1 check(s),"uInterestCoverage: 2 of 8 available rows are not computable AND report a positive `totalDebt` on the SAME row, so the refusal cannot mean the flag is inapplicable to this company -- it is missing data. Flag was JUDGED on the 6 row(s) that compute.",2.0,-0.02,per_source
,TTE,2 check(s),"no usable vendor data for: SG&A intensity (SGAI) | the Beneish M-score could not be formed for this name, so the manipulation assessment is ABSENT -- not clean: no usable vendor data for: SG&A intensity (SGAI)",2.0,-0.02,per_source
,TVE.TO,2 check(s),"no usable vendor data for: asset quality (AQI) | the Beneish M-score could not be formed for this name, so the manipulation assessment is ABSENT -- not clean: no usable vendor data for: asset quality (AQI)",2.0,-0.02,per_source
,TVRB.PA,3 check(s),"no usable vendor data for: gross margin (GMI), SG&A intensity (SGAI) | the Beneish M-score could not be formed for this name, so the manipulation assessment is ABSENT -- not clean: no usable vendor data for: gross margin (GMI), SG&A intensity (SGAI) | uInterestCoverage: 5 of 8 available rows are not computable AND report a positive `totalDebt` on the SAME row, so the refusal cannot mean the flag is inapplicable to this company -- it is missing data. Flag was ABSTAINED -- 3 row(s) is under the 6-row partial-window floor.",8.0,-0.08,per_source
,TWC.TO,1 check(s),"uInterestCoverage: 1 of 8 available rows are not computable AND report a positive `totalDebt` on the SAME row, so the refusal cannot mean the flag is inapplicable to this company -- it is missing data. Flag was JUDGED on the 7 row(s) that compute.",1.0,-0.01,per_source
,UBI.PA,1 check(s),"uInterestCoverage: 2 of 8 available rows are not computable AND report a positive `totalDebt` on the SAME row, so the refusal cannot mean the flag is inapplicable to this company -- it is missing data. Flag was JUDGED on the 6 row(s) that compute.",2.0,-0.02,per_source
,UEIC,1 check(s),"uInterestCoverage: 3 of 8 available rows are not computable AND report a positive `totalDebt` on the SAME row, so the refusal cannot mean the flag is inapplicable to this company -- it is missing data. Flag was ABSTAINED -- 5 row(s) is under the 6-row partial-window floor.",3.0,-0.03,per_source
,UGI,3 check(s),"no usable vendor data for: SG&A intensity (SGAI) | the Beneish M-score could not be formed for this name, so the manipulation assessment is ABSENT -- not clean: no usable vendor data for: SG&A intensity (SGAI) | uInterestCoverage: 1 of 8 available rows are not computable AND report a positive `totalDebt` on the SAME row, so the refusal cannot mean the flag is inapplicable to this company -- it is missing data. Flag was JUDGED on the 7 row(s) that compute.",3.0,-0.03,per_source
,UL,1 check(s),"uInterestCoverage: 3 of 8 available rows are not computable AND report a positive `totalDebt` on the SAME row, so the refusal cannot mean the flag is inapplicable to this company -- it is missing data. Flag was ABSTAINED -- 5 row(s) is under the 6-row partial-window floor.",3.0,-0.03,per_source
,UPS,2 check(s),"no usable vendor data for: SG&A intensity (SGAI) | the Beneish M-score could not be formed for this name, so the manipulation assessment is ABSENT -- not clean: no usable vendor data for: SG&A intensity (SGAI)",2.0,-0.02,per_source
,URE.TO,1 check(s),"uInterestCoverage: 2 of 8 available rows are not computable AND report a positive `totalDebt` on the SAME row, so the refusal cannot mean the flag is inapplicable to this company -- it is missing data. Flag was JUDGED on the 6 row(s) that compute.",2.0,-0.02,per_source
,USA.TO,2 check(s),"no usable vendor data for: gross margin (GMI) | the Beneish M-score could not be formed for this name, so the manipulation assessment is ABSENT -- not clean: no usable vendor data for: gross margin (GMI)",2.0,-0.02,per_source
,USAU,2 check(s),"no usable vendor data for: receivables days (DSRI), gross margin (GMI), sales growth (SGI), depreciation rate (DEPI), SG&A intensity (SGAI) | the Beneish M-score could not be formed for this name, so the manipulation assessment is ABSENT -- not clean: no usable vendor data for: receivables days (DSRI), gross margin (GMI), sales growth (SGI), depreciation rate (DEPI), SG&A intensity (SGAI)",4.0,-0.04,per_source
,USIO,2 check(s),"no usable vendor data for: SG&A intensity (SGAI) | the Beneish M-score could not be formed for this name, so the manipulation assessment is ABSENT -- not clean: no usable vendor data for: SG&A intensity (SGAI)",2.0,-0.02,per_source
,USLM,2 check(s),"no usable vendor data for: asset quality (AQI) | the Beneish M-score could not be formed for this name, so the manipulation assessment is ABSENT -- not clean: no usable vendor data for: asset quality (AQI)",2.0,-0.02,per_source
,VBIO,1 check(s),"uInterestCoverage: 3 of 8 available rows are not computable AND report a positive `totalDebt` on the SAME row, so the refusal cannot mean the flag is inapplicable to this company -- it is missing data. Flag was ABSTAINED -- 2 row(s) is under the 6-row partial-window floor.",3.0,-0.03,per_source
,VCT.PA,2 check(s),"no usable vendor data for: gross margin (GMI), SG&A intensity (SGAI) | the Beneish M-score could not be formed for this name, so the manipulation assessment is ABSENT -- not clean: no usable vendor data for: gross margin (GMI), SG&A intensity (SGAI)",3.0,-0.03,per_source
,VCTR,1 check(s),"uInterestCoverage: 1 of 8 available rows are not computable AND report a positive `totalDebt` on the SAME row, so the refusal cannot mean the flag is inapplicable to this company -- it is missing data. Flag was JUDGED on the 7 row(s) that compute.",1.0,-0.01,per_source
,VERU,1 check(s),"uInterestCoverage: 7 of 8 available rows are not computable AND report a positive `totalDebt` on the SAME row, so the refusal cannot mean the flag is inapplicable to this company -- it is missing data. Flag was ABSTAINED -- 1 row(s) is under the 6-row partial-window floor.",7.0,-0.07,per_source
,VGZ.TO,2 check(s),"no usable vendor data for: receivables days (DSRI), gross margin (GMI), asset quality (AQI), sales growth (SGI), SG&A intensity (SGAI) | the Beneish M-score could not be formed for this name, so the manipulation assessment is ABSENT -- not clean: no usable vendor data for: receivables days (DSRI), gross margin (GMI), asset quality (AQI), sales growth (SGI), SG&A intensity (SGAI)",4.0,-0.04,per_source
,VIL.PA,1 check(s),"uInterestCoverage: 1 of 8 available rows are not computable AND report a positive `totalDebt` on the SAME row, so the refusal cannot mean the flag is inapplicable to this company -- it is missing data. Flag was JUDGED on the 7 row(s) that compute.",1.0,-0.01,per_source
,VLN.TO,1 check(s),"uInterestCoverage: 1 of 8 available rows are not computable AND report a positive `totalDebt` on the SAME row, so the refusal cannot mean the flag is inapplicable to this company -- it is missing data. Flag was JUDGED on the 7 row(s) that compute.",1.0,-0.01,per_source
,VMRK,1 check(s),"reitEbitdaInterestCoverage: 3 of 8 available rows are not computable AND report a positive `totalDebt` on the SAME row, so the refusal cannot mean the flag is inapplicable to this company -- it is missing data. Flag was ABSTAINED -- 5 row(s) is under the 6-row partial-window floor.",3.0,-0.03,per_source
,VRRM,1 check(s),"the Beneish M-score could not be formed for this name, so the manipulation assessment is ABSENT -- not clean: fewer than half the trailing-year periods are computable (1 of 4), so the mean would not be a trailing-year mean",1.0,-0.01,per_source
,VSEC,3 check(s),"no usable vendor data for: SG&A intensity (SGAI) | the Beneish M-score could not be formed for this name, so the manipulation assessment is ABSENT -- not clean: no usable vendor data for: SG&A intensity (SGAI) | uInterestCoverage: 1 of 8 available rows are not computable AND report a positive `totalDebt` on the SAME row, so the refusal cannot mean the flag is inapplicable to this company -- it is missing data. Flag was JUDGED on the 7 row(s) that compute.",3.0,-0.03,per_source
,VTEX,1 check(s),"uInterestCoverage: 6 of 8 available rows are not computable AND report a positive `totalDebt` on the SAME row, so the refusal cannot mean the flag is inapplicable to this company -- it is missing data. Flag was ABSTAINED -- 2 row(s) is under the 6-row partial-window floor.",6.0,-0.06,per_source
,VTR.PA,1 check(s),"reitEbitdaInterestCoverage: 3 of 8 available rows are not computable AND report a positive `totalDebt` on the SAME row, so the refusal cannot mean the flag is inapplicable to this company -- it is missing data. Flag was ABSTAINED -- 5 row(s) is under the 6-row partial-window floor.",3.0,-0.03,per_source
,VTVT,1 check(s),"uInterestCoverage: 4 of 8 available rows are not computable AND report a positive `totalDebt` on the SAME row, so the refusal cannot mean the flag is inapplicable to this company -- it is missing data. Flag was ABSTAINED -- 2 row(s) is under the 6-row partial-window floor.",4.0,-0.04,per_source
,VU.PA,1 check(s),"uInterestCoverage: 1 of 8 available rows are not computable AND report a positive `totalDebt` on the SAME row, so the refusal cannot mean the flag is inapplicable to this company -- it is missing data. Flag was JUDGED on the 7 row(s) that compute.",1.0,-0.01,per_source
,WAVE,1 check(s),"uInterestCoverage: 1 of 8 available rows are not computable AND report a positive `totalDebt` on the SAME row, so the refusal cannot mean the flag is inapplicable to this company -- it is missing data. Flag was JUDGED on the 7 row(s) that compute.",1.0,-0.01,per_source
,WAVE.PA,1 check(s),"uInterestCoverage: 1 of 8 available rows are not computable AND report a positive `totalDebt` on the SAME row, so the refusal cannot mean the flag is inapplicable to this company -- it is missing data. Flag was JUDGED on the 7 row(s) that compute.",1.0,-0.01,per_source
,WEF.TO,2 check(s),"no usable vendor data for: gross margin (GMI) | the Beneish M-score could not be formed for this name, so the manipulation assessment is ABSENT -- not clean: no usable vendor data for: gross margin (GMI)",2.0,-0.02,per_source
,WFG,2 check(s),"no usable vendor data for: gross margin (GMI) | the Beneish M-score could not be formed for this name, so the manipulation assessment is ABSENT -- not clean: no usable vendor data for: gross margin (GMI)",2.0,-0.02,per_source
,WHA.AS,1 check(s),"reitEbitdaInterestCoverage: 4 of 8 available rows are not computable AND report a positive `totalDebt` on the SAME row, so the refusal cannot mean the flag is inapplicable to this company -- it is missing data. Flag was ABSTAINED -- 4 row(s) is under the 6-row partial-window floor.",4.0,-0.04,per_source
,WHWK,1 check(s),"uInterestCoverage: 1 of 8 available rows are not computable AND report a positive `totalDebt` on the SAME row, so the refusal cannot mean the flag is inapplicable to this company -- it is missing data. Flag was ABSTAINED -- 1 row(s) is under the 6-row partial-window floor.",1.0,-0.01,per_source
,WIT,1 check(s),"uInterestCoverage: 1 of 8 available rows are not computable AND report a positive `totalDebt` on the SAME row, so the refusal cannot mean the flag is inapplicable to this company -- it is missing data. Flag was JUDGED on the 7 row(s) that compute.",1.0,-0.01,per_source
,WM.TO,2 check(s),"no usable vendor data for: receivables days (DSRI), gross margin (GMI), sales growth (SGI), depreciation rate (DEPI), SG&A intensity (SGAI) | the Beneish M-score could not be formed for this name, so the manipulation assessment is ABSENT -- not clean: no usable vendor data for: receivables days (DSRI), gross margin (GMI), sales growth (SGI), depreciation rate (DEPI), SG&A intensity (SGAI)",4.0,-0.04,per_source
,WRBY,1 check(s),"uInterestCoverage: 8 of 8 available rows are not computable AND report a positive `totalDebt` on the SAME row, so the refusal cannot mean the flag is inapplicable to this company -- it is missing data. Flag was ABSTAINED -- 0 row(s) is under the 6-row partial-window floor.",8.0,-0.08,per_source
,WRG.TO,2 check(s),"no usable vendor data for: gross margin (GMI), asset quality (AQI) | the Beneish M-score could not be formed for this name, so the manipulation assessment is ABSENT -- not clean: no usable vendor data for: gross margin (GMI), asset quality (AQI)",3.0,-0.03,per_source
,WRN.TO,2 check(s),"no usable vendor data for: receivables days (DSRI), gross margin (GMI), asset quality (AQI), sales growth (SGI), depreciation rate (DEPI), SG&A intensity (SGAI) | the Beneish M-score could not be formed for this name, so the manipulation assessment is ABSENT -- not clean: no usable vendor data for: receivables days (DSRI), gross margin (GMI), asset quality (AQI), sales growth (SGI), depreciation rate (DEPI), SG&A intensity (SGAI)",4.0,-0.04,per_source
,WSE,3 check(s),"no usable vendor data for: asset quality (AQI), SG&A intensity (SGAI) | the Beneish M-score could not be formed for this name, so the manipulation assessment is ABSENT -- not clean: no usable vendor data for: asset quality (AQI), SG&A intensity (SGAI) | uInterestCoverage: 7 of 8 available rows are not computable AND report a positive `totalDebt` on the SAME row, so the refusal cannot mean the flag is inapplicable to this company -- it is missing data. Flag was ABSTAINED -- 1 row(s) is under the 6-row partial-window floor.",10.0,-0.1,per_source
,XTG.TO,2 check(s),"no usable vendor data for: receivables days (DSRI), gross margin (GMI), sales growth (SGI), SG&A intensity (SGAI) | the Beneish M-score could not be formed for this name, so the manipulation assessment is ABSENT -- not clean: no usable vendor data for: receivables days (DSRI), gross margin (GMI), sales growth (SGI), SG&A intensity (SGAI)",4.0,-0.04,per_source
,XTRA.TO,1 check(s),"uInterestCoverage: 8 of 8 available rows are not computable AND report a positive `totalDebt` on the SAME row, so the refusal cannot mean the flag is inapplicable to this company -- it is missing data. Flag was ABSTAINED -- 0 row(s) is under the 6-row partial-window floor.",8.0,-0.08,per_source
,YORW,1 check(s),"uInterestCoverage: 1 of 8 available rows are not computable AND report a positive `totalDebt` on the SAME row, so the refusal cannot mean the flag is inapplicable to this company -- it is missing data. Flag was JUDGED on the 7 row(s) that compute.",1.0,-0.01,per_source
,ZETA,1 check(s),"uInterestCoverage: 1 of 8 available rows are not computable AND report a positive `totalDebt` on the SAME row, so the refusal cannot mean the flag is inapplicable to this company -- it is missing data. Flag was JUDGED on the 7 row(s) that compute.",1.0,-0.01,per_source
,ZIOC.L,2 check(s),"no usable vendor data for: receivables days (DSRI), gross margin (GMI), asset quality (AQI), sales growth (SGI), depreciation rate (DEPI), SG&A intensity (SGAI) | the Beneish M-score could not be formed for this name, so the manipulation assessment is ABSENT -- not clean: no usable vendor data for: receivables days (DSRI), gross margin (GMI), asset quality (AQI), sales growth (SGI), depreciation rate (DEPI), SG&A intensity (SGAI)",4.0,-0.04,per_source
,ZOOZ,1 check(s),"uInterestCoverage: 1 of 8 available rows are not computable AND report a positive `totalDebt` on the SAME row, so the refusal cannot mean the flag is inapplicable to this company -- it is missing data. Flag was JUDGED on the 7 row(s) that compute.",1.0,-0.01,per_source
,ZPHR.L,1 check(s),"uInterestCoverage: 6 of 8 available rows are not computable AND report a positive `totalDebt` on the SAME row, so the refusal cannot mean the flag is inapplicable to this company -- it is missing data. Flag was ABSTAINED -- 2 row(s) is under the 6-row partial-window floor.",6.0,-0.06,per_source
,ANIK,forensic_gap:beneish_components,"no usable vendor data for: receivables days (DSRI), gross margin (GMI), SG&A intensity (SGAI)",3.0,-0.03,per_item
,ANIK,forensic_gap:no_verdict,"the Beneish M-score could not be formed for this name, so the manipulation assessment is ABSENT -- not clean: no usable vendor data for: receivables days (DSRI), gross margin (GMI), SG&A intensity (SGAI)",1.0,-0.01,per_item
general,ANIK,stage1_veto:refused_rows,"uInterestCoverage: 8 of 8 available rows are not computable AND report a positive `totalDebt` on the SAME row, so the refusal cannot mean the flag is inapplicable to this company -- it is missing data. Flag was ABSTAINED -- 0 row(s) is under the 6-row partial-window floor.",8.0,-0.08,per_item
,ATEX,forensic_gap:beneish_components,no usable vendor data for: gross margin (GMI),1.0,-0.01,per_item
,ATEX,forensic_gap:no_verdict,"the Beneish M-score could not be formed for this name, so the manipulation assessment is ABSENT -- not clean: no usable vendor data for: gross margin (GMI)",1.0,-0.01,per_item
general,ATEX,stage1_veto:refused_rows,"uInterestCoverage: 8 of 8 available rows are not computable AND report a positive `totalDebt` on the SAME row, so the refusal cannot mean the flag is inapplicable to this company -- it is missing data. Flag was ABSTAINED -- 0 row(s) is under the 6-row partial-window floor.",8.0,-0.08,per_item
,EC.PA,forensic_gap:beneish_components,no usable vendor data for: SG&A intensity (SGAI),1.0,-0.01,per_item
,EC.PA,forensic_gap:no_verdict,"the Beneish M-score could not be formed for this name, so the manipulation assessment is ABSENT -- not clean: no usable vendor data for: SG&A intensity (SGAI)",1.0,-0.01,per_item
general,EC.PA,stage1_veto:refused_rows,"uInterestCoverage: 8 of 8 available rows are not computable AND report a positive `totalDebt` on the SAME row, so the refusal cannot mean the flag is inapplicable to this company -- it is missing data. Flag was ABSTAINED -- 0 row(s) is under the 6-row partial-window floor.",8.0,-0.08,per_item
,MED,forensic_gap:beneish_components,no usable vendor data for: receivables days (DSRI),1.0,-0.01,per_item
,MED,forensic_gap:no_verdict,"the Beneish M-score could not be formed for this name, so the manipulation assessment is ABSENT -- not clean: no usable vendor data for: receivables days (DSRI)",1.0,-0.01,per_item
general,MED,stage1_veto:refused_rows,"uInterestCoverage: 8 of 8 available rows are not computable AND report a positive `totalDebt` on the SAME row, so the refusal cannot mean the flag is inapplicable to this company -- it is missing data. Flag was ABSTAINED -- 0 row(s) is under the 6-row partial-window floor.",8.0,-0.08,per_item
,MRTN,forensic_gap:beneish_components,no usable vendor data for: asset quality (AQI),1.0,-0.01,per_item
,MRTN,forensic_gap:no_verdict,"the Beneish M-score could not be formed for this name, so the manipulation assessment is ABSENT -- not clean: no usable vendor data for: asset quality (AQI)",1.0,-0.01,per_item
general,MRTN,stage1_veto:refused_rows,"uInterestCoverage: 8 of 8 available rows are not computable AND report a positive `totalDebt` on the SAME row, so the refusal cannot mean the flag is inapplicable to this company -- it is missing data. Flag was ABSTAINED -- 0 row(s) is under the 6-row partial-window floor.",8.0,-0.08,per_item
,ORMP,forensic_gap:beneish_components,"no usable vendor data for: receivables days (DSRI), gross margin (GMI), sales growth (SGI), SG&A intensity (SGAI)",3.0,-0.03,per_item
,ORMP,forensic_gap:no_verdict,"the Beneish M-score could not be formed for this name, so the manipulation assessment is ABSENT -- not clean: no usable vendor data for: receivables days (DSRI), gross margin (GMI), sales growth (SGI), SG&A intensity (SGAI)",1.0,-0.01,per_item
general,ORMP,stage1_veto:refused_rows,"uInterestCoverage: 6 of 8 available rows are not computable AND report a positive `totalDebt` on the SAME row, so the refusal cannot mean the flag is inapplicable to this company -- it is missing data. Flag was ABSTAINED -- 2 row(s) is under the 6-row partial-window floor.",6.0,-0.06,per_item
,WSE,forensic_gap:beneish_components,"no usable vendor data for: asset quality (AQI), SG&A intensity (SGAI)",2.0,-0.02,per_item
,WSE,forensic_gap:no_verdict,"the Beneish M-score could not be formed for this name, so the manipulation assessment is ABSENT -- not clean: no usable vendor data for: asset quality (AQI), SG&A intensity (SGAI)",1.0,-0.01,per_item
general,WSE,stage1_veto:refused_rows,"uInterestCoverage: 7 of 8 available rows are not computable AND report a positive `totalDebt` on the SAME row, so the refusal cannot mean the flag is inapplicable to this company -- it is missing data. Flag was ABSTAINED -- 1 row(s) is under the 6-row partial-window floor.",7.0,-0.07,per_item
,ALMDG.PA,forensic_gap:beneish_components,no usable vendor data for: SG&A intensity (SGAI),1.0,-0.01,per_item
,ALMDG.PA,forensic_gap:no_verdict,"the Beneish M-score could not be formed for this name, so the manipulation assessment is ABSENT -- not clean: no usable vendor data for: SG&A intensity (SGAI)",1.0,-0.01,per_item
general,ALMDG.PA,stage1_veto:refused_rows,"uInterestCoverage: 7 of 8 available rows are not computable AND report a positive `totalDebt` on the SAME row, so the refusal cannot mean the flag is inapplicable to this company -- it is missing data. Flag was ABSTAINED -- 1 row(s) is under the 6-row partial-window floor.",7.0,-0.07,per_item
,HVT,forensic_gap:beneish_components,no usable vendor data for: receivables days (DSRI),1.0,-0.01,per_item
,HVT,forensic_gap:no_verdict,"the Beneish M-score could not be formed for this name, so the manipulation assessment is ABSENT -- not clean: no usable vendor data for: receivables days (DSRI)",1.0,-0.01,per_item
general,HVT,stage1_veto:refused_rows,"uInterestCoverage: 7 of 8 available rows are not computable AND report a positive `totalDebt` on the SAME row, so the refusal cannot mean the flag is inapplicable to this company -- it is missing data. Flag was ABSTAINED -- 1 row(s) is under the 6-row partial-window floor.",7.0,-0.07,per_item
,OFLX,forensic_gap:no_verdict,"the Beneish M-score could not be formed for this name, so the manipulation assessment is ABSENT -- not clean: fewer than half the trailing-year periods are computable (1 of 4), so the mean would not be a trailing-year mean",1.0,-0.01,per_item
general,OFLX,stage1_veto:refused_rows,"uInterestCoverage: 8 of 8 available rows are not computable AND report a positive `totalDebt` on the SAME row, so the refusal cannot mean the flag is inapplicable to this company -- it is missing data. Flag was ABSTAINED -- 0 row(s) is under the 6-row partial-window floor.",8.0,-0.08,per_item
,OGI,forensic_gap:beneish_components,no usable vendor data for: gross margin (GMI),1.0,-0.01,per_item
,OGI,forensic_gap:no_verdict,"the Beneish M-score could not be formed for this name, so the manipulation assessment is ABSENT -- not clean: no usable vendor data for: gross margin (GMI)",1.0,-0.01,per_item
general,OGI,stage1_veto:refused_rows,"uInterestCoverage: 7 of 8 available rows are not computable AND report a positive `totalDebt` on the SAME row, so the refusal cannot mean the flag is inapplicable to this company -- it is missing data. Flag was ABSTAINED -- 1 row(s) is under the 6-row partial-window floor.",7.0,-0.07,per_item
,RGTI,forensic_gap:beneish_components,"no usable vendor data for: gross margin (GMI), SG&A intensity (SGAI)",2.0,-0.02,per_item
,RGTI,forensic_gap:no_verdict,"the Beneish M-score could not be formed for this name, so the manipulation assessment is ABSENT -- not clean: no usable vendor data for: gross margin (GMI), SG&A intensity (SGAI)",1.0,-0.01,per_item
general,RGTI,stage1_veto:refused_rows,"uInterestCoverage: 6 of 8 available rows are not computable AND report a positive `totalDebt` on the SAME row, so the refusal cannot mean the flag is inapplicable to this company -- it is missing data. Flag was ABSTAINED -- 2 row(s) is under the 6-row partial-window floor.",6.0,-0.06,per_item
FinManager,0QLD.L,stage1_veto:refused_rows,"uInterestCoverage: 8 of 8 available rows are not computable AND report a positive `totalDebt` on the SAME row, so the refusal cannot mean the flag is inapplicable to this company -- it is missing data. Flag was ABSTAINED -- 0 row(s) is under the 6-row partial-window floor.",8.0,-0.08,per_item
general,AAPL,stage1_veto:refused_rows,"uInterestCoverage: 8 of 8 available rows are not computable AND report a positive `totalDebt` on the SAME row, so the refusal cannot mean the flag is inapplicable to this company -- it is missing data. Flag was ABSTAINED -- 0 row(s) is under the 6-row partial-window floor.",8.0,-0.08,per_item
REIT,ACAN.PA,stage1_veto:refused_rows,"reitEbitdaInterestCoverage: 8 of 8 available rows are not computable AND report a positive `totalDebt` on the SAME row, so the refusal cannot mean the flag is inapplicable to this company -- it is missing data. Flag was ABSTAINED -- 0 row(s) is under the 6-row partial-window floor.",8.0,-0.08,per_item
general,ACHR-WT,stage1_veto:refused_rows,"uInterestCoverage: 8 of 8 available rows are not computable AND report a positive `totalDebt` on the SAME row, so the refusal cannot mean the flag is inapplicable to this company -- it is missing data. Flag was ABSTAINED -- 0 row(s) is under the 6-row partial-window floor.",8.0,-0.08,per_item
general,AIFA,stage1_veto:refused_rows,"uInterestCoverage: 8 of 8 available rows are not computable AND report a positive `totalDebt` on the SAME row, so the refusal cannot mean the flag is inapplicable to this company -- it is missing data. Flag was ABSTAINED -- 0 row(s) is under the 6-row partial-window floor.",8.0,-0.08,per_item
general,AIRG,stage1_veto:refused_rows,"uInterestCoverage: 8 of 8 available rows are not computable AND report a positive `totalDebt` on the SAME row, so the refusal cannot mean the flag is inapplicable to this company -- it is missing data. Flag was ABSTAINED -- 0 row(s) is under the 6-row partial-window floor.",8.0,-0.08,per_item
,ALCAT.PA,forensic_gap:beneish_components,no usable vendor data for: SG&A intensity (SGAI),1.0,-0.01,per_item
,ALCAT.PA,forensic_gap:no_verdict,"the Beneish M-score could not be formed for this name, so the manipulation assessment is ABSENT -- not clean: no usable vendor data for: SG&A intensity (SGAI)",1.0,-0.01,per_item
general,ALCAT.PA,stage1_veto:refused_rows,"uInterestCoverage: 6 of 8 available rows are not computable AND report a positive `totalDebt` on the SAME row, so the refusal cannot mean the flag is inapplicable to this company -- it is missing data. Flag was ABSTAINED -- 2 row(s) is under the 6-row partial-window floor.",6.0,-0.06,per_item
general,ALLT,stage1_veto:refused_rows,"uInterestCoverage: 8 of 8 available rows are not computable AND report a positive `totalDebt` on the SAME row, so the refusal cannot mean the flag is inapplicable to this company -- it is missing data. Flag was ABSTAINED -- 0 row(s) is under the 6-row partial-window floor.",8.0,-0.08,per_item
general,AMLX,stage1_veto:refused_rows,"uInterestCoverage: 8 of 8 available rows are not computable AND report a positive `totalDebt` on the SAME row, so the refusal cannot mean the flag is inapplicable to this company -- it is missing data. Flag was ABSTAINED -- 0 row(s) is under the 6-row partial-window floor.",8.0,-0.08,per_item
general,ASM.AS,stage1_veto:refused_rows,"uInterestCoverage: 8 of 8 available rows are not computable AND report a positive `totalDebt` on the SAME row, so the refusal cannot mean the flag is inapplicable to this company -- it is missing data. Flag was ABSTAINED -- 0 row(s) is under the 6-row partial-window floor.",8.0,-0.08,per_item
general,AZTA,stage1_veto:refused_rows,"uInterestCoverage: 8 of 8 available rows are not computable AND report a positive `totalDebt` on the SAME row, so the refusal cannot mean the flag is inapplicable to this company -- it is missing data. Flag was ABSTAINED -- 0 row(s) is under the 6-row partial-window floor.",8.0,-0.08,per_item
general,BKE,stage1_veto:refused_rows,"uInterestCoverage: 8 of 8 available rows are not computable AND report a positive `totalDebt` on the SAME row, so the refusal cannot mean the flag is inapplicable to this company -- it is missing data. Flag was ABSTAINED -- 0 row(s) is under the 6-row partial-window floor.",8.0,-0.08,per_item
general,BULL,stage1_veto:refused_rows,"uInterestCoverage: 8 of 8 available rows are not computable AND report a positive `totalDebt` on the SAME row, so the refusal cannot mean the flag is inapplicable to this company -- it is missing data. Flag was ABSTAINED -- 0 row(s) is under the 6-row partial-window floor.",8.0,-0.08,per_item
general,BZ,stage1_veto:refused_rows,"uInterestCoverage: 8 of 8 available rows are not computable AND report a positive `totalDebt` on the SAME row, so the refusal cannot mean the flag is inapplicable to this company -- it is missing data. Flag was ABSTAINED -- 0 row(s) is under the 6-row partial-window floor.",8.0,-0.08,per_item
general,CAVA,stage1_veto:refused_rows,"uInterestCoverage: 8 of 8 available rows are not computable AND report a positive `totalDebt` on the SAME row, so the refusal cannot mean the flag is inapplicable to this company -- it is missing data. Flag was ABSTAINED -- 0 row(s) is under the 6-row partial-window floor.",8.0,-0.08,per_item
general,CDNA,stage1_veto:refused_rows,"uInterestCoverage: 8 of 8 available rows are not computable AND report a positive `totalDebt` on the SAME row, so the refusal cannot mean the flag is inapplicable to this company -- it is missing data. Flag was ABSTAINED -- 0 row(s) is under the 6-row partial-window floor.",8.0,-0.08,per_item
general,CLAR,stage1_veto:refused_rows,"uInterestCoverage: 8 of 8 available rows are not computable AND report a positive `totalDebt` on the SAME row, so the refusal cannot mean the flag is inapplicable to this company -- it is missing data. Flag was ABSTAINED -- 0 row(s) is under the 6-row partial-window floor.",8.0,-0.08,per_item
general,CMG,stage1_veto:refused_rows,"uInterestCoverage: 8 of 8 available rows are not computable AND report a positive `totalDebt` on the SAME row, so the refusal cannot mean the flag is inapplicable to this company -- it is missing data. Flag was ABSTAINED -- 0 row(s) is under the 6-row partial-window floor.",8.0,-0.08,per_item
FinManager,CNS,stage1_veto:refused_rows,"uInterestCoverage: 8 of 8 available rows are not computable AND report a positive `totalDebt` on the SAME row, so the refusal cannot mean the flag is inapplicable to this company -- it is missing data. Flag was ABSTAINED -- 0 row(s) is under the 6-row partial-window floor.",8.0,-0.08,per_item
general,COH.PA,stage1_veto:refused_rows,"uInterestCoverage: 8 of 8 available rows are not computable AND report a positive `totalDebt` on the SAME row, so the refusal cannot mean the flag is inapplicable to this company -- it is missing data. Flag was ABSTAINED -- 0 row(s) is under the 6-row partial-window floor.",8.0,-0.08,per_item
general,CRDL,stage1_veto:refused_rows,"uInterestCoverage: 8 of 8 available rows are not computable AND report a positive `totalDebt` on the SAME row, so the refusal cannot mean the flag is inapplicable to this company -- it is missing data. Flag was ABSTAINED -- 0 row(s) is under the 6-row partial-window floor.",8.0,-0.08,per_item
general,CRON,stage1_veto:refused_rows,"uInterestCoverage: 8 of 8 available rows are not computable AND report a positive `totalDebt` on the SAME row, so the refusal cannot mean the flag is inapplicable to this company -- it is missing data. Flag was ABSTAINED -- 0 row(s) is under the 6-row partial-window floor.",8.0,-0.08,per_item
general,CSBR,stage1_veto:refused_rows,"uInterestCoverage: 8 of 8 available rows are not computable AND report a positive `totalDebt` on the SAME row, so the refusal cannot mean the flag is inapplicable to this company -- it is missing data. Flag was ABSTAINED -- 0 row(s) is under the 6-row partial-window floor.",8.0,-0.08,per_item
general,CVO.TO,stage1_veto:refused_rows,"uInterestCoverage: 8 of 8 available rows are not computable AND report a positive `totalDebt` on the SAME row, so the refusal cannot mean the flag is inapplicable to this company -- it is missing data. Flag was ABSTAINED -- 0 row(s) is under the 6-row partial-window floor.",8.0,-0.08,per_item
general,CWEB.TO,stage1_veto:refused_rows,"uInterestCoverage: 8 of 8 available rows are not computable AND report a positive `totalDebt` on the SAME row, so the refusal cannot mean the flag is inapplicable to this company -- it is missing data. Flag was ABSTAINED -- 0 row(s) is under the 6-row partial-window floor.",8.0,-0.08,per_item
general,DASH,stage1_veto:refused_rows,"uInterestCoverage: 8 of 8 available rows are not computable AND report a positive `totalDebt` on the SAME row, so the refusal cannot mean the flag is inapplicable to this company -- it is missing data. Flag was ABSTAINED -- 0 row(s) is under the 6-row partial-window floor.",8.0,-0.08,per_item
FinManager,DOMH,stage1_veto:refused_rows,"uInterestCoverage: 8 of 8 available rows are not computable AND report a positive `totalDebt` on the SAME row, so the refusal cannot mean the flag is inapplicable to this company -- it is missing data. Flag was ABSTAINED -- 0 row(s) is under the 6-row partial-window floor.",8.0,-0.08,per_item
general,DSY.PA,stage1_veto:refused_rows,"uInterestCoverage: 8 of 8 available rows are not computable AND report a positive `totalDebt` on the SAME row, so the refusal cannot mean the flag is inapplicable to this company -- it is missing data. Flag was ABSTAINED -- 0 row(s) is under the 6-row partial-window floor.",8.0,-0.08,per_item
general,EDU,stage1_veto:refused_rows,"uInterestCoverage: 8 of 8 available rows are not computable AND report a positive `totalDebt` on the SAME row, so the refusal cannot mean the flag is inapplicable to this company -- it is missing data. Flag was ABSTAINED -- 0 row(s) is under the 6-row partial-window floor.",8.0,-0.08,per_item
general,GBT.TO,stage1_veto:refused_rows,"uInterestCoverage: 8 of 8 available rows are not computable AND report a positive `totalDebt` on the SAME row, so the refusal cannot mean the flag is inapplicable to this company -- it is missing data. Flag was ABSTAINED -- 0 row(s) is under the 6-row partial-window floor.",8.0,-0.08,per_item
general,GNLX,stage1_veto:refused_rows,"uInterestCoverage: 8 of 8 available rows are not computable AND report a positive `totalDebt` on the SAME row, so the refusal cannot mean the flag is inapplicable to this company -- it is missing data. Flag was ABSTAINED -- 0 row(s) is under the 6-row partial-window floor.",8.0,-0.08,per_item
general,GSIT,stage1_veto:refused_rows,"uInterestCoverage: 8 of 8 available rows are not computable AND report a positive `totalDebt` on the SAME row, so the refusal cannot mean the flag is inapplicable to this company -- it is missing data. Flag was ABSTAINED -- 0 row(s) is under the 6-row partial-window floor.",8.0,-0.08,per_item
,HVO.L,forensic_gap:beneish_components,"no usable vendor data for: gross margin (GMI), SG&A intensity (SGAI)",2.0,-0.02,per_item
,HVO.L,forensic_gap:no_verdict,"the Beneish M-score could not be formed for this name, so the manipulation assessment is ABSENT -- not clean: no usable vendor data for: gross margin (GMI), SG&A intensity (SGAI)",1.0,-0.01,per_item
general,HVO.L,stage1_veto:refused_rows,"uInterestCoverage: 5 of 8 available rows are not computable AND report a positive `totalDebt` on the SAME row, so the refusal cannot mean the flag is inapplicable to this company -- it is missing data. Flag was ABSTAINED -- 3 row(s) is under the 6-row partial-window floor.",5.0,-0.05,per_item
general,IMRX,stage1_veto:refused_rows,"uInterestCoverage: 8 of 8 available rows are not computable AND report a positive `totalDebt` on the SAME row, so the refusal cannot mean the flag is inapplicable to this company -- it is missing data. Flag was ABSTAINED -- 0 row(s) is under the 6-row partial-window floor.",8.0,-0.08,per_item
general,JFU,stage1_veto:refused_rows,"uInterestCoverage: 8 of 8 available rows are not computable AND report a positive `totalDebt` on the SAME row, so the refusal cannot mean the flag is inapplicable to this company -- it is missing data. Flag was ABSTAINED -- 0 row(s) is under the 6-row partial-window floor.",8.0,-0.08,per_item
general,KOD,stage1_veto:refused_rows,"uInterestCoverage: 8 of 8 available rows are not computable AND report a positive `totalDebt` on the SAME row, so the refusal cannot mean the flag is inapplicable to this company -- it is missing data. Flag was ABSTAINED -- 0 row(s) is under the 6-row partial-window floor.",8.0,-0.08,per_item
general,KXS.TO,stage1_veto:refused_rows,"uInterestCoverage: 8 of 8 available rows are not computable AND report a positive `totalDebt` on the SAME row, so the refusal cannot mean the flag is inapplicable to this company -- it is missing data. Flag was ABSTAINED -- 0 row(s) is under the 6-row partial-window floor.",8.0,-0.08,per_item
general,LENZ,stage1_veto:refused_rows,"uInterestCoverage: 8 of 8 available rows are not computable AND report a positive `totalDebt` on the SAME row, so the refusal cannot mean the flag is inapplicable to this company -- it is missing data. Flag was ABSTAINED -- 0 row(s) is under the 6-row partial-window floor.",8.0,-0.08,per_item
general,LFVN,stage1_veto:refused_rows,"uInterestCoverage: 8 of 8 available rows are not computable AND report a positive `totalDebt` on the SAME row, so the refusal cannot mean the flag is inapplicable to this company -- it is missing data. Flag was ABSTAINED -- 0 row(s) is under the 6-row partial-window floor.",8.0,-0.08,per_item
FinManager,MKTW,stage1_veto:refused_rows,"uInterestCoverage: 8 of 8 available rows are not computable AND report a positive `totalDebt` on the SAME row, so the refusal cannot mean the flag is inapplicable to this company -- it is missing data. Flag was ABSTAINED -- 0 row(s) is under the 6-row partial-window floor.",8.0,-0.08,per_item
,MMT.PA,forensic_gap:beneish_components,no usable vendor data for: SG&A intensity (SGAI),1.0,-0.01,per_item
,MMT.PA,forensic_gap:no_verdict,"the Beneish M-score could not be formed for this name, so the manipulation assessment is ABSENT -- not clean: no usable vendor data for: SG&A intensity (SGAI)",1.0,-0.01,per_item
general,MMT.PA,stage1_veto:refused_rows,"uInterestCoverage: 6 of 8 available rows are not computable AND report a positive `totalDebt` on the SAME row, so the refusal cannot mean the flag is inapplicable to this company -- it is missing data. Flag was ABSTAINED -- 2 row(s) is under the 6-row partial-window floor.",6.0,-0.06,per_item
general,MXCT,stage1_veto:refused_rows,"uInterestCoverage: 8 of 8 available rows are not computable AND report a positive `totalDebt` on the SAME row, so the refusal cannot mean the flag is inapplicable to this company -- it is missing data. Flag was ABSTAINED -- 0 row(s) is under the 6-row partial-window floor.",8.0,-0.08,per_item
general,MYPS,stage1_veto:refused_rows,"uInterestCoverage: 8 of 8 available rows are not computable AND report a positive `totalDebt` on the SAME row, so the refusal cannot mean the flag is inapplicable to this company -- it is missing data. Flag was ABSTAINED -- 0 row(s) is under the 6-row partial-window floor.",8.0,-0.08,per_item
general,MZTI,stage1_veto:refused_rows,"uInterestCoverage: 8 of 8 available rows are not computable AND report a positive `totalDebt` on the SAME row, so the refusal cannot mean the flag is inapplicable to this company -- it is missing data. Flag was ABSTAINED -- 0 row(s) is under the 6-row partial-window floor.",8.0,-0.08,per_item
general,NRIX,stage1_veto:refused_rows,"uInterestCoverage: 8 of 8 available rows are not computable AND report a positive `totalDebt` on the SAME row, so the refusal cannot mean the flag is inapplicable to this company -- it is missing data. Flag was ABSTAINED -- 0 row(s) is under the 6-row partial-window floor.",8.0,-0.08,per_item
REIT,NXH,stage1_veto:refused_rows,"reitEbitdaInterestCoverage: 8 of 8 available rows are not computable AND report a positive `totalDebt` on the SAME row, so the refusal cannot mean the flag is inapplicable to this company -- it is missing data. Flag was ABSTAINED -- 0 row(s) is under the 6-row partial-window floor.",8.0,-0.08,per_item
general,PCVX,stage1_veto:refused_rows,"uInterestCoverage: 8 of 8 available rows are not computable AND report a positive `totalDebt` on the SAME row, so the refusal cannot mean the flag is inapplicable to this company -- it is missing data. Flag was ABSTAINED -- 0 row(s) is under the 6-row partial-window floor.",8.0,-0.08,per_item
general,PINS,stage1_veto:refused_rows,"uInterestCoverage: 8 of 8 available rows are not computable AND report a positive `totalDebt` on the SAME row, so the refusal cannot mean the flag is inapplicable to this company -- it is missing data. Flag was ABSTAINED -- 0 row(s) is under the 6-row partial-window floor.",8.0,-0.08,per_item
general,PRTA,stage1_veto:refused_rows,"uInterestCoverage: 8 of 8 available rows are not computable AND report a positive `totalDebt` on the SAME row, so the refusal cannot mean the flag is inapplicable to this company -- it is missing data. Flag was ABSTAINED -- 0 row(s) is under the 6-row partial-window floor.",8.0,-0.08,per_item
,PSI.TO,forensic_gap:beneish_components,no usable vendor data for: gross margin (GMI),1.0,-0.01,per_item
,PSI.TO,forensic_gap:no_verdict,"the Beneish M-score could not be formed for this name, so the manipulation assessment is ABSENT -- not clean: no usable vendor data for: gross margin (GMI)",1.0,-0.01,per_item
general,PSI.TO,stage1_veto:refused_rows,"uInterestCoverage: 6 of 8 available rows are not computable AND report a positive `totalDebt` on the SAME row, so the refusal cannot mean the flag is inapplicable to this company -- it is missing data. Flag was ABSTAINED -- 2 row(s) is under the 6-row partial-window floor.",6.0,-0.06,per_item
general,QLYS,stage1_veto:refused_rows,"uInterestCoverage: 8 of 8 available rows are not computable AND report a positive `totalDebt` on the SAME row, so the refusal cannot mean the flag is inapplicable to this company -- it is missing data. Flag was ABSTAINED -- 0 row(s) is under the 6-row partial-window floor.",8.0,-0.08,per_item
general,QSI,stage1_veto:refused_rows,"uInterestCoverage: 8 of 8 available rows are not computable AND report a positive `totalDebt` on the SAME row, so the refusal cannot mean the flag is inapplicable to this company -- it is missing data. Flag was ABSTAINED -- 0 row(s) is under the 6-row partial-window floor.",8.0,-0.08,per_item
general,RCAT,stage1_veto:refused_rows,"uInterestCoverage: 8 of 8 available rows are not computable AND report a positive `totalDebt` on the SAME row, so the refusal cannot mean the flag is inapplicable to this company -- it is missing data. Flag was ABSTAINED -- 0 row(s) is under the 6-row partial-window floor.",8.0,-0.08,per_item
general,RDVT,stage1_veto:refused_rows,"uInterestCoverage: 8 of 8 available rows are not computable AND report a positive `totalDebt` on the SAME row, so the refusal cannot mean the flag is inapplicable to this company -- it is missing data. Flag was ABSTAINED -- 0 row(s) is under the 6-row partial-window floor.",8.0,-0.08,per_item
general,RDWR,stage1_veto:refused_rows,"uInterestCoverage: 8 of 8 available rows are not computable AND report a positive `totalDebt` on the SAME row, so the refusal cannot mean the flag is inapplicable to this company -- it is missing data. Flag was ABSTAINED -- 0 row(s) is under the 6-row partial-window floor.",8.0,-0.08,per_item
general,SEER,stage1_veto:refused_rows,"uInterestCoverage: 8 of 8 available rows are not computable AND report a positive `totalDebt` on the SAME row, so the refusal cannot mean the flag is inapplicable to this company -- it is missing data. Flag was ABSTAINED -- 0 row(s) is under the 6-row partial-window floor.",8.0,-0.08,per_item
general,SFIX,stage1_veto:refused_rows,"uInterestCoverage: 8 of 8 available rows are not computable AND report a positive `totalDebt` on the SAME row, so the refusal cannot mean the flag is inapplicable to this company -- it is missing data. Flag was ABSTAINED -- 0 row(s) is under the 6-row partial-window floor.",8.0,-0.08,per_item
general,SHOP,stage1_veto:refused_rows,"uInterestCoverage: 8 of 8 available rows are not computable AND report a positive `totalDebt` on the SAME row, so the refusal cannot mean the flag is inapplicable to this company -- it is missing data. Flag was ABSTAINED -- 0 row(s) is under the 6-row partial-window floor.",8.0,-0.08,per_item
general,SILC,stage1_veto:refused_rows,"uInterestCoverage: 8 of 8 available rows are not computable AND report a positive `totalDebt` on the SAME row, so the refusal cannot mean the flag is inapplicable to this company -- it is missing data. Flag was ABSTAINED -- 0 row(s) is under the 6-row partial-window floor.",8.0,-0.08,per_item
general,SPSC,stage1_veto:refused_rows,"uInterestCoverage: 8 of 8 available rows are not computable AND report a positive `totalDebt` on the SAME row, so the refusal cannot mean the flag is inapplicable to this company -- it is missing data. Flag was ABSTAINED -- 0 row(s) is under the 6-row partial-window floor.",8.0,-0.08,per_item
general,SRTA,stage1_veto:refused_rows,"uInterestCoverage: 8 of 8 available rows are not computable AND report a positive `totalDebt` on the SAME row, so the refusal cannot mean the flag is inapplicable to this company -- it is missing data. Flag was ABSTAINED -- 0 row(s) is under the 6-row partial-window floor.",8.0,-0.08,per_item
general,TARA,stage1_veto:refused_rows,"uInterestCoverage: 8 of 8 available rows are not computable AND report a positive `totalDebt` on the SAME row, so the refusal cannot mean the flag is inapplicable to this company -- it is missing data. Flag was ABSTAINED -- 0 row(s) is under the 6-row partial-window floor.",8.0,-0.08,per_item
general,THNC.TO,stage1_veto:refused_rows,"uInterestCoverage: 8 of 8 available rows are not computable AND report a positive `totalDebt` on the SAME row, so the refusal cannot mean the flag is inapplicable to this company -- it is missing data. Flag was ABSTAINED -- 0 row(s) is under the 6-row partial-window floor.",8.0,-0.08,per_item
FinManager,TOP,stage1_veto:refused_rows,"uInterestCoverage: 8 of 8 available rows are not computable AND report a positive `totalDebt` on the SAME row, so the refusal cannot mean the flag is inapplicable to this company -- it is missing data. Flag was ABSTAINED -- 0 row(s) is under the 6-row partial-window floor.",8.0,-0.08,per_item
FinManager,TROW,stage1_veto:refused_rows,"uInterestCoverage: 8 of 8 available rows are not computable AND report a positive `totalDebt` on the SAME row, so the refusal cannot mean the flag is inapplicable to this company -- it is missing data. Flag was ABSTAINED -- 0 row(s) is under the 6-row partial-window floor.",8.0,-0.08,per_item
general,TSEM,stage1_veto:refused_rows,"uInterestCoverage: 8 of 8 available rows are not computable AND report a positive `totalDebt` on the SAME row, so the refusal cannot mean the flag is inapplicable to this company -- it is missing data. Flag was ABSTAINED -- 0 row(s) is under the 6-row partial-window floor.",8.0,-0.08,per_item
,TVRB.PA,forensic_gap:beneish_components,"no usable vendor data for: gross margin (GMI), SG&A intensity (SGAI)",2.0,-0.02,per_item
,TVRB.PA,forensic_gap:no_verdict,"the Beneish M-score could not be formed for this name, so the manipulation assessment is ABSENT -- not clean: no usable vendor data for: gross margin (GMI), SG&A intensity (SGAI)",1.0,-0.01,per_item
general,TVRB.PA,stage1_veto:refused_rows,"uInterestCoverage: 5 of 8 available rows are not computable AND report a positive `totalDebt` on the SAME row, so the refusal cannot mean the flag is inapplicable to this company -- it is missing data. Flag was ABSTAINED -- 3 row(s) is under the 6-row partial-window floor.",5.0,-0.05,per_item
general,WRBY,stage1_veto:refused_rows,"uInterestCoverage: 8 of 8 available rows are not computable AND report a positive `totalDebt` on the SAME row, so the refusal cannot mean the flag is inapplicable to this company -- it is missing data. Flag was ABSTAINED -- 0 row(s) is under the 6-row partial-window floor.",8.0,-0.08,per_item
general,XTRA.TO,stage1_veto:refused_rows,"uInterestCoverage: 8 of 8 available rows are not computable AND report a positive `totalDebt` on the SAME row, so the refusal cannot mean the flag is inapplicable to this company -- it is missing data. Flag was ABSTAINED -- 0 row(s) is under the 6-row partial-window floor.",8.0,-0.08,per_item
FinManager,0DK7.L,stage1_veto:refused_rows,"uInterestCoverage: 7 of 8 available rows are not computable AND report a positive `totalDebt` on the SAME row, so the refusal cannot mean the flag is inapplicable to this company -- it is missing data. Flag was ABSTAINED -- 1 row(s) is under the 6-row partial-window floor.",7.0,-0.07,per_item
,0IPT.L,forensic_gap:beneish_components,"no usable vendor data for: receivables days (DSRI), gross margin (GMI), SG&A intensity (SGAI)",3.0,-0.03,per_item
,0IPT.L,forensic_gap:no_verdict,"the Beneish M-score could not be formed for this name, so the manipulation assessment is ABSENT -- not clean: no usable vendor data for: receivables days (DSRI), gross margin (GMI), SG&A intensity (SGAI)",1.0,-0.01,per_item
general,0IPT.L,stage1_veto:refused_rows,"uInterestCoverage: 3 of 8 available rows are not computable AND report a positive `totalDebt` on the SAME row, so the refusal cannot mean the flag is inapplicable to this company -- it is missing data. Flag was ABSTAINED -- 5 row(s) is under the 6-row partial-window floor.",3.0,-0.03,per_item
,0QPF.L,forensic_gap:beneish_components,no usable vendor data for: receivables days (DSRI),1.0,-0.01,per_item
,0QPF.L,forensic_gap:no_verdict,"the Beneish M-score could not be formed for this name, so the manipulation assessment is ABSENT -- not clean: no usable vendor data for: receivables days (DSRI)",1.0,-0.01,per_item
general,0QPF.L,stage1_veto:refused_rows,"uInterestCoverage: 5 of 8 available rows are not computable AND report a positive `totalDebt` on the SAME row, so the refusal cannot mean the flag is inapplicable to this company -- it is missing data. Flag was ABSTAINED -- 3 row(s) is under the 6-row partial-window floor.",5.0,-0.05,per_item
general,0QQM.L,stage1_veto:refused_rows,"uInterestCoverage: 7 of 8 available rows are not computable AND report a positive `totalDebt` on the SAME row, so the refusal cannot mean the flag is inapplicable to this company -- it is missing data. Flag was ABSTAINED -- 1 row(s) is under the 6-row partial-window floor.",7.0,-0.07,per_item
REIT,0RD8.L,stage1_veto:refused_rows,"reitEbitdaInterestCoverage: 7 of 8 available rows are not computable AND report a positive `totalDebt` on the SAME row, so the refusal cannot mean the flag is inapplicable to this company -- it is missing data. Flag was ABSTAINED -- 1 row(s) is under the 6-row partial-window floor.",7.0,-0.07,per_item
general,AHG,stage1_veto:refused_rows,"uInterestCoverage: 7 of 8 available rows are not computable AND report a positive `totalDebt` on the SAME row, so the refusal cannot mean the flag is inapplicable to this company -- it is missing data. Flag was ABSTAINED -- 0 row(s) is under the 6-row partial-window floor.",7.0,-0.07,per_item
general,ALAR,stage1_veto:refused_rows,"uInterestCoverage: 7 of 8 available rows are not computable AND report a positive `totalDebt` on the SAME row, so the refusal cannot mean the flag is inapplicable to this company -- it is missing data. Flag was ABSTAINED -- 1 row(s) is under the 6-row partial-window floor.",7.0,-0.07,per_item
,ALDNX.PA,forensic_gap:beneish_components,no usable vendor data for: SG&A intensity (SGAI),1.0,-0.01,per_item
,ALDNX.PA,forensic_gap:no_verdict,"the Beneish M-score could not be formed for this name, so the manipulation assessment is ABSENT -- not clean: no usable vendor data for: SG&A intensity (SGAI)",1.0,-0.01,per_item
general,ALDNX.PA,stage1_veto:refused_rows,"uInterestCoverage: 5 of 8 available rows are not computable AND report a positive `totalDebt` on the SAME row, so the refusal cannot mean the flag is inapplicable to this company -- it is missing data. Flag was ABSTAINED -- 3 row(s) is under the 6-row partial-window floor.",5.0,-0.05,per_item
general,ASML.AS,stage1_veto:refused_rows,"uInterestCoverage: 7 of 8 available rows are not computable AND report a positive `totalDebt` on the SAME row, so the refusal cannot mean the flag is inapplicable to this company -- it is missing data. Flag was ABSTAINED -- 1 row(s) is under the 6-row partial-window floor.",7.0,-0.07,per_item
general,ASY.PA,stage1_veto:refused_rows,"uInterestCoverage: 7 of 8 available rows are not computable AND report a positive `totalDebt` on the SAME row, so the refusal cannot mean the flag is inapplicable to this company -- it is missing data. Flag was ABSTAINED -- 1 row(s) is under the 6-row partial-window floor.",7.0,-0.07,per_item
FinManager,AXG,stage1_veto:refused_rows,"uInterestCoverage: 7 of 8 available rows are not computable AND report a positive `totalDebt` on the SAME row, so the refusal cannot mean the flag is inapplicable to this company -- it is missing data. Flag was ABSTAINED -- 1 row(s) is under the 6-row partial-window floor.",7.0,-0.07,per_item
general,BEAM,stage1_veto:refused_rows,"uInterestCoverage: 7 of 8 available rows are not computable AND report a positive `totalDebt` on the SAME row, so the refusal cannot mean the flag is inapplicable to this company -- it is missing data. Flag was ABSTAINED -- 1 row(s) is under the 6-row partial-window floor.",7.0,-0.07,per_item
FinManager,BTBT,stage1_veto:refused_rows,"uInterestCoverage: 7 of 8 available rows are not computable AND report a positive `totalDebt` on the SAME row, so the refusal cannot mean the flag is inapplicable to this company -- it is missing data. Flag was ABSTAINED -- 1 row(s) is under the 6-row partial-window floor.",7.0,-0.07,per_item
general,CAMT,stage1_veto:refused_rows,"uInterestCoverage: 7 of 8 available rows are not computable AND report a positive `totalDebt` on the SAME row, so the refusal cannot mean the flag is inapplicable to this company -- it is missing data. Flag was ABSTAINED -- 1 row(s) is under the 6-row partial-window floor.",7.0,-0.07,per_item
FinManager,CAV.L,stage1_veto:refused_rows,"uInterestCoverage: 7 of 8 available rows are not computable AND report a positive `totalDebt` on the SAME row, so the refusal cannot mean the flag is inapplicable to this company -- it is missing data. Flag was ABSTAINED -- 1 row(s) is under the 6-row partial-window floor.",7.0,-0.07,per_item
general,CODA,stage1_veto:refused_rows,"uInterestCoverage: 7 of 8 available rows are not computable AND report a positive `totalDebt` on the SAME row, so the refusal cannot mean the flag is inapplicable to this company -- it is missing data. Flag was ABSTAINED -- 0 row(s) is under the 6-row partial-window floor.",7.0,-0.07,per_item
general,DLB,stage1_veto:refused_rows,"uInterestCoverage: 7 of 8 available rows are not computable AND report a positive `totalDebt` on the SAME row, so the refusal cannot mean the flag is inapplicable to this company -- it is missing data. Flag was ABSTAINED -- 1 row(s) is under the 6-row partial-window floor.",7.0,-0.07,per_item
general,GKP.L,stage1_veto:refused_rows,"uInterestCoverage: 7 of 8 available rows are not computable AND report a positive `totalDebt` on the SAME row, so the refusal cannot mean the flag is inapplicable to this company -- it is missing data. Flag was ABSTAINED -- 1 row(s) is under the 6-row partial-window floor.",7.0,-0.07,per_item
general,OUST,stage1_veto:refused_rows,"uInterestCoverage: 7 of 8 available rows are not computable AND report a positive `totalDebt` on the SAME row, so the refusal cannot mean the flag is inapplicable to this company -- it is missing data. Flag was ABSTAINED -- 1 row(s) is under the 6-row partial-window floor.",7.0,-0.07,per_item
,QEC.TO,forensic_gap:beneish_components,no usable vendor data for: gross margin (GMI),1.0,-0.01,per_item
,QEC.TO,forensic_gap:no_verdict,"the Beneish M-score could not be formed for this name, so the manipulation assessment is ABSENT -- not clean: no usable vendor data for: gross margin (GMI)",1.0,-0.01,per_item
general,QEC.TO,stage1_veto:refused_rows,"uInterestCoverage: 5 of 8 available rows are not computable AND report a positive `totalDebt` on the SAME row, so the refusal cannot mean the flag is inapplicable to this company -- it is missing data. Flag was ABSTAINED -- 3 row(s) is under the 6-row partial-window floor.",5.0,-0.05,per_item
general,RSI,stage1_veto:refused_rows,"uInterestCoverage: 7 of 8 available rows are not computable AND report a positive `totalDebt` on the SAME row, so the refusal cannot mean the flag is inapplicable to this company -- it is missing data. Flag was ABSTAINED -- 1 row(s) is under the 6-row partial-window floor.",7.0,-0.07,per_item
,SCYX,forensic_gap:beneish_components,no usable vendor data for: gross margin (GMI),1.0,-0.01,per_item
,SCYX,forensic_gap:no_verdict,"the Beneish M-score could not be formed for this name, so the manipulation assessment is ABSENT -- not clean: no usable vendor data for: gross margin (GMI)",1.0,-0.01,per_item
general,SCYX,stage1_veto:refused_rows,"uInterestCoverage: 5 of 8 available rows are not computable AND report a positive `totalDebt` on the SAME row, so the refusal cannot mean the flag is inapplicable to this company -- it is missing data. Flag was ABSTAINED -- 3 row(s) is under the 6-row partial-window floor.",5.0,-0.05,per_item
,TONX,forensic_gap:beneish_components,no usable vendor data for: receivables days (DSRI),1.0,-0.01,per_item
,TONX,forensic_gap:no_verdict,"the Beneish M-score could not be formed for this name, so the manipulation assessment is ABSENT -- not clean: no usable vendor data for: receivables days (DSRI)",1.0,-0.01,per_item
general,TONX,stage1_veto:refused_rows,"uInterestCoverage: 5 of 8 available rows are not computable AND report a positive `totalDebt` on the SAME row, so the refusal cannot mean the flag is inapplicable to this company -- it is missing data. Flag was ABSTAINED -- 3 row(s) is under the 6-row partial-window floor.",5.0,-0.05,per_item
general,VERU,stage1_veto:refused_rows,"uInterestCoverage: 7 of 8 available rows are not computable AND report a positive `totalDebt` on the SAME row, so the refusal cannot mean the flag is inapplicable to this company -- it is missing data. Flag was ABSTAINED -- 1 row(s) is under the 6-row partial-window floor.",7.0,-0.07,per_item
FinManager,0RL4.L,stage1_veto:refused_rows,"uInterestCoverage: 6 of 8 available rows are not computable AND report a positive `totalDebt` on the SAME row, so the refusal cannot mean the flag is inapplicable to this company -- it is missing data. Flag was ABSTAINED -- 2 row(s) is under the 6-row partial-window floor.",6.0,-0.06,per_item
,AL2SI.PA,forensic_gap:beneish_components,no usable vendor data for: receivables days (DSRI),1.0,-0.01,per_item
,AL2SI.PA,forensic_gap:no_verdict,"the Beneish M-score could not be formed for this name, so the manipulation assessment is ABSENT -- not clean: no usable vendor data for: receivables days (DSRI)",1.0,-0.01,per_item
general,AL2SI.PA,stage1_veto:refused_rows,"uInterestCoverage: 4 of 8 available rows are not computable AND report a positive `totalDebt` on the SAME row, so the refusal cannot mean the flag is inapplicable to this company -- it is missing data. Flag was ABSTAINED -- 3 row(s) is under the 6-row partial-window floor.",4.0,-0.04,per_item
,ALFPC.PA,forensic_gap:beneish_components,no usable vendor data for: SG&A intensity (SGAI),1.0,-0.01,per_item
,ALFPC.PA,forensic_gap:no_verdict,"the Beneish M-score could not be formed for this name, so the manipulation assessment is ABSENT -- not clean: no usable vendor data for: SG&A intensity (SGAI)",1.0,-0.01,per_item
general,ALFPC.PA,stage1_veto:refused_rows,"uInterestCoverage: 4 of 8 available rows are not computable AND report a positive `totalDebt` on the SAME row, so the refusal cannot mean the flag is inapplicable to this company -- it is missing data. Flag was ABSTAINED -- 4 row(s) is under the 6-row partial-window floor.",4.0,-0.04,per_item
,ALITL.PA,forensic_gap:beneish_components,no usable vendor data for: SG&A intensity (SGAI),1.0,-0.01,per_item
,ALITL.PA,forensic_gap:no_verdict,"the Beneish M-score could not be formed for this name, so the manipulation assessment is ABSENT -- not clean: no usable vendor data for: SG&A intensity (SGAI)",1.0,-0.01,per_item
general,ALITL.PA,stage1_veto:refused_rows,"uInterestCoverage: 4 of 8 available rows are not computable AND report a positive `totalDebt` on the SAME row, so the refusal cannot mean the flag is inapplicable to this company -- it is missing data. Flag was ABSTAINED -- 4 row(s) is under the 6-row partial-window floor.",4.0,-0.04,per_item
FinManager,ASLI.L,stage1_veto:refused_rows,"uInterestCoverage: 6 of 8 available rows are not computable AND report a positive `totalDebt` on the SAME row, so the refusal cannot mean the flag is inapplicable to this company -- it is missing data. Flag was ABSTAINED -- 2 row(s) is under the 6-row partial-window floor.",6.0,-0.06,per_item
general,CLMB,stage1_veto:refused_rows,"uInterestCoverage: 6 of 8 available rows are not computable AND report a positive `totalDebt` on the SAME row, so the refusal cannot mean the flag is inapplicable to this company -- it is missing data. Flag was ABSTAINED -- 2 row(s) is under the 6-row partial-window floor.",6.0,-0.06,per_item
,CORZ,forensic_gap:beneish_components,"no usable vendor data for: receivables days (DSRI), gross margin (GMI)",2.0,-0.02,per_item
,CORZ,forensic_gap:no_verdict,"the Beneish M-score could not be formed for this name, so the manipulation assessment is ABSENT -- not clean: no usable vendor data for: receivables days (DSRI), gross margin (GMI)",1.0,-0.01,per_item
general,CORZ,stage1_veto:refused_rows,"uInterestCoverage: 3 of 8 available rows are not computable AND report a positive `totalDebt` on the SAME row, so the refusal cannot mean the flag is inapplicable to this company -- it is missing data. Flag was ABSTAINED -- 5 row(s) is under the 6-row partial-window floor.",3.0,-0.03,per_item
general,EMEIS.PA,stage1_veto:refused_rows,"uInterestCoverage: 6 of 8 available rows are not computable AND report a positive `totalDebt` on the SAME row, so the refusal cannot mean the flag is inapplicable to this company -- it is missing data. Flag was ABSTAINED -- 2 row(s) is under the 6-row partial-window floor.",6.0,-0.06,per_item
general,EPRX.TO,stage1_veto:refused_rows,"uInterestCoverage: 6 of 8 available rows are not computable AND report a positive `totalDebt` on the SAME row, so the refusal cannot mean the flag is inapplicable to this company -- it is missing data. Flag was ABSTAINED -- 2 row(s) is under the 6-row partial-window floor.",6.0,-0.06,per_item
general,FOUR.L,stage1_veto:refused_rows,"uInterestCoverage: 6 of 8 available rows are not computable AND report a positive `totalDebt` on the SAME row, so the refusal cannot mean the flag is inapplicable to this company -- it is missing data. Flag was ABSTAINED -- 2 row(s) is under the 6-row partial-window floor.",6.0,-0.06,per_item
general,GMED,stage1_veto:refused_rows,"uInterestCoverage: 6 of 8 available rows are not computable AND report a positive `totalDebt` on the SAME row, so the refusal cannot mean the flag is inapplicable to this company -- it is missing data. Flag was ABSTAINED -- 2 row(s) is under the 6-row partial-window floor.",6.0,-0.06,per_item
general,JSE.L,stage1_veto:refused_rows,"uInterestCoverage: 6 of 8 available rows are not computable AND report a positive `totalDebt` on the SAME row, so the refusal cannot mean the flag is inapplicable to this company -- it is missing data. Flag was ABSTAINED -- 2 row(s) is under the 6-row partial-window floor.",6.0,-0.06,per_item
general,LSCC,stage1_veto:refused_rows,"uInterestCoverage: 6 of 8 available rows are not computable AND report a positive `totalDebt` on the SAME row, so the refusal cannot mean the flag is inapplicable to this company -- it is missing data. Flag was ABSTAINED -- 2 row(s) is under the 6-row partial-window floor.",6.0,-0.06,per_item
general,MPE.L,stage1_veto:refused_rows,"uInterestCoverage: 6 of 8 available rows are not computable AND report a positive `totalDebt` on the SAME row, so the refusal cannot mean the flag is inapplicable to this company -- it is missing data. Flag was ABSTAINED -- 2 row(s) is under the 6-row partial-window floor.",6.0,-0.06,per_item
general,NXFIL.AS,stage1_veto:refused_rows,"uInterestCoverage: 6 of 8 available rows are not computable AND report a positive `totalDebt` on the SAME row, so the refusal cannot mean the flag is inapplicable to this company -- it is missing data. Flag was ABSTAINED -- 2 row(s) is under the 6-row partial-window floor.",6.0,-0.06,per_item
general,OPXS,stage1_veto:refused_rows,"uInterestCoverage: 6 of 8 available rows are not computable AND report a positive `totalDebt` on the SAME row, so the refusal cannot mean the flag is inapplicable to this company -- it is missing data. Flag was ABSTAINED -- 2 row(s) is under the 6-row partial-window floor.",6.0,-0.06,per_item
general,OSPN,stage1_veto:refused_rows,"uInterestCoverage: 6 of 8 available rows are not computable AND report a positive `totalDebt` on the SAME row, so the refusal cannot mean the flag is inapplicable to this company -- it is missing data. Flag was ABSTAINED -- 2 row(s) is under the 6-row partial-window floor.",6.0,-0.06,per_item
general,PHAR.L,stage1_veto:refused_rows,"uInterestCoverage: 6 of 8 available rows are not computable AND report a positive `totalDebt` on the SAME row, so the refusal cannot mean the flag is inapplicable to this company -- it is missing data. Flag was ABSTAINED -- 1 row(s) is under the 6-row partial-window floor.",6.0,-0.06,per_item
general,PROF,stage1_veto:refused_rows,"uInterestCoverage: 6 of 8 available rows are not computable AND report a positive `totalDebt` on the SAME row, so the refusal cannot mean the flag is inapplicable to this company -- it is missing data. Flag was ABSTAINED -- 2 row(s) is under the 6-row partial-window floor.",6.0,-0.06,per_item
,SACI.PA,forensic_gap:beneish_components,no usable vendor data for: gross margin (GMI),1.0,-0.01,per_item
,SACI.PA,forensic_gap:no_verdict,"the Beneish M-score could not be formed for this name, so the manipulation assessment is ABSENT -- not clean: no usable vendor data for: gross margin (GMI)",1.0,-0.01,per_item
general,SACI.PA,stage1_veto:refused_rows,"uInterestCoverage: 4 of 8 available rows are not computable AND report a positive `totalDebt` on the SAME row, so the refusal cannot mean the flag is inapplicable to this company -- it is missing data. Flag was ABSTAINED -- 4 row(s) is under the 6-row partial-window floor.",4.0,-0.04,per_item
general,SMMT,stage1_veto:refused_rows,"uInterestCoverage: 6 of 8 available rows are not computable AND report a positive `totalDebt` on the SAME row, so the refusal cannot mean the flag is inapplicable to this company -- it is missing data. Flag was ABSTAINED -- 2 row(s) is under the 6-row partial-window floor.",6.0,-0.06,per_item
general,SPRY,stage1_veto:refused_rows,"uInterestCoverage: 6 of 8 available rows are not computable AND report a positive `totalDebt` on the SAME row, so the refusal cannot mean the flag is inapplicable to this company -- it is missing data. Flag was ABSTAINED -- 2 row(s) is under the 6-row partial-window floor.",6.0,-0.06,per_item
general,TOM2.AS,stage1_veto:refused_rows,"uInterestCoverage: 6 of 8 available rows are not computable AND report a positive `totalDebt` on the SAME row, so the refusal cannot mean the flag is inapplicable to this company -- it is missing data. Flag was ABSTAINED -- 2 row(s) is under the 6-row partial-window floor.",6.0,-0.06,per_item
general,VTEX,stage1_veto:refused_rows,"uInterestCoverage: 6 of 8 available rows are not computable AND report a positive `totalDebt` on the SAME row, so the refusal cannot mean the flag is inapplicable to this company -- it is missing data. Flag was ABSTAINED -- 2 row(s) is under the 6-row partial-window floor.",6.0,-0.06,per_item
general,ZPHR.L,stage1_veto:refused_rows,"uInterestCoverage: 6 of 8 available rows are not computable AND report a positive `totalDebt` on the SAME row, so the refusal cannot mean the flag is inapplicable to this company -- it is missing data. Flag was ABSTAINED -- 2 row(s) is under the 6-row partial-window floor.",6.0,-0.06,per_item
FinManager,026890.KS,stage1_veto:refused_rows,"uInterestCoverage: 5 of 8 available rows are not computable AND report a positive `totalDebt` on the SAME row, so the refusal cannot mean the flag is inapplicable to this company -- it is missing data. Flag was ABSTAINED -- 0 row(s) is under the 6-row partial-window floor.",5.0,-0.05,per_item
,078130.KQ,forensic_gap:beneish_components,"no usable vendor data for: receivables days (DSRI), gross margin (GMI), SG&A intensity (SGAI)",3.0,-0.03,per_item
,078130.KQ,forensic_gap:no_verdict,"the Beneish M-score could not be formed for this name, so the manipulation assessment is ABSENT -- not clean: no usable vendor data for: receivables days (DSRI), gross margin (GMI), SG&A intensity (SGAI)",1.0,-0.01,per_item
Mining,078130.KQ,stage1_veto:refused_rows,"producerEbitdaPositive: 1 of 8 available rows are not computable AND report no `revenue` figure at all, or a NEGATIVE one on the SAME row, so the refusal cannot mean the flag is inapplicable to this company -- it is missing data. Flag was JUDGED on the 7 row(s) that compute.",1.0,-0.01,per_item
general,0QKP.L,stage1_veto:refused_rows,"uInterestCoverage: 5 of 8 available rows are not computable AND report a positive `totalDebt` on the SAME row, so the refusal cannot mean the flag is inapplicable to this company -- it is missing data. Flag was ABSTAINED -- 3 row(s) is under the 6-row partial-window floor.",5.0,-0.05,per_item
,100130.KQ,forensic_gap:beneish_components,"no usable vendor data for: receivables days (DSRI), gross margin (GMI), SG&A intensity (SGAI)",3.0,-0.03,per_item
,100130.KQ,forensic_gap:no_verdict,"the Beneish M-score could not be formed for this name, so the manipulation assessment is ABSENT -- not clean: no usable vendor data for: receivables days (DSRI), gross margin (GMI), SG&A intensity (SGAI)",1.0,-0.01,per_item
Mining,100130.KQ,stage1_veto:refused_rows,"producerEbitdaPositive: 1 of 8 available rows are not computable AND report no `revenue` figure at all, or a NEGATIVE one on the SAME row, so the refusal cannot mean the flag is inapplicable to this company -- it is missing data. Flag was JUDGED on the 7 row(s) that compute.",1.0,-0.01,per_item
FinManager,ALAUD.PA,stage1_veto:refused_rows,"uInterestCoverage: 5 of 8 available rows are not computable AND report a positive `totalDebt` on the SAME row, so the refusal cannot mean the flag is inapplicable to this company -- it is missing data. Flag was ABSTAINED -- 3 row(s) is under the 6-row partial-window floor.",5.0,-0.05,per_item
FinManager,ALBON.PA,stage1_veto:refused_rows,"uInterestCoverage: 5 of 8 available rows are not computable AND report a positive `totalDebt` on the SAME row, so the refusal cannot mean the flag is inapplicable to this company -- it is missing data. Flag was ABSTAINED -- 3 row(s) is under the 6-row partial-window floor.",5.0,-0.05,per_item
,ALDEL.PA,forensic_gap:beneish_components,"no usable vendor data for: gross margin (GMI), SG&A intensity (SGAI)",2.0,-0.02,per_item
,ALDEL.PA,forensic_gap:no_verdict,"the Beneish M-score could not be formed for this name, so the manipulation assessment is ABSENT -- not clean: no usable vendor data for: gross margin (GMI), SG&A intensity (SGAI)",1.0,-0.01,per_item
general,ALDEL.PA,stage1_veto:refused_rows,"uInterestCoverage: 2 of 8 available rows are not computable AND report a positive `totalDebt` on the SAME row, so the refusal cannot mean the flag is inapplicable to this company -- it is missing data. Flag was JUDGED on the 6 row(s) that compute.",2.0,-0.02,per_item
general,ALHYP.PA,stage1_veto:refused_rows,"uInterestCoverage: 5 of 8 available rows are not computable AND report a positive `totalDebt` on the SAME row, so the refusal cannot mean the flag is inapplicable to this company -- it is missing data. Flag was ABSTAINED -- 3 row(s) is under the 6-row partial-window floor.",5.0,-0.05,per_item
,ALKEY.PA,forensic_gap:beneish_components,no usable vendor data for: SG&A intensity (SGAI),1.0,-0.01,per_item
,ALKEY.PA,forensic_gap:no_verdict,"the Beneish M-score could not be formed for this name, so the manipulation assessment is ABSENT -- not clean: no usable vendor data for: SG&A intensity (SGAI)",1.0,-0.01,per_item
general,ALKEY.PA,stage1_veto:refused_rows,"uInterestCoverage: 3 of 8 available rows are not computable AND report a positive `totalDebt` on the SAME row, so the refusal cannot mean the flag is inapplicable to this company -- it is missing data. Flag was ABSTAINED -- 5 row(s) is under the 6-row partial-window floor.",3.0,-0.03,per_item
FinManager,ANTIN.PA,stage1_veto:refused_rows,"uInterestCoverage: 5 of 8 available rows are not computable AND report a positive `totalDebt` on the SAME row, so the refusal cannot mean the flag is inapplicable to this company -- it is missing data. Flag was ABSTAINED -- 3 row(s) is under the 6-row partial-window floor.",5.0,-0.05,per_item
general,ATEN,stage1_veto:refused_rows,"uInterestCoverage: 5 of 8 available rows are not computable AND report a positive `totalDebt` on the SAME row, so the refusal cannot mean the flag is inapplicable to this company -- it is missing data. Flag was ABSTAINED -- 3 row(s) is under the 6-row partial-window floor.",5.0,-0.05,per_item
general,BEN.PA,stage1_veto:refused_rows,"uInterestCoverage: 5 of 8 available rows are not computable AND report a positive `totalDebt` on the SAME row, so the refusal cannot mean the flag is inapplicable to this company -- it is missing data. Flag was ABSTAINED -- 3 row(s) is under the 6-row partial-window floor.",5.0,-0.05,per_item
,BOL.PA,forensic_gap:beneish_components,"no usable vendor data for: receivables days (DSRI), gross margin (GMI)",2.0,-0.02,per_item
,BOL.PA,forensic_gap:no_verdict,"the Beneish M-score could not be formed for this name, so the manipulation assessment is ABSENT -- not clean: no usable vendor data for: receivables days (DSRI), gross margin (GMI)",1.0,-0.01,per_item
general,BOL.PA,stage1_veto:refused_rows,"uInterestCoverage: 2 of 8 available rows are not computable AND report a positive `totalDebt` on the SAME row, so the refusal cannot mean the flag is inapplicable to this company -- it is missing data. Flag was JUDGED on the 6 row(s) that compute.",2.0,-0.02,per_item
general,BOSC,stage1_veto:refused_rows,"uInterestCoverage: 5 of 8 available rows are not computable AND report a positive `totalDebt` on the SAME row, so the refusal cannot mean the flag is inapplicable to this company -- it is missing data. Flag was ABSTAINED -- 3 row(s) is under the 6-row partial-window floor.",5.0,-0.05,per_item
general,CDXS,stage1_veto:refused_rows,"uInterestCoverage: 5 of 8 available rows are not computable AND report a positive `totalDebt` on the SAME row, so the refusal cannot mean the flag is inapplicable to this company -- it is missing data. Flag was ABSTAINED -- 3 row(s) is under the 6-row partial-window floor.",5.0,-0.05,per_item
REIT,CUBE,stage1_veto:refused_rows,"reitEbitdaInterestCoverage: 5 of 8 available rows are not computable AND report a positive `totalDebt` on the SAME row, so the refusal cannot mean the flag is inapplicable to this company -- it is missing data. Flag was ABSTAINED -- 3 row(s) is under the 6-row partial-window floor.",5.0,-0.05,per_item
general,DBV.PA,stage1_veto:refused_rows,"uInterestCoverage: 5 of 8 available rows are not computable AND report a positive `totalDebt` on the SAME row, so the refusal cannot mean the flag is inapplicable to this company -- it is missing data. Flag was ABSTAINED -- 3 row(s) is under the 6-row partial-window floor.",5.0,-0.05,per_item
general,DRTS,stage1_veto:refused_rows,"uInterestCoverage: 5 of 8 available rows are not computable AND report a positive `totalDebt` on the SAME row, so the refusal cannot mean the flag is inapplicable to this company -- it is missing data. Flag was ABSTAINED -- 3 row(s) is under the 6-row partial-window floor.",5.0,-0.05,per_item
FinManager,EJFZ.L,stage1_veto:refused_rows,"uInterestCoverage: 5 of 8 available rows are not computable AND report a positive `totalDebt` on the SAME row, so the refusal cannot mean the flag is inapplicable to this company -- it is missing data. Flag was ABSTAINED -- 2 row(s) is under the 6-row partial-window floor.",5.0,-0.05,per_item
general,EME,stage1_veto:refused_rows,"uInterestCoverage: 5 of 8 available rows are not computable AND report a positive `totalDebt` on the SAME row, so the refusal cannot mean the flag is inapplicable to this company -- it is missing data. Flag was ABSTAINED -- 3 row(s) is under the 6-row partial-window floor.",5.0,-0.05,per_item
general,GDEV,stage1_veto:refused_rows,"uInterestCoverage: 5 of 8 available rows are not computable AND report a positive `totalDebt` on the SAME row, so the refusal cannot mean the flag is inapplicable to this company -- it is missing data. Flag was ABSTAINED -- 3 row(s) is under the 6-row partial-window floor.",5.0,-0.05,per_item
general,GTT.PA,stage1_veto:refused_rows,"uInterestCoverage: 5 of 8 available rows are not computable AND report a positive `totalDebt` on the SAME row, so the refusal cannot mean the flag is inapplicable to this company -- it is missing data. Flag was ABSTAINED -- 3 row(s) is under the 6-row partial-window floor.",5.0,-0.05,per_item
general,HDF.PA,stage1_veto:refused_rows,"uInterestCoverage: 5 of 8 available rows are not computable AND report a positive `totalDebt` on the SAME row, so the refusal cannot mean the flag is inapplicable to this company -- it is missing data. Flag was ABSTAINED -- 3 row(s) is under the 6-row partial-window floor.",5.0,-0.05,per_item
general,HIK.L,stage1_veto:refused_rows,"uInterestCoverage: 5 of 8 available rows are not computable AND report a positive `totalDebt` on the SAME row, so the refusal cannot mean the flag is inapplicable to this company -- it is missing data. Flag was ABSTAINED -- 3 row(s) is under the 6-row partial-window floor.",5.0,-0.05,per_item
general,KOSS,stage1_veto:refused_rows,"uInterestCoverage: 5 of 8 available rows are not computable AND report a positive `totalDebt` on the SAME row, so the refusal cannot mean the flag is inapplicable to this company -- it is missing data. Flag was ABSTAINED -- 3 row(s) is under the 6-row partial-window floor.",5.0,-0.05,per_item
,KSPI,forensic_gap:no_verdict,"the Beneish M-score could not be formed for this name, so the manipulation assessment is ABSENT -- not clean: fewer than half the trailing-year periods are computable (0 of 4), so the mean would not be a trailing-year mean",1.0,-0.01,per_item
general,KSPI,stage1_veto:refused_rows,"uInterestCoverage: 4 of 8 available rows are not computable AND report a positive `totalDebt` on the SAME row, so the refusal cannot mean the flag is inapplicable to this company -- it is missing data. Flag was ABSTAINED -- 4 row(s) is under the 6-row partial-window floor.",4.0,-0.04,per_item
,LACR.PA,forensic_gap:beneish_components,no usable vendor data for: SG&A intensity (SGAI),1.0,-0.01,per_item
,LACR.PA,forensic_gap:no_verdict,"the Beneish M-score could not be formed for this name, so the manipulation assessment is ABSENT -- not clean: no usable vendor data for: SG&A intensity (SGAI)",1.0,-0.01,per_item
general,LACR.PA,stage1_veto:refused_rows,"uInterestCoverage: 3 of 8 available rows are not computable AND report a positive `totalDebt` on the SAME row, so the refusal cannot mean the flag is inapplicable to this company -- it is missing data. Flag was ABSTAINED -- 5 row(s) is under the 6-row partial-window floor.",3.0,-0.03,per_item
general,MALT.PA,stage1_veto:refused_rows,"uInterestCoverage: 5 of 8 available rows are not computable AND report a positive `totalDebt` on the SAME row, so the refusal cannot mean the flag is inapplicable to this company -- it is missing data. Flag was ABSTAINED -- 3 row(s) is under the 6-row partial-window floor.",5.0,-0.05,per_item
general,NRXP,stage1_veto:refused_rows,"uInterestCoverage: 5 of 8 available rows are not computable AND report a positive `totalDebt` on the SAME row, so the refusal cannot mean the flag is inapplicable to this company -- it is missing data. Flag was ABSTAINED -- 3 row(s) is under the 6-row partial-window floor.",5.0,-0.05,per_item
,OCI.AS,forensic_gap:beneish_components,"no usable vendor data for: receivables days (DSRI), gross margin (GMI)",2.0,-0.02,per_item
,OCI.AS,forensic_gap:no_verdict,"the Beneish M-score could not be formed for this name, so the manipulation assessment is ABSENT -- not clean: no usable vendor data for: receivables days (DSRI), gross margin (GMI)",1.0,-0.01,per_item
Mining,OCI.AS,stage1_veto:refused_rows,"producerEbitdaPositive: 2 of 8 available rows are not computable AND report no `revenue` figure at all, or a NEGATIVE one on the SAME row, so the refusal cannot mean the flag is inapplicable to this company -- it is missing data. Flag was JUDGED on the 6 row(s) that compute.",2.0,-0.02,per_item
general,OOMA,stage1_veto:refused_rows,"uInterestCoverage: 5 of 8 available rows are not computable AND report a positive `totalDebt` on the SAME row, so the refusal cannot mean the flag is inapplicable to this company -- it is missing data. Flag was ABSTAINED -- 3 row(s) is under the 6-row partial-window floor.",5.0,-0.05,per_item
general,PAYO,stage1_veto:refused_rows,"uInterestCoverage: 5 of 8 available rows are not computable AND report a positive `totalDebt` on the SAME row, so the refusal cannot mean the flag is inapplicable to this company -- it is missing data. Flag was ABSTAINED -- 3 row(s) is under the 6-row partial-window floor.",5.0,-0.05,per_item
general,PL,stage1_veto:refused_rows,"uInterestCoverage: 5 of 8 available rows are not computable AND report a positive `totalDebt` on the SAME row, so the refusal cannot mean the flag is inapplicable to this company -- it is missing data. Flag was ABSTAINED -- 3 row(s) is under the 6-row partial-window floor.",5.0,-0.05,per_item
,POWW,forensic_gap:beneish_components,"no usable vendor data for: receivables days (DSRI), gross margin (GMI)",2.0,-0.02,per_item
,POWW,forensic_gap:no_verdict,"the Beneish M-score could not be formed for this name, so the manipulation assessment is ABSENT -- not clean: no usable vendor data for: receivables days (DSRI), gross margin (GMI)",1.0,-0.01,per_item
general,POWW,stage1_veto:refused_rows,"uInterestCoverage: 2 of 8 available rows are not computable AND report a positive `totalDebt` on the SAME row, so the refusal cannot mean the flag is inapplicable to this company -- it is missing data. Flag was JUDGED on the 6 row(s) that compute.",2.0,-0.02,per_item
,TE.PA,forensic_gap:beneish_components,no usable vendor data for: gross margin (GMI),1.0,-0.01,per_item
,TE.PA,forensic_gap:no_verdict,"the Beneish M-score could not be formed for this name, so the manipulation assessment is ABSENT -- not clean: no usable vendor data for: gross margin (GMI)",1.0,-0.01,per_item
general,TE.PA,stage1_veto:refused_rows,"uInterestCoverage: 3 of 8 available rows are not computable AND report a positive `totalDebt` on the SAME row, so the refusal cannot mean the flag is inapplicable to this company -- it is missing data. Flag was ABSTAINED -- 5 row(s) is under the 6-row partial-window floor.",3.0,-0.03,per_item
,TMI.L,forensic_gap:beneish_components,"no usable vendor data for: receivables days (DSRI), gross margin (GMI), SG&A intensity (SGAI)",3.0,-0.03,per_item
,TMI.L,forensic_gap:no_verdict,"the Beneish M-score could not be formed for this name, so the manipulation assessment is ABSENT -- not clean: no usable vendor data for: receivables days (DSRI), gross margin (GMI), SG&A intensity (SGAI)",1.0,-0.01,per_item
general,TMI.L,stage1_veto:refused_rows,"uInterestCoverage: 1 of 8 available rows are not computable AND report a positive `totalDebt` on the SAME row, so the refusal cannot mean the flag is inapplicable to this company -- it is missing data. Flag was ABSTAINED -- 1 row(s) is under the 6-row partial-window floor.",1.0,-0.01,per_item
,035420.KS,forensic_gap:beneish_components,"no usable vendor data for: gross margin (GMI), SG&A intensity (SGAI)",2.0,-0.02,per_item
,035420.KS,forensic_gap:no_verdict,"the Beneish M-score could not be formed for this name, so the manipulation assessment is ABSENT -- not clean: no usable vendor data for: gross margin (GMI), SG&A intensity (SGAI)",1.0,-0.01,per_item
general,035420.KS,stage1_veto:refused_rows,"uInterestCoverage: 1 of 8 available rows are not computable AND report a positive `totalDebt` on the SAME row, so the refusal cannot mean the flag is inapplicable to this company -- it is missing data. Flag was JUDGED on the 7 row(s) that compute.",1.0,-0.01,per_item
,060250.KQ,forensic_gap:beneish_components,no usable vendor data for: SG&A intensity (SGAI),1.0,-0.01,per_item
,060250.KQ,forensic_gap:no_verdict,"the Beneish M-score could not be formed for this name, so the manipulation assessment is ABSENT -- not clean: no usable vendor data for: SG&A intensity (SGAI)",1.0,-0.01,per_item
general,060250.KQ,stage1_veto:refused_rows,"uInterestCoverage: 2 of 8 available rows are not computable AND report a positive `totalDebt` on the SAME row, so the refusal cannot mean the flag is inapplicable to this company -- it is missing data. Flag was JUDGED on the 6 row(s) that compute.",2.0,-0.02,per_item
,0F0J.L,forensic_gap:beneish_components,"no usable vendor data for: receivables days (DSRI), gross margin (GMI), SG&A intensity (SGAI)",3.0,-0.03,per_item
,0F0J.L,forensic_gap:no_verdict,"the Beneish M-score could not be formed for this name, so the manipulation assessment is ABSENT -- not clean: no usable vendor data for: receivables days (DSRI), gross margin (GMI), SG&A intensity (SGAI)",1.0,-0.01,per_item
general,0NZY.L,stage1_veto:refused_rows,"uInterestCoverage: 4 of 8 available rows are not computable AND report a positive `totalDebt` on the SAME row, so the refusal cannot mean the flag is inapplicable to this company -- it is missing data. Flag was ABSTAINED -- 4 row(s) is under the 6-row partial-window floor.",4.0,-0.04,per_item
,0W1Q.L,forensic_gap:beneish_components,"no usable vendor data for: receivables days (DSRI), gross margin (GMI), SG&A intensity (SGAI)",3.0,-0.03,per_item
,0W1Q.L,forensic_gap:no_verdict,"the Beneish M-score could not be formed for this name, so the manipulation assessment is ABSENT -- not clean: no usable vendor data for: receivables days (DSRI), gross margin (GMI), SG&A intensity (SGAI)",1.0,-0.01,per_item
,ADYEN.AS,forensic_gap:beneish_components,no usable vendor data for: SG&A intensity (SGAI),1.0,-0.01,per_item
,ADYEN.AS,forensic_gap:no_verdict,"the Beneish M-score could not be formed for this name, so the manipulation assessment is ABSENT -- not clean: no usable vendor data for: SG&A intensity (SGAI)",1.0,-0.01,per_item
general,ADYEN.AS,stage1_veto:refused_rows,"uInterestCoverage: 2 of 8 available rows are not computable AND report a positive `totalDebt` on the SAME row, so the refusal cannot mean the flag is inapplicable to this company -- it is missing data. Flag was JUDGED on the 6 row(s) that compute.",2.0,-0.02,per_item
,AGMR.TO,forensic_gap:beneish_components,"no usable vendor data for: receivables days (DSRI), gross margin (GMI), sales growth (SGI), depreciation rate (DEPI), SG&A intensity (SGAI)",3.0,-0.03,per_item
,AGMR.TO,forensic_gap:no_verdict,"the Beneish M-score could not be formed for this name, so the manipulation assessment is ABSENT -- not clean: no usable vendor data for: receivables days (DSRI), gross margin (GMI), sales growth (SGI), depreciation rate (DEPI), SG&A intensity (SGAI)",1.0,-0.01,per_item
general,ALCAF.PA,stage1_veto:refused_rows,"uInterestCoverage: 4 of 8 available rows are not computable AND report a positive `totalDebt` on the SAME row, so the refusal cannot mean the flag is inapplicable to this company -- it is missing data. Flag was ABSTAINED -- 4 row(s) is under the 6-row partial-window floor.",4.0,-0.04,per_item
general,ALISP.PA,stage1_veto:refused_rows,"uInterestCoverage: 4 of 8 available rows are not computable AND report a positive `totalDebt` on the SAME row, so the refusal cannot mean the flag is inapplicable to this company -- it is missing data. Flag was ABSTAINED -- 4 row(s) is under the 6-row partial-window floor.",4.0,-0.04,per_item
,ALWEC.PA,forensic_gap:beneish_components,no usable vendor data for: SG&A intensity (SGAI),1.0,-0.01,per_item
,ALWEC.PA,forensic_gap:no_verdict,"the Beneish M-score could not be formed for this name, so the manipulation assessment is ABSENT -- not clean: no usable vendor data for: SG&A intensity (SGAI)",1.0,-0.01,per_item
general,ALWEC.PA,stage1_veto:refused_rows,"uInterestCoverage: 2 of 8 available rows are not computable AND report a positive `totalDebt` on the SAME row, so the refusal cannot mean the flag is inapplicable to this company -- it is missing data. Flag was JUDGED on the 6 row(s) that compute.",2.0,-0.02,per_item
,APAM.AS,forensic_gap:beneish_components,"no usable vendor data for: receivables days (DSRI), gross margin (GMI), SG&A intensity (SGAI)",3.0,-0.03,per_item
,APAM.AS,forensic_gap:no_verdict,"the Beneish M-score could not be formed for this name, so the manipulation assessment is ABSENT -- not clean: no usable vendor data for: receivables days (DSRI), gross margin (GMI), SG&A intensity (SGAI)",1.0,-0.01,per_item
,ARA.TO,forensic_gap:beneish_components,"no usable vendor data for: receivables days (DSRI), gross margin (GMI), sales growth (SGI), depreciation rate (DEPI), SG&A intensity (SGAI)",3.0,-0.03,per_item
,ARA.TO,forensic_gap:no_verdict,"the Beneish M-score could not be formed for this name, so the manipulation assessment is ABSENT -- not clean: no usable vendor data for: receivables days (DSRI), gross margin (GMI), sales growth (SGI), depreciation rate (DEPI), SG&A intensity (SGAI)",1.0,-0.01,per_item
,ATX.TO,forensic_gap:beneish_components,"no usable vendor data for: receivables days (DSRI), gross margin (GMI), sales growth (SGI), SG&A intensity (SGAI)",3.0,-0.03,per_item
,ATX.TO,forensic_gap:no_verdict,"the Beneish M-score could not be formed for this name, so the manipulation assessment is ABSENT -- not clean: no usable vendor data for: receivables days (DSRI), gross margin (GMI), sales growth (SGI), SG&A intensity (SGAI)",1.0,-0.01,per_item
,BSX.TO,forensic_gap:beneish_components,"no usable vendor data for: receivables days (DSRI), gross margin (GMI), sales growth (SGI), depreciation rate (DEPI), SG&A intensity (SGAI)",3.0,-0.03,per_item
,BSX.TO,forensic_gap:no_verdict,"the Beneish M-score could not be formed for this name, so the manipulation assessment is ABSENT -- not clean: no usable vendor data for: receivables days (DSRI), gross margin (GMI), sales growth (SGI), depreciation rate (DEPI), SG&A intensity (SGAI)",1.0,-0.01,per_item
general,CABKA.AS,stage1_veto:refused_rows,"uInterestCoverage: 4 of 8 available rows are not computable AND report a positive `totalDebt` on the SAME row, so the refusal cannot mean the flag is inapplicable to this company -- it is missing data. Flag was ABSTAINED -- 4 row(s) is under the 6-row partial-window floor.",4.0,-0.04,per_item
,CBDG.PA,forensic_gap:beneish_components,"no usable vendor data for: gross margin (GMI), SG&A intensity (SGAI)",2.0,-0.02,per_item
,CBDG.PA,forensic_gap:no_verdict,"the Beneish M-score could not be formed for this name, so the manipulation assessment is ABSENT -- not clean: no usable vendor data for: gross margin (GMI), SG&A intensity (SGAI)",1.0,-0.01,per_item
general,CBDG.PA,stage1_veto:refused_rows,"uInterestCoverage: 1 of 8 available rows are not computable AND report a positive `totalDebt` on the SAME row, so the refusal cannot mean the flag is inapplicable to this company -- it is missing data. Flag was ABSTAINED -- 3 row(s) is under the 6-row partial-window floor.",1.0,-0.01,per_item
REIT,CBOT.PA,stage1_veto:refused_rows,"reitEbitdaInterestCoverage: 4 of 8 available rows are not computable AND report a positive `totalDebt` on the SAME row, so the refusal cannot mean the flag is inapplicable to this company -- it is missing data. Flag was ABSTAINED -- 4 row(s) is under the 6-row partial-window floor.",4.0,-0.04,per_item
,CCM.TO,forensic_gap:beneish_components,"no usable vendor data for: receivables days (DSRI), gross margin (GMI), asset quality (AQI), sales growth (SGI), depreciation rate (DEPI), SG&A intensity (SGAI)",3.0,-0.03,per_item
,CCM.TO,forensic_gap:no_verdict,"the Beneish M-score could not be formed for this name, so the manipulation assessment is ABSENT -- not clean: no usable vendor data for: receivables days (DSRI), gross margin (GMI), asset quality (AQI), sales growth (SGI), depreciation rate (DEPI), SG&A intensity (SGAI)",1.0,-0.01,per_item
,CHG.L,forensic_gap:beneish_components,"no usable vendor data for: gross margin (GMI), SG&A intensity (SGAI)",2.0,-0.02,per_item
,CHG.L,forensic_gap:no_verdict,"the Beneish M-score could not be formed for this name, so the manipulation assessment is ABSENT -- not clean: no usable vendor data for: gross margin (GMI), SG&A intensity (SGAI)",1.0,-0.01,per_item
general,CHG.L,stage1_veto:refused_rows,"uInterestCoverage: 1 of 8 available rows are not computable AND report a positive `totalDebt` on the SAME row, so the refusal cannot mean the flag is inapplicable to this company -- it is missing data. Flag was JUDGED on the 7 row(s) that compute.",1.0,-0.01,per_item
,CNL.TO,forensic_gap:beneish_components,"no usable vendor data for: receivables days (DSRI), gross margin (GMI), sales growth (SGI), SG&A intensity (SGAI)",3.0,-0.03,per_item
,CNL.TO,forensic_gap:no_verdict,"the Beneish M-score could not be formed for this name, so the manipulation assessment is ABSENT -- not clean: no usable vendor data for: receivables days (DSRI), gross margin (GMI), sales growth (SGI), SG&A intensity (SGAI)",1.0,-0.01,per_item
general,CTEC.L,stage1_veto:refused_rows,"uInterestCoverage: 4 of 8 available rows are not computable AND report a positive `totalDebt` on the SAME row, so the refusal cannot mean the flag is inapplicable to this company -- it is missing data. Flag was ABSTAINED -- 4 row(s) is under the 6-row partial-window floor.",4.0,-0.04,per_item
,DR.TO,forensic_gap:beneish_components,no usable vendor data for: SG&A intensity (SGAI),1.0,-0.01,per_item
,DR.TO,forensic_gap:no_verdict,"the Beneish M-score could not be formed for this name, so the manipulation assessment is ABSENT -- not clean: no usable vendor data for: SG&A intensity (SGAI)",1.0,-0.01,per_item
general,DR.TO,stage1_veto:refused_rows,"uInterestCoverage: 2 of 8 available rows are not computable AND report a positive `totalDebt` on the SAME row, so the refusal cannot mean the flag is inapplicable to this company -- it is missing data. Flag was JUDGED on the 6 row(s) that compute.",2.0,-0.02,per_item
general,EFN.TO,stage1_veto:refused_rows,"uInterestCoverage: 4 of 8 available rows are not computable AND report a positive `totalDebt` on the SAME row, so the refusal cannot mean the flag is inapplicable to this company -- it is missing data. Flag was ABSTAINED -- 4 row(s) is under the 6-row partial-window floor.",4.0,-0.04,per_item
general,EFR.TO,stage1_veto:refused_rows,"uInterestCoverage: 4 of 8 available rows are not computable AND report a positive `totalDebt` on the SAME row, so the refusal cannot mean the flag is inapplicable to this company -- it is missing data. Flag was ABSTAINED -- 1 row(s) is under the 6-row partial-window floor.",4.0,-0.04,per_item
,ELO.TO,forensic_gap:beneish_components,"no usable vendor data for: receivables days (DSRI), gross margin (GMI), sales growth (SGI), depreciation rate (DEPI), SG&A intensity (SGAI)",3.0,-0.03,per_item
,ELO.TO,forensic_gap:no_verdict,"the Beneish M-score could not be formed for this name, so the manipulation assessment is ABSENT -- not clean: no usable vendor data for: receivables days (DSRI), gross margin (GMI), sales growth (SGI), depreciation rate (DEPI), SG&A intensity (SGAI)",1.0,-0.01,per_item
,ERD.TO,forensic_gap:beneish_components,"no usable vendor data for: receivables days (DSRI), gross margin (GMI), sales growth (SGI), SG&A intensity (SGAI)",3.0,-0.03,per_item
,ERD.TO,forensic_gap:no_verdict,"the Beneish M-score could not be formed for this name, so the manipulation assessment is ABSENT -- not clean: no usable vendor data for: receivables days (DSRI), gross margin (GMI), sales growth (SGI), SG&A intensity (SGAI)",1.0,-0.01,per_item
,FDY.TO,forensic_gap:beneish_components,"no usable vendor data for: receivables days (DSRI), gross margin (GMI), asset quality (AQI), sales growth (SGI), SG&A intensity (SGAI)",3.0,-0.03,per_item
,FDY.TO,forensic_gap:no_verdict,"the Beneish M-score could not be formed for this name, so the manipulation assessment is ABSENT -- not clean: no usable vendor data for: receivables days (DSRI), gross margin (GMI), asset quality (AQI), sales growth (SGI), SG&A intensity (SGAI)",1.0,-0.01,per_item
,FF.TO,forensic_gap:beneish_components,"no usable vendor data for: receivables days (DSRI), gross margin (GMI), sales growth (SGI), depreciation rate (DEPI), SG&A intensity (SGAI)",3.0,-0.03,per_item
,FF.TO,forensic_gap:no_verdict,"the Beneish M-score could not be formed for this name, so the manipulation assessment is ABSENT -- not clean: no usable vendor data for: receivables days (DSRI), gross margin (GMI), sales growth (SGI), depreciation rate (DEPI), SG&A intensity (SGAI)",1.0,-0.01,per_item
FinManager,FSG.L,stage1_veto:refused_rows,"uInterestCoverage: 4 of 8 available rows are not computable AND report a positive `totalDebt` on the SAME row, so the refusal cannot mean the flag is inapplicable to this company -- it is missing data. Flag was ABSTAINED -- 4 row(s) is under the 6-row partial-window floor.",4.0,-0.04,per_item
,FSY.TO,forensic_gap:beneish_components,"no usable vendor data for: receivables days (DSRI), gross margin (GMI), asset quality (AQI), sales growth (SGI), SG&A intensity (SGAI)",3.0,-0.03,per_item
,FSY.TO,forensic_gap:no_verdict,"the Beneish M-score could not be formed for this name, so the manipulation assessment is ABSENT -- not clean: no usable vendor data for: receivables days (DSRI), gross margin (GMI), asset quality (AQI), sales growth (SGI), SG&A intensity (SGAI)",1.0,-0.01,per_item
,FVA.L,forensic_gap:beneish_components,no usable vendor data for: receivables days (DSRI),1.0,-0.01,per_item
,FVA.L,forensic_gap:no_verdict,"the Beneish M-score could not be formed for this name, so the manipulation assessment is ABSENT -- not clean: no usable vendor data for: receivables days (DSRI)",1.0,-0.01,per_item
general,FVA.L,stage1_veto:refused_rows,"uInterestCoverage: 2 of 8 available rows are not computable AND report a positive `totalDebt` on the SAME row, so the refusal cannot mean the flag is inapplicable to this company -- it is missing data. Flag was JUDGED on the 6 row(s) that compute.",2.0,-0.02,per_item
,FVL.TO,forensic_gap:beneish_components,"no usable vendor data for: receivables days (DSRI), gross margin (GMI), asset quality (AQI), sales growth (SGI), depreciation rate (DEPI), SG&A intensity (SGAI)",3.0,-0.03,per_item
,FVL.TO,forensic_gap:no_verdict,"the Beneish M-score could not be formed for this name, so the manipulation assessment is ABSENT -- not clean: no usable vendor data for: receivables days (DSRI), gross margin (GMI), asset quality (AQI), sales growth (SGI), depreciation rate (DEPI), SG&A intensity (SGAI)",1.0,-0.01,per_item
general,IAM.PA,stage1_veto:refused_rows,"uInterestCoverage: 4 of 8 available rows are not computable AND report a positive `totalDebt` on the SAME row, so the refusal cannot mean the flag is inapplicable to this company -- it is missing data. Flag was ABSTAINED -- 4 row(s) is under the 6-row partial-window floor.",4.0,-0.04,per_item
general,IMO.TO,stage1_veto:refused_rows,"uInterestCoverage: 4 of 8 available rows are not computable AND report a positive `totalDebt` on the SAME row, so the refusal cannot mean the flag is inapplicable to this company -- it is missing data. Flag was ABSTAINED -- 4 row(s) is under the 6-row partial-window floor.",4.0,-0.04,per_item
,ITH.TO,forensic_gap:beneish_components,"no usable vendor data for: receivables days (DSRI), gross margin (GMI), asset quality (AQI), sales growth (SGI), SG&A intensity (SGAI)",3.0,-0.03,per_item
,ITH.TO,forensic_gap:no_verdict,"the Beneish M-score could not be formed for this name, so the manipulation assessment is ABSENT -- not clean: no usable vendor data for: receivables days (DSRI), gross margin (GMI), asset quality (AQI), sales growth (SGI), SG&A intensity (SGAI)",1.0,-0.01,per_item
,IVN.TO,forensic_gap:beneish_components,"no usable vendor data for: receivables days (DSRI), gross margin (GMI), SG&A intensity (SGAI)",3.0,-0.03,per_item
,IVN.TO,forensic_gap:no_verdict,"the Beneish M-score could not be formed for this name, so the manipulation assessment is ABSENT -- not clean: no usable vendor data for: receivables days (DSRI), gross margin (GMI), SG&A intensity (SGAI)",1.0,-0.01,per_item
,KPT.TO,forensic_gap:beneish_components,"no usable vendor data for: receivables days (DSRI), gross margin (GMI), sales growth (SGI), SG&A intensity (SGAI)",3.0,-0.03,per_item
,KPT.TO,forensic_gap:no_verdict,"the Beneish M-score could not be formed for this name, so the manipulation assessment is ABSENT -- not clean: no usable vendor data for: receivables days (DSRI), gross margin (GMI), sales growth (SGI), SG&A intensity (SGAI)",1.0,-0.01,per_item
,LAC,forensic_gap:beneish_components,"no usable vendor data for: receivables days (DSRI), gross margin (GMI), sales growth (SGI), depreciation rate (DEPI), SG&A intensity (SGAI)",3.0,-0.03,per_item
,LAC,forensic_gap:no_verdict,"the Beneish M-score could not be formed for this name, so the manipulation assessment is ABSENT -- not clean: no usable vendor data for: receivables days (DSRI), gross margin (GMI), sales growth (SGI), depreciation rate (DEPI), SG&A intensity (SGAI)",1.0,-0.01,per_item
,LGD.TO,forensic_gap:beneish_components,"no usable vendor data for: receivables days (DSRI), gross margin (GMI), sales growth (SGI), SG&A intensity (SGAI)",3.0,-0.03,per_item
,LGD.TO,forensic_gap:no_verdict,"the Beneish M-score could not be formed for this name, so the manipulation assessment is ABSENT -- not clean: no usable vendor data for: receivables days (DSRI), gross margin (GMI), sales growth (SGI), SG&A intensity (SGAI)",1.0,-0.01,per_item
general,LOCAL.PA,stage1_veto:refused_rows,"uInterestCoverage: 4 of 8 available rows are not computable AND report a positive `totalDebt` on the SAME row, so the refusal cannot mean the flag is inapplicable to this company -- it is missing data. Flag was ABSTAINED -- 4 row(s) is under the 6-row partial-window floor.",4.0,-0.04,per_item
,MARI.TO,forensic_gap:beneish_components,"no usable vendor data for: receivables days (DSRI), gross margin (GMI), sales growth (SGI), depreciation rate (DEPI), SG&A intensity (SGAI)",3.0,-0.03,per_item
,MARI.TO,forensic_gap:no_verdict,"the Beneish M-score could not be formed for this name, so the manipulation assessment is ABSENT -- not clean: no usable vendor data for: receivables days (DSRI), gross margin (GMI), sales growth (SGI), depreciation rate (DEPI), SG&A intensity (SGAI)",1.0,-0.01,per_item
,MAU.TO,forensic_gap:beneish_components,"no usable vendor data for: receivables days (DSRI), gross margin (GMI), sales growth (SGI), depreciation rate (DEPI), SG&A intensity (SGAI)",3.0,-0.03,per_item
,MAU.TO,forensic_gap:no_verdict,"the Beneish M-score could not be formed for this name, so the manipulation assessment is ABSENT -- not clean: no usable vendor data for: receivables days (DSRI), gross margin (GMI), sales growth (SGI), depreciation rate (DEPI), SG&A intensity (SGAI)",1.0,-0.01,per_item
REIT,MEQ.TO,stage1_veto:refused_rows,"reitEbitdaInterestCoverage: 4 of 8 available rows are not computable AND report a positive `totalDebt` on the SAME row, so the refusal cannot mean the flag is inapplicable to this company -- it is missing data. Flag was ABSTAINED -- 4 row(s) is under the 6-row partial-window floor.",4.0,-0.04,per_item
,NANO.TO,forensic_gap:beneish_components,"no usable vendor data for: receivables days (DSRI), gross margin (GMI), sales growth (SGI), SG&A intensity (SGAI)",3.0,-0.03,per_item
,NANO.TO,forensic_gap:no_verdict,"the Beneish M-score could not be formed for this name, so the manipulation assessment is ABSENT -- not clean: no usable vendor data for: receivables days (DSRI), gross margin (GMI), sales growth (SGI), SG&A intensity (SGAI)",1.0,-0.01,per_item
,NCF.TO,forensic_gap:beneish_components,"no usable vendor data for: receivables days (DSRI), gross margin (GMI), asset quality (AQI), sales growth (SGI), SG&A intensity (SGAI)",3.0,-0.03,per_item
,NCF.TO,forensic_gap:no_verdict,"the Beneish M-score could not be formed for this name, so the manipulation assessment is ABSENT -- not clean: no usable vendor data for: receivables days (DSRI), gross margin (GMI), asset quality (AQI), sales growth (SGI), SG&A intensity (SGAI)",1.0,-0.01,per_item
general,NCYT.L,stage1_veto:refused_rows,"uInterestCoverage: 4 of 8 available rows are not computable AND report a positive `totalDebt` on the SAME row, so the refusal cannot mean the flag is inapplicable to this company -- it is missing data. Flag was ABSTAINED -- 4 row(s) is under the 6-row partial-window floor.",4.0,-0.04,per_item
,NDM.TO,forensic_gap:beneish_components,"no usable vendor data for: receivables days (DSRI), gross margin (GMI), asset quality (AQI), sales growth (SGI), depreciation rate (DEPI), SG&A intensity (SGAI)",3.0,-0.03,per_item
,NDM.TO,forensic_gap:no_verdict,"the Beneish M-score could not be formed for this name, so the manipulation assessment is ABSENT -- not clean: no usable vendor data for: receivables days (DSRI), gross margin (GMI), asset quality (AQI), sales growth (SGI), depreciation rate (DEPI), SG&A intensity (SGAI)",1.0,-0.01,per_item
,NG.TO,forensic_gap:beneish_components,"no usable vendor data for: receivables days (DSRI), gross margin (GMI), sales growth (SGI), SG&A intensity (SGAI)",3.0,-0.03,per_item
,NG.TO,forensic_gap:no_verdict,"the Beneish M-score could not be formed for this name, so the manipulation assessment is ABSENT -- not clean: no usable vendor data for: receivables days (DSRI), gross margin (GMI), sales growth (SGI), SG&A intensity (SGAI)",1.0,-0.01,per_item
,NGEX.TO,forensic_gap:beneish_components,"no usable vendor data for: receivables days (DSRI), gross margin (GMI), asset quality (AQI), sales growth (SGI), SG&A intensity (SGAI)",3.0,-0.03,per_item
,NGEX.TO,forensic_gap:no_verdict,"the Beneish M-score could not be formed for this name, so the manipulation assessment is ABSENT -- not clean: no usable vendor data for: receivables days (DSRI), gross margin (GMI), asset quality (AQI), sales growth (SGI), SG&A intensity (SGAI)",1.0,-0.01,per_item
REIT,NRP.AS,stage1_veto:refused_rows,"reitEbitdaInterestCoverage: 4 of 8 available rows are not computable AND report a positive `totalDebt` on the SAME row, so the refusal cannot mean the flag is inapplicable to this company -- it is missing data. Flag was ABSTAINED -- 4 row(s) is under the 6-row partial-window floor.",4.0,-0.04,per_item
,NUAG.TO,forensic_gap:beneish_components,"no usable vendor data for: receivables days (DSRI), gross margin (GMI), asset quality (AQI), sales growth (SGI), depreciation rate (DEPI), SG&A intensity (SGAI)",3.0,-0.03,per_item
,NUAG.TO,forensic_gap:no_verdict,"the Beneish M-score could not be formed for this name, so the manipulation assessment is ABSENT -- not clean: no usable vendor data for: receivables days (DSRI), gross margin (GMI), asset quality (AQI), sales growth (SGI), depreciation rate (DEPI), SG&A intensity (SGAI)",1.0,-0.01,per_item
,OM.TO,forensic_gap:beneish_components,"no usable vendor data for: receivables days (DSRI), gross margin (GMI), sales growth (SGI), depreciation rate (DEPI), SG&A intensity (SGAI)",3.0,-0.03,per_item
,OM.TO,forensic_gap:no_verdict,"the Beneish M-score could not be formed for this name, so the manipulation assessment is ABSENT -- not clean: no usable vendor data for: receivables days (DSRI), gross margin (GMI), sales growth (SGI), depreciation rate (DEPI), SG&A intensity (SGAI)",1.0,-0.01,per_item
REIT,ORIA.PA,stage1_veto:refused_rows,"reitEbitdaInterestCoverage: 4 of 8 available rows are not computable AND report a positive `totalDebt` on the SAME row, so the refusal cannot mean the flag is inapplicable to this company -- it is missing data. Flag was ABSTAINED -- 4 row(s) is under the 6-row partial-window floor.",4.0,-0.04,per_item
general,PHI,stage1_veto:refused_rows,"uInterestCoverage: 4 of 8 available rows are not computable AND report a positive `totalDebt` on the SAME row, so the refusal cannot mean the flag is inapplicable to this company -- it is missing data. Flag was ABSTAINED -- 4 row(s) is under the 6-row partial-window floor.",4.0,-0.04,per_item
general,PLSM,stage1_veto:refused_rows,"uInterestCoverage: 4 of 8 available rows are not computable AND report a positive `totalDebt` on the SAME row, so the refusal cannot mean the flag is inapplicable to this company -- it is missing data. Flag was ABSTAINED -- 4 row(s) is under the 6-row partial-window floor.",4.0,-0.04,per_item
,PLX.PA,forensic_gap:beneish_components,no usable vendor data for: SG&A intensity (SGAI),1.0,-0.01,per_item
,PLX.PA,forensic_gap:no_verdict,"the Beneish M-score could not be formed for this name, so the manipulation assessment is ABSENT -- not clean: no usable vendor data for: SG&A intensity (SGAI)",1.0,-0.01,per_item
general,PLX.PA,stage1_veto:refused_rows,"uInterestCoverage: 1 of 7 available rows are not computable AND report a positive `totalDebt` on the SAME row, so the refusal cannot mean the flag is inapplicable to this company -- it is missing data. Flag was JUDGED on the 6 row(s) that compute.",1.0,-0.01,per_item
general,PLX.PA,stage1_veto:short_panel,"panel carries 7 of the 8 newest-first rows the veto window needs, so every flag is evaluated (or refused) on a short history",1.0,-0.01,per_item
,PMET.TO,forensic_gap:beneish_components,"no usable vendor data for: receivables days (DSRI), gross margin (GMI), sales growth (SGI), SG&A intensity (SGAI)",3.0,-0.03,per_item
,PMET.TO,forensic_gap:no_verdict,"the Beneish M-score could not be formed for this name, so the manipulation assessment is ABSENT -- not clean: no usable vendor data for: receivables days (DSRI), gross margin (GMI), sales growth (SGI), SG&A intensity (SGAI)",1.0,-0.01,per_item
,PNL.AS,forensic_gap:beneish_components,no usable vendor data for: gross margin (GMI),1.0,-0.01,per_item
,PNL.AS,forensic_gap:no_verdict,"the Beneish M-score could not be formed for this name, so the manipulation assessment is ABSENT -- not clean: no usable vendor data for: gross margin (GMI)",1.0,-0.01,per_item
general,PNL.AS,stage1_veto:refused_rows,"uInterestCoverage: 2 of 8 available rows are not computable AND report a positive `totalDebt` on the SAME row, so the refusal cannot mean the flag is inapplicable to this company -- it is missing data. Flag was JUDGED on the 6 row(s) that compute.",2.0,-0.02,per_item
,PPTA,forensic_gap:beneish_components,"no usable vendor data for: receivables days (DSRI), gross margin (GMI), sales growth (SGI), SG&A intensity (SGAI)",3.0,-0.03,per_item
,PPTA,forensic_gap:no_verdict,"the Beneish M-score could not be formed for this name, so the manipulation assessment is ABSENT -- not clean: no usable vendor data for: receivables days (DSRI), gross margin (GMI), sales growth (SGI), SG&A intensity (SGAI)",1.0,-0.01,per_item
general,PRX.AS,stage1_veto:refused_rows,"uInterestCoverage: 4 of 8 available rows are not computable AND report a positive `totalDebt` on the SAME row, so the refusal cannot mean the flag is inapplicable to this company -- it is missing data. Flag was ABSTAINED -- 4 row(s) is under the 6-row partial-window floor.",4.0,-0.04,per_item
,PTM.TO,forensic_gap:beneish_components,"no usable vendor data for: receivables days (DSRI), gross margin (GMI), asset quality (AQI), sales growth (SGI), depreciation rate (DEPI), SG&A intensity (SGAI)",3.0,-0.03,per_item
,PTM.TO,forensic_gap:no_verdict,"the Beneish M-score could not be formed for this name, so the manipulation assessment is ABSENT -- not clean: no usable vendor data for: receivables days (DSRI), gross margin (GMI), asset quality (AQI), sales growth (SGI), depreciation rate (DEPI), SG&A intensity (SGAI)",1.0,-0.01,per_item
,RIO.TO,forensic_gap:beneish_components,"no usable vendor data for: receivables days (DSRI), gross margin (GMI), sales growth (SGI), depreciation rate (DEPI), SG&A intensity (SGAI)",3.0,-0.03,per_item
,RIO.TO,forensic_gap:no_verdict,"the Beneish M-score could not be formed for this name, so the manipulation assessment is ABSENT -- not clean: no usable vendor data for: receivables days (DSRI), gross margin (GMI), sales growth (SGI), depreciation rate (DEPI), SG&A intensity (SGAI)",1.0,-0.01,per_item
,RTG.TO,forensic_gap:beneish_components,"no usable vendor data for: receivables days (DSRI), gross margin (GMI), asset quality (AQI), sales growth (SGI), SG&A intensity (SGAI)",3.0,-0.03,per_item
,RTG.TO,forensic_gap:no_verdict,"the Beneish M-score could not be formed for this name, so the manipulation assessment is ABSENT -- not clean: no usable vendor data for: receivables days (DSRI), gross margin (GMI), asset quality (AQI), sales growth (SGI), SG&A intensity (SGAI)",1.0,-0.01,per_item
general,RXL.PA,stage1_veto:refused_rows,"uInterestCoverage: 4 of 8 available rows are not computable AND report a positive `totalDebt` on the SAME row, so the refusal cannot mean the flag is inapplicable to this company -- it is missing data. Flag was ABSTAINED -- 4 row(s) is under the 6-row partial-window floor.",4.0,-0.04,per_item
,SA,forensic_gap:beneish_components,"no usable vendor data for: receivables days (DSRI), gross margin (GMI), sales growth (SGI), depreciation rate (DEPI), SG&A intensity (SGAI)",3.0,-0.03,per_item
,SA,forensic_gap:no_verdict,"the Beneish M-score could not be formed for this name, so the manipulation assessment is ABSENT -- not clean: no usable vendor data for: receivables days (DSRI), gross margin (GMI), sales growth (SGI), depreciation rate (DEPI), SG&A intensity (SGAI)",1.0,-0.01,per_item
,SABE.PA,forensic_gap:beneish_components,"no usable vendor data for: gross margin (GMI), SG&A intensity (SGAI)",2.0,-0.02,per_item
,SABE.PA,forensic_gap:no_verdict,"the Beneish M-score could not be formed for this name, so the manipulation assessment is ABSENT -- not clean: no usable vendor data for: gross margin (GMI), SG&A intensity (SGAI)",1.0,-0.01,per_item
general,SABE.PA,stage1_veto:refused_rows,"uInterestCoverage: 1 of 8 available rows are not computable AND report a positive `totalDebt` on the SAME row, so the refusal cannot mean the flag is inapplicable to this company -- it is missing data. Flag was JUDGED on the 7 row(s) that compute.",1.0,-0.01,per_item
,SAU.TO,forensic_gap:beneish_components,"no usable vendor data for: receivables days (DSRI), gross margin (GMI), sales growth (SGI), SG&A intensity (SGAI)",3.0,-0.03,per_item
,SAU.TO,forensic_gap:no_verdict,"the Beneish M-score could not be formed for this name, so the manipulation assessment is ABSENT -- not clean: no usable vendor data for: receivables days (DSRI), gross margin (GMI), sales growth (SGI), SG&A intensity (SGAI)",1.0,-0.01,per_item
general,SBMO.AS,stage1_veto:refused_rows,"uInterestCoverage: 4 of 8 available rows are not computable AND report a positive `totalDebt` on the SAME row, so the refusal cannot mean the flag is inapplicable to this company -- it is missing data. Flag was ABSTAINED -- 4 row(s) is under the 6-row partial-window floor.",4.0,-0.04,per_item
,SGD.TO,forensic_gap:beneish_components,"no usable vendor data for: receivables days (DSRI), gross margin (GMI), asset quality (AQI), sales growth (SGI), SG&A intensity (SGAI)",3.0,-0.03,per_item
,SGD.TO,forensic_gap:no_verdict,"the Beneish M-score could not be formed for this name, so the manipulation assessment is ABSENT -- not clean: no usable vendor data for: receivables days (DSRI), gross margin (GMI), asset quality (AQI), sales growth (SGI), SG&A intensity (SGAI)",1.0,-0.01,per_item
,SKE,forensic_gap:beneish_components,"no usable vendor data for: receivables days (DSRI), gross margin (GMI), sales growth (SGI), SG&A intensity (SGAI)",3.0,-0.03,per_item
,SKE,forensic_gap:no_verdict,"the Beneish M-score could not be formed for this name, so the manipulation assessment is ABSENT -- not clean: no usable vendor data for: receivables days (DSRI), gross margin (GMI), sales growth (SGI), SG&A intensity (SGAI)",1.0,-0.01,per_item
,SLVR.TO,forensic_gap:beneish_components,"no usable vendor data for: receivables days (DSRI), gross margin (GMI), asset quality (AQI), sales growth (SGI), depreciation rate (DEPI), SG&A intensity (SGAI)",3.0,-0.03,per_item
,SLVR.TO,forensic_gap:no_verdict,"the Beneish M-score could not be formed for this name, so the manipulation assessment is ABSENT -- not clean: no usable vendor data for: receivables days (DSRI), gross margin (GMI), asset quality (AQI), sales growth (SGI), depreciation rate (DEPI), SG&A intensity (SGAI)",1.0,-0.01,per_item
general,SNT,stage1_veto:refused_rows,"uInterestCoverage: 4 of 8 available rows are not computable AND report a positive `totalDebt` on the SAME row, so the refusal cannot mean the flag is inapplicable to this company -- it is missing data. Flag was ABSTAINED -- 4 row(s) is under the 6-row partial-window floor.",4.0,-0.04,per_item
,STLR.TO,forensic_gap:beneish_components,"no usable vendor data for: receivables days (DSRI), gross margin (GMI), sales growth (SGI), depreciation rate (DEPI), SG&A intensity (SGAI)",3.0,-0.03,per_item
,STLR.TO,forensic_gap:no_verdict,"the Beneish M-score could not be formed for this name, so the manipulation assessment is ABSENT -- not clean: no usable vendor data for: receivables days (DSRI), gross margin (GMI), sales growth (SGI), depreciation rate (DEPI), SG&A intensity (SGAI)",1.0,-0.01,per_item
,TFW.L,forensic_gap:beneish_components,"no usable vendor data for: gross margin (GMI), SG&A intensity (SGAI)",2.0,-0.02,per_item
,TFW.L,forensic_gap:no_verdict,"the Beneish M-score could not be formed for this name, so the manipulation assessment is ABSENT -- not clean: no usable vendor data for: gross margin (GMI), SG&A intensity (SGAI)",1.0,-0.01,per_item
general,TFW.L,stage1_veto:refused_rows,"uInterestCoverage: 1 of 8 available rows are not computable AND report a positive `totalDebt` on the SAME row, so the refusal cannot mean the flag is inapplicable to this company -- it is missing data. Flag was JUDGED on the 7 row(s) that compute.",1.0,-0.01,per_item
,TLG.TO,forensic_gap:beneish_components,"no usable vendor data for: receivables days (DSRI), gross margin (GMI), sales growth (SGI), SG&A intensity (SGAI)",3.0,-0.03,per_item
,TLG.TO,forensic_gap:no_verdict,"the Beneish M-score could not be formed for this name, so the manipulation assessment is ABSENT -- not clean: no usable vendor data for: receivables days (DSRI), gross margin (GMI), sales growth (SGI), SG&A intensity (SGAI)",1.0,-0.01,per_item
,TLO.TO,forensic_gap:beneish_components,"no usable vendor data for: receivables days (DSRI), gross margin (GMI), asset quality (AQI), sales growth (SGI), depreciation rate (DEPI), SG&A intensity (SGAI)",3.0,-0.03,per_item
,TLO.TO,forensic_gap:no_verdict,"the Beneish M-score could not be formed for this name, so the manipulation assessment is ABSENT -- not clean: no usable vendor data for: receivables days (DSRI), gross margin (GMI), asset quality (AQI), sales growth (SGI), depreciation rate (DEPI), SG&A intensity (SGAI)",1.0,-0.01,per_item
,TMQ.TO,forensic_gap:beneish_components,"no usable vendor data for: receivables days (DSRI), gross margin (GMI), sales growth (SGI), SG&A intensity (SGAI)",3.0,-0.03,per_item
,TMQ.TO,forensic_gap:no_verdict,"the Beneish M-score could not be formed for this name, so the manipulation assessment is ABSENT -- not clean: no usable vendor data for: receivables days (DSRI), gross margin (GMI), sales growth (SGI), SG&A intensity (SGAI)",1.0,-0.01,per_item
general,TRST.L,stage1_veto:refused_rows,"uInterestCoverage: 4 of 8 available rows are not computable AND report a positive `totalDebt` on the SAME row, so the refusal cannot mean the flag is inapplicable to this company -- it is missing data. Flag was ABSTAINED -- 4 row(s) is under the 6-row partial-window floor.",4.0,-0.04,per_item
,USAU,forensic_gap:beneish_components,"no usable vendor data for: receivables days (DSRI), gross margin (GMI), sales growth (SGI), depreciation rate (DEPI), SG&A intensity (SGAI)",3.0,-0.03,per_item
,USAU,forensic_gap:no_verdict,"the Beneish M-score could not be formed for this name, so the manipulation assessment is ABSENT -- not clean: no usable vendor data for: receivables days (DSRI), gross margin (GMI), sales growth (SGI), depreciation rate (DEPI), SG&A intensity (SGAI)",1.0,-0.01,per_item
,VGZ.TO,forensic_gap:beneish_components,"no usable vendor data for: receivables days (DSRI), gross margin (GMI), asset quality (AQI), sales growth (SGI), SG&A intensity (SGAI)",3.0,-0.03,per_item
,VGZ.TO,forensic_gap:no_verdict,"the Beneish M-score could not be formed for this name, so the manipulation assessment is ABSENT -- not clean: no usable vendor data for: receivables days (DSRI), gross margin (GMI), asset quality (AQI), sales growth (SGI), SG&A intensity (SGAI)",1.0,-0.01,per_item
general,VTVT,stage1_veto:refused_rows,"uInterestCoverage: 4 of 8 available rows are not computable AND report a positive `totalDebt` on the SAME row, so the refusal cannot mean the flag is inapplicable to this company -- it is missing data. Flag was ABSTAINED -- 2 row(s) is under the 6-row partial-window floor.",4.0,-0.04,per_item
REIT,WHA.AS,stage1_veto:refused_rows,"reitEbitdaInterestCoverage: 4 of 8 available rows are not computable AND report a positive `totalDebt` on the SAME row, so the refusal cannot mean the flag is inapplicable to this company -- it is missing data. Flag was ABSTAINED -- 4 row(s) is under the 6-row partial-window floor.",4.0,-0.04,per_item
,WM.TO,forensic_gap:beneish_components,"no usable vendor data for: receivables days (DSRI), gross margin (GMI), sales growth (SGI), depreciation rate (DEPI), SG&A intensity (SGAI)",3.0,-0.03,per_item
,WM.TO,forensic_gap:no_verdict,"the Beneish M-score could not be formed for this name, so the manipulation assessment is ABSENT -- not clean: no usable vendor data for: receivables days (DSRI), gross margin (GMI), sales growth (SGI), depreciation rate (DEPI), SG&A intensity (SGAI)",1.0,-0.01,per_item
,WRN.TO,forensic_gap:beneish_components,"no usable vendor data for: receivables days (DSRI), gross margin (GMI), asset quality (AQI), sales growth (SGI), depreciation rate (DEPI), SG&A intensity (SGAI)",3.0,-0.03,per_item
,WRN.TO,forensic_gap:no_verdict,"the Beneish M-score could not be formed for this name, so the manipulation assessment is ABSENT -- not clean: no usable vendor data for: receivables days (DSRI), gross margin (GMI), asset quality (AQI), sales growth (SGI), depreciation rate (DEPI), SG&A intensity (SGAI)",1.0,-0.01,per_item
,XTG.TO,forensic_gap:beneish_components,"no usable vendor data for: receivables days (DSRI), gross margin (GMI), sales growth (SGI), SG&A intensity (SGAI)",3.0,-0.03,per_item
,XTG.TO,forensic_gap:no_verdict,"the Beneish M-score could not be formed for this name, so the manipulation assessment is ABSENT -- not clean: no usable vendor data for: receivables days (DSRI), gross margin (GMI), sales growth (SGI), SG&A intensity (SGAI)",1.0,-0.01,per_item
,ZIOC.L,forensic_gap:beneish_components,"no usable vendor data for: receivables days (DSRI), gross margin (GMI), asset quality (AQI), sales growth (SGI), depreciation rate (DEPI), SG&A intensity (SGAI)",3.0,-0.03,per_item
,ZIOC.L,forensic_gap:no_verdict,"the Beneish M-score could not be formed for this name, so the manipulation assessment is ABSENT -- not clean: no usable vendor data for: receivables days (DSRI), gross margin (GMI), asset quality (AQI), sales growth (SGI), depreciation rate (DEPI), SG&A intensity (SGAI)",1.0,-0.01,per_item
,001260.KS,forensic_gap:beneish_components,"no usable vendor data for: gross margin (GMI), SG&A intensity (SGAI)",2.0,-0.02,per_item
,001260.KS,forensic_gap:no_verdict,"the Beneish M-score could not be formed for this name, so the manipulation assessment is ABSENT -- not clean: no usable vendor data for: gross margin (GMI), SG&A intensity (SGAI)",1.0,-0.01,per_item
,003090.KS,forensic_gap:beneish_components,"no usable vendor data for: gross margin (GMI), SG&A intensity (SGAI)",2.0,-0.02,per_item
,003090.KS,forensic_gap:no_verdict,"the Beneish M-score could not be formed for this name, so the manipulation assessment is ABSENT -- not clean: no usable vendor data for: gross margin (GMI), SG&A intensity (SGAI)",1.0,-0.01,per_item
,006650.KS,forensic_gap:beneish_components,"no usable vendor data for: gross margin (GMI), SG&A intensity (SGAI)",2.0,-0.02,per_item
,006650.KS,forensic_gap:no_verdict,"the Beneish M-score could not be formed for this name, so the manipulation assessment is ABSENT -- not clean: no usable vendor data for: gross margin (GMI), SG&A intensity (SGAI)",1.0,-0.01,per_item
FinManager,016360.KS,stage1_veto:refused_rows,"uInterestCoverage: 3 of 8 available rows are not computable AND report a positive `totalDebt` on the SAME row, so the refusal cannot mean the flag is inapplicable to this company -- it is missing data. Flag was ABSTAINED -- 5 row(s) is under the 6-row partial-window floor.",3.0,-0.03,per_item
FinManager,071050.KS,stage1_veto:refused_rows,"uInterestCoverage: 3 of 8 available rows are not computable AND report a positive `totalDebt` on the SAME row, so the refusal cannot mean the flag is inapplicable to this company -- it is missing data. Flag was ABSTAINED -- 5 row(s) is under the 6-row partial-window floor.",3.0,-0.03,per_item
REIT,0HM0.L,stage1_veto:refused_rows,"reitEbitdaInterestCoverage: 3 of 8 available rows are not computable AND report a positive `totalDebt` on the SAME row, so the refusal cannot mean the flag is inapplicable to this company -- it is missing data. Flag was ABSTAINED -- 5 row(s) is under the 6-row partial-window floor.",3.0,-0.03,per_item
,0KGY.L,forensic_gap:beneish_components,"no usable vendor data for: gross margin (GMI), SG&A intensity (SGAI)",2.0,-0.02,per_item
,0KGY.L,forensic_gap:no_verdict,"the Beneish M-score could not be formed for this name, so the manipulation assessment is ABSENT -- not clean: no usable vendor data for: gross margin (GMI), SG&A intensity (SGAI)",1.0,-0.01,per_item
general,0MTP.L,stage1_veto:refused_rows,"uInterestCoverage: 3 of 8 available rows are not computable AND report a positive `totalDebt` on the SAME row, so the refusal cannot mean the flag is inapplicable to this company -- it is missing data. Flag was ABSTAINED -- 5 row(s) is under the 6-row partial-window floor.",3.0,-0.03,per_item
,0RKK.L,forensic_gap:beneish_components,no usable vendor data for: SG&A intensity (SGAI),1.0,-0.01,per_item
,0RKK.L,forensic_gap:no_verdict,"the Beneish M-score could not be formed for this name, so the manipulation assessment is ABSENT -- not clean: no usable vendor data for: SG&A intensity (SGAI)",1.0,-0.01,per_item
general,0RKK.L,stage1_veto:refused_rows,"uInterestCoverage: 1 of 8 available rows are not computable AND report a positive `totalDebt` on the SAME row, so the refusal cannot mean the flag is inapplicable to this company -- it is missing data. Flag was JUDGED on the 7 row(s) that compute.",1.0,-0.01,per_item
,105840.KS,forensic_gap:beneish_components,no usable vendor data for: SG&A intensity (SGAI),1.0,-0.01,per_item
,105840.KS,forensic_gap:no_verdict,"the Beneish M-score could not be formed for this name, so the manipulation assessment is ABSENT -- not clean: no usable vendor data for: SG&A intensity (SGAI)",1.0,-0.01,per_item
general,105840.KS,stage1_veto:refused_rows,"uInterestCoverage: 1 of 8 available rows are not computable AND report a positive `totalDebt` on the SAME row, so the refusal cannot mean the flag is inapplicable to this company -- it is missing data. Flag was JUDGED on the 7 row(s) that compute.",1.0,-0.01,per_item
general,112040.KQ,stage1_veto:refused_rows,"uInterestCoverage: 3 of 8 available rows are not computable AND report a positive `totalDebt` on the SAME row, so the refusal cannot mean the flag is inapplicable to this company -- it is missing data. Flag was ABSTAINED -- 5 row(s) is under the 6-row partial-window floor.",3.0,-0.03,per_item
,126560.KS,forensic_gap:beneish_components,no usable vendor data for: gross margin (GMI),1.0,-0.01,per_item
,126560.KS,forensic_gap:no_verdict,"the Beneish M-score could not be formed for this name, so the manipulation assessment is ABSENT -- not clean: no usable vendor data for: gross margin (GMI)",1.0,-0.01,per_item
general,126560.KS,stage1_veto:refused_rows,"uInterestCoverage: 1 of 8 available rows are not computable AND report a positive `totalDebt` on the SAME row, so the refusal cannot mean the flag is inapplicable to this company -- it is missing data. Flag was JUDGED on the 7 row(s) that compute.",1.0,-0.01,per_item
,181710.KS,forensic_gap:beneish_components,no usable vendor data for: gross margin (GMI),1.0,-0.01,per_item
,181710.KS,forensic_gap:no_verdict,"the Beneish M-score could not be formed for this name, so the manipulation assessment is ABSENT -- not clean: no usable vendor data for: gross margin (GMI)",1.0,-0.01,per_item
general,181710.KS,stage1_veto:refused_rows,"uInterestCoverage: 1 of 8 available rows are not computable AND report a positive `totalDebt` on the SAME row, so the refusal cannot mean the flag is inapplicable to this company -- it is missing data. Flag was JUDGED on the 7 row(s) that compute.",1.0,-0.01,per_item
,200670.KQ,forensic_gap:beneish_components,no usable vendor data for: SG&A intensity (SGAI),1.0,-0.01,per_item
,200670.KQ,forensic_gap:no_verdict,"the Beneish M-score could not be formed for this name, so the manipulation assessment is ABSENT -- not clean: no usable vendor data for: SG&A intensity (SGAI)",1.0,-0.01,per_item
general,200670.KQ,stage1_veto:refused_rows,"uInterestCoverage: 1 of 8 available rows are not computable AND report a positive `totalDebt` on the SAME row, so the refusal cannot mean the flag is inapplicable to this company -- it is missing data. Flag was JUDGED on the 7 row(s) that compute.",1.0,-0.01,per_item
,222080.KQ,forensic_gap:beneish_components,"no usable vendor data for: receivables days (DSRI), SG&A intensity (SGAI)",2.0,-0.02,per_item
,222080.KQ,forensic_gap:no_verdict,"the Beneish M-score could not be formed for this name, so the manipulation assessment is ABSENT -- not clean: no usable vendor data for: receivables days (DSRI), SG&A intensity (SGAI)",1.0,-0.01,per_item
,AKW.PA,forensic_gap:beneish_components,"no usable vendor data for: gross margin (GMI), SG&A intensity (SGAI)",2.0,-0.02,per_item
,AKW.PA,forensic_gap:no_verdict,"the Beneish M-score could not be formed for this name, so the manipulation assessment is ABSENT -- not clean: no usable vendor data for: gross margin (GMI), SG&A intensity (SGAI)",1.0,-0.01,per_item
,ALBIZ.PA,forensic_gap:beneish_components,no usable vendor data for: SG&A intensity (SGAI),1.0,-0.01,per_item
,ALBIZ.PA,forensic_gap:no_verdict,"the Beneish M-score could not be formed for this name, so the manipulation assessment is ABSENT -- not clean: no usable vendor data for: SG&A intensity (SGAI)",1.0,-0.01,per_item
general,ALBIZ.PA,stage1_veto:refused_rows,"uInterestCoverage: 1 of 8 available rows are not computable AND report a positive `totalDebt` on the SAME row, so the refusal cannot mean the flag is inapplicable to this company -- it is missing data. Flag was JUDGED on the 7 row(s) that compute.",1.0,-0.01,per_item
,ALBOU.PA,forensic_gap:beneish_components,"no usable vendor data for: gross margin (GMI), SG&A intensity (SGAI)",2.0,-0.02,per_item
,ALBOU.PA,forensic_gap:no_verdict,"the Beneish M-score could not be formed for this name, so the manipulation assessment is ABSENT -- not clean: no usable vendor data for: gross margin (GMI), SG&A intensity (SGAI)",1.0,-0.01,per_item
,ALDLS.PA,forensic_gap:beneish_components,no usable vendor data for: SG&A intensity (SGAI),1.0,-0.01,per_item
,ALDLS.PA,forensic_gap:no_verdict,"the Beneish M-score could not be formed for this name, so the manipulation assessment is ABSENT -- not clean: no usable vendor data for: SG&A intensity (SGAI)",1.0,-0.01,per_item
general,ALDLS.PA,stage1_veto:refused_rows,"uInterestCoverage: 1 of 8 available rows are not computable AND report a positive `totalDebt` on the SAME row, so the refusal cannot mean the flag is inapplicable to this company -- it is missing data. Flag was JUDGED on the 7 row(s) that compute.",1.0,-0.01,per_item
,ALDMS.PA,forensic_gap:beneish_components,"no usable vendor data for: gross margin (GMI), SG&A intensity (SGAI)",2.0,-0.02,per_item
,ALDMS.PA,forensic_gap:no_verdict,"the Beneish M-score could not be formed for this name, so the manipulation assessment is ABSENT -- not clean: no usable vendor data for: gross margin (GMI), SG&A intensity (SGAI)",1.0,-0.01,per_item
,ALFLE.PA,forensic_gap:beneish_components,"no usable vendor data for: gross margin (GMI), SG&A intensity (SGAI)",2.0,-0.02,per_item
,ALFLE.PA,forensic_gap:no_verdict,"the Beneish M-score could not be formed for this name, so the manipulation assessment is ABSENT -- not clean: no usable vendor data for: gross margin (GMI), SG&A intensity (SGAI)",1.0,-0.01,per_item
,ALGEV.PA,forensic_gap:beneish_components,"no usable vendor data for: gross margin (GMI), SG&A intensity (SGAI)",2.0,-0.02,per_item
,ALGEV.PA,forensic_gap:no_verdict,"the Beneish M-score could not be formed for this name, so the manipulation assessment is ABSENT -- not clean: no usable vendor data for: gross margin (GMI), SG&A intensity (SGAI)",1.0,-0.01,per_item
,ALGIL.PA,forensic_gap:beneish_components,no usable vendor data for: SG&A intensity (SGAI),1.0,-0.01,per_item
,ALGIL.PA,forensic_gap:no_verdict,"the Beneish M-score could not be formed for this name, so the manipulation assessment is ABSENT -- not clean: no usable vendor data for: SG&A intensity (SGAI)",1.0,-0.01,per_item
general,ALGIL.PA,stage1_veto:refused_rows,"uInterestCoverage: 1 of 8 available rows are not computable AND report a positive `totalDebt` on the SAME row, so the refusal cannot mean the flag is inapplicable to this company -- it is missing data. Flag was JUDGED on the 7 row(s) that compute.",1.0,-0.01,per_item
general,ALHOP.PA,stage1_veto:refused_rows,"uInterestCoverage: 3 of 8 available rows are not computable AND report a positive `totalDebt` on the SAME row, so the refusal cannot mean the flag is inapplicable to this company -- it is missing data. Flag was ABSTAINED -- 5 row(s) is under the 6-row partial-window floor.",3.0,-0.03,per_item
,ALHUN.PA,forensic_gap:beneish_components,no usable vendor data for: gross margin (GMI),1.0,-0.01,per_item
,ALHUN.PA,forensic_gap:no_verdict,"the Beneish M-score could not be formed for this name, so the manipulation assessment is ABSENT -- not clean: no usable vendor data for: gross margin (GMI)",1.0,-0.01,per_item
general,ALHUN.PA,stage1_veto:short_panel,"panel carries 7 of the 8 newest-first rows the veto window needs, so every flag is evaluated (or refused) on a short history",1.0,-0.01,per_item
,ALMOU.PA,forensic_gap:beneish_components,"no usable vendor data for: gross margin (GMI), asset quality (AQI)",2.0,-0.02,per_item
,ALMOU.PA,forensic_gap:no_verdict,"the Beneish M-score could not be formed for this name, so the manipulation assessment is ABSENT -- not clean: no usable vendor data for: gross margin (GMI), asset quality (AQI)",1.0,-0.01,per_item
general,ALPRG.PA,stage1_veto:refused_rows,"uInterestCoverage: 3 of 8 available rows are not computable AND report a positive `totalDebt` on the SAME row, so the refusal cannot mean the flag is inapplicable to this company -- it is missing data. Flag was ABSTAINED -- 5 row(s) is under the 6-row partial-window floor.",3.0,-0.03,per_item
general,ALXIL.PA,stage1_veto:refused_rows,"uInterestCoverage: 3 of 8 available rows are not computable AND report a positive `totalDebt` on the SAME row, so the refusal cannot mean the flag is inapplicable to this company -- it is missing data. Flag was ABSTAINED -- 4 row(s) is under the 6-row partial-window floor.",3.0,-0.03,per_item
,ARCB,forensic_gap:beneish_components,no usable vendor data for: SG&A intensity (SGAI),1.0,-0.01,per_item
,ARCB,forensic_gap:no_verdict,"the Beneish M-score could not be formed for this name, so the manipulation assessment is ABSENT -- not clean: no usable vendor data for: SG&A intensity (SGAI)",1.0,-0.01,per_item
general,ARCB,stage1_veto:refused_rows,"uInterestCoverage: 1 of 8 available rows are not computable AND report a positive `totalDebt` on the SAME row, so the refusal cannot mean the flag is inapplicable to this company -- it is missing data. Flag was JUDGED on the 7 row(s) that compute.",1.0,-0.01,per_item
,BAIN.PA,forensic_gap:beneish_components,"no usable vendor data for: gross margin (GMI), SG&A intensity (SGAI)",2.0,-0.02,per_item
,BAIN.PA,forensic_gap:no_verdict,"the Beneish M-score could not be formed for this name, so the manipulation assessment is ABSENT -- not clean: no usable vendor data for: gross margin (GMI), SG&A intensity (SGAI)",1.0,-0.01,per_item
general,BB,stage1_veto:refused_rows,"uInterestCoverage: 3 of 8 available rows are not computable AND report a positive `totalDebt` on the SAME row, so the refusal cannot mean the flag is inapplicable to this company -- it is missing data. Flag was ABSTAINED -- 5 row(s) is under the 6-row partial-window floor.",3.0,-0.03,per_item
FinManager,BPT.L,stage1_veto:refused_rows,"uInterestCoverage: 3 of 8 available rows are not computable AND report a positive `totalDebt` on the SAME row, so the refusal cannot mean the flag is inapplicable to this company -- it is missing data. Flag was ABSTAINED -- 5 row(s) is under the 6-row partial-window floor.",3.0,-0.03,per_item
,CEN.PA,forensic_gap:beneish_components,no usable vendor data for: SG&A intensity (SGAI),1.0,-0.01,per_item
,CEN.PA,forensic_gap:no_verdict,"the Beneish M-score could not be formed for this name, so the manipulation assessment is ABSENT -- not clean: no usable vendor data for: SG&A intensity (SGAI)",1.0,-0.01,per_item
general,CEN.PA,stage1_veto:refused_rows,"uInterestCoverage: 1 of 8 available rows are not computable AND report a positive `totalDebt` on the SAME row, so the refusal cannot mean the flag is inapplicable to this company -- it is missing data. Flag was JUDGED on the 7 row(s) that compute.",1.0,-0.01,per_item
general,COCH,stage1_veto:refused_rows,"uInterestCoverage: 3 of 8 available rows are not computable AND report a positive `totalDebt` on the SAME row, so the refusal cannot mean the flag is inapplicable to this company -- it is missing data. Flag was ABSTAINED -- 5 row(s) is under the 6-row partial-window floor.",3.0,-0.03,per_item
general,CRNT,stage1_veto:refused_rows,"uInterestCoverage: 3 of 8 available rows are not computable AND report a positive `totalDebt` on the SAME row, so the refusal cannot mean the flag is inapplicable to this company -- it is missing data. Flag was ABSTAINED -- 5 row(s) is under the 6-row partial-window floor.",3.0,-0.03,per_item
general,CVX.PA,stage1_veto:refused_rows,"uInterestCoverage: 3 of 8 available rows are not computable AND report a positive `totalDebt` on the SAME row, so the refusal cannot mean the flag is inapplicable to this company -- it is missing data. Flag was ABSTAINED -- 5 row(s) is under the 6-row partial-window floor.",3.0,-0.03,per_item
general,DG.PA,stage1_veto:refused_rows,"uInterestCoverage: 3 of 8 available rows are not computable AND report a positive `totalDebt` on the SAME row, so the refusal cannot mean the flag is inapplicable to this company -- it is missing data. Flag was ABSTAINED -- 5 row(s) is under the 6-row partial-window floor.",3.0,-0.03,per_item
general,DOGZ,stage1_veto:refused_rows,"uInterestCoverage: 3 of 8 available rows are not computable AND report a positive `totalDebt` on the SAME row, so the refusal cannot mean the flag is inapplicable to this company -- it is missing data. Flag was ABSTAINED -- 5 row(s) is under the 6-row partial-window floor.",3.0,-0.03,per_item
,DSV.TO,forensic_gap:beneish_components,"no usable vendor data for: receivables days (DSRI), gross margin (GMI)",2.0,-0.02,per_item
,DSV.TO,forensic_gap:no_verdict,"the Beneish M-score could not be formed for this name, so the manipulation assessment is ABSENT -- not clean: no usable vendor data for: receivables days (DSRI), gross margin (GMI)",1.0,-0.01,per_item
,ENO,forensic_gap:beneish_components,"no usable vendor data for: gross margin (GMI), SG&A intensity (SGAI)",2.0,-0.02,per_item
,ENO,forensic_gap:no_verdict,"the Beneish M-score could not be formed for this name, so the manipulation assessment is ABSENT -- not clean: no usable vendor data for: gross margin (GMI), SG&A intensity (SGAI)",1.0,-0.01,per_item
,ERA.PA,forensic_gap:beneish_components,"no usable vendor data for: gross margin (GMI), SG&A intensity (SGAI)",2.0,-0.02,per_item
,ERA.PA,forensic_gap:no_verdict,"the Beneish M-score could not be formed for this name, so the manipulation assessment is ABSENT -- not clean: no usable vendor data for: gross margin (GMI), SG&A intensity (SGAI)",1.0,-0.01,per_item
general,EVLV,stage1_veto:refused_rows,"uInterestCoverage: 3 of 8 available rows are not computable AND report a positive `totalDebt` on the SAME row, so the refusal cannot mean the flag is inapplicable to this company -- it is missing data. Flag was ABSTAINED -- 5 row(s) is under the 6-row partial-window floor.",3.0,-0.03,per_item
FinManager,FLOW.AS,stage1_veto:refused_rows,"uInterestCoverage: 3 of 8 available rows are not computable AND report a positive `totalDebt` on the SAME row, so the refusal cannot mean the flag is inapplicable to this company -- it is missing data. Flag was ABSTAINED -- 3 row(s) is under the 6-row partial-window floor.",3.0,-0.03,per_item
,GAP,forensic_gap:beneish_components,"no usable vendor data for: receivables days (DSRI), SG&A intensity (SGAI)",2.0,-0.02,per_item
,GAP,forensic_gap:no_verdict,"the Beneish M-score could not be formed for this name, so the manipulation assessment is ABSENT -- not clean: no usable vendor data for: receivables days (DSRI), SG&A intensity (SGAI)",1.0,-0.01,per_item
general,GLBE,stage1_veto:refused_rows,"uInterestCoverage: 3 of 8 available rows are not computable AND report a positive `totalDebt` on the SAME row, so the refusal cannot mean the flag is inapplicable to this company -- it is missing data. Flag was ABSTAINED -- 5 row(s) is under the 6-row partial-window floor.",3.0,-0.03,per_item
,GMIN.TO,forensic_gap:beneish_components,"no usable vendor data for: receivables days (DSRI), gross margin (GMI)",2.0,-0.02,per_item
,GMIN.TO,forensic_gap:no_verdict,"the Beneish M-score could not be formed for this name, so the manipulation assessment is ABSENT -- not clean: no usable vendor data for: receivables days (DSRI), gross margin (GMI)",1.0,-0.01,per_item
,HEIJM.AS,forensic_gap:beneish_components,no usable vendor data for: SG&A intensity (SGAI),1.0,-0.01,per_item
,HEIJM.AS,forensic_gap:no_verdict,"the Beneish M-score could not be formed for this name, so the manipulation assessment is ABSENT -- not clean: no usable vendor data for: SG&A intensity (SGAI)",1.0,-0.01,per_item
general,HEIJM.AS,stage1_veto:refused_rows,"uInterestCoverage: 1 of 8 available rows are not computable AND report a positive `totalDebt` on the SAME row, so the refusal cannot mean the flag is inapplicable to this company -- it is missing data. Flag was JUDGED on the 7 row(s) that compute.",1.0,-0.01,per_item
general,HRTX,stage1_veto:refused_rows,"uInterestCoverage: 3 of 8 available rows are not computable AND report a positive `totalDebt` on the SAME row, so the refusal cannot mean the flag is inapplicable to this company -- it is missing data. Flag was ABSTAINED -- 5 row(s) is under the 6-row partial-window floor.",3.0,-0.03,per_item
,IMP.TO,forensic_gap:beneish_components,"no usable vendor data for: gross margin (GMI), SG&A intensity (SGAI)",2.0,-0.02,per_item
,IMP.TO,forensic_gap:no_verdict,"the Beneish M-score could not be formed for this name, so the manipulation assessment is ABSENT -- not clean: no usable vendor data for: gross margin (GMI), SG&A intensity (SGAI)",1.0,-0.01,per_item
,ITG,forensic_gap:beneish_components,"no usable vendor data for: receivables days (DSRI), gross margin (GMI)",2.0,-0.02,per_item
,ITG,forensic_gap:no_verdict,"the Beneish M-score could not be formed for this name, so the manipulation assessment is ABSENT -- not clean: no usable vendor data for: receivables days (DSRI), gross margin (GMI)",1.0,-0.01,per_item
,JHD.L,forensic_gap:beneish_components,"no usable vendor data for: gross margin (GMI), SG&A intensity (SGAI)",2.0,-0.02,per_item
,JHD.L,forensic_gap:no_verdict,"the Beneish M-score could not be formed for this name, so the manipulation assessment is ABSENT -- not clean: no usable vendor data for: gross margin (GMI), SG&A intensity (SGAI)",1.0,-0.01,per_item
general,KPN.AS,stage1_veto:refused_rows,"uInterestCoverage: 3 of 8 available rows are not computable AND report a positive `totalDebt` on the SAME row, so the refusal cannot mean the flag is inapplicable to this company -- it is missing data. Flag was ABSTAINED -- 5 row(s) is under the 6-row partial-window floor.",3.0,-0.03,per_item
,LBRDK,forensic_gap:beneish_components,"no usable vendor data for: receivables days (DSRI), gross margin (GMI)",2.0,-0.02,per_item
,LBRDK,forensic_gap:no_verdict,"the Beneish M-score could not be formed for this name, so the manipulation assessment is ABSENT -- not clean: no usable vendor data for: receivables days (DSRI), gross margin (GMI)",1.0,-0.01,per_item
,MAU.PA,forensic_gap:beneish_components,"no usable vendor data for: gross margin (GMI), SG&A intensity (SGAI)",2.0,-0.02,per_item
,MAU.PA,forensic_gap:no_verdict,"the Beneish M-score could not be formed for this name, so the manipulation assessment is ABSENT -- not clean: no usable vendor data for: gross margin (GMI), SG&A intensity (SGAI)",1.0,-0.01,per_item
,MER.TO,forensic_gap:beneish_components,"no usable vendor data for: receivables days (DSRI), gross margin (GMI)",2.0,-0.02,per_item
,MER.TO,forensic_gap:no_verdict,"the Beneish M-score could not be formed for this name, so the manipulation assessment is ABSENT -- not clean: no usable vendor data for: receivables days (DSRI), gross margin (GMI)",1.0,-0.01,per_item
general,MHO,stage1_veto:refused_rows,"uInterestCoverage: 3 of 8 available rows are not computable AND report a positive `totalDebt` on the SAME row, so the refusal cannot mean the flag is inapplicable to this company -- it is missing data. Flag was ABSTAINED -- 5 row(s) is under the 6-row partial-window floor.",3.0,-0.03,per_item
,MRU.TO,forensic_gap:beneish_components,no usable vendor data for: SG&A intensity (SGAI),1.0,-0.01,per_item
,MRU.TO,forensic_gap:no_verdict,"the Beneish M-score could not be formed for this name, so the manipulation assessment is ABSENT -- not clean: no usable vendor data for: SG&A intensity (SGAI)",1.0,-0.01,per_item
general,MRU.TO,stage1_veto:refused_rows,"uInterestCoverage: 1 of 8 available rows are not computable AND report a positive `totalDebt` on the SAME row, so the refusal cannot mean the flag is inapplicable to this company -- it is missing data. Flag was JUDGED on the 7 row(s) that compute.",1.0,-0.01,per_item
general,MTEC.L,stage1_veto:refused_rows,"uInterestCoverage: 3 of 8 available rows are not computable AND report a positive `totalDebt` on the SAME row, so the refusal cannot mean the flag is inapplicable to this company -- it is missing data. Flag was ABSTAINED -- 5 row(s) is under the 6-row partial-window floor.",3.0,-0.03,per_item
,NAE.PA,forensic_gap:beneish_components,no usable vendor data for: gross margin (GMI),1.0,-0.01,per_item
,NAE.PA,forensic_gap:no_verdict,"the Beneish M-score could not be formed for this name, so the manipulation assessment is ABSENT -- not clean: no usable vendor data for: gross margin (GMI)",1.0,-0.01,per_item
general,NAE.PA,stage1_veto:refused_rows,"uInterestCoverage: 1 of 8 available rows are not computable AND report a positive `totalDebt` on the SAME row, so the refusal cannot mean the flag is inapplicable to this company -- it is missing data. Flag was JUDGED on the 7 row(s) that compute.",1.0,-0.01,per_item
general,NBTX,stage1_veto:refused_rows,"uInterestCoverage: 3 of 8 available rows are not computable AND report a positive `totalDebt` on the SAME row, so the refusal cannot mean the flag is inapplicable to this company -- it is missing data. Flag was ABSTAINED -- 5 row(s) is under the 6-row partial-window floor.",3.0,-0.03,per_item
,NEDAP.AS,forensic_gap:beneish_components,"no usable vendor data for: gross margin (GMI), SG&A intensity (SGAI)",2.0,-0.02,per_item
,NEDAP.AS,forensic_gap:no_verdict,"the Beneish M-score could not be formed for this name, so the manipulation assessment is ABSENT -- not clean: no usable vendor data for: gross margin (GMI), SG&A intensity (SGAI)",1.0,-0.01,per_item
general,NVTS,stage1_veto:refused_rows,"uInterestCoverage: 3 of 8 available rows are not computable AND report a positive `totalDebt` on the SAME row, so the refusal cannot mean the flag is inapplicable to this company -- it is missing data. Flag was ABSTAINED -- 5 row(s) is under the 6-row partial-window floor.",3.0,-0.03,per_item
,ODET.PA,forensic_gap:beneish_components,no usable vendor data for: receivables days (DSRI),1.0,-0.01,per_item
,ODET.PA,forensic_gap:no_verdict,"the Beneish M-score could not be formed for this name, so the manipulation assessment is ABSENT -- not clean: no usable vendor data for: receivables days (DSRI)",1.0,-0.01,per_item
general,ODET.PA,stage1_veto:refused_rows,"uInterestCoverage: 1 of 8 available rows are not computable AND report a positive `totalDebt` on the SAME row, so the refusal cannot mean the flag is inapplicable to this company -- it is missing data. Flag was JUDGED on the 7 row(s) that compute.",1.0,-0.01,per_item
,PARP.PA,forensic_gap:beneish_components,"no usable vendor data for: gross margin (GMI), SG&A intensity (SGAI)",2.0,-0.02,per_item
,PARP.PA,forensic_gap:no_verdict,"the Beneish M-score could not be formed for this name, so the manipulation assessment is ABSENT -- not clean: no usable vendor data for: gross margin (GMI), SG&A intensity (SGAI)",1.0,-0.01,per_item
general,PYPD,stage1_veto:refused_rows,"uInterestCoverage: 3 of 8 available rows are not computable AND report a positive `totalDebt` on the SAME row, so the refusal cannot mean the flag is inapplicable to this company -- it is missing data. Flag was ABSTAINED -- 5 row(s) is under the 6-row partial-window floor.",3.0,-0.03,per_item
,PZA.TO,forensic_gap:beneish_components,"no usable vendor data for: gross margin (GMI), depreciation rate (DEPI)",2.0,-0.02,per_item
,PZA.TO,forensic_gap:no_verdict,"the Beneish M-score could not be formed for this name, so the manipulation assessment is ABSENT -- not clean: no usable vendor data for: gross margin (GMI), depreciation rate (DEPI)",1.0,-0.01,per_item
FinManager,RF.PA,stage1_veto:refused_rows,"uInterestCoverage: 3 of 8 available rows are not computable AND report a positive `totalDebt` on the SAME row, so the refusal cannot mean the flag is inapplicable to this company -- it is missing data. Flag was ABSTAINED -- 5 row(s) is under the 6-row partial-window floor.",3.0,-0.03,per_item
,SDG.PA,forensic_gap:beneish_components,no usable vendor data for: SG&A intensity (SGAI),1.0,-0.01,per_item
,SDG.PA,forensic_gap:no_verdict,"the Beneish M-score could not be formed for this name, so the manipulation assessment is ABSENT -- not clean: no usable vendor data for: SG&A intensity (SGAI)",1.0,-0.01,per_item
general,SDG.PA,stage1_veto:refused_rows,"uInterestCoverage: 1 of 8 available rows are not computable AND report a positive `totalDebt` on the SAME row, so the refusal cannot mean the flag is inapplicable to this company -- it is missing data. Flag was JUDGED on the 7 row(s) that compute.",1.0,-0.01,per_item
,TATE.L,forensic_gap:beneish_components,"no usable vendor data for: gross margin (GMI), SG&A intensity (SGAI)",2.0,-0.02,per_item
,TATE.L,forensic_gap:no_verdict,"the Beneish M-score could not be formed for this name, so the manipulation assessment is ABSENT -- not clean: no usable vendor data for: gross margin (GMI), SG&A intensity (SGAI)",1.0,-0.01,per_item
general,TE,stage1_veto:refused_rows,"uInterestCoverage: 3 of 8 available rows are not computable AND report a positive `totalDebt` on the SAME row, so the refusal cannot mean the flag is inapplicable to this company -- it is missing data. Flag was ABSTAINED -- 5 row(s) is under the 6-row partial-window floor.",3.0,-0.03,per_item
,TFI.PA,forensic_gap:beneish_components,no usable vendor data for: SG&A intensity (SGAI),1.0,-0.01,per_item
,TFI.PA,forensic_gap:no_verdict,"the Beneish M-score could not be formed for this name, so the manipulation assessment is ABSENT -- not clean: no usable vendor data for: SG&A intensity (SGAI)",1.0,-0.01,per_item
general,TFI.PA,stage1_veto:refused_rows,"uInterestCoverage: 1 of 8 available rows are not computable AND report a positive `totalDebt` on the SAME row, so the refusal cannot mean the flag is inapplicable to this company -- it is missing data. Flag was JUDGED on the 7 row(s) that compute.",1.0,-0.01,per_item
general,TNG.PA,stage1_veto:refused_rows,"uInterestCoverage: 3 of 8 available rows are not computable AND report a positive `totalDebt` on the SAME row, so the refusal cannot mean the flag is inapplicable to this company -- it is missing data. Flag was ABSTAINED -- 5 row(s) is under the 6-row partial-window floor.",3.0,-0.03,per_item
,TNZ.TO,forensic_gap:beneish_components,no usable vendor data for: gross margin (GMI),1.0,-0.01,per_item
,TNZ.TO,forensic_gap:no_verdict,"the Beneish M-score could not be formed for this name, so the manipulation assessment is ABSENT -- not clean: no usable vendor data for: gross margin (GMI)",1.0,-0.01,per_item
general,TNZ.TO,stage1_veto:refused_rows,"uInterestCoverage: 1 of 8 available rows are not computable AND report a positive `totalDebt` on the SAME row, so the refusal cannot mean the flag is inapplicable to this company -- it is missing data. Flag was JUDGED on the 7 row(s) that compute.",1.0,-0.01,per_item
,TOT.TO,forensic_gap:beneish_components,no usable vendor data for: asset quality (AQI),1.0,-0.01,per_item
,TOT.TO,forensic_gap:no_verdict,"the Beneish M-score could not be formed for this name, so the manipulation assessment is ABSENT -- not clean: no usable vendor data for: asset quality (AQI)",1.0,-0.01,per_item
general,TOT.TO,stage1_veto:refused_rows,"uInterestCoverage: 1 of 8 available rows are not computable AND report a positive `totalDebt` on the SAME row, so the refusal cannot mean the flag is inapplicable to this company -- it is missing data. Flag was JUDGED on the 7 row(s) that compute.",1.0,-0.01,per_item
,TSK.TO,forensic_gap:beneish_components,"no usable vendor data for: receivables days (DSRI), gross margin (GMI)",2.0,-0.02,per_item
,TSK.TO,forensic_gap:no_verdict,"the Beneish M-score could not be formed for this name, so the manipulation assessment is ABSENT -- not clean: no usable vendor data for: receivables days (DSRI), gross margin (GMI)",1.0,-0.01,per_item
general,UEIC,stage1_veto:refused_rows,"uInterestCoverage: 3 of 8 available rows are not computable AND report a positive `totalDebt` on the SAME row, so the refusal cannot mean the flag is inapplicable to this company -- it is missing data. Flag was ABSTAINED -- 5 row(s) is under the 6-row partial-window floor.",3.0,-0.03,per_item
,UGI,forensic_gap:beneish_components,no usable vendor data for: SG&A intensity (SGAI),1.0,-0.01,per_item
,UGI,forensic_gap:no_verdict,"the Beneish M-score could not be formed for this name, so the manipulation assessment is ABSENT -- not clean: no usable vendor data for: SG&A intensity (SGAI)",1.0,-0.01,per_item
general,UGI,stage1_veto:refused_rows,"uInterestCoverage: 1 of 8 available rows are not computable AND report a positive `totalDebt` on the SAME row, so the refusal cannot mean the flag is inapplicable to this company -- it is missing data. Flag was JUDGED on the 7 row(s) that compute.",1.0,-0.01,per_item
general,UL,stage1_veto:refused_rows,"uInterestCoverage: 3 of 8 available rows are not computable AND report a positive `totalDebt` on the SAME row, so the refusal cannot mean the flag is inapplicable to this company -- it is missing data. Flag was ABSTAINED -- 5 row(s) is under the 6-row partial-window floor.",3.0,-0.03,per_item
general,VBIO,stage1_veto:refused_rows,"uInterestCoverage: 3 of 8 available rows are not computable AND report a positive `totalDebt` on the SAME row, so the refusal cannot mean the flag is inapplicable to this company -- it is missing data. Flag was ABSTAINED -- 2 row(s) is under the 6-row partial-window floor.",3.0,-0.03,per_item
,VCT.PA,forensic_gap:beneish_components,"no usable vendor data for: gross margin (GMI), SG&A intensity (SGAI)",2.0,-0.02,per_item
,VCT.PA,forensic_gap:no_verdict,"the Beneish M-score could not be formed for this name, so the manipulation assessment is ABSENT -- not clean: no usable vendor data for: gross margin (GMI), SG&A intensity (SGAI)",1.0,-0.01,per_item
REIT,VMRK,stage1_veto:refused_rows,"reitEbitdaInterestCoverage: 3 of 8 available rows are not computable AND report a positive `totalDebt` on the SAME row, so the refusal cannot mean the flag is inapplicable to this company -- it is missing data. Flag was ABSTAINED -- 5 row(s) is under the 6-row partial-window floor.",3.0,-0.03,per_item
,VSEC,forensic_gap:beneish_components,no usable vendor data for: SG&A intensity (SGAI),1.0,-0.01,per_item
,VSEC,forensic_gap:no_verdict,"the Beneish M-score could not be formed for this name, so the manipulation assessment is ABSENT -- not clean: no usable vendor data for: SG&A intensity (SGAI)",1.0,-0.01,per_item
general,VSEC,stage1_veto:refused_rows,"uInterestCoverage: 1 of 8 available rows are not computable AND report a positive `totalDebt` on the SAME row, so the refusal cannot mean the flag is inapplicable to this company -- it is missing data. Flag was JUDGED on the 7 row(s) that compute.",1.0,-0.01,per_item
REIT,VTR.PA,stage1_veto:refused_rows,"reitEbitdaInterestCoverage: 3 of 8 available rows are not computable AND report a positive `totalDebt` on the SAME row, so the refusal cannot mean the flag is inapplicable to this company -- it is missing data. Flag was ABSTAINED -- 5 row(s) is under the 6-row partial-window floor.",3.0,-0.03,per_item
,WRG.TO,forensic_gap:beneish_components,"no usable vendor data for: gross margin (GMI), asset quality (AQI)",2.0,-0.02,per_item
,WRG.TO,forensic_gap:no_verdict,"the Beneish M-score could not be formed for this name, so the manipulation assessment is ABSENT -- not clean: no usable vendor data for: gross margin (GMI), asset quality (AQI)",1.0,-0.01,per_item
,003080.KS,forensic_gap:beneish_components,no usable vendor data for: gross margin (GMI),1.0,-0.01,per_item
,003080.KS,forensic_gap:no_verdict,"the Beneish M-score could not be formed for this name, so the manipulation assessment is ABSENT -- not clean: no usable vendor data for: gross margin (GMI)",1.0,-0.01,per_item
,003550.KS,forensic_gap:beneish_components,no usable vendor data for: gross margin (GMI),1.0,-0.01,per_item
,003550.KS,forensic_gap:no_verdict,"the Beneish M-score could not be formed for this name, so the manipulation assessment is ABSENT -- not clean: no usable vendor data for: gross margin (GMI)",1.0,-0.01,per_item
general,004140.KS,stage1_veto:refused_rows,"uInterestCoverage: 2 of 8 available rows are not computable AND report a positive `totalDebt` on the SAME row, so the refusal cannot mean the flag is inapplicable to this company -- it is missing data. Flag was JUDGED on the 6 row(s) that compute.",2.0,-0.02,per_item
,005500.KS,forensic_gap:beneish_components,no usable vendor data for: SG&A intensity (SGAI),1.0,-0.01,per_item
,005500.KS,forensic_gap:no_verdict,"the Beneish M-score could not be formed for this name, so the manipulation assessment is ABSENT -- not clean: no usable vendor data for: SG&A intensity (SGAI)",1.0,-0.01,per_item
,006110.KS,forensic_gap:beneish_components,no usable vendor data for: gross margin (GMI),1.0,-0.01,per_item
,006110.KS,forensic_gap:no_verdict,"the Beneish M-score could not be formed for this name, so the manipulation assessment is ABSENT -- not clean: no usable vendor data for: gross margin (GMI)",1.0,-0.01,per_item
FinManager,006800.KS,stage1_veto:refused_rows,"uInterestCoverage: 2 of 8 available rows are not computable AND report a positive `totalDebt` on the SAME row, so the refusal cannot mean the flag is inapplicable to this company -- it is missing data. Flag was JUDGED on the 6 row(s) that compute.",2.0,-0.02,per_item
general,010660.KS,stage1_veto:refused_rows,"uInterestCoverage: 2 of 8 available rows are not computable AND report a positive `totalDebt` on the SAME row, so the refusal cannot mean the flag is inapplicable to this company -- it is missing data. Flag was JUDGED on the 6 row(s) that compute.",2.0,-0.02,per_item
,011170.KS,forensic_gap:beneish_components,no usable vendor data for: gross margin (GMI),1.0,-0.01,per_item
,011170.KS,forensic_gap:no_verdict,"the Beneish M-score could not be formed for this name, so the manipulation assessment is ABSENT -- not clean: no usable vendor data for: gross margin (GMI)",1.0,-0.01,per_item
,017390.KS,forensic_gap:beneish_components,no usable vendor data for: SG&A intensity (SGAI),1.0,-0.01,per_item
,017390.KS,forensic_gap:no_verdict,"the Beneish M-score could not be formed for this name, so the manipulation assessment is ABSENT -- not clean: no usable vendor data for: SG&A intensity (SGAI)",1.0,-0.01,per_item
,025560.KS,forensic_gap:beneish_components,no usable vendor data for: gross margin (GMI),1.0,-0.01,per_item
,025560.KS,forensic_gap:no_verdict,"the Beneish M-score could not be formed for this name, so the manipulation assessment is ABSENT -- not clean: no usable vendor data for: gross margin (GMI)",1.0,-0.01,per_item
,039570.KS,forensic_gap:beneish_components,no usable vendor data for: SG&A intensity (SGAI),1.0,-0.01,per_item
,039570.KS,forensic_gap:no_verdict,"the Beneish M-score could not be formed for this name, so the manipulation assessment is ABSENT -- not clean: no usable vendor data for: SG&A intensity (SGAI)",1.0,-0.01,per_item
,051630.KS,forensic_gap:beneish_components,no usable vendor data for: gross margin (GMI),1.0,-0.01,per_item
,051630.KS,forensic_gap:no_verdict,"the Beneish M-score could not be formed for this name, so the manipulation assessment is ABSENT -- not clean: no usable vendor data for: gross margin (GMI)",1.0,-0.01,per_item
,053580.KQ,forensic_gap:beneish_components,no usable vendor data for: gross margin (GMI),1.0,-0.01,per_item
,053580.KQ,forensic_gap:no_verdict,"the Beneish M-score could not be formed for this name, so the manipulation assessment is ABSENT -- not clean: no usable vendor data for: gross margin (GMI)",1.0,-0.01,per_item
,068760.KQ,forensic_gap:beneish_components,no usable vendor data for: SG&A intensity (SGAI),1.0,-0.01,per_item
,068760.KQ,forensic_gap:no_verdict,"the Beneish M-score could not be formed for this name, so the manipulation assessment is ABSENT -- not clean: no usable vendor data for: SG&A intensity (SGAI)",1.0,-0.01,per_item
,097870.KQ,forensic_gap:beneish_components,no usable vendor data for: SG&A intensity (SGAI),1.0,-0.01,per_item
,097870.KQ,forensic_gap:no_verdict,"the Beneish M-score could not be formed for this name, so the manipulation assessment is ABSENT -- not clean: no usable vendor data for: SG&A intensity (SGAI)",1.0,-0.01,per_item
,0I5O.L,forensic_gap:beneish_components,no usable vendor data for: SG&A intensity (SGAI),1.0,-0.01,per_item
,0I5O.L,forensic_gap:no_verdict,"the Beneish M-score could not be formed for this name, so the manipulation assessment is ABSENT -- not clean: no usable vendor data for: SG&A intensity (SGAI)",1.0,-0.01,per_item
general,0N66.L,stage1_veto:refused_rows,"uInterestCoverage: 2 of 8 available rows are not computable AND report a positive `totalDebt` on the SAME row, so the refusal cannot mean the flag is inapplicable to this company -- it is missing data. Flag was JUDGED on the 6 row(s) that compute.",2.0,-0.02,per_item
general,0N6K.L,stage1_veto:refused_rows,"uInterestCoverage: 2 of 8 available rows are not computable AND report a positive `totalDebt` on the SAME row, so the refusal cannot mean the flag is inapplicable to this company -- it is missing data. Flag was JUDGED on the 6 row(s) that compute.",2.0,-0.02,per_item
,0QNA.L,forensic_gap:beneish_components,no usable vendor data for: gross margin (GMI),1.0,-0.01,per_item
,0QNA.L,forensic_gap:no_verdict,"the Beneish M-score could not be formed for this name, so the manipulation assessment is ABSENT -- not clean: no usable vendor data for: gross margin (GMI)",1.0,-0.01,per_item
REIT,0QOG.L,stage1_veto:refused_rows,"reitEbitdaInterestCoverage: 2 of 8 available rows are not computable AND report a positive `totalDebt` on the SAME row, so the refusal cannot mean the flag is inapplicable to this company -- it is missing data. Flag was JUDGED on the 6 row(s) that compute.",2.0,-0.02,per_item
,0QQA.L,forensic_gap:beneish_components,no usable vendor data for: gross margin (GMI),1.0,-0.01,per_item
,0QQA.L,forensic_gap:no_verdict,"the Beneish M-score could not be formed for this name, so the manipulation assessment is ABSENT -- not clean: no usable vendor data for: gross margin (GMI)",1.0,-0.01,per_item
general,0QW8.L,stage1_veto:refused_rows,"uInterestCoverage: 2 of 8 available rows are not computable AND report a positive `totalDebt` on the SAME row, so the refusal cannot mean the flag is inapplicable to this company -- it is missing data. Flag was JUDGED on the 6 row(s) that compute.",2.0,-0.02,per_item
general,0RRB.L,stage1_veto:refused_rows,"uInterestCoverage: 2 of 8 available rows are not computable AND report a positive `totalDebt` on the SAME row, so the refusal cannot mean the flag is inapplicable to this company -- it is missing data. Flag was JUDGED on the 6 row(s) that compute.",2.0,-0.02,per_item
general,0W19.L,stage1_veto:refused_rows,"uInterestCoverage: 2 of 8 available rows are not computable AND report a positive `totalDebt` on the SAME row, so the refusal cannot mean the flag is inapplicable to this company -- it is missing data. Flag was JUDGED on the 6 row(s) that compute.",2.0,-0.02,per_item
,0Z4C.L,forensic_gap:beneish_components,no usable vendor data for: SG&A intensity (SGAI),1.0,-0.01,per_item
,0Z4C.L,forensic_gap:no_verdict,"the Beneish M-score could not be formed for this name, so the manipulation assessment is ABSENT -- not clean: no usable vendor data for: SG&A intensity (SGAI)",1.0,-0.01,per_item
,131970.KQ,forensic_gap:beneish_components,no usable vendor data for: gross margin (GMI),1.0,-0.01,per_item
,131970.KQ,forensic_gap:no_verdict,"the Beneish M-score could not be formed for this name, so the manipulation assessment is ABSENT -- not clean: no usable vendor data for: gross margin (GMI)",1.0,-0.01,per_item
,192080.KS,forensic_gap:beneish_components,no usable vendor data for: gross margin (GMI),1.0,-0.01,per_item
,192080.KS,forensic_gap:no_verdict,"the Beneish M-score could not be formed for this name, so the manipulation assessment is ABSENT -- not clean: no usable vendor data for: gross margin (GMI)",1.0,-0.01,per_item
,207940.KS,forensic_gap:beneish_components,no usable vendor data for: receivables days (DSRI),1.0,-0.01,per_item
,207940.KS,forensic_gap:no_verdict,"the Beneish M-score could not be formed for this name, so the manipulation assessment is ABSENT -- not clean: no usable vendor data for: receivables days (DSRI)",1.0,-0.01,per_item
general,214450.KQ,stage1_veto:refused_rows,"uInterestCoverage: 2 of 8 available rows are not computable AND report a positive `totalDebt` on the SAME row, so the refusal cannot mean the flag is inapplicable to this company -- it is missing data. Flag was JUDGED on the 6 row(s) that compute.",2.0,-0.02,per_item
general,237690.KQ,stage1_veto:refused_rows,"uInterestCoverage: 2 of 8 available rows are not computable AND report a positive `totalDebt` on the SAME row, so the refusal cannot mean the flag is inapplicable to this company -- it is missing data. Flag was JUDGED on the 6 row(s) that compute.",2.0,-0.02,per_item
general,253450.KQ,stage1_veto:refused_rows,"uInterestCoverage: 2 of 8 available rows are not computable AND report a positive `totalDebt` on the SAME row, so the refusal cannot mean the flag is inapplicable to this company -- it is missing data. Flag was ABSTAINED -- 5 row(s) is under the 6-row partial-window floor.",2.0,-0.02,per_item
,259960.KS,forensic_gap:beneish_components,no usable vendor data for: gross margin (GMI),1.0,-0.01,per_item
,259960.KS,forensic_gap:no_verdict,"the Beneish M-score could not be formed for this name, so the manipulation assessment is ABSENT -- not clean: no usable vendor data for: gross margin (GMI)",1.0,-0.01,per_item
,304100.KQ,forensic_gap:beneish_components,no usable vendor data for: gross margin (GMI),1.0,-0.01,per_item
,304100.KQ,forensic_gap:no_verdict,"the Beneish M-score could not be formed for this name, so the manipulation assessment is ABSENT -- not clean: no usable vendor data for: gross margin (GMI)",1.0,-0.01,per_item
,372170.KQ,forensic_gap:beneish_components,no usable vendor data for: gross margin (GMI),1.0,-0.01,per_item
,372170.KQ,forensic_gap:no_verdict,"the Beneish M-score could not be formed for this name, so the manipulation assessment is ABSENT -- not clean: no usable vendor data for: gross margin (GMI)",1.0,-0.01,per_item
,376300.KQ,forensic_gap:beneish_components,no usable vendor data for: gross margin (GMI),1.0,-0.01,per_item
,376300.KQ,forensic_gap:no_verdict,"the Beneish M-score could not be formed for this name, so the manipulation assessment is ABSENT -- not clean: no usable vendor data for: gross margin (GMI)",1.0,-0.01,per_item
general,AAA.PA,stage1_veto:refused_rows,"uInterestCoverage: 2 of 8 available rows are not computable AND report a positive `totalDebt` on the SAME row, so the refusal cannot mean the flag is inapplicable to this company -- it is missing data. Flag was JUDGED on the 6 row(s) that compute.",2.0,-0.02,per_item
,AAL.L,forensic_gap:beneish_components,no usable vendor data for: gross margin (GMI),1.0,-0.01,per_item
,AAL.L,forensic_gap:no_verdict,"the Beneish M-score could not be formed for this name, so the manipulation assessment is ABSENT -- not clean: no usable vendor data for: gross margin (GMI)",1.0,-0.01,per_item
general,AAPG,stage1_veto:refused_rows,"uInterestCoverage: 2 of 8 available rows are not computable AND report a positive `totalDebt` on the SAME row, so the refusal cannot mean the flag is inapplicable to this company -- it is missing data. Flag was JUDGED on the 6 row(s) that compute.",2.0,-0.02,per_item
,AC.PA,forensic_gap:beneish_components,no usable vendor data for: SG&A intensity (SGAI),1.0,-0.01,per_item
,AC.PA,forensic_gap:no_verdict,"the Beneish M-score could not be formed for this name, so the manipulation assessment is ABSENT -- not clean: no usable vendor data for: SG&A intensity (SGAI)",1.0,-0.01,per_item
,ADN.TO,forensic_gap:beneish_components,no usable vendor data for: depreciation rate (DEPI),1.0,-0.01,per_item
,ADN.TO,forensic_gap:no_verdict,"the Beneish M-score could not be formed for this name, so the manipulation assessment is ABSENT -- not clean: no usable vendor data for: depreciation rate (DEPI)",1.0,-0.01,per_item
,AIN,forensic_gap:beneish_components,no usable vendor data for: gross margin (GMI),1.0,-0.01,per_item
,AIN,forensic_gap:no_verdict,"the Beneish M-score could not be formed for this name, so the manipulation assessment is ABSENT -- not clean: no usable vendor data for: gross margin (GMI)",1.0,-0.01,per_item
,AJAX.AS,forensic_gap:beneish_components,no usable vendor data for: gross margin (GMI),1.0,-0.01,per_item
,AJAX.AS,forensic_gap:no_verdict,"the Beneish M-score could not be formed for this name, so the manipulation assessment is ABSENT -- not clean: no usable vendor data for: gross margin (GMI)",1.0,-0.01,per_item
,AKBA,forensic_gap:no_verdict,"the Beneish M-score could not be formed for this name, so the manipulation assessment is ABSENT -- not clean: fewer than half the trailing-year periods are computable (1 of 4), so the mean would not be a trailing-year mean",1.0,-0.01,per_item
general,AKBA,stage1_veto:refused_rows,"uInterestCoverage: 1 of 8 available rows are not computable AND report a positive `totalDebt` on the SAME row, so the refusal cannot mean the flag is inapplicable to this company -- it is missing data. Flag was JUDGED on the 7 row(s) that compute.",1.0,-0.01,per_item
,ALATI.PA,forensic_gap:beneish_components,no usable vendor data for: gross margin (GMI),1.0,-0.01,per_item
,ALATI.PA,forensic_gap:no_verdict,"the Beneish M-score could not be formed for this name, so the manipulation assessment is ABSENT -- not clean: no usable vendor data for: gross margin (GMI)",1.0,-0.01,per_item
,ALBFR.PA,forensic_gap:beneish_components,no usable vendor data for: SG&A intensity (SGAI),1.0,-0.01,per_item
,ALBFR.PA,forensic_gap:no_verdict,"the Beneish M-score could not be formed for this name, so the manipulation assessment is ABSENT -- not clean: no usable vendor data for: SG&A intensity (SGAI)",1.0,-0.01,per_item
,ALCIS.PA,forensic_gap:beneish_components,no usable vendor data for: SG&A intensity (SGAI),1.0,-0.01,per_item
,ALCIS.PA,forensic_gap:no_verdict,"the Beneish M-score could not be formed for this name, so the manipulation assessment is ABSENT -- not clean: no usable vendor data for: SG&A intensity (SGAI)",1.0,-0.01,per_item
general,ALDVI.PA,stage1_veto:refused_rows,"uInterestCoverage: 2 of 8 available rows are not computable AND report a positive `totalDebt` on the SAME row, so the refusal cannot mean the flag is inapplicable to this company -- it is missing data. Flag was JUDGED on the 6 row(s) that compute.",2.0,-0.02,per_item
,ALFEN.AS,forensic_gap:beneish_components,no usable vendor data for: gross margin (GMI),1.0,-0.01,per_item
,ALFEN.AS,forensic_gap:no_verdict,"the Beneish M-score could not be formed for this name, so the manipulation assessment is ABSENT -- not clean: no usable vendor data for: gross margin (GMI)",1.0,-0.01,per_item
,ALFRE.PA,forensic_gap:beneish_components,no usable vendor data for: SG&A intensity (SGAI),1.0,-0.01,per_item
,ALFRE.PA,forensic_gap:no_verdict,"the Beneish M-score could not be formed for this name, so the manipulation assessment is ABSENT -- not clean: no usable vendor data for: SG&A intensity (SGAI)",1.0,-0.01,per_item
,ALHGR.PA,forensic_gap:beneish_components,no usable vendor data for: gross margin (GMI),1.0,-0.01,per_item
,ALHGR.PA,forensic_gap:no_verdict,"the Beneish M-score could not be formed for this name, so the manipulation assessment is ABSENT -- not clean: no usable vendor data for: gross margin (GMI)",1.0,-0.01,per_item
,ALLHB.PA,forensic_gap:beneish_components,no usable vendor data for: asset quality (AQI),1.0,-0.01,per_item
,ALLHB.PA,forensic_gap:no_verdict,"the Beneish M-score could not be formed for this name, so the manipulation assessment is ABSENT -- not clean: no usable vendor data for: asset quality (AQI)",1.0,-0.01,per_item
,ALMRB.PA,forensic_gap:beneish_components,no usable vendor data for: SG&A intensity (SGAI),1.0,-0.01,per_item
,ALMRB.PA,forensic_gap:no_verdict,"the Beneish M-score could not be formed for this name, so the manipulation assessment is ABSENT -- not clean: no usable vendor data for: SG&A intensity (SGAI)",1.0,-0.01,per_item
,ALPDX.PA,forensic_gap:beneish_components,no usable vendor data for: gross margin (GMI),1.0,-0.01,per_item
,ALPDX.PA,forensic_gap:no_verdict,"the Beneish M-score could not be formed for this name, so the manipulation assessment is ABSENT -- not clean: no usable vendor data for: gross margin (GMI)",1.0,-0.01,per_item
,ALPJT.PA,forensic_gap:beneish_components,no usable vendor data for: gross margin (GMI),1.0,-0.01,per_item
,ALPJT.PA,forensic_gap:no_verdict,"the Beneish M-score could not be formed for this name, so the manipulation assessment is ABSENT -- not clean: no usable vendor data for: gross margin (GMI)",1.0,-0.01,per_item
,ALSOG.PA,forensic_gap:beneish_components,no usable vendor data for: gross margin (GMI),1.0,-0.01,per_item
,ALSOG.PA,forensic_gap:no_verdict,"the Beneish M-score could not be formed for this name, so the manipulation assessment is ABSENT -- not clean: no usable vendor data for: gross margin (GMI)",1.0,-0.01,per_item
general,ALTHX.PA,stage1_veto:refused_rows,"uInterestCoverage: 2 of 8 available rows are not computable AND report a positive `totalDebt` on the SAME row, so the refusal cannot mean the flag is inapplicable to this company -- it is missing data. Flag was JUDGED on the 6 row(s) that compute.",2.0,-0.02,per_item
general,ALVU.PA,stage1_veto:refused_rows,"uInterestCoverage: 2 of 8 available rows are not computable AND report a positive `totalDebt` on the SAME row, so the refusal cannot mean the flag is inapplicable to this company -- it is missing data. Flag was JUDGED on the 6 row(s) that compute.",2.0,-0.02,per_item
,AM.PA,forensic_gap:beneish_components,no usable vendor data for: SG&A intensity (SGAI),1.0,-0.01,per_item
,AM.PA,forensic_gap:no_verdict,"the Beneish M-score could not be formed for this name, so the manipulation assessment is ABSENT -- not clean: no usable vendor data for: SG&A intensity (SGAI)",1.0,-0.01,per_item
,ANDE,forensic_gap:beneish_components,no usable vendor data for: SG&A intensity (SGAI),1.0,-0.01,per_item
,ANDE,forensic_gap:no_verdict,"the Beneish M-score could not be formed for this name, so the manipulation assessment is ABSENT -- not clean: no usable vendor data for: SG&A intensity (SGAI)",1.0,-0.01,per_item
,ARAMI.PA,forensic_gap:beneish_components,no usable vendor data for: gross margin (GMI),1.0,-0.01,per_item
,ARAMI.PA,forensic_gap:no_verdict,"the Beneish M-score could not be formed for this name, so the manipulation assessment is ABSENT -- not clean: no usable vendor data for: gross margin (GMI)",1.0,-0.01,per_item
,ARCAD.AS,forensic_gap:beneish_components,no usable vendor data for: SG&A intensity (SGAI),1.0,-0.01,per_item
,ARCAD.AS,forensic_gap:no_verdict,"the Beneish M-score could not be formed for this name, so the manipulation assessment is ABSENT -- not clean: no usable vendor data for: SG&A intensity (SGAI)",1.0,-0.01,per_item
,ARE.TO,forensic_gap:beneish_components,no usable vendor data for: gross margin (GMI),1.0,-0.01,per_item
,ARE.TO,forensic_gap:no_verdict,"the Beneish M-score could not be formed for this name, so the manipulation assessment is ABSENT -- not clean: no usable vendor data for: gross margin (GMI)",1.0,-0.01,per_item
,AURE.PA,forensic_gap:beneish_components,no usable vendor data for: SG&A intensity (SGAI),1.0,-0.01,per_item
,AURE.PA,forensic_gap:no_verdict,"the Beneish M-score could not be formed for this name, so the manipulation assessment is ABSENT -- not clean: no usable vendor data for: SG&A intensity (SGAI)",1.0,-0.01,per_item
,AYA.TO,forensic_gap:beneish_components,no usable vendor data for: gross margin (GMI),1.0,-0.01,per_item
,AYA.TO,forensic_gap:no_verdict,"the Beneish M-score could not be formed for this name, so the manipulation assessment is ABSENT -- not clean: no usable vendor data for: gross margin (GMI)",1.0,-0.01,per_item
general,AYV.PA,stage1_veto:refused_rows,"uInterestCoverage: 2 of 8 available rows are not computable AND report a positive `totalDebt` on the SAME row, so the refusal cannot mean the flag is inapplicable to this company -- it is missing data. Flag was JUDGED on the 6 row(s) that compute.",2.0,-0.02,per_item
general,BB.PA,stage1_veto:refused_rows,"uInterestCoverage: 2 of 8 available rows are not computable AND report a positive `totalDebt` on the SAME row, so the refusal cannot mean the flag is inapplicable to this company -- it is missing data. Flag was JUDGED on the 6 row(s) that compute.",2.0,-0.02,per_item
general,BBUC,stage1_veto:refused_rows,"uInterestCoverage: 2 of 8 available rows are not computable AND report a positive `totalDebt` on the SAME row, so the refusal cannot mean the flag is inapplicable to this company -- it is missing data. Flag was JUDGED on the 6 row(s) that compute.",2.0,-0.02,per_item
,BIG.PA,forensic_gap:beneish_components,no usable vendor data for: SG&A intensity (SGAI),1.0,-0.01,per_item
,BIG.PA,forensic_gap:no_verdict,"the Beneish M-score could not be formed for this name, so the manipulation assessment is ABSENT -- not clean: no usable vendor data for: SG&A intensity (SGAI)",1.0,-0.01,per_item
general,BILN.L,stage1_veto:refused_rows,"uInterestCoverage: 2 of 8 available rows are not computable AND report a positive `totalDebt` on the SAME row, so the refusal cannot mean the flag is inapplicable to this company -- it is missing data. Flag was JUDGED on the 6 row(s) that compute.",2.0,-0.02,per_item
general,BIM.PA,stage1_veto:refused_rows,"uInterestCoverage: 2 of 8 available rows are not computable AND report a positive `totalDebt` on the SAME row, so the refusal cannot mean the flag is inapplicable to this company -- it is missing data. Flag was JUDGED on the 6 row(s) that compute.",2.0,-0.02,per_item
general,BLNK,stage1_veto:refused_rows,"uInterestCoverage: 2 of 8 available rows are not computable AND report a positive `totalDebt` on the SAME row, so the refusal cannot mean the flag is inapplicable to this company -- it is missing data. Flag was JUDGED on the 6 row(s) that compute.",2.0,-0.02,per_item
,CAI,forensic_gap:no_verdict,"the Beneish M-score could not be formed for this name, so the manipulation assessment is ABSENT -- not clean: fewer than half the trailing-year periods are computable (1 of 4), so the mean would not be a trailing-year mean",1.0,-0.01,per_item
general,CAI,stage1_veto:refused_rows,"uInterestCoverage: 1 of 8 available rows are not computable AND report a positive `totalDebt` on the SAME row, so the refusal cannot mean the flag is inapplicable to this company -- it is missing data. Flag was JUDGED on the 7 row(s) that compute.",1.0,-0.01,per_item
REIT,CARM.PA,stage1_veto:refused_rows,"reitEbitdaInterestCoverage: 2 of 8 available rows are not computable AND report a positive `totalDebt` on the SAME row, so the refusal cannot mean the flag is inapplicable to this company -- it is missing data. Flag was JUDGED on the 6 row(s) that compute.",2.0,-0.02,per_item
,CC,forensic_gap:beneish_components,no usable vendor data for: SG&A intensity (SGAI),1.0,-0.01,per_item
,CC,forensic_gap:no_verdict,"the Beneish M-score could not be formed for this name, so the manipulation assessment is ABSENT -- not clean: no usable vendor data for: SG&A intensity (SGAI)",1.0,-0.01,per_item
,CFP.TO,forensic_gap:beneish_components,no usable vendor data for: gross margin (GMI),1.0,-0.01,per_item
,CFP.TO,forensic_gap:no_verdict,"the Beneish M-score could not be formed for this name, so the manipulation assessment is ABSENT -- not clean: no usable vendor data for: gross margin (GMI)",1.0,-0.01,per_item
,CFX.L,forensic_gap:beneish_components,no usable vendor data for: asset quality (AQI),1.0,-0.01,per_item
,CFX.L,forensic_gap:no_verdict,"the Beneish M-score could not be formed for this name, so the manipulation assessment is ABSENT -- not clean: no usable vendor data for: asset quality (AQI)",1.0,-0.01,per_item
,CHH.L,forensic_gap:beneish_components,no usable vendor data for: gross margin (GMI),1.0,-0.01,per_item
,CHH.L,forensic_gap:no_verdict,"the Beneish M-score could not be formed for this name, so the manipulation assessment is ABSENT -- not clean: no usable vendor data for: gross margin (GMI)",1.0,-0.01,per_item
,CHR.TO,forensic_gap:beneish_components,no usable vendor data for: SG&A intensity (SGAI),1.0,-0.01,per_item
,CHR.TO,forensic_gap:no_verdict,"the Beneish M-score could not be formed for this name, so the manipulation assessment is ABSENT -- not clean: no usable vendor data for: SG&A intensity (SGAI)",1.0,-0.01,per_item
general,CPH.TO,stage1_veto:refused_rows,"uInterestCoverage: 2 of 8 available rows are not computable AND report a positive `totalDebt` on the SAME row, so the refusal cannot mean the flag is inapplicable to this company -- it is missing data. Flag was JUDGED on the 6 row(s) that compute.",2.0,-0.02,per_item
,CPX.TO,forensic_gap:beneish_components,no usable vendor data for: gross margin (GMI),1.0,-0.01,per_item
,CPX.TO,forensic_gap:no_verdict,"the Beneish M-score could not be formed for this name, so the manipulation assessment is ABSENT -- not clean: no usable vendor data for: gross margin (GMI)",1.0,-0.01,per_item
general,CRMD,stage1_veto:refused_rows,"uInterestCoverage: 2 of 8 available rows are not computable AND report a positive `totalDebt` on the SAME row, so the refusal cannot mean the flag is inapplicable to this company -- it is missing data. Flag was JUDGED on the 6 row(s) that compute.",2.0,-0.02,per_item
,CX,forensic_gap:beneish_components,no usable vendor data for: SG&A intensity (SGAI),1.0,-0.01,per_item
,CX,forensic_gap:no_verdict,"the Beneish M-score could not be formed for this name, so the manipulation assessment is ABSENT -- not clean: no usable vendor data for: SG&A intensity (SGAI)",1.0,-0.01,per_item
,DBG.PA,forensic_gap:beneish_components,no usable vendor data for: gross margin (GMI),1.0,-0.01,per_item
,DBG.PA,forensic_gap:no_verdict,"the Beneish M-score could not be formed for this name, so the manipulation assessment is ABSENT -- not clean: no usable vendor data for: gross margin (GMI)",1.0,-0.01,per_item
,DKUPL.PA,forensic_gap:beneish_components,no usable vendor data for: SG&A intensity (SGAI),1.0,-0.01,per_item
,DKUPL.PA,forensic_gap:no_verdict,"the Beneish M-score could not be formed for this name, so the manipulation assessment is ABSENT -- not clean: no usable vendor data for: SG&A intensity (SGAI)",1.0,-0.01,per_item
,DNG.TO,forensic_gap:beneish_components,no usable vendor data for: asset quality (AQI),1.0,-0.01,per_item
,DNG.TO,forensic_gap:no_verdict,"the Beneish M-score could not be formed for this name, so the manipulation assessment is ABSENT -- not clean: no usable vendor data for: asset quality (AQI)",1.0,-0.01,per_item
,DPAM.PA,forensic_gap:beneish_components,no usable vendor data for: asset quality (AQI),1.0,-0.01,per_item
,DPAM.PA,forensic_gap:no_verdict,"the Beneish M-score could not be formed for this name, so the manipulation assessment is ABSENT -- not clean: no usable vendor data for: asset quality (AQI)",1.0,-0.01,per_item
general,EBUS.AS,stage1_veto:refused_rows,"uInterestCoverage: 2 of 8 available rows are not computable AND report a positive `totalDebt` on the SAME row, so the refusal cannot mean the flag is inapplicable to this company -- it is missing data. Flag was JUDGED on the 6 row(s) that compute.",2.0,-0.02,per_item
,ECO.TO,forensic_gap:beneish_components,no usable vendor data for: asset quality (AQI),1.0,-0.01,per_item
,ECO.TO,forensic_gap:no_verdict,"the Beneish M-score could not be formed for this name, so the manipulation assessment is ABSENT -- not clean: no usable vendor data for: asset quality (AQI)",1.0,-0.01,per_item
,ECOR.L,forensic_gap:beneish_components,no usable vendor data for: SG&A intensity (SGAI),1.0,-0.01,per_item
,ECOR.L,forensic_gap:no_verdict,"the Beneish M-score could not be formed for this name, so the manipulation assessment is ABSENT -- not clean: no usable vendor data for: SG&A intensity (SGAI)",1.0,-0.01,per_item
,EKI.PA,forensic_gap:beneish_components,no usable vendor data for: SG&A intensity (SGAI),1.0,-0.01,per_item
,EKI.PA,forensic_gap:no_verdict,"the Beneish M-score could not be formed for this name, so the manipulation assessment is ABSENT -- not clean: no usable vendor data for: SG&A intensity (SGAI)",1.0,-0.01,per_item
,ENGI.PA,forensic_gap:beneish_components,no usable vendor data for: SG&A intensity (SGAI),1.0,-0.01,per_item
,ENGI.PA,forensic_gap:no_verdict,"the Beneish M-score could not be formed for this name, so the manipulation assessment is ABSENT -- not clean: no usable vendor data for: SG&A intensity (SGAI)",1.0,-0.01,per_item
,ENS,forensic_gap:beneish_components,no usable vendor data for: SG&A intensity (SGAI),1.0,-0.01,per_item
,ENS,forensic_gap:no_verdict,"the Beneish M-score could not be formed for this name, so the manipulation assessment is ABSENT -- not clean: no usable vendor data for: SG&A intensity (SGAI)",1.0,-0.01,per_item
FinManager,ENX.PA,stage1_veto:refused_rows,"uInterestCoverage: 2 of 8 available rows are not computable AND report a positive `totalDebt` on the SAME row, so the refusal cannot mean the flag is inapplicable to this company -- it is missing data. Flag was JUDGED on the 6 row(s) that compute.",2.0,-0.02,per_item
,ERF.PA,forensic_gap:beneish_components,no usable vendor data for: SG&A intensity (SGAI),1.0,-0.01,per_item
,ERF.PA,forensic_gap:no_verdict,"the Beneish M-score could not be formed for this name, so the manipulation assessment is ABSENT -- not clean: no usable vendor data for: SG&A intensity (SGAI)",1.0,-0.01,per_item
,EWG.L,forensic_gap:beneish_components,no usable vendor data for: SG&A intensity (SGAI),1.0,-0.01,per_item
,EWG.L,forensic_gap:no_verdict,"the Beneish M-score could not be formed for this name, so the manipulation assessment is ABSENT -- not clean: no usable vendor data for: SG&A intensity (SGAI)",1.0,-0.01,per_item
,EXA.PA,forensic_gap:beneish_components,no usable vendor data for: SG&A intensity (SGAI),1.0,-0.01,per_item
,EXA.PA,forensic_gap:no_verdict,"the Beneish M-score could not be formed for this name, so the manipulation assessment is ABSENT -- not clean: no usable vendor data for: SG&A intensity (SGAI)",1.0,-0.01,per_item
,EXE.TO,forensic_gap:beneish_components,no usable vendor data for: gross margin (GMI),1.0,-0.01,per_item
,EXE.TO,forensic_gap:no_verdict,"the Beneish M-score could not be formed for this name, so the manipulation assessment is ABSENT -- not clean: no usable vendor data for: gross margin (GMI)",1.0,-0.01,per_item
,EXPL.PA,forensic_gap:beneish_components,no usable vendor data for: gross margin (GMI),1.0,-0.01,per_item
,EXPL.PA,forensic_gap:no_verdict,"the Beneish M-score could not be formed for this name, so the manipulation assessment is ABSENT -- not clean: no usable vendor data for: gross margin (GMI)",1.0,-0.01,per_item
general,FCMC.PA,stage1_veto:refused_rows,"uInterestCoverage: 2 of 8 available rows are not computable AND report a positive `totalDebt` on the SAME row, so the refusal cannot mean the flag is inapplicable to this company -- it is missing data. Flag was JUDGED on the 6 row(s) that compute.",2.0,-0.02,per_item
,FII.PA,forensic_gap:beneish_components,no usable vendor data for: SG&A intensity (SGAI),1.0,-0.01,per_item
,FII.PA,forensic_gap:no_verdict,"the Beneish M-score could not be formed for this name, so the manipulation assessment is ABSENT -- not clean: no usable vendor data for: SG&A intensity (SGAI)",1.0,-0.01,per_item
general,FLNC,stage1_veto:refused_rows,"uInterestCoverage: 2 of 8 available rows are not computable AND report a positive `totalDebt` on the SAME row, so the refusal cannot mean the flag is inapplicable to this company -- it is missing data. Flag was JUDGED on the 6 row(s) that compute.",2.0,-0.02,per_item
general,FUR.AS,stage1_veto:refused_rows,"uInterestCoverage: 2 of 8 available rows are not computable AND report a positive `totalDebt` on the SAME row, so the refusal cannot mean the flag is inapplicable to this company -- it is missing data. Flag was JUDGED on the 6 row(s) that compute.",2.0,-0.02,per_item
,GEO.TO,forensic_gap:beneish_components,no usable vendor data for: asset quality (AQI),1.0,-0.01,per_item
,GEO.TO,forensic_gap:no_verdict,"the Beneish M-score could not be formed for this name, so the manipulation assessment is ABSENT -- not clean: no usable vendor data for: asset quality (AQI)",1.0,-0.01,per_item
,GFI,forensic_gap:beneish_components,no usable vendor data for: receivables days (DSRI),1.0,-0.01,per_item
,GFI,forensic_gap:no_verdict,"the Beneish M-score could not be formed for this name, so the manipulation assessment is ABSENT -- not clean: no usable vendor data for: receivables days (DSRI)",1.0,-0.01,per_item
,GFP.TO,forensic_gap:beneish_components,no usable vendor data for: gross margin (GMI),1.0,-0.01,per_item
,GFP.TO,forensic_gap:no_verdict,"the Beneish M-score could not be formed for this name, so the manipulation assessment is ABSENT -- not clean: no usable vendor data for: gross margin (GMI)",1.0,-0.01,per_item
,GIB,forensic_gap:beneish_components,no usable vendor data for: SG&A intensity (SGAI),1.0,-0.01,per_item
,GIB,forensic_gap:no_verdict,"the Beneish M-score could not be formed for this name, so the manipulation assessment is ABSENT -- not clean: no usable vendor data for: SG&A intensity (SGAI)",1.0,-0.01,per_item
,HAFN,forensic_gap:beneish_components,no usable vendor data for: SG&A intensity (SGAI),1.0,-0.01,per_item
,HAFN,forensic_gap:no_verdict,"the Beneish M-score could not be formed for this name, so the manipulation assessment is ABSENT -- not clean: no usable vendor data for: SG&A intensity (SGAI)",1.0,-0.01,per_item
,HCO.PA,forensic_gap:beneish_components,no usable vendor data for: SG&A intensity (SGAI),1.0,-0.01,per_item
,HCO.PA,forensic_gap:no_verdict,"the Beneish M-score could not be formed for this name, so the manipulation assessment is ABSENT -- not clean: no usable vendor data for: SG&A intensity (SGAI)",1.0,-0.01,per_item
FinManager,HOOD,stage1_veto:refused_rows,"uInterestCoverage: 2 of 8 available rows are not computable AND report a positive `totalDebt` on the SAME row, so the refusal cannot mean the flag is inapplicable to this company -- it is missing data. Flag was JUDGED on the 6 row(s) that compute.",2.0,-0.02,per_item
,IFP.TO,forensic_gap:beneish_components,no usable vendor data for: gross margin (GMI),1.0,-0.01,per_item
,IFP.TO,forensic_gap:no_verdict,"the Beneish M-score could not be formed for this name, so the manipulation assessment is ABSENT -- not clean: no usable vendor data for: gross margin (GMI)",1.0,-0.01,per_item
,JAG.TO,forensic_gap:beneish_components,no usable vendor data for: SG&A intensity (SGAI),1.0,-0.01,per_item
,JAG.TO,forensic_gap:no_verdict,"the Beneish M-score could not be formed for this name, so the manipulation assessment is ABSENT -- not clean: no usable vendor data for: SG&A intensity (SGAI)",1.0,-0.01,per_item
,KBL.TO,forensic_gap:beneish_components,no usable vendor data for: gross margin (GMI),1.0,-0.01,per_item
,KBL.TO,forensic_gap:no_verdict,"the Beneish M-score could not be formed for this name, so the manipulation assessment is ABSENT -- not clean: no usable vendor data for: gross margin (GMI)",1.0,-0.01,per_item
,KER.PA,forensic_gap:beneish_components,no usable vendor data for: SG&A intensity (SGAI),1.0,-0.01,per_item
,KER.PA,forensic_gap:no_verdict,"the Beneish M-score could not be formed for this name, so the manipulation assessment is ABSENT -- not clean: no usable vendor data for: SG&A intensity (SGAI)",1.0,-0.01,per_item
,KMR.L,forensic_gap:beneish_components,no usable vendor data for: asset quality (AQI),1.0,-0.01,per_item
,KMR.L,forensic_gap:no_verdict,"the Beneish M-score could not be formed for this name, so the manipulation assessment is ABSENT -- not clean: no usable vendor data for: asset quality (AQI)",1.0,-0.01,per_item
,KMT,forensic_gap:beneish_components,no usable vendor data for: SG&A intensity (SGAI),1.0,-0.01,per_item
,KMT,forensic_gap:no_verdict,"the Beneish M-score could not be formed for this name, so the manipulation assessment is ABSENT -- not clean: no usable vendor data for: SG&A intensity (SGAI)",1.0,-0.01,per_item
,KOP,forensic_gap:beneish_components,no usable vendor data for: SG&A intensity (SGAI),1.0,-0.01,per_item
,KOP,forensic_gap:no_verdict,"the Beneish M-score could not be formed for this name, so the manipulation assessment is ABSENT -- not clean: no usable vendor data for: SG&A intensity (SGAI)",1.0,-0.01,per_item
general,LBG.L,stage1_veto:refused_rows,"uInterestCoverage: 2 of 8 available rows are not computable AND report a positive `totalDebt` on the SAME row, so the refusal cannot mean the flag is inapplicable to this company -- it is missing data. Flag was JUDGED on the 6 row(s) that compute.",2.0,-0.02,per_item
,LBIRD.PA,forensic_gap:beneish_components,no usable vendor data for: SG&A intensity (SGAI),1.0,-0.01,per_item
,LBIRD.PA,forensic_gap:no_verdict,"the Beneish M-score could not be formed for this name, so the manipulation assessment is ABSENT -- not clean: no usable vendor data for: SG&A intensity (SGAI)",1.0,-0.01,per_item
,LOUP.PA,forensic_gap:beneish_components,no usable vendor data for: SG&A intensity (SGAI),1.0,-0.01,per_item
,LOUP.PA,forensic_gap:no_verdict,"the Beneish M-score could not be formed for this name, so the manipulation assessment is ABSENT -- not clean: no usable vendor data for: SG&A intensity (SGAI)",1.0,-0.01,per_item
,LOVE.TO,forensic_gap:beneish_components,no usable vendor data for: asset quality (AQI),1.0,-0.01,per_item
,LOVE.TO,forensic_gap:no_verdict,"the Beneish M-score could not be formed for this name, so the manipulation assessment is ABSENT -- not clean: no usable vendor data for: asset quality (AQI)",1.0,-0.01,per_item
,LOW,forensic_gap:beneish_components,no usable vendor data for: receivables days (DSRI),1.0,-0.01,per_item
,LOW,forensic_gap:no_verdict,"the Beneish M-score could not be formed for this name, so the manipulation assessment is ABSENT -- not clean: no usable vendor data for: receivables days (DSRI)",1.0,-0.01,per_item
REIT,MAC,stage1_veto:refused_rows,"reitEbitdaInterestCoverage: 2 of 8 available rows are not computable AND report a positive `totalDebt` on the SAME row, so the refusal cannot mean the flag is inapplicable to this company -- it is missing data. Flag was JUDGED on the 6 row(s) that compute.",2.0,-0.02,per_item
,MATV,forensic_gap:beneish_components,no usable vendor data for: SG&A intensity (SGAI),1.0,-0.01,per_item
,MATV,forensic_gap:no_verdict,"the Beneish M-score could not be formed for this name, so the manipulation assessment is ABSENT -- not clean: no usable vendor data for: SG&A intensity (SGAI)",1.0,-0.01,per_item
,MEOH,forensic_gap:beneish_components,no usable vendor data for: SG&A intensity (SGAI),1.0,-0.01,per_item
,MEOH,forensic_gap:no_verdict,"the Beneish M-score could not be formed for this name, so the manipulation assessment is ABSENT -- not clean: no usable vendor data for: SG&A intensity (SGAI)",1.0,-0.01,per_item
,MRK.L,forensic_gap:beneish_components,no usable vendor data for: asset quality (AQI),1.0,-0.01,per_item
,MRK.L,forensic_gap:no_verdict,"the Beneish M-score could not be formed for this name, so the manipulation assessment is ABSENT -- not clean: no usable vendor data for: asset quality (AQI)",1.0,-0.01,per_item
,MSA.TO,forensic_gap:beneish_components,no usable vendor data for: SG&A intensity (SGAI),1.0,-0.01,per_item
,MSA.TO,forensic_gap:no_verdict,"the Beneish M-score could not be formed for this name, so the manipulation assessment is ABSENT -- not clean: no usable vendor data for: SG&A intensity (SGAI)",1.0,-0.01,per_item
,MT.AS,forensic_gap:beneish_components,no usable vendor data for: SG&A intensity (SGAI),1.0,-0.01,per_item
,MT.AS,forensic_gap:no_verdict,"the Beneish M-score could not be formed for this name, so the manipulation assessment is ABSENT -- not clean: no usable vendor data for: SG&A intensity (SGAI)",1.0,-0.01,per_item
,MXG.TO,forensic_gap:beneish_components,no usable vendor data for: gross margin (GMI),1.0,-0.01,per_item
,MXG.TO,forensic_gap:no_verdict,"the Beneish M-score could not be formed for this name, so the manipulation assessment is ABSENT -- not clean: no usable vendor data for: gross margin (GMI)",1.0,-0.01,per_item
,NFI.TO,forensic_gap:beneish_components,no usable vendor data for: gross margin (GMI),1.0,-0.01,per_item
,NFI.TO,forensic_gap:no_verdict,"the Beneish M-score could not be formed for this name, so the manipulation assessment is ABSENT -- not clean: no usable vendor data for: gross margin (GMI)",1.0,-0.01,per_item
general,NRDY,stage1_veto:refused_rows,"uInterestCoverage: 2 of 8 available rows are not computable AND report a positive `totalDebt` on the SAME row, so the refusal cannot mean the flag is inapplicable to this company -- it is missing data. Flag was ABSTAINED -- 2 row(s) is under the 6-row partial-window floor.",2.0,-0.02,per_item
,NRG.PA,forensic_gap:beneish_components,no usable vendor data for: gross margin (GMI),1.0,-0.01,per_item
,NRG.PA,forensic_gap:no_verdict,"the Beneish M-score could not be formed for this name, so the manipulation assessment is ABSENT -- not clean: no usable vendor data for: gross margin (GMI)",1.0,-0.01,per_item
,NRO.PA,forensic_gap:beneish_components,no usable vendor data for: gross margin (GMI),1.0,-0.01,per_item
,NRO.PA,forensic_gap:no_verdict,"the Beneish M-score could not be formed for this name, so the manipulation assessment is ABSENT -- not clean: no usable vendor data for: gross margin (GMI)",1.0,-0.01,per_item
,NWF.L,forensic_gap:beneish_components,no usable vendor data for: SG&A intensity (SGAI),1.0,-0.01,per_item
,NWF.L,forensic_gap:no_verdict,"the Beneish M-score could not be formed for this name, so the manipulation assessment is ABSENT -- not clean: no usable vendor data for: SG&A intensity (SGAI)",1.0,-0.01,per_item
,NXR.L,forensic_gap:beneish_components,no usable vendor data for: gross margin (GMI),1.0,-0.01,per_item
,NXR.L,forensic_gap:no_verdict,"the Beneish M-score could not be formed for this name, so the manipulation assessment is ABSENT -- not clean: no usable vendor data for: gross margin (GMI)",1.0,-0.01,per_item
general,PARR,stage1_veto:refused_rows,"uInterestCoverage: 2 of 8 available rows are not computable AND report a positive `totalDebt` on the SAME row, so the refusal cannot mean the flag is inapplicable to this company -- it is missing data. Flag was JUDGED on the 6 row(s) that compute.",2.0,-0.02,per_item
,PDS,forensic_gap:beneish_components,no usable vendor data for: asset quality (AQI),1.0,-0.01,per_item
,PDS,forensic_gap:no_verdict,"the Beneish M-score could not be formed for this name, so the manipulation assessment is ABSENT -- not clean: no usable vendor data for: asset quality (AQI)",1.0,-0.01,per_item
,PEY.TO,forensic_gap:beneish_components,no usable vendor data for: asset quality (AQI),1.0,-0.01,per_item
,PEY.TO,forensic_gap:no_verdict,"the Beneish M-score could not be formed for this name, so the manipulation assessment is ABSENT -- not clean: no usable vendor data for: asset quality (AQI)",1.0,-0.01,per_item
,PHARM.AS,forensic_gap:beneish_components,no usable vendor data for: SG&A intensity (SGAI),1.0,-0.01,per_item
,PHARM.AS,forensic_gap:no_verdict,"the Beneish M-score could not be formed for this name, so the manipulation assessment is ABSENT -- not clean: no usable vendor data for: SG&A intensity (SGAI)",1.0,-0.01,per_item
,PHG,forensic_gap:beneish_components,no usable vendor data for: receivables days (DSRI),1.0,-0.01,per_item
,PHG,forensic_gap:no_verdict,"the Beneish M-score could not be formed for this name, so the manipulation assessment is ABSENT -- not clean: no usable vendor data for: receivables days (DSRI)",1.0,-0.01,per_item
,PTEC.L,forensic_gap:beneish_components,no usable vendor data for: gross margin (GMI),1.0,-0.01,per_item
,PTEC.L,forensic_gap:no_verdict,"the Beneish M-score could not be formed for this name, so the manipulation assessment is ABSENT -- not clean: no usable vendor data for: gross margin (GMI)",1.0,-0.01,per_item
,RAY.TO,forensic_gap:beneish_components,no usable vendor data for: gross margin (GMI),1.0,-0.01,per_item
,RAY.TO,forensic_gap:no_verdict,"the Beneish M-score could not be formed for this name, so the manipulation assessment is ABSENT -- not clean: no usable vendor data for: gross margin (GMI)",1.0,-0.01,per_item
,RBT.PA,forensic_gap:beneish_components,no usable vendor data for: SG&A intensity (SGAI),1.0,-0.01,per_item
,RBT.PA,forensic_gap:no_verdict,"the Beneish M-score could not be formed for this name, so the manipulation assessment is ABSENT -- not clean: no usable vendor data for: SG&A intensity (SGAI)",1.0,-0.01,per_item
,RCH.TO,forensic_gap:beneish_components,no usable vendor data for: SG&A intensity (SGAI),1.0,-0.01,per_item
,RCH.TO,forensic_gap:no_verdict,"the Beneish M-score could not be formed for this name, so the manipulation assessment is ABSENT -- not clean: no usable vendor data for: SG&A intensity (SGAI)",1.0,-0.01,per_item
,RMV.L,forensic_gap:beneish_components,no usable vendor data for: gross margin (GMI),1.0,-0.01,per_item
,RMV.L,forensic_gap:no_verdict,"the Beneish M-score could not be formed for this name, so the manipulation assessment is ABSENT -- not clean: no usable vendor data for: gross margin (GMI)",1.0,-0.01,per_item
,S.TO,forensic_gap:beneish_components,no usable vendor data for: gross margin (GMI),1.0,-0.01,per_item
,S.TO,forensic_gap:no_verdict,"the Beneish M-score could not be formed for this name, so the manipulation assessment is ABSENT -- not clean: no usable vendor data for: gross margin (GMI)",1.0,-0.01,per_item
,SAP.TO,forensic_gap:beneish_components,no usable vendor data for: SG&A intensity (SGAI),1.0,-0.01,per_item
,SAP.TO,forensic_gap:no_verdict,"the Beneish M-score could not be formed for this name, so the manipulation assessment is ABSENT -- not clean: no usable vendor data for: SG&A intensity (SGAI)",1.0,-0.01,per_item
,SBT.PA,forensic_gap:beneish_components,no usable vendor data for: SG&A intensity (SGAI),1.0,-0.01,per_item
,SBT.PA,forensic_gap:no_verdict,"the Beneish M-score could not be formed for this name, so the manipulation assessment is ABSENT -- not clean: no usable vendor data for: SG&A intensity (SGAI)",1.0,-0.01,per_item
,SCR.TO,forensic_gap:beneish_components,no usable vendor data for: asset quality (AQI),1.0,-0.01,per_item
,SCR.TO,forensic_gap:no_verdict,"the Beneish M-score could not be formed for this name, so the manipulation assessment is ABSENT -- not clean: no usable vendor data for: asset quality (AQI)",1.0,-0.01,per_item
,SDRL,forensic_gap:beneish_components,no usable vendor data for: SG&A intensity (SGAI),1.0,-0.01,per_item
,SDRL,forensic_gap:no_verdict,"the Beneish M-score could not be formed for this name, so the manipulation assessment is ABSENT -- not clean: no usable vendor data for: SG&A intensity (SGAI)",1.0,-0.01,per_item
,SFPI.PA,forensic_gap:beneish_components,no usable vendor data for: SG&A intensity (SGAI),1.0,-0.01,per_item
,SFPI.PA,forensic_gap:no_verdict,"the Beneish M-score could not be formed for this name, so the manipulation assessment is ABSENT -- not clean: no usable vendor data for: SG&A intensity (SGAI)",1.0,-0.01,per_item
,SMIN.L,forensic_gap:beneish_components,no usable vendor data for: gross margin (GMI),1.0,-0.01,per_item
,SMIN.L,forensic_gap:no_verdict,"the Beneish M-score could not be formed for this name, so the manipulation assessment is ABSENT -- not clean: no usable vendor data for: gross margin (GMI)",1.0,-0.01,per_item
,SND,forensic_gap:beneish_components,no usable vendor data for: SG&A intensity (SGAI),1.0,-0.01,per_item
,SND,forensic_gap:no_verdict,"the Beneish M-score could not be formed for this name, so the manipulation assessment is ABSENT -- not clean: no usable vendor data for: SG&A intensity (SGAI)",1.0,-0.01,per_item
,SNR.L,forensic_gap:beneish_components,no usable vendor data for: SG&A intensity (SGAI),1.0,-0.01,per_item
,SNR.L,forensic_gap:no_verdict,"the Beneish M-score could not be formed for this name, so the manipulation assessment is ABSENT -- not clean: no usable vendor data for: SG&A intensity (SGAI)",1.0,-0.01,per_item
,SNY,forensic_gap:no_verdict,"the Beneish M-score could not be formed for this name, so the manipulation assessment is ABSENT -- not clean: fewer than half the trailing-year periods are computable (1 of 4), so the mean would not be a trailing-year mean",1.0,-0.01,per_item
general,SNY,stage1_veto:refused_rows,"uInterestCoverage: 1 of 8 available rows are not computable AND report a positive `totalDebt` on the SAME row, so the refusal cannot mean the flag is inapplicable to this company -- it is missing data. Flag was JUDGED on the 7 row(s) that compute.",1.0,-0.01,per_item
,SRP.PA,forensic_gap:beneish_components,no usable vendor data for: gross margin (GMI),1.0,-0.01,per_item
,SRP.PA,forensic_gap:no_verdict,"the Beneish M-score could not be formed for this name, so the manipulation assessment is ABSENT -- not clean: no usable vendor data for: gross margin (GMI)",1.0,-0.01,per_item
,STCM.L,forensic_gap:beneish_components,no usable vendor data for: asset quality (AQI),1.0,-0.01,per_item
,STCM.L,forensic_gap:no_verdict,"the Beneish M-score could not be formed for this name, so the manipulation assessment is ABSENT -- not clean: no usable vendor data for: asset quality (AQI)",1.0,-0.01,per_item
,STGO.TO,forensic_gap:beneish_components,no usable vendor data for: asset quality (AQI),1.0,-0.01,per_item
,STGO.TO,forensic_gap:no_verdict,"the Beneish M-score could not be formed for this name, so the manipulation assessment is ABSENT -- not clean: no usable vendor data for: asset quality (AQI)",1.0,-0.01,per_item
,STVG.L,forensic_gap:beneish_components,no usable vendor data for: SG&A intensity (SGAI),1.0,-0.01,per_item
,STVG.L,forensic_gap:no_verdict,"the Beneish M-score could not be formed for this name, so the manipulation assessment is ABSENT -- not clean: no usable vendor data for: SG&A intensity (SGAI)",1.0,-0.01,per_item
,SXP.TO,forensic_gap:beneish_components,no usable vendor data for: gross margin (GMI),1.0,-0.01,per_item
,SXP.TO,forensic_gap:no_verdict,"the Beneish M-score could not be formed for this name, so the manipulation assessment is ABSENT -- not clean: no usable vendor data for: gross margin (GMI)",1.0,-0.01,per_item
,SYY,forensic_gap:beneish_components,no usable vendor data for: SG&A intensity (SGAI),1.0,-0.01,per_item
,SYY,forensic_gap:no_verdict,"the Beneish M-score could not be formed for this name, so the manipulation assessment is ABSENT -- not clean: no usable vendor data for: SG&A intensity (SGAI)",1.0,-0.01,per_item
,TFII,forensic_gap:beneish_components,no usable vendor data for: SG&A intensity (SGAI),1.0,-0.01,per_item
,TFII,forensic_gap:no_verdict,"the Beneish M-score could not be formed for this name, so the manipulation assessment is ABSENT -- not clean: no usable vendor data for: SG&A intensity (SGAI)",1.0,-0.01,per_item
,TFPM,forensic_gap:beneish_components,no usable vendor data for: receivables days (DSRI),1.0,-0.01,per_item
,TFPM,forensic_gap:no_verdict,"the Beneish M-score could not be formed for this name, so the manipulation assessment is ABSENT -- not clean: no usable vendor data for: receivables days (DSRI)",1.0,-0.01,per_item
,TGA.L,forensic_gap:beneish_components,no usable vendor data for: SG&A intensity (SGAI),1.0,-0.01,per_item
,TGA.L,forensic_gap:no_verdict,"the Beneish M-score could not be formed for this name, so the manipulation assessment is ABSENT -- not clean: no usable vendor data for: SG&A intensity (SGAI)",1.0,-0.01,per_item
,THEP.PA,forensic_gap:beneish_components,no usable vendor data for: SG&A intensity (SGAI),1.0,-0.01,per_item
,THEP.PA,forensic_gap:no_verdict,"the Beneish M-score could not be formed for this name, so the manipulation assessment is ABSENT -- not clean: no usable vendor data for: SG&A intensity (SGAI)",1.0,-0.01,per_item
,TI.TO,forensic_gap:beneish_components,no usable vendor data for: gross margin (GMI),1.0,-0.01,per_item
,TI.TO,forensic_gap:no_verdict,"the Beneish M-score could not be formed for this name, so the manipulation assessment is ABSENT -- not clean: no usable vendor data for: gross margin (GMI)",1.0,-0.01,per_item
general,TIG.L,stage1_veto:refused_rows,"uInterestCoverage: 2 of 8 available rows are not computable AND report a positive `totalDebt` on the SAME row, so the refusal cannot mean the flag is inapplicable to this company -- it is missing data. Flag was JUDGED on the 6 row(s) that compute.",2.0,-0.02,per_item
,TKO.L,forensic_gap:beneish_components,no usable vendor data for: gross margin (GMI),1.0,-0.01,per_item
,TKO.L,forensic_gap:no_verdict,"the Beneish M-score could not be formed for this name, so the manipulation assessment is ABSENT -- not clean: no usable vendor data for: gross margin (GMI)",1.0,-0.01,per_item
,TORO,forensic_gap:beneish_components,no usable vendor data for: gross margin (GMI),1.0,-0.01,per_item
,TORO,forensic_gap:no_verdict,"the Beneish M-score could not be formed for this name, so the manipulation assessment is ABSENT -- not clean: no usable vendor data for: gross margin (GMI)",1.0,-0.01,per_item
general,TPX-B.TO,stage1_veto:refused_rows,"uInterestCoverage: 2 of 8 available rows are not computable AND report a positive `totalDebt` on the SAME row, so the refusal cannot mean the flag is inapplicable to this company -- it is missing data. Flag was JUDGED on the 6 row(s) that compute.",2.0,-0.02,per_item
,TPZ.TO,forensic_gap:beneish_components,no usable vendor data for: asset quality (AQI),1.0,-0.01,per_item
,TPZ.TO,forensic_gap:no_verdict,"the Beneish M-score could not be formed for this name, so the manipulation assessment is ABSENT -- not clean: no usable vendor data for: asset quality (AQI)",1.0,-0.01,per_item
,TRI.PA,forensic_gap:beneish_components,no usable vendor data for: SG&A intensity (SGAI),1.0,-0.01,per_item
,TRI.PA,forensic_gap:no_verdict,"the Beneish M-score could not be formed for this name, so the manipulation assessment is ABSENT -- not clean: no usable vendor data for: SG&A intensity (SGAI)",1.0,-0.01,per_item
,TSCO,forensic_gap:beneish_components,no usable vendor data for: receivables days (DSRI),1.0,-0.01,per_item
,TSCO,forensic_gap:no_verdict,"the Beneish M-score could not be formed for this name, so the manipulation assessment is ABSENT -- not clean: no usable vendor data for: receivables days (DSRI)",1.0,-0.01,per_item
general,TSM,stage1_veto:refused_rows,"uInterestCoverage: 2 of 8 available rows are not computable AND report a positive `totalDebt` on the SAME row, so the refusal cannot mean the flag is inapplicable to this company -- it is missing data. Flag was JUDGED on the 6 row(s) that compute.",2.0,-0.02,per_item
,TTE,forensic_gap:beneish_components,no usable vendor data for: SG&A intensity (SGAI),1.0,-0.01,per_item
,TTE,forensic_gap:no_verdict,"the Beneish M-score could not be formed for this name, so the manipulation assessment is ABSENT -- not clean: no usable vendor data for: SG&A intensity (SGAI)",1.0,-0.01,per_item
,TVE.TO,forensic_gap:beneish_components,no usable vendor data for: asset quality (AQI),1.0,-0.01,per_item
,TVE.TO,forensic_gap:no_verdict,"the Beneish M-score could not be formed for this name, so the manipulation assessment is ABSENT -- not clean: no usable vendor data for: asset quality (AQI)",1.0,-0.01,per_item
general,UBI.PA,stage1_veto:refused_rows,"uInterestCoverage: 2 of 8 available rows are not computable AND report a positive `totalDebt` on the SAME row, so the refusal cannot mean the flag is inapplicable to this company -- it is missing data. Flag was JUDGED on the 6 row(s) that compute.",2.0,-0.02,per_item
,UPS,forensic_gap:beneish_components,no usable vendor data for: SG&A intensity (SGAI),1.0,-0.01,per_item
,UPS,forensic_gap:no_verdict,"the Beneish M-score could not be formed for this name, so the manipulation assessment is ABSENT -- not clean: no usable vendor data for: SG&A intensity (SGAI)",1.0,-0.01,per_item
general,URE.TO,stage1_veto:refused_rows,"uInterestCoverage: 2 of 8 available rows are not computable AND report a positive `totalDebt` on the SAME row, so the refusal cannot mean the flag is inapplicable to this company -- it is missing data. Flag was JUDGED on the 6 row(s) that compute.",2.0,-0.02,per_item
,USA.TO,forensic_gap:beneish_components,no usable vendor data for: gross margin (GMI),1.0,-0.01,per_item
,USA.TO,forensic_gap:no_verdict,"the Beneish M-score could not be formed for this name, so the manipulation assessment is ABSENT -- not clean: no usable vendor data for: gross margin (GMI)",1.0,-0.01,per_item
,USIO,forensic_gap:beneish_components,no usable vendor data for: SG&A intensity (SGAI),1.0,-0.01,per_item
,USIO,forensic_gap:no_verdict,"the Beneish M-score could not be formed for this name, so the manipulation assessment is ABSENT -- not clean: no usable vendor data for: SG&A intensity (SGAI)",1.0,-0.01,per_item
,USLM,forensic_gap:beneish_components,no usable vendor data for: asset quality (AQI),1.0,-0.01,per_item
,USLM,forensic_gap:no_verdict,"the Beneish M-score could not be formed for this name, so the manipulation assessment is ABSENT -- not clean: no usable vendor data for: asset quality (AQI)",1.0,-0.01,per_item
,WEF.TO,forensic_gap:beneish_components,no usable vendor data for: gross margin (GMI),1.0,-0.01,per_item
,WEF.TO,forensic_gap:no_verdict,"the Beneish M-score could not be formed for this name, so the manipulation assessment is ABSENT -- not clean: no usable vendor data for: gross margin (GMI)",1.0,-0.01,per_item
,WFG,forensic_gap:beneish_components,no usable vendor data for: gross margin (GMI),1.0,-0.01,per_item
,WFG,forensic_gap:no_verdict,"the Beneish M-score could not be formed for this name, so the manipulation assessment is ABSENT -- not clean: no usable vendor data for: gross margin (GMI)",1.0,-0.01,per_item
general,000270.KS,stage1_veto:refused_rows,"uInterestCoverage: 1 of 8 available rows are not computable AND report a positive `totalDebt` on the SAME row, so the refusal cannot mean the flag is inapplicable to this company -- it is missing data. Flag was JUDGED on the 7 row(s) that compute.",1.0,-0.01,per_item
FinManager,001500.KS,stage1_veto:refused_rows,"uInterestCoverage: 1 of 8 available rows are not computable AND report a positive `totalDebt` on the SAME row, so the refusal cannot mean the flag is inapplicable to this company -- it is missing data. Flag was JUDGED on the 7 row(s) that compute.",1.0,-0.01,per_item
FinManager,001720.KS,stage1_veto:refused_rows,"uInterestCoverage: 1 of 8 available rows are not computable AND report a positive `totalDebt` on the SAME row, so the refusal cannot mean the flag is inapplicable to this company -- it is missing data. Flag was JUDGED on the 7 row(s) that compute.",1.0,-0.01,per_item
general,003230.KS,stage1_veto:refused_rows,"uInterestCoverage: 1 of 8 available rows are not computable AND report a positive `totalDebt` on the SAME row, so the refusal cannot mean the flag is inapplicable to this company -- it is missing data. Flag was JUDGED on the 7 row(s) that compute.",1.0,-0.01,per_item
general,005930.KS,stage1_veto:refused_rows,"uInterestCoverage: 1 of 8 available rows are not computable AND report a positive `totalDebt` on the SAME row, so the refusal cannot mean the flag is inapplicable to this company -- it is missing data. Flag was JUDGED on the 7 row(s) that compute.",1.0,-0.01,per_item
,006360.KS,forensic_gap:no_verdict,"the Beneish M-score could not be formed for this name, so the manipulation assessment is ABSENT -- not clean: fewer than half the trailing-year periods are computable (0 of 4), so the mean would not be a trailing-year mean",1.0,-0.01,per_item
,006840.KS,forensic_gap:no_verdict,"the Beneish M-score could not be formed for this name, so the manipulation assessment is ABSENT -- not clean: fewer than half the trailing-year periods are computable (1 of 4), so the mean would not be a trailing-year mean",1.0,-0.01,per_item
general,009150.KS,stage1_veto:refused_rows,"uInterestCoverage: 1 of 8 available rows are not computable AND report a positive `totalDebt` on the SAME row, so the refusal cannot mean the flag is inapplicable to this company -- it is missing data. Flag was JUDGED on the 7 row(s) that compute.",1.0,-0.01,per_item
general,009970.KS,stage1_veto:refused_rows,"uInterestCoverage: 1 of 8 available rows are not computable AND report a positive `totalDebt` on the SAME row, so the refusal cannot mean the flag is inapplicable to this company -- it is missing data. Flag was JUDGED on the 7 row(s) that compute.",1.0,-0.01,per_item
,012330.KS,forensic_gap:no_verdict,"the Beneish M-score could not be formed for this name, so the manipulation assessment is ABSENT -- not clean: fewer than half the trailing-year periods are computable (1 of 4), so the mean would not be a trailing-year mean",1.0,-0.01,per_item
REIT,013120.KQ,stage1_veto:refused_rows,"reitEbitdaInterestCoverage: 1 of 8 available rows are not computable AND report a positive `totalDebt` on the SAME row, so the refusal cannot mean the flag is inapplicable to this company -- it is missing data. Flag was JUDGED on the 7 row(s) that compute.",1.0,-0.01,per_item
general,014910.KS,stage1_veto:refused_rows,"uInterestCoverage: 1 of 8 available rows are not computable AND report a positive `totalDebt` on the SAME row, so the refusal cannot mean the flag is inapplicable to this company -- it is missing data. Flag was JUDGED on the 7 row(s) that compute.",1.0,-0.01,per_item
,026940.KS,forensic_gap:no_verdict,"the Beneish M-score could not be formed for this name, so the manipulation assessment is ABSENT -- not clean: fewer than half the trailing-year periods are computable (1 of 4), so the mean would not be a trailing-year mean",1.0,-0.01,per_item
general,033270.KS,stage1_veto:refused_rows,"uInterestCoverage: 1 of 8 available rows are not computable AND report a positive `totalDebt` on the SAME row, so the refusal cannot mean the flag is inapplicable to this company -- it is missing data. Flag was JUDGED on the 7 row(s) that compute.",1.0,-0.01,per_item
general,036800.KQ,stage1_veto:refused_rows,"uInterestCoverage: 1 of 8 available rows are not computable AND report a positive `totalDebt` on the SAME row, so the refusal cannot mean the flag is inapplicable to this company -- it is missing data. Flag was JUDGED on the 7 row(s) that compute.",1.0,-0.01,per_item
,058860.KS,forensic_gap:no_verdict,"the Beneish M-score could not be formed for this name, so the manipulation assessment is ABSENT -- not clean: fewer than half the trailing-year periods are computable (1 of 4), so the mean would not be a trailing-year mean",1.0,-0.01,per_item
general,085310.KS,stage1_veto:refused_rows,"uInterestCoverage: 1 of 8 available rows are not computable AND report a positive `totalDebt` on the SAME row, so the refusal cannot mean the flag is inapplicable to this company -- it is missing data. Flag was JUDGED on the 7 row(s) that compute.",1.0,-0.01,per_item
,089030.KQ,forensic_gap:no_verdict,"the Beneish M-score could not be formed for this name, so the manipulation assessment is ABSENT -- not clean: fewer than half the trailing-year periods are computable (1 of 4), so the mean would not be a trailing-year mean",1.0,-0.01,per_item
general,089590.KS,stage1_veto:refused_rows,"uInterestCoverage: 1 of 8 available rows are not computable AND report a positive `totalDebt` on the SAME row, so the refusal cannot mean the flag is inapplicable to this company -- it is missing data. Flag was JUDGED on the 7 row(s) that compute.",1.0,-0.01,per_item
general,096760.KS,stage1_veto:refused_rows,"uInterestCoverage: 1 of 8 available rows are not computable AND report a positive `totalDebt` on the SAME row, so the refusal cannot mean the flag is inapplicable to this company -- it is missing data. Flag was JUDGED on the 7 row(s) that compute.",1.0,-0.01,per_item
general,0DUI.L,stage1_veto:refused_rows,"uInterestCoverage: 1 of 8 available rows are not computable AND report a positive `totalDebt` on the SAME row, so the refusal cannot mean the flag is inapplicable to this company -- it is missing data. Flag was JUDGED on the 7 row(s) that compute.",1.0,-0.01,per_item
,0FNZ.L,forensic_gap:no_verdict,"the Beneish M-score could not be formed for this name, so the manipulation assessment is ABSENT -- not clean: fewer than half the trailing-year periods are computable (1 of 4), so the mean would not be a trailing-year mean",1.0,-0.01,per_item
general,0HTF.L,stage1_veto:refused_rows,"uInterestCoverage: 1 of 8 available rows are not computable AND report a positive `totalDebt` on the SAME row, so the refusal cannot mean the flag is inapplicable to this company -- it is missing data. Flag was JUDGED on the 7 row(s) that compute.",1.0,-0.01,per_item
Mining,0QKR.L,stage1_veto:refused_rows,"producerEbitdaPositive: 1 of 8 available rows are not computable AND report no `revenue` figure at all, or a NEGATIVE one on the SAME row, so the refusal cannot mean the flag is inapplicable to this company -- it is missing data. Flag was JUDGED on the 7 row(s) that compute.",1.0,-0.01,per_item
general,0QQF.L,stage1_veto:refused_rows,"uInterestCoverage: 1 of 8 available rows are not computable AND report a positive `totalDebt` on the SAME row, so the refusal cannot mean the flag is inapplicable to this company -- it is missing data. Flag was JUDGED on the 7 row(s) that compute.",1.0,-0.01,per_item
general,111770.KS,stage1_veto:refused_rows,"uInterestCoverage: 1 of 8 available rows are not computable AND report a positive `totalDebt` on the SAME row, so the refusal cannot mean the flag is inapplicable to this company -- it is missing data. Flag was JUDGED on the 7 row(s) that compute.",1.0,-0.01,per_item
general,158430.KQ,stage1_veto:refused_rows,"uInterestCoverage: 1 of 8 available rows are not computable AND report a positive `totalDebt` on the SAME row, so the refusal cannot mean the flag is inapplicable to this company -- it is missing data. Flag was JUDGED on the 7 row(s) that compute.",1.0,-0.01,per_item
general,159580.KQ,stage1_veto:refused_rows,"uInterestCoverage: 1 of 8 available rows are not computable AND report a positive `totalDebt` on the SAME row, so the refusal cannot mean the flag is inapplicable to this company -- it is missing data. Flag was JUDGED on the 7 row(s) that compute.",1.0,-0.01,per_item
general,214680.KQ,stage1_veto:refused_rows,"uInterestCoverage: 1 of 8 available rows are not computable AND report a positive `totalDebt` on the SAME row, so the refusal cannot mean the flag is inapplicable to this company -- it is missing data. Flag was JUDGED on the 7 row(s) that compute.",1.0,-0.01,per_item
general,234080.KS,stage1_veto:refused_rows,"uInterestCoverage: 1 of 8 available rows are not computable AND report a positive `totalDebt` on the SAME row, so the refusal cannot mean the flag is inapplicable to this company -- it is missing data. Flag was JUDGED on the 7 row(s) that compute.",1.0,-0.01,per_item
general,271940.KS,stage1_veto:refused_rows,"uInterestCoverage: 1 of 8 available rows are not computable AND report a positive `totalDebt` on the SAME row, so the refusal cannot mean the flag is inapplicable to this company -- it is missing data. Flag was JUDGED on the 7 row(s) that compute.",1.0,-0.01,per_item
general,290650.KQ,stage1_veto:refused_rows,"uInterestCoverage: 1 of 8 available rows are not computable AND report a positive `totalDebt` on the SAME row, so the refusal cannot mean the flag is inapplicable to this company -- it is missing data. Flag was JUDGED on the 7 row(s) that compute.",1.0,-0.01,per_item
general,AB.PA,stage1_veto:refused_rows,"uInterestCoverage: 1 of 8 available rows are not computable AND report a positive `totalDebt` on the SAME row, so the refusal cannot mean the flag is inapplicable to this company -- it is missing data. Flag was JUDGED on the 7 row(s) that compute.",1.0,-0.01,per_item
general,ACB,stage1_veto:refused_rows,"uInterestCoverage: 1 of 8 available rows are not computable AND report a positive `totalDebt` on the SAME row, so the refusal cannot mean the flag is inapplicable to this company -- it is missing data. Flag was JUDGED on the 7 row(s) that compute.",1.0,-0.01,per_item
general,AGL,stage1_veto:refused_rows,"uInterestCoverage: 1 of 8 available rows are not computable AND report a positive `totalDebt` on the SAME row, so the refusal cannot mean the flag is inapplicable to this company -- it is missing data. Flag was JUDGED on the 7 row(s) that compute.",1.0,-0.01,per_item
REIT,AIF.TO,stage1_veto:refused_rows,"reitEbitdaInterestCoverage: 1 of 8 available rows are not computable AND report a positive `totalDebt` on the SAME row, so the refusal cannot mean the flag is inapplicable to this company -- it is missing data. Flag was JUDGED on the 7 row(s) that compute.",1.0,-0.01,per_item
general,ALDAR.PA,stage1_veto:refused_rows,"uInterestCoverage: 1 of 8 available rows are not computable AND report a positive `totalDebt` on the SAME row, so the refusal cannot mean the flag is inapplicable to this company -- it is missing data. Flag was JUDGED on the 7 row(s) that compute.",1.0,-0.01,per_item
general,ALECP.PA,stage1_veto:refused_rows,"uInterestCoverage: 1 of 8 available rows are not computable AND report a positive `totalDebt` on the SAME row, so the refusal cannot mean the flag is inapplicable to this company -- it is missing data. Flag was JUDGED on the 7 row(s) that compute.",1.0,-0.01,per_item
general,ALGTR.PA,stage1_veto:refused_rows,"uInterestCoverage: 1 of 8 available rows are not computable AND report a positive `totalDebt` on the SAME row, so the refusal cannot mean the flag is inapplicable to this company -- it is missing data. Flag was JUDGED on the 7 row(s) that compute.",1.0,-0.01,per_item
general,ALNSC.PA,stage1_veto:refused_rows,"uInterestCoverage: 1 of 8 available rows are not computable AND report a positive `totalDebt` on the SAME row, so the refusal cannot mean the flag is inapplicable to this company -- it is missing data. Flag was JUDGED on the 7 row(s) that compute.",1.0,-0.01,per_item
general,ALPHI.PA,stage1_veto:refused_rows,"uInterestCoverage: 1 of 8 available rows are not computable AND report a positive `totalDebt` on the SAME row, so the refusal cannot mean the flag is inapplicable to this company -- it is missing data. Flag was JUDGED on the 7 row(s) that compute.",1.0,-0.01,per_item
general,ALRFG.PA,stage1_veto:refused_rows,"uInterestCoverage: 1 of 8 available rows are not computable AND report a positive `totalDebt` on the SAME row, so the refusal cannot mean the flag is inapplicable to this company -- it is missing data. Flag was JUDGED on the 7 row(s) that compute.",1.0,-0.01,per_item
general,ALSTW.PA,stage1_veto:refused_rows,"uInterestCoverage: 1 of 8 available rows are not computable AND report a positive `totalDebt` on the SAME row, so the refusal cannot mean the flag is inapplicable to this company -- it is missing data. Flag was JUDGED on the 7 row(s) that compute.",1.0,-0.01,per_item
REIT,ALTA.PA,stage1_veto:refused_rows,"reitEbitdaInterestCoverage: 1 of 8 available rows are not computable AND report a positive `totalDebt` on the SAME row, so the refusal cannot mean the flag is inapplicable to this company -- it is missing data. Flag was JUDGED on the 7 row(s) that compute.",1.0,-0.01,per_item
general,ALTHE.PA,stage1_veto:refused_rows,"uInterestCoverage: 1 of 8 available rows are not computable AND report a positive `totalDebt` on the SAME row, so the refusal cannot mean the flag is inapplicable to this company -- it is missing data. Flag was JUDGED on the 7 row(s) that compute.",1.0,-0.01,per_item
general,ALTPC.PA,stage1_veto:refused_rows,"uInterestCoverage: 1 of 8 available rows are not computable AND report a positive `totalDebt` on the SAME row, so the refusal cannot mean the flag is inapplicable to this company -- it is missing data. Flag was JUDGED on the 7 row(s) that compute.",1.0,-0.01,per_item
,ARIS,forensic_gap:no_verdict,"the Beneish M-score could not be formed for this name, so the manipulation assessment is ABSENT -- not clean: fewer than half the trailing-year periods are computable (1 of 4), so the mean would not be a trailing-year mean",1.0,-0.01,per_item
general,ARQQ,stage1_veto:refused_rows,"uInterestCoverage: 1 of 8 available rows are not computable AND report a positive `totalDebt` on the SAME row, so the refusal cannot mean the flag is inapplicable to this company -- it is missing data. Flag was JUDGED on the 7 row(s) that compute.",1.0,-0.01,per_item
general,ARW,stage1_veto:refused_rows,"uInterestCoverage: 1 of 8 available rows are not computable AND report a positive `totalDebt` on the SAME row, so the refusal cannot mean the flag is inapplicable to this company -- it is missing data. Flag was JUDGED on the 7 row(s) that compute.",1.0,-0.01,per_item
,ASPN,forensic_gap:no_verdict,"the Beneish M-score could not be formed for this name, so the manipulation assessment is ABSENT -- not clean: fewer than half the trailing-year periods are computable (0 of 4), so the mean would not be a trailing-year mean",1.0,-0.01,per_item
,ATD.TO,forensic_gap:no_verdict,"the Beneish M-score could not be formed for this name, so the manipulation assessment is ABSENT -- not clean: fewer than half the trailing-year periods are computable (1 of 4), so the mean would not be a trailing-year mean",1.0,-0.01,per_item
general,ATH.TO,stage1_veto:refused_rows,"uInterestCoverage: 1 of 8 available rows are not computable AND report a positive `totalDebt` on the SAME row, so the refusal cannot mean the flag is inapplicable to this company -- it is missing data. Flag was JUDGED on the 7 row(s) that compute.",1.0,-0.01,per_item
FinManager,BAM.TO,stage1_veto:refused_rows,"uInterestCoverage: 1 of 8 available rows are not computable AND report a positive `totalDebt` on the SAME row, so the refusal cannot mean the flag is inapplicable to this company -- it is missing data. Flag was JUDGED on the 7 row(s) that compute.",1.0,-0.01,per_item
REIT,BASS.PA,stage1_veto:refused_rows,"reitEbitdaInterestCoverage: 1 of 8 available rows are not computable AND report a positive `totalDebt` on the SAME row, so the refusal cannot mean the flag is inapplicable to this company -- it is missing data. Flag was JUDGED on the 7 row(s) that compute.",1.0,-0.01,per_item
general,BH,stage1_veto:refused_rows,"uInterestCoverage: 1 of 8 available rows are not computable AND report a positive `totalDebt` on the SAME row, so the refusal cannot mean the flag is inapplicable to this company -- it is missing data. Flag was JUDGED on the 7 row(s) that compute.",1.0,-0.01,per_item
general,BNTX,stage1_veto:refused_rows,"uInterestCoverage: 1 of 8 available rows are not computable AND report a positive `totalDebt` on the SAME row, so the refusal cannot mean the flag is inapplicable to this company -- it is missing data. Flag was JUDGED on the 7 row(s) that compute.",1.0,-0.01,per_item
general,BR,stage1_veto:refused_rows,"uInterestCoverage: 1 of 8 available rows are not computable AND report a positive `totalDebt` on the SAME row, so the refusal cannot mean the flag is inapplicable to this company -- it is missing data. Flag was JUDGED on the 7 row(s) that compute.",1.0,-0.01,per_item
general,BRC,stage1_veto:refused_rows,"uInterestCoverage: 1 of 8 available rows are not computable AND report a positive `totalDebt` on the SAME row, so the refusal cannot mean the flag is inapplicable to this company -- it is missing data. Flag was JUDGED on the 7 row(s) that compute.",1.0,-0.01,per_item
,BTE,forensic_gap:no_verdict,"the Beneish M-score could not be formed for this name, so the manipulation assessment is ABSENT -- not clean: fewer than half the trailing-year periods are computable (1 of 4), so the mean would not be a trailing-year mean",1.0,-0.01,per_item
general,BWEN,stage1_veto:refused_rows,"uInterestCoverage: 1 of 8 available rows are not computable AND report a positive `totalDebt` on the SAME row, so the refusal cannot mean the flag is inapplicable to this company -- it is missing data. Flag was JUDGED on the 7 row(s) that compute.",1.0,-0.01,per_item
general,CMCOM.AS,stage1_veto:refused_rows,"uInterestCoverage: 1 of 8 available rows are not computable AND report a positive `totalDebt` on the SAME row, so the refusal cannot mean the flag is inapplicable to this company -- it is missing data. Flag was JUDGED on the 7 row(s) that compute.",1.0,-0.01,per_item
FinManager,CME,stage1_veto:refused_rows,"uInterestCoverage: 1 of 8 available rows are not computable AND report a positive `totalDebt` on the SAME row, so the refusal cannot mean the flag is inapplicable to this company -- it is missing data. Flag was JUDGED on the 7 row(s) that compute.",1.0,-0.01,per_item
general,CNVS,stage1_veto:refused_rows,"uInterestCoverage: 1 of 8 available rows are not computable AND report a positive `totalDebt` on the SAME row, so the refusal cannot mean the flag is inapplicable to this company -- it is missing data. Flag was JUDGED on the 7 row(s) that compute.",1.0,-0.01,per_item
general,COOK,stage1_veto:refused_rows,"uInterestCoverage: 1 of 8 available rows are not computable AND report a positive `totalDebt` on the SAME row, so the refusal cannot mean the flag is inapplicable to this company -- it is missing data. Flag was JUDGED on the 7 row(s) that compute.",1.0,-0.01,per_item
REIT,COV.PA,stage1_veto:refused_rows,"reitEbitdaInterestCoverage: 1 of 8 available rows are not computable AND report a positive `totalDebt` on the SAME row, so the refusal cannot mean the flag is inapplicable to this company -- it is missing data. Flag was JUDGED on the 7 row(s) that compute.",1.0,-0.01,per_item
general,CROX,stage1_veto:refused_rows,"uInterestCoverage: 1 of 8 available rows are not computable AND report a positive `totalDebt` on the SAME row, so the refusal cannot mean the flag is inapplicable to this company -- it is missing data. Flag was JUDGED on the 7 row(s) that compute.",1.0,-0.01,per_item
general,CSPI,stage1_veto:refused_rows,"uInterestCoverage: 1 of 8 available rows are not computable AND report a positive `totalDebt` on the SAME row, so the refusal cannot mean the flag is inapplicable to this company -- it is missing data. Flag was JUDGED on the 7 row(s) that compute.",1.0,-0.01,per_item
general,CTC.TO,stage1_veto:refused_rows,"uInterestCoverage: 1 of 8 available rows are not computable AND report a positive `totalDebt` on the SAME row, so the refusal cannot mean the flag is inapplicable to this company -- it is missing data. Flag was JUDGED on the 7 row(s) that compute.",1.0,-0.01,per_item
general,DPT.PA,stage1_veto:refused_rows,"uInterestCoverage: 1 of 8 available rows are not computable AND report a positive `totalDebt` on the SAME row, so the refusal cannot mean the flag is inapplicable to this company -- it is missing data. Flag was JUDGED on the 7 row(s) that compute.",1.0,-0.01,per_item
general,ELEC.PA,stage1_veto:refused_rows,"uInterestCoverage: 1 of 8 available rows are not computable AND report a positive `totalDebt` on the SAME row, so the refusal cannot mean the flag is inapplicable to this company -- it is missing data. Flag was JUDGED on the 7 row(s) that compute.",1.0,-0.01,per_item
general,EQNR,stage1_veto:refused_rows,"uInterestCoverage: 1 of 8 available rows are not computable AND report a positive `totalDebt` on the SAME row, so the refusal cannot mean the flag is inapplicable to this company -- it is missing data. Flag was JUDGED on the 7 row(s) that compute.",1.0,-0.01,per_item
general,FEIM,stage1_veto:refused_rows,"uInterestCoverage: 1 of 8 available rows are not computable AND report a positive `totalDebt` on the SAME row, so the refusal cannot mean the flag is inapplicable to this company -- it is missing data. Flag was JUDGED on the 7 row(s) that compute.",1.0,-0.01,per_item
general,FND,stage1_veto:refused_rows,"uInterestCoverage: 1 of 8 available rows are not computable AND report a positive `totalDebt` on the SAME row, so the refusal cannot mean the flag is inapplicable to this company -- it is missing data. Flag was JUDGED on the 7 row(s) that compute.",1.0,-0.01,per_item
general,GLP,stage1_veto:refused_rows,"uInterestCoverage: 1 of 8 available rows are not computable AND report a positive `totalDebt` on the SAME row, so the refusal cannot mean the flag is inapplicable to this company -- it is missing data. Flag was JUDGED on the 7 row(s) that compute.",1.0,-0.01,per_item
general,GOLF,stage1_veto:refused_rows,"uInterestCoverage: 1 of 8 available rows are not computable AND report a positive `totalDebt` on the SAME row, so the refusal cannot mean the flag is inapplicable to this company -- it is missing data. Flag was JUDGED on the 7 row(s) that compute.",1.0,-0.01,per_item
general,GRND,stage1_veto:refused_rows,"uInterestCoverage: 1 of 8 available rows are not computable AND report a positive `totalDebt` on the SAME row, so the refusal cannot mean the flag is inapplicable to this company -- it is missing data. Flag was JUDGED on the 7 row(s) that compute.",1.0,-0.01,per_item
general,GRNQ,stage1_veto:refused_rows,"uInterestCoverage: 1 of 8 available rows are not computable AND report a positive `totalDebt` on the SAME row, so the refusal cannot mean the flag is inapplicable to this company -- it is missing data. Flag was JUDGED on the 7 row(s) that compute.",1.0,-0.01,per_item
general,HBIO,stage1_veto:refused_rows,"uInterestCoverage: 1 of 8 available rows are not computable AND report a positive `totalDebt` on the SAME row, so the refusal cannot mean the flag is inapplicable to this company -- it is missing data. Flag was JUDGED on the 7 row(s) that compute.",1.0,-0.01,per_item
general,HCSG,stage1_veto:refused_rows,"uInterestCoverage: 1 of 8 available rows are not computable AND report a positive `totalDebt` on the SAME row, so the refusal cannot mean the flag is inapplicable to this company -- it is missing data. Flag was JUDGED on the 7 row(s) that compute.",1.0,-0.01,per_item
general,HIVE,stage1_veto:refused_rows,"uInterestCoverage: 1 of 8 available rows are not computable AND report a positive `totalDebt` on the SAME row, so the refusal cannot mean the flag is inapplicable to this company -- it is missing data. Flag was JUDGED on the 7 row(s) that compute.",1.0,-0.01,per_item
general,HLF.TO,stage1_veto:refused_rows,"uInterestCoverage: 1 of 8 available rows are not computable AND report a positive `totalDebt` on the SAME row, so the refusal cannot mean the flag is inapplicable to this company -- it is missing data. Flag was JUDGED on the 7 row(s) that compute.",1.0,-0.01,per_item
FinManager,HUT,stage1_veto:refused_rows,"uInterestCoverage: 1 of 8 available rows are not computable AND report a positive `totalDebt` on the SAME row, so the refusal cannot mean the flag is inapplicable to this company -- it is missing data. Flag was JUDGED on the 7 row(s) that compute.",1.0,-0.01,per_item
,HWX.TO,forensic_gap:no_verdict,"the Beneish M-score could not be formed for this name, so the manipulation assessment is ABSENT -- not clean: fewer than half the trailing-year periods are computable (1 of 4), so the mean would not be a trailing-year mean",1.0,-0.01,per_item
general,ILMN,stage1_veto:refused_rows,"uInterestCoverage: 1 of 8 available rows are not computable AND report a positive `totalDebt` on the SAME row, so the refusal cannot mean the flag is inapplicable to this company -- it is missing data. Flag was JUDGED on the 7 row(s) that compute.",1.0,-0.01,per_item
general,IPO.TO,stage1_veto:refused_rows,"uInterestCoverage: 1 of 8 available rows are not computable AND report a positive `totalDebt` on the SAME row, so the refusal cannot mean the flag is inapplicable to this company -- it is missing data. Flag was JUDGED on the 7 row(s) that compute.",1.0,-0.01,per_item
general,JOY.TO,stage1_veto:refused_rows,"uInterestCoverage: 1 of 8 available rows are not computable AND report a positive `totalDebt` on the SAME row, so the refusal cannot mean the flag is inapplicable to this company -- it is missing data. Flag was JUDGED on the 7 row(s) that compute.",1.0,-0.01,per_item
,KEQU,forensic_gap:no_verdict,"the Beneish M-score could not be formed for this name, so the manipulation assessment is ABSENT -- not clean: fewer than half the trailing-year periods are computable (0 of 4), so the mean would not be a trailing-year mean",1.0,-0.01,per_item
general,KFY,stage1_veto:refused_rows,"uInterestCoverage: 1 of 8 available rows are not computable AND report a positive `totalDebt` on the SAME row, so the refusal cannot mean the flag is inapplicable to this company -- it is missing data. Flag was JUDGED on the 7 row(s) that compute.",1.0,-0.01,per_item
general,KITS.TO,stage1_veto:refused_rows,"uInterestCoverage: 1 of 8 available rows are not computable AND report a positive `totalDebt` on the SAME row, so the refusal cannot mean the flag is inapplicable to this company -- it is missing data. Flag was JUDGED on the 7 row(s) that compute.",1.0,-0.01,per_item
,LCFS.TO,forensic_gap:no_verdict,"the Beneish M-score could not be formed for this name, so the manipulation assessment is ABSENT -- not clean: fewer than half the trailing-year periods are computable (1 of 4), so the mean would not be a trailing-year mean",1.0,-0.01,per_item
REIT,LI.PA,stage1_veto:refused_rows,"reitEbitdaInterestCoverage: 1 of 8 available rows are not computable AND report a positive `totalDebt` on the SAME row, so the refusal cannot mean the flag is inapplicable to this company -- it is missing data. Flag was JUDGED on the 7 row(s) that compute.",1.0,-0.01,per_item
general,LKFT.AS,stage1_veto:refused_rows,"uInterestCoverage: 1 of 8 available rows are not computable AND report a positive `totalDebt` on the SAME row, so the refusal cannot mean the flag is inapplicable to this company -- it is missing data. Flag was JUDGED on the 7 row(s) that compute.",1.0,-0.01,per_item
general,LRCX,stage1_veto:refused_rows,"uInterestCoverage: 1 of 8 available rows are not computable AND report a positive `totalDebt` on the SAME row, so the refusal cannot mean the flag is inapplicable to this company -- it is missing data. Flag was JUDGED on the 7 row(s) that compute.",1.0,-0.01,per_item
general,LSPD,stage1_veto:refused_rows,"uInterestCoverage: 1 of 8 available rows are not computable AND report a positive `totalDebt` on the SAME row, so the refusal cannot mean the flag is inapplicable to this company -- it is missing data. Flag was JUDGED on the 7 row(s) that compute.",1.0,-0.01,per_item
general,LWAY,stage1_veto:refused_rows,"uInterestCoverage: 1 of 8 available rows are not computable AND report a positive `totalDebt` on the SAME row, so the refusal cannot mean the flag is inapplicable to this company -- it is missing data. Flag was JUDGED on the 7 row(s) that compute.",1.0,-0.01,per_item
general,MAL.TO,stage1_veto:refused_rows,"uInterestCoverage: 1 of 8 available rows are not computable AND report a positive `totalDebt` on the SAME row, so the refusal cannot mean the flag is inapplicable to this company -- it is missing data. Flag was JUDGED on the 7 row(s) that compute.",1.0,-0.01,per_item
general,MBX.TO,stage1_veto:refused_rows,"uInterestCoverage: 1 of 8 available rows are not computable AND report a positive `totalDebt` on the SAME row, so the refusal cannot mean the flag is inapplicable to this company -- it is missing data. Flag was JUDGED on the 7 row(s) that compute.",1.0,-0.01,per_item
general,MCK,stage1_veto:refused_rows,"uInterestCoverage: 1 of 8 available rows are not computable AND report a positive `totalDebt` on the SAME row, so the refusal cannot mean the flag is inapplicable to this company -- it is missing data. Flag was JUDGED on the 7 row(s) that compute.",1.0,-0.01,per_item
general,MDB,stage1_veto:refused_rows,"uInterestCoverage: 1 of 8 available rows are not computable AND report a positive `totalDebt` on the SAME row, so the refusal cannot mean the flag is inapplicable to this company -- it is missing data. Flag was JUDGED on the 7 row(s) that compute.",1.0,-0.01,per_item
REIT,MERY.PA,stage1_veto:refused_rows,"reitEbitdaInterestCoverage: 1 of 8 available rows are not computable AND report a positive `totalDebt` on the SAME row, so the refusal cannot mean the flag is inapplicable to this company -- it is missing data. Flag was JUDGED on the 7 row(s) that compute.",1.0,-0.01,per_item
,MFI.TO,forensic_gap:no_verdict,"the Beneish M-score could not be formed for this name, so the manipulation assessment is ABSENT -- not clean: fewer than half the trailing-year periods are computable (1 of 4), so the mean would not be a trailing-year mean",1.0,-0.01,per_item
,MLHK.PA,forensic_gap:no_verdict,"the Beneish M-score could not be formed for this name, so the manipulation assessment is ABSENT -- not clean: fewer than half the trailing-year periods are computable (1 of 4), so the mean would not be a trailing-year mean",1.0,-0.01,per_item
general,MU,stage1_veto:refused_rows,"uInterestCoverage: 1 of 8 available rows are not computable AND report a positive `totalDebt` on the SAME row, so the refusal cannot mean the flag is inapplicable to this company -- it is missing data. Flag was JUDGED on the 7 row(s) that compute.",1.0,-0.01,per_item
general,NABL,stage1_veto:refused_rows,"uInterestCoverage: 1 of 8 available rows are not computable AND report a positive `totalDebt` on the SAME row, so the refusal cannot mean the flag is inapplicable to this company -- it is missing data. Flag was JUDGED on the 7 row(s) that compute.",1.0,-0.01,per_item
REIT,NLOP,stage1_veto:refused_rows,"reitEbitdaInterestCoverage: 1 of 8 available rows are not computable AND report a positive `totalDebt` on the SAME row, so the refusal cannot mean the flag is inapplicable to this company -- it is missing data. Flag was JUDGED on the 7 row(s) that compute.",1.0,-0.01,per_item
general,NN,stage1_veto:refused_rows,"uInterestCoverage: 1 of 8 available rows are not computable AND report a positive `totalDebt` on the SAME row, so the refusal cannot mean the flag is inapplicable to this company -- it is missing data. Flag was JUDGED on the 7 row(s) that compute.",1.0,-0.01,per_item
general,NOMD,stage1_veto:refused_rows,"uInterestCoverage: 1 of 8 available rows are not computable AND report a positive `totalDebt` on the SAME row, so the refusal cannot mean the flag is inapplicable to this company -- it is missing data. Flag was JUDGED on the 7 row(s) that compute.",1.0,-0.01,per_item
general,NVR,stage1_veto:refused_rows,"uInterestCoverage: 1 of 8 available rows are not computable AND report a positive `totalDebt` on the SAME row, so the refusal cannot mean the flag is inapplicable to this company -- it is missing data. Flag was JUDGED on the 7 row(s) that compute.",1.0,-0.01,per_item
,OII,forensic_gap:no_verdict,"the Beneish M-score could not be formed for this name, so the manipulation assessment is ABSENT -- not clean: fewer than half the trailing-year periods are computable (1 of 4), so the mean would not be a trailing-year mean",1.0,-0.01,per_item
general,OMCL,stage1_veto:refused_rows,"uInterestCoverage: 1 of 8 available rows are not computable AND report a positive `totalDebt` on the SAME row, so the refusal cannot mean the flag is inapplicable to this company -- it is missing data. Flag was JUDGED on the 7 row(s) that compute.",1.0,-0.01,per_item
general,ORA.PA,stage1_veto:refused_rows,"uInterestCoverage: 1 of 8 available rows are not computable AND report a positive `totalDebt` on the SAME row, so the refusal cannot mean the flag is inapplicable to this company -- it is missing data. Flag was JUDGED on the 7 row(s) that compute.",1.0,-0.01,per_item
,ORE.TO,forensic_gap:no_verdict,"the Beneish M-score could not be formed for this name, so the manipulation assessment is ABSENT -- not clean: fewer than half the trailing-year periods are computable (1 of 4), so the mean would not be a trailing-year mean",1.0,-0.01,per_item
,ORV.TO,forensic_gap:no_verdict,"the Beneish M-score could not be formed for this name, so the manipulation assessment is ABSENT -- not clean: fewer than half the trailing-year periods are computable (1 of 4), so the mean would not be a trailing-year mean",1.0,-0.01,per_item
general,PARRO.PA,stage1_veto:refused_rows,"uInterestCoverage: 1 of 8 available rows are not computable AND report a positive `totalDebt` on the SAME row, so the refusal cannot mean the flag is inapplicable to this company -- it is missing data. Flag was JUDGED on the 7 row(s) that compute.",1.0,-0.01,per_item
general,PIG.PA,stage1_veto:refused_rows,"uInterestCoverage: 1 of 8 available rows are not computable AND report a positive `totalDebt` on the SAME row, so the refusal cannot mean the flag is inapplicable to this company -- it is missing data. Flag was JUDGED on the 7 row(s) that compute.",1.0,-0.01,per_item
general,PLAB,stage1_veto:refused_rows,"uInterestCoverage: 1 of 8 available rows are not computable AND report a positive `totalDebt` on the SAME row, so the refusal cannot mean the flag is inapplicable to this company -- it is missing data. Flag was JUDGED on the 7 row(s) that compute.",1.0,-0.01,per_item
general,PRIM,stage1_veto:refused_rows,"uInterestCoverage: 1 of 8 available rows are not computable AND report a positive `totalDebt` on the SAME row, so the refusal cannot mean the flag is inapplicable to this company -- it is missing data. Flag was JUDGED on the 7 row(s) that compute.",1.0,-0.01,per_item
general,PRMB,stage1_veto:refused_rows,"uInterestCoverage: 1 of 8 available rows are not computable AND report a positive `totalDebt` on the SAME row, so the refusal cannot mean the flag is inapplicable to this company -- it is missing data. Flag was JUDGED on the 7 row(s) that compute.",1.0,-0.01,per_item
general,RAND.AS,stage1_veto:refused_rows,"uInterestCoverage: 1 of 8 available rows are not computable AND report a positive `totalDebt` on the SAME row, so the refusal cannot mean the flag is inapplicable to this company -- it is missing data. Flag was JUDGED on the 7 row(s) that compute.",1.0,-0.01,per_item
general,RBO.PA,stage1_veto:refused_rows,"uInterestCoverage: 1 of 8 available rows are not computable AND report a positive `totalDebt` on the SAME row, so the refusal cannot mean the flag is inapplicable to this company -- it is missing data. Flag was JUDGED on the 7 row(s) that compute.",1.0,-0.01,per_item
general,RIG,stage1_veto:refused_rows,"uInterestCoverage: 1 of 8 available rows are not computable AND report a positive `totalDebt` on the SAME row, so the refusal cannot mean the flag is inapplicable to this company -- it is missing data. Flag was JUDGED on the 7 row(s) that compute.",1.0,-0.01,per_item
FinManager,RJF,stage1_veto:refused_rows,"uInterestCoverage: 1 of 8 available rows are not computable AND report a positive `totalDebt` on the SAME row, so the refusal cannot mean the flag is inapplicable to this company -- it is missing data. Flag was JUDGED on the 7 row(s) that compute.",1.0,-0.01,per_item
general,RNK.L,stage1_veto:refused_rows,"uInterestCoverage: 1 of 8 available rows are not computable AND report a positive `totalDebt` on the SAME row, so the refusal cannot mean the flag is inapplicable to this company -- it is missing data. Flag was JUDGED on the 7 row(s) that compute.",1.0,-0.01,per_item
general,ROG,stage1_veto:refused_rows,"uInterestCoverage: 1 of 8 available rows are not computable AND report a positive `totalDebt` on the SAME row, so the refusal cannot mean the flag is inapplicable to this company -- it is missing data. Flag was JUDGED on the 7 row(s) that compute.",1.0,-0.01,per_item
REIT,SBRA,stage1_veto:refused_rows,"reitEbitdaInterestCoverage: 1 of 8 available rows are not computable AND report a positive `totalDebt` on the SAME row, so the refusal cannot mean the flag is inapplicable to this company -- it is missing data. Flag was JUDGED on the 7 row(s) that compute.",1.0,-0.01,per_item
general,SD,stage1_veto:refused_rows,"uInterestCoverage: 1 of 8 available rows are not computable AND report a positive `totalDebt` on the SAME row, so the refusal cannot mean the flag is inapplicable to this company -- it is missing data. Flag was ABSTAINED -- 1 row(s) is under the 6-row partial-window floor.",1.0,-0.01,per_item
general,SDE.TO,stage1_veto:refused_rows,"uInterestCoverage: 1 of 8 available rows are not computable AND report a positive `totalDebt` on the SAME row, so the refusal cannot mean the flag is inapplicable to this company -- it is missing data. Flag was JUDGED on the 7 row(s) that compute.",1.0,-0.01,per_item
,SES.TO,forensic_gap:no_verdict,"the Beneish M-score could not be formed for this name, so the manipulation assessment is ABSENT -- not clean: fewer than half the trailing-year periods are computable (1 of 4), so the mean would not be a trailing-year mean",1.0,-0.01,per_item
general,SGHT,stage1_veto:refused_rows,"uInterestCoverage: 1 of 8 available rows are not computable AND report a positive `totalDebt` on the SAME row, so the refusal cannot mean the flag is inapplicable to this company -- it is missing data. Flag was JUDGED on the 7 row(s) that compute.",1.0,-0.01,per_item
,SHAK,forensic_gap:no_verdict,"the Beneish M-score could not be formed for this name, so the manipulation assessment is ABSENT -- not clean: fewer than half the trailing-year periods are computable (1 of 4), so the mean would not be a trailing-year mean",1.0,-0.01,per_item
general,SOC,stage1_veto:refused_rows,"uInterestCoverage: 1 of 8 available rows are not computable AND report a positive `totalDebt` on the SAME row, so the refusal cannot mean the flag is inapplicable to this company -- it is missing data. Flag was JUDGED on the 7 row(s) that compute.",1.0,-0.01,per_item
general,STN.TO,stage1_veto:refused_rows,"uInterestCoverage: 1 of 8 available rows are not computable AND report a positive `totalDebt` on the SAME row, so the refusal cannot mean the flag is inapplicable to this company -- it is missing data. Flag was JUDGED on the 7 row(s) that compute.",1.0,-0.01,per_item
general,SVA.TO,stage1_veto:refused_rows,"uInterestCoverage: 1 of 8 available rows are not computable AND report a positive `totalDebt` on the SAME row, so the refusal cannot mean the flag is inapplicable to this company -- it is missing data. Flag was JUDGED on the 7 row(s) that compute.",1.0,-0.01,per_item
general,TAL.TO,stage1_veto:refused_rows,"uInterestCoverage: 1 of 8 available rows are not computable AND report a positive `totalDebt` on the SAME row, so the refusal cannot mean the flag is inapplicable to this company -- it is missing data. Flag was JUDGED on the 7 row(s) that compute.",1.0,-0.01,per_item
,TALK,forensic_gap:no_verdict,"the Beneish M-score could not be formed for this name, so the manipulation assessment is ABSENT -- not clean: fewer than half the trailing-year periods are computable (1 of 4), so the mean would not be a trailing-year mean",1.0,-0.01,per_item
,TCW.TO,forensic_gap:no_verdict,"the Beneish M-score could not be formed for this name, so the manipulation assessment is ABSENT -- not clean: fewer than half the trailing-year periods are computable (1 of 4), so the mean would not be a trailing-year mean",1.0,-0.01,per_item
general,TCX,stage1_veto:refused_rows,"uInterestCoverage: 1 of 8 available rows are not computable AND report a positive `totalDebt` on the SAME row, so the refusal cannot mean the flag is inapplicable to this company -- it is missing data. Flag was JUDGED on the 7 row(s) that compute.",1.0,-0.01,per_item
general,TEL,stage1_veto:refused_rows,"uInterestCoverage: 1 of 8 available rows are not computable AND report a positive `totalDebt` on the SAME row, so the refusal cannot mean the flag is inapplicable to this company -- it is missing data. Flag was JUDGED on the 7 row(s) that compute.",1.0,-0.01,per_item
general,TRGP,stage1_veto:refused_rows,"uInterestCoverage: 1 of 8 available rows are not computable AND report a positive `totalDebt` on the SAME row, so the refusal cannot mean the flag is inapplicable to this company -- it is missing data. Flag was JUDGED on the 7 row(s) that compute.",1.0,-0.01,per_item
,TSL.TO,forensic_gap:no_verdict,"the Beneish M-score could not be formed for this name, so the manipulation assessment is ABSENT -- not clean: fewer than half the trailing-year periods are computable (1 of 4), so the mean would not be a trailing-year mean",1.0,-0.01,per_item
general,TWC.TO,stage1_veto:refused_rows,"uInterestCoverage: 1 of 8 available rows are not computable AND report a positive `totalDebt` on the SAME row, so the refusal cannot mean the flag is inapplicable to this company -- it is missing data. Flag was JUDGED on the 7 row(s) that compute.",1.0,-0.01,per_item
FinManager,VCTR,stage1_veto:refused_rows,"uInterestCoverage: 1 of 8 available rows are not computable AND report a positive `totalDebt` on the SAME row, so the refusal cannot mean the flag is inapplicable to this company -- it is missing data. Flag was JUDGED on the 7 row(s) that compute.",1.0,-0.01,per_item
FinManager,VIL.PA,stage1_veto:refused_rows,"uInterestCoverage: 1 of 8 available rows are not computable AND report a positive `totalDebt` on the SAME row, so the refusal cannot mean the flag is inapplicable to this company -- it is missing data. Flag was JUDGED on the 7 row(s) that compute.",1.0,-0.01,per_item
general,VLN.TO,stage1_veto:refused_rows,"uInterestCoverage: 1 of 8 available rows are not computable AND report a positive `totalDebt` on the SAME row, so the refusal cannot mean the flag is inapplicable to this company -- it is missing data. Flag was JUDGED on the 7 row(s) that compute.",1.0,-0.01,per_item
,VRRM,forensic_gap:no_verdict,"the Beneish M-score could not be formed for this name, so the manipulation assessment is ABSENT -- not clean: fewer than half the trailing-year periods are computable (1 of 4), so the mean would not be a trailing-year mean",1.0,-0.01,per_item
general,VU.PA,stage1_veto:refused_rows,"uInterestCoverage: 1 of 8 available rows are not computable AND report a positive `totalDebt` on the SAME row, so the refusal cannot mean the flag is inapplicable to this company -- it is missing data. Flag was JUDGED on the 7 row(s) that compute.",1.0,-0.01,per_item
general,WAVE,stage1_veto:refused_rows,"uInterestCoverage: 1 of 8 available rows are not computable AND report a positive `totalDebt` on the SAME row, so the refusal cannot mean the flag is inapplicable to this company -- it is missing data. Flag was JUDGED on the 7 row(s) that compute.",1.0,-0.01,per_item
general,WAVE.PA,stage1_veto:refused_rows,"uInterestCoverage: 1 of 8 available rows are not computable AND report a positive `totalDebt` on the SAME row, so the refusal cannot mean the flag is inapplicable to this company -- it is missing data. Flag was JUDGED on the 7 row(s) that compute.",1.0,-0.01,per_item
general,WHWK,stage1_veto:refused_rows,"uInterestCoverage: 1 of 8 available rows are not computable AND report a positive `totalDebt` on the SAME row, so the refusal cannot mean the flag is inapplicable to this company -- it is missing data. Flag was ABSTAINED -- 1 row(s) is under the 6-row partial-window floor.",1.0,-0.01,per_item
general,WIT,stage1_veto:refused_rows,"uInterestCoverage: 1 of 8 available rows are not computable AND report a positive `totalDebt` on the SAME row, so the refusal cannot mean the flag is inapplicable to this company -- it is missing data. Flag was JUDGED on the 7 row(s) that compute.",1.0,-0.01,per_item
general,YORW,stage1_veto:refused_rows,"uInterestCoverage: 1 of 8 available rows are not computable AND report a positive `totalDebt` on the SAME row, so the refusal cannot mean the flag is inapplicable to this company -- it is missing data. Flag was JUDGED on the 7 row(s) that compute.",1.0,-0.01,per_item
general,ZETA,stage1_veto:refused_rows,"uInterestCoverage: 1 of 8 available rows are not computable AND report a positive `totalDebt` on the SAME row, so the refusal cannot mean the flag is inapplicable to this company -- it is missing data. Flag was JUDGED on the 7 row(s) that compute.",1.0,-0.01,per_item
general,ZOOZ,stage1_veto:refused_rows,"uInterestCoverage: 1 of 8 available rows are not computable AND report a positive `totalDebt` on the SAME row, so the refusal cannot mean the flag is inapplicable to this company -- it is missing data. Flag was JUDGED on the 7 row(s) that compute.",1.0,-0.01,per_item
