source,verdict,dollarVolume_usd,dollarVolume_basis,floor_usd
KIN2.DE,ejected_below_floor,110483.08107300001,2026-08-21|EUR,1000000.0
SBI.TO,ejected_below_floor,145849.7964,2026-08-21|CAD,1000000.0
0J3H.L,ejected_below_floor,213985.19999999998,2026-08-21|USD,1000000.0
0VOA.L,ejected_below_floor,53437.63418699999,2026-08-21|CAD,1000000.0
HFF.DE,ejected_below_floor,4638.932052,2026-08-21|EUR,1000000.0
GMR.L,ejected_below_floor,117557.03584319999,2026-08-21|GBp,1000000.0
0LJL.L,ejected_below_floor,139234.94,2026-08-21|USD,1000000.0
0QYM.L,ejected_below_floor,461727.147504,2026-08-21|CAD,1000000.0
CFX.L,ejected_below_floor,96113.11464,2026-08-21|GBp,1000000.0
216050.KQ,ejected_below_floor,136837.929235578,2026-08-21|KRW,1000000.0
234080.KS,ejected_below_floor,269910.4499201431,2026-08-21|KRW,1000000.0
0JSU.L,ejected_below_floor,8489.10861,2026-08-21|EUR,1000000.0
001065.KS,ejected_below_floor,5186.1065599349995,2026-08-21|KRW,1000000.0
001067.KS,ejected_below_floor,2545.7288337,2026-08-21|KRW,1000000.0
0QNG.L,ejected_below_floor,270592.765235625,2026-08-21|CHF,1000000.0
0HQU.L,ejected_below_floor,321226.80000000005,2026-08-21|USD,1000000.0
0VCO.L,ejected_below_floor,23837.426234999995,2026-08-21|CAD,1000000.0
ALNTG.PA,ejected_below_floor,20297.9054817,2026-08-21|EUR,1000000.0
PA9.DE,ejected_below_floor,3631.8132750000004,2026-08-21|EUR,1000000.0
MOUR.BR,ejected_below_floor,43980.309,2026-08-21|EUR,1000000.0
LOUP.PA,ejected_below_floor,689325.96744,2026-08-21|EUR,1000000.0
PRU.TO,ejected_below_floor,145541.096442,2026-08-21|CAD,1000000.0
007700.KS,ejected_below_floor,248176.9463798067,2026-08-21|KRW,1000000.0
EIN.DE,ejected_below_floor,296671.54002,2026-08-21|EUR,1000000.0
092730.KQ,ejected_below_floor,985374.7157011065,2026-08-21|KRW,1000000.0
028100.KS,ejected_below_floor,453679.194822106,2026-08-21|KRW,1000000.0
EMBELL.ST,ejected_below_floor,37353.71712,2026-08-21|SEK,1000000.0
0EAQ.L,ejected_below_floor,121281.8106,2026-08-21|USD,1000000.0
SNFCA,ejected_below_floor,322424.775,2026-08-21|USD,1000000.0
0VL5.L,ejected_below_floor,23967.599264,2026-08-21|CAD,1000000.0
0RJ6.L,ejected_below_floor,7741.88619,2026-08-21|EUR,1000000.0
SFE.DE,ejected_below_floor,158.44098600000004,2026-08-21|EUR,1000000.0
SEA1.OL,ejected_below_floor,492582.27074700006,2026-08-21|NOK,1000000.0
LNF.TO,ejected_below_floor,463400.89970999997,2026-08-21|CAD,1000000.0
0KAN.L,ejected_below_floor,18234.2,2026-08-21|USD,1000000.0
DBO.TO,ejected_below_floor,659477.5808179999,2026-08-21|CAD,1000000.0
HCL.DE,ejected_below_floor,418679.816058,2026-08-21|EUR,1000000.0
0QQF.L,ejected_below_floor,8444.31625,2026-08-21|CHF,1000000.0
0KGH.L,ejected_below_floor,92057.72,2026-08-21|USD,1000000.0
268280.KS,ejected_below_floor,321738.348516768,2026-08-21|KRW,1000000.0
033270.KS,ejected_below_floor,391238.1164538423,2026-08-21|KRW,1000000.0
FCAP,ejected_below_floor,727450.96,2026-08-21|USD,1000000.0
XLY.TO,ejected_below_floor,213106.57105499998,2026-08-21|CAD,1000000.0
0AHJ.L,ejected_below_floor,95128.337899,2026-08-21|CAD,1000000.0
TCL-B.TO,ejected_below_floor,5861.14221,2026-08-21|CAD,1000000.0
032850.KQ,ejected_below_floor,179096.70149950648,2026-08-21|KRW,1000000.0
PES.DE,ejected_below_floor,5710.168386,2026-08-21|EUR,1000000.0
RTC.L,ejected_below_floor,10954.6320675,2026-08-21|GBp,1000000.0
TWC.TO,ejected_below_floor,35551.201812,2026-08-21|CAD,1000000.0
069730.KS,ejected_below_floor,245522.34593493099,2026-08-21|KRW,1000000.0
0IWV.L,ejected_below_floor,29839.952100000002,2026-08-21|EUR,1000000.0
ERIC-A.ST,ejected_below_floor,336665.90512,2026-08-21|SEK,1000000.0
ITU.DE,ejected_below_floor,744337.0134,2026-08-21|EUR,1000000.0
NRG.PA,ejected_below_floor,68279.02185,2026-08-21|EUR,1000000.0
0R0A.L,ejected_below_floor,770762.75,2026-08-21|USD,1000000.0
0KNY.L,ejected_below_floor,308863.05,2026-08-21|USD,1000000.0
M12.DE,ejected_below_floor,111582.49557000001,2026-08-21|EUR,1000000.0
UNP.DE,ejected_below_floor,38976.762240000004,2026-08-21|EUR,1000000.0
0GX2.L,ejected_below_floor,54485.240040000004,2026-08-21|EUR,1000000.0
ERCG.DE,ejected_below_floor,3497.7281040000003,2026-08-21|EUR,1000000.0
CDM1.DE,ejected_below_floor,299393.46549525,2026-08-21|EUR,1000000.0
VAN.BR,ejected_below_floor,81474.04683,2026-08-21|EUR,1000000.0
OPLN,kept_no_reading,,no-reading,1000000.0
ERCB.DE,ejected_below_floor,124804.68252780002,2026-08-21|EUR,1000000.0
YCP.DE,ejected_below_floor,111389.65345200001,2026-08-21|EUR,1000000.0
CCLD,ejected_below_floor,767354.69,2026-08-21|USD,1000000.0
0QQM.L,ejected_below_floor,9850.5,2026-08-21|CHF,1000000.0
0GBU.L,ejected_below_floor,27346.85184,2026-08-21|SEK,1000000.0
0QLD.L,ejected_below_floor,239528.33154249995,2026-08-21|CHF,1000000.0
SOBA.DE,ejected_below_floor,195246.5963085,2026-08-21|EUR,1000000.0
SIP.BR,ejected_below_floor,515877.13800000004,2026-08-21|EUR,1000000.0
007540.KS,ejected_below_floor,176268.222698337,2026-08-21|KRW,1000000.0
043150.KQ,ejected_below_floor,534645.2227905018,2026-08-21|KRW,1000000.0
NRO.PA,ejected_below_floor,367624.0495725,2026-08-21|EUR,1000000.0
MED.DE,ejected_below_floor,46315.087725000005,2026-08-21|EUR,1000000.0
0Q4C.L,ejected_below_floor,522.0185325,2026-08-21|EUR,1000000.0
NEDAP.AS,ejected_below_floor,585889.151835,2026-08-21|EUR,1000000.0
0HF6.L,ejected_below_floor,956578.0,2026-08-21|USD,1000000.0
DVD.OL,ejected_below_floor,397779.87901050004,2026-08-21|NOK,1000000.0
EIOF.OL,ejected_below_floor,30881.349870000002,2026-08-21|NOK,1000000.0
0JPO.L,ejected_below_floor,820399.9500000001,2026-08-21|USD,1000000.0
KLA.DE,ejected_below_floor,612495.9335880001,2026-08-21|EUR,1000000.0
0I4T.L,ejected_below_floor,6102.99,2026-08-21|USD,1000000.0
GSC1.DE,ejected_below_floor,53943.002685000014,2026-08-21|EUR,1000000.0
0NNU.L,ejected_below_floor,9475.693920000002,2026-08-21|EUR,1000000.0
ALTPC.PA,ejected_below_floor,90281.9952,2026-08-21|EUR,1000000.0
ALTN.L,ejected_below_floor,944453.95143,2026-08-21|GBp,1000000.0
AZ2.DE,ejected_below_floor,44255.331600000005,2026-08-21|EUR,1000000.0
0RR8.L,ejected_below_floor,396635.736,2026-08-21|USD,1000000.0
68V.DE,ejected_below_floor,111142.40114250002,2026-08-21|EUR,1000000.0
FDBC,ejected_below_floor,698369.86,2026-08-21|USD,1000000.0
053580.KQ,ejected_below_floor,172016.8700516354,2026-08-21|KRW,1000000.0
ANTIN.PA,ejected_below_floor,410090.067822,2026-08-21|EUR,1000000.0
HYDRA.AS,ejected_below_floor,42791.652,2026-08-21|EUR,1000000.0
120030.KS,ejected_below_floor,58605.288755706,2026-08-21|KRW,1000000.0
PZA.TO,ejected_below_floor,655726.0831800001,2026-08-21|CAD,1000000.0
078520.KS,ejected_below_floor,864367.5571528489,2026-08-21|KRW,1000000.0
BOI.PA,ejected_below_floor,66397.33120500001,2026-08-21|EUR,1000000.0
0QKP.L,ejected_below_floor,10845.5,2026-08-21|CHF,1000000.0
0DTF.L,ejected_below_floor,32950.853925,2026-08-21|EUR,1000000.0
0QZ5.L,ejected_below_floor,430008.0,2026-08-21|USD,1000000.0
MULT.DE,ejected_below_floor,63364.612711500005,2026-08-21|EUR,1000000.0
2020.OL,ejected_below_floor,134473.4511246,2026-08-21|NOK,1000000.0
ALPM.PA,ejected_below_floor,123557.04949500001,2026-08-21|EUR,1000000.0
AMG.DE,ejected_below_floor,182936.2351275,2026-08-21|EUR,1000000.0
0QYZ.L,ejected_below_floor,236556.054672,2026-08-21|CAD,1000000.0
ALLUX.PA,ejected_below_floor,109955.4339,2026-08-21|EUR,1000000.0
BVFL,ejected_below_floor,437653.44000000006,2026-08-21|USD,1000000.0
036800.KQ,ejected_below_floor,574943.8056108474,2026-08-21|KRW,1000000.0
009180.KS,ejected_below_floor,142777.9994448215,2026-08-21|KRW,1000000.0
200670.KQ,ejected_below_floor,585256.4588299129,2026-08-21|KRW,1000000.0
CXI.TO,ejected_below_floor,101107.67291800001,2026-08-21|CAD,1000000.0
058860.KS,ejected_below_floor,146093.7641075892,2026-08-21|KRW,1000000.0
0O6D.L,ejected_below_floor,3538.0026000000003,2026-08-21|EUR,1000000.0
267980.KQ,ejected_below_floor,144923.77324566,2026-08-21|KRW,1000000.0
MPCK.DE,ejected_below_floor,97561.70358000002,2026-08-21|EUR,1000000.0
A4S.DE,ejected_below_floor,5555.22345,2026-08-21|EUR,1000000.0
0HC2.L,ejected_below_floor,6528.01,2026-08-21|USD,1000000.0
SFCA.PA,ejected_below_floor,750.8116980000001,2026-08-21|EUR,1000000.0
VUXEN.ST,ejected_below_floor,43360.6866,2026-08-21|SEK,1000000.0
0MT8.L,ejected_below_floor,10973.401740000001,2026-08-21|EUR,1000000.0
DRW8.DE,ejected_below_floor,144549.78093,2026-08-21|EUR,1000000.0
IVU.DE,ejected_below_floor,299668.82022,2026-08-21|EUR,1000000.0
SVED-B.ST,ejected_below_floor,373126.7557,2026-08-21|SEK,1000000.0
CASE.ST,ejected_below_floor,7097.0877,2026-08-21|SEK,1000000.0
XAU.TO,ejected_below_floor,93650.014836,2026-08-21|CAD,1000000.0
CCL-A.TO,ejected_below_floor,15101.897265000001,2026-08-21|CAD,1000000.0
0QJQ.L,ejected_below_floor,56898.21375,2026-08-21|EUR,1000000.0
068330.KQ,ejected_below_floor,92486.78545400909,2026-08-21|KRW,1000000.0
LOVE.TO,ejected_below_floor,67971.669024,2026-08-21|CAD,1000000.0
002720.KS,ejected_below_floor,145316.004058556,2026-08-21|KRW,1000000.0
MBB.DE,ejected_below_floor,615746.70072,2026-08-21|EUR,1000000.0
BIJ.DE,ejected_below_floor,270510.36480000004,2026-08-21|EUR,1000000.0
REC.L,ejected_below_floor,199617.368259,2026-08-21|GBp,1000000.0
ARPL.ST,ejected_below_floor,96237.50030500001,2026-08-21|SEK,1000000.0
0N2Q.L,ejected_below_floor,26285.751135000006,2026-08-21|EUR,1000000.0
NOVA.IC,ejected_below_floor,63449.3707512,2026-08-21|ISK,1000000.0
0RFX.L,ejected_below_floor,47536.125,2026-08-21|CHF,1000000.0
0VJA.L,ejected_below_floor,27636.41895,2026-08-21|CAD,1000000.0
0J7X.L,ejected_below_floor,60958.293150000005,2026-08-21|EUR,1000000.0
TIMA.DE,ejected_below_floor,184957.12683,2026-08-21|EUR,1000000.0
ALCAF.PA,ejected_below_floor,23850.0531,2026-08-21|EUR,1000000.0
DPAM.PA,ejected_below_floor,10138.545,2026-08-21|EUR,1000000.0
072130.KS,ejected_below_floor,221898.8309344729,2026-08-21|KRW,1000000.0
IOF.L,ejected_below_floor,257585.6925,2026-08-21|GBp,1000000.0
ZZ-B.ST,ejected_below_floor,835613.1888799999,2026-08-21|SEK,1000000.0
0AH3.L,ejected_below_floor,22395.0727,2026-08-21|CAD,1000000.0
VIL.PA,ejected_below_floor,285467.86512000003,2026-08-21|EUR,1000000.0
FDX.DE,ejected_below_floor,28161.848100000003,2026-08-21|EUR,1000000.0
BAR.BR,ejected_below_floor,705100.797636,2026-08-21|EUR,1000000.0
0JW2.L,ejected_below_floor,888723.64,2026-08-21|USD,1000000.0
SII.DE,ejected_below_floor,203560.424625,2026-08-21|EUR,1000000.0
AFGB,ejected_below_floor,172376.6,2026-08-21|USD,1000000.0
AFGD,ejected_below_floor,183576.9,2026-08-21|USD,1000000.0
AFGE,ejected_below_floor,135248.87999999998,2026-08-21|USD,1000000.0
VX1.DE,ejected_below_floor,50059.415542500006,2026-08-21|EUR,1000000.0
HCO.PA,ejected_below_floor,56385.786048,2026-08-21|EUR,1000000.0
0KGE.L,ejected_below_floor,133947.24,2026-08-21|USD,1000000.0
CCZ,ejected_below_floor,10033.9349,2026-08-21|USD,1000000.0
PCX.DE,ejected_below_floor,10671.436248000002,2026-08-21|EUR,1000000.0
ALLOG.PA,ejected_below_floor,127991.33210280002,2026-08-21|EUR,1000000.0
AJ91.DE,ejected_below_floor,8231.100120000001,2026-08-21|EUR,1000000.0
WEYS,ejected_below_floor,970830.8400000001,2026-08-21|USD,1000000.0
0HW9.L,ejected_below_floor,903.86,2026-08-21|SEK,1000000.0
0KV3.L,ejected_below_floor,853305.89,2026-08-21|USD,1000000.0
058630.KQ,ejected_below_floor,203667.807849197,2026-08-21|KRW,1000000.0
0A18.L,ejected_below_floor,10461.301312000001,2026-08-21|CAD,1000000.0
366030.KQ,ejected_below_floor,438931.4975769339,2026-08-21|KRW,1000000.0
094280.KS,ejected_below_floor,144919.42157243998,2026-08-21|KRW,1000000.0
0QYN.L,ejected_below_floor,140754.01703999998,2026-08-21|CAD,1000000.0
COZ.DE,ejected_below_floor,17681.039805,2026-08-21|EUR,1000000.0
KCC.OL,ejected_below_floor,461565.20592000004,2026-08-21|NOK,1000000.0
0EEV.L,ejected_below_floor,53912.120910000005,2026-08-21|EUR,1000000.0
EXM.BR,ejected_below_floor,20174.073060000006,2026-08-21|EUR,1000000.0
0N66.L,ejected_below_floor,306810.55116,2026-08-21|EUR,1000000.0
SYS1.L,ejected_below_floor,143264.96085,2026-08-21|GBp,1000000.0
119610.KQ,ejected_below_floor,750500.5732544466,2026-08-21|KRW,1000000.0
0NCA.L,ejected_below_floor,16397.87292,2026-08-21|EUR,1000000.0
215000.KQ,ejected_below_floor,767315.670665765,2026-08-21|KRW,1000000.0
CTP2.DE,ejected_below_floor,191933.564526,2026-08-21|EUR,1000000.0
0HGC.L,ejected_below_floor,251094.92,2026-08-21|USD,1000000.0
ALS.DE,ejected_below_floor,3549.3064950000007,2026-08-21|EUR,1000000.0
0F6L.L,ejected_below_floor,791583.9091582502,2026-08-21|EUR,1000000.0
0R3D.L,ejected_below_floor,193188.87,2026-08-21|USD,1000000.0
MZX.DE,ejected_below_floor,21647.191995,2026-08-21|EUR,1000000.0
SINT.ST,ejected_below_floor,52962.4124,2026-08-21|SEK,1000000.0
CARE.ST,ejected_below_floor,35901.99184,2026-08-21|SEK,1000000.0
AFGC,ejected_below_floor,190032.00000000003,2026-08-21|USD,1000000.0
NIL-B.ST,ejected_below_floor,137554.16532000003,2026-08-21|SEK,1000000.0
WWIB.OL,ejected_below_floor,429549.58935,2026-08-21|NOK,1000000.0
ELEC.PA,ejected_below_floor,535743.79173,2026-08-21|EUR,1000000.0
107590.KS,ejected_below_floor,26321.530638492,2026-08-21|KRW,1000000.0
0UGS.L,ejected_below_floor,249496.424352,2026-08-21|CAD,1000000.0
0VQD.L,ejected_below_floor,608292.2999999999,2026-08-21|USD,1000000.0
JIM.L,ejected_below_floor,3608.9461880000003,2026-08-21|GBp,1000000.0
UT8.DE,ejected_below_floor,928015.0054560001,2026-08-21|EUR,1000000.0
ET.TO,ejected_below_floor,416834.751648,2026-08-21|CAD,1000000.0
XTC.TO,ejected_below_floor,93619.616832,2026-08-21|CAD,1000000.0
053210.KS,ejected_below_floor,129865.5115883539,2026-08-21|KRW,1000000.0
ALGIL.PA,ejected_below_floor,74220.67536000001,2026-08-21|EUR,1000000.0
ABL.DE,ejected_below_floor,144852.25917600002,2026-08-21|EUR,1000000.0
SHF.DE,ejected_below_floor,20118.369330000005,2026-08-21|EUR,1000000.0
0D1X.L,ejected_below_floor,2339.906265,2026-08-21|EUR,1000000.0
003100.KQ,ejected_below_floor,484139.89197168796,2026-08-21|KRW,1000000.0
0HCZ.L,ejected_below_floor,538567.38,2026-08-21|USD,1000000.0
0NJB.L,ejected_below_floor,1347.61074,2026-08-21|EUR,1000000.0
TFW.L,ejected_below_floor,169711.33624550002,2026-08-21|GBp,1000000.0
ESSITY-A.ST,ejected_below_floor,570796.26075,2026-08-21|SEK,1000000.0
0UWL.L,ejected_below_floor,1625.975666,2026-08-21|CAD,1000000.0
RICO.L,ejected_below_floor,167852.7123504,2026-08-21|JPY,1000000.0
000050.KS,ejected_below_floor,305418.72536549007,2026-08-21|KRW,1000000.0
DP4B.DE,ejected_below_floor,117059.40750000002,2026-08-21|EUR,1000000.0
EDL.DE,ejected_below_floor,17912.571543000002,2026-08-21|EUR,1000000.0
ALDLT.PA,ejected_below_floor,58613.60895000001,2026-08-21|EUR,1000000.0
096760.KS,ejected_below_floor,297791.23221648764,2026-08-21|KRW,1000000.0
TECK-A.TO,ejected_below_floor,521487.328362,2026-08-21|CAD,1000000.0
ALVU.PA,ejected_below_floor,55609.336650000005,2026-08-21|EUR,1000000.0
VETO.PA,ejected_below_floor,713042.121825,2026-08-21|EUR,1000000.0
MTU.PA,ejected_below_floor,353249.3990550001,2026-08-21|EUR,1000000.0
LPE.PA,ejected_below_floor,274414.2873,2026-08-21|EUR,1000000.0
0O1O.L,ejected_below_floor,11567.730240000003,2026-08-21|EUR,1000000.0
TAGM-B.ST,ejected_below_floor,84772.609,2026-08-21|SEK,1000000.0
0DK7.L,ejected_below_floor,1409.6073600000002,2026-08-21|EUR,1000000.0
JEN.BR,ejected_below_floor,307626.7623,2026-08-21|EUR,1000000.0
HMM-A.TO,ejected_below_floor,274374.75127999997,2026-08-21|CAD,1000000.0
0OQQ.L,ejected_below_floor,1649.8442625000002,2026-08-21|EUR,1000000.0
INF.PA,ejected_below_floor,172591.24837500002,2026-08-21|EUR,1000000.0
0HYP.L,ejected_below_floor,117222.3,2026-08-21|USD,1000000.0
IC2.DE,ejected_below_floor,8513.487732000001,2026-08-21|EUR,1000000.0
ADP.DE,ejected_below_floor,43450.366087500006,2026-08-21|EUR,1000000.0
PGH.L,ejected_below_floor,236161.72144125,2026-08-21|GBp,1000000.0
UZU.DE,ejected_below_floor,34538.17716000001,2026-08-21|EUR,1000000.0
DEQ.DE,ejected_below_floor,163820.35813500002,2026-08-21|EUR,1000000.0
0ABJ.L,ejected_below_floor,620614.8509791229,2026-08-21|SEK,1000000.0
CHV.DE,ejected_below_floor,694316.1825960001,2026-08-21|EUR,1000000.0
FFARM.AS,ejected_below_floor,714645.340434,2026-08-21|EUR,1000000.0
EBA.DE,ejected_below_floor,34137.949356000005,2026-08-21|EUR,1000000.0
JEL.L,ejected_below_floor,18557.590920000002,2026-08-21|GBp,1000000.0
ELIX.L,ejected_below_floor,600542.829552,2026-08-21|GBp,1000000.0
YGR.TO,ejected_below_floor,178995.232913,2026-08-21|CAD,1000000.0
KEI.TO,ejected_below_floor,126627.91591100002,2026-08-21|CAD,1000000.0
3V64.DE,ejected_below_floor,772922.11662,2026-08-21|EUR,1000000.0
DLCG.TO,ejected_below_floor,215177.619111,2026-08-21|CAD,1000000.0
REP.DE,ejected_below_floor,422683.45755750005,2026-08-21|EUR,1000000.0
AKVA.OL,ejected_below_floor,65617.70418,2026-08-21|NOK,1000000.0
HMSB.DE,ejected_below_floor,7625.088986250001,2026-08-21|EUR,1000000.0
SNX.ST,ejected_below_floor,74500.18755,2026-08-21|SEK,1000000.0
KFI1.DE,ejected_below_floor,4228.2347436,2026-08-21|EUR,1000000.0
SDG.PA,ejected_below_floor,43714.84227,2026-08-21|EUR,1000000.0
0HDQ.L,ejected_below_floor,704.8036800000001,2026-08-21|EUR,1000000.0
STGO.TO,ejected_below_floor,513645.01139699994,2026-08-21|CAD,1000000.0
BEIA-B.ST,ejected_below_floor,991616.9235,2026-08-21|SEK,1000000.0
SOF-B.ST,ejected_below_floor,43456.122655,2026-08-21|SEK,1000000.0
F3A.DE,ejected_below_floor,185212.33848,2026-08-21|EUR,1000000.0
EQS.PA,ejected_below_floor,434615.2431375,2026-08-21|EUR,1000000.0
UU2.DE,ejected_below_floor,288482.3925,2026-08-21|EUR,1000000.0
THEP.PA,ejected_below_floor,381308.34675,2026-08-21|EUR,1000000.0
CEMX.TO,ejected_below_floor,27760.7931195,2026-08-21|CAD,1000000.0
0RUJ.L,ejected_below_floor,10548.748200000002,2026-08-21|EUR,1000000.0
039840.KQ,ejected_below_floor,213306.111280514,2026-08-21|KRW,1000000.0
0DZJ.L,ejected_below_floor,121.66254000000002,2026-08-21|EUR,1000000.0
BRM.DE,ejected_below_floor,111752.77651200001,2026-08-21|EUR,1000000.0
AUB.PA,ejected_below_floor,507691.71960000007,2026-08-21|EUR,1000000.0
0FNZ.L,ejected_below_floor,1510.75974,2026-08-21|EUR,1000000.0
FIV.DE,ejected_below_floor,124785.80036175002,2026-08-21|EUR,1000000.0
0IPY.L,ejected_below_floor,55531.258200000004,2026-08-21|EUR,1000000.0
0N0B.L,ejected_below_floor,603883.7285365984,2026-08-21|NOK,1000000.0
0R20.L,ejected_below_floor,315786.89322599996,2026-08-21|CAD,1000000.0
TAL.TO,ejected_below_floor,260891.48277500004,2026-08-21|CAD,1000000.0
PTAL.L,ejected_below_floor,177126.77217,2026-08-21|GBp,1000000.0
BWE.OL,ejected_below_floor,661929.662625,2026-08-21|NOK,1000000.0
ALCA.ST,ejected_below_floor,50147.35094,2026-08-21|SEK,1000000.0
0Q76.L,ejected_below_floor,1106.5697460000001,2026-08-21|EUR,1000000.0
MCAP.ST,ejected_below_floor,947744.1897,2026-08-21|SEK,1000000.0
BSD.PA,ejected_below_floor,54268.25187,2026-08-21|EUR,1000000.0
AEC1.DE,ejected_below_floor,69857.60496000001,2026-08-21|EUR,1000000.0
CINT,ejected_below_floor,649816.72,2026-08-21|USD,1000000.0
TII.DE,ejected_below_floor,365161.14061500004,2026-08-21|EUR,1000000.0
ULTP.L,ejected_below_floor,121135.29745000001,2026-08-21|GBp,1000000.0
0M3Q.L,ejected_below_floor,904731.012,2026-08-21|USD,1000000.0
M4I.DE,ejected_below_floor,397913.8850400001,2026-08-21|EUR,1000000.0
GIS.DE,ejected_below_floor,143390.49075000003,2026-08-21|EUR,1000000.0
003090.KS,ejected_below_floor,743374.9476987236,2026-08-21|KRW,1000000.0
0IP9.L,ejected_below_floor,386515.61,2026-08-21|USD,1000000.0
0IWU.L,ejected_below_floor,40931.287260000005,2026-08-21|EUR,1000000.0
FAA.DE,ejected_below_floor,139198.7268,2026-08-21|EUR,1000000.0
CPH.TO,ejected_below_floor,307182.00639,2026-08-21|CAD,1000000.0
KSB.DE,ejected_below_floor,165465.7158,2026-08-21|EUR,1000000.0
POLN.L,ejected_below_floor,861990.227175,2026-08-21|GBp,1000000.0
ALSTW.PA,ejected_below_floor,34494.36,2026-08-21|EUR,1000000.0
ALITL.PA,ejected_below_floor,27438.165750000004,2026-08-21|EUR,1000000.0
DR.TO,ejected_below_floor,381852.3360400001,2026-08-21|CAD,1000000.0
GPE.PA,ejected_below_floor,25866.108600000003,2026-08-21|EUR,1000000.0
ALDNX.PA,ejected_below_floor,28145.766270000004,2026-08-21|EUR,1000000.0
185.DE,ejected_below_floor,92187.692055,2026-08-21|EUR,1000000.0
0HPW.L,ejected_below_floor,628380.0,2026-08-21|USD,1000000.0
AINN.DE,ejected_below_floor,6616.414467000001,2026-08-21|EUR,1000000.0
LAS-A.TO,ejected_below_floor,226590.70560000002,2026-08-21|CAD,1000000.0
HP3A.DE,ejected_below_floor,6745.978080000001,2026-08-21|EUR,1000000.0
0RPZ.L,ejected_below_floor,284261.2374,2026-08-21|SEK,1000000.0
PMTA.DE,ejected_below_floor,2463.829584,2026-08-21|EUR,1000000.0
ALERS.PA,ejected_below_floor,29405.50962,2026-08-21|EUR,1000000.0
0R9T.L,ejected_below_floor,40275.77788500001,2026-08-21|EUR,1000000.0
690D.DE,ejected_below_floor,145428.02365050002,2026-08-21|EUR,1000000.0
DKUPL.PA,ejected_below_floor,33645.9852,2026-08-21|EUR,1000000.0
0LVJ.L,ejected_below_floor,16558.47,2026-08-21|USD,1000000.0
OZKAP,ejected_below_floor,391411.02,2026-08-21|USD,1000000.0
NTG.DE,ejected_below_floor,130841.41927500001,2026-08-21|EUR,1000000.0
016580.KS,ejected_below_floor,318612.8027432352,2026-08-21|KRW,1000000.0
ABSO.ST,ejected_below_floor,55458.905249999996,2026-08-21|SEK,1000000.0
SDG.L,ejected_below_floor,113231.81515800001,2026-08-21|GBp,1000000.0
TM5.DE,ejected_below_floor,196567.555494,2026-08-21|EUR,1000000.0
ODF.OL,ejected_below_floor,469319.59821599995,2026-08-21|NOK,1000000.0
016880.KS,ejected_below_floor,445508.3445020656,2026-08-21|KRW,1000000.0
MACF.L,ejected_below_floor,206946.37803125,2026-08-21|GBp,1000000.0
COMB.BR,ejected_below_floor,117117.67500000002,2026-08-21|EUR,1000000.0
CEN.PA,ejected_below_floor,91551.06135,2026-08-21|EUR,1000000.0
0RQO.L,ejected_below_floor,383283.517960047,2026-08-21|SEK,1000000.0
VTAS.L,ejected_below_floor,19176.612372,2026-08-21|GBp,1000000.0
0OPJ.L,ejected_below_floor,208990.326336,2026-08-21|EUR,1000000.0
FCMC.PA,ejected_below_floor,59992.21800000001,2026-08-21|EUR,1000000.0
ZOE.DE,ejected_below_floor,185248.76732100005,2026-08-21|EUR,1000000.0
DECB.BR,ejected_below_floor,237242.04622800002,2026-08-21|EUR,1000000.0
ALLEX.PA,ejected_below_floor,167139.15840000001,2026-08-21|EUR,1000000.0
TEL2-A.ST,ejected_below_floor,19342.7091,2026-08-21|SEK,1000000.0
CHEF.ST,ejected_below_floor,480856.4628,2026-08-21|SEK,1000000.0
MEDI.OL,ejected_below_floor,528229.1826000001,2026-08-21|NOK,1000000.0
ARC.L,ejected_below_floor,12550.582439250002,2026-08-21|GBp,1000000.0
CEVI.ST,ejected_below_floor,674208.04996,2026-08-21|SEK,1000000.0
UB5.DE,ejected_below_floor,5120.571207,2026-08-21|EUR,1000000.0
0HTF.L,ejected_below_floor,28890.780715251003,2026-08-21|NOK,1000000.0
0YG7.L,ejected_below_floor,27174.91875,2026-08-21|SEK,1000000.0
BERNER-B.ST,ejected_below_floor,333741.73935,2026-08-21|SEK,1000000.0
MRD.TO,ejected_below_floor,75559.24754,2026-08-21|CAD,1000000.0
SEC.TO,ejected_below_floor,47090.925,2026-08-21|CAD,1000000.0
035150.KS,ejected_below_floor,237964.5412061525,2026-08-21|KRW,1000000.0
OMV.DE,ejected_below_floor,568596.6979875,2026-08-21|EUR,1000000.0
COH.PA,ejected_below_floor,25071.922575,2026-08-21|EUR,1000000.0
ALMDG.PA,ejected_below_floor,64282.57056000001,2026-08-21|EUR,1000000.0
ORIA.PA,ejected_below_floor,6190.3392,2026-08-21|EUR,1000000.0
CAT1.DE,ejected_below_floor,885347.1602400001,2026-08-21|EUR,1000000.0
039570.KS,ejected_below_floor,113213.3625807584,2026-08-21|KRW,1000000.0
CSW-A.TO,ejected_below_floor,195038.183676,2026-08-21|CAD,1000000.0
CSW-B.TO,ejected_below_floor,57915.91981,2026-08-21|CAD,1000000.0
0HW4.L,ejected_below_floor,311092.25,2026-08-21|USD,1000000.0
0KXA.L,ejected_below_floor,253565.83000000002,2026-08-21|USD,1000000.0
0MDP.L,ejected_below_floor,16276.138799999999,2026-08-21|USD,1000000.0
CX.ST,ejected_below_floor,32536.1223,2026-08-21|SEK,1000000.0
SIMINN.IC,ejected_below_floor,366430.022672,2026-08-21|ISK,1000000.0
0QUS.L,ejected_below_floor,6207.5318099999995,2026-08-21|SEK,1000000.0
RNK.L,ejected_below_floor,645378.7757591001,2026-08-21|GBp,1000000.0
ACX.TO,ejected_below_floor,590926.15575,2026-08-21|CAD,1000000.0
NIVI-B.ST,ejected_below_floor,462185.12198999996,2026-08-21|SEK,1000000.0
HBANL,ejected_below_floor,548449.6,2026-08-21|USD,1000000.0
HBANM,ejected_below_floor,346919.04,2026-08-21|USD,1000000.0
0R23.L,ejected_below_floor,374003.08,2026-08-21|USD,1000000.0
ABCA.PA,ejected_below_floor,231355.397238,2026-08-21|EUR,1000000.0
014830.KS,ejected_below_floor,828993.603354226,2026-08-21|KRW,1000000.0
PSE.OL,ejected_below_floor,24545.874780000002,2026-08-21|NOK,1000000.0
005680.KS,ejected_below_floor,986380.9168358236,2026-08-21|KRW,1000000.0
ALFRE.PA,ejected_below_floor,41803.808112000006,2026-08-21|EUR,1000000.0
002960.KS,ejected_below_floor,728040.73193696,2026-08-21|KRW,1000000.0
CHR.TO,ejected_below_floor,949262.1138,2026-08-21|CAD,1000000.0
GENI.ST,ejected_below_floor,54170.978319999995,2026-08-21|SEK,1000000.0
HYSG.BR,ejected_below_floor,13271.0058,2026-08-21|EUR,1000000.0
015890.KS,ejected_below_floor,176155.0646890396,2026-08-21|KRW,1000000.0
CRON.TO,ejected_below_floor,554541.303834,2026-08-21|CAD,1000000.0
RDEB.DE,ejected_below_floor,82500.02097,2026-08-21|EUR,1000000.0
HOLM-A.ST,ejected_below_floor,148619.808,2026-08-21|SEK,1000000.0
QBR-A.TO,ejected_below_floor,24390.068010000003,2026-08-21|CAD,1000000.0
RWL.DE,ejected_below_floor,10910.589375000001,2026-08-21|EUR,1000000.0
CYB.TO,ejected_below_floor,425124.782425,2026-08-21|CAD,1000000.0
CBOT.PA,ejected_below_floor,56727.466668,2026-08-21|EUR,1000000.0
SFAB.ST,ejected_below_floor,233345.6475,2026-08-21|SEK,1000000.0
MIKO.BR,ejected_below_floor,20300.397,2026-08-21|EUR,1000000.0
GDP.L,ejected_below_floor,139066.606387,2026-08-21|GBp,1000000.0
002240.KS,ejected_below_floor,307255.0081669222,2026-08-21|KRW,1000000.0
ELF.TO,ejected_below_floor,465874.74296999996,2026-08-21|CAD,1000000.0
G5EN.ST,ejected_below_floor,120552.4326,2026-08-21|SEK,1000000.0
MOG-B,ejected_below_floor,111186.6,2026-08-21|USD,1000000.0
ALLHB.PA,ejected_below_floor,2155.8975,2026-08-21|EUR,1000000.0
0OCD.L,ejected_below_floor,2560.73853,2026-08-21|NOK,1000000.0
AAG.DE,ejected_below_floor,922561.68021,2026-08-21|EUR,1000000.0
FLK.L,ejected_below_floor,27356.05602625,2026-08-21|GBp,1000000.0
001380.KS,ejected_below_floor,62136.272670357495,2026-08-21|KRW,1000000.0
MMGR-B.ST,ejected_below_floor,491036.0284,2026-08-21|SEK,1000000.0
AKW.PA,ejected_below_floor,31474.518624000008,2026-08-21|EUR,1000000.0
CFW.TO,ejected_below_floor,504992.94703200005,2026-08-21|CAD,1000000.0
0QNA.L,ejected_below_floor,391843.5166025,2026-08-21|CHF,1000000.0
0F8V.L,ejected_below_floor,3703.645449,2026-08-21|EUR,1000000.0
123690.KS,ejected_below_floor,485075.3131414818,2026-08-21|KRW,1000000.0
NORAM.OL,ejected_below_floor,493866.2778210001,2026-08-21|NOK,1000000.0
0OJJ.L,ejected_below_floor,283.96083450000003,2026-08-21|EUR,1000000.0
066310.KQ,ejected_below_floor,648853.769519942,2026-08-21|KRW,1000000.0
TTR1.DE,ejected_below_floor,262332.63771000004,2026-08-21|EUR,1000000.0
VTA.AS,ejected_below_floor,69678.60720000001,2026-08-21|EUR,1000000.0
000700.KS,ejected_below_floor,189310.695033886,2026-08-21|KRW,1000000.0
090350.KS,ejected_below_floor,341175.3725598686,2026-08-21|KRW,1000000.0
090355.KS,ejected_below_floor,2788.3781324471997,2026-08-21|KRW,1000000.0
ALCIS.PA,ejected_below_floor,106143.80712000001,2026-08-21|EUR,1000000.0
ALI2S.PA,ejected_below_floor,621.1315500000001,2026-08-21|EUR,1000000.0
BILN.L,ejected_below_floor,116508.27253500001,2026-08-21|GBp,1000000.0
284740.KS,ejected_below_floor,262282.525230213,2026-08-21|KRW,1000000.0
0RP8.L,ejected_below_floor,126691.798969125,2026-08-21|CHF,1000000.0
0J72.L,ejected_below_floor,186114.355,2026-08-21|USD,1000000.0
OTL.OL,ejected_below_floor,282957.47613,2026-08-21|NOK,1000000.0
PERR.PA,ejected_below_floor,104242.88820000002,2026-08-21|EUR,1000000.0
0HS2.L,ejected_below_floor,843411.15,2026-08-21|USD,1000000.0
004700.KS,ejected_below_floor,117636.171152328,2026-08-21|KRW,1000000.0
W7L.L,ejected_below_floor,869086.5668410001,2026-08-21|GBp,1000000.0
4DS.DE,ejected_below_floor,80586.74934000002,2026-08-21|EUR,1000000.0
ENI.DE,ejected_below_floor,410608.089204,2026-08-21|EUR,1000000.0
ALATI.PA,ejected_below_floor,47626.456079999996,2026-08-21|EUR,1000000.0
CAMB.BR,ejected_below_floor,140958.4053,2026-08-21|EUR,1000000.0
034310.KS,ejected_below_floor,550152.5408601684,2026-08-21|KRW,1000000.0
GDC.TO,ejected_below_floor,4608.999927000001,2026-08-21|CAD,1000000.0
TBL.TO,ejected_below_floor,16324.103432,2026-08-21|CAD,1000000.0
00806K.KS,ejected_below_floor,52784.251314606896,2026-08-21|KRW,1000000.0
TRVG,ejected_below_floor,553302.34,2026-08-21|USD,1000000.0
CQD.DE,ejected_below_floor,20097.39303,2026-08-21|EUR,1000000.0
126560.KS,ejected_below_floor,193659.95670164324,2026-08-21|KRW,1000000.0
CPA.DE,ejected_below_floor,61029.14643000001,2026-08-21|EUR,1000000.0
ALFPC.PA,ejected_below_floor,170176.06050000002,2026-08-21|EUR,1000000.0
CONTX.OL,ejected_below_floor,5967.208632,2026-08-21|NOK,1000000.0
SCST.ST,ejected_below_floor,992441.9585,2026-08-21|SEK,1000000.0
ACCB.BR,ejected_below_floor,3163.1584497000003,2026-08-21|EUR,1000000.0
IXX.DE,ejected_below_floor,287781.6092775,2026-08-21|EUR,1000000.0
102260.KS,ejected_below_floor,313927.8276185267,2026-08-21|KRW,1000000.0
FGN,ejected_below_floor,783046.8,2026-08-21|USD,1000000.0
0QRA.L,ejected_below_floor,71070.46976,2026-08-21|SEK,1000000.0
KBL.TO,ejected_below_floor,369307.38579,2026-08-21|CAD,1000000.0
GLINT.LS,ejected_below_floor,17724.9735,2026-08-21|EUR,1000000.0
0M29.L,ejected_below_floor,229979.25,2026-08-21|USD,1000000.0
XY6.DE,ejected_below_floor,57557.405631,2026-08-21|EUR,1000000.0
STO3.DE,ejected_below_floor,251932.70470500004,2026-08-21|EUR,1000000.0
0VBE.L,ejected_below_floor,75065.68000000001,2026-08-21|USD,1000000.0
CBHD.DE,ejected_below_floor,132754.015002,2026-08-21|EUR,1000000.0
HAL.DE,ejected_below_floor,98978.44288200002,2026-08-21|EUR,1000000.0
TALK.ST,ejected_below_floor,17893.35908,2026-08-21|SEK,1000000.0
CLX.L,ejected_below_floor,101837.51307,2026-08-21|GBp,1000000.0
LOR.DE,ejected_below_floor,514181.2041450001,2026-08-21|EUR,1000000.0
LIN.PA,ejected_below_floor,44701.660650000005,2026-08-21|EUR,1000000.0
0EWR.L,ejected_below_floor,18769.476705,2026-08-21|EUR,1000000.0
ALLIGO-B.ST,ejected_below_floor,202877.97728,2026-08-21|SEK,1000000.0
NXR.L,ejected_below_floor,847264.80978,2026-08-21|GBp,1000000.0
0JMU.L,ejected_below_floor,123160.01475000002,2026-08-21|EUR,1000000.0
0IX0.L,ejected_below_floor,67356.99693000001,2026-08-21|EUR,1000000.0
0F2S.L,ejected_below_floor,201.37248000000002,2026-08-21|EUR,1000000.0
VTA.L,ejected_below_floor,23831.582302500003,2026-08-21|EUR,1000000.0
0KFZ.L,ejected_below_floor,671162.71,2026-08-21|USD,1000000.0
CDS.DE,ejected_below_floor,74072.44284,2026-08-21|EUR,1000000.0
MRE.TO,ejected_below_floor,543519.77568,2026-08-21|CAD,1000000.0
001560.KS,ejected_below_floor,21575.6175831261,2026-08-21|KRW,1000000.0
0HDU.L,ejected_below_floor,4615.993305,2026-08-21|NOK,1000000.0
SPA.BR,ejected_below_floor,33063.3102,2026-08-21|EUR,1000000.0
NITRO.ST,ejected_below_floor,8887.92864,2026-08-21|SEK,1000000.0
ARJO-B.ST,ejected_below_floor,950017.8810599999,2026-08-21|SEK,1000000.0
ITECH.ST,ejected_below_floor,97435.2672,2026-08-21|SEK,1000000.0
0OG6.L,ejected_below_floor,29870.251200000002,2026-08-21|EUR,1000000.0
ALNXT.PA,ejected_below_floor,10200.9098706,2026-08-21|EUR,1000000.0
ENEA.ST,ejected_below_floor,292346.66448,2026-08-21|SEK,1000000.0
0QNN.L,ejected_below_floor,485311.24999999994,2026-08-21|CHF,1000000.0
CENER.BR,ejected_below_floor,502179.707328,2026-08-21|EUR,1000000.0
VWSB.DE,ejected_below_floor,914705.4149175,2026-08-21|EUR,1000000.0
0QS5.L,ejected_below_floor,320977.06865624996,2026-08-21|CHF,1000000.0
0QY4.L,ejected_below_floor,168872.61,2026-08-21|USD,1000000.0
0K10.L,ejected_below_floor,89209.28,2026-08-21|USD,1000000.0
ALNSE.PA,ejected_below_floor,16743.28266,2026-08-21|EUR,1000000.0
NXQ.L,ejected_below_floor,28668.247443,2026-08-21|GBp,1000000.0
MSON-A.ST,ejected_below_floor,160.42464,2026-08-21|SEK,1000000.0
MSON-B.ST,ejected_below_floor,212550.036,2026-08-21|SEK,1000000.0
VAS.DE,ejected_below_floor,84895.654272,2026-08-21|EUR,1000000.0
OPC.DE,ejected_below_floor,425286.138594,2026-08-21|EUR,1000000.0
SWP.PA,ejected_below_floor,763175.9449650001,2026-08-21|EUR,1000000.0
0DTK.L,ejected_below_floor,1742.1982500000001,2026-08-21|EUR,1000000.0
CBSM.PA,ejected_below_floor,1984.3579800000002,2026-08-21|EUR,1000000.0
NWF.L,ejected_below_floor,223735.519784,2026-08-21|GBp,1000000.0
PREVA.AS,ejected_below_floor,1615.757775,2026-08-21|EUR,1000000.0
0NZY.L,ejected_below_floor,458300.64393600007,2026-08-21|EUR,1000000.0
0MN5.L,ejected_below_floor,28796.26464,2026-08-21|EUR,1000000.0
NFN.DE,ejected_below_floor,15105.03363,2026-08-21|EUR,1000000.0
0IF3.L,ejected_below_floor,97922.56,2026-08-21|USD,1000000.0
1U1.DE,ejected_below_floor,780043.9783425002,2026-08-21|EUR,1000000.0
FTLF,ejected_below_floor,259187.34,2026-08-21|USD,1000000.0
2X0.DE,ejected_below_floor,5129.649283500001,2026-08-21|EUR,1000000.0
BETCO.ST,ejected_below_floor,904576.40364,2026-08-21|SEK,1000000.0
006140.KQ,ejected_below_floor,192497.5631358773,2026-08-21|KRW,1000000.0
004360.KS,ejected_below_floor,323332.0835584947,2026-08-21|KRW,1000000.0
004365.KS,ejected_below_floor,23499.5720943638,2026-08-21|KRW,1000000.0
GLO.PA,ejected_below_floor,365089.00545000006,2026-08-21|EUR,1000000.0
CBE.PA,ejected_below_floor,14907.972945,2026-08-21|EUR,1000000.0
RBT.PA,ejected_below_floor,916023.3675,2026-08-21|EUR,1000000.0
EXPL.PA,ejected_below_floor,65131.41150000001,2026-08-21|EUR,1000000.0
0R13.L,ejected_below_floor,299000.4,2026-08-21|USD,1000000.0
SYK.DE,ejected_below_floor,113477.4129375,2026-08-21|EUR,1000000.0
0RP0.L,ejected_below_floor,17890.499814,2026-08-21|EUR,1000000.0
0QPR.L,ejected_below_floor,9592.9213774375,2026-08-21|CHF,1000000.0
KAPIAB.ST,ejected_below_floor,43012.3852,2026-08-21|SEK,1000000.0
TGHN.DE,ejected_below_floor,26942.892000000003,2026-08-21|EUR,1000000.0
0J71.L,ejected_below_floor,258152.87,2026-08-21|USD,1000000.0
GOB.DE,ejected_below_floor,179758.73355,2026-08-21|EUR,1000000.0
SCHP.PA,ejected_below_floor,375711.75337500003,2026-08-21|EUR,1000000.0
6MK.DE,ejected_below_floor,269268.38138400007,2026-08-21|EUR,1000000.0
SELER.PA,ejected_below_floor,1102.4211,2026-08-21|EUR,1000000.0
003650.KS,ejected_below_floor,368122.39820142597,2026-08-21|KRW,1000000.0
CIT.DE,ejected_below_floor,19743.383007000004,2026-08-21|EUR,1000000.0
PDV.TO,ejected_below_floor,18348.096648,2026-08-21|CAD,1000000.0
TENG.L,ejected_below_floor,188415.28668975,2026-08-21|GBp,1000000.0
ALGIR.PA,ejected_below_floor,4549.75947,2026-08-21|EUR,1000000.0
ACFN,ejected_below_floor,398038.41,2026-08-21|USD,1000000.0
GLV.L,ejected_below_floor,241329.67450200004,2026-08-21|EUR,1000000.0
LCR.DE,ejected_below_floor,1030.6355400000002,2026-08-21|EUR,1000000.0
0QZ2.L,ejected_below_floor,109653.10610800002,2026-08-21|CAD,1000000.0
ASG.DE,ejected_below_floor,40648.701538500005,2026-08-21|EUR,1000000.0
DLX.DE,ejected_below_floor,10941.797448000001,2026-08-21|EUR,1000000.0
VIVA.ST,ejected_below_floor,721057.3629,2026-08-21|SEK,1000000.0
FC.TO,ejected_below_floor,506804.183088,2026-08-21|CAD,1000000.0
LIV.L,ejected_below_floor,1930.3005436,2026-08-21|GBp,1000000.0
PRU.DE,ejected_below_floor,97353.68277825,2026-08-21|EUR,1000000.0
SECARE.ST,ejected_below_floor,592712.5430399999,2026-08-21|SEK,1000000.0
TCS.TO,ejected_below_floor,173612.152,2026-08-21|CAD,1000000.0
WYN.L,ejected_below_floor,133809.95475,2026-08-21|GBp,1000000.0
0G5B.L,ejected_below_floor,74564.91975,2026-08-21|EUR,1000000.0
MEQ.TO,ejected_below_floor,932927.156,2026-08-21|CAD,1000000.0
SAVE.PA,ejected_below_floor,86245.2228,2026-08-21|EUR,1000000.0
0HYJ.L,ejected_below_floor,227622.26,2026-08-21|USD,1000000.0
002350.KS,ejected_below_floor,583337.7335793279,2026-08-21|KRW,1000000.0
002355.KS,ejected_below_floor,35053.4965827022,2026-08-21|KRW,1000000.0
LIK.DE,ejected_below_floor,84429.60750000001,2026-08-21|EUR,1000000.0
AXR,ejected_below_floor,233519.0,2026-08-21|USD,1000000.0
002690.KS,ejected_below_floor,80848.24848213876,2026-08-21|KRW,1000000.0
RET.BR,ejected_below_floor,868437.4656,2026-08-21|EUR,1000000.0
091700.KQ,ejected_below_floor,798291.9395528752,2026-08-21|KRW,1000000.0
BP-A.L,ejected_below_floor,10898.308566250002,2026-08-21|GBp,1000000.0
BP-B.L,ejected_below_floor,6548.5502775,2026-08-21|GBp,1000000.0
SWA.DE,ejected_below_floor,27277.056112500002,2026-08-21|EUR,1000000.0
151860.KQ,ejected_below_floor,598875.1072053674,2026-08-21|KRW,1000000.0
0QPF.L,ejected_below_floor,1484.8136249999998,2026-08-21|CHF,1000000.0
TVA-B.TO,ejected_below_floor,32959.642065,2026-08-21|CAD,1000000.0
CH1A.DE,ejected_below_floor,10196.159904000002,2026-08-21|EUR,1000000.0
CXU.DE,ejected_below_floor,16274.811960000003,2026-08-21|EUR,1000000.0
EC.PA,ejected_below_floor,256769.72295000002,2026-08-21|EUR,1000000.0
0IUV.L,ejected_below_floor,1041.8229000000001,2026-08-21|EUR,1000000.0
ALBLD.PA,ejected_below_floor,110676.20287500002,2026-08-21|EUR,1000000.0
BAIN.PA,ejected_below_floor,90069.9015,2026-08-21|EUR,1000000.0
DEDI.ST,ejected_below_floor,72279.28792,2026-08-21|SEK,1000000.0
FVA.L,ejected_below_floor,82025.91695500001,2026-08-21|GBp,1000000.0
IGE.L,ejected_below_floor,9356.181299400001,2026-08-21|GBp,1000000.0
208140.KQ,ejected_below_floor,86041.22488353039,2026-08-21|KRW,1000000.0
0HDK.L,ejected_below_floor,13943.0915,2026-08-21|SEK,1000000.0
BEK-B.TO,ejected_below_floor,4751.903744,2026-08-21|CAD,1000000.0
GUD.TO,ejected_below_floor,690476.4145020001,2026-08-21|CAD,1000000.0
RUG.ST,ejected_below_floor,213957.2199,2026-08-21|SEK,1000000.0
SFPI.PA,ejected_below_floor,70371.2562795,2026-08-21|EUR,1000000.0
MUM.DE,ejected_below_floor,508507.4646000001,2026-08-21|EUR,1000000.0
FMM-B.ST,ejected_below_floor,148479.4995,2026-08-21|SEK,1000000.0
OEWA.DE,ejected_below_floor,55156.6564425,2026-08-21|EUR,1000000.0
ADW-A.TO,ejected_below_floor,848661.464,2026-08-21|CAD,1000000.0
ADW-B.TO,ejected_below_floor,26492.1636,2026-08-21|CAD,1000000.0
0IZM.L,ejected_below_floor,25236.9458145,2026-08-21|NOK,1000000.0
FLUX.BR,ejected_below_floor,63524.62692000001,2026-08-21|EUR,1000000.0
OPTER.ST,ejected_below_floor,24075.046799999996,2026-08-21|SEK,1000000.0
PREV-B.ST,ejected_below_floor,176859.2321,2026-08-21|SEK,1000000.0
HOLCO.AS,ejected_below_floor,22321.1139,2026-08-21|EUR,1000000.0
SKF-A.ST,ejected_below_floor,171674.17614999998,2026-08-21|SEK,1000000.0
ALEXA.PA,ejected_below_floor,3542.664,2026-08-21|EUR,1000000.0
Y.TO,ejected_below_floor,30401.90118,2026-08-21|CAD,1000000.0
008700.KS,ejected_below_floor,917522.519531,2026-08-21|KRW,1000000.0
MSN.DE,ejected_below_floor,8419.42068,2026-08-21|EUR,1000000.0
0HQW.L,ejected_below_floor,230453.55000000002,2026-08-21|USD,1000000.0
ILM1.DE,ejected_below_floor,423022.259763,2026-08-21|EUR,1000000.0
EG7.ST,ejected_below_floor,319820.229084,2026-08-21|SEK,1000000.0
0HJH.L,ejected_below_floor,12611.87,2026-08-21|USD,1000000.0
DNG.TO,ejected_below_floor,564704.939981,2026-08-21|CAD,1000000.0
IBS.LS,ejected_below_floor,588204.2944125001,2026-08-21|EUR,1000000.0
LEI.DE,ejected_below_floor,83782.255575,2026-08-21|EUR,1000000.0
BIRG.DE,ejected_below_floor,94958.591364,2026-08-21|EUR,1000000.0
CAG.ST,ejected_below_floor,45938.3692,2026-08-21|SEK,1000000.0
CHH.L,ejected_below_floor,253536.65480000002,2026-08-21|GBp,1000000.0
083420.KS,ejected_below_floor,258297.30641206919,2026-08-21|KRW,1000000.0
48Z.DE,ejected_below_floor,64922.697315000005,2026-08-21|EUR,1000000.0
0LOZ.L,ejected_below_floor,228033.86,2026-08-21|USD,1000000.0
0RPY.L,ejected_below_floor,87197.88765599,2026-08-21|SEK,1000000.0
ALTUV.PA,ejected_below_floor,25806.489294000003,2026-08-21|EUR,1000000.0
0KBK.L,ejected_below_floor,187519.44,2026-08-21|USD,1000000.0
POLYG.ST,ejected_below_floor,3751.9333699999997,2026-08-21|SEK,1000000.0
018500.KS,ejected_below_floor,163832.97196472375,2026-08-21|KRW,1000000.0
CTC.TO,ejected_below_floor,59081.2488,2026-08-21|CAD,1000000.0
WEHB.BR,ejected_below_floor,82567.61127000001,2026-08-21|EUR,1000000.0
MCB.TO,ejected_below_floor,123744.88318500001,2026-08-21|CAD,1000000.0
RBY.TO,ejected_below_floor,395606.3503,2026-08-21|CAD,1000000.0
VRLA.PA,ejected_below_floor,568016.458569,2026-08-21|EUR,1000000.0
0KIZ.L,ejected_below_floor,224447.0012875,2026-08-21|SEK,1000000.0
GLW.DE,ejected_below_floor,795246.7731840002,2026-08-21|EUR,1000000.0
PHI1.DE,ejected_below_floor,232932.79169100002,2026-08-21|EUR,1000000.0
PER.DE,ejected_below_floor,151058.913276,2026-08-21|EUR,1000000.0
CLEM.ST,ejected_below_floor,7552.5953039999995,2026-08-21|SEK,1000000.0
PSD.TO,ejected_below_floor,57146.551525,2026-08-21|CAD,1000000.0
0SGO.L,ejected_below_floor,334005.125,2026-08-21|USD,1000000.0
AHOG.DE,ejected_below_floor,112604.76389700001,2026-08-21|EUR,1000000.0
HSD.L,ejected_below_floor,25680.171831000003,2026-08-21|GBp,1000000.0
TESB.BR,ejected_below_floor,346045.671495,2026-08-21|EUR,1000000.0
SVN.IC,ejected_below_floor,381127.165452,2026-08-21|ISK,1000000.0
NNH.ST,ejected_below_floor,18096.38075,2026-08-21|SEK,1000000.0
003535.KS,ejected_below_floor,98177.1639066777,2026-08-21|KRW,1000000.0
0OGG.L,ejected_below_floor,21507.671631600006,2026-08-21|EUR,1000000.0
068290.KS,ejected_below_floor,109733.0684063312,2026-08-21|KRW,1000000.0
ALPAS.PA,ejected_below_floor,4248.399960000001,2026-08-21|EUR,1000000.0
BUR.PA,ejected_below_floor,53667.86355,2026-08-21|EUR,1000000.0
5UR.DE,ejected_below_floor,158486.66772,2026-08-21|EUR,1000000.0
BOUV.OL,ejected_below_floor,738626.9043195001,2026-08-21|NOK,1000000.0
0LO3.L,ejected_below_floor,297259.51,2026-08-21|USD,1000000.0
KNOW.ST,ejected_below_floor,453383.14413,2026-08-21|SEK,1000000.0
VEE.DE,ejected_below_floor,78372.70087500001,2026-08-21|EUR,1000000.0
006805.KS,ejected_below_floor,763615.8708413322,2026-08-21|KRW,1000000.0
NELLY.ST,ejected_below_floor,748258.2939,2026-08-21|SEK,1000000.0
VRS.DE,ejected_below_floor,4772.457855000001,2026-08-21|EUR,1000000.0
004720.KS,ejected_below_floor,103170.91925749999,2026-08-21|KRW,1000000.0
HFPC-U.TO,ejected_below_floor,38798.68,2026-08-21|USD,1000000.0
EBO.DE,ejected_below_floor,115395.87037500001,2026-08-21|EUR,1000000.0
MLB1.DE,ejected_below_floor,421957.15317,2026-08-21|EUR,1000000.0
NTEK-B.ST,ejected_below_floor,57048.45866999999,2026-08-21|SEK,1000000.0
WSTEP.OL,ejected_below_floor,21732.0724425,2026-08-21|NOK,1000000.0
RING.OL,ejected_below_floor,34393.520322000004,2026-08-21|NOK,1000000.0
OBS.DE,ejected_below_floor,3384.9222240000004,2026-08-21|EUR,1000000.0
0RRC.L,ejected_below_floor,8325.353628,2026-08-21|EUR,1000000.0
WIL.L,ejected_below_floor,466600.744015,2026-08-21|GBp,1000000.0
SBT.PA,ejected_below_floor,40467.058434,2026-08-21|EUR,1000000.0
0JZS.L,ejected_below_floor,364372.38,2026-08-21|USD,1000000.0
INISS-B.ST,ejected_below_floor,138573.6143,2026-08-21|SEK,1000000.0
OGUN-B.ST,ejected_below_floor,20233.0112,2026-08-21|SEK,1000000.0
0QB4.L,ejected_below_floor,113190.32896500002,2026-08-21|EUR,1000000.0
0J66.L,ejected_below_floor,137237.1,2026-08-21|USD,1000000.0
SAMS.PA,ejected_below_floor,33979.2753,2026-08-21|EUR,1000000.0
0O2W.L,ejected_below_floor,94376.56896000002,2026-08-21|EUR,1000000.0
ALPDX.PA,ejected_below_floor,28257.173730000002,2026-08-21|EUR,1000000.0
PAT.DE,ejected_below_floor,902395.881135,2026-08-21|EUR,1000000.0
PROF-B.ST,ejected_below_floor,25200.6678,2026-08-21|SEK,1000000.0
ARBB.L,ejected_below_floor,253993.4972,2026-08-21|GBp,1000000.0
0IQE.L,ejected_below_floor,13048.199999999999,2026-08-21|USD,1000000.0
MFX.L,ejected_below_floor,16098.473544,2026-08-21|GBp,1000000.0
0RS2.L,ejected_below_floor,45550.90946250001,2026-08-21|EUR,1000000.0
0GOX.L,ejected_below_floor,189187.6386675,2026-08-21|EUR,1000000.0
0RG7.L,ejected_below_floor,17976.8515625,2026-08-21|CHF,1000000.0
PAY.BR,ejected_below_floor,36871.674000000006,2026-08-21|EUR,1000000.0
RPL.DE,ejected_below_floor,11985.904434,2026-08-21|EUR,1000000.0
SWEC-A.ST,ejected_below_floor,18807.0144,2026-08-21|SEK,1000000.0
UPAB.DE,ejected_below_floor,128829.89698650001,2026-08-21|EUR,1000000.0
WSU.DE,ejected_below_floor,196045.54861500004,2026-08-21|EUR,1000000.0
0O80.L,ejected_below_floor,2747.8953,2026-08-21|EUR,1000000.0
097870.KQ,ejected_below_floor,146363.6041111727,2026-08-21|KRW,1000000.0
MKC-V,ejected_below_floor,262890.6,2026-08-21|USD,1000000.0
REACH.OL,ejected_below_floor,177440.73354000002,2026-08-21|NOK,1000000.0
BYGGP.ST,ejected_below_floor,175799.24605,2026-08-21|SEK,1000000.0
VIO.BR,ejected_below_floor,104427.01349999999,2026-08-21|EUR,1000000.0
002030.KS,ejected_below_floor,746675.539527531,2026-08-21|KRW,1000000.0
ALC.TO,ejected_below_floor,96447.41064000002,2026-08-21|CAD,1000000.0
0I6K.L,ejected_below_floor,295284.528,2026-08-21|USD,1000000.0
0R08.L,ejected_below_floor,894425.4,2026-08-21|USD,1000000.0
MMM.DE,ejected_below_floor,170311.2411,2026-08-21|EUR,1000000.0
0JXQ.L,ejected_below_floor,93748.04999999999,2026-08-21|USD,1000000.0
ALCAT.PA,ejected_below_floor,96741.57220260001,2026-08-21|EUR,1000000.0
EIM.IC,ejected_below_floor,181271.371352,2026-08-21|ISK,1000000.0
0O0E.L,ejected_below_floor,524.3760355500001,2026-08-21|EUR,1000000.0
037270.KS,ejected_below_floor,758730.3416034913,2026-08-21|KRW,1000000.0
PRG.DE,ejected_below_floor,572484.48039,2026-08-21|EUR,1000000.0
ENJ,ejected_below_floor,32471.0,2026-08-21|USD,1000000.0
ENO,ejected_below_floor,154888.83,2026-08-21|USD,1000000.0
LNA.PA,ejected_below_floor,155098.06299,2026-08-21|EUR,1000000.0
0O33.L,ejected_below_floor,328.62870000000004,2026-08-21|EUR,1000000.0
0QQA.L,ejected_below_floor,17295.587499999998,2026-08-21|CHF,1000000.0
O4B.DE,ejected_below_floor,2170.34784,2026-08-21|EUR,1000000.0
CVG.TO,ejected_below_floor,29641.676834,2026-08-21|CAD,1000000.0
BRNL.AS,ejected_below_floor,718275.265842,2026-08-21|EUR,1000000.0
0JQZ.L,ejected_below_floor,177953.75,2026-08-21|USD,1000000.0
CRAD-B.ST,ejected_below_floor,65998.14407,2026-08-21|SEK,1000000.0
JIN.OL,ejected_below_floor,33249.316716,2026-08-21|NOK,1000000.0
PRH,ejected_below_floor,978040.79,2026-08-21|USD,1000000.0
XANO-B.ST,ejected_below_floor,52517.50308,2026-08-21|SEK,1000000.0
FTE.DE,ejected_below_floor,84899.03378700002,2026-08-21|EUR,1000000.0
DXT.TO,ejected_below_floor,422611.815808,2026-08-21|CAD,1000000.0
0UKI.L,ejected_below_floor,146246.44272,2026-08-21|CAD,1000000.0
KABE-B.ST,ejected_below_floor,96329.405,2026-08-21|SEK,1000000.0
TCBIO,ejected_below_floor,314786.49,2026-08-21|USD,1000000.0
UNI.TO,ejected_below_floor,8848.807002,2026-08-21|CAD,1000000.0
TEQ.ST,ejected_below_floor,224927.62096,2026-08-21|SEK,1000000.0
ALNSC.PA,ejected_below_floor,497.60445000000004,2026-08-21|EUR,1000000.0
REITIR.IC,ejected_below_floor,774781.4157759999,2026-08-21|ISK,1000000.0
0I35.L,ejected_below_floor,309316.7,2026-08-21|USD,1000000.0
001790.KS,ejected_below_floor,932896.9636105673,2026-08-21|KRW,1000000.0
001795.KS,ejected_below_floor,139491.79714879498,2026-08-21|KRW,1000000.0
FPMB.DE,ejected_below_floor,536733.4069500001,2026-08-21|EUR,1000000.0
029460.KS,ejected_below_floor,991114.899053778,2026-08-21|KRW,1000000.0
AXA.DE,ejected_below_floor,956691.9848700002,2026-08-21|EUR,1000000.0
RNL.DE,ejected_below_floor,300218.39928,2026-08-21|EUR,1000000.0
KWG.DE,ejected_below_floor,11216.167452,2026-08-21|EUR,1000000.0
0RVA.L,ejected_below_floor,67843.57716900001,2026-08-21|EUR,1000000.0
081580.KQ,ejected_below_floor,106604.026788645,2026-08-21|KRW,1000000.0
084010.KS,ejected_below_floor,218935.50828579298,2026-08-21|KRW,1000000.0
0QOW.L,ejected_below_floor,172943.1,2026-08-21|USD,1000000.0
0R86.L,ejected_below_floor,32589.6182,2026-08-21|SEK,1000000.0
CEDER.ST,ejected_below_floor,67886.42322,2026-08-21|SEK,1000000.0
ENGCON-B.ST,ejected_below_floor,894444.6165,2026-08-21|SEK,1000000.0
0J46.L,ejected_below_floor,174834.0,2026-08-21|USD,1000000.0
ASCE.BR,ejected_below_floor,219483.767025,2026-08-21|EUR,1000000.0
MXG.TO,ejected_below_floor,31432.055759999996,2026-08-21|CAD,1000000.0
ALTRI.PA,ejected_below_floor,4565.165397000001,2026-08-21|EUR,1000000.0
RAY.TO,ejected_below_floor,435596.339094,2026-08-21|CAD,1000000.0
ALMGI.PA,ejected_below_floor,1299.5750130000001,2026-08-21|EUR,1000000.0
TEXF.BR,ejected_below_floor,10424.28882,2026-08-21|EUR,1000000.0
016610.KS,ejected_below_floor,651340.7942819042,2026-08-21|KRW,1000000.0
0JZ1.L,ejected_below_floor,101373.72,2026-08-21|USD,1000000.0
HMI.DE,ejected_below_floor,702521.9247000001,2026-08-21|EUR,1000000.0
VALUE.AS,ejected_below_floor,14134.53015,2026-08-21|EUR,1000000.0
KMY.DE,ejected_below_floor,122092.157931,2026-08-21|EUR,1000000.0
BWO.OL,ejected_below_floor,340431.93949799996,2026-08-21|NOK,1000000.0
HDL,ejected_below_floor,11438.0,2026-08-21|USD,1000000.0
ALDEL.PA,ejected_below_floor,33735.48408000001,2026-08-21|EUR,1000000.0
JCSE,ejected_below_floor,38044.5425,2026-08-21|USD,1000000.0
0KU1.L,ejected_below_floor,635973.47,2026-08-21|USD,1000000.0
2HP.DE,ejected_below_floor,494353.07688600005,2026-08-21|EUR,1000000.0
FIRE.ST,ejected_below_floor,28854.154,2026-08-21|SEK,1000000.0
0OR2.L,ejected_below_floor,6238.934295,2026-08-21|EUR,1000000.0
WEB.BR,ejected_below_floor,23931.511065000002,2026-08-21|EUR,1000000.0
145720.KS,ejected_below_floor,694319.326043632,2026-08-21|KRW,1000000.0
NRP.AS,ejected_below_floor,45988.44012,2026-08-21|EUR,1000000.0
2HRA.DE,ejected_below_floor,61464.52119000001,2026-08-21|EUR,1000000.0
0QO9.L,ejected_below_floor,42234.018749999996,2026-08-21|CHF,1000000.0
IAM.PA,ejected_below_floor,2087.8177530000003,2026-08-21|EUR,1000000.0
KEQU,ejected_below_floor,178825.68,2026-08-21|USD,1000000.0
IDIP.PA,ejected_below_floor,32516.761050000005,2026-08-21|EUR,1000000.0
0F2Z.L,ejected_below_floor,57856.13145000001,2026-08-21|EUR,1000000.0
085310.KS,ejected_below_floor,184125.458808595,2026-08-21|KRW,1000000.0
081000.KS,ejected_below_floor,259031.825334873,2026-08-21|KRW,1000000.0
0LS8.L,ejected_below_floor,64338.75,2026-08-21|USD,1000000.0
GREEN.ST,ejected_below_floor,224464.271845,2026-08-21|SEK,1000000.0
ACRI-A.ST,ejected_below_floor,4052.2356,2026-08-21|SEK,1000000.0
ACRI-B.ST,ejected_below_floor,28069.544664,2026-08-21|SEK,1000000.0
SMCP.PA,ejected_below_floor,707277.205296,2026-08-21|EUR,1000000.0
ALQWA.PA,ejected_below_floor,1424.6403750000002,2026-08-21|EUR,1000000.0
0VFA.L,ejected_below_floor,26382.205388,2026-08-21|CAD,1000000.0
LSS.PA,ejected_below_floor,935761.83273,2026-08-21|EUR,1000000.0
SCA-A.ST,ejected_below_floor,168736.84135,2026-08-21|SEK,1000000.0
0IP1.L,ejected_below_floor,7114.112145,2026-08-21|EUR,1000000.0
BLC.PA,ejected_below_floor,64675.75965000001,2026-08-21|EUR,1000000.0
AO.L,ejected_below_floor,801878.7736566002,2026-08-21|GBp,1000000.0
ODET.PA,ejected_below_floor,632015.9190000001,2026-08-21|EUR,1000000.0
0K8M.L,ejected_below_floor,982569.6,2026-08-21|USD,1000000.0
UBCP,ejected_below_floor,129074.22,2026-08-21|USD,1000000.0
PHAR.L,ejected_below_floor,338153.6050933,2026-08-21|GBp,1000000.0
ALPRI.PA,ejected_below_floor,7236.8235,2026-08-21|EUR,1000000.0
BORG.ST,ejected_below_floor,99744.57695,2026-08-21|SEK,1000000.0
STF.PA,ejected_below_floor,327928.32465,2026-08-21|EUR,1000000.0
EXE.PA,ejected_below_floor,47822.6427525,2026-08-21|EUR,1000000.0
BIG.PA,ejected_below_floor,13745.53632,2026-08-21|EUR,1000000.0
OLY.TO,ejected_below_floor,196735.42,2026-08-21|CAD,1000000.0
TMI.L,ejected_below_floor,9643.140000000001,2026-08-21|USD,1000000.0
0NY3.L,ejected_below_floor,7654.951080000001,2026-08-21|EUR,1000000.0
060380.KQ,ejected_below_floor,34122.20660135192,2026-08-21|KRW,1000000.0
SJOVA.IC,ejected_below_floor,365021.5994177999,2026-08-21|ISK,1000000.0
BSN.DE,ejected_below_floor,235252.25771700006,2026-08-21|EUR,1000000.0
VSSAB-B.ST,ejected_below_floor,13445.0226,2026-08-21|SEK,1000000.0
SFAST.ST,ejected_below_floor,116701.47401,2026-08-21|SEK,1000000.0
EAST.ST,ejected_below_floor,389573.89674,2026-08-21|SEK,1000000.0
JAG.TO,ejected_below_floor,836989.3232959999,2026-08-21|CAD,1000000.0
NFS.DE,ejected_below_floor,6990.934650000001,2026-08-21|EUR,1000000.0
ZAL.OL,ejected_below_floor,62744.157,2026-08-21|NOK,1000000.0
MLHK.PA,ejected_below_floor,55440.01129500001,2026-08-21|EUR,1000000.0
QDT.PA,ejected_below_floor,996511.52823,2026-08-21|EUR,1000000.0
MKZ-UN.TO,ejected_below_floor,1567.597353,2026-08-21|CAD,1000000.0
0KRX.L,ejected_below_floor,332010.612,2026-08-21|USD,1000000.0
005305.KS,ejected_below_floor,82317.70118726,2026-08-21|KRW,1000000.0
PACT.ST,ejected_below_floor,689585.18892,2026-08-21|SEK,1000000.0
AIL.DE,ejected_below_floor,185616.761544,2026-08-21|EUR,1000000.0
SPOL.OL,ejected_below_floor,741022.5431952,2026-08-21|NOK,1000000.0
EXS.ST,ejected_below_floor,90186.7304,2026-08-21|SEK,1000000.0
VP.L,ejected_below_floor,157893.2040595,2026-08-21|GBp,1000000.0
008420.KS,ejected_below_floor,502406.1200933137,2026-08-21|KRW,1000000.0
DBM.TO,ejected_below_floor,905037.4564350001,2026-08-21|CAD,1000000.0
ALAUD.PA,ejected_below_floor,30673.41042,2026-08-21|EUR,1000000.0
ERAG.DE,ejected_below_floor,87322.23927,2026-08-21|EUR,1000000.0
E4C.DE,ejected_below_floor,3491.62167,2026-08-21|EUR,1000000.0
MEKO.ST,ejected_below_floor,609367.0673999999,2026-08-21|SEK,1000000.0
CFEB.BR,ejected_below_floor,65469.24646500001,2026-08-21|EUR,1000000.0
MA10.DE,ejected_below_floor,14163.547365,2026-08-21|EUR,1000000.0
FREY.PA,ejected_below_floor,18523.47132,2026-08-21|EUR,1000000.0
MPN.DE,ejected_below_floor,29584.973520000003,2026-08-21|EUR,1000000.0
VOXR.TO,ejected_below_floor,117304.33856399999,2026-08-21|CAD,1000000.0
0RGB.L,ejected_below_floor,7306.63608,2026-08-21|SEK,1000000.0
ELON.ST,ejected_below_floor,5946.7681999999995,2026-08-21|SEK,1000000.0
ALRFG.PA,ejected_below_floor,2557.2440400000005,2026-08-21|EUR,1000000.0
ALHEX.PA,ejected_below_floor,108199.601055,2026-08-21|EUR,1000000.0
0DLI.L,ejected_below_floor,29639.5119,2026-08-21|EUR,1000000.0
P4O.DE,ejected_below_floor,203771.46951000002,2026-08-21|EUR,1000000.0
0S9E.L,ejected_below_floor,264.74842800000005,2026-08-21|CAD,1000000.0
0R8X.L,ejected_below_floor,18718.4375,2026-08-21|CHF,1000000.0
ALFLE.PA,ejected_below_floor,35979.015900000006,2026-08-21|EUR,1000000.0
PION-B.ST,ejected_below_floor,6512.609783999999,2026-08-21|SEK,1000000.0
001685.KS,ejected_below_floor,44060.6405829791,2026-08-21|KRW,1000000.0
BASS.PA,ejected_below_floor,69550.41870000001,2026-08-21|EUR,1000000.0
VVD.DE,ejected_below_floor,160900.92331500002,2026-08-21|EUR,1000000.0
066670.KQ,ejected_below_floor,64948.505224839,2026-08-21|KRW,1000000.0
PPX.DE,ejected_below_floor,180334.299915,2026-08-21|EUR,1000000.0
CTAC.AS,ejected_below_floor,3916.1586750000006,2026-08-21|EUR,1000000.0
FC9.DE,ejected_below_floor,4405.023,2026-08-21|EUR,1000000.0
PCE1.DE,ejected_below_floor,300710.992725,2026-08-21|EUR,1000000.0
PRCO-B.ST,ejected_below_floor,2631.5568599999997,2026-08-21|SEK,1000000.0
ALWEC.PA,ejected_below_floor,17113.514355,2026-08-21|EUR,1000000.0
0OPN.L,ejected_below_floor,86950.25955,2026-08-21|EUR,1000000.0
MORE.AS,ejected_below_floor,7591.32297,2026-08-21|EUR,1000000.0
SAM.TO,ejected_below_floor,69159.623309,2026-08-21|CAD,1000000.0
LUMEN.ST,ejected_below_floor,30880.860360000002,2026-08-21|SEK,1000000.0
003220.KS,ejected_below_floor,720952.4945069855,2026-08-21|KRW,1000000.0
4I1.DE,ejected_below_floor,83552.238792,2026-08-21|EUR,1000000.0
033250.KS,ejected_below_floor,200345.03336615075,2026-08-21|KRW,1000000.0
EIK.IC,ejected_below_floor,263186.11370359996,2026-08-21|ISK,1000000.0
STCM.L,ejected_below_floor,14686.39544,2026-08-21|GBp,1000000.0
0FRI.L,ejected_below_floor,13751.8874775,2026-08-21|EUR,1000000.0
WDH,ejected_below_floor,197391.0,2026-08-21|USD,1000000.0
NMAN.ST,ejected_below_floor,431711.99708,2026-08-21|SEK,1000000.0
ABO.BR,ejected_below_floor,2957.0989320000003,2026-08-21|EUR,1000000.0
0DUI.L,ejected_below_floor,696312.4579112399,2026-08-21|EUR,1000000.0
WFC.TO,ejected_below_floor,8546.948760000001,2026-08-21|CAD,1000000.0
ALSOG.PA,ejected_below_floor,23189.998860000003,2026-08-21|EUR,1000000.0
001630.KS,ejected_below_floor,208558.29074172,2026-08-21|KRW,1000000.0
117580.KS,ejected_below_floor,629967.8268678448,2026-08-21|KRW,1000000.0
3E2.DE,ejected_below_floor,8575.251282000001,2026-08-21|EUR,1000000.0
GOD.OL,ejected_below_floor,104868.37557,2026-08-21|NOK,1000000.0
007980.KS,ejected_below_floor,284620.26439937734,2026-08-21|KRW,1000000.0
ALVAP.PA,ejected_below_floor,2595.0479940000005,2026-08-21|EUR,1000000.0
ALMRB.PA,ejected_below_floor,19986.649819500002,2026-08-21|EUR,1000000.0
ENRO.ST,ejected_below_floor,47595.13407,2026-08-21|SEK,1000000.0
0W2Y.L,ejected_below_floor,118899.9,2026-08-21|USD,1000000.0
AFK.OL,ejected_below_floor,110047.90734,2026-08-21|NOK,1000000.0
0F0J.L,ejected_below_floor,255132.5885770935,2026-08-21|NOK,1000000.0
DTOL.TO,ejected_below_floor,189738.60345300002,2026-08-21|CAD,1000000.0
0QLM.L,ejected_below_floor,2809.1959375,2026-08-21|CHF,1000000.0
ALBKK.PA,ejected_below_floor,88538.04892500001,2026-08-21|EUR,1000000.0
SQU.DE,ejected_below_floor,333107.4313875,2026-08-21|EUR,1000000.0
LBG.L,ejected_below_floor,207955.72100700001,2026-08-21|GBp,1000000.0
ALG.DE,ejected_below_floor,1290.2755200000001,2026-08-21|EUR,1000000.0
FNOVA-B.ST,ejected_below_floor,79301.73359999999,2026-08-21|SEK,1000000.0
LTHM.L,ejected_below_floor,138836.85273,2026-08-21|GBp,1000000.0
QSP-UN.TO,ejected_below_floor,841.5022,2026-08-21|CAD,1000000.0
COVH.PA,ejected_below_floor,15784.665750000002,2026-08-21|EUR,1000000.0
CCEC,ejected_below_floor,301391.3,2026-08-21|USD,1000000.0
PHM7.DE,ejected_below_floor,186264.53299500005,2026-08-21|EUR,1000000.0
HVT-A,ejected_below_floor,33082.56,2026-08-21|USD,1000000.0
SOTK,ejected_below_floor,248422.65,2026-08-21|USD,1000000.0
USWE.ST,ejected_below_floor,4943.131514999999,2026-08-21|SEK,1000000.0
EMB.ST,ejected_below_floor,5897.150489999999,2026-08-21|SEK,1000000.0
FAR.TO,ejected_below_floor,368363.532096,2026-08-21|CAD,1000000.0
AFG.OL,ejected_below_floor,609082.8035040001,2026-08-21|NOK,1000000.0
ALMOU.PA,ejected_below_floor,18736.031160000002,2026-08-21|EUR,1000000.0
MEMS.PA,ejected_below_floor,161839.48455150003,2026-08-21|EUR,1000000.0
MALT.PA,ejected_below_floor,9614.1375,2026-08-21|EUR,1000000.0
WRG.TO,ejected_below_floor,4770.3648299999995,2026-08-21|CAD,1000000.0
ALTXC.PA,ejected_below_floor,4535.07606,2026-08-21|EUR,1000000.0
0OQ2.L,ejected_below_floor,562263.6616800001,2026-08-21|EUR,1000000.0
PAT.PA,ejected_below_floor,29146.918455000003,2026-08-21|EUR,1000000.0
0Y3K.L,ejected_below_floor,680252.5800000001,2026-08-21|USD,1000000.0
SACI.PA,ejected_below_floor,881.0046000000001,2026-08-21|EUR,1000000.0
NSI.AS,ejected_below_floor,959191.311015,2026-08-21|EUR,1000000.0
IMDA.PA,ejected_below_floor,28104.046740000005,2026-08-21|EUR,1000000.0
RATO-A.ST,ejected_below_floor,9178.2779,2026-08-21|SEK,1000000.0
GENT.OL,ejected_below_floor,18836.253072,2026-08-21|NOK,1000000.0
005945.KS,ejected_below_floor,984972.802415296,2026-08-21|KRW,1000000.0
AVT-B.ST,ejected_below_floor,45714.014332,2026-08-21|SEK,1000000.0
TST.L,ejected_below_floor,7959.323117500001,2026-08-21|GBp,1000000.0
VBNK.TO,ejected_below_floor,678284.707534,2026-08-21|CAD,1000000.0
ORES.ST,ejected_below_floor,681068.68368,2026-08-21|SEK,1000000.0
SYP.DE,ejected_below_floor,116659.69245000002,2026-08-21|EUR,1000000.0
ENDUR.OL,ejected_below_floor,965287.3814219999,2026-08-21|NOK,1000000.0
MAGI.ST,ejected_below_floor,34446.82348399999,2026-08-21|SEK,1000000.0
NL,ejected_below_floor,360061.97,2026-08-21|USD,1000000.0
PHAR,ejected_below_floor,156265.94999999998,2026-08-21|USD,1000000.0
004080.KS,ejected_below_floor,54558.015077445,2026-08-21|KRW,1000000.0
0NHS.L,ejected_below_floor,106631.03880000001,2026-08-21|USD,1000000.0
0YG8.L,kept_no_reading,,not-captured,1000000.0
0IKW.L,ejected_below_floor,300193.02,2026-08-21|USD,1000000.0
FAS.DE,ejected_below_floor,9856.79250375,2026-08-21|EUR,1000000.0
ROU.BR,ejected_below_floor,5497.771695,2026-08-21|EUR,1000000.0
0CHZ.L,ejected_below_floor,3704.1348960000005,2026-08-21|EUR,1000000.0
STEF-B.ST,ejected_below_floor,400093.37675999996,2026-08-21|SEK,1000000.0
EMIL-B.ST,ejected_below_floor,155322.2452,2026-08-21|SEK,1000000.0
075130.KQ,ejected_below_floor,58599.23630353585,2026-08-21|KRW,1000000.0
GMM.DE,ejected_below_floor,23374.240695000004,2026-08-21|EUR,1000000.0
RCI-A.TO,ejected_below_floor,67172.2275,2026-08-21|CAD,1000000.0
M7U.DE,ejected_below_floor,679162.3674150001,2026-08-21|EUR,1000000.0
ADVE.ST,ejected_below_floor,79134.75072000001,2026-08-21|SEK,1000000.0
GOS.DE,ejected_below_floor,335354.40099,2026-08-21|EUR,1000000.0
ALBOU.PA,ejected_below_floor,1570.8918,2026-08-21|EUR,1000000.0
FLO.L,ejected_below_floor,79753.669875,2026-08-21|GBp,1000000.0
000860.KS,ejected_below_floor,203641.770337764,2026-08-21|KRW,1000000.0
PBL.TO,ejected_below_floor,210538.834625,2026-08-21|CAD,1000000.0
URB-A.TO,ejected_below_floor,67534.16005,2026-08-21|CAD,1000000.0
URB.TO,ejected_below_floor,7848.05448,2026-08-21|CAD,1000000.0
SLEEP.ST,ejected_below_floor,83808.868275,2026-08-21|SEK,1000000.0
159580.KQ,ejected_below_floor,91468.6752402466,2026-08-21|KRW,1000000.0
GDL.TO,ejected_below_floor,21989.080364999998,2026-08-21|CAD,1000000.0
0I5O.L,ejected_below_floor,13391.842,2026-08-21|SEK,1000000.0
ELIMP.OL,ejected_below_floor,364135.10884800006,2026-08-21|NOK,1000000.0
TFF.PA,ejected_below_floor,67812.88185,2026-08-21|EUR,1000000.0
NVM.DE,ejected_below_floor,17112.69861,2026-08-21|EUR,1000000.0
0GXK.L,ejected_below_floor,22909.3827,2026-08-21|SEK,1000000.0
MLL.DE,ejected_below_floor,1354.2299280000002,2026-08-21|EUR,1000000.0
MRC.TO,ejected_below_floor,159365.21664,2026-08-21|CAD,1000000.0
RBO.PA,ejected_below_floor,28166.975640000004,2026-08-21|EUR,1000000.0
ARION-SDB.ST,ejected_below_floor,49128.650272,2026-08-21|SEK,1000000.0
CWL.TO,ejected_below_floor,11498.896619,2026-08-21|CAD,1000000.0
UNH.DE,ejected_below_floor,556699.3485000001,2026-08-21|EUR,1000000.0
0JR2.L,ejected_below_floor,881633.7000000001,2026-08-21|USD,1000000.0
ALGEV.PA,ejected_below_floor,2499.6757500000003,2026-08-21|EUR,1000000.0
DTD2.DE,ejected_below_floor,5716.97403,2026-08-21|EUR,1000000.0
ORCH.L,ejected_below_floor,35389.269323,2026-08-21|GBp,1000000.0
0OHK.L,ejected_below_floor,221137.81913937003,2026-08-21|NOK,1000000.0
FORA.TO,ejected_below_floor,19360.3242,2026-08-21|CAD,1000000.0
FLOB.BR,ejected_below_floor,35648.056500000006,2026-08-21|EUR,1000000.0
KETL.L,ejected_below_floor,140905.42627947498,2026-08-21|GBp,1000000.0
GENO.ST,ejected_below_floor,131233.34622,2026-08-21|SEK,1000000.0
HLF.TO,ejected_below_floor,262391.28363,2026-08-21|CAD,1000000.0
FOU.BR,ejected_below_floor,1557.490275,2026-08-21|EUR,1000000.0
QBY0.DE,ejected_below_floor,94272.38667,2026-08-21|EUR,1000000.0
0RNQ.L,ejected_below_floor,372453.8004,2026-08-21|SEK,1000000.0
YSN.DE,ejected_below_floor,763982.4837000001,2026-08-21|EUR,1000000.0
BOS.TO,ejected_below_floor,103908.19368299999,2026-08-21|CAD,1000000.0
3RB.DE,ejected_below_floor,326490.42259200005,2026-08-21|EUR,1000000.0
0QNJ.L,ejected_below_floor,368587.8,2026-08-21|CHF,1000000.0
002870.KS,ejected_below_floor,120513.91959769433,2026-08-21|KRW,1000000.0
018470.KS,ejected_below_floor,739118.1191965536,2026-08-21|KRW,1000000.0
003460.KS,ejected_below_floor,171431.6497842211,2026-08-21|KRW,1000000.0
003465.KS,ejected_below_floor,14027.2487324463,2026-08-21|KRW,1000000.0
VBG-B.ST,ejected_below_floor,590878.0856,2026-08-21|SEK,1000000.0
FQT.DE,ejected_below_floor,237277.37964000003,2026-08-21|EUR,1000000.0
CSH.DE,ejected_below_floor,69261.528435,2026-08-21|EUR,1000000.0
OPXS,ejected_below_floor,397506.79,2026-08-21|USD,1000000.0
ALT.L,ejected_below_floor,15797.338262000001,2026-08-21|GBp,1000000.0
CNCJO-B.ST,ejected_below_floor,16990.466,2026-08-21|SEK,1000000.0
011500.KS,ejected_below_floor,900941.0641801424,2026-08-21|KRW,1000000.0
GGEO.ST,ejected_below_floor,4507.07687,2026-08-21|SEK,1000000.0
SCT.DE,ejected_below_floor,19960.697475,2026-08-21|EUR,1000000.0
ALCOF.PA,ejected_below_floor,9858.861,2026-08-21|EUR,1000000.0
001750.KS,ejected_below_floor,328726.990652314,2026-08-21|KRW,1000000.0
001755.KS,ejected_below_floor,30204.818764246,2026-08-21|KRW,1000000.0
100250.KS,ejected_below_floor,318488.9831345488,2026-08-21|KRW,1000000.0
AUD.DE,ejected_below_floor,111040.31648250003,2026-08-21|EUR,1000000.0
TRX.TO,ejected_below_floor,184460.45771999998,2026-08-21|CAD,1000000.0
SUS.ST,ejected_below_floor,864763.97712,2026-08-21|SEK,1000000.0
MBX.TO,ejected_below_floor,7520.04183,2026-08-21|CAD,1000000.0
ALEO2.PA,ejected_below_floor,1207.6755120000003,2026-08-21|EUR,1000000.0
THNC.TO,ejected_below_floor,20833.075739,2026-08-21|CAD,1000000.0
ABS2.DE,ejected_below_floor,42477.70671000001,2026-08-21|EUR,1000000.0
STIL.ST,ejected_below_floor,135399.90959999998,2026-08-21|SEK,1000000.0
INFREA.ST,ejected_below_floor,16667.4937,2026-08-21|SEK,1000000.0
AW.TO,ejected_below_floor,210392.00475999998,2026-08-21|CAD,1000000.0
MLFMV.LS,ejected_below_floor,972.7759125000001,2026-08-21|EUR,1000000.0
0LD9.L,ejected_below_floor,265551.92000000004,2026-08-21|USD,1000000.0
0P2J.L,ejected_below_floor,21392.679555000002,2026-08-21|EUR,1000000.0
PARP.PA,ejected_below_floor,23205.031875,2026-08-21|EUR,1000000.0
CMG.TO,ejected_below_floor,425621.745045,2026-08-21|CAD,1000000.0
PRQ.TO,ejected_below_floor,76745.19549900001,2026-08-21|CAD,1000000.0
HRPK.DE,ejected_below_floor,75431.94015000001,2026-08-21|EUR,1000000.0
145990.KS,ejected_below_floor,393292.911273228,2026-08-21|KRW,1000000.0
145995.KS,ejected_below_floor,21045.997193886,2026-08-21|KRW,1000000.0
003300.KS,ejected_below_floor,261876.4996132096,2026-08-21|KRW,1000000.0
BERG-B.ST,ejected_below_floor,483856.7525,2026-08-21|SEK,1000000.0
OGD.TO,ejected_below_floor,18607.547798000003,2026-08-21|CAD,1000000.0
VAF.LS,ejected_below_floor,84583.99306800003,2026-08-21|EUR,1000000.0
010770.KS,ejected_below_floor,182693.82722070764,2026-08-21|KRW,1000000.0
ALODC.PA,ejected_below_floor,50773.13415000001,2026-08-21|EUR,1000000.0
CIV.PA,ejected_below_floor,86949.676875,2026-08-21|EUR,1000000.0
WYR.DE,ejected_below_floor,801.1082040000001,2026-08-21|EUR,1000000.0
ATIC.ST,ejected_below_floor,62285.24484,2026-08-21|SEK,1000000.0
ORIO.TO,ejected_below_floor,19018.779675,2026-08-21|CAD,1000000.0
MULTI.OL,ejected_below_floor,91227.81515400001,2026-08-21|NOK,1000000.0
0HHU.L,ejected_below_floor,61787.520000000004,2026-08-21|USD,1000000.0
BNP.DE,ejected_below_floor,835203.967686,2026-08-21|EUR,1000000.0
ALBFR.PA,ejected_below_floor,431347.77654,2026-08-21|EUR,1000000.0
UWS.DE,ejected_below_floor,123571.09196250001,2026-08-21|EUR,1000000.0
012800.KS,ejected_below_floor,578749.9965927204,2026-08-21|KRW,1000000.0
SKB.DE,ejected_below_floor,66375.77223,2026-08-21|EUR,1000000.0
SXP.TO,ejected_below_floor,30704.351216000003,2026-08-21|CAD,1000000.0
0Q3C.L,ejected_below_floor,509152.0480030051,2026-08-21|EUR,1000000.0
ALJXR.PA,ejected_below_floor,244228.5082647,2026-08-21|EUR,1000000.0
TPGXL,ejected_below_floor,577565.6000000001,2026-08-21|USD,1000000.0
0R18.L,ejected_below_floor,846748.1,2026-08-21|USD,1000000.0
0UKH.L,ejected_below_floor,27125.671860000002,2026-08-21|CAD,1000000.0
0VL8.L,ejected_below_floor,78663.1349,2026-08-21|CAD,1000000.0
NFGAB.ST,ejected_below_floor,2993.4582,2026-08-21|SEK,1000000.0
CGN.DE,ejected_below_floor,8012.830065,2026-08-21|EUR,1000000.0
ALLAN.PA,ejected_below_floor,11569.012125000001,2026-08-21|EUR,1000000.0
0OQX.L,ejected_below_floor,78.31151999999999,2026-08-21|EUR,1000000.0
BRY.TO,ejected_below_floor,1965.7953280000002,2026-08-21|CAD,1000000.0
CHMI,ejected_below_floor,992182.38,2026-08-21|USD,1000000.0
2KD.DE,ejected_below_floor,32356.152513000005,2026-08-21|EUR,1000000.0
PIERCE.ST,ejected_below_floor,164250.90219199998,2026-08-21|SEK,1000000.0
APM.DE,ejected_below_floor,8740.404684000001,2026-08-21|EUR,1000000.0
OXBR,ejected_below_floor,139501.04,2026-08-21|USD,1000000.0
ACWN.DE,ejected_below_floor,5416.5468,2026-08-21|EUR,1000000.0
UPSALE.ST,ejected_below_floor,306816.10729,2026-08-21|SEK,1000000.0
0NWC.L,ejected_below_floor,75388.58913000001,2026-08-21|EUR,1000000.0
KENH.ST,ejected_below_floor,3605.0897519999994,2026-08-21|SEK,1000000.0
SLL.DE,ejected_below_floor,24917.04756,2026-08-21|EUR,1000000.0
134380.KS,ejected_below_floor,51719.5709446017,2026-08-21|KRW,1000000.0
0KKZ.L,ejected_below_floor,594263.24,2026-08-21|USD,1000000.0
8GM.DE,ejected_below_floor,11136.9586125,2026-08-21|EUR,1000000.0
ECONB.BR,ejected_below_floor,73424.694696,2026-08-21|EUR,1000000.0
0LF8.L,ejected_below_floor,51494.81999999999,2026-08-21|USD,1000000.0
002880.KS,ejected_below_floor,703134.0390541205,2026-08-21|KRW,1000000.0
4PN.DE,ejected_below_floor,37815.607500000006,2026-08-21|EUR,1000000.0
DIE.DE,ejected_below_floor,4047.95976,2026-08-21|EUR,1000000.0
HUMBLE.ST,ejected_below_floor,185850.68424,2026-08-21|SEK,1000000.0
084690.KS,ejected_below_floor,357947.170822648,2026-08-21|KRW,1000000.0
084695.KS,ejected_below_floor,70888.4376310972,2026-08-21|KRW,1000000.0
FIN.L,ejected_below_floor,25709.162968125,2026-08-21|GBp,1000000.0
NACON.PA,ejected_below_floor,15839.32719096,2026-08-21|EUR,1000000.0
FMC1.DE,ejected_below_floor,84957.23136600002,2026-08-21|EUR,1000000.0
HAGA.IC,ejected_below_floor,973486.0284719999,2026-08-21|ISK,1000000.0
VCM.TO,ejected_below_floor,26016.27462,2026-08-21|CAD,1000000.0
EKI.PA,ejected_below_floor,556434.021612,2026-08-21|EUR,1000000.0
0QSV.L,ejected_below_floor,15732.941690250002,2026-08-21|EUR,1000000.0
003120.KS,ejected_below_floor,159952.27671093,2026-08-21|KRW,1000000.0
CGO.TO,ejected_below_floor,910745.92301,2026-08-21|CAD,1000000.0
GBT.TO,ejected_below_floor,13576.476059999999,2026-08-21|CAD,1000000.0
JDC.DE,ejected_below_floor,172774.79100000003,2026-08-21|EUR,1000000.0
MSAB-B.ST,ejected_below_floor,197829.56184,2026-08-21|SEK,1000000.0
0KJD.L,ejected_below_floor,99767.115,2026-08-21|USD,1000000.0
POL.OL,ejected_below_floor,76851.1296,2026-08-21|NOK,1000000.0
PWO.DE,ejected_below_floor,9272.92302,2026-08-21|EUR,1000000.0
NVJP.DE,ejected_below_floor,118458.06057000003,2026-08-21|EUR,1000000.0
GUI.PA,ejected_below_floor,28071.65001,2026-08-21|EUR,1000000.0
017390.KS,ejected_below_floor,207261.49212216,2026-08-21|KRW,1000000.0
LUC.ST,ejected_below_floor,59324.758612,2026-08-21|SEK,1000000.0
BTS-B.ST,ejected_below_floor,292957.33751999994,2026-08-21|SEK,1000000.0
SOAG.OL,ejected_below_floor,24135.0921,2026-08-21|NOK,1000000.0
FNTL.L,ejected_below_floor,403965.13562250003,2026-08-21|GBp,1000000.0
0G15.L,ejected_below_floor,284.695005,2026-08-21|EUR,1000000.0
NODK,ejected_below_floor,387616.79,2026-08-21|USD,1000000.0
383800.KS,ejected_below_floor,829764.9809492031,2026-08-21|KRW,1000000.0
KLARA-B.ST,ejected_below_floor,354807.493584,2026-08-21|SEK,1000000.0
0TIQ.L,ejected_below_floor,236295.56,2026-08-21|USD,1000000.0
0DH7.L,ejected_below_floor,38493.08425199999,2026-08-21|NOK,1000000.0
BEN.PA,ejected_below_floor,471982.56379950006,2026-08-21|EUR,1000000.0
ALNG.OL,ejected_below_floor,56363.710435199995,2026-08-21|NOK,1000000.0
AGES-B.ST,ejected_below_floor,2156.73608,2026-08-21|SEK,1000000.0
ENL.DE,ejected_below_floor,200641.4233152,2026-08-21|EUR,1000000.0
SWP.TO,ejected_below_floor,17483.61552,2026-08-21|CAD,1000000.0
0IMT.L,ejected_below_floor,16067.032674,2026-08-21|NOK,1000000.0
QRF.BR,ejected_below_floor,44502.502335000005,2026-08-21|EUR,1000000.0
JCQ.PA,ejected_below_floor,98162.67457500001,2026-08-21|EUR,1000000.0
49GP.L,ejected_below_floor,130.118505,2026-08-21|GBp,1000000.0
50GP.L,ejected_below_floor,655.4192825,2026-08-21|GBp,1000000.0
HAI.TO,ejected_below_floor,160137.399555,2026-08-21|CAD,1000000.0
0RPS.L,ejected_below_floor,156508.5089,2026-08-21|SEK,1000000.0
0QV6.L,ejected_below_floor,36337.903145820004,2026-08-21|EUR,1000000.0
AZT.OL,ejected_below_floor,74650.84536,2026-08-21|NOK,1000000.0
105630.KS,ejected_below_floor,502825.5706222008,2026-08-21|KRW,1000000.0
0G67.L,ejected_below_floor,47130.0884208,2026-08-21|NOK,1000000.0
0IFJ.L,ejected_below_floor,317248.1,2026-08-21|USD,1000000.0
0QYK.L,ejected_below_floor,376468.9,2026-08-21|USD,1000000.0
CTM.ST,ejected_below_floor,67630.31554,2026-08-21|SEK,1000000.0
E.TO,ejected_below_floor,150836.851655,2026-08-21|CAD,1000000.0
HWO.TO,ejected_below_floor,2996.823165,2026-08-21|CAD,1000000.0
QRC.TO,ejected_below_floor,53044.95,2026-08-21|CAD,1000000.0
0LBY.L,ejected_below_floor,414075.075375,2026-08-21|EUR,1000000.0
HWK.AS,ejected_below_floor,1179.846954,2026-08-21|EUR,1000000.0
JOMA.ST,ejected_below_floor,191503.41417,2026-08-21|SEK,1000000.0
CRLO.PA,ejected_below_floor,90829.01049,2026-08-21|EUR,1000000.0
BRIM.IC,ejected_below_floor,369647.844,2026-08-21|ISK,1000000.0
CVS.DE,ejected_below_floor,33782.284536,2026-08-21|EUR,1000000.0
CEK.DE,ejected_below_floor,199010.54862000005,2026-08-21|EUR,1000000.0
CUP-U.TO,ejected_below_floor,36999.9,2026-08-21|USD,1000000.0
SMJ.L,ejected_below_floor,6445.148895,2026-08-21|GBp,1000000.0
ELAN-B.ST,ejected_below_floor,51455.257379999995,2026-08-21|SEK,1000000.0
LORD.L,ejected_below_floor,30426.298686875,2026-08-21|GBp,1000000.0
0KET.L,ejected_below_floor,566868.75,2026-08-21|USD,1000000.0
PIF.TO,ejected_below_floor,449485.90304800007,2026-08-21|CAD,1000000.0
CDMIL.ST,ejected_below_floor,3039.9124,2026-08-21|SEK,1000000.0
LOCAL.PA,ejected_below_floor,60669.997213500006,2026-08-21|EUR,1000000.0
010660.KS,ejected_below_floor,620349.6426723816,2026-08-21|KRW,1000000.0
AKAST.OL,ejected_below_floor,468634.3444566,2026-08-21|NOK,1000000.0
XPLRA.OL,ejected_below_floor,461519.223585,2026-08-21|NOK,1000000.0
0GN6.L,ejected_below_floor,376838.7633600001,2026-08-21|EUR,1000000.0
0R7T.L,ejected_below_floor,8485.61256,2026-08-21|EUR,1000000.0
TINC.BR,ejected_below_floor,184480.26561000003,2026-08-21|EUR,1000000.0
NOTEK.ST,ejected_below_floor,2040.0593149999997,2026-08-21|SEK,1000000.0
HAW.DE,ejected_below_floor,32357.923845,2026-08-21|EUR,1000000.0
0L5A.L,ejected_below_floor,522348.28700000007,2026-08-21|USD,1000000.0
118000.KS,ejected_below_floor,47972.57432298262,2026-08-21|KRW,1000000.0
003610.KS,ejected_below_floor,465369.7908607072,2026-08-21|KRW,1000000.0
0KGY.L,ejected_below_floor,4195.25568,2026-08-21|SEK,1000000.0
012320.KS,ejected_below_floor,382202.019321075,2026-08-21|KRW,1000000.0
0H38.L,ejected_below_floor,7006.700649,2026-08-21|SEK,1000000.0
DUNI.ST,ejected_below_floor,441574.77025999996,2026-08-21|SEK,1000000.0
AENT,ejected_below_floor,93454.98,2026-08-21|USD,1000000.0
ROOT.TO,ejected_below_floor,37402.752029999996,2026-08-21|CAD,1000000.0
VO2.ST,ejected_below_floor,2072.039143,2026-08-21|SEK,1000000.0
000215.KS,ejected_below_floor,63368.485206544,2026-08-21|KRW,1000000.0
NGS.ST,ejected_below_floor,2634.092923,2026-08-21|SEK,1000000.0
TVRB.PA,ejected_below_floor,2349.3456,2026-08-21|EUR,1000000.0
CLIQ.DE,ejected_below_floor,25880.593900500004,2026-08-21|EUR,1000000.0
LITI.ST,ejected_below_floor,21793.867065,2026-08-21|SEK,1000000.0
NP3.ST,ejected_below_floor,850889.0745,2026-08-21|SEK,1000000.0
VEFAB.ST,ejected_below_floor,202987.7903844,2026-08-21|SEK,1000000.0
HNK1.DE,ejected_below_floor,49441.605240000004,2026-08-21|EUR,1000000.0
B7E.DE,ejected_below_floor,21561.3057,2026-08-21|EUR,1000000.0
ALNN6.PA,ejected_below_floor,24314.1537375,2026-08-21|EUR,1000000.0
PEO.DE,ejected_below_floor,1271.0355915000002,2026-08-21|EUR,1000000.0
A6T.DE,ejected_below_floor,2902.8402360000005,2026-08-21|EUR,1000000.0
271980.KS,ejected_below_floor,306689.1310869708,2026-08-21|KRW,1000000.0
SCT.LS,ejected_below_floor,1678.1040000000003,2026-08-21|EUR,1000000.0
PRFO.ST,ejected_below_floor,23008.933419999998,2026-08-21|SEK,1000000.0
0R43.L,ejected_below_floor,121635.1728,2026-08-21|SEK,1000000.0
0RU6.L,ejected_below_floor,33899.229,2026-08-21|NOK,1000000.0
DBAN.DE,ejected_below_floor,259781.57002500005,2026-08-21|EUR,1000000.0
KOF.PA,ejected_below_floor,925472.607975,2026-08-21|EUR,1000000.0
S188.DE,ejected_below_floor,9107.90946,2026-08-21|EUR,1000000.0
QAIR.ST,ejected_below_floor,14123.942325,2026-08-21|SEK,1000000.0
HMU.DE,ejected_below_floor,21923.846085,2026-08-21|EUR,1000000.0
ALPCOT-B.ST,ejected_below_floor,2360.0541319999998,2026-08-21|SEK,1000000.0
AVEN.ST,ejected_below_floor,32382.5712,2026-08-21|SEK,1000000.0
MDO.DE,ejected_below_floor,748258.1830800001,2026-08-21|EUR,1000000.0
ALEMV.PA,ejected_below_floor,1904.3567025000002,2026-08-21|EUR,1000000.0
INS.DE,ejected_below_floor,63682.76491500001,2026-08-21|EUR,1000000.0
ALPRG.PA,ejected_below_floor,70389.38679480001,2026-08-21|EUR,1000000.0
DC-A.TO,ejected_below_floor,602411.101908,2026-08-21|CAD,1000000.0
HEBA-B.ST,ejected_below_floor,285889.9721,2026-08-21|SEK,1000000.0
RAIL.ST,ejected_below_floor,64788.42205,2026-08-21|SEK,1000000.0
KVIKA.IC,ejected_below_floor,439765.05686839996,2026-08-21|ISK,1000000.0
KID.OL,ejected_below_floor,448749.301392,2026-08-21|NOK,1000000.0
UEIC,ejected_below_floor,261851.49999999997,2026-08-21|USD,1000000.0
CAT31.PA,ejected_below_floor,152427.78000000003,2026-08-21|EUR,1000000.0
TRIAN-B.ST,ejected_below_floor,114874.79397000001,2026-08-21|SEK,1000000.0
0MUF.L,ejected_below_floor,17300.902635,2026-08-21|EUR,1000000.0
HELG.OL,ejected_below_floor,41750.45784,2026-08-21|NOK,1000000.0
HLE.DE,ejected_below_floor,483761.84002500004,2026-08-21|EUR,1000000.0
FG.ST,ejected_below_floor,150966.615328,2026-08-21|SEK,1000000.0
ITERA.OL,ejected_below_floor,11483.9470536,2026-08-21|NOK,1000000.0
ALHOP.PA,ejected_below_floor,16993.599840000003,2026-08-21|EUR,1000000.0
CRBP2.PA,ejected_below_floor,383924.81387700007,2026-08-21|EUR,1000000.0
ALSAS.PA,ejected_below_floor,3244.1246370000003,2026-08-21|EUR,1000000.0
FEC.TO,ejected_below_floor,570920.9926,2026-08-21|CAD,1000000.0
CTEK.ST,ejected_below_floor,88484.556024,2026-08-21|SEK,1000000.0
HTFC,ejected_below_floor,71114.56,2026-08-21|USD,1000000.0
KMR.L,ejected_below_floor,288167.620125,2026-08-21|GBp,1000000.0
0L98.L,ejected_below_floor,28940.52,2026-08-21|USD,1000000.0
WIB.DE,ejected_below_floor,69727.59851400001,2026-08-21|EUR,1000000.0
ALRGR.PA,ejected_below_floor,1580.2146000000002,2026-08-21|EUR,1000000.0
0IJN.L,ejected_below_floor,207669.88,2026-08-21|USD,1000000.0
010040.KS,ejected_below_floor,58638.9924647949,2026-08-21|KRW,1000000.0
0RKL.L,ejected_below_floor,288625.3047,2026-08-21|SEK,1000000.0
KOA.OL,ejected_below_floor,374465.52018876,2026-08-21|NOK,1000000.0
SIEB,ejected_below_floor,151539.49999999997,2026-08-21|USD,1000000.0
000540.KS,ejected_below_floor,250920.524036454,2026-08-21|KRW,1000000.0
000545.KS,ejected_below_floor,6319.8697423077,2026-08-21|KRW,1000000.0
0W1Q.L,ejected_below_floor,477.4438950000001,2026-08-21|EUR,1000000.0
93M1.DE,ejected_below_floor,91354.11720000001,2026-08-21|EUR,1000000.0
ACAN.PA,ejected_below_floor,1989.3946227,2026-08-21|EUR,1000000.0
000070.KS,ejected_below_floor,457813.139325332,2026-08-21|KRW,1000000.0
036630.KQ,ejected_below_floor,463589.57936871477,2026-08-21|KRW,1000000.0
CRRX.TO,ejected_below_floor,56656.813122,2026-08-21|CAD,1000000.0
MPC.TO,ejected_below_floor,2964.0002489999997,2026-08-21|CAD,1000000.0
STE-A.ST,ejected_below_floor,28177.67785,2026-08-21|SEK,1000000.0
0N5I.L,ejected_below_floor,99222.09426,2026-08-21|EUR,1000000.0
HVO.L,ejected_below_floor,117650.00667072501,2026-08-21|GBp,1000000.0
272550.KS,ejected_below_floor,225443.145474755,2026-08-21|KRW,1000000.0
VER.ST,ejected_below_floor,418878.546125,2026-08-21|SEK,1000000.0
NCB.DE,ejected_below_floor,115419.084147,2026-08-21|EUR,1000000.0
SKMO.ST,ejected_below_floor,1359.1532,2026-08-21|SEK,1000000.0
0IPT.L,ejected_below_floor,5442.2266500000005,2026-08-21|NOK,1000000.0
BMA.OL,ejected_below_floor,25986.94077,2026-08-21|NOK,1000000.0
0P49.L,ejected_below_floor,12095.66472,2026-08-21|SEK,1000000.0
BULTEN.ST,ejected_below_floor,281005.0292,2026-08-21|SEK,1000000.0
FRACTL.ST,ejected_below_floor,30719.334272000004,2026-08-21|SEK,1000000.0
CALVIK.ST,ejected_below_floor,36057.37168,2026-08-21|SEK,1000000.0
FAG.ST,ejected_below_floor,412882.80868200003,2026-08-21|SEK,1000000.0
090080.KS,ejected_below_floor,192834.4435665304,2026-08-21|KRW,1000000.0
0JQR.L,ejected_below_floor,306583.56,2026-08-21|USD,1000000.0
0RCW.L,ejected_below_floor,33960.18108,2026-08-21|NOK,1000000.0
PAE.DE,ejected_below_floor,1961.98326,2026-08-21|EUR,1000000.0
0OA4.L,ejected_below_floor,778601.10024,2026-08-21|EUR,1000000.0
CRAP.PA,ejected_below_floor,42956.479104000005,2026-08-21|EUR,1000000.0
IMMOU.BR,ejected_below_floor,5086.28661,2026-08-21|EUR,1000000.0
NGL0.DE,ejected_below_floor,536665.9914525,2026-08-21|EUR,1000000.0
IWS.OL,ejected_below_floor,19466.828094000004,2026-08-21|NOK,1000000.0
FDE.PA,ejected_below_floor,742373.2821150001,2026-08-21|EUR,1000000.0
0QZP.L,ejected_below_floor,64264.41159599999,2026-08-21|CAD,1000000.0
PRIC-B.ST,ejected_below_floor,89787.0351,2026-08-21|SEK,1000000.0
SAGA.OL,ejected_below_floor,31318.4835936,2026-08-21|NOK,1000000.0
YU.L,ejected_below_floor,394072.25424000004,2026-08-21|GBp,1000000.0
ONTEX.BR,ejected_below_floor,695736.417948,2026-08-21|EUR,1000000.0
VRV.DE,ejected_below_floor,198240.159042,2026-08-21|EUR,1000000.0
E3X1.DE,ejected_below_floor,21663.8565,2026-08-21|EUR,1000000.0
RTC.DE,ejected_below_floor,835.0431960000002,2026-08-21|EUR,1000000.0
HEIMAR.IC,ejected_below_floor,348454.368624,2026-08-21|ISK,1000000.0
PLAZ-B.ST,ejected_below_floor,963644.1381,2026-08-21|SEK,1000000.0
SAGA-A.ST,ejected_below_floor,29064.61675,2026-08-21|SEK,1000000.0
0K2K.L,ejected_below_floor,18955.97,2026-08-21|USD,1000000.0
SOLNA.ST,ejected_below_floor,60840.9186,2026-08-21|SEK,1000000.0
LUC.TO,ejected_below_floor,72398.56239,2026-08-21|CAD,1000000.0
000390.KS,ejected_below_floor,612586.7000680122,2026-08-21|KRW,1000000.0
ASY.PA,ejected_below_floor,156339.62688000003,2026-08-21|EUR,1000000.0
100220.KS,ejected_below_floor,243617.54603865,2026-08-21|KRW,1000000.0
ALHYP.PA,ejected_below_floor,16151.564544000003,2026-08-21|EUR,1000000.0
HAYPP.ST,ejected_below_floor,547499.59506,2026-08-21|SEK,1000000.0
0OA7.L,ejected_below_floor,82320.79014,2026-08-21|EUR,1000000.0
035200.KQ,ejected_below_floor,91509.16030676999,2026-08-21|KRW,1000000.0
0RDI.L,ejected_below_floor,152217.1708,2026-08-21|SEK,1000000.0
IDUN-B.ST,ejected_below_floor,427355.8333,2026-08-21|SEK,1000000.0
ALVDM.PA,ejected_below_floor,763717.3665750001,2026-08-21|EUR,1000000.0
SGL.DE,ejected_below_floor,938590.3119825,2026-08-21|EUR,1000000.0
0IC9.L,ejected_below_floor,620301.78,2026-08-21|USD,1000000.0
0JQQ.L,ejected_below_floor,668364.2000000001,2026-08-21|USD,1000000.0
ALPJT.PA,ejected_below_floor,51419.99662800001,2026-08-21|EUR,1000000.0
GDEV,ejected_below_floor,66778.125,2026-08-21|USD,1000000.0
000725.KS,ejected_below_floor,196534.254995425,2026-08-21|KRW,1000000.0
ADN1.DE,ejected_below_floor,935504.5234500001,2026-08-21|EUR,1000000.0
PSM.DE,ejected_below_floor,823752.9216108001,2026-08-21|EUR,1000000.0
045510.KQ,ejected_below_floor,125924.07930614974,2026-08-21|KRW,1000000.0
LINV.L,ejected_below_floor,105675.0844055,2026-08-21|GBp,1000000.0
ALMLB.PA,ejected_below_floor,4853.449680000001,2026-08-21|EUR,1000000.0
EWRK.ST,ejected_below_floor,49780.99336,2026-08-21|SEK,1000000.0
SGA,ejected_below_floor,155220.6,2026-08-21|USD,1000000.0
TAP-A,ejected_below_floor,4884.0,2026-08-21|USD,1000000.0
372170.KQ,ejected_below_floor,352014.2808742175,2026-08-21|KRW,1000000.0
MMB.PA,ejected_below_floor,451516.06946400006,2026-08-21|EUR,1000000.0
0HW0.L,ejected_below_floor,19127.578260000002,2026-08-21|NOK,1000000.0
CTT.ST,ejected_below_floor,168087.62814000002,2026-08-21|SEK,1000000.0
ETL.L,ejected_below_floor,481728.4208100001,2026-08-21|EUR,1000000.0
HUSQ-A.ST,ejected_below_floor,72434.15277,2026-08-21|SEK,1000000.0
GIMB.BR,ejected_below_floor,903165.1869375001,2026-08-21|EUR,1000000.0
ALGEN.PA,ejected_below_floor,22962.75561,2026-08-21|EUR,1000000.0
EAS2P.AS,ejected_below_floor,6540.405678600001,2026-08-21|EUR,1000000.0
SPEL.PA,ejected_below_floor,287.20050750000007,2026-08-21|EUR,1000000.0
BOR.OL,ejected_below_floor,10753.5619275,2026-08-21|NOK,1000000.0
200130.KQ,ejected_below_floor,708487.0830515634,2026-08-21|KRW,1000000.0
LIVE,ejected_below_floor,102724.81199999999,2026-08-21|USD,1000000.0
0Z62.L,ejected_below_floor,894875.3957,2026-08-21|USD,1000000.0
MDP.TO,ejected_below_floor,172478.67884799998,2026-08-21|CAD,1000000.0
UNB,ejected_below_floor,344472.41,2026-08-21|USD,1000000.0
ALBOA.PA,ejected_below_floor,8124.820200000001,2026-08-21|EUR,1000000.0
TF.TO,ejected_below_floor,845732.8487020001,2026-08-21|CAD,1000000.0
FRS.DE,ejected_below_floor,3705.8829210000004,2026-08-21|EUR,1000000.0
058650.KS,ejected_below_floor,383161.20062665,2026-08-21|KRW,1000000.0
0CX9.L,ejected_below_floor,1009.099872,2026-08-21|EUR,1000000.0
GEO.TO,ejected_below_floor,27538.715203999996,2026-08-21|CAD,1000000.0
0ZQ7.L,ejected_below_floor,101773.97769000001,2026-08-21|EUR,1000000.0
LSX.DE,ejected_below_floor,5312.341203000001,2026-08-21|EUR,1000000.0
MRK.L,ejected_below_floor,19255.19334375,2026-08-21|GBp,1000000.0
ALHRG.PA,ejected_below_floor,15515.469900000002,2026-08-21|EUR,1000000.0
SABE.PA,ejected_below_floor,2354.007,2026-08-21|EUR,1000000.0
DWD.DE,ejected_below_floor,118555.83343500001,2026-08-21|EUR,1000000.0
CVVY.TO,ejected_below_floor,766072.324402,2026-08-21|CAD,1000000.0
BBROOM.ST,ejected_below_floor,19357.233920000002,2026-08-21|SEK,1000000.0
SKUE.OL,ejected_below_floor,41096.18877,2026-08-21|NOK,1000000.0
HTG.DE,ejected_below_floor,100294.86885600002,2026-08-21|EUR,1000000.0
ENTRA.OL,ejected_below_floor,646391.399976,2026-08-21|NOK,1000000.0
CMO.PA,ejected_below_floor,139050.02814,2026-08-21|EUR,1000000.0
TORO,ejected_below_floor,216641.04,2026-08-21|USD,1000000.0
TTK.DE,ejected_below_floor,38728.83402750001,2026-08-21|EUR,1000000.0
ALDLS.PA,ejected_below_floor,2805.5801250000004,2026-08-21|EUR,1000000.0
NORB-B.ST,ejected_below_floor,23693.659920000002,2026-08-21|SEK,1000000.0
026890.KS,ejected_below_floor,559702.78093109,2026-08-21|KRW,1000000.0
CCC.ST,ejected_below_floor,19301.000165,2026-08-21|SEK,1000000.0
ARAMI.PA,ejected_below_floor,224042.73276,2026-08-21|EUR,1000000.0
0JZU.L,ejected_below_floor,344964.0,2026-08-21|USD,1000000.0
PMG.L,ejected_below_floor,34799.45995125,2026-08-21|GBp,1000000.0
GZF.DE,ejected_below_floor,175465.80556650003,2026-08-21|EUR,1000000.0
221840.KQ,ejected_below_floor,30105.9197375328,2026-08-21|KRW,1000000.0
096240.KQ,ejected_below_floor,195153.2660046354,2026-08-21|KRW,1000000.0
014990.KS,ejected_below_floor,439983.6016113333,2026-08-21|KRW,1000000.0
SSBI,ejected_below_floor,65328.799999999996,2026-08-21|USD,1000000.0
ALLDL.PA,ejected_below_floor,80930.76066,2026-08-21|EUR,1000000.0
MBWS.PA,ejected_below_floor,15389.612100000002,2026-08-21|EUR,1000000.0
VOLO.ST,ejected_below_floor,270095.1237,2026-08-21|SEK,1000000.0
AXS.AS,ejected_below_floor,112699.06401900001,2026-08-21|EUR,1000000.0
NWT.DE,ejected_below_floor,19425.45222,2026-08-21|EUR,1000000.0
002600.KS,ejected_below_floor,6701.069063591,2026-08-21|KRW,1000000.0
006060.KS,ejected_below_floor,159554.96894594398,2026-08-21|KRW,1000000.0
OBAB.ST,ejected_below_floor,56983.454320000004,2026-08-21|SEK,1000000.0
ULC.DE,ejected_below_floor,3300.7373400000006,2026-08-21|EUR,1000000.0
DXRX.L,ejected_below_floor,507815.923237,2026-08-21|GBp,1000000.0
008260.KS,ejected_below_floor,278757.3399276991,2026-08-21|KRW,1000000.0
RHK.DE,ejected_below_floor,94321.33137,2026-08-21|EUR,1000000.0
GDHG,ejected_below_floor,520087.1648,2026-08-21|USD,1000000.0
CRSU.PA,ejected_below_floor,73067.445,2026-08-21|EUR,1000000.0
0OPA.L,ejected_below_floor,2736.0087300000005,2026-08-21|EUR,1000000.0
VIB3.DE,ejected_below_floor,73819.09575000001,2026-08-21|EUR,1000000.0
0N9V.L,ejected_below_floor,93347.33184,2026-08-21|EUR,1000000.0
MXHN.DE,ejected_below_floor,5115.18729,2026-08-21|EUR,1000000.0
FSZ.TO,ejected_below_floor,903086.123975,2026-08-21|CAD,1000000.0
ORIO,ejected_below_floor,34751.3166,2026-08-21|USD,1000000.0
011700.KS,ejected_below_floor,480508.4134168093,2026-08-21|KRW,1000000.0
0HUR.L,ejected_below_floor,60935.200000000004,2026-08-21|USD,1000000.0
CARA.ST,ejected_below_floor,273157.501225,2026-08-21|SEK,1000000.0
NCC-A.ST,ejected_below_floor,56565.6608,2026-08-21|SEK,1000000.0
ZIL2.DE,ejected_below_floor,155172.17925000002,2026-08-21|EUR,1000000.0
005320.KS,ejected_below_floor,116681.30598130837,2026-08-21|KRW,1000000.0
0HQ1.L,ejected_below_floor,2934.06,2026-08-21|USD,1000000.0
0RUM.L,ejected_below_floor,110178.30708750001,2026-08-21|EUR,1000000.0
AEIN.DE,ejected_below_floor,163671.0768,2026-08-21|EUR,1000000.0
VVL.OL,ejected_below_floor,13113.71124,2026-08-21|NOK,1000000.0
024070.KS,ejected_below_floor,60215.55290288,2026-08-21|KRW,1000000.0
ANNE-B.ST,ejected_below_floor,116343.598,2026-08-21|SEK,1000000.0
ALBON.PA,ejected_below_floor,30541.492800000004,2026-08-21|EUR,1000000.0
034120.KS,ejected_below_floor,149112.476303571,2026-08-21|KRW,1000000.0
0QAG.L,ejected_below_floor,180407.8335,2026-08-21|EUR,1000000.0
019170.KS,ejected_below_floor,536959.5731590944,2026-08-21|KRW,1000000.0
019175.KS,ejected_below_floor,26097.6152929569,2026-08-21|KRW,1000000.0
AEP.DE,ejected_below_floor,13172.300655000003,2026-08-21|EUR,1000000.0
DAM.DE,ejected_below_floor,10302.16014,2026-08-21|EUR,1000000.0
BNJ.AS,ejected_below_floor,157879.590291,2026-08-21|EUR,1000000.0
200880.KS,ejected_below_floor,700346.7851039218,2026-08-21|KRW,1000000.0
XTG.TO,ejected_below_floor,22731.702448,2026-08-21|CAD,1000000.0
095570.KS,ejected_below_floor,559332.3810121809,2026-08-21|KRW,1000000.0
ALLLN.PA,ejected_below_floor,2254.4394960000004,2026-08-21|EUR,1000000.0
AURE.PA,ejected_below_floor,3290.7619440000003,2026-08-21|EUR,1000000.0
NAE.PA,ejected_below_floor,616372.0275300001,2026-08-21|EUR,1000000.0
A7A.DE,ejected_below_floor,120002.61546,2026-08-21|EUR,1000000.0
SCE.DE,ejected_below_floor,17607.646062,2026-08-21|EUR,1000000.0
SKAGI.IC,ejected_below_floor,338404.85397199995,2026-08-21|ISK,1000000.0
0QVE.L,ejected_below_floor,675.95065,2026-08-21|SEK,1000000.0
EXL.DE,ejected_below_floor,18106.74216,2026-08-21|EUR,1000000.0
PAR.PA,ejected_below_floor,5739.34875,2026-08-21|EUR,1000000.0
PHO.OL,ejected_below_floor,390475.97946,2026-08-21|NOK,1000000.0
0RQH.L,ejected_below_floor,21728.953101,2026-08-21|SEK,1000000.0
SAFETY-B.ST,ejected_below_floor,27495.669235999998,2026-08-21|SEK,1000000.0
SEAF.ST,ejected_below_floor,23753.4408,2026-08-21|SEK,1000000.0
023800.KS,ejected_below_floor,266328.2540644809,2026-08-21|KRW,1000000.0
BBZA.DE,ejected_below_floor,578628.3221250001,2026-08-21|EUR,1000000.0
D6H0.DE,ejected_below_floor,95823.81712500002,2026-08-21|EUR,1000000.0
CRAV.PA,ejected_below_floor,99003.14830200002,2026-08-21|EUR,1000000.0
0RWM.L,ejected_below_floor,44981.437878000004,2026-08-21|EUR,1000000.0
WMT.DE,ejected_below_floor,476313.36565800005,2026-08-21|EUR,1000000.0
AQNB,ejected_below_floor,650978.7999999999,2026-08-21|USD,1000000.0
0L9F.L,ejected_below_floor,37129.6,2026-08-21|USD,1000000.0
ALDMS.PA,ejected_below_floor,12080.484240000002,2026-08-21|EUR,1000000.0
035600.KQ,ejected_below_floor,567102.8012417,2026-08-21|KRW,1000000.0
ALMUN.PA,ejected_below_floor,2547.78722475,2026-08-21|EUR,1000000.0
MOTR.L,ejected_below_floor,238173.11287050002,2026-08-21|GBp,1000000.0
0W19.L,ejected_below_floor,59492.28285,2026-08-21|EUR,1000000.0
000760.KS,ejected_below_floor,13799.15578062,2026-08-21|KRW,1000000.0
001500.KS,ejected_below_floor,916499.514410144,2026-08-21|KRW,1000000.0
ADE.DE,ejected_below_floor,372774.02256,2026-08-21|EUR,1000000.0
BIKE.DE,ejected_below_floor,23753.468892,2026-08-21|EUR,1000000.0
MTEX,ejected_below_floor,76307.68000000001,2026-08-21|USD,1000000.0
0JSZ.L,ejected_below_floor,3143.7000000000003,2026-08-21|USD,1000000.0
QIIWI.ST,ejected_below_floor,12522.416964,2026-08-21|SEK,1000000.0
0QS4.L,ejected_below_floor,4605.60625,2026-08-21|CHF,1000000.0
INEA.PA,ejected_below_floor,15422.474970000003,2026-08-21|EUR,1000000.0
MRL.LS,ejected_below_floor,8165.281152000001,2026-08-21|EUR,1000000.0
0QN6.L,ejected_below_floor,2294.71875,2026-08-21|CHF,1000000.0
BHG.ST,ejected_below_floor,733886.610906,2026-08-21|SEK,1000000.0
0NLY.L,ejected_below_floor,882470.8433700001,2026-08-21|EUR,1000000.0
UN0.DE,ejected_below_floor,236063.31801000002,2026-08-21|EUR,1000000.0
TPX-B.TO,ejected_below_floor,27873.4974,2026-08-21|CAD,1000000.0
AXS.L,ejected_below_floor,65361.774625000005,2026-08-21|GBp,1000000.0
TRVC.DE,ejected_below_floor,151095.738336,2026-08-21|EUR,1000000.0
FOI-B.ST,ejected_below_floor,83153.018,2026-08-21|SEK,1000000.0
GAM.PA,ejected_below_floor,21892.2651,2026-08-21|EUR,1000000.0
ALU10.PA,ejected_below_floor,6754.6599375000005,2026-08-21|EUR,1000000.0
ALWIT.PA,ejected_below_floor,31050.51768,2026-08-21|EUR,1000000.0
GVC.TO,ejected_below_floor,3289.8550160000004,2026-08-21|CAD,1000000.0
100130.KQ,ejected_below_floor,308868.43743108487,2026-08-21|KRW,1000000.0
CHECK.ST,ejected_below_floor,5992.1629920000005,2026-08-21|SEK,1000000.0
095720.KS,ejected_below_floor,61477.70132442575,2026-08-21|KRW,1000000.0
0R25.L,ejected_below_floor,15567.09,2026-08-21|USD,1000000.0
SOFT.BR,ejected_below_floor,213.56204100000002,2026-08-21|EUR,1000000.0
KONT.ST,ejected_below_floor,4941.725277,2026-08-21|SEK,1000000.0
PORF.AS,ejected_below_floor,1817.2467900000004,2026-08-21|EUR,1000000.0
A1OS.DE,ejected_below_floor,936634.9129500001,2026-08-21|EUR,1000000.0
RAW.DE,ejected_below_floor,236413.5639525,2026-08-21|EUR,1000000.0
0KIT.L,ejected_below_floor,324735.88,2026-08-21|USD,1000000.0
0RL4.L,ejected_below_floor,2359.2848,2026-08-21|SEK,1000000.0
MTEC.L,ejected_below_floor,339388.33113112504,2026-08-21|GBp,1000000.0
0UGP.L,ejected_below_floor,717.817254,2026-08-21|CAD,1000000.0
SFC.TO,ejected_below_floor,504142.12046799995,2026-08-21|CAD,1000000.0
CCN.PA,ejected_below_floor,88182.03450000001,2026-08-21|EUR,1000000.0
TKO.L,ejected_below_floor,85310.559425,2026-08-21|GBp,1000000.0
TSND.TO,ejected_below_floor,119084.15901900001,2026-08-21|CAD,1000000.0
0ELV.L,ejected_below_floor,15174.092271000001,2026-08-21|EUR,1000000.0
217820.KQ,ejected_below_floor,338339.111516424,2026-08-21|KRW,1000000.0
CRTO.PA,ejected_below_floor,83482.76062500001,2026-08-21|EUR,1000000.0
0L8A.L,ejected_below_floor,308896.4,2026-08-21|USD,1000000.0
KINV-A.ST,ejected_below_floor,64582.84645,2026-08-21|SEK,1000000.0
021050.KS,ejected_below_floor,276067.60189740855,2026-08-21|KRW,1000000.0
ALGLD.PA,ejected_below_floor,59865.89406000001,2026-08-21|EUR,1000000.0
0SOM.L,ejected_below_floor,37153.944616500004,2026-08-21|SEK,1000000.0
CKI.TO,ejected_below_floor,113691.313505,2026-08-21|CAD,1000000.0
SBS.DE,ejected_below_floor,324606.960615,2026-08-21|EUR,1000000.0
ABEO.PA,ejected_below_floor,45623.475807,2026-08-21|EUR,1000000.0
CAV.L,ejected_below_floor,84143.93553637501,2026-08-21|GBp,1000000.0
0DSJ.L,ejected_below_floor,2967.6451727999997,2026-08-21|NOK,1000000.0
ELC,ejected_below_floor,373243.7588,2026-08-21|USD,1000000.0
EBK.DE,ejected_below_floor,19322.43528,2026-08-21|EUR,1000000.0
0ROZ.L,ejected_below_floor,185845.537835232,2026-08-21|EUR,1000000.0
0MKP.L,ejected_below_floor,99222.32733000001,2026-08-21|EUR,1000000.0
CAMBI.OL,ejected_below_floor,88944.623208,2026-08-21|NOK,1000000.0
0RI3.L,ejected_below_floor,2564.6446140000003,2026-08-21|NOK,1000000.0
ICE.TO,ejected_below_floor,2168.528075,2026-08-21|CAD,1000000.0
T3T1.DE,ejected_below_floor,645.6505140000002,2026-08-21|EUR,1000000.0
014915.KS,ejected_below_floor,50098.38772403985,2026-08-21|KRW,1000000.0
ADS.OL,ejected_below_floor,2789.791725,2026-08-21|NOK,1000000.0
0LWG.L,ejected_below_floor,268326.8,2026-08-21|USD,1000000.0
BRAG,ejected_below_floor,44229.41,2026-08-21|USD,1000000.0
SGE.DE,ejected_below_floor,370632.761856,2026-08-21|EUR,1000000.0
AOMD.DE,ejected_below_floor,125376.74352000002,2026-08-21|EUR,1000000.0
TRIBO-B.ST,ejected_below_floor,8808.295210799999,2026-08-21|SEK,1000000.0
CRLA.PA,ejected_below_floor,75280.44465,2026-08-21|EUR,1000000.0
000680.KS,ejected_below_floor,432977.97344465187,2026-08-21|KRW,1000000.0
0HXW.L,ejected_below_floor,5751.121,2026-08-21|USD,1000000.0
0J2E.L,ejected_below_floor,303415.83999999997,2026-08-21|USD,1000000.0
C9F.DE,ejected_below_floor,47627.108676,2026-08-21|EUR,1000000.0
CMC.DE,ejected_below_floor,311075.382555,2026-08-21|EUR,1000000.0
SOT.DE,ejected_below_floor,5600.986744500001,2026-08-21|EUR,1000000.0
PARRO.PA,ejected_below_floor,635208.04572,2026-08-21|EUR,1000000.0
WEW.DE,ejected_below_floor,341913.69000000006,2026-08-21|EUR,1000000.0
0IHP.L,ejected_below_floor,38321.92,2026-08-21|USD,1000000.0
AIM.TO,ejected_below_floor,111263.9224655,2026-08-21|CAD,1000000.0
0HEC.L,ejected_below_floor,151728.52000000002,2026-08-21|USD,1000000.0
HNL.DE,ejected_below_floor,17053.755207,2026-08-21|EUR,1000000.0
SDOS.ST,ejected_below_floor,11238.052924,2026-08-21|SEK,1000000.0
0IQC.L,ejected_below_floor,38109.6,2026-08-21|USD,1000000.0
FPAR-A.ST,ejected_below_floor,737956.497,2026-08-21|SEK,1000000.0
FPAR-D.ST,ejected_below_floor,183043.0008,2026-08-21|SEK,1000000.0
TROAX.ST,ejected_below_floor,868991.3934,2026-08-21|SEK,1000000.0
030610.KS,ejected_below_floor,556226.4177681382,2026-08-21|KRW,1000000.0
0RAR.L,ejected_below_floor,68458.835355,2026-08-21|EUR,1000000.0
0E9V.L,ejected_below_floor,86943.383985,2026-08-21|EUR,1000000.0
0GMG.L,ejected_below_floor,90308.7383625,2026-08-21|SEK,1000000.0
0RKK.L,ejected_below_floor,1447.064095,2026-08-21|SEK,1000000.0
ALEMS.BR,ejected_below_floor,443.7652800000001,2026-08-21|EUR,1000000.0
0FH7.L,ejected_below_floor,35442.954900000004,2026-08-21|EUR,1000000.0
NRC.OL,ejected_below_floor,296793.576828,2026-08-21|NOK,1000000.0
SHLE.TO,ejected_below_floor,204163.45229700004,2026-08-21|CAD,1000000.0
MYPS,ejected_below_floor,450114.916,2026-08-21|USD,1000000.0
MELG.OL,ejected_below_floor,9303.66969,2026-08-21|NOK,1000000.0
027740.KS,ejected_below_floor,418921.68164513534,2026-08-21|KRW,1000000.0
XD4.DE,ejected_below_floor,59403.599715,2026-08-21|EUR,1000000.0
GBT.PA,ejected_below_floor,122176.34281500003,2026-08-21|EUR,1000000.0
ITB.DE,ejected_below_floor,750764.1051060001,2026-08-21|EUR,1000000.0
ASRV,ejected_below_floor,90495.54,2026-08-21|USD,1000000.0
ALHUN.PA,ejected_below_floor,1696.6330650000002,2026-08-21|EUR,1000000.0
4C.ST,ejected_below_floor,78456.809476,2026-08-21|SEK,1000000.0
BRAG.TO,ejected_below_floor,13900.51936,2026-08-21|CAD,1000000.0
BLCO.TO,ejected_below_floor,34111.814464,2026-08-21|CAD,1000000.0
038290.KQ,ejected_below_floor,384279.943283625,2026-08-21|KRW,1000000.0
DPT.PA,ejected_below_floor,3648.25543122,2026-08-21|EUR,1000000.0
MCP.DE,ejected_below_floor,11409.755394000002,2026-08-21|EUR,1000000.0
0OPY.L,ejected_below_floor,2972.9243850000003,2026-08-21|EUR,1000000.0
WPAY.ST,ejected_below_floor,4374.345029,2026-08-21|SEK,1000000.0
1SI.DE,ejected_below_floor,69473.96008650001,2026-08-21|EUR,1000000.0
EKT.DE,ejected_below_floor,834770.5041,2026-08-21|EUR,1000000.0
ALX.AS,ejected_below_floor,1863.301422,2026-08-21|EUR,1000000.0
122990.KQ,ejected_below_floor,443531.7818879925,2026-08-21|KRW,1000000.0
KTF.DE,ejected_below_floor,47421.960462,2026-08-21|EUR,1000000.0
STRO.OL,ejected_below_floor,23744.749828800002,2026-08-21|NOK,1000000.0
SIS.DE,ejected_below_floor,24542.271,2026-08-21|EUR,1000000.0
DRIL.ST,ejected_below_floor,8628.697388,2026-08-21|SEK,1000000.0
099190.KQ,ejected_below_floor,867549.5731392,2026-08-21|KRW,1000000.0
CRWN.TO,ejected_below_floor,2531.6081280000003,2026-08-21|CAD,1000000.0
CAF.PA,ejected_below_floor,158278.67605200002,2026-08-21|EUR,1000000.0
0ND2.L,ejected_below_floor,76850.13613950001,2026-08-21|EUR,1000000.0
GMX.TO,ejected_below_floor,40494.255018,2026-08-21|CAD,1000000.0
DLAB.ST,ejected_below_floor,4454.205264,2026-08-21|SEK,1000000.0
009810.KS,ejected_below_floor,23071.08096436215,2026-08-21|KRW,1000000.0
GFP.TO,ejected_below_floor,5724.127465,2026-08-21|CAD,1000000.0
DAR.DE,ejected_below_floor,9896.501805000002,2026-08-21|EUR,1000000.0
ALNLF.PA,ejected_below_floor,20009.517249480003,2026-08-21|EUR,1000000.0
SRT.DE,ejected_below_floor,896732.62974,2026-08-21|EUR,1000000.0
VS,ejected_below_floor,56028.6969,2026-08-21|USD,1000000.0
CFYN.L,ejected_below_floor,1902.830175,2026-08-21|GBp,1000000.0
5EA.DE,ejected_below_floor,3993.7360245,2026-08-21|EUR,1000000.0
WSL.L,ejected_below_floor,117.24941775,2026-08-21|GBp,1000000.0
FLUI.ST,ejected_below_floor,48381.39768,2026-08-21|SEK,1000000.0
0QKU.L,ejected_below_floor,106548.53,2026-08-21|USD,1000000.0
BON.PA,ejected_below_floor,137738.19364500002,2026-08-21|EUR,1000000.0
BEZ.DE,ejected_below_floor,10137.939018000001,2026-08-21|EUR,1000000.0
0AAJ.L,ejected_below_floor,606368.667941625,2026-08-21|CHF,1000000.0
SCANA.OL,ejected_below_floor,43299.2931168,2026-08-21|NOK,1000000.0
MSAG.DE,ejected_below_floor,5173.5596715,2026-08-21|EUR,1000000.0
005257.KS,ejected_below_floor,12230.37758481,2026-08-21|KRW,1000000.0
B3.ST,ejected_below_floor,32301.19227,2026-08-21|SEK,1000000.0
MEAB-B.ST,ejected_below_floor,11501.5134,2026-08-21|SEK,1000000.0
PZS.DE,ejected_below_floor,32666.531832000004,2026-08-21|EUR,1000000.0
ALIMO.PA,ejected_below_floor,99.98703,2026-08-21|EUR,1000000.0
SNOR.OL,ejected_below_floor,32041.04904,2026-08-21|NOK,1000000.0
001070.KS,ejected_below_floor,69851.5717057565,2026-08-21|KRW,1000000.0
BYFC,ejected_below_floor,71126.52,2026-08-21|USD,1000000.0
BVB.DE,ejected_below_floor,409353.8987467501,2026-08-21|EUR,1000000.0
ALDUX.PA,ejected_below_floor,4794.051790500001,2026-08-21|EUR,1000000.0
ALECP.PA,ejected_below_floor,8161.577669700001,2026-08-21|EUR,1000000.0
7HP.DE,ejected_below_floor,162567.373815,2026-08-21|EUR,1000000.0
AAB.TO,ejected_below_floor,244.15111000000002,2026-08-21|CAD,1000000.0
BEWI.OL,ejected_below_floor,225765.259524,2026-08-21|NOK,1000000.0
298540.KQ,ejected_below_floor,113544.3580986603,2026-08-21|KRW,1000000.0
DCM.TO,ejected_below_floor,212717.32215999998,2026-08-21|CAD,1000000.0
ITAB.ST,ejected_below_floor,653869.14,2026-08-21|SEK,1000000.0
0L7F.L,ejected_below_floor,190314.63,2026-08-21|USD,1000000.0
0LXB.L,ejected_below_floor,271895.68,2026-08-21|USD,1000000.0
ARR.OL,ejected_below_floor,197371.85766480002,2026-08-21|NOK,1000000.0
DOMH,ejected_below_floor,432436.38,2026-08-21|USD,1000000.0
IXI.L,ejected_below_floor,5542.17133875,2026-08-21|GBp,1000000.0
VLN.TO,ejected_below_floor,40918.116645,2026-08-21|CAD,1000000.0
AIRG,ejected_below_floor,459075.39999999997,2026-08-21|USD,1000000.0
BST.DE,ejected_below_floor,18226.074,2026-08-21|EUR,1000000.0
CFC.DE,ejected_below_floor,2053.509849,2026-08-21|EUR,1000000.0
DFTK.DE,ejected_below_floor,1464.5536125,2026-08-21|EUR,1000000.0
ALYA.TO,ejected_below_floor,43514.843764000005,2026-08-21|CAD,1000000.0
NEOBO.ST,ejected_below_floor,706541.92833,2026-08-21|SEK,1000000.0
ACQ.TO,ejected_below_floor,632678.961747,2026-08-21|CAD,1000000.0
MAR.LS,ejected_below_floor,48126.204774000005,2026-08-21|EUR,1000000.0
NBA.LS,ejected_below_floor,35030.421,2026-08-21|EUR,1000000.0
O3P.DE,ejected_below_floor,23860.541250000002,2026-08-21|EUR,1000000.0
LCFS.TO,ejected_below_floor,418476.366553,2026-08-21|CAD,1000000.0
BAFN,ejected_below_floor,156251.25,2026-08-21|USD,1000000.0
AWC.DE,ejected_below_floor,15291.209946000003,2026-08-21|EUR,1000000.0
CVO.TO,ejected_below_floor,795678.2770859998,2026-08-21|CAD,1000000.0
MIND.L,ejected_below_floor,287.88549275,2026-08-21|GBp,1000000.0
UTG.ST,ejected_below_floor,25799.77984,2026-08-21|SEK,1000000.0
NRA.DE,ejected_below_floor,5205.1523099999995,2026-08-21|EUR,1000000.0
0EOF.L,ejected_below_floor,159486.8702091,2026-08-21|NOK,1000000.0
ARCOMA.ST,ejected_below_floor,5120.62965,2026-08-21|SEK,1000000.0
SPOG.OL,ejected_below_floor,106042.2353676,2026-08-21|NOK,1000000.0
0L8F.L,ejected_below_floor,371363.02,2026-08-21|USD,1000000.0
BRIN-B.ST,ejected_below_floor,52085.38443,2026-08-21|SEK,1000000.0
IBU.DE,ejected_below_floor,34998.373875000005,2026-08-21|EUR,1000000.0
WMB.DE,ejected_below_floor,6981.017521500001,2026-08-21|EUR,1000000.0
009320.KS,ejected_below_floor,183847.9018378347,2026-08-21|KRW,1000000.0
0O27.L,ejected_below_floor,51937.31880000001,2026-08-21|EUR,1000000.0
FLOWS.ST,ejected_below_floor,3822.2768,2026-08-21|SEK,1000000.0
0NL1.L,ejected_below_floor,565980.219207,2026-08-21|EUR,1000000.0
ADTR.ST,ejected_below_floor,31915.6119,2026-08-21|SEK,1000000.0
EAPI.PA,ejected_below_floor,172855.51362915002,2026-08-21|EUR,1000000.0
027970.KS,ejected_below_floor,57915.0045911835,2026-08-21|KRW,1000000.0
GME.DE,ejected_below_floor,1183.1565480000002,2026-08-21|EUR,1000000.0
MDM.PA,ejected_below_floor,20490.488892,2026-08-21|EUR,1000000.0
WILD.TO,ejected_below_floor,137911.52942,2026-08-21|CAD,1000000.0
ESI.TO,ejected_below_floor,647067.7616760001,2026-08-21|CAD,1000000.0
0IRK.L,ejected_below_floor,76518.74556000001,2026-08-21|EUR,1000000.0
PREC.ST,ejected_below_floor,75874.4249122,2026-08-21|SEK,1000000.0
0H14.L,ejected_below_floor,20438.501143499998,2026-08-21|SEK,1000000.0
006200.KS,ejected_below_floor,99118.4184944229,2026-08-21|KRW,1000000.0
NN6.DE,ejected_below_floor,41765.258334,2026-08-21|EUR,1000000.0
INR.DE,ejected_below_floor,125548.25390625001,2026-08-21|EUR,1000000.0
OGI.TO,ejected_below_floor,261908.358075,2026-08-21|CAD,1000000.0
SYN.IC,ejected_below_floor,11105.411603999999,2026-08-21|ISK,1000000.0
0HM0.L,ejected_below_floor,781901.3714400001,2026-08-21|EUR,1000000.0
EMR.L,ejected_below_floor,4409.752845,2026-08-21|GBp,1000000.0
SOGN.OL,ejected_below_floor,10484.530392000002,2026-08-21|NOK,1000000.0
TRAC-B.ST,ejected_below_floor,45236.7216,2026-08-21|SEK,1000000.0
0HEW.L,ejected_below_floor,95600.97,2026-08-21|USD,1000000.0
FNM.ST,ejected_below_floor,139090.1808,2026-08-21|SEK,1000000.0
ELABS.OL,ejected_below_floor,75945.02381235,2026-08-21|NOK,1000000.0
GRVO.PA,ejected_below_floor,6712.416000000001,2026-08-21|EUR,1000000.0
0KTI.L,ejected_below_floor,140111.87003100003,2026-08-21|CAD,1000000.0
YRB.TO,ejected_below_floor,4417.74221,2026-08-21|CAD,1000000.0
ASLI.L,ejected_below_floor,180655.02231471002,2026-08-21|GBp,1000000.0
PBEE.L,ejected_below_floor,185933.21842175,2026-08-21|GBp,1000000.0
ALICA.PA,ejected_below_floor,91390.033287,2026-08-21|EUR,1000000.0
SWN.DE,ejected_below_floor,5297.005197,2026-08-21|EUR,1000000.0
CAR.DE,ejected_below_floor,132251.34127950002,2026-08-21|EUR,1000000.0
PARB.OL,ejected_below_floor,478819.79544,2026-08-21|NOK,1000000.0
MNTC.ST,ejected_below_floor,12990.52816,2026-08-21|SEK,1000000.0
BOKUS.ST,ejected_below_floor,30196.281,2026-08-21|SEK,1000000.0
BICO.ST,ejected_below_floor,708948.663678,2026-08-21|SEK,1000000.0
0K05.L,ejected_below_floor,5359.5,2026-08-21|USD,1000000.0
TOBII.ST,ejected_below_floor,303991.7850486,2026-08-21|SEK,1000000.0
DRM.TO,ejected_below_floor,448093.01483099995,2026-08-21|CAD,1000000.0
DMRE.DE,ejected_below_floor,2649.8310975,2026-08-21|EUR,1000000.0
GRNQ,ejected_below_floor,68673.18,2026-08-21|USD,1000000.0
0GJS.L,ejected_below_floor,11254.204475999999,2026-08-21|EUR,1000000.0
SLIGR.AS,ejected_below_floor,877327.8275220002,2026-08-21|EUR,1000000.0
TITA-B.ST,ejected_below_floor,9730.200040000002,2026-08-21|SEK,1000000.0
003830.KS,ejected_below_floor,23049.3624886,2026-08-21|KRW,1000000.0
0NIQ.L,ejected_below_floor,376560.94392000005,2026-08-21|EUR,1000000.0
AB9.DE,ejected_below_floor,19402.29088875,2026-08-21|EUR,1000000.0
SHI.L,ejected_below_floor,122507.26044040003,2026-08-21|GBp,1000000.0
0N08.L,ejected_below_floor,66016.9684106352,2026-08-21|NOK,1000000.0
DURC-B.ST,ejected_below_floor,10301.85996,2026-08-21|SEK,1000000.0
S2M.ST,ejected_below_floor,2785.3845832,2026-08-21|SEK,1000000.0
ALTA.PA,ejected_below_floor,990511.84029,2026-08-21|EUR,1000000.0
ALMER.PA,ejected_below_floor,479.0520780000001,2026-08-21|EUR,1000000.0
ORV.TO,ejected_below_floor,318177.271881,2026-08-21|CAD,1000000.0
PAX.ST,ejected_below_floor,144894.013,2026-08-21|SEK,1000000.0
ALPAU.PA,ejected_below_floor,4492.354329,2026-08-21|EUR,1000000.0
000480.KS,ejected_below_floor,152081.187774255,2026-08-21|KRW,1000000.0
KOSS,ejected_below_floor,71685.59999999999,2026-08-21|USD,1000000.0
TRAIN-B.ST,ejected_below_floor,34987.424252000004,2026-08-21|SEK,1000000.0
FLAT-B.ST,ejected_below_floor,478993.307805,2026-08-21|SEK,1000000.0
G2M.ST,ejected_below_floor,64841.335695999995,2026-08-21|SEK,1000000.0
BOUL.ST,ejected_below_floor,11021.9421,2026-08-21|SEK,1000000.0
ILLM.TO,ejected_below_floor,40955.681130000004,2026-08-21|CAD,1000000.0
DEVP-B.ST,ejected_below_floor,13908.697525,2026-08-21|SEK,1000000.0
RY4C.DE,ejected_below_floor,490259.24895000004,2026-08-21|EUR,1000000.0
BANI.BR,ejected_below_floor,4813.851087000001,2026-08-21|EUR,1000000.0
078130.KQ,ejected_below_floor,518754.696377082,2026-08-21|KRW,1000000.0
ALCUR.PA,ejected_below_floor,23289.950929500003,2026-08-21|EUR,1000000.0
024900.KS,ejected_below_floor,179128.23227310088,2026-08-21|KRW,1000000.0
BCY.DE,ejected_below_floor,801143.9313003,2026-08-21|EUR,1000000.0
SB1.DE,ejected_below_floor,57715.590240000005,2026-08-21|EUR,1000000.0
SEDANA.ST,ejected_below_floor,139787.68746000002,2026-08-21|SEK,1000000.0
LABS.TO,ejected_below_floor,9539.21409,2026-08-21|CAD,1000000.0
BONAV-A.ST,ejected_below_floor,1833.233025,2026-08-21|SEK,1000000.0
BONAV-B.ST,ejected_below_floor,323780.258352,2026-08-21|SEK,1000000.0
CSCI.TO,ejected_below_floor,3840.67089,2026-08-21|CAD,1000000.0
DSNO.ST,ejected_below_floor,5118.5756807,2026-08-21|SEK,1000000.0
0R2C.L,ejected_below_floor,305377.698654,2026-08-21|CAD,1000000.0
DTG,ejected_below_floor,605410.45,2026-08-21|USD,1000000.0
GPG.ST,ejected_below_floor,26171.3714,2026-08-21|SEK,1000000.0
RSL2.DE,ejected_below_floor,13639.256400000002,2026-08-21|EUR,1000000.0
033290.KQ,ejected_below_floor,96043.71912135032,2026-08-21|KRW,1000000.0
ALESE.PA,ejected_below_floor,219808.68991200003,2026-08-21|EUR,1000000.0
AJA-B.ST,ejected_below_floor,77480.56079999999,2026-08-21|SEK,1000000.0
SF3.DE,ejected_below_floor,6208.635195000001,2026-08-21|EUR,1000000.0
BPOST.BR,ejected_below_floor,330961.18997760006,2026-08-21|EUR,1000000.0
CAD.L,ejected_below_floor,748.3343643750001,2026-08-21|GBp,1000000.0
KAKEL.ST,ejected_below_floor,2893.06668,2026-08-21|SEK,1000000.0
CAT-A.ST,ejected_below_floor,1153.3674,2026-08-21|SEK,1000000.0
CAT-B.ST,ejected_below_floor,234391.737228,2026-08-21|SEK,1000000.0
TELLUS.ST,ejected_below_floor,2258.628428,2026-08-21|SEK,1000000.0
225570.KQ,ejected_below_floor,966782.4602218383,2026-08-21|KRW,1000000.0
4AB.DE,ejected_below_floor,139287.75954,2026-08-21|EUR,1000000.0
ALBPK.PA,ejected_below_floor,43313.26266,2026-08-21|EUR,1000000.0
TNE5.DE,ejected_below_floor,173255.25082080002,2026-08-21|EUR,1000000.0
NETI-B.ST,ejected_below_floor,268163.16866850003,2026-08-21|SEK,1000000.0
AURG.OL,ejected_below_floor,15828.117690000001,2026-08-21|NOK,1000000.0
ENSI.L,ejected_below_floor,581026.03275,2026-08-21|GBp,1000000.0
JLT.ST,ejected_below_floor,2964.301358,2026-08-21|SEK,1000000.0
K2A-B.ST,ejected_below_floor,35102.848225,2026-08-21|SEK,1000000.0
KA8.DE,ejected_below_floor,2781.9235200000007,2026-08-21|EUR,1000000.0
YOC.DE,ejected_below_floor,7782.207300000001,2026-08-21|EUR,1000000.0
MKTW,ejected_below_floor,270762.61,2026-08-21|USD,1000000.0
RUA.L,ejected_below_floor,55112.406609000005,2026-08-21|GBp,1000000.0
H9W.DE,ejected_below_floor,1888.239912,2026-08-21|EUR,1000000.0
ADV.DE,ejected_below_floor,168483.97230000002,2026-08-21|EUR,1000000.0
CLAR,ejected_below_floor,836823.89,2026-08-21|USD,1000000.0
SVOL-A.ST,ejected_below_floor,353.136,2026-08-21|SEK,1000000.0
SVOL-B.ST,ejected_below_floor,836844.3513,2026-08-21|SEK,1000000.0
LACR.PA,ejected_below_floor,118999.94832000002,2026-08-21|EUR,1000000.0
CMCM,ejected_below_floor,48999.84,2026-08-21|USD,1000000.0
0QKR.L,ejected_below_floor,56015.888125,2026-08-21|CHF,1000000.0
0N7N.L,ejected_below_floor,210071.58468,2026-08-21|EUR,1000000.0
0LK3.L,ejected_below_floor,7866.75,2026-08-21|USD,1000000.0
XBRANE.ST,ejected_below_floor,27043.01825,2026-08-21|SEK,1000000.0
GRN.TO,ejected_below_floor,14282.8291095,2026-08-21|CAD,1000000.0
KOMPL.OL,ejected_below_floor,68881.527099,2026-08-21|NOK,1000000.0
0KEJ.L,ejected_below_floor,124241.79999999999,2026-08-21|USD,1000000.0
TECH.OL,ejected_below_floor,15250.714773,2026-08-21|NOK,1000000.0
AMUND.AS,ejected_below_floor,319.77204,2026-08-21|EUR,1000000.0
0RE6.L,ejected_below_floor,13559.2620920625,2026-08-21|CHF,1000000.0
ALUPG.PA,ejected_below_floor,1919.750976,2026-08-21|EUR,1000000.0
AXJ.DE,ejected_below_floor,48.927219750000006,2026-08-21|EUR,1000000.0
MUB.DE,ejected_below_floor,11324.8713,2026-08-21|EUR,1000000.0
SVI.TO,ejected_below_floor,845440.7839289999,2026-08-21|CAD,1000000.0
4PG.DE,ejected_below_floor,6017.261418,2026-08-21|EUR,1000000.0
JM2.DE,ejected_below_floor,371.909799,2026-08-21|EUR,1000000.0
403550.KS,ejected_below_floor,382335.760744703,2026-08-21|KRW,1000000.0
0HD2.L,ejected_below_floor,341084.7,2026-08-21|USD,1000000.0
STAR-A.ST,ejected_below_floor,748.698768,2026-08-21|SEK,1000000.0
STAR-B.ST,ejected_below_floor,23031.5416912,2026-08-21|SEK,1000000.0
BALT.OL,ejected_below_floor,1948.3847460000002,2026-08-21|NOK,1000000.0
MBQ.DE,ejected_below_floor,2964.6504000000004,2026-08-21|EUR,1000000.0
CDA.PA,ejected_below_floor,783818.7800625,2026-08-21|EUR,1000000.0
PTRK.ST,ejected_below_floor,25538.398242,2026-08-21|SEK,1000000.0
0AAW.L,ejected_below_floor,29703.373080000005,2026-08-21|EUR,1000000.0
002320.KS,ejected_below_floor,298807.6416513,2026-08-21|KRW,1000000.0
ECO.TO,ejected_below_floor,37247.456624,2026-08-21|CAD,1000000.0
ROGS.OL,ejected_below_floor,50455.1102328,2026-08-21|NOK,1000000.0
DVYSR.ST,ejected_below_floor,185978.84317999997,2026-08-21|SEK,1000000.0
IS.ST,ejected_below_floor,6880.165504,2026-08-21|SEK,1000000.0
ED4.DE,ejected_below_floor,15226.69617,2026-08-21|EUR,1000000.0
TXP.L,ejected_below_floor,45589.934676000004,2026-08-21|GBp,1000000.0
RAKE.ST,ejected_below_floor,3731.257047,2026-08-21|SEK,1000000.0
LGCL,ejected_below_floor,507416.73600000003,2026-08-21|USD,1000000.0
001020.KS,ejected_below_floor,58534.392746163496,2026-08-21|KRW,1000000.0
AAD.DE,ejected_below_floor,328010.59836000006,2026-08-21|EUR,1000000.0
CBDG.PA,ejected_below_floor,35081.6964,2026-08-21|EUR,1000000.0
JBOG.PA,ejected_below_floor,5692.50168,2026-08-21|EUR,1000000.0
DUL.DE,ejected_below_floor,17415.340005000002,2026-08-21|EUR,1000000.0
NCH2.DE,ejected_below_floor,697684.2655125001,2026-08-21|EUR,1000000.0
V3V.DE,ejected_below_floor,5470.0946325,2026-08-21|EUR,1000000.0
TXP.TO,ejected_below_floor,17307.174304,2026-08-21|CAD,1000000.0
CYR.DE,ejected_below_floor,7887.438405000001,2026-08-21|EUR,1000000.0
CPIX,ejected_below_floor,785012.4,2026-08-21|USD,1000000.0
DRT.TO,ejected_below_floor,20078.848719999998,2026-08-21|CAD,1000000.0
SAXG.ST,ejected_below_floor,2569.4742899999997,2026-08-21|SEK,1000000.0
WEST.OL,ejected_below_floor,17832.625566000002,2026-08-21|NOK,1000000.0
ALINN.PA,ejected_below_floor,15385.824712500002,2026-08-21|EUR,1000000.0
GSF.OL,ejected_below_floor,790007.9013288,2026-08-21|NOK,1000000.0
OBEL.BR,ejected_below_floor,32053.88403,2026-08-21|EUR,1000000.0
0R53.L,ejected_below_floor,531.806,2026-08-21|SEK,1000000.0
SBB-D.ST,ejected_below_floor,264585.97088,2026-08-21|SEK,1000000.0
QEC.TO,ejected_below_floor,4826.830638,2026-08-21|CAD,1000000.0
ADCO.TO,ejected_below_floor,535.2668474999999,2026-08-21|CAD,1000000.0
MAS.OL,ejected_below_floor,159052.285098,2026-08-21|NOK,1000000.0
CABKA.AS,ejected_below_floor,8148.127200000001,2026-08-21|EUR,1000000.0
CECV.DE,ejected_below_floor,258292.8354,2026-08-21|EUR,1000000.0
PEN.L,ejected_below_floor,27315.817184500003,2026-08-21|GBp,1000000.0
FGA.PA,ejected_below_floor,337268.13876,2026-08-21|EUR,1000000.0
BNE.TO,ejected_below_floor,246189.55165,2026-08-21|CAD,1000000.0
ACROUD.ST,ejected_below_floor,2103.9390949999997,2026-08-21|SEK,1000000.0
GYL.OL,ejected_below_floor,602.65296,2026-08-21|NOK,1000000.0
GTK.DE,ejected_below_floor,1757.5226025000002,2026-08-21|EUR,1000000.0
KDEV.ST,ejected_below_floor,67420.6721496,2026-08-21|SEK,1000000.0
PIG.PA,ejected_below_floor,20114.87328,2026-08-21|EUR,1000000.0
GLO.TO,ejected_below_floor,506241.7694950001,2026-08-21|CAD,1000000.0
REJL-B.ST,ejected_below_floor,733776.8802,2026-08-21|SEK,1000000.0
USIO,ejected_below_floor,755243.7000000001,2026-08-21|USD,1000000.0
CEC.DE,ejected_below_floor,206644.24371600003,2026-08-21|EUR,1000000.0
ARTO.PA,ejected_below_floor,11536.965000000002,2026-08-11|EUR,1000000.0
AYTU,ejected_below_floor,67810.44,2026-08-21|USD,1000000.0
0I6Q.L,ejected_below_floor,225464.40000000002,2026-08-21|USD,1000000.0
0DI7.L,ejected_below_floor,280.033605,2026-08-21|EUR,1000000.0
CY1K.DE,ejected_below_floor,8359.75476,2026-08-21|EUR,1000000.0
036220.KQ,ejected_below_floor,119095.3959748245,2026-08-21|KRW,1000000.0
CIMN,ejected_below_floor,183106.7784,2026-08-21|USD,1000000.0
OTEC.OL,ejected_below_floor,94576.90445280001,2026-08-21|NOK,1000000.0
BELYS.BR,ejected_below_floor,5378.840735400001,2026-08-21|EUR,1000000.0
006880.KS,ejected_below_floor,141921.35443949274,2026-08-21|KRW,1000000.0
NAVA.OL,ejected_below_floor,27287.768686500003,2026-08-21|NOK,1000000.0
GURU.TO,ejected_below_floor,20139.32718,2026-08-21|CAD,1000000.0
003070.KS,ejected_below_floor,258248.306571612,2026-08-21|KRW,1000000.0
003075.KS,ejected_below_floor,12667.6844794765,2026-08-21|KRW,1000000.0
IFA.TO,ejected_below_floor,262505.02355,2026-08-21|CAD,1000000.0
CDON.ST,ejected_below_floor,2853.00256,2026-08-21|SEK,1000000.0
TRANS.ST,ejected_below_floor,41392.104744,2026-08-21|SEK,1000000.0
DEX.DE,ejected_below_floor,8922.292512000002,2026-08-21|EUR,1000000.0
101140.KS,ejected_below_floor,51915.896681922,2026-08-21|KRW,1000000.0
GEC.TO,ejected_below_floor,2462.3862725000004,2026-08-21|CAD,1000000.0
COMPDM.ST,ejected_below_floor,3182.096935,2026-08-21|SEK,1000000.0
AGFB.BR,ejected_below_floor,59004.447529050005,2026-08-21|EUR,1000000.0
BONG.ST,ejected_below_floor,64575.7908768,2026-08-21|SEK,1000000.0
ALSPT.PA,ejected_below_floor,2592.390996,2026-08-21|EUR,1000000.0
ARP.ST,ejected_below_floor,25893.732513599996,2026-08-21|SEK,1000000.0
ALHF.PA,ejected_below_floor,27930.223134,2026-08-21|EUR,1000000.0
TSL.TO,ejected_below_floor,6574.730302,2026-08-21|CAD,1000000.0
HAVI.OL,ejected_below_floor,20340.07395,2026-08-21|NOK,1000000.0
KJELL.ST,ejected_below_floor,546485.30649,2026-08-21|SEK,1000000.0
AJAX.AS,ejected_below_floor,18648.163770000003,2026-08-21|EUR,1000000.0
0HVA.L,ejected_below_floor,1215.599892,2026-08-21|EUR,1000000.0
XTRA.TO,ejected_below_floor,55597.667853000006,2026-08-21|CAD,1000000.0
0Q19.L,ejected_below_floor,2273.04,2026-08-21|USD,1000000.0
ALISP.PA,ejected_below_floor,627.377826,2026-08-21|EUR,1000000.0
ALCOI.PA,ejected_below_floor,1063.6499055,2026-08-21|EUR,1000000.0
ADN.TO,ejected_below_floor,97074.85662,2026-08-21|CAD,1000000.0
VNV.ST,ejected_below_floor,264295.8108,2026-08-21|SEK,1000000.0
001780.KS,ejected_below_floor,688474.4131474113,2026-08-21|KRW,1000000.0
FLEXD.LS,ejected_below_floor,8102.095875000002,2026-08-21|EUR,1000000.0
0A39.L,ejected_below_floor,323226.82067,2026-08-21|SEK,1000000.0
SYT.DE,ejected_below_floor,2423.9280000000003,2026-08-21|EUR,1000000.0
0A6Y.L,ejected_below_floor,7035.4,2026-08-21|USD,1000000.0
NKR.OL,ejected_below_floor,267183.603645,2026-08-21|NOK,1000000.0
ETG.DE,ejected_below_floor,25465.2282,2026-08-21|EUR,1000000.0
LINC.ST,ejected_below_floor,206984.72825,2026-08-21|SEK,1000000.0
ALAQU.PA,ejected_below_floor,1590.8192850000003,2026-08-21|EUR,1000000.0
ELTEL.ST,ejected_below_floor,116022.84330999998,2026-08-21|SEK,1000000.0
BIOWKS.ST,ejected_below_floor,15545.256920000002,2026-08-21|SEK,1000000.0
271940.KS,ejected_below_floor,416217.38074041397,2026-08-21|KRW,1000000.0
ALBI.PA,ejected_below_floor,2295.5064300000004,2026-08-21|EUR,1000000.0
ALEMG.PA,ejected_below_floor,5693.433960000001,2026-08-21|EUR,1000000.0
011280.KS,ejected_below_floor,124502.80977747808,2026-08-21|KRW,1000000.0
RMTI,ejected_below_floor,297140.39999999997,2026-08-21|USD,1000000.0
M3B0.DE,ejected_below_floor,7463.181084000002,2026-08-21|EUR,1000000.0
ALWF.PA,ejected_below_floor,7629.3949545000005,2026-08-21|EUR,1000000.0
ZPHR.L,ejected_below_floor,129665.17049700001,2026-08-21|GBp,1000000.0
LYGRD.ST,ejected_below_floor,6102.50538,2026-08-21|SEK,1000000.0
BEGR.ST,ejected_below_floor,43682.586879999995,2026-08-21|SEK,1000000.0
ALKEY.PA,ejected_below_floor,12704.435937,2026-08-21|EUR,1000000.0
CNVS,ejected_below_floor,741226.75,2026-08-21|USD,1000000.0
QEC.OL,ejected_below_floor,95882.74009776,2026-08-21|NOK,1000000.0
SANG,ejected_below_floor,26546.6,2026-08-21|USD,1000000.0
ACT.TO,ejected_below_floor,348236.91405300004,2026-08-21|CAD,1000000.0
MSV.TO,ejected_below_floor,40336.679039999995,2026-08-21|CAD,1000000.0
SBO.OL,ejected_below_floor,84860.5387455,2026-08-21|NOK,1000000.0
BKHT.DE,ejected_below_floor,232058.01006000003,2026-08-21|EUR,1000000.0
058820.KQ,ejected_below_floor,370604.01310829684,2026-08-21|KRW,1000000.0
0K76.L,ejected_below_floor,43173.0,2026-08-21|USD,1000000.0
AXG,ejected_below_floor,400060.0,2026-08-21|USD,1000000.0
WEF.TO,ejected_below_floor,524807.336004,2026-08-21|CAD,1000000.0
HIGHCO-B.ST,ejected_below_floor,1575.7643,2026-08-21|SEK,1000000.0
FSPORT.ST,ejected_below_floor,150964.507022,2026-08-21|SEK,1000000.0
S.TO,ejected_below_floor,512571.83628000005,2026-08-21|CAD,1000000.0
IE.TO,ejected_below_floor,399984.29797200003,2026-08-21|CAD,1000000.0
VMX.PA,ejected_below_floor,63546.777892800004,2026-08-21|EUR,1000000.0
O5G.DE,ejected_below_floor,28.26556425,2026-08-21|EUR,1000000.0
SIFG.AS,ejected_below_floor,467989.77170850005,2026-08-21|EUR,1000000.0
CNT.TO,ejected_below_floor,2076.5798864999997,2026-08-21|CAD,1000000.0
0Q92.L,ejected_below_floor,2252.5603065,2026-08-21|NOK,1000000.0
BOAT.ST,ejected_below_floor,14970.922205000003,2026-08-21|SEK,1000000.0
0RHT.L,ejected_below_floor,5036.899077000001,2026-08-21|EUR,1000000.0
IFBD,ejected_below_floor,85183.4,2026-08-21|USD,1000000.0
0JVD.L,ejected_below_floor,146062.68,2026-08-21|USD,1000000.0
ALBIZ.PA,ejected_below_floor,6380.897232,2026-08-21|EUR,1000000.0
BONAS.ST,ejected_below_floor,2582.0968,2026-08-21|SEK,1000000.0
0A1S.L,ejected_below_floor,13639.000023000002,2026-08-21|EUR,1000000.0
RLYB,ejected_below_floor,787559.85,2026-08-21|USD,1000000.0
GRID.TO,ejected_below_floor,430461.71784,2026-08-21|CAD,1000000.0
ATEME.PA,ejected_below_floor,237899.56000500004,2026-08-21|EUR,1000000.0
LYKO-A.ST,ejected_below_floor,57365.38771999999,2026-08-21|SEK,1000000.0
CSPI,ejected_below_floor,264864.6,2026-08-21|USD,1000000.0
HHFA.DE,ejected_below_floor,101869.30332000002,2026-08-21|EUR,1000000.0
ICEAIR.IC,ejected_below_floor,210511.22168085002,2026-08-21|ISK,1000000.0
ORRON.ST,ejected_below_floor,647192.754988,2026-08-21|SEK,1000000.0
NEL.OL,ejected_below_floor,979246.47279375,2026-08-21|NOK,1000000.0
ALHIT.PA,ejected_below_floor,3478.56975,2026-08-21|EUR,1000000.0
004140.KS,ejected_below_floor,324503.6736603322,2026-08-21|KRW,1000000.0
GARO.ST,ejected_below_floor,41957.75294399999,2026-08-21|SEK,1000000.0
IJ8.DE,ejected_below_floor,519073.54038915,2026-08-21|EUR,1000000.0
SVIK.ST,ejected_below_floor,601347.3068,2026-08-21|SEK,1000000.0
AAC.ST,ejected_below_floor,498871.14932,2026-08-21|SEK,1000000.0
OSSD.ST,ejected_below_floor,93272.0643925,2026-08-21|SEK,1000000.0
ESON.LS,ejected_below_floor,565.311285,2026-08-21|EUR,1000000.0
GTE.L,ejected_below_floor,30842.980425,2026-08-21|GBp,1000000.0
0JBU.L,ejected_below_floor,40448.6478,2026-08-21|USD,1000000.0
YQ,ejected_below_floor,17183.46,2026-08-21|USD,1000000.0
SODER.ST,ejected_below_floor,15527.389920000001,2026-08-21|SEK,1000000.0
0QAU.L,ejected_below_floor,1017.00677175,2026-08-21|EUR,1000000.0
2OY.DE,ejected_below_floor,99352.11235950001,2026-08-21|EUR,1000000.0
BMAX.ST,ejected_below_floor,716367.4856,2026-08-21|SEK,1000000.0
FEV.DE,ejected_below_floor,12302.483415,2026-08-21|EUR,1000000.0
078160.KQ,ejected_below_floor,765776.5201117945,2026-08-21|KRW,1000000.0
HLG.DE,ejected_below_floor,5166.651476700001,2026-08-21|EUR,1000000.0
MANG.ST,ejected_below_floor,5089.993,2026-08-21|SEK,1000000.0
1NBA.DE,ejected_below_floor,124583.14017000003,2026-08-21|EUR,1000000.0
3LN.DE,ejected_below_floor,908.6816625000001,2026-08-21|EUR,1000000.0
LUMI.OL,ejected_below_floor,5441.389631999999,2026-08-21|NOK,1000000.0
CLOUD.OL,ejected_below_floor,182127.91415280002,2026-08-21|NOK,1000000.0
STUDBO.ST,ejected_below_floor,11251.277131499999,2026-08-21|SEK,1000000.0
0KDH.L,ejected_below_floor,639427.46,2026-08-21|USD,1000000.0
ADJ.DE,ejected_below_floor,9437.435479500002,2026-08-21|EUR,1000000.0
PGH.DE,ejected_below_floor,1230.796056,2026-08-21|EUR,1000000.0
CEA.DE,ejected_below_floor,3381.0998760000007,2026-08-21|EUR,1000000.0
200230.KQ,ejected_below_floor,131608.6975940328,2026-08-21|KRW,1000000.0
AVNT.TO,ejected_below_floor,3469.0314750000002,2026-08-21|CAD,1000000.0
MOB.ST,ejected_below_floor,99308.28162599998,2026-08-21|SEK,1000000.0
ECK.DE,ejected_below_floor,26178.422400000003,2026-08-21|EUR,1000000.0
HYPRO.OL,ejected_below_floor,41161.16840892,2026-08-21|NOK,1000000.0
049800.KS,ejected_below_floor,50336.813723927036,2026-08-21|KRW,1000000.0
DUST.ST,ejected_below_floor,210973.34682,2026-08-21|SEK,1000000.0
MOP.BR,ejected_below_floor,1594.1988000000001,2026-08-21|EUR,1000000.0
SENZA.ST,ejected_below_floor,6412.8867,2026-08-21|SEK,1000000.0
SEED.L,ejected_below_floor,6580.33209625,2026-08-21|GBp,1000000.0
FLEXM.ST,ejected_below_floor,9453.27205,2026-08-21|SEK,1000000.0
CANDLE-B.ST,ejected_below_floor,17520.42224,2026-08-21|SEK,1000000.0
N4G0.DE,ejected_below_floor,21459.034584000005,2026-08-21|EUR,1000000.0
0QVW.L,ejected_below_floor,877.3337475,2026-08-21|EUR,1000000.0
SRP.PA,ejected_below_floor,31085.944320000002,2026-08-21|EUR,1000000.0
BREB.BR,ejected_below_floor,611840.9136600001,2026-08-21|EUR,1000000.0
QB7.DE,ejected_below_floor,3016.508475,2026-08-21|EUR,1000000.0
0QT0.L,ejected_below_floor,15757.068749999999,2026-08-21|CHF,1000000.0
PNC-B.TO,ejected_below_floor,16.23825,2026-08-21|CAD,1000000.0
0HWG.L,ejected_below_floor,32971.18,2026-08-21|USD,1000000.0
PROAC.PA,ejected_below_floor,5425.103965050001,2026-08-21|EUR,1000000.0
KFAST-B.ST,ejected_below_floor,101058.724228,2026-08-21|SEK,1000000.0
0K5R.L,ejected_below_floor,3558.8799999999997,2026-08-21|USD,1000000.0
WAH.DE,ejected_below_floor,20611.592064000004,2026-08-21|EUR,1000000.0
ELUX-A.ST,ejected_below_floor,57507.567,2026-08-21|SEK,1000000.0
IMP.TO,ejected_below_floor,98085.16445,2026-08-21|CAD,1000000.0
ICO.ST,ejected_below_floor,7019.684177500001,2026-08-21|SEK,1000000.0
SEZI.ST,ejected_below_floor,66415.80043450001,2026-08-21|SEK,1000000.0
BACTI-B.ST,ejected_below_floor,4820.11722,2026-08-21|SEK,1000000.0
CSBR,ejected_below_floor,44864.104499999994,2026-08-21|USD,1000000.0
CRI.PA,ejected_below_floor,130580.38087500002,2026-08-21|EUR,1000000.0
0J5I.L,ejected_below_floor,294161.27999999997,2026-08-21|USD,1000000.0
CDR.TO,ejected_below_floor,481268.76274400007,2026-08-21|CAD,1000000.0
0OQ0.L,ejected_below_floor,38567.07179400001,2026-08-21|EUR,1000000.0
BNG.TO,ejected_below_floor,814.2941099999999,2026-08-21|CAD,1000000.0
STC.TO,ejected_below_floor,60121.40614200001,2026-08-21|CAD,1000000.0
W5.ST,ejected_below_floor,187158.4015,2026-08-21|SEK,1000000.0
AREIT.PA,ejected_below_floor,681.7297500000001,2026-08-21|EUR,1000000.0
VAC.PA,ejected_below_floor,869787.9267861001,2026-08-21|EUR,1000000.0
010640.KS,ejected_below_floor,219341.5824964807,2026-08-21|KRW,1000000.0
FRX.TO,ejected_below_floor,8205.483622,2026-08-21|CAD,1000000.0
TITC.BR,ejected_below_floor,525423.91827,2026-08-21|EUR,1000000.0
BOMILL.ST,ejected_below_floor,3342.85264,2026-08-21|SEK,1000000.0
PFV.DE,ejected_below_floor,483807.87135000003,2026-08-21|EUR,1000000.0
SONE.ST,ejected_below_floor,720.52356,2026-08-21|SEK,1000000.0
BGO.L,ejected_below_floor,126521.07504750001,2026-08-21|GBp,1000000.0
EVO,ejected_below_floor,103359.22,2026-08-21|USD,1000000.0
FIPP.PA,ejected_below_floor,1570.3359280500003,2026-08-21|EUR,1000000.0
GTY.DE,ejected_below_floor,441.7259175,2026-08-21|EUR,1000000.0
EAGR.TO,ejected_below_floor,4508.618674,2026-08-21|CAD,1000000.0
ALPHI.PA,ejected_below_floor,4237.9118100000005,2026-08-21|EUR,1000000.0
002070.KS,ejected_below_floor,913308.287382144,2026-08-21|KRW,1000000.0
NEXAM.ST,ejected_below_floor,19658.919266,2026-08-21|SEK,1000000.0
SUR.DE,ejected_below_floor,12374.035905000002,2026-08-21|EUR,1000000.0
PXLW,ejected_below_floor,409469.76,2026-08-21|USD,1000000.0
CHG.DE,ejected_below_floor,863254.68801,2026-08-21|EUR,1000000.0
GTE.TO,ejected_below_floor,739933.858755,2026-08-21|CAD,1000000.0
PCAT.ST,ejected_below_floor,2418.429825,2026-08-21|SEK,1000000.0
BORR.OL,ejected_below_floor,624064.1036448,2026-08-21|NOK,1000000.0
ALXIL.PA,ejected_below_floor,102865.67757,2026-08-21|EUR,1000000.0
MIDS.ST,ejected_below_floor,129473.52113079999,2026-08-21|SEK,1000000.0
IMMO.BR,ejected_below_floor,61477.340039999995,2026-08-21|EUR,1000000.0
ALM.ST,ejected_below_floor,6322.41662,2026-08-21|SEK,1000000.0
GEOS,ejected_below_floor,796652.33,2026-08-21|USD,1000000.0
TEAM.L,ejected_below_floor,13061.38934775,2026-08-21|GBp,1000000.0
PMT,kept_no_reading,,not-captured,1000000.0
B7J1.DE,ejected_below_floor,1030.076172,2026-08-21|EUR,1000000.0
EPIS-B.ST,ejected_below_floor,247784.07559428003,2026-08-21|SEK,1000000.0
SANION.ST,ejected_below_floor,470601.471134,2026-08-21|SEK,1000000.0
067990.KQ,ejected_below_floor,336937.2054830236,2026-08-21|KRW,1000000.0
IVACC.ST,ejected_below_floor,38987.805403800005,2026-08-21|SEK,1000000.0
003080.KS,ejected_below_floor,93231.71575499175,2026-08-21|KRW,1000000.0
MORG.OL,ejected_below_floor,249143.290305,2026-08-21|NOK,1000000.0
004910.KS,ejected_below_floor,57872.227643430895,2026-08-21|KRW,1000000.0
PSAN.DE,ejected_below_floor,33835.471110000006,2026-08-21|EUR,1000000.0
SCYX,ejected_below_floor,701632.5,2026-08-21|USD,1000000.0
FYB.DE,ejected_below_floor,129909.48888000002,2026-08-21|EUR,1000000.0
0W4N.L,ejected_below_floor,17592.403284000004,2026-08-21|EUR,1000000.0
SWG.L,ejected_below_floor,60309.254040750006,2026-08-21|GBp,1000000.0
CORE-A.ST,ejected_below_floor,5750.990022,2026-08-21|SEK,1000000.0
CORE-D.ST,ejected_below_floor,249264.35625,2026-08-21|SEK,1000000.0
IBE1.DE,ejected_below_floor,366176.090544,2026-08-21|EUR,1000000.0
0LEC.L,ejected_below_floor,59263.148400000005,2026-08-21|USD,1000000.0
NBG6.DE,ejected_below_floor,8594.456250000001,2026-08-21|EUR,1000000.0
0HSU.L,ejected_below_floor,2074.37,2026-08-21|USD,1000000.0
CLS-B.ST,ejected_below_floor,13594.357087999999,2026-08-21|SEK,1000000.0
BRNK.DE,ejected_below_floor,63081.887148,2026-08-21|EUR,1000000.0
SOUC.L,ejected_below_floor,1977.0160781250001,2026-08-21|GBp,1000000.0
0R3I.L,ejected_below_floor,408579.22206675,2026-08-21|NOK,1000000.0
MAVEN.ST,ejected_below_floor,6459.865349,2026-08-21|SEK,1000000.0
WAYS.ST,ejected_below_floor,20046.647879999997,2026-08-21|SEK,1000000.0
BUSER.ST,ejected_below_floor,9033.218879999999,2026-08-21|SEK,1000000.0
PERP-B.ST,ejected_below_floor,1110.746197,2026-08-21|SEK,1000000.0
SMSI,ejected_below_floor,482643.77999999997,2026-08-21|USD,1000000.0
SERT.ST,ejected_below_floor,11745.315972,2026-08-21|SEK,1000000.0
007160.KS,ejected_below_floor,241221.94993104,2026-08-21|KRW,1000000.0
REAL.TO,ejected_below_floor,152301.195389,2026-08-21|CAD,1000000.0
HEGR.ST,ejected_below_floor,4508.2460024,2026-08-21|SEK,1000000.0
0KUR.L,ejected_below_floor,59958.65592000001,2026-08-21|EUR,1000000.0
ALIMR.PA,ejected_below_floor,419.99214000000006,2026-08-21|EUR,1000000.0
MLLCB.PA,ejected_below_floor,442.55331600000005,2026-08-21|EUR,1000000.0
BIOVIC-B.ST,ejected_below_floor,36417.032288,2026-08-21|SEK,1000000.0
026910.KQ,ejected_below_floor,780035.321376277,2026-08-21|KRW,1000000.0
CPINV.BR,ejected_below_floor,607051.32516,2026-08-21|EUR,1000000.0
CFF.TO,ejected_below_floor,4584.779675,2026-08-21|CAD,1000000.0
004870.KS,ejected_below_floor,963322.4593501937,2026-08-21|KRW,1000000.0
UN9.DE,ejected_below_floor,29577.701736000003,2026-08-21|EUR,1000000.0
V6C.DE,ejected_below_floor,26274.820152000004,2026-08-21|EUR,1000000.0
ALDNE.PA,ejected_below_floor,7333.0138197,2026-08-21|EUR,1000000.0
GPX.ST,ejected_below_floor,1718.8894799999998,2026-08-21|SEK,1000000.0
PNE.TO,ejected_below_floor,90950.82796800001,2026-08-21|CAD,1000000.0
GAPW-B.ST,ejected_below_floor,86591.86897999998,2026-08-21|SEK,1000000.0
SYN.L,ejected_below_floor,7801.48795010075,2026-08-21|GBp,1000000.0
EQS,ejected_below_floor,16833.300000000003,2026-08-21|USD,1000000.0
JFU,ejected_below_floor,387825.7,2026-08-21|USD,1000000.0
0RRB.L,ejected_below_floor,169238.5667285625,2026-08-21|CHF,1000000.0
MOBA.ST,ejected_below_floor,7540.1434764,2026-08-21|SEK,1000000.0
KDNC.L,ejected_below_floor,123588.350787,2026-08-21|GBp,1000000.0
FREJA.ST,ejected_below_floor,86873.558,2026-08-21|SEK,1000000.0
SLBEN.LS,ejected_below_floor,10446.943224,2026-08-21|EUR,1000000.0
AAA.PA,ejected_below_floor,1886.2588170000004,2026-08-21|EUR,1000000.0
NORDH.OL,ejected_below_floor,27478.463922,2026-08-21|NOK,1000000.0
UMIDA-B.ST,ejected_below_floor,4513.2193344,2026-08-21|SEK,1000000.0
IBAB.BR,ejected_below_floor,542291.6136960001,2026-08-21|EUR,1000000.0
ONEF.ST,ejected_below_floor,8866.8666,2026-08-21|SEK,1000000.0
XTP.DE,ejected_below_floor,59628.04612500001,2026-08-21|EUR,1000000.0
IMMU.ST,ejected_below_floor,20835.638834999998,2026-08-21|SEK,1000000.0
MRX.DE,ejected_below_floor,8396.11368,2026-08-21|EUR,1000000.0
NILS.ST,ejected_below_floor,2371.7496600000004,2026-08-21|SEK,1000000.0
HBIO,ejected_below_floor,146159.2,2026-08-21|USD,1000000.0
115160.KQ,ejected_below_floor,71097.63706836,2026-08-21|KRW,1000000.0
ALAIR.PA,ejected_below_floor,76390.09092,2026-08-21|EUR,1000000.0
289220.KQ,ejected_below_floor,47416.0054720488,2026-08-21|KRW,1000000.0
ACCON.ST,ejected_below_floor,886466.11816,2026-08-21|SEK,1000000.0
ACD.TO,ejected_below_floor,4889.993822,2026-08-21|CAD,1000000.0
HHS,ejected_below_floor,368563.04000000004,2026-08-21|USD,1000000.0
LAMM-B.ST,ejected_below_floor,42464.94032,2026-08-21|SEK,1000000.0
5PG.OL,ejected_below_floor,33559.4812476,2026-08-21|NOK,1000000.0
QLIRO.ST,ejected_below_floor,82876.641785,2026-08-21|SEK,1000000.0
VERT-B.ST,ejected_below_floor,41929.51888,2026-08-21|SEK,1000000.0
0K3W.L,ejected_below_floor,765.51,2026-08-21|USD,1000000.0
NPK.TO,ejected_below_floor,36089.582795,2026-08-21|CAD,1000000.0
INCOAX.ST,ejected_below_floor,14897.9855376,2026-08-21|SEK,1000000.0
0HK4.L,ejected_below_floor,127624.43999999999,2026-08-21|USD,1000000.0
NANEXA.ST,ejected_below_floor,194593.935373,2026-08-21|SEK,1000000.0
FNAC.PA,ejected_below_floor,450064.22982000007,2026-08-21|EUR,1000000.0
ALESA.PA,ejected_below_floor,13531.589713500001,2026-08-21|EUR,1000000.0
TSQ,ejected_below_floor,413718.31,2026-08-21|USD,1000000.0
GFG.DE,ejected_below_floor,51323.23994820001,2026-08-21|EUR,1000000.0
STVG.L,ejected_below_floor,149072.84518912502,2026-08-21|GBp,1000000.0
ALAR,ejected_below_floor,393979.56,2026-08-21|USD,1000000.0
BINV.ST,ejected_below_floor,320483.6371,2026-08-21|SEK,1000000.0
RM.L,ejected_below_floor,301308.0255325,2026-08-21|GBp,1000000.0
ALLIX.PA,ejected_below_floor,303812.57175,2026-08-21|EUR,1000000.0
ZEO,ejected_below_floor,308383.2,2026-08-21|USD,1000000.0
BLNE,ejected_below_floor,450185.16000000003,2026-08-21|USD,1000000.0
SOLV.BR,ejected_below_floor,106620.78487500001,2026-08-21|EUR,1000000.0
GJAJ.PA,ejected_below_floor,392.3616915,2026-08-21|EUR,1000000.0
AGROUP.ST,ejected_below_floor,40502.344959999995,2026-08-21|SEK,1000000.0
STW.ST,ejected_below_floor,45318.4894,2026-08-21|SEK,1000000.0
VPLAY-A.ST,ejected_below_floor,19.674719999999997,2026-08-21|SEK,1000000.0
VTR.PA,ejected_below_floor,726.595725,2026-08-21|EUR,1000000.0
LEVEL.ST,ejected_below_floor,5429.954715,2026-08-21|SEK,1000000.0
PCOM-B.ST,ejected_below_floor,4636.776576,2026-08-21|SEK,1000000.0
CLIME-B.ST,ejected_below_floor,24779.256738,2026-08-21|SEK,1000000.0
0JX5.L,ejected_below_floor,48941.92,2026-08-21|USD,1000000.0
QTRH.TO,ejected_below_floor,603996.14275,2026-08-21|CAD,1000000.0
ABDX.L,ejected_below_floor,21991.3733985,2026-08-21|GBp,1000000.0
KTA.DE,ejected_below_floor,59683.167180000004,2026-08-21|EUR,1000000.0
002025.KS,ejected_below_floor,61982.2306911582,2026-08-21|KRW,1000000.0
STWK.ST,ejected_below_floor,8106.531159999999,2026-08-21|SEK,1000000.0
FERRO.ST,ejected_below_floor,33159.133029000004,2026-08-21|SEK,1000000.0
IES.DE,ejected_below_floor,463448.32234935,2026-08-21|EUR,1000000.0
008250.KS,ejected_below_floor,53108.545255749996,2026-08-21|KRW,1000000.0
ALGRO.PA,ejected_below_floor,50032.67076,2026-08-21|EUR,1000000.0
ALDUB.PA,ejected_below_floor,1478.3163960000002,2026-08-21|EUR,1000000.0
065660.KQ,ejected_below_floor,459674.98820693156,2026-08-21|KRW,1000000.0
ENZY.ST,ejected_below_floor,15123.774389999999,2026-08-21|SEK,1000000.0
EAAS.L,ejected_below_floor,51361.567347000004,2026-08-21|GBp,1000000.0
DKL.L,ejected_below_floor,2190.406347375,2026-08-21|GBp,1000000.0
INTEG-B.ST,ejected_below_floor,39366.588116000006,2026-08-21|SEK,1000000.0
SCIB.ST,ejected_below_floor,12552.9338,2026-08-21|SEK,1000000.0
CDLX,ejected_below_floor,282325.1,2026-08-21|USD,1000000.0
338220.KQ,ejected_below_floor,285569.92424394697,2026-08-21|KRW,1000000.0
FREEM.ST,ejected_below_floor,100188.90401599999,2026-08-21|SEK,1000000.0
AXIC-A.ST,ejected_below_floor,17168.574766,2026-08-21|SEK,1000000.0
133820.KS,ejected_below_floor,67644.40667496684,2026-08-21|KRW,1000000.0
CLAV.ST,ejected_below_floor,437978.1234012,2026-08-21|SEK,1000000.0
ALCRB.PA,ejected_below_floor,270887.70513,2026-08-21|EUR,1000000.0
KOS.L,ejected_below_floor,11998.965636,2026-08-21|GBp,1000000.0
ACARIX.ST,ejected_below_floor,24465.525881,2026-08-21|SEK,1000000.0
214680.KQ,ejected_below_floor,318790.35101061116,2026-08-21|KRW,1000000.0
WUW.DE,ejected_below_floor,392774.714847,2026-08-21|EUR,1000000.0
KEBNI-B.ST,ejected_below_floor,73881.900015,2026-08-21|SEK,1000000.0
VEL.L,ejected_below_floor,15249.725628000002,2026-08-21|GBp,1000000.0
0UU0.L,ejected_below_floor,313964.9399250001,2026-08-21|CAD,1000000.0
ALBERT.ST,ejected_below_floor,4876.15654,2026-08-21|SEK,1000000.0
MEGL,ejected_below_floor,44445.96,2026-08-21|USD,1000000.0
BRT,ejected_below_floor,575513.12,2026-08-21|USD,1000000.0
ISHA.DE,ejected_below_floor,11029.851294000002,2026-08-21|EUR,1000000.0
NOHAL.OL,ejected_below_floor,10250.637516,2026-08-21|NOK,1000000.0
VBIO,ejected_below_floor,834935.0562,2026-08-21|USD,1000000.0
ALKLA.PA,ejected_below_floor,27279.44508,2026-08-21|EUR,1000000.0
NETEL.ST,ejected_below_floor,29691.147277999997,2026-08-21|SEK,1000000.0
NOBI.ST,ejected_below_floor,611925.9072516,2026-08-21|SEK,1000000.0
EXPRS2.ST,ejected_below_floor,18334.67398,2026-08-21|SEK,1000000.0
CYVIZ.OL,ejected_below_floor,15979.188708000001,2026-08-21|NOK,1000000.0
VRCI.L,ejected_below_floor,4580.3906195625,2026-08-21|GBp,1000000.0
HDLY.OL,ejected_below_floor,23335.503828,2026-08-21|NOK,1000000.0
DEEZR.PA,ejected_below_floor,30303.67399875,2026-08-21|EUR,1000000.0
ALKKO.PA,ejected_below_floor,11831.69716455,2026-08-21|EUR,1000000.0
LLD.DE,ejected_below_floor,224442.92269012504,2026-08-21|EUR,1000000.0
VG80.DE,ejected_below_floor,343.91809200000006,2026-08-21|EUR,1000000.0
ALUNT.PA,ejected_below_floor,252.484731,2026-08-21|EUR,1000000.0
0RL9.L,ejected_below_floor,2228.3240025,2026-08-21|EUR,1000000.0
CLBIO.ST,ejected_below_floor,13326.24909,2026-08-21|SEK,1000000.0
ALATA.PA,ejected_below_floor,29351.087775000004,2026-08-21|EUR,1000000.0
229000.KQ,ejected_below_floor,852029.905020935,2026-08-21|KRW,1000000.0
ACOG,ejected_below_floor,812077.5,2026-08-21|USD,1000000.0
SPEC.ST,ejected_below_floor,14066.555833199998,2026-08-21|SEK,1000000.0
TI.TO,ejected_below_floor,240491.91057500002,2026-08-21|CAD,1000000.0
WBGR-B.ST,ejected_below_floor,56589.35244199999,2026-08-21|SEK,1000000.0
ALGTR.PA,ejected_below_floor,19503.763740000002,2026-08-21|EUR,1000000.0
MYSZ,ejected_below_floor,489409.83999999997,2026-08-21|USD,1000000.0
PYRUM.OL,ejected_below_floor,4764.564,2026-08-21|NOK,1000000.0
IPOK.DE,ejected_below_floor,6450.2122500000005,2026-08-21|EUR,1000000.0
ATEB.BR,ejected_below_floor,27321.281145,2026-08-21|EUR,1000000.0
STG.L,ejected_below_floor,6890.7741825,2026-08-21|GBp,1000000.0
051630.KS,ejected_below_floor,429209.67248150543,2026-08-21|KRW,1000000.0
YIELD.ST,ejected_below_floor,6827.632320000001,2026-08-21|SEK,1000000.0
FRAG.ST,ejected_below_floor,2179.2485,2026-08-21|SEK,1000000.0
0R6H.L,ejected_below_floor,25605.909252000005,2026-08-21|EUR,1000000.0
LXB.ST,ejected_below_floor,1226.6819019,2026-08-21|SEK,1000000.0
ALDAR.PA,ejected_below_floor,1801.4329905000002,2026-08-21|EUR,1000000.0
ALINV.PA,ejected_below_floor,19942.518014999998,2026-08-21|EUR,1000000.0
CFISH.ST,ejected_below_floor,22699.655649999997,2026-08-21|SEK,1000000.0
DLPN,ejected_below_floor,22449.9,2026-08-21|USD,1000000.0
079980.KS,ejected_below_floor,217454.74268085748,2026-08-21|KRW,1000000.0
ALAFY.PA,ejected_below_floor,39232.090425,2026-08-21|EUR,1000000.0
ELEF.TO,ejected_below_floor,8773.457913499999,2026-08-21|CAD,1000000.0
SOLT.ST,ejected_below_floor,173571.83768209998,2026-08-21|SEK,1000000.0
GBK.ST,ejected_below_floor,12492.668619199998,2026-08-21|SEK,1000000.0
QCORE.ST,ejected_below_floor,2548.603532,2026-08-21|SEK,1000000.0
PRS.OL,ejected_below_floor,994400.8366004999,2026-08-21|NOK,1000000.0
HAYD.L,ejected_below_floor,28001.829815685,2026-08-21|GBp,1000000.0
BR.TO,ejected_below_floor,1009.0087699999999,2026-08-21|CAD,1000000.0
VASTB.BR,ejected_below_floor,283567.93674750003,2026-08-21|EUR,1000000.0
016450.KS,ejected_below_floor,66040.80784060815,2026-08-21|KRW,1000000.0
S30.PA,ejected_below_floor,304228.3336695,2026-08-21|EUR,1000000.0
HSPG.OL,ejected_below_floor,3264.3702000000003,2026-08-21|NOK,1000000.0
084680.KS,ejected_below_floor,186065.5623791521,2026-08-21|KRW,1000000.0
WISE.ST,ejected_below_floor,5255.9196249999995,2026-08-21|SEK,1000000.0
ARTE.PA,ejected_below_floor,403.79377500000004,2026-08-21|EUR,1000000.0
ALSEN.PA,ejected_below_floor,439729.8186187501,2026-08-21|EUR,1000000.0
DDRIL.OL,ejected_below_floor,149550.6767475,2026-08-21|NOK,1000000.0
APTA.ST,ejected_below_floor,1392.62755,2026-08-21|SEK,1000000.0
SMWN.DE,ejected_below_floor,331.14585600000004,2026-08-21|EUR,1000000.0
DLHC,ejected_below_floor,243523.74000000002,2026-08-21|USD,1000000.0
GRA.TO,ejected_below_floor,179922.465856,2026-08-21|CAD,1000000.0
CJR-B.TO,ejected_below_floor,4210.303979,2026-08-21|CAD,1000000.0
ENVI.AS,ejected_below_floor,306729.25051725004,2026-08-21|EUR,1000000.0
TIG.L,ejected_below_floor,203326.88775750002,2026-08-21|GBp,1000000.0
SKIS-B.ST,ejected_below_floor,781932.72277,2026-08-21|SEK,1000000.0
PRO.ST,ejected_below_floor,7863.198385000001,2026-08-21|SEK,1000000.0
IMP-A-SDB.ST,ejected_below_floor,176410.5602,2026-08-21|SEK,1000000.0
SYZ.DE,ejected_below_floor,6307.456875000001,2026-08-21|EUR,1000000.0
DEF.DE,ejected_below_floor,39790.40961,2026-08-21|EUR,1000000.0
NOSA.ST,ejected_below_floor,11175.9204315,2026-08-21|SEK,1000000.0
AGLX.OL,ejected_below_floor,59769.636475499996,2026-08-21|NOK,1000000.0
PHR.LS,ejected_below_floor,173983.95268285504,2026-08-21|EUR,1000000.0
IMMP,ejected_below_floor,169347.7071,2026-08-21|USD,1000000.0
BRILL.ST,ejected_below_floor,528.682428,2026-08-21|SEK,1000000.0
ALVAL.PA,ejected_below_floor,134836.18080750003,2026-08-21|EUR,1000000.0
002820.KS,ejected_below_floor,45942.714591147516,2026-08-21|KRW,1000000.0
AIX.OL,ejected_below_floor,2801.1129300000002,2026-08-21|NOK,1000000.0
NC5A.DE,ejected_below_floor,861.5246094000003,2026-08-21|EUR,1000000.0
RROS.ST,ejected_below_floor,76628.603384,2026-08-21|SEK,1000000.0
LAT.PA,ejected_below_floor,22326.2158023,2026-08-21|EUR,1000000.0
BFRI,ejected_below_floor,534737.32,2026-08-21|USD,1000000.0
MAGLE.ST,ejected_below_floor,1723.0829700000002,2026-08-21|SEK,1000000.0
ALNOV.PA,ejected_below_floor,249365.60413470003,2026-08-21|EUR,1000000.0
LGVN,ejected_below_floor,285532.2652,2026-08-21|USD,1000000.0
AURR.L,ejected_below_floor,70598.26265250001,2026-08-21|GBp,1000000.0
AIDX.TO,ejected_below_floor,172879.900746,2026-08-21|CAD,1000000.0
IS7.DE,ejected_below_floor,1001.8980090000001,2026-08-21|EUR,1000000.0
TSEC.ST,ejected_below_floor,15794.428,2026-08-21|SEK,1000000.0
IES.L,ejected_below_floor,826825.436067,2026-08-21|GBp,1000000.0
ALVGO.PA,ejected_below_floor,357.80906400000003,2026-08-21|EUR,1000000.0
FVL.TO,ejected_below_floor,617089.80151,2026-08-21|CAD,1000000.0
WPRT.TO,ejected_below_floor,20573.86275,2026-08-21|CAD,1000000.0
GREAT.ST,ejected_below_floor,13990.29191,2026-08-21|SEK,1000000.0
ONWD.BR,ejected_below_floor,308427.36940350005,2026-08-21|EUR,1000000.0
ACHR-WT,ejected_below_floor,3964.695,2026-08-21|USD,1000000.0
006840.KS,ejected_below_floor,100244.41901705,2026-08-21|KRW,1000000.0
ACIU,ejected_below_floor,742342.0,2026-08-21|USD,1000000.0
VEZ.DE,ejected_below_floor,15559.327847250002,2026-08-21|EUR,1000000.0
0UNL.L,ejected_below_floor,137390.5,2026-08-21|USD,1000000.0
AERO.ST,ejected_below_floor,7694.4271234,2026-08-21|SEK,1000000.0
0N6K.L,ejected_below_floor,37130.102016000004,2026-08-21|EUR,1000000.0
BANQ.BR,ejected_below_floor,33705.767655,2026-08-21|EUR,1000000.0
ALGID.PA,ejected_below_floor,72666.55527720001,2026-08-21|EUR,1000000.0
BZAIW,ejected_below_floor,7183.93,2026-08-21|USD,1000000.0
OPTI.ST,ejected_below_floor,89667.19429950001,2026-08-21|SEK,1000000.0
PCZ.DE,ejected_below_floor,379015.450704,2026-08-21|EUR,1000000.0
ZEN.L,ejected_below_floor,45064.90582850001,2026-08-21|GBp,1000000.0
DIST.ST,ejected_below_floor,4018.4669699999995,2026-08-21|SEK,1000000.0
ELB.DE,ejected_below_floor,2883.891645,2026-08-21|EUR,1000000.0
INSP.ST,ejected_below_floor,7603.8288213999995,2026-08-21|SEK,1000000.0
PRD.L,ejected_below_floor,196382.05932960002,2026-08-21|GBp,1000000.0
IRIS.ST,ejected_below_floor,8083.1605985,2026-08-21|SEK,1000000.0
SES.ST,ejected_below_floor,94906.77434280001,2026-08-21|SEK,1000000.0
NRDY,ejected_below_floor,493722.24000000005,2026-08-21|USD,1000000.0
SFL.ST,ejected_below_floor,4610.86312,2026-08-21|SEK,1000000.0
0QNV.L,kept_no_reading,,not-captured,1000000.0
ART.L,ejected_below_floor,4510.666068,2026-08-21|GBp,1000000.0
0I0X.L,ejected_below_floor,34407.67,2026-08-21|USD,1000000.0
ALHGR.PA,ejected_below_floor,63420.70683375001,2026-08-21|EUR,1000000.0
MGIH,ejected_below_floor,530564.0,2026-08-21|USD,1000000.0
ENVIP.OL,ejected_below_floor,894551.07609,2026-08-21|NOK,1000000.0
EQVA.OL,ejected_below_floor,15649.6343325,2026-08-21|NOK,1000000.0
MTI.ST,ejected_below_floor,143.00746800000002,2026-08-21|SEK,1000000.0
QRHC,ejected_below_floor,54743.25,2026-08-21|USD,1000000.0
VLTSA.PA,ejected_below_floor,838779.4479420001,2026-08-21|EUR,1000000.0
ALBIO.PA,ejected_below_floor,19495.275330600005,2026-08-21|EUR,1000000.0
FASTAT.ST,ejected_below_floor,38777.314434449996,2026-08-21|SEK,1000000.0
NCYT.L,ejected_below_floor,73947.98476975001,2026-08-21|GBp,1000000.0
BALCO.ST,ejected_below_floor,28931.928,2026-08-21|SEK,1000000.0
SOLID.IC,ejected_below_floor,17.083906559999996,2026-08-21|ISK,1000000.0
0IV3.L,ejected_below_floor,19097.46,2026-08-21|USD,1000000.0
WM.TO,ejected_below_floor,47339.622820000004,2026-08-21|CAD,1000000.0
EOS.PA,ejected_below_floor,1195.5908325000003,2026-08-21|EUR,1000000.0
PCELL.ST,ejected_below_floor,512905.65890200005,2026-08-21|SEK,1000000.0
AAQ1.DE,ejected_below_floor,1674.188424,2026-08-21|EUR,1000000.0
AAPG,ejected_below_floor,192372.0,2026-08-21|USD,1000000.0
HGEA.DE,ejected_below_floor,2189.1099750000003,2026-08-21|EUR,1000000.0
ALGAE.PA,ejected_below_floor,68191.91776425001,2026-08-21|EUR,1000000.0
000040.KS,ejected_below_floor,61788.8205748953,2026-08-21|KRW,1000000.0
TISI,ejected_below_floor,320556.48,2026-08-21|USD,1000000.0
VOW.OL,ejected_below_floor,249362.84602845003,2026-08-21|NOK,1000000.0
DND.TO,ejected_below_floor,166064.801042,2026-08-21|CAD,1000000.0
CI.ST,ejected_below_floor,19810.43634468,2026-08-21|SEK,1000000.0
082210.KQ,ejected_below_floor,304836.02326631243,2026-08-21|KRW,1000000.0
KPRX,ejected_below_floor,62629.700000000004,2026-08-21|USD,1000000.0
ONCIN.OL,ejected_below_floor,59720.67628800001,2026-08-21|NOK,1000000.0
053030.KQ,ejected_below_floor,819244.4265420521,2026-08-21|KRW,1000000.0
FPG.PA,ejected_below_floor,709.8170157000002,2026-08-21|EUR,1000000.0
ALIMP.PA,ejected_below_floor,17932.7507436,2026-08-21|EUR,1000000.0
LIFE.OL,ejected_below_floor,108827.70207036,2026-08-21|NOK,1000000.0
LYTIX.OL,ejected_below_floor,30964.032225,2026-08-21|NOK,1000000.0
ALZ.ST,ejected_below_floor,457781.14180889993,2026-08-21|SEK,1000000.0
JSE.L,ejected_below_floor,514771.10947860003,2026-08-21|GBp,1000000.0
SALT-B.ST,ejected_below_floor,333937.807604,2026-08-21|SEK,1000000.0
ICU,ejected_below_floor,308474.7,2026-08-21|USD,1000000.0
ASA.OL,ejected_below_floor,12394.272807,2026-08-21|NOK,1000000.0
DGR.DE,ejected_below_floor,6424.691085000001,2026-08-21|EUR,1000000.0
ALSGD.PA,ejected_below_floor,56663.89915620001,2026-08-21|EUR,1000000.0
GIGA.OL,ejected_below_floor,25129.2570102,2026-08-21|NOK,1000000.0
OMDA.OL,ejected_below_floor,34028.258544000004,2026-08-21|NOK,1000000.0
TRLS.L,kept_no_reading,,not-captured,1000000.0
FLEXQ.ST,ejected_below_floor,124336.0326,2026-08-21|SEK,1000000.0
TTO.DE,ejected_below_floor,97.09696200000002,2026-08-21|EUR,1000000.0
PTM.TO,ejected_below_floor,157358.039034,2026-08-21|CAD,1000000.0
ALINT.PA,ejected_below_floor,7139.073942000001,2026-08-21|EUR,1000000.0
CO.PA,ejected_below_floor,113310.95434350001,2026-08-21|EUR,1000000.0
CHF.L,ejected_below_floor,1474.0998984000003,2026-08-21|GBp,1000000.0
071670.KQ,ejected_below_floor,479580.14349667367,2026-08-21|KRW,1000000.0
0QW7.L,ejected_below_floor,77297.6655,2026-08-21|EUR,1000000.0
ZTEK,ejected_below_floor,110290.50899999999,2026-08-21|USD,1000000.0
ALKLK.PA,ejected_below_floor,100015.93650675,2026-08-21|EUR,1000000.0
BRIGHT.ST,ejected_below_floor,2098.9464246,2026-08-21|SEK,1000000.0
BNN.DE,ejected_below_floor,8776.600455000002,2026-08-21|EUR,1000000.0
CRIN.DE,ejected_below_floor,915749.9763900001,2026-08-21|EUR,1000000.0
024890.KS,ejected_below_floor,135069.50497578084,2026-08-21|KRW,1000000.0
ALDBT.PA,ejected_below_floor,322235.776356,2026-08-21|EUR,1000000.0
BLEE.PA,ejected_below_floor,872.84715,2026-08-21|EUR,1000000.0
VOTR.DE,ejected_below_floor,23885.322417750005,2026-08-21|EUR,1000000.0
NICA.ST,ejected_below_floor,62311.6148504,2026-08-21|SEK,1000000.0
LHYFE.PA,ejected_below_floor,119071.96695000002,2026-08-21|EUR,1000000.0
MBK.DE,ejected_below_floor,9383.16513,2026-08-21|EUR,1000000.0
002210.KS,ejected_below_floor,214484.86713758713,2026-08-21|KRW,1000000.0
GIL.DE,ejected_below_floor,158918.54643,2026-08-21|EUR,1000000.0
0P07.L,ejected_below_floor,16242.5802,2026-08-21|CAD,1000000.0
0J4V.L,ejected_below_floor,3888.6796000000004,2026-08-21|USD,1000000.0
AVL.TO,ejected_below_floor,81201.93116000001,2026-08-21|CAD,1000000.0
LEXX,ejected_below_floor,169280.735,2026-08-21|USD,1000000.0
0DO7.L,ejected_below_floor,383.04122220000005,2026-08-21|EUR,1000000.0
AVT.PA,ejected_below_floor,30147.039771390002,2026-08-21|EUR,1000000.0
URE.TO,ejected_below_floor,511332.424785,2026-08-21|CAD,1000000.0
NXFIL.AS,ejected_below_floor,202320.748602,2026-08-21|EUR,1000000.0
ERD.TO,ejected_below_floor,344852.841102,2026-08-21|CAD,1000000.0
ALCLS.PA,ejected_below_floor,646351.8798975,2026-08-21|EUR,1000000.0
SYV.DE,ejected_below_floor,42475.899834825,2026-08-21|EUR,1000000.0
QLINEA.ST,ejected_below_floor,16032.327105000002,2026-08-21|SEK,1000000.0
BINERO.ST,ejected_below_floor,2358.639486,2026-08-21|SEK,1000000.0
EGLX.TO,ejected_below_floor,1740.0583935,2026-08-21|CAD,1000000.0
089590.KS,ejected_below_floor,960985.0306079577,2026-08-21|KRW,1000000.0
AMI.DE,ejected_below_floor,9987.996346875001,2026-08-21|EUR,1000000.0
BIM.ST,ejected_below_floor,79012.174692,2026-08-21|SEK,1000000.0
AIFA,ejected_below_floor,829306.7999999999,2026-08-21|USD,1000000.0
CMCOM.AS,ejected_below_floor,193479.06334950004,2026-08-21|EUR,1000000.0
ALROC.PA,ejected_below_floor,246921.67639800007,2026-08-21|EUR,1000000.0
BEPI,ejected_below_floor,411970.74000000005,2026-08-21|USD,1000000.0
IMMNOV.ST,ejected_below_floor,45111.22795396,2026-08-21|SEK,1000000.0
WAGA.PA,ejected_below_floor,18382.347435000003,2026-08-21|EUR,1000000.0
GOLD.TO,ejected_below_floor,479551.83122700005,2026-08-21|CAD,1000000.0
PRN.TO,ejected_below_floor,87501.708196,2026-08-21|CAD,1000000.0
PROF,ejected_below_floor,625562.7,2026-08-21|USD,1000000.0
ABXX.TO,kept_no_reading,,not-captured,1000000.0
FLT.TO,ejected_below_floor,525658.4945500001,2026-08-21|CAD,1000000.0
PPBT,ejected_below_floor,358159.39,2026-08-21|USD,1000000.0
0KDU.L,ejected_below_floor,9025.26,2026-08-21|USD,1000000.0
TMQ.TO,ejected_below_floor,957376.222985,2026-08-21|CAD,1000000.0
0QYH.L,ejected_below_floor,25567.2,2026-08-21|USD,1000000.0
MOMENT.ST,ejected_below_floor,4333.6934,2026-08-21|SEK,1000000.0
CORO.L,ejected_below_floor,5610.9764270000005,2026-08-21|GBp,1000000.0
AXOLOT.ST,ejected_below_floor,10659.037054999999,2026-08-21|SEK,1000000.0
BOHO.ST,ejected_below_floor,6864.989064,2026-08-21|SEK,1000000.0
WAVE,ejected_below_floor,482881.0,2026-08-21|USD,1000000.0
EMH.DE,ejected_below_floor,21906.808668,2026-08-21|EUR,1000000.0
EGTX.ST,ejected_below_floor,534926.221412,2026-08-21|SEK,1000000.0
SINT,ejected_below_floor,182016.5,2026-08-21|USD,1000000.0
CNSP,ejected_below_floor,167804.89,2026-08-21|USD,1000000.0
MAK.DE,ejected_below_floor,1001.4260422500001,2026-08-21|EUR,1000000.0
NVO.TO,ejected_below_floor,12603.833753,2026-08-21|CAD,1000000.0
CLLS,ejected_below_floor,102813.97499999999,2026-08-21|USD,1000000.0
MANTEX.ST,ejected_below_floor,1443.973104,2026-08-21|SEK,1000000.0
HDP.PA,ejected_below_floor,1440.3726000000001,2026-08-21|EUR,1000000.0
0OB3.L,ejected_below_floor,211109.68928610152,2026-08-21|EUR,1000000.0
BRE.TO,ejected_below_floor,164564.718724,2026-08-21|CAD,1000000.0
H2O.DE,ejected_below_floor,23423.500039500002,2026-08-21|EUR,1000000.0
CRDL.TO,ejected_below_floor,194961.10611599998,2026-08-21|CAD,1000000.0
HPUR.OL,ejected_below_floor,22706.173602,2026-08-21|NOK,1000000.0
069640.KS,ejected_below_floor,43263.76580932705,2026-08-21|KRW,1000000.0
PPR.TO,ejected_below_floor,586.706015,2026-08-21|CAD,1000000.0
CIRCHE.ST,ejected_below_floor,3512.5107354,2026-08-21|SEK,1000000.0
COBH.BR,ejected_below_floor,10721.220000000001,2026-08-21|EUR,1000000.0
TSK.TO,ejected_below_floor,456798.97575199994,2026-08-21|CAD,1000000.0
ADXN,ejected_below_floor,31645.640000000003,2026-08-21|USD,1000000.0
EMGS.OL,ejected_below_floor,41397.3714546,2026-08-21|NOK,1000000.0
0G8X.L,ejected_below_floor,372.82459320000004,2026-08-21|SEK,1000000.0
ZAPLOX.ST,ejected_below_floor,1773.9860529999999,2026-08-21|SEK,1000000.0
0NFG.L,ejected_below_floor,68.3477775,2026-08-21|EUR,1000000.0
MGA.TO,ejected_below_floor,264875.411115,2026-08-21|CAD,1000000.0
LCLEAN.ST,ejected_below_floor,2725.6575144,2026-08-21|SEK,1000000.0
VALN,ejected_below_floor,548183.52,2026-08-21|USD,1000000.0
VVY.AS,ejected_below_floor,83020.41383925002,2026-08-21|EUR,1000000.0
ALMAR.PA,ejected_below_floor,4791.930853500001,2026-08-21|EUR,1000000.0
VHC,ejected_below_floor,285705.0,2026-08-21|USD,1000000.0
ALHRS.PA,ejected_below_floor,32330.351664000005,2026-08-21|EUR,1000000.0
0R3M.L,ejected_below_floor,3931.238304000001,2026-08-21|EUR,1000000.0
CWEB.TO,ejected_below_floor,36398.174498,2026-08-21|CAD,1000000.0
ONCO.ST,ejected_below_floor,581316.8489444,2026-08-21|SEK,1000000.0
STLR.TO,ejected_below_floor,261283.68342299995,2026-08-21|CAD,1000000.0
GCOR.ST,ejected_below_floor,10208.2818628,2026-08-21|SEK,1000000.0
ANRG.TO,ejected_below_floor,267182.10865500005,2026-08-21|CAD,1000000.0
ALTHE.PA,ejected_below_floor,116285.80505205001,2026-08-21|EUR,1000000.0
009410.KS,ejected_below_floor,409081.4170596781,2026-08-21|KRW,1000000.0
009415.KS,ejected_below_floor,53872.554017408,2026-08-21|KRW,1000000.0
SNYR,ejected_below_floor,591304.0682,2026-08-21|USD,1000000.0
KSC.DE,ejected_below_floor,6796.070649750001,2026-08-21|EUR,1000000.0
OSE.PA,ejected_below_floor,701793.6811701001,2026-08-21|EUR,1000000.0
CAPS,ejected_below_floor,101649.87,2026-08-21|USD,1000000.0
LGO.TO,ejected_below_floor,119272.32786000002,2026-08-21|CAD,1000000.0
AELIS.PA,ejected_below_floor,25368.760527000002,2026-08-21|EUR,1000000.0
ALECO.PA,ejected_below_floor,4575.350556,2026-08-21|EUR,1000000.0
0RD8.L,ejected_below_floor,37837.31214375,2026-08-21|EUR,1000000.0
KRN.TO,ejected_below_floor,3595.444447,2026-08-21|CAD,1000000.0
BCO.DE,ejected_below_floor,767706.5926950001,2026-08-21|EUR,1000000.0
ORX.ST,ejected_below_floor,56316.937445999996,2026-08-21|SEK,1000000.0
EST.L,ejected_below_floor,90497.71595137502,2026-08-21|GBp,1000000.0
HDF.PA,ejected_below_floor,25423.9864635,2026-08-21|EUR,1000000.0
MAXENT-B.ST,ejected_below_floor,3354.085728,2026-08-21|SEK,1000000.0
SYZ.TO,ejected_below_floor,71316.394891,2026-08-21|CAD,1000000.0
NXTCL.ST,ejected_below_floor,39173.56566,2026-08-21|SEK,1000000.0
ARA.TO,ejected_below_floor,305490.067344,2026-08-21|CAD,1000000.0
323990.KQ,ejected_below_floor,473744.10728854296,2026-08-21|KRW,1000000.0
0UYN.L,ejected_below_floor,14131.636568,2026-08-21|CAD,1000000.0
TCRT,ejected_below_floor,27248.32,2026-08-21|USD,1000000.0
KPT.TO,ejected_below_floor,157532.676,2026-08-21|CAD,1000000.0
001530.KS,ejected_below_floor,790840.8886209719,2026-08-21|KRW,1000000.0
006740.KS,ejected_below_floor,59814.10234498856,2026-08-21|KRW,1000000.0
083790.KQ,ejected_below_floor,128173.022575688,2026-08-21|KRW,1000000.0
PYC.L,ejected_below_floor,25744.458938265,2026-08-21|GBp,1000000.0
GASX.TO,ejected_below_floor,191315.16431999998,2026-08-21|CAD,1000000.0
0RNP.L,ejected_below_floor,31626.107352000003,2026-08-21|EUR,1000000.0
ALLGO.PA,ejected_below_floor,4833.871800000001,2026-08-21|EUR,1000000.0
ARCT.ST,ejected_below_floor,20707.342213999997,2026-08-21|SEK,1000000.0
BSX.TO,ejected_below_floor,555937.8366360001,2026-08-21|CAD,1000000.0
SFD.TO,ejected_below_floor,2315.877564,2026-08-21|CAD,1000000.0
AVCN.TO,ejected_below_floor,15460.012022,2026-08-21|CAD,1000000.0
ACOU.ST,ejected_below_floor,7906.040298,2026-08-21|SEK,1000000.0
MTRK.AS,ejected_below_floor,6252.743692500001,2026-08-21|EUR,1000000.0
067630.KQ,ejected_below_floor,939832.7800596168,2026-08-21|KRW,1000000.0
BYL.TO,ejected_below_floor,25224.5516775,2026-08-21|CAD,1000000.0
095700.KQ,ejected_below_floor,514352.74319941923,2026-08-21|KRW,1000000.0
APLI.TO,ejected_below_floor,445.9781234999999,2026-08-21|CAD,1000000.0
CCM.TO,ejected_below_floor,11093.019756,2026-08-21|CAD,1000000.0
PNE3.DE,ejected_below_floor,602031.346965,2026-08-21|EUR,1000000.0
EARN.L,ejected_below_floor,10481.895359,2026-08-21|GBp,1000000.0
BTTC,ejected_below_floor,740027.527,2026-08-21|USD,1000000.0
CRIS,ejected_below_floor,427826.08,2026-08-21|USD,1000000.0
ACRM.L,ejected_below_floor,6253.4977296875,2026-08-21|GBp,1000000.0
FCP.LS,ejected_below_floor,1312.6968540000003,2026-08-21|EUR,1000000.0
004540.KS,ejected_below_floor,311075.79248493846,2026-08-21|KRW,1000000.0
004545.KS,ejected_below_floor,13769.781986385,2026-08-21|KRW,1000000.0
OXE.ST,ejected_below_floor,21107.3543905,2026-08-21|SEK,1000000.0
FURY.TO,ejected_below_floor,62733.786934,2026-08-21|CAD,1000000.0
ALCJ.PA,ejected_below_floor,403123.0787838,2026-08-21|EUR,1000000.0
SPEONE.ST,ejected_below_floor,7156.330468000001,2026-08-21|SEK,1000000.0
ALCBI.PA,ejected_below_floor,105212.21269540499,2026-08-21|EUR,1000000.0
BRFH,ejected_below_floor,19716.0,2026-08-21|USD,1000000.0
ALAGP.PA,ejected_below_floor,12858.234168600002,2026-08-21|EUR,1000000.0
CTXR,ejected_below_floor,329156.28219999996,2026-08-21|USD,1000000.0
PGN.DE,ejected_below_floor,737.8413525000001,2026-08-21|EUR,1000000.0
APRE,ejected_below_floor,51549.2724,2026-08-21|USD,1000000.0
290670.KQ,ejected_below_floor,117094.5691561555,2026-08-21|KRW,1000000.0
HPHA.DE,ejected_below_floor,8313.6069,2026-08-21|EUR,1000000.0
GP,ejected_below_floor,408496.12,2026-08-21|USD,1000000.0
AHG,ejected_below_floor,12546.3015,2026-08-21|USD,1000000.0
ANDF.OL,ejected_below_floor,46190.215932,2026-08-21|NOK,1000000.0
SLVR.TO,ejected_below_floor,626204.121942,2026-08-21|CAD,1000000.0
GNLX,ejected_below_floor,611480.4800000001,2026-08-21|USD,1000000.0
VICO.ST,ejected_below_floor,798783.0169,2026-08-21|SEK,1000000.0
ZLNA.OL,ejected_below_floor,183036.77834400002,2026-08-21|NOK,1000000.0
MAAT.PA,ejected_below_floor,238073.98959300003,2026-08-21|EUR,1000000.0
KLDVK.OL,ejected_below_floor,73337.649966,2026-08-21|NOK,1000000.0
FRAM-B.ST,ejected_below_floor,1097.95868,2026-08-21|SEK,1000000.0
TCF.L,ejected_below_floor,6589.80858482,2026-08-21|GBp,1000000.0
ELO.TO,ejected_below_floor,198780.42912000002,2026-08-21|CAD,1000000.0
TOURN.ST,ejected_below_floor,12188.308267999999,2026-08-21|SEK,1000000.0
ISPC,ejected_below_floor,414957.52999999997,2026-08-21|USD,1000000.0
AZRN.AS,ejected_below_floor,50728.73431500001,2026-08-21|EUR,1000000.0
FNGR,ejected_below_floor,435023.15640000004,2026-08-21|USD,1000000.0
ALUCI.PA,ejected_below_floor,469.58943600000003,2026-08-21|EUR,1000000.0
EPRX.TO,ejected_below_floor,447959.62302000006,2026-08-21|CAD,1000000.0
REALFI.ST,ejected_below_floor,1873.980295,2026-08-21|SEK,1000000.0
LCFY,ejected_below_floor,32213.949999999997,2026-08-21|USD,1000000.0
006570.KS,ejected_below_floor,168774.79444733856,2026-08-21|KRW,1000000.0
AEX.L,ejected_below_floor,103296.9205905,2026-08-21|GBp,1000000.0
AGMR.TO,ejected_below_floor,365560.940052,2026-08-21|CAD,1000000.0
NOL.OL,ejected_below_floor,895624.2748152001,2026-08-21|NOK,1000000.0
MOLN,ejected_below_floor,21247.1171,2026-08-21|USD,1000000.0
0VNO.L,ejected_below_floor,13997.490000000002,2026-08-21|USD,1000000.0
DOXA.ST,ejected_below_floor,26821.792419199995,2026-08-21|SEK,1000000.0
NIO.ST,ejected_below_floor,14302.731088,2026-08-21|SEK,1000000.0
DMYD-B.ST,ejected_below_floor,65030.206912199996,2026-08-21|SEK,1000000.0
A1G.DE,ejected_below_floor,217470.95119800002,2026-08-21|EUR,1000000.0
NEXT.OL,ejected_below_floor,30498.763965600003,2026-08-21|NOK,1000000.0
CODE.OL,ejected_below_floor,7055.278377,2026-08-21|NOK,1000000.0
0QXX.L,ejected_below_floor,28062.159125,2026-08-21|CHF,1000000.0
XSPRAY.ST,ejected_below_floor,197490.91282400003,2026-08-21|SEK,1000000.0
UFO.L,ejected_below_floor,41093.128880100005,2026-08-21|GBp,1000000.0
KLAR.ST,ejected_below_floor,97664.2866162,2026-08-21|SEK,1000000.0
EKOP.BR,ejected_below_floor,21639.500685000006,2026-08-21|EUR,1000000.0
ACE.ST,ejected_below_floor,144307.065234,2026-08-21|SEK,1000000.0
ELIC.ST,ejected_below_floor,149365.705853,2026-08-21|SEK,1000000.0
GOMX.ST,ejected_below_floor,633333.8485879999,2026-08-21|SEK,1000000.0
LARK.ST,ejected_below_floor,5656.767872000001,2026-08-21|SEK,1000000.0
0HX7.L,ejected_below_floor,59546.35,2026-08-21|USD,1000000.0
0HE6.L,ejected_below_floor,763542.1,2026-08-21|USD,1000000.0
0URY.L,ejected_below_floor,209164.14046499997,2026-08-21|CAD,1000000.0
0KCC.L,ejected_below_floor,1637.7791599999998,2026-08-21|USD,1000000.0
SJJ.DE,ejected_below_floor,115614.723105,2026-08-21|EUR,1000000.0
AQMS,ejected_below_floor,249702.22,2026-08-21|USD,1000000.0
CANTA.ST,ejected_below_floor,234959.88008160001,2026-08-21|SEK,1000000.0
ACET,ejected_below_floor,832448.58,2026-08-21|USD,1000000.0
SLR.TO,ejected_below_floor,8484.247464,2026-08-21|CAD,1000000.0
0QN1.L,ejected_below_floor,26616.781280249998,2026-08-21|CHF,1000000.0
LAM.TO,ejected_below_floor,135132.731825,2026-08-21|CAD,1000000.0
NDLS,ejected_below_floor,785798.46,2026-08-21|USD,1000000.0
SVB.TO,ejected_below_floor,25028.014725,2026-08-21|CAD,1000000.0
ALENT.PA,ejected_below_floor,16189.123774500003,2026-08-21|EUR,1000000.0
CHARGE.ST,ejected_below_floor,18857.37832,2026-08-21|SEK,1000000.0
GRC.TO,ejected_below_floor,1013.41114,2026-08-21|CAD,1000000.0
VGZ.TO,ejected_below_floor,138526.793104,2026-08-21|CAD,1000000.0
M3V.DE,ejected_below_floor,970.7365500000001,2026-08-21|EUR,1000000.0
USEA,ejected_below_floor,171106.495,2026-08-21|USD,1000000.0
0Q77.L,ejected_below_floor,4412.00228115,2026-08-21|EUR,1000000.0
0HH6.L,ejected_below_floor,5617.1255,2026-08-21|USD,1000000.0
OBD.L,ejected_below_floor,40302.57534375,2026-08-21|GBp,1000000.0
ALMAS.PA,ejected_below_floor,12114.841088700001,2026-08-21|EUR,1000000.0
CYAD.BR,ejected_below_floor,5041.255155300001,2026-08-21|EUR,1000000.0
DIVIO-B.ST,ejected_below_floor,5951.2361061,2026-08-21|SEK,1000000.0
BBLG,ejected_below_floor,208714.3386,2026-08-21|USD,1000000.0
ELR.TO,ejected_below_floor,45799.659360000005,2026-08-21|CAD,1000000.0
VANTI.PA,ejected_below_floor,7758.945282510001,2026-08-21|EUR,1000000.0
TRZ.TO,ejected_below_floor,94833.025476,2026-08-21|CAD,1000000.0
CLEMO.ST,ejected_below_floor,9421.80891462,2026-08-21|SEK,1000000.0
FOOD.TO,ejected_below_floor,8751.810522,2026-08-21|CAD,1000000.0
BUY.ST,ejected_below_floor,13881.271680000002,2026-08-21|SEK,1000000.0
HYL.BR,ejected_below_floor,15192.085275000001,2026-08-21|EUR,1000000.0
0MTP.L,ejected_below_floor,49744.1600208,2026-08-21|NOK,1000000.0
SRES.L,ejected_below_floor,9541.723761210002,2026-08-21|GBp,1000000.0
KEN.L,ejected_below_floor,269502.515561075,2026-08-21|GBp,1000000.0
DII-B.TO,ejected_below_floor,27844.918080000003,2026-08-21|CAD,1000000.0
NORSE.OL,ejected_below_floor,284141.014270155,2026-08-21|NOK,1000000.0
NICO.ST,ejected_below_floor,398.3705145,2026-08-21|SEK,1000000.0
ITH.TO,ejected_below_floor,164688.006735,2026-08-21|CAD,1000000.0
CGNR.L,ejected_below_floor,6431.470816,2026-08-21|GBp,1000000.0
ALBLU.PA,ejected_below_floor,820.592856,2026-08-21|EUR,1000000.0
TC.TO,ejected_below_floor,46532.870475,2026-08-21|CAD,1000000.0
ALNRG.PA,ejected_below_floor,22280.811435600004,2026-08-21|EUR,1000000.0
ALTHX.PA,ejected_below_floor,581269.6636477502,2026-08-21|EUR,1000000.0
NANO.TO,ejected_below_floor,56706.56712000001,2026-08-21|CAD,1000000.0
EARTH.AS,ejected_below_floor,23678.525233500004,2026-08-21|EUR,1000000.0
CHLL.L,ejected_below_floor,1782.256413,2026-08-21|GBp,1000000.0
ECOB.L,ejected_below_floor,49946.465381400005,2026-08-21|GBp,1000000.0
TCX,ejected_below_floor,671119.68,2026-08-21|USD,1000000.0
IRLAB-A.ST,ejected_below_floor,117974.566075,2026-08-21|SEK,1000000.0
PXS.L,ejected_below_floor,17895.138847875,2026-08-21|GBp,1000000.0
SPAGO.ST,ejected_below_floor,5577.110059600001,2026-08-21|SEK,1000000.0
OPTI.BR,ejected_below_floor,20249.646007500003,2026-08-21|EUR,1000000.0
DTSS,ejected_below_floor,303685.62659999996,2026-08-21|USD,1000000.0
0QOI.L,ejected_below_floor,65232.1636825,2026-08-21|CHF,1000000.0
IPR.LS,ejected_below_floor,39311.150682375,2026-08-21|EUR,1000000.0
0UNV.L,ejected_below_floor,4789.57467975,2026-08-21|CAD,1000000.0
GENM.TO,ejected_below_floor,367388.602,2026-08-21|CAD,1000000.0
ALDRV.PA,ejected_below_floor,192916.5768729,2026-08-21|EUR,1000000.0
308170.KS,ejected_below_floor,55104.1935832872,2026-08-21|KRW,1000000.0
CETY,ejected_below_floor,47311.0,2026-08-21|USD,1000000.0
INIT.ST,ejected_below_floor,29760.337761,2026-08-21|SEK,1000000.0
AB.PA,ejected_below_floor,366882.98602725,2026-08-21|EUR,1000000.0
ALAMA.PA,ejected_below_floor,3483.3814801500002,2026-08-21|EUR,1000000.0
HUDL.OL,ejected_below_floor,14432.113529819999,2026-08-21|NOK,1000000.0
IZAFE-B.ST,ejected_below_floor,12770.135562,2026-08-21|SEK,1000000.0
ABNX.PA,ejected_below_floor,359598.668688,2026-08-21|EUR,1000000.0
NP5.DE,ejected_below_floor,60035.10288,2026-08-21|EUR,1000000.0
IDEX.OL,ejected_below_floor,109342.5436866,2026-08-21|NOK,1000000.0
PILA.ST,ejected_below_floor,9802.143092,2026-08-21|SEK,1000000.0
ALARF.PA,ejected_below_floor,5627.987904,2026-08-21|EUR,1000000.0
AMC.TO,ejected_below_floor,26947.5563,2026-08-21|CAD,1000000.0
SONM,ejected_below_floor,83046.53,2026-08-21|USD,1000000.0
SST,ejected_below_floor,310598.76,2026-08-21|USD,1000000.0
ALGEC.PA,ejected_below_floor,3903.083448,2026-08-21|EUR,1000000.0
ALTOO.PA,ejected_below_floor,14764.3155891,2026-08-21|EUR,1000000.0
ISLAX.OL,ejected_below_floor,10355.146725,2026-08-21|NOK,1000000.0
SALME.OL,ejected_below_floor,384610.82532074995,2026-08-21|NOK,1000000.0
0RNK.L,ejected_below_floor,9175.138711263,2026-08-21|EUR,1000000.0
ALPRE.PA,ejected_below_floor,1125.3784950000002,2026-08-21|EUR,1000000.0
IMM.L,ejected_below_floor,100368.91200409501,2026-08-21|GBp,1000000.0
FMR.TO,ejected_below_floor,8008.077020999999,2026-08-21|CAD,1000000.0
OREGE.PA,ejected_below_floor,7440.6781755,2026-08-21|EUR,1000000.0
DIAM.TO,ejected_below_floor,2431.8980560000005,2026-08-21|CAD,1000000.0
ONCOZ.ST,ejected_below_floor,21530.581055000002,2026-08-21|SEK,1000000.0
012205.KS,ejected_below_floor,850291.6349554369,2026-08-21|KRW,1000000.0
NEXT.TO,ejected_below_floor,24762.190964000005,2026-08-21|CAD,1000000.0
KXIN,ejected_below_floor,702333.1699999999,2026-08-21|USD,1000000.0
ALRPD.PA,ejected_below_floor,60926.012955000006,2026-08-21|EUR,1000000.0
0QAV.L,ejected_below_floor,373449.482727,2026-08-21|EUR,1000000.0
OCG.TO,ejected_below_floor,108940.62221700001,2026-08-21|CAD,1000000.0
TGO.TO,ejected_below_floor,17324.228075,2026-08-21|CAD,1000000.0
MSCL.TO,ejected_below_floor,219203.254494,2026-08-21|CAD,1000000.0
ZOOZ,ejected_below_floor,95550.944,2026-08-21|USD,1000000.0
MSLE,ejected_below_floor,556586.03,2026-08-21|USD,1000000.0
000520.KS,ejected_below_floor,555062.736832378,2026-08-21|KRW,1000000.0
HEXI.ST,ejected_below_floor,6454.914928800001,2026-08-21|SEK,1000000.0
QNTM,ejected_below_floor,940695.52,2026-08-21|USD,1000000.0
4BB.L,ejected_below_floor,5668.244885,2026-08-21|GBp,1000000.0
006370.KS,ejected_below_floor,346986.248843999,2026-08-21|KRW,1000000.0
PROGEN.ST,ejected_below_floor,27303.598092649998,2026-08-21|SEK,1000000.0
BIOEX.ST,ejected_below_floor,25557.982576,2026-08-21|SEK,1000000.0
0AH7.L,ejected_below_floor,5276.9844840000005,2026-08-21|EUR,1000000.0
007460.KS,ejected_below_floor,282766.7649281292,2026-08-21|KRW,1000000.0
MODEL.ST,ejected_below_floor,766.179,2026-08-21|SEK,1000000.0
88Q.DE,ejected_below_floor,991.1301750000001,2026-08-21|EUR,1000000.0
GUARD.ST,ejected_below_floor,4384.830856,2026-08-21|SEK,1000000.0
JYD,ejected_below_floor,250321.8969,2026-08-21|USD,1000000.0
BYW.DE,ejected_below_floor,1855.8198750000001,2026-08-21|EUR,1000000.0
BYW6.DE,ejected_below_floor,81229.15435425,2026-08-21|EUR,1000000.0
EBUS.AS,ejected_below_floor,149718.2153922,2026-08-21|EUR,1000000.0
BIOSGN.ST,ejected_below_floor,19683.901536,2026-08-21|SEK,1000000.0
VIVE.ST,ejected_below_floor,37744.853076,2026-08-21|SEK,1000000.0
TNG.PA,ejected_below_floor,47159.23463520001,2026-08-21|EUR,1000000.0
0MV8.L,ejected_below_floor,3013.1126451,2026-08-21|EUR,1000000.0
QLIFE.ST,ejected_below_floor,14145.2164568,2026-08-21|SEK,1000000.0
IBT-B.ST,ejected_below_floor,50642.29837,2026-08-21|SEK,1000000.0
CVX.PA,ejected_below_floor,352190.04929100006,2026-08-21|EUR,1000000.0
ANOT.ST,ejected_below_floor,152241.85025588,2026-08-21|SEK,1000000.0
MDAI,ejected_below_floor,724350.4,2026-08-21|USD,1000000.0
0IYU.L,ejected_below_floor,1886.6928,2026-08-21|USD,1000000.0
AUMN.TO,ejected_below_floor,3419.3424299999997,2026-08-21|CAD,1000000.0
COCH,ejected_below_floor,293098.5,2026-08-21|USD,1000000.0
ALDVI.PA,ejected_below_floor,155374.8942132,2026-08-21|EUR,1000000.0
ENERS.ST,ejected_below_floor,5874.95651249,2026-08-21|SEK,1000000.0
SIMRIS-B.ST,ejected_below_floor,1877.5015233599997,2026-08-21|SEK,1000000.0
RDZN,ejected_below_floor,788872.5,2026-08-21|USD,1000000.0
SYNACT.ST,ejected_below_floor,836919.87616,2026-08-21|SEK,1000000.0
JAN.L,ejected_below_floor,41677.2562745,2026-08-21|GBp,1000000.0
0V9D.L,ejected_below_floor,204629.20860900002,2026-08-21|CAD,1000000.0
LOOP,ejected_below_floor,938576.701,2026-08-21|USD,1000000.0
BCTX,ejected_below_floor,668562.62,2026-08-21|USD,1000000.0
ITN.DE,ejected_below_floor,108.237708,2026-08-21|EUR,1000000.0
PREM.L,ejected_below_floor,66654.64502435064,2026-08-21|GBp,1000000.0
ALMIB.PA,ejected_below_floor,173983.6971216,2026-08-21|EUR,1000000.0
RECY-B.ST,ejected_below_floor,5751.39196644,2026-08-21|SEK,1000000.0
RRR.L,ejected_below_floor,11212.457167172,2026-08-21|GBp,1000000.0
SAU.TO,ejected_below_floor,6971.4596175,2026-08-21|CAD,1000000.0
HEMO.L,ejected_below_floor,101826.255168,2026-08-21|GBp,1000000.0
ATORX.ST,ejected_below_floor,27514.46930329,2026-08-21|SEK,1000000.0
SZZL,ejected_below_floor,600310.7,2026-08-21|USD,1000000.0
HILB-B.ST,ejected_below_floor,97477.14534599999,2026-08-21|SEK,1000000.0
HBC.OL,ejected_below_floor,23835.2668869,2026-08-21|NOK,1000000.0
0OCQ.L,ejected_below_floor,493.87533,2026-08-21|EUR,1000000.0
FLUO.ST,ejected_below_floor,27402.98575,2026-08-21|SEK,1000000.0
BMV.L,ejected_below_floor,11125.845585855,2026-08-21|GBp,1000000.0
PYR.TO,ejected_below_floor,51761.19004,2026-08-21|CAD,1000000.0
HUI.L,ejected_below_floor,9538.556592500001,2026-08-21|GBp,1000000.0
ISOFOL.ST,ejected_below_floor,41464.74566,2026-08-21|SEK,1000000.0
ZIOC.L,ejected_below_floor,102482.88997760002,2026-08-21|GBp,1000000.0
ALSRS.PA,ejected_below_floor,25455.269002365003,2026-08-21|EUR,1000000.0
PLUR,ejected_below_floor,44579.7,2026-08-21|USD,1000000.0
BCT.TO,ejected_below_floor,25155.315388,2026-08-21|CAD,1000000.0
POXEL.PA,ejected_below_floor,37378.22647344,2026-08-21|EUR,1000000.0
ALHPI.PA,ejected_below_floor,68596.97035032001,2026-08-21|EUR,1000000.0
WSBN.L,ejected_below_floor,91908.83210300001,2026-08-21|GBp,1000000.0
TESSIN.ST,ejected_below_floor,1777.642482,2026-08-21|SEK,1000000.0
CALC,ejected_below_floor,772185.9519999999,2026-08-21|USD,1000000.0
PDSB,ejected_below_floor,281328.801,2026-08-21|USD,1000000.0
NCOD.OL,ejected_below_floor,12082.78407,2026-08-21|NOK,1000000.0
TENEO.ST,ejected_below_floor,74543.778826,2026-08-21|SEK,1000000.0
AINO.ST,ejected_below_floor,1422.6406417,2026-08-21|SEK,1000000.0
SDST,ejected_below_floor,435439.8009,2026-08-21|USD,1000000.0
OMEX,ejected_below_floor,513042.054,2026-08-21|USD,1000000.0
ANNX.ST,ejected_below_floor,10869.6522,2026-08-21|SEK,1000000.0
VRTS.TO,ejected_below_floor,838.9473820000001,2026-08-21|CAD,1000000.0
WYLD.ST,ejected_below_floor,387793.7873508,2026-08-21|SEK,1000000.0
EDT.TO,ejected_below_floor,53284.06364400001,2026-08-21|CAD,1000000.0
TPST,ejected_below_floor,220226.24000000002,2026-08-21|USD,1000000.0
RPLAN.ST,ejected_below_floor,653.903823,2026-08-21|SEK,1000000.0
ORGC.ST,ejected_below_floor,4172.873584,2026-08-21|SEK,1000000.0
RTG.TO,ejected_below_floor,3911.03664,2026-08-21|CAD,1000000.0
OXUR.BR,ejected_below_floor,3991.7828979,2026-08-21|EUR,1000000.0
MDNA.TO,ejected_below_floor,18983.863828999998,2026-08-21|CAD,1000000.0
NCF.TO,ejected_below_floor,20599.1042075,2026-08-21|CAD,1000000.0
SLXN,ejected_below_floor,111648.53,2026-08-21|USD,1000000.0
HBP.TO,ejected_below_floor,1868.1781859999999,2026-08-21|CAD,1000000.0
ETG.TO,ejected_below_floor,191405.88201,2026-08-21|CAD,1000000.0
PAT.L,ejected_below_floor,86715.540156,2026-08-21|GBp,1000000.0
BU.TO,ejected_below_floor,4015.6109699999997,2026-08-21|CAD,1000000.0
FT.TO,ejected_below_floor,59227.97041,2026-08-21|CAD,1000000.0
LOYAL.ST,ejected_below_floor,1110.61272,2026-08-21|SEK,1000000.0
SVA.TO,ejected_below_floor,9923.375,2026-08-21|CAD,1000000.0
DYA.TO,ejected_below_floor,9612.805839,2026-08-21|CAD,1000000.0
RVX.TO,ejected_below_floor,2410.9831900000004,2026-08-21|CAD,1000000.0
NYR.BR,ejected_below_floor,3449.762298,2026-08-21|EUR,1000000.0
URU.L,ejected_below_floor,24960.804130050004,2026-08-21|GBp,1000000.0
FINM.PA,ejected_below_floor,7969.9451850000005,2026-08-21|EUR,1000000.0
SEED,ejected_below_floor,153567.6417,2026-08-21|USD,1000000.0
BKI.TO,ejected_below_floor,8186.9972765,2026-08-21|CAD,1000000.0
ESM.TO,ejected_below_floor,45639.189365,2026-08-21|CAD,1000000.0
CCM,ejected_below_floor,391772.48000000004,2026-08-21|USD,1000000.0
0RH3.L,ejected_below_floor,2601.0612,2026-08-21|EUR,1000000.0
SNG.DE,ejected_below_floor,408557.073204,2026-08-21|EUR,1000000.0
GABA.ST,ejected_below_floor,20978.3703104,2026-08-21|SEK,1000000.0
NSE.AS,ejected_below_floor,2058.8424906000005,2026-08-21|EUR,1000000.0
ALK.L,ejected_below_floor,202579.90964400003,2026-08-21|GBp,1000000.0
ARCTIC.ST,ejected_below_floor,15664.120143359998,2026-08-21|SEK,1000000.0
RAIN,ejected_below_floor,459123.41000000003,2026-08-21|USD,1000000.0
NRSN,ejected_below_floor,98476.2048,2026-08-21|USD,1000000.0
