source,verdict,dollarVolume_usd,dollarVolume_basis,floor_usd
KIN2.DE,ejected_below_floor,109894.3309692,2026-08-21|EUR,1000000.0
SBI.TO,ejected_below_floor,145397.11032,2026-08-21|CAD,1000000.0
0J3H.L,ejected_below_floor,213985.19999999998,2026-08-21|USD,1000000.0
0VOA.L,ejected_below_floor,53271.77538059999,2026-08-21|CAD,1000000.0
HFF.DE,ejected_below_floor,4614.2117808,2026-08-21|EUR,1000000.0
GMR.L,ejected_below_floor,117071.98824191999,2026-08-21|GBp,1000000.0
0LJL.L,ejected_below_floor,139234.94,2026-08-21|USD,1000000.0
0QYM.L,ejected_below_floor,460294.04675519996,2026-08-21|CAD,1000000.0
CFX.L,ejected_below_floor,95716.545984,2026-08-21|GBp,1000000.0
216050.KQ,ejected_below_floor,136897.49782524,2026-08-21|KRW,1000000.0
234080.KS,ejected_below_floor,270027.947933498,2026-08-21|KRW,1000000.0
0JSU.L,ejected_below_floor,8443.871244,2026-08-21|EUR,1000000.0
001065.KS,ejected_below_floor,5188.3641873,2026-08-21|KRW,1000000.0
001067.KS,ejected_below_floor,2546.837046,2026-08-21|KRW,1000000.0
0HQU.L,ejected_below_floor,321226.80000000005,2026-08-21|USD,1000000.0
0VCO.L,ejected_below_floor,23763.440042999995,2026-08-21|CAD,1000000.0
ALNTG.PA,ejected_below_floor,20189.740558679998,2026-08-21|EUR,1000000.0
PA9.DE,ejected_below_floor,3612.4598100000003,2026-08-21|EUR,1000000.0
MOUR.BR,ejected_below_floor,43745.9436,2026-08-21|EUR,1000000.0
LOUP.PA,ejected_below_floor,685652.6381760001,2026-08-21|EUR,1000000.0
PRU.TO,ejected_below_floor,145089.3684996,2026-08-21|CAD,1000000.0
007700.KS,ejected_below_floor,248284.983316386,2026-08-21|KRW,1000000.0
EIN.DE,ejected_below_floor,295090.615608,2026-08-21|EUR,1000000.0
092730.KQ,ejected_below_floor,985803.67119927,2026-08-21|KRW,1000000.0
028100.KS,ejected_below_floor,453876.69145148,2026-08-21|KRW,1000000.0
EMBELL.ST,ejected_below_floor,36998.30592,2026-08-21|SEK,1000000.0
0EAQ.L,ejected_below_floor,121281.8106,2026-08-21|USD,1000000.0
SNFCA,ejected_below_floor,322424.775,2026-08-21|USD,1000000.0
0VL5.L,ejected_below_floor,23893.209043199997,2026-08-21|CAD,1000000.0
0RJ6.L,ejected_below_floor,7700.630676,2026-08-21|EUR,1000000.0
SFE.DE,ejected_below_floor,157.5966744,2026-08-21|EUR,1000000.0
SEA1.OL,ejected_below_floor,490149.42568600003,2026-08-21|NOK,1000000.0
LNF.TO,ejected_below_floor,461962.6039979999,2026-08-21|CAD,1000000.0
0KAN.L,ejected_below_floor,18234.2,2026-08-21|USD,1000000.0
DBO.TO,ejected_below_floor,657430.7056884,2026-08-21|CAD,1000000.0
HCL.DE,ejected_below_floor,416448.7252632,2026-08-21|EUR,1000000.0
0QQF.L,ejected_below_floor,8395.975722,2026-08-21|CHF,1000000.0
0KGH.L,ejected_below_floor,92057.72,2026-08-21|USD,1000000.0
268280.KS,ejected_below_floor,321878.40836544,2026-08-21|KRW,1000000.0
033270.KS,ejected_below_floor,391408.431095034,2026-08-21|KRW,1000000.0
FCAP,ejected_below_floor,727450.96,2026-08-21|USD,1000000.0
XLY.TO,ejected_below_floor,212445.13455899997,2026-08-21|CAD,1000000.0
0AHJ.L,ejected_below_floor,94833.0802062,2026-08-21|CAD,1000000.0
TCL-B.TO,ejected_below_floor,5842.950498,2026-08-21|CAD,1000000.0
032850.KQ,ejected_below_floor,179174.66627127,2026-08-21|KRW,1000000.0
PES.DE,ejected_below_floor,5679.7396344,2026-08-21|EUR,1000000.0
RTC.L,ejected_below_floor,10909.432578,2026-08-21|GBp,1000000.0
TWC.TO,ejected_below_floor,35440.8586056,2026-08-21|CAD,1000000.0
069730.KS,ejected_below_floor,245629.22726498,2026-08-21|KRW,1000000.0
0IWV.L,ejected_below_floor,29680.938840000003,2026-08-21|EUR,1000000.0
ERIC-A.ST,ejected_below_floor,333462.61392000003,2026-08-21|SEK,1000000.0
ITU.DE,ejected_below_floor,740370.5373600001,2026-08-21|EUR,1000000.0
NRG.PA,ejected_below_floor,67915.17174,2026-08-21|EUR,1000000.0
0R0A.L,ejected_below_floor,770762.75,2026-08-21|USD,1000000.0
0KNY.L,ejected_below_floor,308863.05,2026-08-21|USD,1000000.0
M12.DE,ejected_below_floor,110987.886828,2026-08-21|EUR,1000000.0
UNP.DE,ejected_below_floor,38769.060096,2026-08-21|EUR,1000000.0
0GX2.L,ejected_below_floor,54194.895216000004,2026-08-21|EUR,1000000.0
ERCG.DE,ejected_below_floor,3479.0891616000004,2026-08-21|EUR,1000000.0
CDM1.DE,ejected_below_floor,297798.0362931,2026-08-21|EUR,1000000.0
VAN.BR,ejected_below_floor,81039.88213200001,2026-08-21|EUR,1000000.0
OPLN,kept_no_reading,,no-reading,1000000.0
ERCB.DE,ejected_below_floor,124139.61445512001,2026-08-21|EUR,1000000.0
YCP.DE,ejected_below_floor,110796.0723408,2026-08-21|EUR,1000000.0
CCLD,ejected_below_floor,767354.69,2026-08-21|USD,1000000.0
0QQM.L,ejected_below_floor,9794.1096,2026-08-21|CHF,1000000.0
0GBU.L,ejected_below_floor,27086.65344,2026-08-21|SEK,1000000.0
IVU.DE,ejected_below_floor,298071.923688,2026-08-21|EUR,1000000.0
0QLD.L,ejected_below_floor,238157.12211891596,2026-08-21|CHF,1000000.0
SOBA.DE,ejected_below_floor,194206.15235340002,2026-08-21|EUR,1000000.0
SIP.BR,ejected_below_floor,513128.09520000004,2026-08-21|EUR,1000000.0
007540.KS,ejected_below_floor,176344.95617046,2026-08-21|KRW,1000000.0
043150.KQ,ejected_below_floor,534877.965730044,2026-08-21|KRW,1000000.0
0QNG.L,ejected_below_floor,269043.72363684897,2026-08-21|CHF,1000000.0
NRO.PA,ejected_below_floor,365665.02837899997,2026-08-21|EUR,1000000.0
MED.DE,ejected_below_floor,46068.28059,2026-08-21|EUR,1000000.0
0Q4C.L,ejected_below_floor,519.236763,2026-08-21|EUR,1000000.0
NEDAP.AS,ejected_below_floor,582767.024034,2026-08-21|EUR,1000000.0
0HF6.L,ejected_below_floor,956578.0,2026-08-21|USD,1000000.0
DVD.OL,ejected_below_floor,395815.25934900006,2026-08-21|NOK,1000000.0
EIOF.OL,ejected_below_floor,30728.82806,2026-08-21|NOK,1000000.0
0JPO.L,ejected_below_floor,820399.9500000001,2026-08-21|USD,1000000.0
KLA.DE,ejected_below_floor,609232.0216752001,2026-08-21|EUR,1000000.0
0I4T.L,ejected_below_floor,6102.99,2026-08-21|USD,1000000.0
GSC1.DE,ejected_below_floor,53655.54737400001,2026-08-21|EUR,1000000.0
0NNU.L,ejected_below_floor,9425.199168000001,2026-08-21|EUR,1000000.0
ALTPC.PA,ejected_below_floor,89800.89408,2026-08-21|EUR,1000000.0
ALTN.L,ejected_below_floor,940557.076008,2026-08-21|GBp,1000000.0
AZ2.DE,ejected_below_floor,44019.500640000006,2026-08-21|EUR,1000000.0
0RR8.L,ejected_below_floor,396635.736,2026-08-21|USD,1000000.0
68V.DE,ejected_below_floor,110550.13760700001,2026-08-21|EUR,1000000.0
FDBC,ejected_below_floor,698369.86,2026-08-21|USD,1000000.0
053580.KQ,ejected_below_floor,172091.752815532,2026-08-21|KRW,1000000.0
ANTIN.PA,ejected_below_floor,407904.7506888,2026-08-21|EUR,1000000.0
HYDRA.AS,ejected_below_floor,42563.620800000004,2026-08-21|EUR,1000000.0
120030.KS,ejected_below_floor,58630.800939479996,2026-08-21|KRW,1000000.0
PZA.TO,ejected_below_floor,653690.851884,2026-08-21|CAD,1000000.0
078520.KS,ejected_below_floor,864743.83554742,2026-08-21|KRW,1000000.0
BOI.PA,ejected_below_floor,66043.508382,2026-08-21|EUR,1000000.0
0QKP.L,ejected_below_floor,10783.4136,2026-08-21|CHF,1000000.0
0DTF.L,ejected_below_floor,32775.26307,2026-08-21|EUR,1000000.0
0NCA.L,ejected_below_floor,16310.490768000001,2026-08-21|EUR,1000000.0
0QZ5.L,ejected_below_floor,430008.0,2026-08-21|USD,1000000.0
MULT.DE,ejected_below_floor,63026.9508546,2026-08-21|EUR,1000000.0
ALPM.PA,ejected_below_floor,122898.629898,2026-08-21|EUR,1000000.0
AMG.DE,ejected_below_floor,181961.391501,2026-08-21|EUR,1000000.0
0QYZ.L,ejected_below_floor,235821.8360736,2026-08-21|CAD,1000000.0
ALLUX.PA,ejected_below_floor,109369.49556000001,2026-08-21|EUR,1000000.0
BVFL,ejected_below_floor,437653.44000000006,2026-08-21|USD,1000000.0
036800.KQ,ejected_below_floor,575194.091418492,2026-08-21|KRW,1000000.0
009180.KS,ejected_below_floor,142840.15387896998,2026-08-21|KRW,1000000.0
200670.KQ,ejected_below_floor,585511.23396454,2026-08-21|KRW,1000000.0
CXI.TO,ejected_below_floor,100793.85666840001,2026-08-21|CAD,1000000.0
058860.KS,ejected_below_floor,146157.36196773598,2026-08-21|KRW,1000000.0
0O6D.L,ejected_below_floor,3519.1490400000002,2026-08-21|EUR,1000000.0
267980.KQ,ejected_below_floor,144986.8617828,2026-08-21|KRW,1000000.0
MPCK.DE,ejected_below_floor,97041.80983200001,2026-08-21|EUR,1000000.0
A4S.DE,ejected_below_floor,5525.62038,2026-08-21|EUR,1000000.0
0HC2.L,ejected_below_floor,6528.01,2026-08-21|USD,1000000.0
SFCA.PA,ejected_below_floor,746.8107192,2026-08-21|EUR,1000000.0
VUXEN.ST,ejected_below_floor,42948.1206,2026-08-21|SEK,1000000.0
0MT8.L,ejected_below_floor,10914.925896,2026-08-21|EUR,1000000.0
DRW8.DE,ejected_below_floor,143779.49377200002,2026-08-21|EUR,1000000.0
SVED-B.ST,ejected_below_floor,369576.5487,2026-08-21|SEK,1000000.0
CASE.ST,ejected_below_floor,7029.5607,2026-08-21|SEK,1000000.0
XAU.TO,ejected_below_floor,93359.3455368,2026-08-21|CAD,1000000.0
CCL-A.TO,ejected_below_floor,15055.024257000001,2026-08-21|CAD,1000000.0
0QJQ.L,ejected_below_floor,56595.010500000004,2026-08-21|EUR,1000000.0
068330.KQ,ejected_below_floor,92527.04700577799,2026-08-21|KRW,1000000.0
LOVE.TO,ejected_below_floor,67760.6997312,2026-08-21|CAD,1000000.0
002720.KS,ejected_below_floor,145379.26334248,2026-08-21|KRW,1000000.0
MBB.DE,ejected_below_floor,612465.465888,2026-08-21|EUR,1000000.0
BIJ.DE,ejected_below_floor,269068.84992,2026-08-21|EUR,1000000.0
REC.L,ejected_below_floor,198793.7346504,2026-08-21|GBp,1000000.0
ARPL.ST,ejected_below_floor,95321.82475500001,2026-08-21|SEK,1000000.0
0N2Q.L,ejected_below_floor,26145.677754000004,2026-08-21|EUR,1000000.0
NOVA.IC,ejected_below_floor,62922.4079946,2026-08-21|ISK,1000000.0
0RFX.L,ejected_below_floor,47263.9986,2026-08-21|CHF,1000000.0
0VJA.L,ejected_below_floor,27550.64151,2026-08-21|CAD,1000000.0
0J7X.L,ejected_below_floor,60633.454260000006,2026-08-21|EUR,1000000.0
TIMA.DE,ejected_below_floor,183971.51413199998,2026-08-21|EUR,1000000.0
ALCAF.PA,ejected_below_floor,23722.95924,2026-08-21|EUR,1000000.0
DPAM.PA,ejected_below_floor,10084.518,2026-08-21|EUR,1000000.0
072130.KS,ejected_below_floor,221995.428423782,2026-08-21|KRW,1000000.0
IOF.L,ejected_below_floor,256522.878,2026-08-21|GBp,1000000.0
0AH3.L,ejected_below_floor,22325.56326,2026-08-21|CAD,1000000.0
VIL.PA,ejected_below_floor,283946.64364799997,2026-08-21|EUR,1000000.0
FDX.DE,ejected_below_floor,28011.777240000003,2026-08-21|EUR,1000000.0
BAR.BR,ejected_below_floor,701343.4063344,2026-08-21|EUR,1000000.0
0JW2.L,ejected_below_floor,888723.64,2026-08-21|USD,1000000.0
SII.DE,ejected_below_floor,202475.67735,2026-08-21|EUR,1000000.0
AFGB,ejected_below_floor,172376.6,2026-08-21|USD,1000000.0
AFGD,ejected_below_floor,183576.9,2026-08-21|USD,1000000.0
AFGE,ejected_below_floor,135248.87999999998,2026-08-21|USD,1000000.0
VX1.DE,ejected_below_floor,49792.65536700001,2026-08-21|EUR,1000000.0
HCO.PA,ejected_below_floor,56085.3134592,2026-08-21|EUR,1000000.0
0KGE.L,ejected_below_floor,133947.24,2026-08-21|USD,1000000.0
CCZ,ejected_below_floor,10033.9349,2026-08-21|USD,1000000.0
PCX.DE,ejected_below_floor,10614.569539200002,2026-08-21|EUR,1000000.0
ALLOG.PA,ejected_below_floor,127309.28278512001,2026-08-21|EUR,1000000.0
AJ91.DE,ejected_below_floor,8187.237648,2026-08-21|EUR,1000000.0
WEYS,ejected_below_floor,970830.8400000001,2026-08-21|USD,1000000.0
0HW9.L,ejected_below_floor,895.26,2026-08-21|SEK,1000000.0
0KV3.L,ejected_below_floor,853305.89,2026-08-21|USD,1000000.0
058630.KQ,ejected_below_floor,203756.46896926,2026-08-21|KRW,1000000.0
0A18.L,ejected_below_floor,10428.8317056,2026-08-21|CAD,1000000.0
366030.KQ,ejected_below_floor,439122.57420616195,2026-08-21|KRW,1000000.0
094280.KS,ejected_below_floor,144982.50821519998,2026-08-21|KRW,1000000.0
0QYN.L,ejected_below_floor,140317.147152,2026-08-21|CAD,1000000.0
COZ.DE,ejected_below_floor,17586.819822,2026-08-21|EUR,1000000.0
KCC.OL,ejected_below_floor,459285.55296,2026-08-21|NOK,1000000.0
EXM.BR,ejected_below_floor,20066.568024000004,2026-08-21|EUR,1000000.0
0N66.L,ejected_below_floor,305175.597264,2026-08-21|EUR,1000000.0
SYS1.L,ejected_below_floor,142673.84076,2026-08-21|GBp,1000000.0
119610.KQ,ejected_below_floor,750827.2828220279,2026-08-21|KRW,1000000.0
215000.KQ,ejected_below_floor,767649.7002187,2026-08-21|KRW,1000000.0
CTP2.DE,ejected_below_floor,190910.7752904,2026-08-21|EUR,1000000.0
0HGC.L,ejected_below_floor,251094.92,2026-08-21|USD,1000000.0
ALS.DE,ejected_below_floor,3530.3926980000006,2026-08-21|EUR,1000000.0
0F6L.L,ejected_below_floor,787365.6604983001,2026-08-21|EUR,1000000.0
0R3D.L,ejected_below_floor,193188.87,2026-08-21|USD,1000000.0
MZX.DE,ejected_below_floor,21531.836898,2026-08-21|EUR,1000000.0
SINT.ST,ejected_below_floor,52458.4884,2026-08-21|SEK,1000000.0
CARE.ST,ejected_below_floor,35560.39344,2026-08-21|SEK,1000000.0
AFGC,ejected_below_floor,190032.00000000003,2026-08-21|USD,1000000.0
NIL-B.ST,ejected_below_floor,136245.37212,2026-08-21|SEK,1000000.0
WWIB.OL,ejected_below_floor,427428.0603,2026-08-21|NOK,1000000.0
ELEC.PA,ejected_below_floor,532888.882092,2026-08-21|EUR,1000000.0
107590.KS,ejected_below_floor,26332.98898536,2026-08-21|KRW,1000000.0
0UGS.L,ejected_below_floor,248722.0416576,2026-08-21|CAD,1000000.0
0VQD.L,ejected_below_floor,608292.2999999999,2026-08-21|USD,1000000.0
JIM.L,ejected_below_floor,3594.0554528,2026-08-21|GBp,1000000.0
UT8.DE,ejected_below_floor,923069.7330624001,2026-08-21|EUR,1000000.0
ET.TO,ejected_below_floor,415540.98714239994,2026-08-21|CAD,1000000.0
XTC.TO,ejected_below_floor,93329.0418816,2026-08-21|CAD,1000000.0
053210.KS,ejected_below_floor,129922.04492976199,2026-08-21|KRW,1000000.0
ALGIL.PA,ejected_below_floor,73825.162944,2026-08-21|EUR,1000000.0
ABL.DE,ejected_below_floor,144080.3601504,2026-08-21|EUR,1000000.0
690D.DE,ejected_below_floor,144653.0564502,2026-08-21|EUR,1000000.0
SHF.DE,ejected_below_floor,20011.161132000005,2026-08-21|EUR,1000000.0
0D1X.L,ejected_below_floor,2327.437206,2026-08-21|EUR,1000000.0
003100.KQ,ejected_below_floor,484350.64881904,2026-08-21|KRW,1000000.0
0HCZ.L,ejected_below_floor,538567.38,2026-08-21|USD,1000000.0
ZZ-B.ST,ejected_below_floor,827662.54008,2026-08-21|SEK,1000000.0
0NJB.L,ejected_below_floor,1340.429496,2026-08-21|EUR,1000000.0
TFW.L,ejected_below_floor,169011.09677479998,2026-08-21|GBp,1000000.0
ESSITY-A.ST,ejected_below_floor,565365.27825,2026-08-21|SEK,1000000.0
0UWL.L,ejected_below_floor,1620.9289908,2026-08-21|CAD,1000000.0
RICO.L,ejected_below_floor,167110.0414676,2026-08-21|JPY,1000000.0
000050.KS,ejected_below_floor,305551.680919758,2026-08-21|KRW,1000000.0
DP4B.DE,ejected_below_floor,116435.61300000001,2026-08-21|EUR,1000000.0
EDL.DE,ejected_below_floor,17817.1177572,2026-08-21|EUR,1000000.0
ALDLT.PA,ejected_below_floor,58301.26458,2026-08-21|EUR,1000000.0
096760.KS,ejected_below_floor,297920.867353587,2026-08-21|KRW,1000000.0
TECK-A.TO,ejected_below_floor,519868.74499559996,2026-08-21|CAD,1000000.0
ALVU.PA,ejected_below_floor,55313.00166,2026-08-21|EUR,1000000.0
VETO.PA,ejected_below_floor,709242.41223,2026-08-21|EUR,1000000.0
MTU.PA,ejected_below_floor,351366.9785220001,2026-08-21|EUR,1000000.0
LPE.PA,ejected_below_floor,272951.96892,2026-08-21|EUR,1000000.0
0O1O.L,ejected_below_floor,11506.087296000002,2026-08-21|EUR,1000000.0
TAGM-B.ST,ejected_below_floor,83966.019,2026-08-21|SEK,1000000.0
0DK7.L,ejected_below_floor,1402.0957440000002,2026-08-21|EUR,1000000.0
JEN.BR,ejected_below_floor,305987.45892,2026-08-21|EUR,1000000.0
HMM-A.TO,ejected_below_floor,273523.15166399995,2026-08-21|CAD,1000000.0
0OQQ.L,ejected_below_floor,1641.052455,2026-08-21|EUR,1000000.0
INF.PA,ejected_below_floor,171671.53185,2026-08-21|EUR,1000000.0
0HYP.L,ejected_below_floor,117222.3,2026-08-21|USD,1000000.0
IC2.DE,ejected_below_floor,8468.120452800002,2026-08-21|EUR,1000000.0
ADP.DE,ejected_below_floor,43218.824685,2026-08-21|EUR,1000000.0
PGH.L,ejected_below_floor,235187.303571,2026-08-21|GBp,1000000.0
UZU.DE,ejected_below_floor,34354.12766400001,2026-08-21|EUR,1000000.0
DEQ.DE,ejected_below_floor,162947.380554,2026-08-21|EUR,1000000.0
0ABJ.L,ejected_below_floor,614709.857154393,2026-08-21|SEK,1000000.0
CHV.DE,ejected_below_floor,690616.2611184001,2026-08-21|EUR,1000000.0
FFARM.AS,ejected_below_floor,710837.0874936,2026-08-21|EUR,1000000.0
EBA.DE,ejected_below_floor,33956.03262240001,2026-08-21|EUR,1000000.0
JEL.L,ejected_below_floor,18481.021151999998,2026-08-21|GBp,1000000.0
ELIX.L,ejected_below_floor,598064.9526912,2026-08-21|GBp,1000000.0
YGR.TO,ejected_below_floor,178439.6705994,2026-08-21|CAD,1000000.0
KEI.TO,ejected_below_floor,126234.89037180001,2026-08-21|CAD,1000000.0
3V64.DE,ejected_below_floor,768803.314248,2026-08-21|EUR,1000000.0
DLCG.TO,ejected_below_floor,214509.75453180002,2026-08-21|CAD,1000000.0
REP.DE,ejected_below_floor,420431.031873,2026-08-21|EUR,1000000.0
AKVA.OL,ejected_below_floor,65293.62084,2026-08-21|NOK,1000000.0
HMSB.DE,ejected_below_floor,7584.4558695000005,2026-08-21|EUR,1000000.0
SNX.ST,ejected_below_floor,73791.33705,2026-08-21|SEK,1000000.0
KFI1.DE,ejected_below_floor,4205.70302544,2026-08-21|EUR,1000000.0
SDG.PA,ejected_below_floor,43481.891508,2026-08-21|EUR,1000000.0
0HDQ.L,ejected_below_floor,701.0478720000001,2026-08-21|EUR,1000000.0
STGO.TO,ejected_below_floor,512050.7688785999,2026-08-21|CAD,1000000.0
BEIA-B.ST,ejected_below_floor,982181.9384999999,2026-08-21|SEK,1000000.0
SOF-B.ST,ejected_below_floor,43042.648604999995,2026-08-21|SEK,1000000.0
F3A.DE,ejected_below_floor,184225.365792,2026-08-21|EUR,1000000.0
EQS.PA,ejected_below_floor,432299.234505,2026-08-21|EUR,1000000.0
UU2.DE,ejected_below_floor,286945.107,2026-08-21|EUR,1000000.0
THEP.PA,ejected_below_floor,379276.4037,2026-08-21|EUR,1000000.0
CEMX.TO,ejected_below_floor,27674.6296491,2026-08-21|CAD,1000000.0
0RUJ.L,ejected_below_floor,10492.53528,2026-08-21|EUR,1000000.0
039840.KQ,ejected_below_floor,213398.96816812,2026-08-21|KRW,1000000.0
0DZJ.L,ejected_below_floor,121.01421600000002,2026-08-21|EUR,1000000.0
BRM.DE,ejected_below_floor,111157.26036480001,2026-08-21|EUR,1000000.0
AUB.PA,ejected_below_floor,504986.29584000004,2026-08-21|EUR,1000000.0
0FNZ.L,ejected_below_floor,1502.7090959999998,2026-08-21|EUR,1000000.0
FIV.DE,ejected_below_floor,124120.83290970002,2026-08-21|EUR,1000000.0
IWS.OL,ejected_below_floor,19370.682172,2026-08-21|NOK,1000000.0
0IPY.L,ejected_below_floor,55235.33928,2026-08-21|EUR,1000000.0
0N0B.L,ejected_below_floor,600901.1698177054,2026-08-21|NOK,1000000.0
0R20.L,ejected_below_floor,314806.75931879994,2026-08-21|CAD,1000000.0
TAL.TO,ejected_below_floor,260081.73229500002,2026-08-21|CAD,1000000.0
PTAL.L,ejected_below_floor,176395.93615199998,2026-08-21|GBp,1000000.0
BWE.OL,ejected_below_floor,658660.41725,2026-08-21|NOK,1000000.0
ALCA.ST,ejected_below_floor,49670.21154,2026-08-21|SEK,1000000.0
0Q76.L,ejected_below_floor,1100.6729784,2026-08-21|EUR,1000000.0
MCAP.ST,ejected_below_floor,938726.6427,2026-08-21|SEK,1000000.0
MRD.TO,ejected_below_floor,75324.72805199999,2026-08-21|CAD,1000000.0
BSD.PA,ejected_below_floor,53979.063347999996,2026-08-21|EUR,1000000.0
AEC1.DE,ejected_below_floor,69485.34278400001,2026-08-21|EUR,1000000.0
CINT,ejected_below_floor,649816.72,2026-08-21|USD,1000000.0
TII.DE,ejected_below_floor,363215.24394600006,2026-08-21|EUR,1000000.0
ULTP.L,ejected_below_floor,120635.48572,2026-08-21|GBp,1000000.0
0M3Q.L,ejected_below_floor,904731.012,2026-08-21|USD,1000000.0
GIS.DE,ejected_below_floor,142626.3813,2026-08-21|EUR,1000000.0
003090.KS,ejected_below_floor,743698.5553232459,2026-08-21|KRW,1000000.0
0IP9.L,ejected_below_floor,386515.61,2026-08-21|USD,1000000.0
0IWU.L,ejected_below_floor,40713.169704,2026-08-21|EUR,1000000.0
FAA.DE,ejected_below_floor,138456.95472,2026-08-21|EUR,1000000.0
CPH.TO,ejected_below_floor,306228.580182,2026-08-21|CAD,1000000.0
KSB.DE,ejected_below_floor,164583.97032000002,2026-08-21|EUR,1000000.0
POLN.L,ejected_below_floor,858433.6021799999,2026-08-21|GBp,1000000.0
ALSTW.PA,ejected_below_floor,34310.544,2026-08-21|EUR,1000000.0
ALITL.PA,ejected_below_floor,27291.9513,2026-08-21|EUR,1000000.0
DR.TO,ejected_below_floor,380667.14935200004,2026-08-21|CAD,1000000.0
GPE.PA,ejected_below_floor,25728.27144,2026-08-21|EUR,1000000.0
ALDNX.PA,ejected_below_floor,27995.781108000003,2026-08-21|EUR,1000000.0
185.DE,ejected_below_floor,91696.43572200001,2026-08-21|EUR,1000000.0
0HPW.L,ejected_below_floor,628380.0,2026-08-21|USD,1000000.0
AINN.DE,ejected_below_floor,6581.1564468000015,2026-08-21|EUR,1000000.0
LAS-A.TO,ejected_below_floor,225887.41728,2026-08-21|CAD,1000000.0
HP3A.DE,ejected_below_floor,6710.029632000001,2026-08-21|EUR,1000000.0
0RPZ.L,ejected_below_floor,281556.5634,2026-08-21|SEK,1000000.0
PMTA.DE,ejected_below_floor,2450.7001536,2026-08-21|EUR,1000000.0
ALERS.PA,ejected_below_floor,29248.811447999997,2026-08-21|EUR,1000000.0
0R9T.L,ejected_below_floor,40061.15345400001,2026-08-21|EUR,1000000.0
DKUPL.PA,ejected_below_floor,33466.69008,2026-08-21|EUR,1000000.0
0LVJ.L,ejected_below_floor,16558.47,2026-08-21|USD,1000000.0
OZKAP,ejected_below_floor,391411.02,2026-08-21|USD,1000000.0
NTG.DE,ejected_below_floor,130144.18221000001,2026-08-21|EUR,1000000.0
016580.KS,ejected_below_floor,318751.501972416,2026-08-21|KRW,1000000.0
ABSO.ST,ejected_below_floor,54931.22775,2026-08-21|SEK,1000000.0
SDG.L,ejected_below_floor,112764.61368479999,2026-08-21|GBp,1000000.0
TM5.DE,ejected_below_floor,195520.07231760002,2026-08-21|EUR,1000000.0
ODF.OL,ejected_below_floor,467001.646608,2026-08-21|NOK,1000000.0
016880.KS,ejected_below_floor,445702.28417882696,2026-08-21|KRW,1000000.0
MACF.L,ejected_below_floor,206092.504475,2026-08-21|GBp,1000000.0
COMB.BR,ejected_below_floor,116493.57,2026-08-21|EUR,1000000.0
CEN.PA,ejected_below_floor,91063.19754000001,2026-08-21|EUR,1000000.0
0RQO.L,ejected_below_floor,379636.671928077,2026-08-21|SEK,1000000.0
VTAS.L,ejected_below_floor,19097.4884832,2026-08-21|GBp,1000000.0
0OPJ.L,ejected_below_floor,207876.6438144,2026-08-21|EUR,1000000.0
FCMC.PA,ejected_below_floor,59672.527200000004,2026-08-21|EUR,1000000.0
ZOE.DE,ejected_below_floor,184261.60050840004,2026-08-21|EUR,1000000.0
DECB.BR,ejected_below_floor,235977.81393119998,2026-08-21|EUR,1000000.0
ALLEX.PA,ejected_below_floor,166248.49536,2026-08-21|EUR,1000000.0
TEL2-A.ST,ejected_below_floor,19158.6681,2026-08-21|SEK,1000000.0
CHEF.ST,ejected_below_floor,476281.2348,2026-08-21|SEK,1000000.0
MEDI.OL,ejected_below_floor,525620.2788,2026-08-21|NOK,1000000.0
ARC.L,ejected_below_floor,12498.7979598,2026-08-21|GBp,1000000.0
CEVI.ST,ejected_below_floor,667793.13036,2026-08-21|SEK,1000000.0
UB5.DE,ejected_below_floor,5093.2843428,2026-08-21|EUR,1000000.0
0HTF.L,ejected_below_floor,28748.090250438003,2026-08-21|NOK,1000000.0
0EEV.L,ejected_below_floor,53624.830164,2026-08-21|EUR,1000000.0
0YG7.L,ejected_below_floor,26916.35625,2026-08-21|SEK,1000000.0
BERNER-B.ST,ejected_below_floor,330566.27085,2026-08-21|SEK,1000000.0
SEC.TO,ejected_below_floor,46944.765,2026-08-21|CAD,1000000.0
035150.KS,ejected_below_floor,238068.13245595,2026-08-21|KRW,1000000.0
OMV.DE,ejected_below_floor,565566.719445,2026-08-21|EUR,1000000.0
ELC,ejected_below_floor,373243.7588,2026-08-21|USD,1000000.0
COH.PA,ejected_below_floor,24938.31753,2026-08-21|EUR,1000000.0
ALMDG.PA,ejected_below_floor,63940.017024,2026-08-21|EUR,1000000.0
ORIA.PA,ejected_below_floor,6157.351680000001,2026-08-21|EUR,1000000.0
CAT1.DE,ejected_below_floor,880629.2592960001,2026-08-21|EUR,1000000.0
039570.KS,ejected_below_floor,113262.646871872,2026-08-21|KRW,1000000.0
0HW4.L,ejected_below_floor,311092.25,2026-08-21|USD,1000000.0
0KXA.L,ejected_below_floor,253565.83000000002,2026-08-21|USD,1000000.0
0MDP.L,ejected_below_floor,16276.138799999999,2026-08-21|USD,1000000.0
CX.ST,ejected_below_floor,32226.5493,2026-08-21|SEK,1000000.0
SIMINN.IC,ejected_below_floor,363386.730476,2026-08-21|ISK,1000000.0
0QUS.L,ejected_below_floor,6148.46871,2026-08-21|SEK,1000000.0
RNK.L,ejected_below_floor,642715.9030109601,2026-08-21|GBp,1000000.0
ACX.TO,ejected_below_floor,589092.04935,2026-08-21|CAD,1000000.0
NIVI-B.ST,ejected_below_floor,457787.54708999995,2026-08-21|SEK,1000000.0
HBANL,ejected_below_floor,548449.6,2026-08-21|USD,1000000.0
HBANM,ejected_below_floor,346919.04,2026-08-21|USD,1000000.0
0R23.L,ejected_below_floor,374003.08,2026-08-21|USD,1000000.0
ABCA.PA,ejected_below_floor,230122.5341352,2026-08-21|EUR,1000000.0
014830.KS,ejected_below_floor,829354.48268108,2026-08-21|KRW,1000000.0
KWG.DE,ejected_below_floor,11156.3979408,2026-08-21|EUR,1000000.0
005680.KS,ejected_below_floor,986810.310355688,2026-08-21|KRW,1000000.0
ALFRE.PA,ejected_below_floor,41581.041004800005,2026-08-21|EUR,1000000.0
002960.KS,ejected_below_floor,728357.6642367999,2026-08-21|KRW,1000000.0
CHR.TO,ejected_below_floor,946315.81044,2026-08-21|CAD,1000000.0
GENI.ST,ejected_below_floor,53655.55512,2026-08-21|SEK,1000000.0
HYSG.BR,ejected_below_floor,13200.286320000001,2026-08-21|EUR,1000000.0
015890.KS,ejected_below_floor,176231.748900968,2026-08-21|KRW,1000000.0
CRON.TO,ejected_below_floor,552820.1281092,2026-08-21|CAD,1000000.0
RDEB.DE,ejected_below_floor,82060.388988,2026-08-21|EUR,1000000.0
HOLM-A.ST,ejected_below_floor,147205.728,2026-08-21|SEK,1000000.0
QBR-A.TO,ejected_below_floor,24314.366538000002,2026-08-21|CAD,1000000.0
RWL.DE,ejected_below_floor,10852.448250000001,2026-08-21|EUR,1000000.0
CYB.TO,ejected_below_floor,423805.287465,2026-08-21|CAD,1000000.0
CBOT.PA,ejected_below_floor,56425.1733072,2026-08-21|EUR,1000000.0
SFAB.ST,ejected_below_floor,231125.4225,2026-08-21|SEK,1000000.0
MIKO.BR,ejected_below_floor,20192.218800000002,2026-08-21|EUR,1000000.0
GDP.L,ejected_below_floor,138492.8089672,2026-08-21|GBp,1000000.0
002240.KS,ejected_below_floor,307388.76309587597,2026-08-21|KRW,1000000.0
ELF.TO,ejected_below_floor,464428.768986,2026-08-21|CAD,1000000.0
G5EN.ST,ejected_below_floor,119405.4066,2026-08-21|SEK,1000000.0
MOG-B,ejected_below_floor,111186.6,2026-08-21|USD,1000000.0
ALLHB.PA,ejected_below_floor,2144.409,2026-08-21|EUR,1000000.0
0OCD.L,ejected_below_floor,2548.09114,2026-08-21|NOK,1000000.0
AAG.DE,ejected_below_floor,917645.467884,2026-08-21|EUR,1000000.0
FLK.L,ejected_below_floor,27243.183246999997,2026-08-21|GBp,1000000.0
001380.KS,ejected_below_floor,62163.321969849996,2026-08-21|KRW,1000000.0
MMGR-B.ST,ejected_below_floor,486363.9444,2026-08-21|SEK,1000000.0
AKW.PA,ejected_below_floor,31306.794969600007,2026-08-21|EUR,1000000.0
CFW.TO,ejected_below_floor,503425.5586416001,2026-08-21|CAD,1000000.0
0QNA.L,ejected_below_floor,389600.36014966795,2026-08-21|CHF,1000000.0
0F8V.L,ejected_below_floor,3683.9091996,2026-08-21|EUR,1000000.0
123690.KS,ejected_below_floor,485286.47719844396,2026-08-21|KRW,1000000.0
NORAM.OL,ejected_below_floor,491427.09109800006,2026-08-21|NOK,1000000.0
0OJJ.L,ejected_below_floor,282.4476438,2026-08-21|EUR,1000000.0
066310.KQ,ejected_below_floor,649136.22997636,2026-08-21|KRW,1000000.0
TTR1.DE,ejected_below_floor,260934.70088400002,2026-08-21|EUR,1000000.0
VTA.AS,ejected_below_floor,69307.29888,2026-08-21|EUR,1000000.0
000700.KS,ejected_below_floor,189393.10618387998,2026-08-21|KRW,1000000.0
090350.KS,ejected_below_floor,341323.89377678797,2026-08-21|KRW,1000000.0
090355.KS,ejected_below_floor,2789.591975376,2026-08-21|KRW,1000000.0
ALCIS.PA,ejected_below_floor,105578.180448,2026-08-21|EUR,1000000.0
ALI2S.PA,ejected_below_floor,617.82162,2026-08-21|EUR,1000000.0
BILN.L,ejected_below_floor,116027.55219599999,2026-08-21|GBp,1000000.0
284740.KS,ejected_below_floor,262396.70263854,2026-08-21|KRW,1000000.0
0RP8.L,ejected_below_floor,125966.5361681922,2026-08-21|CHF,1000000.0
0J72.L,ejected_below_floor,186114.355,2026-08-21|USD,1000000.0
OTL.OL,ejected_below_floor,281559.95994,2026-08-21|NOK,1000000.0
PERR.PA,ejected_below_floor,103687.39128000001,2026-08-21|EUR,1000000.0
0HS2.L,ejected_below_floor,843411.15,2026-08-21|USD,1000000.0
004700.KS,ejected_below_floor,117687.38079024,2026-08-21|KRW,1000000.0
W7L.L,ejected_below_floor,865500.6619095999,2026-08-21|GBp,1000000.0
4DS.DE,ejected_below_floor,80157.31293600002,2026-08-21|EUR,1000000.0
ENI.DE,ejected_below_floor,408420.01160160004,2026-08-21|EUR,1000000.0
ALATI.PA,ejected_below_floor,47372.660831999994,2026-08-21|EUR,1000000.0
CAMB.BR,ejected_below_floor,140207.25612,2026-08-21|EUR,1000000.0
034310.KS,ejected_below_floor,550392.034479672,2026-08-21|KRW,1000000.0
GDC.TO,ejected_below_floor,4594.6945926,2026-08-21|CAD,1000000.0
TBL.TO,ejected_below_floor,16273.436961599999,2026-08-21|CAD,1000000.0
00806K.KS,ejected_below_floor,52807.229471501996,2026-08-21|KRW,1000000.0
TRVG,ejected_below_floor,553302.34,2026-08-21|USD,1000000.0
CQD.DE,ejected_below_floor,19990.296612000002,2026-08-21|EUR,1000000.0
126560.KS,ejected_below_floor,193744.261181835,2026-08-21|KRW,1000000.0
CPA.DE,ejected_below_floor,60703.929972000005,2026-08-21|EUR,1000000.0
ALFPC.PA,ejected_below_floor,169269.21420000002,2026-08-21|EUR,1000000.0
CONTX.OL,ejected_below_floor,5937.736816,2026-08-21|NOK,1000000.0
SCST.ST,ejected_below_floor,982999.1235,2026-08-21|SEK,1000000.0
CSW-A.TO,ejected_below_floor,194432.82752879997,2026-08-21|CAD,1000000.0
CSW-B.TO,ejected_below_floor,57736.161378000004,2026-08-21|CAD,1000000.0
ACCB.BR,ejected_below_floor,3146.30238588,2026-08-21|EUR,1000000.0
IXX.DE,ejected_below_floor,286248.058161,2026-08-21|EUR,1000000.0
102260.KS,ejected_below_floor,314064.487373986,2026-08-21|KRW,1000000.0
FGN,ejected_below_floor,783046.8,2026-08-21|USD,1000000.0
0QRA.L,ejected_below_floor,70394.25216,2026-08-21|SEK,1000000.0
KBL.TO,ejected_below_floor,368161.13590199995,2026-08-21|CAD,1000000.0
GLINT.LS,ejected_below_floor,17630.5194,2026-08-21|EUR,1000000.0
0M29.L,ejected_below_floor,229979.25,2026-08-21|USD,1000000.0
XY6.DE,ejected_below_floor,57250.6896324,2026-08-21|EUR,1000000.0
STO3.DE,ejected_below_floor,250590.18778200002,2026-08-21|EUR,1000000.0
0VBE.L,ejected_below_floor,75065.68000000001,2026-08-21|USD,1000000.0
CBHD.DE,ejected_below_floor,132046.5859608,2026-08-21|EUR,1000000.0
HAL.DE,ejected_below_floor,98450.99951280002,2026-08-21|EUR,1000000.0
CLX.L,ejected_below_floor,101417.32519199999,2026-08-21|GBp,1000000.0
M4I.DE,ejected_below_floor,395793.45321600005,2026-08-21|EUR,1000000.0
LOR.DE,ejected_below_floor,511441.19875800004,2026-08-21|EUR,1000000.0
LIN.PA,ejected_below_floor,44463.45126,2026-08-21|EUR,1000000.0
0EWR.L,ejected_below_floor,18669.456582,2026-08-21|EUR,1000000.0
SWP.PA,ejected_below_floor,759109.0786860001,2026-08-21|EUR,1000000.0
ALLIGO-B.ST,ejected_below_floor,200947.64448,2026-08-21|SEK,1000000.0
NXR.L,ejected_below_floor,843768.942768,2026-08-21|GBp,1000000.0
0JMU.L,ejected_below_floor,122503.7109,2026-08-21|EUR,1000000.0
0IX0.L,ejected_below_floor,66998.06017200001,2026-08-21|EUR,1000000.0
0F2S.L,ejected_below_floor,200.299392,2026-08-21|EUR,1000000.0
VTA.L,ejected_below_floor,23704.586871000003,2026-08-21|EUR,1000000.0
0KFZ.L,ejected_below_floor,671162.71,2026-08-21|USD,1000000.0
CDS.DE,ejected_below_floor,73677.720336,2026-08-21|EUR,1000000.0
MRE.TO,ejected_below_floor,541832.808384,2026-08-21|CAD,1000000.0
001560.KS,ejected_below_floor,21585.009928638,2026-08-21|KRW,1000000.0
0HDU.L,ejected_below_floor,4593.19509,2026-08-21|NOK,1000000.0
SPA.BR,ejected_below_floor,32887.12008,2026-08-21|EUR,1000000.0
NITRO.ST,ejected_below_floor,8803.362239999999,2026-08-21|SEK,1000000.0
ARJO-B.ST,ejected_below_floor,940978.70046,2026-08-21|SEK,1000000.0
ITECH.ST,ejected_below_floor,96508.1952,2026-08-21|SEK,1000000.0
0OG6.L,ejected_below_floor,29711.07648,2026-08-21|EUR,1000000.0
ALNXT.PA,ejected_below_floor,10146.55053624,2026-08-21|EUR,1000000.0
ENEA.ST,ejected_below_floor,289565.05967999995,2026-08-21|SEK,1000000.0
0QNN.L,ejected_below_floor,482533.02599999995,2026-08-21|CHF,1000000.0
CENER.BR,ejected_below_floor,499503.6563712,2026-08-21|EUR,1000000.0
VWSB.DE,ejected_below_floor,909831.067617,2026-08-21|EUR,1000000.0
0QS5.L,ejected_below_floor,319139.59590944997,2026-08-21|CHF,1000000.0
0QY4.L,ejected_below_floor,168872.61,2026-08-21|USD,1000000.0
0K10.L,ejected_below_floor,89209.28,2026-08-21|USD,1000000.0
ALNSE.PA,ejected_below_floor,16654.059864,2026-08-21|EUR,1000000.0
NXQ.L,ejected_below_floor,28549.960480799997,2026-08-21|GBp,1000000.0
MSON-A.ST,ejected_below_floor,158.89824000000002,2026-08-21|SEK,1000000.0
MSON-B.ST,ejected_below_floor,210527.676,2026-08-21|SEK,1000000.0
VAS.DE,ejected_below_floor,84443.2562688,2026-08-21|EUR,1000000.0
OPC.DE,ejected_below_floor,423019.8435576,2026-08-21|EUR,1000000.0
0DTK.L,ejected_below_floor,1732.9143000000001,2026-08-21|EUR,1000000.0
CBSM.PA,ejected_below_floor,1973.783592,2026-08-21|EUR,1000000.0
NWF.L,ejected_below_floor,222812.3731904,2026-08-21|GBp,1000000.0
PREVA.AS,ejected_below_floor,1607.14761,2026-08-21|EUR,1000000.0
0NZY.L,ejected_below_floor,455858.41885440005,2026-08-21|EUR,1000000.0
0MN5.L,ejected_below_floor,28642.813056,2026-08-21|EUR,1000000.0
NFN.DE,ejected_below_floor,15024.540852,2026-08-21|EUR,1000000.0
0IF3.L,ejected_below_floor,97922.56,2026-08-21|USD,1000000.0
1U1.DE,ejected_below_floor,775887.2244870001,2026-08-21|EUR,1000000.0
FTLF,ejected_below_floor,259187.34,2026-08-21|USD,1000000.0
2X0.DE,ejected_below_floor,5102.314043400001,2026-08-21|EUR,1000000.0
BETCO.ST,ejected_below_floor,895969.58724,2026-08-21|SEK,1000000.0
006140.KQ,ejected_below_floor,192581.361600334,2026-08-21|KRW,1000000.0
004360.KS,ejected_below_floor,323472.837195426,2026-08-21|KRW,1000000.0
004365.KS,ejected_below_floor,23509.801980004,2026-08-21|KRW,1000000.0
GLO.PA,ejected_below_floor,363143.49318,2026-08-21|EUR,1000000.0
CBE.PA,ejected_below_floor,14828.530278,2026-08-21|EUR,1000000.0
RBT.PA,ejected_below_floor,911141.9970000001,2026-08-21|EUR,1000000.0
EXPL.PA,ejected_below_floor,64784.3346,2026-08-21|EUR,1000000.0
0R13.L,ejected_below_floor,299000.4,2026-08-21|USD,1000000.0
SYK.DE,ejected_below_floor,112872.70642500001,2026-08-21|EUR,1000000.0
0RP0.L,ejected_below_floor,17795.1636456,2026-08-21|EUR,1000000.0
0QPR.L,ejected_below_floor,9538.0055179743,2026-08-21|CHF,1000000.0
KAPIAB.ST,ejected_below_floor,42603.1332,2026-08-21|SEK,1000000.0
TGHN.DE,ejected_below_floor,26799.3168,2026-08-21|EUR,1000000.0
0J71.L,ejected_below_floor,258152.87,2026-08-21|USD,1000000.0
GOB.DE,ejected_below_floor,178800.82242,2026-08-21|EUR,1000000.0
SCHP.PA,ejected_below_floor,373709.63385000004,2026-08-21|EUR,1000000.0
6MK.DE,ejected_below_floor,267833.4848736,2026-08-21|EUR,1000000.0
SELER.PA,ejected_below_floor,1096.54644,2026-08-21|EUR,1000000.0
003650.KS,ejected_below_floor,368282.65005707997,2026-08-21|KRW,1000000.0
CIT.DE,ejected_below_floor,19638.1730628,2026-08-21|EUR,1000000.0
PDV.TO,ejected_below_floor,18291.148142399998,2026-08-21|CAD,1000000.0
TENG.L,ejected_below_floor,187637.8735626,2026-08-21|GBp,1000000.0
ALGIR.PA,ejected_below_floor,4525.514388,2026-08-21|EUR,1000000.0
ACFN,ejected_below_floor,398038.41,2026-08-21|USD,1000000.0
GLV.L,ejected_below_floor,240043.65976080002,2026-08-21|EUR,1000000.0
LCR.DE,ejected_below_floor,1025.1434160000001,2026-08-21|EUR,1000000.0
0QZ2.L,ejected_below_floor,109312.7666904,2026-08-21|CAD,1000000.0
ASG.DE,ejected_below_floor,40432.089845400005,2026-08-21|EUR,1000000.0
DLX.DE,ejected_below_floor,10883.4900192,2026-08-21|EUR,1000000.0
VIVA.ST,ejected_below_floor,714196.6839,2026-08-21|SEK,1000000.0
FC.TO,ejected_below_floor,505231.1730144,2026-08-21|CAD,1000000.0
LIV.L,ejected_below_floor,1922.33600416,2026-08-21|GBp,1000000.0
PRU.DE,ejected_below_floor,96834.89754630001,2026-08-21|EUR,1000000.0
SECARE.ST,ejected_below_floor,587073.0326399999,2026-08-21|SEK,1000000.0
TCS.TO,ejected_below_floor,173073.2976,2026-08-21|CAD,1000000.0
WYN.L,ejected_below_floor,133257.8466,2026-08-21|GBp,1000000.0
0G5B.L,ejected_below_floor,74167.5729,2026-08-21|EUR,1000000.0
MEQ.TO,ejected_below_floor,930031.5528,2026-08-21|CAD,1000000.0
SAVE.PA,ejected_below_floor,85785.63312,2026-08-21|EUR,1000000.0
0HYJ.L,ejected_below_floor,227622.26,2026-08-21|USD,1000000.0
002350.KS,ejected_below_floor,583591.6734502399,2026-08-21|KRW,1000000.0
002355.KS,ejected_below_floor,35068.756148276,2026-08-21|KRW,1000000.0
LIK.DE,ejected_below_floor,83979.693,2026-08-21|EUR,1000000.0
AXR,ejected_below_floor,233519.0,2026-08-21|USD,1000000.0
002690.KS,ejected_below_floor,80883.4435202808,2026-08-21|KRW,1000000.0
RET.BR,ejected_below_floor,863809.67424,2026-08-21|EUR,1000000.0
091700.KQ,ejected_below_floor,798639.4537636159,2026-08-21|KRW,1000000.0
BP-A.L,ejected_below_floor,10853.341471,2026-08-21|GBp,1000000.0
BP-B.L,ejected_below_floor,6521.530554,2026-08-21|GBp,1000000.0
SWA.DE,ejected_below_floor,27131.700195,2026-08-21|EUR,1000000.0
151860.KQ,ejected_below_floor,599135.810840092,2026-08-21|KRW,1000000.0
0QPF.L,ejected_below_floor,1476.3136266,2026-08-21|CHF,1000000.0
TVA-B.TO,ejected_below_floor,32857.342497,2026-08-21|CAD,1000000.0
CH1A.DE,ejected_below_floor,10141.825881600002,2026-08-21|EUR,1000000.0
CXU.DE,ejected_below_floor,16188.085584,2026-08-21|EUR,1000000.0
EC.PA,ejected_below_floor,255401.43018000002,2026-08-21|EUR,1000000.0
0IUV.L,ejected_below_floor,1036.27116,2026-08-21|EUR,1000000.0
ALBLD.PA,ejected_below_floor,110086.42365000001,2026-08-21|EUR,1000000.0
BAIN.PA,ejected_below_floor,89589.9306,2026-08-21|EUR,1000000.0
DEDI.ST,ejected_below_floor,71591.56872000001,2026-08-21|SEK,1000000.0
FVA.L,ejected_below_floor,81687.472948,2026-08-21|GBp,1000000.0
IGE.L,ejected_below_floor,9317.577116639999,2026-08-21|GBp,1000000.0
208140.KQ,ejected_below_floor,86078.680539632,2026-08-21|KRW,1000000.0
BEK-B.TO,ejected_below_floor,4737.1548672,2026-08-21|CAD,1000000.0
GUD.TO,ejected_below_floor,688333.3257276,2026-08-21|CAD,1000000.0
RUG.ST,ejected_below_floor,211921.4709,2026-08-21|SEK,1000000.0
SFPI.PA,ejected_below_floor,69996.2569218,2026-08-21|EUR,1000000.0
MUM.DE,ejected_below_floor,505797.6938400001,2026-08-21|EUR,1000000.0
FMM-B.ST,ejected_below_floor,147066.7545,2026-08-21|SEK,1000000.0
OEWA.DE,ejected_below_floor,54862.733727,2026-08-21|EUR,1000000.0
ADW-A.TO,ejected_below_floor,846027.4032,2026-08-21|CAD,1000000.0
ADW-B.TO,ejected_below_floor,26409.93768,2026-08-21|CAD,1000000.0
0IZM.L,ejected_below_floor,25112.301500999998,2026-08-21|NOK,1000000.0
FLUX.BR,ejected_below_floor,63186.11236800001,2026-08-21|EUR,1000000.0
PREV-B.ST,ejected_below_floor,175176.4611,2026-08-21|SEK,1000000.0
HOLCO.AS,ejected_below_floor,22202.16756,2026-08-21|EUR,1000000.0
SKF-A.ST,ejected_below_floor,170040.73965,2026-08-21|SEK,1000000.0
ALEXA.PA,ejected_below_floor,3523.7856,2026-08-21|EUR,1000000.0
Y.TO,ejected_below_floor,30307.540284,2026-08-21|CAD,1000000.0
008700.KS,ejected_below_floor,917921.9374612253,2026-08-21|KRW,1000000.0
MSN.DE,ejected_below_floor,8374.554672,2026-08-21|EUR,1000000.0
0HQW.L,ejected_below_floor,230453.55000000002,2026-08-21|USD,1000000.0
ILM1.DE,ejected_below_floor,420768.0286452,2026-08-21|EUR,1000000.0
EG7.ST,ejected_below_floor,316777.22024399997,2026-08-21|SEK,1000000.0
0HJH.L,ejected_below_floor,12611.87,2026-08-21|USD,1000000.0
DNG.TO,ejected_below_floor,562952.2185378,2026-08-21|CAD,1000000.0
IBS.LS,ejected_below_floor,585069.829515,2026-08-21|EUR,1000000.0
LEI.DE,ejected_below_floor,83335.79073000001,2026-08-21|EUR,1000000.0
BIRG.DE,ejected_below_floor,94452.5692656,2026-08-21|EUR,1000000.0
CAG.ST,ejected_below_floor,45501.2772,2026-08-21|SEK,1000000.0
CHH.L,ejected_below_floor,252490.54687999998,2026-08-21|GBp,1000000.0
083420.KS,ejected_below_floor,258409.748966136,2026-08-21|KRW,1000000.0
48Z.DE,ejected_below_floor,64576.732626000005,2026-08-21|EUR,1000000.0
0LOZ.L,ejected_below_floor,228033.86,2026-08-21|USD,1000000.0
0RPY.L,ejected_below_floor,86368.22174108999,2026-08-21|SEK,1000000.0
ALTUV.PA,ejected_below_floor,25668.9698376,2026-08-21|EUR,1000000.0
0KBK.L,ejected_below_floor,187519.44,2026-08-21|USD,1000000.0
POLYG.ST,ejected_below_floor,3716.23467,2026-08-21|SEK,1000000.0
018500.KS,ejected_below_floor,163904.292096025,2026-08-21|KRW,1000000.0
CTC.TO,ejected_below_floor,58897.873439999996,2026-08-21|CAD,1000000.0
WEHB.BR,ejected_below_floor,82127.619108,2026-08-21|EUR,1000000.0
MCB.TO,ejected_below_floor,123360.80595300002,2026-08-21|CAD,1000000.0
RBY.TO,ejected_below_floor,394378.47414,2026-08-21|CAD,1000000.0
VRLA.PA,ejected_below_floor,564989.5720475999,2026-08-21|EUR,1000000.0
0KIZ.L,ejected_below_floor,222311.4446625,2026-08-21|SEK,1000000.0
GLW.DE,ejected_below_floor,791009.0055936002,2026-08-21|EUR,1000000.0
PHI1.DE,ejected_below_floor,231691.52285640003,2026-08-21|EUR,1000000.0
TESB.BR,ejected_below_floor,344201.63869800005,2026-08-21|EUR,1000000.0
OPTER.ST,ejected_below_floor,23845.978799999997,2026-08-21|SEK,1000000.0
CLEM.ST,ejected_below_floor,7480.734263999999,2026-08-21|SEK,1000000.0
PSD.TO,ejected_below_floor,56969.181045,2026-08-21|CAD,1000000.0
0SGO.L,ejected_below_floor,334005.125,2026-08-21|USD,1000000.0
AHOG.DE,ejected_below_floor,112004.7076188,2026-08-21|EUR,1000000.0
HSD.L,ejected_below_floor,25574.2138536,2026-08-21|GBp,1000000.0
SVN.IC,ejected_below_floor,377961.809841,2026-08-21|ISK,1000000.0
NNH.ST,ejected_below_floor,17924.19825,2026-08-21|SEK,1000000.0
003535.KS,ejected_below_floor,98219.902606566,2026-08-21|KRW,1000000.0
0OGG.L,ejected_below_floor,21393.060020640005,2026-08-21|EUR,1000000.0
068290.KS,ejected_below_floor,109780.837648096,2026-08-21|KRW,1000000.0
ALPAS.PA,ejected_below_floor,4225.760784,2026-08-21|EUR,1000000.0
BUR.PA,ejected_below_floor,53381.87442,2026-08-21|EUR,1000000.0
5UR.DE,ejected_below_floor,157642.112688,2026-08-21|EUR,1000000.0
BOUV.OL,ejected_below_floor,734978.854191,2026-08-21|NOK,1000000.0
0LO3.L,ejected_below_floor,297259.51,2026-08-21|USD,1000000.0
KNOW.ST,ejected_below_floor,449069.31782999996,2026-08-21|SEK,1000000.0
VEE.DE,ejected_below_floor,77955.06285,2026-08-21|EUR,1000000.0
006805.KS,ejected_below_floor,763948.2897892339,2026-08-21|KRW,1000000.0
NELLY.ST,ejected_below_floor,741138.8049000001,2026-08-21|SEK,1000000.0
VRS.DE,ejected_below_floor,4747.026042,2026-08-21|EUR,1000000.0
004720.KS,ejected_below_floor,103215.83185,2026-08-21|KRW,1000000.0
HFPC-U.TO,ejected_below_floor,38798.68,2026-08-21|USD,1000000.0
EBO.DE,ejected_below_floor,114780.94065,2026-08-21|EUR,1000000.0
MLB1.DE,ejected_below_floor,419708.597868,2026-08-21|EUR,1000000.0
NTEK-B.ST,ejected_below_floor,56505.65697,2026-08-21|SEK,1000000.0
WSTEP.OL,ejected_below_floor,21624.738565,2026-08-21|NOK,1000000.0
RING.OL,ejected_below_floor,34223.652036,2026-08-21|NOK,1000000.0
0RRC.L,ejected_below_floor,8280.9888912,2026-08-21|EUR,1000000.0
0HDK.L,ejected_below_floor,13810.4265,2026-08-21|SEK,1000000.0
WIL.L,ejected_below_floor,464675.520484,2026-08-21|GBp,1000000.0
SBT.PA,ejected_below_floor,40251.414693599996,2026-08-21|EUR,1000000.0
0JZS.L,ejected_below_floor,364372.38,2026-08-21|USD,1000000.0
OGUN-B.ST,ejected_below_floor,20040.4992,2026-08-21|SEK,1000000.0
0QB4.L,ejected_below_floor,112587.15228600001,2026-08-21|EUR,1000000.0
OBS.DE,ejected_below_floor,3366.8844096,2026-08-21|EUR,1000000.0
0J66.L,ejected_below_floor,137237.1,2026-08-21|USD,1000000.0
SAMS.PA,ejected_below_floor,33798.20412,2026-08-21|EUR,1000000.0
0O2W.L,ejected_below_floor,93873.64838400001,2026-08-21|EUR,1000000.0
ALPDX.PA,ejected_below_floor,28106.594892,2026-08-21|EUR,1000000.0
PAT.DE,ejected_below_floor,897587.129754,2026-08-21|EUR,1000000.0
PROF-B.ST,ejected_below_floor,24960.8898,2026-08-21|SEK,1000000.0
ARBB.L,ejected_below_floor,252945.50431999998,2026-08-21|GBp,1000000.0
0IQE.L,ejected_below_floor,13048.199999999999,2026-08-21|USD,1000000.0
MFX.L,ejected_below_floor,16032.050246399998,2026-08-21|GBp,1000000.0
0RS2.L,ejected_below_floor,45308.174535000006,2026-08-21|EUR,1000000.0
0GOX.L,ejected_below_floor,188179.482117,2026-08-21|EUR,1000000.0
PAY.BR,ejected_below_floor,36675.189600000005,2026-08-21|EUR,1000000.0
RPL.DE,ejected_below_floor,11922.033093600001,2026-08-21|EUR,1000000.0
SWEC-A.ST,ejected_below_floor,18628.0704,2026-08-21|SEK,1000000.0
UPAB.DE,ejected_below_floor,128143.37906460001,2026-08-21|EUR,1000000.0
WSU.DE,ejected_below_floor,195000.84714600004,2026-08-21|EUR,1000000.0
0O80.L,ejected_below_floor,2733.25212,2026-08-21|EUR,1000000.0
097870.KQ,ejected_below_floor,146427.319438666,2026-08-21|KRW,1000000.0
AFG.OL,ejected_below_floor,606074.566752,2026-08-21|NOK,1000000.0
MKC-V,ejected_below_floor,262890.6,2026-08-21|USD,1000000.0
REACH.OL,ejected_below_floor,176564.36052,2026-08-21|NOK,1000000.0
BYGGP.ST,ejected_below_floor,174126.56055,2026-08-21|SEK,1000000.0
0RG7.L,ejected_below_floor,17873.9408625,2026-08-21|CHF,1000000.0
VIO.BR,ejected_below_floor,103870.5354,2026-08-21|EUR,1000000.0
002030.KS,ejected_below_floor,747000.5839729799,2026-08-21|KRW,1000000.0
ALC.TO,ejected_below_floor,96148.05883200001,2026-08-21|CAD,1000000.0
NOAH,ejected_below_floor,866580.0000000001,2026-08-21|USD,1000000.0
0I6K.L,ejected_below_floor,295284.528,2026-08-21|USD,1000000.0
0R08.L,ejected_below_floor,894425.4,2026-08-21|USD,1000000.0
MMM.DE,ejected_below_floor,169403.67444,2026-08-21|EUR,1000000.0
0JXQ.L,ejected_below_floor,93748.04999999999,2026-08-21|USD,1000000.0
ALCAT.PA,ejected_below_floor,96226.04882904001,2026-08-21|EUR,1000000.0
EIM.IC,ejected_below_floor,179765.867666,2026-08-21|ISK,1000000.0
0O0E.L,ejected_below_floor,521.58170322,2026-08-21|EUR,1000000.0
037270.KS,ejected_below_floor,759060.633772012,2026-08-21|KRW,1000000.0
PRG.DE,ejected_below_floor,569433.784356,2026-08-21|EUR,1000000.0
ENJ,ejected_below_floor,32471.0,2026-08-21|USD,1000000.0
ENO,ejected_below_floor,154888.83,2026-08-21|USD,1000000.0
LNA.PA,ejected_below_floor,154271.565396,2026-08-21|EUR,1000000.0
0O33.L,ejected_below_floor,326.87748,2026-08-21|EUR,1000000.0
0QQA.L,ejected_below_floor,17196.57678,2026-08-21|CHF,1000000.0
O4B.DE,ejected_below_floor,2158.7823359999998,2026-08-21|EUR,1000000.0
CVG.TO,ejected_below_floor,29549.675509200002,2026-08-21|CAD,1000000.0
BRNL.AS,ejected_below_floor,714447.6694968,2026-08-21|EUR,1000000.0
0JQZ.L,ejected_below_floor,177953.75,2026-08-21|USD,1000000.0
CRAD-B.ST,ejected_below_floor,65370.188369999996,2026-08-21|SEK,1000000.0
PRH,ejected_below_floor,978040.79,2026-08-21|USD,1000000.0
XANO-B.ST,ejected_below_floor,52017.812280000006,2026-08-21|SEK,1000000.0
FTE.DE,ejected_below_floor,84446.61777480002,2026-08-21|EUR,1000000.0
DXT.TO,ejected_below_floor,421300.1205504,2026-08-21|CAD,1000000.0
0UKI.L,ejected_below_floor,145792.525536,2026-08-21|CAD,1000000.0
KABE-B.ST,ejected_below_floor,95412.855,2026-08-21|SEK,1000000.0
TCBIO,ejected_below_floor,314786.49,2026-08-21|USD,1000000.0
UNI.TO,ejected_below_floor,8821.3422276,2026-08-21|CAD,1000000.0
TEQ.ST,ejected_below_floor,222787.49136,2026-08-21|SEK,1000000.0
ALNSC.PA,ejected_below_floor,494.95278,2026-08-21|EUR,1000000.0
REITIR.IC,ejected_below_floor,768346.6640079999,2026-08-21|ISK,1000000.0
0I35.L,ejected_below_floor,309316.7,2026-08-21|USD,1000000.0
001790.KS,ejected_below_floor,933303.0743777549,2026-08-21|KRW,1000000.0
001795.KS,ejected_below_floor,139552.5210261,2026-08-21|KRW,1000000.0
FPMB.DE,ejected_below_floor,533873.2237800001,2026-08-21|EUR,1000000.0
029460.KS,ejected_below_floor,991546.3533812399,2026-08-21|KRW,1000000.0
AXA.DE,ejected_below_floor,951593.8965480002,2026-08-21|EUR,1000000.0
RNL.DE,ejected_below_floor,298618.574112,2026-08-21|EUR,1000000.0
0RVA.L,ejected_below_floor,67482.04748760001,2026-08-21|EUR,1000000.0
081580.KQ,ejected_below_floor,106650.4338891,2026-08-21|KRW,1000000.0
084010.KS,ejected_below_floor,219030.81577493998,2026-08-21|KRW,1000000.0
0QOW.L,ejected_below_floor,172943.1,2026-08-21|USD,1000000.0
0R86.L,ejected_below_floor,32279.5362,2026-08-21|SEK,1000000.0
ENGCON-B.ST,ejected_below_floor,885934.2015,2026-08-21|SEK,1000000.0
0J46.L,ejected_below_floor,174834.0,2026-08-21|USD,1000000.0
ASCE.BR,ejected_below_floor,218314.16631,2026-08-21|EUR,1000000.0
MXG.TO,ejected_below_floor,31334.497487999997,2026-08-21|CAD,1000000.0
ALTRI.PA,ejected_below_floor,4540.8382188000005,2026-08-21|EUR,1000000.0
RAY.TO,ejected_below_floor,434244.34269719996,2026-08-21|CAD,1000000.0
ALMGI.PA,ejected_below_floor,1292.6497452,2026-08-21|EUR,1000000.0
TEXF.BR,ejected_below_floor,10368.739128,2026-08-21|EUR,1000000.0
016610.KS,ejected_below_floor,651624.337395436,2026-08-21|KRW,1000000.0
0JZ1.L,ejected_below_floor,101373.72,2026-08-21|USD,1000000.0
HMI.DE,ejected_below_floor,698778.2758800001,2026-08-21|EUR,1000000.0
VALUE.AS,ejected_below_floor,14059.209060000001,2026-08-21|EUR,1000000.0
KMY.DE,ejected_below_floor,121441.5445524,2026-08-21|EUR,1000000.0
BWO.OL,ejected_below_floor,338750.55912399996,2026-08-21|NOK,1000000.0
ALDEL.PA,ejected_below_floor,33555.712032,2026-08-21|EUR,1000000.0
JCSE,ejected_below_floor,38044.5425,2026-08-21|USD,1000000.0
0KU1.L,ejected_below_floor,635973.47,2026-08-21|USD,1000000.0
2HP.DE,ejected_below_floor,491718.73303440004,2026-08-21|EUR,1000000.0
FIRE.ST,ejected_below_floor,28579.613999999998,2026-08-21|SEK,1000000.0
0OR2.L,ejected_below_floor,6205.687818,2026-08-21|EUR,1000000.0
WEB.BR,ejected_below_floor,23803.983126000003,2026-08-21|EUR,1000000.0
145720.KS,ejected_below_floor,694621.57866656,2026-08-21|KRW,1000000.0
NRP.AS,ejected_below_floor,45743.373648,2026-08-21|EUR,1000000.0
2HRA.DE,ejected_below_floor,61136.98467600001,2026-08-21|EUR,1000000.0
0QO9.L,ejected_below_floor,41992.244909999994,2026-08-21|CHF,1000000.0
IAM.PA,ejected_below_floor,2076.6920412000004,2026-08-21|EUR,1000000.0
KEQU,ejected_below_floor,178825.68,2026-08-21|USD,1000000.0
IDIP.PA,ejected_below_floor,32343.48342,2026-08-21|EUR,1000000.0
0F2Z.L,ejected_below_floor,57547.823580000004,2026-08-21|EUR,1000000.0
085310.KS,ejected_below_floor,184205.6127101,2026-08-21|KRW,1000000.0
081000.KS,ejected_below_floor,259144.58764133998,2026-08-21|KRW,1000000.0
INISS-B.ST,ejected_below_floor,137255.1213,2026-08-21|SEK,1000000.0
0LS8.L,ejected_below_floor,64338.75,2026-08-21|USD,1000000.0
GREEN.ST,ejected_below_floor,222328.55089500002,2026-08-21|SEK,1000000.0
ACRI-A.ST,ejected_below_floor,4013.6796,2026-08-21|SEK,1000000.0
ACRI-B.ST,ejected_below_floor,27802.470024000002,2026-08-21|SEK,1000000.0
SMCP.PA,ejected_below_floor,703508.2161984,2026-08-21|EUR,1000000.0
ALQWA.PA,ejected_below_floor,1417.0486500000002,2026-08-21|EUR,1000000.0
0DH7.L,ejected_below_floor,38302.968376,2026-08-21|NOK,1000000.0
0VFA.L,ejected_below_floor,26300.3207544,2026-08-21|CAD,1000000.0
LSS.PA,ejected_below_floor,930775.278492,2026-08-21|EUR,1000000.0
SCA-A.ST,ejected_below_floor,167131.35285,2026-08-21|SEK,1000000.0
0IP1.L,ejected_below_floor,7076.201958000001,2026-08-21|EUR,1000000.0
BLC.PA,ejected_below_floor,64331.11086,2026-08-21|EUR,1000000.0
AO.L,ejected_below_floor,798570.17223696,2026-08-21|GBp,1000000.0
ODET.PA,ejected_below_floor,628647.9876,2026-08-21|EUR,1000000.0
0K8M.L,ejected_below_floor,982569.6,2026-08-21|USD,1000000.0
UBCP,ejected_below_floor,129074.22,2026-08-21|USD,1000000.0
PHAR.L,ejected_below_floor,336758.36240248,2026-08-21|GBp,1000000.0
ALPRI.PA,ejected_below_floor,7198.2594,2026-08-21|EUR,1000000.0
BORG.ST,ejected_below_floor,98795.53245,2026-08-21|SEK,1000000.0
TALK.ST,ejected_below_floor,17723.108279999997,2026-08-21|SEK,1000000.0
STF.PA,ejected_below_floor,326180.83686000004,2026-08-21|EUR,1000000.0
EXE.PA,ejected_below_floor,47567.802051000006,2026-08-21|EUR,1000000.0
BIG.PA,ejected_below_floor,13672.288128,2026-08-21|EUR,1000000.0
OLY.TO,ejected_below_floor,196124.796,2026-08-21|CAD,1000000.0
TMI.L,ejected_below_floor,9643.140000000001,2026-08-21|USD,1000000.0
0NY3.L,ejected_below_floor,7614.158832000001,2026-08-21|EUR,1000000.0
060380.KQ,ejected_below_floor,34137.060755713595,2026-08-21|KRW,1000000.0
SJOVA.IC,ejected_below_floor,361990.00452614995,2026-08-21|ISK,1000000.0
BSN.DE,ejected_below_floor,233998.62874680004,2026-08-21|EUR,1000000.0
VSSAB-B.ST,ejected_below_floor,13317.096599999999,2026-08-21|SEK,1000000.0
SFAST.ST,ejected_below_floor,115591.08891,2026-08-21|SEK,1000000.0
JAG.TO,ejected_below_floor,834391.4902848,2026-08-21|CAD,1000000.0
NFS.DE,ejected_below_floor,6953.68086,2026-08-21|EUR,1000000.0
ZAL.OL,ejected_below_floor,62434.266,2026-08-21|NOK,1000000.0
MLHK.PA,ejected_below_floor,55144.57861800001,2026-08-21|EUR,1000000.0
QDT.PA,ejected_below_floor,991201.246692,2026-08-21|EUR,1000000.0
MKZ-UN.TO,ejected_below_floor,1562.7318714,2026-08-21|CAD,1000000.0
0KRX.L,ejected_below_floor,332010.612,2026-08-21|USD,1000000.0
005305.KS,ejected_below_floor,82353.5359108,2026-08-21|KRW,1000000.0
PACT.ST,ejected_below_floor,683023.95972,2026-08-21|SEK,1000000.0
AIL.DE,ejected_below_floor,184627.6337376,2026-08-21|EUR,1000000.0
SPOL.OL,ejected_below_floor,737362.6610976,2026-08-21|NOK,1000000.0
EXS.ST,ejected_below_floor,89328.6264,2026-08-21|SEK,1000000.0
VP.L,ejected_below_floor,157241.7269332,2026-08-21|GBp,1000000.0
008420.KS,ejected_below_floor,502624.82863544597,2026-08-21|KRW,1000000.0
DBM.TO,ejected_below_floor,902228.416803,2026-08-21|CAD,1000000.0
ALAUD.PA,ejected_below_floor,30509.955768,2026-08-21|EUR,1000000.0
E4C.DE,ejected_below_floor,3473.015268,2026-08-21|EUR,1000000.0
MEKO.ST,ejected_below_floor,603569.0934,2026-08-21|SEK,1000000.0
MA10.DE,ejected_below_floor,14088.071646,2026-08-21|EUR,1000000.0
FREY.PA,ejected_below_floor,18424.762128,2026-08-21|EUR,1000000.0
MPN.DE,ejected_below_floor,29427.319008000002,2026-08-21|EUR,1000000.0
VOXR.TO,ejected_below_floor,116940.25138319998,2026-08-21|CAD,1000000.0
0RGB.L,ejected_below_floor,7237.11528,2026-08-21|SEK,1000000.0
ALRFG.PA,ejected_below_floor,2543.616816,2026-08-21|EUR,1000000.0
ALHEX.PA,ejected_below_floor,107623.01932200001,2026-08-21|EUR,1000000.0
0DLI.L,ejected_below_floor,29481.56676,2026-08-21|EUR,1000000.0
P4O.DE,ejected_below_floor,202685.597604,2026-08-21|EUR,1000000.0
0S9E.L,ejected_below_floor,263.9267064,2026-08-21|CAD,1000000.0
0R8X.L,ejected_below_floor,18611.281499999997,2026-08-21|CHF,1000000.0
ALFLE.PA,ejected_below_floor,35787.28836,2026-08-21|EUR,1000000.0
PION-B.ST,ejected_below_floor,6450.6439439999995,2026-08-21|SEK,1000000.0
001685.KS,ejected_below_floor,44079.821158378,2026-08-21|KRW,1000000.0
BASS.PA,ejected_below_floor,69179.79348000001,2026-08-21|EUR,1000000.0
VVD.DE,ejected_below_floor,160043.503026,2026-08-21|EUR,1000000.0
066670.KQ,ejected_below_floor,64976.77875162,2026-08-21|KRW,1000000.0
PPX.DE,ejected_below_floor,179373.321666,2026-08-21|EUR,1000000.0
EAST.ST,ejected_below_floor,385867.19934,2026-08-21|SEK,1000000.0
CTAC.AS,ejected_below_floor,3895.2899700000003,2026-08-21|EUR,1000000.0
FC9.DE,ejected_below_floor,4381.5492,2026-08-21|EUR,1000000.0
PCE1.DE,ejected_below_floor,299108.54258999997,2026-08-21|EUR,1000000.0
PRCO-B.ST,ejected_below_floor,2606.51826,2026-08-21|SEK,1000000.0
ALWEC.PA,ejected_below_floor,17022.318642,2026-08-21|EUR,1000000.0
0OPN.L,ejected_below_floor,86486.91282,2026-08-21|EUR,1000000.0
MORE.AS,ejected_below_floor,7550.869788,2026-08-21|EUR,1000000.0
SAM.TO,ejected_below_floor,68944.9668642,2026-08-21|CAD,1000000.0
LUMEN.ST,ejected_below_floor,30587.036760000003,2026-08-21|SEK,1000000.0
003220.KS,ejected_below_floor,721266.341139648,2026-08-21|KRW,1000000.0
4I1.DE,ejected_below_floor,83106.9996768,2026-08-21|EUR,1000000.0
033250.KS,ejected_below_floor,200432.24800868498,2026-08-21|KRW,1000000.0
EIK.IC,ejected_below_floor,261000.28777129998,2026-08-21|ISK,1000000.0
STCM.L,ejected_below_floor,14625.798464,2026-08-21|GBp,1000000.0
0FRI.L,ejected_below_floor,13678.605441,2026-08-21|EUR,1000000.0
WDH,ejected_below_floor,197391.0,2026-08-21|USD,1000000.0
NMAN.ST,ejected_below_floor,427604.36627999996,2026-08-21|SEK,1000000.0
ABO.BR,ejected_below_floor,2941.3409328000002,2026-08-21|EUR,1000000.0
0DUI.L,ejected_below_floor,692601.8985396959,2026-08-21|EUR,1000000.0
WFC.TO,ejected_below_floor,8520.420888,2026-08-21|CAD,1000000.0
ALSOG.PA,ejected_below_floor,23066.422344000002,2026-08-21|EUR,1000000.0
001630.KS,ejected_below_floor,208649.08079759998,2026-08-21|KRW,1000000.0
117580.KS,ejected_below_floor,630242.065853984,2026-08-21|KRW,1000000.0
3E2.DE,ejected_below_floor,8529.554872800001,2026-08-21|EUR,1000000.0
GOD.OL,ejected_below_floor,104350.43466,2026-08-21|NOK,1000000.0
007980.KS,ejected_below_floor,284744.1659216688,2026-08-21|KRW,1000000.0
ALVAP.PA,ejected_below_floor,2581.2193176000005,2026-08-21|EUR,1000000.0
ALMRB.PA,ejected_below_floor,19880.143537800002,2026-08-21|EUR,1000000.0
ENRO.ST,ejected_below_floor,47142.27837,2026-08-21|SEK,1000000.0
0W2Y.L,ejected_below_floor,118899.9,2026-08-21|USD,1000000.0
AFK.OL,ejected_below_floor,109504.38492,2026-08-21|NOK,1000000.0
0F0J.L,ejected_below_floor,253872.49844620298,2026-08-21|NOK,1000000.0
DTOL.TO,ejected_below_floor,189149.6960514,2026-08-21|CAD,1000000.0
0QLM.L,ejected_below_floor,2793.1143494999997,2026-08-21|CHF,1000000.0
ALBKK.PA,ejected_below_floor,88066.24107,2026-08-21|EUR,1000000.0
SQU.DE,ejected_below_floor,331332.344805,2026-08-21|EUR,1000000.0
LBG.L,ejected_below_floor,207097.6828392,2026-08-21|GBp,1000000.0
ALG.DE,ejected_below_floor,1283.3998080000001,2026-08-21|EUR,1000000.0
FNOVA-B.ST,ejected_below_floor,78547.1976,2026-08-21|SEK,1000000.0
LTHM.L,ejected_below_floor,138264.003288,2026-08-21|GBp,1000000.0
QSP-UN.TO,ejected_below_floor,838.89036,2026-08-21|CAD,1000000.0
COVH.PA,ejected_below_floor,15700.551300000001,2026-08-21|EUR,1000000.0
CCEC,ejected_below_floor,301391.3,2026-08-21|USD,1000000.0
PHM7.DE,ejected_below_floor,185271.95329800004,2026-08-21|EUR,1000000.0
HVT-A,ejected_below_floor,33082.56,2026-08-21|USD,1000000.0
SOTK,ejected_below_floor,248422.65,2026-08-21|USD,1000000.0
USWE.ST,ejected_below_floor,4896.098864999999,2026-08-21|SEK,1000000.0
EMB.ST,ejected_below_floor,5841.04059,2026-08-21|SEK,1000000.0
FAR.TO,ejected_below_floor,367220.2117248,2026-08-21|CAD,1000000.0
ALMOU.PA,ejected_below_floor,18636.189264,2026-08-21|EUR,1000000.0
MEMS.PA,ejected_below_floor,160977.06279060003,2026-08-21|EUR,1000000.0
MALT.PA,ejected_below_floor,9562.905,2026-08-21|EUR,1000000.0
WRG.TO,ejected_below_floor,4755.5586539999995,2026-08-21|CAD,1000000.0
ALTXC.PA,ejected_below_floor,4510.909224,2026-08-21|EUR,1000000.0
0OQ2.L,ejected_below_floor,559267.4310720001,2026-08-21|EUR,1000000.0
PAT.PA,ejected_below_floor,28991.598282,2026-08-21|EUR,1000000.0
0Y3K.L,ejected_below_floor,680252.5800000001,2026-08-21|USD,1000000.0
SACI.PA,ejected_below_floor,876.30984,2026-08-21|EUR,1000000.0
NSI.AS,ejected_below_floor,954079.904106,2026-08-21|EUR,1000000.0
ERAG.DE,ejected_below_floor,86856.910308,2026-08-21|EUR,1000000.0
IMDA.PA,ejected_below_floor,27954.283896000004,2026-08-21|EUR,1000000.0
0VL8.L,ejected_below_floor,78418.98162,2026-08-21|CAD,1000000.0
RATO-A.ST,ejected_below_floor,9090.9489,2026-08-21|SEK,1000000.0
GENT.OL,ejected_below_floor,18743.221535999997,2026-08-21|NOK,1000000.0
005945.KS,ejected_below_floor,985401.58295168,2026-08-21|KRW,1000000.0
AVT-B.ST,ejected_below_floor,45279.057012,2026-08-21|SEK,1000000.0
TST.L,ejected_below_floor,7926.4824579999995,2026-08-21|GBp,1000000.0
VBNK.TO,ejected_below_floor,676179.4591692,2026-08-21|CAD,1000000.0
ORES.ST,ejected_below_floor,674588.48688,2026-08-21|SEK,1000000.0
SYP.DE,ejected_below_floor,116038.02798,2026-08-21|EUR,1000000.0
ENDUR.OL,ejected_below_floor,960519.863836,2026-08-21|NOK,1000000.0
MAGI.ST,ejected_below_floor,34119.070644,2026-08-21|SEK,1000000.0
AUD.DE,ejected_below_floor,110448.59694300003,2026-08-21|EUR,1000000.0
NL,ejected_below_floor,360061.97,2026-08-21|USD,1000000.0
PHAR,ejected_below_floor,156265.94999999998,2026-08-21|USD,1000000.0
004080.KS,ejected_below_floor,54581.765393099995,2026-08-21|KRW,1000000.0
0NHS.L,ejected_below_floor,106631.03880000001,2026-08-21|USD,1000000.0
0YG8.L,kept_no_reading,,not-captured,1000000.0
0IKW.L,ejected_below_floor,300193.02,2026-08-21|USD,1000000.0
FAS.DE,ejected_below_floor,9804.2669265,2026-08-21|EUR,1000000.0
ROU.BR,ejected_below_floor,5468.474778,2026-08-21|EUR,1000000.0
0CHZ.L,ejected_below_floor,3684.3960384,2026-08-21|EUR,1000000.0
STEF-B.ST,ejected_below_floor,396286.58916,2026-08-21|SEK,1000000.0
EMIL-B.ST,ejected_below_floor,153844.3932,2026-08-21|SEK,1000000.0
075130.KQ,ejected_below_floor,58624.745852543,2026-08-21|KRW,1000000.0
GMM.DE,ejected_below_floor,23249.682378,2026-08-21|EUR,1000000.0
RCI-A.TO,ejected_below_floor,66963.7395,2026-08-21|CAD,1000000.0
M7U.DE,ejected_below_floor,675543.198666,2026-08-21|EUR,1000000.0
ADVE.ST,ejected_below_floor,78381.80352,2026-08-21|SEK,1000000.0
GOS.DE,ejected_below_floor,333567.34059599997,2026-08-21|EUR,1000000.0
ALBOU.PA,ejected_below_floor,1562.52072,2026-08-21|EUR,1000000.0
FLO.L,ejected_below_floor,79424.6013,2026-08-21|GBp,1000000.0
000860.KS,ejected_below_floor,203730.42012311998,2026-08-21|KRW,1000000.0
PBL.TO,ejected_below_floor,209885.367825,2026-08-21|CAD,1000000.0
URB-A.TO,ejected_below_floor,67324.54869,2026-08-21|CAD,1000000.0
URB.TO,ejected_below_floor,7823.695823999999,2026-08-21|CAD,1000000.0
SLEEP.ST,ejected_below_floor,83011.448025,2026-08-21|SEK,1000000.0
159580.KQ,ejected_below_floor,91508.493586028,2026-08-21|KRW,1000000.0
GDL.TO,ejected_below_floor,21920.831036999996,2026-08-21|CAD,1000000.0
0I5O.L,ejected_below_floor,13264.422,2026-08-21|SEK,1000000.0
ELIMP.OL,ejected_below_floor,362336.659424,2026-08-21|NOK,1000000.0
TFF.PA,ejected_below_floor,67451.51574,2026-08-21|EUR,1000000.0
NVM.DE,ejected_below_floor,17021.507244,2026-08-21|EUR,1000000.0
0GXK.L,ejected_below_floor,22691.4057,2026-08-21|SEK,1000000.0
MLL.DE,ejected_below_floor,1347.0134112000003,2026-08-21|EUR,1000000.0
MRC.TO,ejected_below_floor,158870.58163200002,2026-08-21|CAD,1000000.0
RBO.PA,ejected_below_floor,28016.877456000002,2026-08-21|EUR,1000000.0
RECT.BR,ejected_below_floor,616147.0336247999,2026-08-21|EUR,1000000.0
ARION-SDB.ST,ejected_below_floor,48661.203552,2026-08-21|SEK,1000000.0
CWL.TO,ejected_below_floor,11463.2065422,2026-08-21|CAD,1000000.0
UNH.DE,ejected_below_floor,553732.7694,2026-08-21|EUR,1000000.0
0JR2.L,ejected_below_floor,881633.7000000001,2026-08-21|USD,1000000.0
ALGEV.PA,ejected_below_floor,2486.3553,2026-08-21|EUR,1000000.0
DTD2.DE,ejected_below_floor,5686.509012,2026-08-21|EUR,1000000.0
ORCH.L,ejected_below_floor,35243.2510088,2026-08-21|GBp,1000000.0
0OHK.L,ejected_below_floor,220045.62787906002,2026-08-21|NOK,1000000.0
BRIM.IC,ejected_below_floor,366577.827,2026-08-21|ISK,1000000.0
FORA.TO,ejected_below_floor,19300.23396,2026-08-21|CAD,1000000.0
FLOB.BR,ejected_below_floor,35458.0926,2026-08-21|EUR,1000000.0
KETL.L,ejected_below_floor,140324.04177505997,2026-08-21|GBp,1000000.0
GENO.ST,ejected_below_floor,129984.69402000001,2026-08-21|SEK,1000000.0
HLF.TO,ejected_below_floor,261576.878094,2026-08-21|CAD,1000000.0
FOU.BR,ejected_below_floor,1549.19061,2026-08-21|EUR,1000000.0
QBY0.DE,ejected_below_floor,93770.021268,2026-08-21|EUR,1000000.0
0RNQ.L,ejected_below_floor,368909.9964,2026-08-21|SEK,1000000.0
YSN.DE,ejected_below_floor,759911.3194800001,2026-08-21|EUR,1000000.0
BOS.TO,ejected_below_floor,103585.6852254,2026-08-21|CAD,1000000.0
3RB.DE,ejected_below_floor,324750.5971968,2026-08-21|EUR,1000000.0
0QNJ.L,ejected_below_floor,366477.77375999995,2026-08-21|CHF,1000000.0
002870.KS,ejected_below_floor,120566.38198341719,2026-08-21|KRW,1000000.0
018470.KS,ejected_below_floor,739439.873729088,2026-08-21|KRW,1000000.0
003460.KS,ejected_below_floor,171506.277788738,2026-08-21|KRW,1000000.0
003465.KS,ejected_below_floor,14033.355105354,2026-08-21|KRW,1000000.0
VBG-B.ST,ejected_below_floor,585256.0296,2026-08-21|SEK,1000000.0
FQT.DE,ejected_below_floor,236012.959056,2026-08-21|EUR,1000000.0
CSH.DE,ejected_below_floor,68892.442674,2026-08-21|EUR,1000000.0
OPXS,ejected_below_floor,397506.79,2026-08-21|USD,1000000.0
ALT.L,ejected_below_floor,15732.157467199999,2026-08-21|GBp,1000000.0
CNCJO-B.ST,ejected_below_floor,16828.806,2026-08-21|SEK,1000000.0
011500.KS,ejected_below_floor,901333.263834592,2026-08-21|KRW,1000000.0
ELON.ST,ejected_below_floor,5890.1862,2026-08-21|SEK,1000000.0
GGEO.ST,ejected_below_floor,4464.19317,2026-08-21|SEK,1000000.0
SCT.DE,ejected_below_floor,19854.32949,2026-08-21|EUR,1000000.0
ALCOF.PA,ejected_below_floor,9806.324400000001,2026-08-21|EUR,1000000.0
001750.KS,ejected_below_floor,328870.09281212,2026-08-21|KRW,1000000.0
001755.KS,ejected_below_floor,30217.967592679997,2026-08-21|KRW,1000000.0
100250.KS,ejected_below_floor,318627.628462304,2026-08-21|KRW,1000000.0
TRX.TO,ejected_below_floor,183887.93253599998,2026-08-21|CAD,1000000.0
SUS.ST,ejected_below_floor,856535.96592,2026-08-21|SEK,1000000.0
MBX.TO,ejected_below_floor,7496.701254,2026-08-21|CAD,1000000.0
ALEO2.PA,ejected_below_floor,1201.2399648000003,2026-08-21|EUR,1000000.0
CEDER.ST,ejected_below_floor,67240.50102,2026-08-21|SEK,1000000.0
THNC.TO,ejected_below_floor,20768.414398200002,2026-08-21|CAD,1000000.0
ABS2.DE,ejected_below_floor,42251.34848400001,2026-08-21|EUR,1000000.0
STIL.ST,ejected_below_floor,134111.6136,2026-08-21|SEK,1000000.0
INFREA.ST,ejected_below_floor,16508.9067,2026-08-21|SEK,1000000.0
AW.TO,ejected_below_floor,209738.993688,2026-08-21|CAD,1000000.0
MLFMV.LS,ejected_below_floor,967.592115,2026-08-21|EUR,1000000.0
0LD9.L,ejected_below_floor,265551.92000000004,2026-08-21|USD,1000000.0
0P2J.L,ejected_below_floor,21278.680722,2026-08-21|EUR,1000000.0
PARP.PA,ejected_below_floor,23081.37525,2026-08-21|EUR,1000000.0
CMG.TO,ejected_below_floor,424300.70762099995,2026-08-21|CAD,1000000.0
PRQ.TO,ejected_below_floor,76506.9950862,2026-08-21|CAD,1000000.0
HRPK.DE,ejected_below_floor,75029.97306,2026-08-21|EUR,1000000.0
BNT,ejected_below_floor,916642.4400000001,2026-08-21|USD,1000000.0
145990.KS,ejected_below_floor,393464.12041224,2026-08-21|KRW,1000000.0
145995.KS,ejected_below_floor,21055.15898388,2026-08-21|KRW,1000000.0
003300.KS,ejected_below_floor,261990.500269568,2026-08-21|KRW,1000000.0
BERG-B.ST,ejected_below_floor,479252.9775,2026-08-21|SEK,1000000.0
OGD.TO,ejected_below_floor,18549.7940124,2026-08-21|CAD,1000000.0
VAF.LS,ejected_below_floor,84133.25586720002,2026-08-21|EUR,1000000.0
010770.KS,ejected_below_floor,182773.357901187,2026-08-21|KRW,1000000.0
ALODC.PA,ejected_below_floor,50502.57066000001,2026-08-21|EUR,1000000.0
CIV.PA,ejected_below_floor,86486.33325000001,2026-08-21|EUR,1000000.0
WYR.DE,ejected_below_floor,796.8392016000001,2026-08-21|EUR,1000000.0
ORIO.TO,ejected_below_floor,18959.749515,2026-08-21|CAD,1000000.0
0QN6.L,ejected_below_floor,2281.5823499999997,2026-08-21|CHF,1000000.0
MULTI.OL,ejected_below_floor,90777.244452,2026-08-21|NOK,1000000.0
0HHU.L,ejected_below_floor,61787.520000000004,2026-08-21|USD,1000000.0
BNP.DE,ejected_below_floor,830753.2733544,2026-08-21|EUR,1000000.0
ALBFR.PA,ejected_below_floor,429049.179816,2026-08-21|EUR,1000000.0
UWS.DE,ejected_below_floor,122912.59753500001,2026-08-21|EUR,1000000.0
012800.KS,ejected_below_floor,579001.939319832,2026-08-21|KRW,1000000.0
SKB.DE,ejected_below_floor,66022.064292,2026-08-21|EUR,1000000.0
SXP.TO,ejected_below_floor,30609.051580800002,2026-08-21|CAD,1000000.0
0Q3C.L,ejected_below_floor,506438.8423411021,2026-08-21|EUR,1000000.0
ALJXR.PA,ejected_below_floor,242927.04601188,2026-08-21|EUR,1000000.0
TPGXL,ejected_below_floor,577565.6000000001,2026-08-21|USD,1000000.0
0UKH.L,ejected_below_floor,27041.479668,2026-08-21|CAD,1000000.0
NFGAB.ST,ejected_below_floor,2964.9762,2026-08-21|SEK,1000000.0
CGN.DE,ejected_below_floor,7970.130726,2026-08-21|EUR,1000000.0
ALLAN.PA,ejected_below_floor,11507.362350000001,2026-08-21|EUR,1000000.0
0OQX.L,ejected_below_floor,77.89420799999999,2026-08-21|EUR,1000000.0
BRY.TO,ejected_below_floor,1959.6939264,2026-08-21|CAD,1000000.0
CHMI,ejected_below_floor,992182.38,2026-08-21|USD,1000000.0
2KD.DE,ejected_below_floor,32183.730745200002,2026-08-21|EUR,1000000.0
PIERCE.ST,ejected_below_floor,162688.096272,2026-08-21|SEK,1000000.0
APM.DE,ejected_below_floor,8693.828193600002,2026-08-21|EUR,1000000.0
OXBR,ejected_below_floor,139501.04,2026-08-21|USD,1000000.0
ACWN.DE,ejected_below_floor,5387.682720000001,2026-08-21|EUR,1000000.0
UPSALE.ST,ejected_below_floor,303896.82938999997,2026-08-21|SEK,1000000.0
0NWC.L,ejected_below_floor,74986.853052,2026-08-21|EUR,1000000.0
KENH.ST,ejected_below_floor,3570.7882319999994,2026-08-21|SEK,1000000.0
SLL.DE,ejected_below_floor,24784.267824,2026-08-21|EUR,1000000.0
134380.KS,ejected_below_floor,51742.085622485996,2026-08-21|KRW,1000000.0
0KKZ.L,ejected_below_floor,594263.24,2026-08-21|USD,1000000.0
8GM.DE,ejected_below_floor,11077.611195000001,2026-08-21|EUR,1000000.0
ECONB.BR,ejected_below_floor,73033.4239584,2026-08-21|EUR,1000000.0
0LF8.L,ejected_below_floor,51494.81999999999,2026-08-21|USD,1000000.0
002880.KS,ejected_below_floor,703440.12891739,2026-08-21|KRW,1000000.0
4PN.DE,ejected_below_floor,37614.093,2026-08-21|EUR,1000000.0
DIE.DE,ejected_below_floor,4026.388704,2026-08-21|EUR,1000000.0
HUMBLE.ST,ejected_below_floor,184082.36184,2026-08-21|SEK,1000000.0
084690.KS,ejected_below_floor,358102.99317584,2026-08-21|KRW,1000000.0
084695.KS,ejected_below_floor,70919.296942376,2026-08-21|KRW,1000000.0
FIN.L,ejected_below_floor,25603.085371499998,2026-08-21|GBp,1000000.0
NACON.PA,ejected_below_floor,15754.921457184,2026-08-21|EUR,1000000.0
FMC1.DE,ejected_below_floor,84504.50522640001,2026-08-21|EUR,1000000.0
HAGA.IC,ejected_below_floor,965400.985626,2026-08-21|ISK,1000000.0
VCM.TO,ejected_below_floor,25935.525756,2026-08-21|CAD,1000000.0
EKI.PA,ejected_below_floor,553468.8564048,2026-08-21|EUR,1000000.0
0QSV.L,ejected_below_floor,15649.1028711,2026-08-21|EUR,1000000.0
003120.KS,ejected_below_floor,160021.90748939998,2026-08-21|KRW,1000000.0
CGO.TO,ejected_below_floor,907919.1655380001,2026-08-21|CAD,1000000.0
GBT.TO,ejected_below_floor,13534.337628,2026-08-21|CAD,1000000.0
HEIMAR.IC,ejected_below_floor,345560.368692,2026-08-21|ISK,1000000.0
MSAB-B.ST,ejected_below_floor,195947.26344,2026-08-21|SEK,1000000.0
0KJD.L,ejected_below_floor,99767.115,2026-08-21|USD,1000000.0
POL.OL,ejected_below_floor,76471.5648,2026-08-21|NOK,1000000.0
PWO.DE,ejected_below_floor,9223.508808,2026-08-21|EUR,1000000.0
NVJP.DE,ejected_below_floor,117826.81282800002,2026-08-21|EUR,1000000.0
GUI.PA,ejected_below_floor,27922.059804,2026-08-21|EUR,1000000.0
017390.KS,ejected_below_floor,207351.7176528,2026-08-21|KRW,1000000.0
LUC.ST,ejected_below_floor,58760.298492,2026-08-21|SEK,1000000.0
BTS-B.ST,ejected_below_floor,290169.92231999995,2026-08-21|SEK,1000000.0
SOAG.OL,ejected_below_floor,24015.8898,2026-08-21|NOK,1000000.0
FNTL.L,ejected_below_floor,402298.35048599995,2026-08-21|GBp,1000000.0
0G15.L,ejected_below_floor,283.177902,2026-08-21|EUR,1000000.0
NODK,ejected_below_floor,387616.79,2026-08-21|USD,1000000.0
383800.KS,ejected_below_floor,830126.196073856,2026-08-21|KRW,1000000.0
KLARA-B.ST,ejected_below_floor,351431.589744,2026-08-21|SEK,1000000.0
0TIQ.L,ejected_below_floor,236295.56,2026-08-21|USD,1000000.0
BEN.PA,ejected_below_floor,469467.4295298,2026-08-21|EUR,1000000.0
ALNG.OL,ejected_below_floor,56085.33221759999,2026-08-21|NOK,1000000.0
AGES-B.ST,ejected_below_floor,2136.21528,2026-08-21|SEK,1000000.0
ENL.DE,ejected_below_floor,199572.23102208,2026-08-21|EUR,1000000.0
SWP.TO,ejected_below_floor,17429.350176,2026-08-21|CAD,1000000.0
0IMT.L,ejected_below_floor,15987.678211999999,2026-08-21|NOK,1000000.0
JCQ.PA,ejected_below_floor,97639.57833,2026-08-21|EUR,1000000.0
49GP.L,ejected_below_floor,129.581628,2026-08-21|GBp,1000000.0
50GP.L,ejected_below_floor,652.714982,2026-08-21|GBp,1000000.0
HAI.TO,ejected_below_floor,159640.367859,2026-08-21|CAD,1000000.0
CFEB.BR,ejected_below_floor,65120.36928600001,2026-08-21|EUR,1000000.0
0RPS.L,ejected_below_floor,155019.3699,2026-08-21|SEK,1000000.0
0QV6.L,ejected_below_floor,36144.263141928,2026-08-21|EUR,1000000.0
AZT.OL,ejected_below_floor,74282.14768,2026-08-21|NOK,1000000.0
105630.KS,ejected_below_floor,503044.46176046395,2026-08-21|KRW,1000000.0
0G67.L,ejected_below_floor,46897.3147104,2026-08-21|NOK,1000000.0
0IFJ.L,ejected_below_floor,317248.1,2026-08-21|USD,1000000.0
0QYK.L,ejected_below_floor,376468.9,2026-08-21|USD,1000000.0
CTM.ST,ejected_below_floor,66986.83014,2026-08-21|SEK,1000000.0
E.TO,ejected_below_floor,150368.686839,2026-08-21|CAD,1000000.0
HWO.TO,ejected_below_floor,2987.5216769999997,2026-08-21|CAD,1000000.0
QRC.TO,ejected_below_floor,52880.31,2026-08-21|CAD,1000000.0
HWK.AS,ejected_below_floor,1173.5597016,2026-08-21|EUR,1000000.0
JOMA.ST,ejected_below_floor,189681.30747000003,2026-08-21|SEK,1000000.0
CRLO.PA,ejected_below_floor,90344.994396,2026-08-21|EUR,1000000.0
CVS.DE,ejected_below_floor,33602.2630944,2026-08-21|EUR,1000000.0
CEK.DE,ejected_below_floor,197950.04704800004,2026-08-21|EUR,1000000.0
CUP-U.TO,ejected_below_floor,36999.9,2026-08-21|USD,1000000.0
SMJ.L,ejected_below_floor,6418.555812,2026-08-21|GBp,1000000.0
ELAN-B.ST,ejected_below_floor,50965.673579999995,2026-08-21|SEK,1000000.0
LORD.L,ejected_below_floor,30300.7578965,2026-08-21|GBp,1000000.0
0KET.L,ejected_below_floor,566868.75,2026-08-21|USD,1000000.0
PIF.TO,ejected_below_floor,448090.79646240006,2026-08-21|CAD,1000000.0
CDMIL.ST,ejected_below_floor,3010.9883999999997,2026-08-21|SEK,1000000.0
ATIC.ST,ejected_below_floor,61692.61644,2026-08-21|SEK,1000000.0
LOCAL.PA,ejected_below_floor,60346.6946154,2026-08-21|EUR,1000000.0
ARR.OL,ejected_below_floor,196397.0455824,2026-08-21|NOK,1000000.0
010660.KS,ejected_below_floor,620619.694649328,2026-08-21|KRW,1000000.0
AKAST.OL,ejected_below_floor,466319.77729080006,2026-08-21|NOK,1000000.0
XPLRA.OL,ejected_below_floor,459239.79773,2026-08-21|NOK,1000000.0
0GN6.L,ejected_below_floor,374830.6381440001,2026-08-21|EUR,1000000.0
0R7T.L,ejected_below_floor,8440.393824,2026-08-21|EUR,1000000.0
TINC.BR,ejected_below_floor,183497.194044,2026-08-21|EUR,1000000.0
NOTEK.ST,ejected_below_floor,2020.6486649999997,2026-08-21|SEK,1000000.0
HAW.DE,ejected_below_floor,32185.492638,2026-08-21|EUR,1000000.0
0L5A.L,ejected_below_floor,522348.28700000007,2026-08-21|USD,1000000.0
118000.KS,ejected_below_floor,47993.4578500196,2026-08-21|KRW,1000000.0
003610.KS,ejected_below_floor,465572.37666617596,2026-08-21|KRW,1000000.0
0KGY.L,ejected_below_floor,4155.33888,2026-08-21|SEK,1000000.0
012320.KS,ejected_below_floor,382368.4003485,2026-08-21|KRW,1000000.0
0H38.L,ejected_below_floor,6940.033659000001,2026-08-21|SEK,1000000.0
DUNI.ST,ejected_below_floor,437373.29766,2026-08-21|SEK,1000000.0
AENT,ejected_below_floor,93454.98,2026-08-21|USD,1000000.0
ROOT.TO,ejected_below_floor,37286.662013999994,2026-08-21|CAD,1000000.0
VO2.ST,ejected_below_floor,2052.324213,2026-08-21|SEK,1000000.0
000215.KS,ejected_below_floor,63396.070915519995,2026-08-21|KRW,1000000.0
NGS.ST,ejected_below_floor,2609.030193,2026-08-21|SEK,1000000.0
TVRB.PA,ejected_below_floor,2336.8262400000003,2026-08-21|EUR,1000000.0
CLIQ.DE,ejected_below_floor,25742.679550200002,2026-08-21|EUR,1000000.0
LITI.ST,ejected_below_floor,21586.503914999998,2026-08-21|SEK,1000000.0
NP3.ST,ejected_below_floor,842793.0795,2026-08-21|SEK,1000000.0
VEFAB.ST,ejected_below_floor,201056.41274039997,2026-08-21|SEK,1000000.0
HNK1.DE,ejected_below_floor,49178.137296,2026-08-21|EUR,1000000.0
B7E.DE,ejected_below_floor,21446.40828,2026-08-21|EUR,1000000.0
ALNN6.PA,ejected_below_floor,24184.586745,2026-08-21|EUR,1000000.0
PEO.DE,ejected_below_floor,1264.2624066,2026-08-21|EUR,1000000.0
JDC.DE,ejected_below_floor,171854.0964,2026-08-21|EUR,1000000.0
A6T.DE,ejected_below_floor,2887.3713744,2026-08-21|EUR,1000000.0
271980.KS,ejected_below_floor,306822.63967706397,2026-08-21|KRW,1000000.0
SCT.LS,ejected_below_floor,1669.1616000000001,2026-08-21|EUR,1000000.0
PRFO.ST,ejected_below_floor,22790.009219999996,2026-08-21|SEK,1000000.0
0R43.L,ejected_below_floor,120477.84479999999,2026-08-21|SEK,1000000.0
0RU6.L,ejected_below_floor,33731.802,2026-08-21|NOK,1000000.0
DBAN.DE,ejected_below_floor,258397.22751000006,2026-08-21|EUR,1000000.0
KOF.PA,ejected_below_floor,920540.88369,2026-08-21|EUR,1000000.0
QAIR.ST,ejected_below_floor,13989.556575,2026-08-21|SEK,1000000.0
HMU.DE,ejected_below_floor,21807.016734,2026-08-21|EUR,1000000.0
ALPCOT-B.ST,ejected_below_floor,2337.5988119999997,2026-08-21|SEK,1000000.0
AVEN.ST,ejected_below_floor,32074.4592,2026-08-21|SEK,1000000.0
MDO.DE,ejected_below_floor,744270.8116320001,2026-08-21|EUR,1000000.0
ALEMV.PA,ejected_below_floor,1894.2086310000002,2026-08-21|EUR,1000000.0
INS.DE,ejected_below_floor,63343.40766600001,2026-08-21|EUR,1000000.0
ALPRG.PA,ejected_below_floor,70014.29082192,2026-08-21|EUR,1000000.0
DC-A.TO,ejected_below_floor,600541.3487304,2026-08-21|CAD,1000000.0
HEBA-B.ST,ejected_below_floor,283169.8011,2026-08-21|SEK,1000000.0
RAIL.ST,ejected_below_floor,64171.97655,2026-08-21|SEK,1000000.0
KVIKA.IC,ejected_below_floor,436112.69902969996,2026-08-21|ISK,1000000.0
KID.OL,ejected_below_floor,446532.94569599995,2026-08-21|NOK,1000000.0
UEIC,ejected_below_floor,261851.49999999997,2026-08-21|USD,1000000.0
CAT31.PA,ejected_below_floor,151615.51200000002,2026-08-21|EUR,1000000.0
TRIAN-B.ST,ejected_below_floor,113781.78927000002,2026-08-21|SEK,1000000.0
0MUF.L,ejected_below_floor,17208.708354,2026-08-21|EUR,1000000.0
HELG.OL,ejected_below_floor,41544.25392,2026-08-21|NOK,1000000.0
HLE.DE,ejected_below_floor,481183.93551000004,2026-08-21|EUR,1000000.0
FG.ST,ejected_below_floor,149530.206048,2026-08-21|SEK,1000000.0
ALHOP.PA,ejected_below_floor,16903.043136,2026-08-21|EUR,1000000.0
CRBP2.PA,ejected_below_floor,381878.92801080004,2026-08-21|EUR,1000000.0
ALSAS.PA,ejected_below_floor,3226.8371148000006,2026-08-21|EUR,1000000.0
FEC.TO,ejected_below_floor,569148.97788,2026-08-21|CAD,1000000.0
CTEK.ST,ejected_below_floor,87642.647784,2026-08-21|SEK,1000000.0
HTFC,ejected_below_floor,71114.56,2026-08-21|USD,1000000.0
KMR.L,ejected_below_floor,286978.6227,2026-08-21|GBp,1000000.0
0L98.L,ejected_below_floor,28940.52,2026-08-21|USD,1000000.0
WIB.DE,ejected_below_floor,69356.0291256,2026-08-21|EUR,1000000.0
HAMP.IC,ejected_below_floor,125761.842668,2026-08-21|ISK,1000000.0
ALRGR.PA,ejected_below_floor,1571.79384,2026-08-21|EUR,1000000.0
0IJN.L,ejected_below_floor,207669.88,2026-08-21|USD,1000000.0
010040.KS,ejected_below_floor,58664.519320542,2026-08-21|KRW,1000000.0
0RKL.L,ejected_below_floor,285879.1077,2026-08-21|SEK,1000000.0
KOA.OL,ejected_below_floor,372616.04925688,2026-08-21|NOK,1000000.0
SIEB,ejected_below_floor,151539.49999999997,2026-08-21|USD,1000000.0
000540.KS,ejected_below_floor,251029.75531332,2026-08-21|KRW,1000000.0
000545.KS,ejected_below_floor,6322.6209219659995,2026-08-21|KRW,1000000.0
0W1Q.L,ejected_below_floor,474.8996580000001,2026-08-21|EUR,1000000.0
93M1.DE,ejected_below_floor,90867.30288,2026-08-21|EUR,1000000.0
ACAN.PA,ejected_below_floor,1978.79339508,2026-08-21|EUR,1000000.0
000070.KS,ejected_below_floor,458012.43555255997,2026-08-21|KRW,1000000.0
036630.KQ,ejected_below_floor,463791.39020858397,2026-08-21|KRW,1000000.0
CRRX.TO,ejected_below_floor,56480.9626836,2026-08-21|CAD,1000000.0
MPC.TO,ejected_below_floor,2954.8006361999996,2026-08-21|CAD,1000000.0
STE-A.ST,ejected_below_floor,27909.57435,2026-08-21|SEK,1000000.0
0N5I.L,ejected_below_floor,98693.352504,2026-08-21|EUR,1000000.0
HVO.L,ejected_below_floor,117164.57546605999,2026-08-21|GBp,1000000.0
272550.KS,ejected_below_floor,225541.2858829,2026-08-21|KRW,1000000.0
NCB.DE,ejected_below_floor,114804.0307188,2026-08-21|EUR,1000000.0
SKMO.ST,ejected_below_floor,1346.2212,2026-08-21|SEK,1000000.0
0IPT.L,ejected_below_floor,5415.3477,2026-08-21|NOK,1000000.0
0P49.L,ejected_below_floor,11980.57752,2026-08-21|SEK,1000000.0
BULTEN.ST,ejected_below_floor,278331.3372,2026-08-21|SEK,1000000.0
FRACTL.ST,ejected_below_floor,30427.047552000004,2026-08-21|SEK,1000000.0
CALVIK.ST,ejected_below_floor,35714.29488,2026-08-21|SEK,1000000.0
FAG.ST,ejected_below_floor,408954.33286200004,2026-08-21|SEK,1000000.0
090080.KS,ejected_below_floor,192918.3886825204,2026-08-21|KRW,1000000.0
0JQR.L,ejected_below_floor,306583.56,2026-08-21|USD,1000000.0
0RCW.L,ejected_below_floor,33792.45304,2026-08-21|NOK,1000000.0
PAE.DE,ejected_below_floor,1951.528104,2026-08-21|EUR,1000000.0
0OA4.L,ejected_below_floor,774452.0352960001,2026-08-21|EUR,1000000.0
CRAP.PA,ejected_below_floor,42727.56956160001,2026-08-21|EUR,1000000.0
IMMOU.BR,ejected_below_floor,5059.182444,2026-08-21|EUR,1000000.0
NGL0.DE,ejected_below_floor,533806.167531,2026-08-21|EUR,1000000.0
FDE.PA,ejected_below_floor,738417.2705460001,2026-08-21|EUR,1000000.0
0QZP.L,ejected_below_floor,64064.94882479999,2026-08-21|CAD,1000000.0
PRIC-B.ST,ejected_below_floor,88932.7341,2026-08-21|SEK,1000000.0
SAGA.OL,ejected_below_floor,31163.8027968,2026-08-21|NOK,1000000.0
YU.L,ejected_below_floor,392446.287744,2026-08-21|GBp,1000000.0
ONTEX.BR,ejected_below_floor,692028.9282191999,2026-08-21|EUR,1000000.0
VRV.DE,ejected_below_floor,197183.7627768,2026-08-21|EUR,1000000.0
E3X1.DE,ejected_below_floor,21548.4126,2026-08-21|EUR,1000000.0
RTC.DE,ejected_below_floor,830.5933584,2026-08-21|EUR,1000000.0
PLAZ-B.ST,ejected_below_floor,954475.3071,2026-08-21|SEK,1000000.0
SAGA-A.ST,ejected_below_floor,28788.074249999998,2026-08-21|SEK,1000000.0
0K2K.L,ejected_below_floor,18955.97,2026-08-21|USD,1000000.0
SOLNA.ST,ejected_below_floor,60262.0326,2026-08-21|SEK,1000000.0
ESOZ.L,ejected_below_floor,1697.5599479999998,2026-08-21|GBp,1000000.0
LUC.TO,ejected_below_floor,72173.85298200001,2026-08-21|CAD,1000000.0
000390.KS,ejected_below_floor,612853.372663634,2026-08-21|KRW,1000000.0
ASY.PA,ejected_below_floor,155506.51315200003,2026-08-21|EUR,1000000.0
100220.KS,ejected_below_floor,243723.598167,2026-08-21|KRW,1000000.0
ALHYP.PA,ejected_below_floor,16065.4949376,2026-08-21|EUR,1000000.0
HAYPP.ST,ejected_below_floor,542290.27446,2026-08-21|SEK,1000000.0
0OA7.L,ejected_below_floor,81882.113256,2026-08-21|EUR,1000000.0
035200.KQ,ejected_below_floor,91548.9962766,2026-08-21|KRW,1000000.0
0RDI.L,ejected_below_floor,150768.8628,2026-08-21|SEK,1000000.0
ADS.OL,ejected_below_floor,2776.01305,2026-08-21|NOK,1000000.0
IDUN-B.ST,ejected_below_floor,423289.6503,2026-08-21|SEK,1000000.0
ALVDM.PA,ejected_below_floor,759647.61513,2026-08-21|EUR,1000000.0
SGL.DE,ejected_below_floor,933588.685143,2026-08-21|EUR,1000000.0
0IC9.L,ejected_below_floor,620301.78,2026-08-21|USD,1000000.0
0JQQ.L,ejected_below_floor,668364.2000000001,2026-08-21|USD,1000000.0
ALPJT.PA,ejected_below_floor,51145.98609120001,2026-08-21|EUR,1000000.0
GDEV,ejected_below_floor,66778.125,2026-08-21|USD,1000000.0
000725.KS,ejected_below_floor,196619.8107215,2026-08-21|KRW,1000000.0
ADN1.DE,ejected_below_floor,930519.3403800001,2026-08-21|EUR,1000000.0
PSM.DE,ejected_below_floor,819363.24842832,2026-08-21|EUR,1000000.0
045510.KQ,ejected_below_floor,125978.8968545492,2026-08-21|KRW,1000000.0
LINV.L,ejected_below_floor,105239.0624708,2026-08-21|GBp,1000000.0
ALMLB.PA,ejected_below_floor,4827.5862720000005,2026-08-21|EUR,1000000.0
EWRK.ST,ejected_below_floor,49307.33976,2026-08-21|SEK,1000000.0
SGA,ejected_below_floor,155220.6,2026-08-21|USD,1000000.0
TAP-A,ejected_below_floor,4884.0,2026-08-21|USD,1000000.0
372170.KQ,ejected_below_floor,352167.52050865,2026-08-21|KRW,1000000.0
MMB.PA,ejected_below_floor,449109.9985056001,2026-08-21|EUR,1000000.0
0HW0.L,ejected_below_floor,19033.10788,2026-08-21|NOK,1000000.0
CTT.ST,ejected_below_floor,166488.31674,2026-08-21|SEK,1000000.0
ETL.L,ejected_below_floor,479161.3521240001,2026-08-21|EUR,1000000.0
HUSQ-A.ST,ejected_below_floor,71744.96007,2026-08-21|SEK,1000000.0
GIMB.BR,ejected_below_floor,898352.3360250001,2026-08-21|EUR,1000000.0
ALGEN.PA,ejected_below_floor,22840.390044,2026-08-21|EUR,1000000.0
EAS2P.AS,ejected_below_floor,6505.552699440001,2026-08-21|EUR,1000000.0
SPEL.PA,ejected_below_floor,285.67005300000005,2026-08-21|EUR,1000000.0
BOR.OL,ejected_below_floor,10700.450495,2026-08-21|NOK,1000000.0
200130.KQ,ejected_below_floor,708795.503213772,2026-08-21|KRW,1000000.0
LIVE,ejected_below_floor,102724.81199999999,2026-08-21|USD,1000000.0
0Z62.L,ejected_below_floor,894875.3957,2026-08-21|USD,1000000.0
MDP.TO,ejected_below_floor,171943.3425024,2026-08-21|CAD,1000000.0
UNB,ejected_below_floor,344472.41,2026-08-21|USD,1000000.0
ALBOA.PA,ejected_below_floor,8081.52408,2026-08-21|EUR,1000000.0
QRF.BR,ejected_below_floor,44265.354234,2026-08-21|EUR,1000000.0
TF.TO,ejected_below_floor,843107.8776876,2026-08-21|CAD,1000000.0
FRS.DE,ejected_below_floor,3686.1347484000003,2026-08-21|EUR,1000000.0
058650.KS,ejected_below_floor,383327.99920699996,2026-08-21|KRW,1000000.0
0CX9.L,ejected_below_floor,1003.7225088,2026-08-21|EUR,1000000.0
GEO.TO,ejected_below_floor,27453.241015199997,2026-08-21|CAD,1000000.0
0ZQ7.L,ejected_below_floor,101231.63727600001,2026-08-21|EUR,1000000.0
LSX.DE,ejected_below_floor,5284.0324212000005,2026-08-21|EUR,1000000.0
MRK.L,ejected_below_floor,19175.745225,2026-08-21|GBp,1000000.0
ALHRG.PA,ejected_below_floor,15432.78996,2026-08-21|EUR,1000000.0
SABE.PA,ejected_below_floor,2341.4628000000002,2026-08-21|EUR,1000000.0
CVVY.TO,ejected_below_floor,763694.6023476,2026-08-21|CAD,1000000.0
KOSS,ejected_below_floor,71685.59999999999,2026-08-21|USD,1000000.0
BBROOM.ST,ejected_below_floor,19173.05472,2026-08-21|SEK,1000000.0
SKUE.OL,ejected_below_floor,40893.21626,2026-08-21|NOK,1000000.0
ENTRA.OL,ejected_below_floor,643198.897488,2026-08-21|NOK,1000000.0
CMO.PA,ejected_below_floor,138309.04845600002,2026-08-21|EUR,1000000.0
TORO,ejected_below_floor,216641.04,2026-08-21|USD,1000000.0
TTK.DE,ejected_below_floor,38522.453061,2026-08-21|EUR,1000000.0
ALDLS.PA,ejected_below_floor,2790.62955,2026-08-21|EUR,1000000.0
NORB-B.ST,ejected_below_floor,23468.22072,2026-08-21|SEK,1000000.0
026890.KS,ejected_below_floor,559946.4319822,2026-08-21|KRW,1000000.0
0QKU.L,ejected_below_floor,106548.53,2026-08-21|USD,1000000.0
CCC.ST,ejected_below_floor,19117.356015,2026-08-21|SEK,1000000.0
ARAMI.PA,ejected_below_floor,222848.837904,2026-08-21|EUR,1000000.0
0JZU.L,ejected_below_floor,344964.0,2026-08-21|USD,1000000.0
PMG.L,ejected_below_floor,34655.875227,2026-08-21|GBp,1000000.0
GZF.DE,ejected_below_floor,174530.7708966,2026-08-21|EUR,1000000.0
221840.KQ,ejected_below_floor,30119.025513024,2026-08-21|KRW,1000000.0
096240.KQ,ejected_below_floor,195238.220555532,2026-08-21|KRW,1000000.0
014990.KS,ejected_below_floor,440175.13624481397,2026-08-21|KRW,1000000.0
SSBI,ejected_below_floor,65328.799999999996,2026-08-21|USD,1000000.0
ALLDL.PA,ejected_below_floor,80499.49106399999,2026-08-21|EUR,1000000.0
MBWS.PA,ejected_below_floor,15307.602840000001,2026-08-21|EUR,1000000.0
VOLO.ST,ejected_below_floor,267525.2367,2026-08-21|SEK,1000000.0
AXS.AS,ejected_below_floor,112098.5052276,2026-08-21|EUR,1000000.0
TRIBO-B.ST,ejected_below_floor,8724.4865028,2026-08-21|SEK,1000000.0
NWT.DE,ejected_below_floor,19321.936488,2026-08-21|EUR,1000000.0
002600.KS,ejected_below_floor,6703.986187779999,2026-08-21|KRW,1000000.0
006060.KS,ejected_below_floor,159624.42676752,2026-08-21|KRW,1000000.0
OBAB.ST,ejected_below_floor,56441.271120000005,2026-08-21|SEK,1000000.0
ULC.DE,ejected_below_floor,3283.1481360000002,2026-08-21|EUR,1000000.0
HTG.DE,ejected_below_floor,99760.4104224,2026-08-21|EUR,1000000.0
DXRX.L,ejected_below_floor,505720.64332719997,2026-08-21|GBp,1000000.0
008260.KS,ejected_below_floor,278878.689188757,2026-08-21|KRW,1000000.0
RHK.DE,ejected_below_floor,93818.70514800001,2026-08-21|EUR,1000000.0
GDHG,ejected_below_floor,520087.1648,2026-08-21|USD,1000000.0
CRSU.PA,ejected_below_floor,72678.07800000001,2026-08-21|EUR,1000000.0
0OPA.L,ejected_below_floor,2721.4288920000004,2026-08-21|EUR,1000000.0
VIB3.DE,ejected_below_floor,73425.7233,2026-08-21|EUR,1000000.0
0N9V.L,ejected_below_floor,92849.895936,2026-08-21|EUR,1000000.0
MXHN.DE,ejected_below_floor,5087.929116,2026-08-21|EUR,1000000.0
FSZ.TO,ejected_below_floor,900283.140855,2026-08-21|CAD,1000000.0
ORIO,ejected_below_floor,34751.3166,2026-08-21|USD,1000000.0
011700.KS,ejected_below_floor,480717.58940089395,2026-08-21|KRW,1000000.0
0HUR.L,ejected_below_floor,60935.200000000004,2026-08-21|USD,1000000.0
CARA.ST,ejected_below_floor,270558.476475,2026-08-21|SEK,1000000.0
NCC-A.ST,ejected_below_floor,56027.4528,2026-08-21|SEK,1000000.0
ZIL2.DE,ejected_below_floor,154345.2867,2026-08-21|EUR,1000000.0
DWD.DE,ejected_below_floor,117924.064674,2026-08-21|EUR,1000000.0
005320.KS,ejected_below_floor,116732.0999452046,2026-08-21|KRW,1000000.0
0HQ1.L,ejected_below_floor,2934.06,2026-08-21|USD,1000000.0
0RUM.L,ejected_below_floor,109591.181085,2026-08-21|EUR,1000000.0
AEIN.DE,ejected_below_floor,162798.89472,2026-08-21|EUR,1000000.0
VVL.OL,ejected_below_floor,13048.94312,2026-08-21|NOK,1000000.0
024070.KS,ejected_below_floor,60241.76607039999,2026-08-21|KRW,1000000.0
ANNE-B.ST,ejected_below_floor,115236.618,2026-08-21|SEK,1000000.0
ALBON.PA,ejected_below_floor,30378.741120000002,2026-08-21|EUR,1000000.0
034120.KS,ejected_below_floor,149177.38827618,2026-08-21|KRW,1000000.0
0QAG.L,ejected_below_floor,179446.4634,2026-08-21|EUR,1000000.0
019170.KS,ejected_below_floor,537193.3235867519,2026-08-21|KRW,1000000.0
019175.KS,ejected_below_floor,26108.976164501997,2026-08-21|KRW,1000000.0
AEP.DE,ejected_below_floor,13102.107162000002,2026-08-21|EUR,1000000.0
DAM.DE,ejected_below_floor,10247.261256,2026-08-21|EUR,1000000.0
BNJ.AS,ejected_below_floor,157038.27029639998,2026-08-21|EUR,1000000.0
200880.KS,ejected_below_floor,700651.661613644,2026-08-21|KRW,1000000.0
XTG.TO,ejected_below_floor,22661.1481824,2026-08-21|CAD,1000000.0
095570.KS,ejected_below_floor,559575.8708199799,2026-08-21|KRW,1000000.0
ALLLN.PA,ejected_below_floor,2242.4258784000003,2026-08-21|EUR,1000000.0
AURE.PA,ejected_below_floor,3273.2258976000003,2026-08-21|EUR,1000000.0
NAE.PA,ejected_below_floor,613087.4604120001,2026-08-21|EUR,1000000.0
A7A.DE,ejected_below_floor,119363.136984,2026-08-21|EUR,1000000.0
SCE.DE,ejected_below_floor,17513.817184800002,2026-08-21|EUR,1000000.0
SKAGI.IC,ejected_below_floor,335594.317751,2026-08-21|ISK,1000000.0
0QVE.L,ejected_below_floor,669.51915,2026-08-21|SEK,1000000.0
EXL.DE,ejected_below_floor,18010.253664,2026-08-21|EUR,1000000.0
PAR.PA,ejected_below_floor,5708.7645,2026-08-21|EUR,1000000.0
PHO.OL,ejected_below_floor,388547.43348,2026-08-21|NOK,1000000.0
0RQH.L,ejected_below_floor,21522.207591,2026-08-21|SEK,1000000.0
SAFETY-B.ST,ejected_below_floor,27234.054876,2026-08-21|SEK,1000000.0
SEAF.ST,ejected_below_floor,23527.4328,2026-08-21|SEK,1000000.0
023800.KS,ejected_below_floor,266444.192668422,2026-08-21|KRW,1000000.0
BBZA.DE,ejected_below_floor,575544.88635,2026-08-21|EUR,1000000.0
D6H0.DE,ejected_below_floor,95313.18435000001,2026-08-21|EUR,1000000.0
CRAV.PA,ejected_below_floor,98475.5732808,2026-08-21|EUR,1000000.0
0RWM.L,ejected_below_floor,44741.737591200006,2026-08-21|EUR,1000000.0
WMT.DE,ejected_below_floor,473775.1531032,2026-08-21|EUR,1000000.0
AQNB,ejected_below_floor,650978.7999999999,2026-08-21|USD,1000000.0
0L9F.L,ejected_below_floor,37129.6,2026-08-21|USD,1000000.0
ALDMS.PA,ejected_below_floor,12016.108896,2026-08-21|EUR,1000000.0
035600.KQ,ejected_below_floor,567349.6736859999,2026-08-21|KRW,1000000.0
ALMUN.PA,ejected_below_floor,2534.2103948999998,2026-08-21|EUR,1000000.0
MOTR.L,ejected_below_floor,237190.3958748,2026-08-21|GBp,1000000.0
0W19.L,ejected_below_floor,59175.256140000005,2026-08-21|EUR,1000000.0
000760.KS,ejected_below_floor,13805.1628596,2026-08-21|KRW,1000000.0
001500.KS,ejected_below_floor,916898.48700352,2026-08-21|KRW,1000000.0
ADE.DE,ejected_below_floor,370787.557824,2026-08-21|EUR,1000000.0
BIKE.DE,ejected_below_floor,23626.8897168,2026-08-21|EUR,1000000.0
MTEX,ejected_below_floor,76307.68000000001,2026-08-21|USD,1000000.0
0JSZ.L,ejected_below_floor,3143.7000000000003,2026-08-21|USD,1000000.0
QIIWI.ST,ejected_below_floor,12403.269323999999,2026-08-21|SEK,1000000.0
0QS4.L,ejected_below_floor,4579.24089,2026-08-21|CHF,1000000.0
INEA.PA,ejected_below_floor,15340.290588000002,2026-08-21|EUR,1000000.0
MRL.LS,ejected_below_floor,8121.7694208,2026-08-21|EUR,1000000.0
BHG.ST,ejected_below_floor,726903.8648460001,2026-08-21|SEK,1000000.0
0NLY.L,ejected_below_floor,877768.2699480001,2026-08-21|EUR,1000000.0
UN0.DE,ejected_below_floor,234805.36700400003,2026-08-21|EUR,1000000.0
TPX-B.TO,ejected_below_floor,27786.98412,2026-08-21|CAD,1000000.0
AXS.L,ejected_below_floor,65092.0879,2026-08-21|GBp,1000000.0
BOSC,ejected_below_floor,209928.90000000002,2026-08-21|USD,1000000.0
TRVC.DE,ejected_below_floor,150290.5686144,2026-08-21|EUR,1000000.0
FOI-B.ST,ejected_below_floor,82361.838,2026-08-21|SEK,1000000.0
GAM.PA,ejected_below_floor,21775.604040000002,2026-08-21|EUR,1000000.0
ALU10.PA,ejected_below_floor,6718.665225000001,2026-08-21|EUR,1000000.0
ALWIT.PA,ejected_below_floor,30885.053472,2026-08-21|EUR,1000000.0
GVC.TO,ejected_below_floor,3279.6440208000004,2026-08-21|CAD,1000000.0
0G68.L,ejected_below_floor,11664.9822072,2026-08-21|EUR,1000000.0
100130.KQ,ejected_below_floor,309002.8947216304,2026-08-21|KRW,1000000.0
CHECK.ST,ejected_below_floor,5935.149072,2026-08-21|SEK,1000000.0
095720.KS,ejected_below_floor,61504.463933185,2026-08-21|KRW,1000000.0
0R25.L,ejected_below_floor,15567.09,2026-08-21|USD,1000000.0
SOFT.BR,ejected_below_floor,212.4239964,2026-08-21|EUR,1000000.0
KONT.ST,ejected_below_floor,4894.706007,2026-08-21|SEK,1000000.0
PORF.AS,ejected_below_floor,1807.562916,2026-08-21|EUR,1000000.0
A1OS.DE,ejected_below_floor,931643.7061800001,2026-08-21|EUR,1000000.0
RAW.DE,ejected_below_floor,235153.746531,2026-08-21|EUR,1000000.0
0KIT.L,ejected_below_floor,324735.88,2026-08-21|USD,1000000.0
0RL4.L,ejected_below_floor,2336.8368,2026-08-21|SEK,1000000.0
MTEC.L,ejected_below_floor,337987.9938843,2026-08-21|GBp,1000000.0
0UGP.L,ejected_below_floor,715.5893052000001,2026-08-21|CAD,1000000.0
SFC.TO,ejected_below_floor,502577.37285839993,2026-08-21|CAD,1000000.0
CCN.PA,ejected_below_floor,87712.1238,2026-08-21|EUR,1000000.0
TKO.L,ejected_below_floor,84958.56278,2026-08-21|GBp,1000000.0
TSND.TO,ejected_below_floor,118714.5476622,2026-08-21|CAD,1000000.0
0ELV.L,ejected_below_floor,15093.2314884,2026-08-21|EUR,1000000.0
217820.KQ,ejected_below_floor,338486.39804592,2026-08-21|KRW,1000000.0
CRTO.PA,ejected_below_floor,83037.89175000001,2026-08-21|EUR,1000000.0
0L8A.L,ejected_below_floor,308896.4,2026-08-21|USD,1000000.0
KINV-A.ST,ejected_below_floor,63968.35695,2026-08-21|SEK,1000000.0
021050.KS,ejected_below_floor,276187.7802557648,2026-08-21|KRW,1000000.0
ALGLD.PA,ejected_below_floor,59546.87642400001,2026-08-21|EUR,1000000.0
0SOM.L,ejected_below_floor,36800.4342015,2026-08-21|SEK,1000000.0
CKI.TO,ejected_below_floor,113338.44036899999,2026-08-21|CAD,1000000.0
SBS.DE,ejected_below_floor,322877.17194599996,2026-08-21|EUR,1000000.0
ABEO.PA,ejected_below_floor,45380.3541828,2026-08-21|EUR,1000000.0
CAV.L,ejected_below_floor,83796.7524537,2026-08-21|GBp,1000000.0
0DSJ.L,ejected_below_floor,2952.9880863999997,2026-08-21|NOK,1000000.0
EBK.DE,ejected_below_floor,19219.468512,2026-08-21|EUR,1000000.0
SAXG.ST,ejected_below_floor,2545.0263899999995,2026-08-21|SEK,1000000.0
0ROZ.L,ejected_below_floor,184855.19090945282,2026-08-21|EUR,1000000.0
CAMBI.OL,ejected_below_floor,88505.329104,2026-08-21|NOK,1000000.0
0RI3.L,ejected_below_floor,2551.9779320000002,2026-08-21|NOK,1000000.0
ICE.TO,ejected_below_floor,2161.797435,2026-08-21|CAD,1000000.0
T3T1.DE,ejected_below_floor,642.2099256000001,2026-08-21|EUR,1000000.0
014915.KS,ejected_below_floor,50120.196664863,2026-08-21|KRW,1000000.0
ITERA.OL,ejected_below_floor,11427.2282768,2026-08-21|NOK,1000000.0
0LWG.L,ejected_below_floor,268326.8,2026-08-21|USD,1000000.0
BRAG,ejected_below_floor,44229.41,2026-08-21|USD,1000000.0
SGE.DE,ejected_below_floor,368657.70762239996,2026-08-21|EUR,1000000.0
AOMD.DE,ejected_below_floor,124708.62700800002,2026-08-21|EUR,1000000.0
CRLA.PA,ejected_below_floor,74879.28486,2026-08-21|EUR,1000000.0
000680.KS,ejected_below_floor,433166.458372602,2026-08-21|KRW,1000000.0
0HXW.L,ejected_below_floor,5751.121,2026-08-21|USD,1000000.0
0J2E.L,ejected_below_floor,303415.83999999997,2026-08-21|USD,1000000.0
C9F.DE,ejected_below_floor,47373.309950400006,2026-08-21|EUR,1000000.0
CMC.DE,ejected_below_floor,309417.701922,2026-08-21|EUR,1000000.0
SOT.DE,ejected_below_floor,5571.139807800001,2026-08-21|EUR,1000000.0
PARRO.PA,ejected_below_floor,631823.103888,2026-08-21|EUR,1000000.0
WEW.DE,ejected_below_floor,340091.67600000004,2026-08-21|EUR,1000000.0
0IHP.L,ejected_below_floor,38321.92,2026-08-21|USD,1000000.0
AIM.TO,ejected_below_floor,110918.5834239,2026-08-21|CAD,1000000.0
0HEC.L,ejected_below_floor,151728.52000000002,2026-08-21|USD,1000000.0
HNL.DE,ejected_below_floor,16962.877942799998,2026-08-21|EUR,1000000.0
SDOS.ST,ejected_below_floor,11131.125684,2026-08-21|SEK,1000000.0
0IQC.L,ejected_below_floor,38109.6,2026-08-21|USD,1000000.0
FPAR-A.ST,ejected_below_floor,730935.027,2026-08-21|SEK,1000000.0
FPAR-D.ST,ejected_below_floor,181301.3928,2026-08-21|SEK,1000000.0
TROAX.ST,ejected_below_floor,860723.1594,2026-08-21|SEK,1000000.0
030610.KS,ejected_below_floor,556468.555481156,2026-08-21|KRW,1000000.0
0RAR.L,ejected_below_floor,68094.027042,2026-08-21|EUR,1000000.0
0E9V.L,ejected_below_floor,86480.073894,2026-08-21|EUR,1000000.0
0GMG.L,ejected_below_floor,89449.4734875,2026-08-21|SEK,1000000.0
0RKK.L,ejected_below_floor,1433.2956450000001,2026-08-21|SEK,1000000.0
ALEMS.BR,ejected_below_floor,441.40051200000005,2026-08-21|EUR,1000000.0
0FH7.L,ejected_below_floor,35254.08396,2026-08-21|EUR,1000000.0
NRC.OL,ejected_below_floor,295327.72466400004,2026-08-21|NOK,1000000.0
SHLE.TO,ejected_below_floor,203529.77329860002,2026-08-21|CAD,1000000.0
MYPS,ejected_below_floor,450114.916,2026-08-21|USD,1000000.0
MELG.OL,ejected_below_floor,9257.71922,2026-08-21|NOK,1000000.0
027740.KS,ejected_below_floor,419104.0475570856,2026-08-21|KRW,1000000.0
GBT.PA,ejected_below_floor,121525.28082600002,2026-08-21|EUR,1000000.0
ITB.DE,ejected_below_floor,746763.3799224001,2026-08-21|EUR,1000000.0
ASRV,ejected_below_floor,90495.54,2026-08-21|USD,1000000.0
ALHUN.PA,ejected_below_floor,1687.5919260000003,2026-08-21|EUR,1000000.0
4C.ST,ejected_below_floor,77710.312716,2026-08-21|SEK,1000000.0
BRAG.TO,ejected_below_floor,13857.375167999999,2026-08-21|CAD,1000000.0
BLCO.TO,ejected_below_floor,34005.938803200006,2026-08-21|CAD,1000000.0
038290.KQ,ejected_below_floor,384447.2288775,2026-08-21|KRW,1000000.0
DPT.PA,ejected_below_floor,3628.814348088,2026-08-21|EUR,1000000.0
MCP.DE,ejected_below_floor,11348.9542776,2026-08-21|EUR,1000000.0
0OPY.L,ejected_below_floor,2957.082054,2026-08-21|EUR,1000000.0
WPAY.ST,ejected_below_floor,4332.724239,2026-08-21|SEK,1000000.0
1SI.DE,ejected_below_floor,69103.7423046,2026-08-21|EUR,1000000.0
EKT.DE,ejected_below_floor,830322.11964,2026-08-21|EUR,1000000.0
ALX.AS,ejected_below_floor,1853.3721288,2026-08-21|EUR,1000000.0
MSAG.DE,ejected_below_floor,5145.9904386,2026-08-21|EUR,1000000.0
122990.KQ,ejected_below_floor,443724.86112315,2026-08-21|KRW,1000000.0
KTF.DE,ejected_below_floor,47169.2549448,2026-08-21|EUR,1000000.0
STRO.OL,ejected_below_floor,23627.4754144,2026-08-21|NOK,1000000.0
SIS.DE,ejected_below_floor,24411.488400000002,2026-08-21|EUR,1000000.0
DRIL.ST,ejected_below_floor,8546.597508,2026-08-21|SEK,1000000.0
099190.KQ,ejected_below_floor,867927.2367359999,2026-08-21|KRW,1000000.0
CRWN.TO,ejected_below_floor,2523.7505664,2026-08-21|CAD,1000000.0
CAF.PA,ejected_below_floor,157435.2293808,2026-08-21|EUR,1000000.0
0ND2.L,ejected_below_floor,76440.61166580001,2026-08-21|EUR,1000000.0
GMX.TO,ejected_below_floor,40368.5696484,2026-08-21|CAD,1000000.0
DLAB.ST,ejected_below_floor,4411.824624,2026-08-21|SEK,1000000.0
GFP.TO,ejected_below_floor,5706.361016999999,2026-08-21|CAD,1000000.0
DAR.DE,ejected_below_floor,9843.764622000002,2026-08-21|EUR,1000000.0
ALNLF.PA,ejected_below_floor,19902.889110192,2026-08-21|EUR,1000000.0
SRT.DE,ejected_below_floor,891954.057096,2026-08-21|EUR,1000000.0
VS,ejected_below_floor,56028.6969,2026-08-21|USD,1000000.0
CFYN.L,ejected_below_floor,1894.9789799999999,2026-08-21|GBp,1000000.0
5EA.DE,ejected_below_floor,3972.4539197999998,2026-08-21|EUR,1000000.0
WSL.L,ejected_below_floor,116.7656394,2026-08-21|GBp,1000000.0
BON.PA,ejected_below_floor,137004.20455800003,2026-08-21|EUR,1000000.0
BEZ.DE,ejected_below_floor,10083.9152472,2026-08-21|EUR,1000000.0
0AAJ.L,ejected_below_floor,602897.4358485641,2026-08-21|CHF,1000000.0
SCANA.OL,ejected_below_floor,43085.439558399994,2026-08-21|NOK,1000000.0
005257.KS,ejected_below_floor,12235.701739799999,2026-08-21|KRW,1000000.0
B3.ST,ejected_below_floor,31993.85457,2026-08-21|SEK,1000000.0
MEAB-B.ST,ejected_below_floor,11392.0794,2026-08-21|SEK,1000000.0
PZS.DE,ejected_below_floor,32492.456092800003,2026-08-21|EUR,1000000.0
ALIMO.PA,ejected_below_floor,99.454212,2026-08-21|EUR,1000000.0
SNOR.OL,ejected_below_floor,31882.79952,2026-08-21|NOK,1000000.0
001070.KS,ejected_below_floor,69881.97964627,2026-08-21|KRW,1000000.0
BYFC,ejected_below_floor,71126.52,2026-08-21|USD,1000000.0
BVB.DE,ejected_below_floor,407172.50456370006,2026-08-21|EUR,1000000.0
ALDUX.PA,ejected_below_floor,4768.5049062,2026-08-21|EUR,1000000.0
ALECP.PA,ejected_below_floor,8118.085673880001,2026-08-21|EUR,1000000.0
7HP.DE,ejected_below_floor,161701.073226,2026-08-21|EUR,1000000.0
AAB.TO,ejected_below_floor,243.393318,2026-08-21|CAD,1000000.0
BEWI.OL,ejected_below_floor,224650.213512,2026-08-21|NOK,1000000.0
298540.KQ,ejected_below_floor,113593.786479474,2026-08-21|KRW,1000000.0
DCM.TO,ejected_below_floor,212057.09380799998,2026-08-21|CAD,1000000.0
ITAB.ST,ejected_below_floor,647647.74,2026-08-21|SEK,1000000.0
0LXB.L,ejected_below_floor,271895.68,2026-08-21|USD,1000000.0
DOMH,ejected_below_floor,432436.38,2026-08-21|USD,1000000.0
IXI.L,ejected_below_floor,5519.303997,2026-08-21|GBp,1000000.0
VLN.TO,ejected_below_floor,40791.115700999995,2026-08-21|CAD,1000000.0
AIRG,ejected_below_floor,459075.39999999997,2026-08-21|USD,1000000.0
BST.DE,ejected_below_floor,18128.9496,2026-08-21|EUR,1000000.0
CFC.DE,ejected_below_floor,2042.5669596,2026-08-21|EUR,1000000.0
DFTK.DE,ejected_below_floor,1456.749195,2026-08-21|EUR,1000000.0
ALYA.TO,ejected_below_floor,43379.7831432,2026-08-21|CAD,1000000.0
NEOBO.ST,ejected_below_floor,699819.36003,2026-08-21|SEK,1000000.0
ACQ.TO,ejected_below_floor,630715.2637086,2026-08-21|CAD,1000000.0
MAR.LS,ejected_below_floor,47869.7464296,2026-08-21|EUR,1000000.0
NBA.LS,ejected_below_floor,34843.748400000004,2026-08-21|EUR,1000000.0
O3P.DE,ejected_below_floor,23733.3915,2026-08-21|EUR,1000000.0
LCFS.TO,ejected_below_floor,417177.5068314,2026-08-21|CAD,1000000.0
BAFN,ejected_below_floor,156251.25,2026-08-21|USD,1000000.0
AWC.DE,ejected_below_floor,15209.725058400003,2026-08-21|EUR,1000000.0
CVO.TO,ejected_below_floor,793208.6645867999,2026-08-21|CAD,1000000.0
MIND.L,ejected_below_floor,286.69765939999996,2026-08-21|GBp,1000000.0
UTG.ST,ejected_below_floor,25554.30144,2026-08-21|SEK,1000000.0
NRA.DE,ejected_below_floor,5177.414723999999,2026-08-21|EUR,1000000.0
0EOF.L,ejected_below_floor,158699.1706358,2026-08-21|NOK,1000000.0
ARCOMA.ST,ejected_below_floor,5071.90815,2026-08-21|SEK,1000000.0
SPOG.OL,ejected_below_floor,105518.4968088,2026-08-21|NOK,1000000.0
0L8F.L,ejected_below_floor,371363.02,2026-08-21|USD,1000000.0
BRIN-B.ST,ejected_below_floor,51589.80513,2026-08-21|SEK,1000000.0
IBU.DE,ejected_below_floor,34811.872050000005,2026-08-21|EUR,1000000.0
0L7F.L,ejected_below_floor,190314.63,2026-08-21|USD,1000000.0
WMB.DE,ejected_below_floor,6943.8165786,2026-08-21|EUR,1000000.0
009320.KS,ejected_below_floor,183927.934912626,2026-08-21|KRW,1000000.0
0O27.L,ejected_below_floor,51660.55152,2026-08-21|EUR,1000000.0
FLOWS.ST,ejected_below_floor,3785.9088,2026-08-21|SEK,1000000.0
0NL1.L,ejected_below_floor,562964.1835428,2026-08-21|EUR,1000000.0
ADTR.ST,ejected_below_floor,31611.9429,2026-08-21|SEK,1000000.0
EAPI.PA,ejected_below_floor,171934.38886866,2026-08-21|EUR,1000000.0
027970.KS,ejected_below_floor,57940.21627893,2026-08-21|KRW,1000000.0
GME.DE,ejected_below_floor,1176.8516592,2026-08-21|EUR,1000000.0
MDM.PA,ejected_below_floor,20381.2977168,2026-08-21|EUR,1000000.0
WILD.TO,ejected_below_floor,137483.481996,2026-08-21|CAD,1000000.0
ESI.TO,ejected_below_floor,645059.4039288,2026-08-21|CAD,1000000.0
0IRK.L,ejected_below_floor,76110.98702400002,2026-08-21|EUR,1000000.0
PREC.ST,ejected_below_floor,75152.4988902,2026-08-21|SEK,1000000.0
0H14.L,ejected_below_floor,20244.0339585,2026-08-21|SEK,1000000.0
006200.KS,ejected_below_floor,99161.56694333779,2026-08-21|KRW,1000000.0
NN6.DE,ejected_below_floor,41542.696653599996,2026-08-21|EUR,1000000.0
INR.DE,ejected_below_floor,124879.22343750001,2026-08-21|EUR,1000000.0
OGI.TO,ejected_below_floor,261095.451435,2026-08-21|CAD,1000000.0
SYN.IC,ejected_below_floor,11013.178407,2026-08-21|ISK,1000000.0
0HM0.L,ejected_below_floor,777734.719776,2026-08-21|EUR,1000000.0
EMR.L,ejected_below_floor,4391.557932,2026-08-21|GBp,1000000.0
SOGN.OL,ejected_below_floor,10432.747696,2026-08-21|NOK,1000000.0
TRAC-B.ST,ejected_below_floor,44806.3056,2026-08-21|SEK,1000000.0
0HEW.L,ejected_below_floor,95600.97,2026-08-21|USD,1000000.0
FNM.ST,ejected_below_floor,137766.7728,2026-08-21|SEK,1000000.0
ELABS.OL,ejected_below_floor,75569.9342343,2026-08-21|NOK,1000000.0
GRVO.PA,ejected_below_floor,6676.6464000000005,2026-08-21|EUR,1000000.0
0KTI.L,ejected_below_floor,139676.9932278,2026-08-21|CAD,1000000.0
YRB.TO,ejected_below_floor,4404.030498,2026-08-21|CAD,1000000.0
TOBII.ST,ejected_below_floor,301099.3798626,2026-08-21|SEK,1000000.0
ASLI.L,ejected_below_floor,179909.628518376,2026-08-21|GBp,1000000.0
PBEE.L,ejected_below_floor,185166.0464618,2026-08-21|GBp,1000000.0
ALICA.PA,ejected_below_floor,90903.0275748,2026-08-21|EUR,1000000.0
SWN.DE,ejected_below_floor,5268.7781388,2026-08-21|EUR,1000000.0
CAR.DE,ejected_below_floor,131546.5909218,2026-08-21|EUR,1000000.0
PARB.OL,ejected_below_floor,476454.92272,2026-08-21|NOK,1000000.0
MNTC.ST,ejected_below_floor,12866.92656,2026-08-21|SEK,1000000.0
BOKUS.ST,ejected_below_floor,29908.970999999998,2026-08-21|SEK,1000000.0
BICO.ST,ejected_below_floor,702203.195898,2026-08-21|SEK,1000000.0
0K05.L,ejected_below_floor,5359.5,2026-08-21|USD,1000000.0
DRM.TO,ejected_below_floor,446702.2314677999,2026-08-21|CAD,1000000.0
DMRE.DE,ejected_below_floor,2635.710489,2026-08-21|EUR,1000000.0
GRNQ,ejected_below_floor,68673.18,2026-08-21|USD,1000000.0
0GJS.L,ejected_below_floor,11194.2322704,2026-08-21|EUR,1000000.0
SLIGR.AS,ejected_below_floor,872652.6605688,2026-08-21|EUR,1000000.0
TITA-B.ST,ejected_below_floor,9637.61964,2026-08-21|SEK,1000000.0
003830.KS,ejected_below_floor,23059.396387999997,2026-08-21|KRW,1000000.0
0NIQ.L,ejected_below_floor,374554.29916800006,2026-08-21|EUR,1000000.0
AB9.DE,ejected_below_floor,19298.8985805,2026-08-21|EUR,1000000.0
SHI.L,ejected_below_floor,122001.78790624002,2026-08-21|GBp,1000000.0
0N08.L,ejected_below_floor,65690.9131198176,2026-08-21|NOK,1000000.0
DURC-B.ST,ejected_below_floor,10203.84036,2026-08-21|SEK,1000000.0
VER.ST,ejected_below_floor,414893.022375,2026-08-21|SEK,1000000.0
ALTA.PA,ejected_below_floor,985233.530316,2026-08-21|EUR,1000000.0
ALMER.PA,ejected_below_floor,476.49927120000007,2026-08-21|EUR,1000000.0
ORV.TO,ejected_below_floor,317189.71875780006,2026-08-21|CAD,1000000.0
PAX.ST,ejected_below_floor,143515.383,2026-08-21|SEK,1000000.0
ALPAU.PA,ejected_below_floor,4468.4151516,2026-08-21|EUR,1000000.0
000480.KS,ejected_below_floor,152147.3920929,2026-08-21|KRW,1000000.0
TRAIN-B.ST,ejected_below_floor,34654.527732,2026-08-21|SEK,1000000.0
FLAT-B.ST,ejected_below_floor,474435.807255,2026-08-21|SEK,1000000.0
G2M.ST,ejected_below_floor,64224.38673599999,2026-08-21|SEK,1000000.0
BOUL.ST,ejected_below_floor,10917.0711,2026-08-21|SEK,1000000.0
ILLM.TO,ejected_below_floor,40828.563594,2026-08-21|CAD,1000000.0
DEVP-B.ST,ejected_below_floor,13776.359774999999,2026-08-21|SEK,1000000.0
RY4C.DE,ejected_below_floor,487646.72058,2026-08-21|EUR,1000000.0
BANI.BR,ejected_below_floor,4788.198694800001,2026-08-21|EUR,1000000.0
078130.KQ,ejected_below_floor,518980.52181755996,2026-08-21|KRW,1000000.0
ALCUR.PA,ejected_below_floor,23165.8417818,2026-08-21|EUR,1000000.0
024900.KS,ejected_below_floor,179206.2107709104,2026-08-21|KRW,1000000.0
BCY.DE,ejected_below_floor,796874.73851412,2026-08-21|EUR,1000000.0
BONAS.ST,ejected_below_floor,2557.5288,2026-08-21|SEK,1000000.0
SB1.DE,ejected_below_floor,57408.031296,2026-08-21|EUR,1000000.0
SEDANA.ST,ejected_below_floor,138457.64286,2026-08-21|SEK,1000000.0
LABS.TO,ejected_below_floor,9509.606441999998,2026-08-21|CAD,1000000.0
BONAV-A.ST,ejected_below_floor,1815.790275,2026-08-21|SEK,1000000.0
BONAV-B.ST,ejected_below_floor,320699.570832,2026-08-21|SEK,1000000.0
CSCI.TO,ejected_below_floor,3828.750282,2026-08-21|CAD,1000000.0
DSNO.ST,ejected_below_floor,5069.8737237,2026-08-21|SEK,1000000.0
0R2C.L,ejected_below_floor,304429.8726252,2026-08-21|CAD,1000000.0
DTG,ejected_below_floor,605410.45,2026-08-21|USD,1000000.0
GPG.ST,ejected_below_floor,25922.3574,2026-08-21|SEK,1000000.0
RSL2.DE,ejected_below_floor,13566.574560000001,2026-08-21|EUR,1000000.0
033290.KQ,ejected_below_floor,96085.52908534139,2026-08-21|KRW,1000000.0
ALESE.PA,ejected_below_floor,218637.3577248,2026-08-21|EUR,1000000.0
AJA-B.ST,ejected_below_floor,76743.3528,2026-08-21|SEK,1000000.0
SF3.DE,ejected_below_floor,6175.550178,2026-08-21|EUR,1000000.0
BPOST.BR,ejected_below_floor,329197.54043904005,2026-08-21|EUR,1000000.0
CAD.L,ejected_below_floor,745.2466905,2026-08-21|GBp,1000000.0
CAT-A.ST,ejected_below_floor,1142.3934,2026-08-21|SEK,1000000.0
CAT-B.ST,ejected_below_floor,232161.55894800002,2026-08-21|SEK,1000000.0
TELLUS.ST,ejected_below_floor,2237.138148,2026-08-21|SEK,1000000.0
225570.KQ,ejected_below_floor,967203.3220982719,2026-08-21|KRW,1000000.0
4AB.DE,ejected_below_floor,138545.513016,2026-08-21|EUR,1000000.0
ALBPK.PA,ejected_below_floor,43082.451864,2026-08-21|EUR,1000000.0
TNE5.DE,ejected_below_floor,172331.99591232,2026-08-21|EUR,1000000.0
NETI-B.ST,ejected_below_floor,265611.6637335,2026-08-21|SEK,1000000.0
AURG.OL,ejected_below_floor,15749.94322,2026-08-21|NOK,1000000.0
ENSI.L,ejected_below_floor,578628.6834,2026-08-21|GBp,1000000.0
JLT.ST,ejected_below_floor,2936.096778,2026-08-21|SEK,1000000.0
K2A-B.ST,ejected_below_floor,34768.853474999996,2026-08-21|SEK,1000000.0
KA8.DE,ejected_below_floor,2767.0990080000006,2026-08-21|EUR,1000000.0
KAKEL.ST,ejected_below_floor,2865.53988,2026-08-21|SEK,1000000.0
YOC.DE,ejected_below_floor,7740.73692,2026-08-21|EUR,1000000.0
MKTW,ejected_below_floor,270762.61,2026-08-21|USD,1000000.0
RUA.L,ejected_below_floor,54885.009410399995,2026-08-21|GBp,1000000.0
H9W.DE,ejected_below_floor,1878.1777248,2026-08-21|EUR,1000000.0
ADV.DE,ejected_below_floor,167586.14292,2026-08-21|EUR,1000000.0
CLAR,ejected_below_floor,836823.89,2026-08-21|USD,1000000.0
SVOL-A.ST,ejected_below_floor,349.776,2026-08-21|SEK,1000000.0
SVOL-B.ST,ejected_below_floor,828881.9883,2026-08-21|SEK,1000000.0
LACR.PA,ejected_below_floor,118365.81292800001,2026-08-21|EUR,1000000.0
CMCM,ejected_below_floor,48999.84,2026-08-21|USD,1000000.0
0QKR.L,ejected_below_floor,55695.218277,2026-08-21|CHF,1000000.0
0N7N.L,ejected_below_floor,208952.140272,2026-08-21|EUR,1000000.0
0LK3.L,ejected_below_floor,7866.75,2026-08-21|USD,1000000.0
XBRANE.ST,ejected_below_floor,26785.71075,2026-08-21|SEK,1000000.0
GRN.TO,ejected_below_floor,14238.4983111,2026-08-21|CAD,1000000.0
KOMPL.OL,ejected_below_floor,68541.323862,2026-08-21|NOK,1000000.0
0KEJ.L,ejected_below_floor,124241.79999999999,2026-08-21|USD,1000000.0
TECH.OL,ejected_below_floor,15175.392074,2026-08-21|NOK,1000000.0
AMUND.AS,ejected_below_floor,318.068016,2026-08-21|EUR,1000000.0
0RE6.L,ejected_below_floor,13481.6404268601,2026-08-21|CHF,1000000.0
ALUPG.PA,ejected_below_floor,1909.5208704,2026-08-21|EUR,1000000.0
AXJ.DE,ejected_below_floor,48.6664929,2026-08-21|EUR,1000000.0
MUB.DE,ejected_below_floor,11264.52252,2026-08-21|EUR,1000000.0
SVI.TO,ejected_below_floor,842816.7194201999,2026-08-21|CAD,1000000.0
4PG.DE,ejected_below_floor,5985.1962072,2026-08-21|EUR,1000000.0
403550.KS,ejected_below_floor,382502.19999274,2026-08-21|KRW,1000000.0
0HD2.L,ejected_below_floor,341084.7,2026-08-21|USD,1000000.0
STAR-A.ST,ejected_below_floor,741.575088,2026-08-21|SEK,1000000.0
STAR-B.ST,ejected_below_floor,22812.4023792,2026-08-21|SEK,1000000.0
BALT.OL,ejected_below_floor,1938.7617480000001,2026-08-21|NOK,1000000.0
MBQ.DE,ejected_below_floor,2948.8521600000004,2026-08-21|EUR,1000000.0
S188.DE,ejected_below_floor,9059.374584,2026-08-21|EUR,1000000.0
CDA.PA,ejected_below_floor,779641.910775,2026-08-21|EUR,1000000.0
PTRK.ST,ejected_below_floor,25295.406822,2026-08-21|SEK,1000000.0
0AAW.L,ejected_below_floor,29545.087632000006,2026-08-21|EUR,1000000.0
002320.KS,ejected_below_floor,298937.719254,2026-08-21|KRW,1000000.0
ECO.TO,ejected_below_floor,37131.8486112,2026-08-21|CAD,1000000.0
ROGS.OL,ejected_below_floor,50205.91436639999,2026-08-21|NOK,1000000.0
DVYSR.ST,ejected_below_floor,184209.30138,2026-08-21|SEK,1000000.0
IS.ST,ejected_below_floor,6814.702464,2026-08-21|SEK,1000000.0
ED4.DE,ejected_below_floor,15145.555068,2026-08-21|EUR,1000000.0
TXP.L,ejected_below_floor,45401.8277856,2026-08-21|GBp,1000000.0
RAKE.ST,ejected_below_floor,3695.7550770000003,2026-08-21|SEK,1000000.0
LGCL,ejected_below_floor,507416.73600000003,2026-08-21|USD,1000000.0
BMA.OL,ejected_below_floor,25858.59226,2026-08-21|NOK,1000000.0
001020.KS,ejected_below_floor,58559.87406733,2026-08-21|KRW,1000000.0
AAD.DE,ejected_below_floor,326262.67214400007,2026-08-21|EUR,1000000.0
JM2.DE,ejected_below_floor,369.9279396,2026-08-21|EUR,1000000.0
CBDG.PA,ejected_below_floor,34894.75056,2026-08-21|EUR,1000000.0
JBOG.PA,ejected_below_floor,5662.167072,2026-08-21|EUR,1000000.0
DUL.DE,ejected_below_floor,17322.535902,2026-08-21|EUR,1000000.0
NCH2.DE,ejected_below_floor,693966.3959550001,2026-08-21|EUR,1000000.0
V3V.DE,ejected_below_floor,5440.945203,2026-08-21|EUR,1000000.0
TXP.TO,ejected_below_floor,17253.456595199998,2026-08-21|CAD,1000000.0
CYR.DE,ejected_below_floor,7845.407262000001,2026-08-21|EUR,1000000.0
CPIX,ejected_below_floor,785012.4,2026-08-21|USD,1000000.0
DRT.TO,ejected_below_floor,20016.528336,2026-08-21|CAD,1000000.0
ALINN.PA,ejected_below_floor,15303.835635000001,2026-08-21|EUR,1000000.0
GSF.OL,ejected_below_floor,786106.0824144001,2026-08-21|NOK,1000000.0
OBEL.BR,ejected_below_floor,31883.073012,2026-08-21|EUR,1000000.0
0R53.L,ejected_below_floor,526.746,2026-08-21|SEK,1000000.0
BONG.ST,ejected_below_floor,63961.3685088,2026-08-21|SEK,1000000.0
SBB-D.ST,ejected_below_floor,262068.50207999998,2026-08-21|SEK,1000000.0
QEC.TO,ejected_below_floor,4811.8492044,2026-08-21|CAD,1000000.0
ADCO.TO,ejected_below_floor,533.6054955,2026-08-21|CAD,1000000.0
MAS.OL,ejected_below_floor,158266.731924,2026-08-21|NOK,1000000.0
CABKA.AS,ejected_below_floor,8104.706880000001,2026-08-21|EUR,1000000.0
CECV.DE,ejected_below_floor,256916.42616,2026-08-21|EUR,1000000.0
PEN.L,ejected_below_floor,27203.1104332,2026-08-21|GBp,1000000.0
FGA.PA,ejected_below_floor,335470.880304,2026-08-21|EUR,1000000.0
BNE.TO,ejected_below_floor,245425.43276999998,2026-08-21|CAD,1000000.0
ACROUD.ST,ejected_below_floor,2083.9206449999997,2026-08-21|SEK,1000000.0
GTK.DE,ejected_below_floor,1748.1569910000003,2026-08-21|EUR,1000000.0
KDEV.ST,ejected_below_floor,66779.1814536,2026-08-21|SEK,1000000.0
PIG.PA,ejected_below_floor,20007.683712000002,2026-08-21|EUR,1000000.0
GLO.TO,ejected_below_floor,504670.50503100007,2026-08-21|CAD,1000000.0
REJL-B.ST,ejected_below_floor,726795.1782,2026-08-21|SEK,1000000.0
USIO,ejected_below_floor,755243.7000000001,2026-08-21|USD,1000000.0
CEC.DE,ejected_below_floor,205543.0631664,2026-08-21|EUR,1000000.0
ARTO.PA,ejected_below_floor,11475.486,2026-08-11|EUR,1000000.0
AYTU,ejected_below_floor,67810.44,2026-08-21|USD,1000000.0
0I6Q.L,ejected_below_floor,225464.40000000002,2026-08-21|USD,1000000.0
0DI7.L,ejected_below_floor,278.54134200000004,2026-08-21|EUR,1000000.0
CY1K.DE,ejected_below_floor,8315.206704,2026-08-21|EUR,1000000.0
036220.KQ,ejected_below_floor,119147.24084571,2026-08-21|KRW,1000000.0
CIMN,ejected_below_floor,183106.7784,2026-08-21|USD,1000000.0
BELYS.BR,ejected_below_floor,5350.177586160001,2026-08-21|EUR,1000000.0
006880.KS,ejected_below_floor,141983.135957045,2026-08-21|KRW,1000000.0
NAVA.OL,ejected_below_floor,27152.995437,2026-08-21|NOK,1000000.0
GURU.TO,ejected_below_floor,20076.819084000002,2026-08-21|CAD,1000000.0
003070.KS,ejected_below_floor,258360.72779496,2026-08-21|KRW,1000000.0
003075.KS,ejected_below_floor,12673.199003869999,2026-08-21|KRW,1000000.0
IFA.TO,ejected_below_floor,261690.26499,2026-08-21|CAD,1000000.0
CDON.ST,ejected_below_floor,2825.8569599999996,2026-08-21|SEK,1000000.0
TRANS.ST,ejected_below_floor,40998.269303999994,2026-08-21|SEK,1000000.0
DEX.DE,ejected_below_floor,8874.746764800002,2026-08-21|EUR,1000000.0
101140.KS,ejected_below_floor,51938.49682476,2026-08-21|KRW,1000000.0
GEC.TO,ejected_below_floor,2454.7435605,2026-08-21|CAD,1000000.0
COMPDM.ST,ejected_below_floor,3151.8200850000003,2026-08-21|SEK,1000000.0
AGFB.BR,ejected_below_floor,58690.02043062,2026-08-21|EUR,1000000.0
ALSPT.PA,ejected_below_floor,2578.5764784000003,2026-08-21|EUR,1000000.0
ARP.ST,ejected_below_floor,25647.360177599996,2026-08-21|SEK,1000000.0
ALHF.PA,ejected_below_floor,27781.3865736,2026-08-21|EUR,1000000.0
EOLU-B.ST,ejected_below_floor,239460.2931,2026-08-21|SEK,1000000.0
TSL.TO,ejected_below_floor,6554.3237676,2026-08-21|CAD,1000000.0
HAVI.OL,ejected_below_floor,20239.6151,2026-08-21|NOK,1000000.0
KJELL.ST,ejected_below_floor,541285.6365899999,2026-08-21|SEK,1000000.0
AJAX.AS,ejected_below_floor,18548.790108,2026-08-21|EUR,1000000.0
0HVA.L,ejected_below_floor,1209.1221168,2026-08-21|EUR,1000000.0
XTRA.TO,ejected_below_floor,55425.10477140001,2026-08-21|CAD,1000000.0
0Q19.L,ejected_below_floor,2273.04,2026-08-21|USD,1000000.0
ALISP.PA,ejected_below_floor,624.0346104,2026-08-21|EUR,1000000.0
ALCOI.PA,ejected_below_floor,1057.9818522,2026-08-21|EUR,1000000.0
ADN.TO,ejected_below_floor,96773.557356,2026-08-21|CAD,1000000.0
VNV.ST,ejected_below_floor,261781.1028,2026-08-21|SEK,1000000.0
001780.KS,ejected_below_floor,688774.1213499446,2026-08-21|KRW,1000000.0
FLEXD.LS,ejected_below_floor,8058.920850000001,2026-08-21|EUR,1000000.0
0A39.L,ejected_below_floor,320151.39897,2026-08-21|SEK,1000000.0
SYT.DE,ejected_below_floor,2411.0112,2026-08-21|EUR,1000000.0
0A6Y.L,ejected_below_floor,7035.4,2026-08-21|USD,1000000.0
NKR.OL,ejected_below_floor,265863.99401,2026-08-21|NOK,1000000.0
ETG.DE,ejected_below_floor,25329.527280000002,2026-08-21|EUR,1000000.0
LINC.ST,ejected_below_floor,205015.32074999998,2026-08-21|SEK,1000000.0
ALAQU.PA,ejected_below_floor,1582.3420140000003,2026-08-21|EUR,1000000.0
ELTEL.ST,ejected_below_floor,114918.91520999998,2026-08-21|SEK,1000000.0
BIOWKS.ST,ejected_below_floor,15397.347720000002,2026-08-21|SEK,1000000.0
271940.KS,ejected_below_floor,416398.56941011996,2026-08-21|KRW,1000000.0
STWK.ST,ejected_below_floor,8029.399559999999,2026-08-21|SEK,1000000.0
ALBI.PA,ejected_below_floor,2283.2739720000004,2026-08-21|EUR,1000000.0
ALEMG.PA,ejected_below_floor,5663.094384000001,2026-08-21|EUR,1000000.0
011280.KS,ejected_below_floor,124557.0086156864,2026-08-21|KRW,1000000.0
RMTI,ejected_below_floor,297140.39999999997,2026-08-21|USD,1000000.0
M3B0.DE,ejected_below_floor,7423.410753600001,2026-08-21|EUR,1000000.0
ALWF.PA,ejected_below_floor,7588.738891800001,2026-08-21|EUR,1000000.0
ZPHR.L,ejected_below_floor,129130.1639832,2026-08-21|GBp,1000000.0
LYGRD.ST,ejected_below_floor,6044.44158,2026-08-21|SEK,1000000.0
BEGR.ST,ejected_below_floor,43266.95808,2026-08-21|SEK,1000000.0
ALKEY.PA,ejected_below_floor,12636.735634800001,2026-08-21|EUR,1000000.0
CNVS,ejected_below_floor,741226.75,2026-08-21|USD,1000000.0
QEC.OL,ejected_below_floor,95409.17889888,2026-08-21|NOK,1000000.0
SANG,ejected_below_floor,26546.6,2026-08-21|USD,1000000.0
ACT.TO,ejected_below_floor,347156.0623314,2026-08-21|CAD,1000000.0
MSV.TO,ejected_below_floor,40211.482751999996,2026-08-21|CAD,1000000.0
SBO.OL,ejected_below_floor,84441.415779,2026-08-21|NOK,1000000.0
BKHT.DE,ejected_below_floor,230821.40282400002,2026-08-21|EUR,1000000.0
058820.KQ,ejected_below_floor,370765.3452660346,2026-08-21|KRW,1000000.0
0K76.L,ejected_below_floor,43173.0,2026-08-21|USD,1000000.0
AXG,ejected_below_floor,400060.0,2026-08-21|USD,1000000.0
WEF.TO,ejected_below_floor,523178.4480552,2026-08-21|CAD,1000000.0
S.TO,ejected_below_floor,510980.924664,2026-08-21|CAD,1000000.0
IE.TO,ejected_below_floor,398742.8336136,2026-08-21|CAD,1000000.0
VMX.PA,ejected_below_floor,63208.14530112,2026-08-21|EUR,1000000.0
O5G.DE,ejected_below_floor,28.114940700000002,2026-08-21|EUR,1000000.0
SIFG.AS,ejected_below_floor,465495.9145134,2026-08-21|EUR,1000000.0
CNT.TO,ejected_below_floor,2070.1346337,2026-08-21|CAD,1000000.0
0Q92.L,ejected_below_floor,2241.4349970000003,2026-08-21|NOK,1000000.0
BOAT.ST,ejected_below_floor,14828.477655000002,2026-08-21|SEK,1000000.0
0RHT.L,ejected_below_floor,5010.0580908,2026-08-21|EUR,1000000.0
IFBD,ejected_below_floor,85183.4,2026-08-21|USD,1000000.0
0JVD.L,ejected_below_floor,146062.68,2026-08-21|USD,1000000.0
ALBIZ.PA,ejected_below_floor,6346.8942528,2026-08-21|EUR,1000000.0
0A1S.L,ejected_below_floor,13566.319549200001,2026-08-21|EUR,1000000.0
RLYB,ejected_below_floor,787559.85,2026-08-21|USD,1000000.0
GRID.TO,ejected_below_floor,429125.65819199994,2026-08-21|CAD,1000000.0
ATEME.PA,ejected_below_floor,236631.82390200003,2026-08-21|EUR,1000000.0
LYKO-A.ST,ejected_below_floor,56819.570519999994,2026-08-21|SEK,1000000.0
CSPI,ejected_below_floor,264864.6,2026-08-21|USD,1000000.0
HHFA.DE,ejected_below_floor,101326.45492800002,2026-08-21|EUR,1000000.0
ICEAIR.IC,ejected_below_floor,208762.8737877375,2026-08-21|ISK,1000000.0
ORRON.ST,ejected_below_floor,641034.879108,2026-08-21|SEK,1000000.0
NEL.OL,ejected_below_floor,974410.0117875,2026-08-21|NOK,1000000.0
ALHIT.PA,ejected_below_floor,3460.0329,2026-08-21|EUR,1000000.0
004140.KS,ejected_below_floor,324644.937316455,2026-08-21|KRW,1000000.0
GARO.ST,ejected_below_floor,41558.53550399999,2026-08-21|SEK,1000000.0
IJ8.DE,ejected_below_floor,516307.46437266,2026-08-21|EUR,1000000.0
SVIK.ST,ejected_below_floor,595625.6388,2026-08-21|SEK,1000000.0
AAC.ST,ejected_below_floor,494124.51612,2026-08-21|SEK,1000000.0
OSSD.ST,ejected_below_floor,92384.6042175,2026-08-21|SEK,1000000.0
ESON.LS,ejected_below_floor,562.298814,2026-08-21|EUR,1000000.0
GTE.L,ejected_below_floor,30715.72038,2026-08-21|GBp,1000000.0
FSPORT.ST,ejected_below_floor,149528.117802,2026-08-21|SEK,1000000.0
0JBU.L,ejected_below_floor,40448.6478,2026-08-21|USD,1000000.0
YQ,ejected_below_floor,17183.46,2026-08-21|USD,1000000.0
SODER.ST,ejected_below_floor,15379.650720000001,2026-08-21|SEK,1000000.0
0QAU.L,ejected_below_floor,1011.5872737,2026-08-21|EUR,1000000.0
2OY.DE,ejected_below_floor,98822.6777538,2026-08-21|EUR,1000000.0
BMAX.ST,ejected_below_floor,709551.4296,2026-08-21|SEK,1000000.0
FEV.DE,ejected_below_floor,12236.925066,2026-08-21|EUR,1000000.0
078160.KQ,ejected_below_floor,766109.8796383099,2026-08-21|KRW,1000000.0
HLG.DE,ejected_below_floor,5139.1190566800005,2026-08-21|EUR,1000000.0
MANG.ST,ejected_below_floor,5041.563,2026-08-21|SEK,1000000.0
1NBA.DE,ejected_below_floor,123919.25266800002,2026-08-21|EUR,1000000.0
3LN.DE,ejected_below_floor,903.839415,2026-08-21|EUR,1000000.0
LUMI.OL,ejected_below_floor,5414.514816,2026-08-21|NOK,1000000.0
CLOUD.OL,ejected_below_floor,181228.39132640001,2026-08-21|NOK,1000000.0
STUDBO.ST,ejected_below_floor,11144.224066499999,2026-08-21|SEK,1000000.0
0KDH.L,ejected_below_floor,639427.46,2026-08-21|USD,1000000.0
ADJ.DE,ejected_below_floor,9387.1446018,2026-08-21|EUR,1000000.0
PGH.DE,ejected_below_floor,1224.2373023999999,2026-08-21|EUR,1000000.0
CEA.DE,ejected_below_floor,3363.0824304000002,2026-08-21|EUR,1000000.0
200230.KQ,ejected_below_floor,131665.989783024,2026-08-21|KRW,1000000.0
AVNT.TO,ejected_below_floor,3458.264355,2026-08-21|CAD,1000000.0
MOB.ST,ejected_below_floor,98363.38836599998,2026-08-21|SEK,1000000.0
ECK.DE,ejected_below_floor,26038.920960000003,2026-08-21|EUR,1000000.0
HYPRO.OL,ejected_below_floor,40957.87496696,2026-08-21|NOK,1000000.0
049800.KS,ejected_below_floor,50358.726456883196,2026-08-21|KRW,1000000.0
DUST.ST,ejected_below_floor,208965.98862,2026-08-21|SEK,1000000.0
MOP.BR,ejected_below_floor,1585.70352,2026-08-21|EUR,1000000.0
SENZA.ST,ejected_below_floor,6351.8697,2026-08-21|SEK,1000000.0
SEED.L,ejected_below_floor,6553.181239,2026-08-21|GBp,1000000.0
FLEXM.ST,ejected_below_floor,9363.32655,2026-08-21|SEK,1000000.0
CANDLE-B.ST,ejected_below_floor,17353.719839999998,2026-08-21|SEK,1000000.0
N4G0.DE,ejected_below_floor,21344.682153600002,2026-08-21|EUR,1000000.0
0QVW.L,ejected_below_floor,872.658549,2026-08-21|EUR,1000000.0
SRP.PA,ejected_below_floor,30920.291328000003,2026-08-21|EUR,1000000.0
BREB.BR,ejected_below_floor,608580.492264,2026-08-21|EUR,1000000.0
0QT0.L,ejected_below_floor,15666.865469999999,2026-08-21|CHF,1000000.0
PNC-B.TO,ejected_below_floor,16.18785,2026-08-21|CAD,1000000.0
0HWG.L,ejected_below_floor,32971.18,2026-08-21|USD,1000000.0
PROAC.PA,ejected_below_floor,5396.19428502,2026-08-21|EUR,1000000.0
KFAST-B.ST,ejected_below_floor,100097.175948,2026-08-21|SEK,1000000.0
0K5R.L,ejected_below_floor,3558.8799999999997,2026-08-21|USD,1000000.0
WAH.DE,ejected_below_floor,20501.7555456,2026-08-21|EUR,1000000.0
ELUX-A.ST,ejected_below_floor,56960.397,2026-08-21|SEK,1000000.0
IMP.TO,ejected_below_floor,97780.72941,2026-08-21|CAD,1000000.0
ICO.ST,ejected_below_floor,6952.893652500001,2026-08-21|SEK,1000000.0
SEZI.ST,ejected_below_floor,65783.87083950001,2026-08-21|SEK,1000000.0
BACTI-B.ST,ejected_below_floor,4774.2550200000005,2026-08-21|SEK,1000000.0
CSBR,ejected_below_floor,44864.104499999994,2026-08-21|USD,1000000.0
CRI.PA,ejected_below_floor,129884.53485000001,2026-08-21|EUR,1000000.0
0J5I.L,ejected_below_floor,294161.27999999997,2026-08-21|USD,1000000.0
CDR.TO,ejected_below_floor,479775.00906720007,2026-08-21|CAD,1000000.0
0OQ0.L,ejected_below_floor,38361.55283760001,2026-08-21|EUR,1000000.0
BNG.TO,ejected_below_floor,811.766718,2026-08-21|CAD,1000000.0
STC.TO,ejected_below_floor,59934.802359600006,2026-08-21|CAD,1000000.0
W5.ST,ejected_below_floor,185377.6365,2026-08-21|SEK,1000000.0
AREIT.PA,ejected_below_floor,678.0969,2026-08-21|EUR,1000000.0
VAC.PA,ejected_below_floor,865152.9389924401,2026-08-21|EUR,1000000.0
010640.KS,ejected_below_floor,219437.06675875018,2026-08-21|KRW,1000000.0
FRX.TO,ejected_below_floor,8180.015583599999,2026-08-21|CAD,1000000.0
TITC.BR,ejected_below_floor,522624.00190800003,2026-08-21|EUR,1000000.0
BOMILL.ST,ejected_below_floor,3311.04624,2026-08-21|SEK,1000000.0
PFV.DE,ejected_below_floor,481229.72154,2026-08-21|EUR,1000000.0
SONE.ST,ejected_below_floor,713.6679599999999,2026-08-21|SEK,1000000.0
BGO.L,ejected_below_floor,125999.041266,2026-08-21|GBp,1000000.0
EVO,ejected_below_floor,103359.22,2026-08-21|USD,1000000.0
FIPP.PA,ejected_below_floor,1561.9678102200003,2026-08-21|EUR,1000000.0
GTY.DE,ejected_below_floor,439.37201699999997,2026-08-21|EUR,1000000.0
EAGR.TO,ejected_below_floor,4494.6249012,2026-08-21|CAD,1000000.0
ALPHI.PA,ejected_below_floor,4215.3285240000005,2026-08-21|EUR,1000000.0
002070.KS,ejected_below_floor,913705.87076352,2026-08-21|KRW,1000000.0
NEXAM.ST,ejected_below_floor,19471.869606,2026-08-21|SEK,1000000.0
SUR.DE,ejected_below_floor,12308.096262000003,2026-08-21|EUR,1000000.0
PXLW,ejected_below_floor,409469.76,2026-08-21|USD,1000000.0
CHG.DE,ejected_below_floor,858654.515004,2026-08-21|EUR,1000000.0
OTEC.OL,ejected_below_floor,94109.7927264,2026-08-21|NOK,1000000.0
GTE.TO,ejected_below_floor,737637.264819,2026-08-21|CAD,1000000.0
PCAT.ST,ejected_below_floor,2395.419075,2026-08-21|SEK,1000000.0
BORR.OL,ejected_below_floor,620981.8748224,2026-08-21|NOK,1000000.0
ALXIL.PA,ejected_below_floor,102317.51962800001,2026-08-21|EUR,1000000.0
MIDS.ST,ejected_below_floor,128241.61322279998,2026-08-21|SEK,1000000.0
IMMO.BR,ejected_below_floor,61149.735215999994,2026-08-21|EUR,1000000.0
ALM.ST,ejected_below_floor,6262.2604200000005,2026-08-21|SEK,1000000.0
GEOS,ejected_below_floor,796652.33,2026-08-21|USD,1000000.0
TEAM.L,ejected_below_floor,13007.497247399999,2026-08-21|GBp,1000000.0
PMTU,ejected_below_floor,36894.0,2026-08-21|USD,1000000.0
B7J1.DE,ejected_below_floor,1024.5870288,2026-08-21|EUR,1000000.0
EPIS-B.ST,ejected_below_floor,245426.47259148004,2026-08-21|SEK,1000000.0
SANION.ST,ejected_below_floor,466123.816794,2026-08-21|SEK,1000000.0
067990.KQ,ejected_below_floor,337083.881731688,2026-08-21|KRW,1000000.0
IVACC.ST,ejected_below_floor,38616.846265800006,2026-08-21|SEK,1000000.0
HIGHCO-B.ST,ejected_below_floor,1560.7712999999999,2026-08-21|SEK,1000000.0
003080.KS,ejected_below_floor,93272.301591465,2026-08-21|KRW,1000000.0
MORG.OL,ejected_below_floor,247912.78109,2026-08-21|NOK,1000000.0
004910.KS,ejected_below_floor,57897.420709422,2026-08-21|KRW,1000000.0
PSAN.DE,ejected_below_floor,33655.16624400001,2026-08-21|EUR,1000000.0
SCYX,ejected_below_floor,701632.5,2026-08-21|USD,1000000.0
FYB.DE,ejected_below_floor,129217.217952,2026-08-21|EUR,1000000.0
0W4N.L,ejected_below_floor,17498.655633600003,2026-08-21|EUR,1000000.0
SWG.L,ejected_below_floor,60060.4143282,2026-08-21|GBp,1000000.0
CORE-A.ST,ejected_below_floor,5696.270802,2026-08-21|SEK,1000000.0
CORE-D.ST,ejected_below_floor,246892.66874999998,2026-08-21|SEK,1000000.0
IBE1.DE,ejected_below_floor,364224.7853376,2026-08-21|EUR,1000000.0
0LEC.L,ejected_below_floor,59263.148400000005,2026-08-21|USD,1000000.0
NBG6.DE,ejected_below_floor,8548.657500000001,2026-08-21|EUR,1000000.0
0HSU.L,ejected_below_floor,2074.37,2026-08-21|USD,1000000.0
CLS-B.ST,ejected_below_floor,13465.010207999998,2026-08-21|SEK,1000000.0
BRNK.DE,ejected_below_floor,62745.7318992,2026-08-21|EUR,1000000.0
SOUC.L,ejected_below_floor,1968.8587874999998,2026-08-21|GBp,1000000.0
0R3I.L,ejected_below_floor,406561.2648615,2026-08-21|NOK,1000000.0
MAVEN.ST,ejected_below_floor,6398.4013589999995,2026-08-21|SEK,1000000.0
WAYS.ST,ejected_below_floor,19855.909079999998,2026-08-21|SEK,1000000.0
PERP-B.ST,ejected_below_floor,1100.177727,2026-08-21|SEK,1000000.0
SMSI,ejected_below_floor,482643.77999999997,2026-08-21|USD,1000000.0
SERT.ST,ejected_below_floor,11633.562252,2026-08-21|SEK,1000000.0
BLNE,ejected_below_floor,450185.16000000003,2026-08-21|USD,1000000.0
007160.KS,ejected_below_floor,241326.95920319998,2026-08-21|KRW,1000000.0
REAL.TO,ejected_below_floor,151828.48556819998,2026-08-21|CAD,1000000.0
HEGR.ST,ejected_below_floor,4465.3511784,2026-08-21|SEK,1000000.0
0KUR.L,ejected_below_floor,59639.14396800001,2026-08-21|EUR,1000000.0
ALIMR.PA,ejected_below_floor,417.75405600000005,2026-08-21|EUR,1000000.0
MLLCB.PA,ejected_below_floor,440.1950064,2026-08-21|EUR,1000000.0
BIOVIC-B.ST,ejected_below_floor,36070.533408,2026-08-21|SEK,1000000.0
026910.KQ,ejected_below_floor,780374.88807566,2026-08-21|KRW,1000000.0
CPINV.BR,ejected_below_floor,603816.426864,2026-08-21|EUR,1000000.0
CFF.TO,ejected_below_floor,4570.549515,2026-08-21|CAD,1000000.0
004870.KS,ejected_below_floor,963741.815011404,2026-08-21|KRW,1000000.0
UN9.DE,ejected_below_floor,29420.0859744,2026-08-21|EUR,1000000.0
V6C.DE,ejected_below_floor,26134.805020800002,2026-08-21|EUR,1000000.0
ALDNE.PA,ejected_below_floor,7293.93713388,2026-08-21|EUR,1000000.0
GPX.ST,ejected_below_floor,1702.53468,2026-08-21|SEK,1000000.0
PNE.TO,ejected_below_floor,90668.5363584,2026-08-21|CAD,1000000.0
GAPW-B.ST,ejected_below_floor,85767.96917999999,2026-08-21|SEK,1000000.0
SYN.L,ejected_below_floor,7769.298528264199,2026-08-21|GBp,1000000.0
EQS,ejected_below_floor,16833.300000000003,2026-08-21|USD,1000000.0
JFU,ejected_below_floor,387825.7,2026-08-21|USD,1000000.0
0RRB.L,ejected_below_floor,168269.73971742092,2026-08-21|CHF,1000000.0
MOBA.ST,ejected_below_floor,7468.4009123999995,2026-08-21|SEK,1000000.0
KDNC.L,ejected_below_floor,123078.4176072,2026-08-21|GBp,1000000.0
FREJA.ST,ejected_below_floor,86046.978,2026-08-21|SEK,1000000.0
SLBEN.LS,ejected_below_floor,10391.2728096,2026-08-21|EUR,1000000.0
AAA.PA,ejected_below_floor,1876.2071868000003,2026-08-21|EUR,1000000.0
NORDH.OL,ejected_below_floor,27342.748836,2026-08-21|NOK,1000000.0
UMIDA-B.ST,ejected_below_floor,4470.2771904,2026-08-21|SEK,1000000.0
IBAB.BR,ejected_below_floor,539401.8115584,2026-08-21|EUR,1000000.0
ONEF.ST,ejected_below_floor,8782.5006,2026-08-21|SEK,1000000.0
XTP.DE,ejected_below_floor,59310.29595,2026-08-21|EUR,1000000.0
IMMU.ST,ejected_below_floor,20637.392985,2026-08-21|SEK,1000000.0
MRX.DE,ejected_below_floor,8351.371872,2026-08-21|EUR,1000000.0
NILS.ST,ejected_below_floor,2349.1830600000003,2026-08-21|SEK,1000000.0
HBIO,ejected_below_floor,146159.2,2026-08-21|USD,1000000.0
115160.KQ,ejected_below_floor,71128.5874488,2026-08-21|KRW,1000000.0
ALAIR.PA,ejected_below_floor,75983.017968,2026-08-21|EUR,1000000.0
289220.KQ,ejected_below_floor,47436.646712304,2026-08-21|KRW,1000000.0
ACCON.ST,ejected_below_floor,878031.61656,2026-08-21|SEK,1000000.0
ACD.TO,ejected_below_floor,4874.8163435999995,2026-08-21|CAD,1000000.0
HHS,ejected_below_floor,368563.04000000004,2026-08-21|USD,1000000.0
LAMM-B.ST,ejected_below_floor,42060.89712,2026-08-21|SEK,1000000.0
QLIRO.ST,ejected_below_floor,82088.091435,2026-08-21|SEK,1000000.0
VERT-B.ST,ejected_below_floor,41530.570080000005,2026-08-21|SEK,1000000.0
0K3W.L,ejected_below_floor,765.51,2026-08-21|USD,1000000.0
NPK.TO,ejected_below_floor,35977.568570999996,2026-08-21|CAD,1000000.0
INCOAX.ST,ejected_below_floor,14756.2349616,2026-08-21|SEK,1000000.0
0HK4.L,ejected_below_floor,127624.43999999999,2026-08-21|USD,1000000.0
NANEXA.ST,ejected_below_floor,192742.423143,2026-08-21|SEK,1000000.0
FNAC.PA,ejected_below_floor,447665.895528,2026-08-21|EUR,1000000.0
ALESA.PA,ejected_below_floor,13459.481615400002,2026-08-21|EUR,1000000.0
TSQ,ejected_below_floor,413718.31,2026-08-21|USD,1000000.0
STVG.L,ejected_below_floor,148457.7614091,2026-08-21|GBp,1000000.0
ALAR,ejected_below_floor,393979.56,2026-08-21|USD,1000000.0
BINV.ST,ejected_below_floor,317434.3161,2026-08-21|SEK,1000000.0
RM.L,ejected_below_floor,300064.809982,2026-08-21|GBp,1000000.0
AGLX.OL,ejected_below_floor,59474.436518999995,2026-08-21|NOK,1000000.0
ALLIX.PA,ejected_below_floor,302193.5937,2026-08-21|EUR,1000000.0
ZEO,ejected_below_floor,308383.2,2026-08-21|USD,1000000.0
SOLV.BR,ejected_below_floor,106052.61645,2026-08-21|EUR,1000000.0
GJAJ.PA,ejected_below_floor,390.2708466,2026-08-21|EUR,1000000.0
AGROUP.ST,ejected_below_floor,40116.97536,2026-08-21|SEK,1000000.0
VPLAY-A.ST,ejected_below_floor,19.48752,2026-08-21|SEK,1000000.0
VTR.PA,ejected_below_floor,722.72379,2026-08-21|EUR,1000000.0
LEVEL.ST,ejected_below_floor,5378.290065,2026-08-21|SEK,1000000.0
PCOM-B.ST,ejected_below_floor,4592.658816,2026-08-21|SEK,1000000.0
CLIME-B.ST,ejected_below_floor,24543.488358,2026-08-21|SEK,1000000.0
5PG.OL,ejected_below_floor,33393.7322488,2026-08-21|NOK,1000000.0
0JX5.L,ejected_below_floor,48941.92,2026-08-21|USD,1000000.0
QTRH.TO,ejected_below_floor,602121.4699499999,2026-08-21|CAD,1000000.0
ABDX.L,ejected_below_floor,21900.6356316,2026-08-21|GBp,1000000.0
KTA.DE,ejected_below_floor,59365.123272,2026-08-21|EUR,1000000.0
002025.KS,ejected_below_floor,62009.212932755996,2026-08-21|KRW,1000000.0
FERRO.ST,ejected_below_floor,32843.632239000006,2026-08-21|SEK,1000000.0
IES.DE,ejected_below_floor,460978.66595274,2026-08-21|EUR,1000000.0
008250.KS,ejected_below_floor,53131.664585,2026-08-21|KRW,1000000.0
ALGRO.PA,ejected_below_floor,49766.053104,2026-08-21|EUR,1000000.0
ALDUB.PA,ejected_below_floor,1470.4386384,2026-08-21|EUR,1000000.0
065660.KQ,ejected_below_floor,459875.09493832797,2026-08-21|KRW,1000000.0
ENZY.ST,ejected_below_floor,14979.875489999999,2026-08-21|SEK,1000000.0
EAAS.L,ejected_below_floor,51149.646343199995,2026-08-21|GBp,1000000.0
DKL.L,ejected_below_floor,2181.3685953,2026-08-21|GBp,1000000.0
INTEG-B.ST,ejected_below_floor,38992.024956,2026-08-21|SEK,1000000.0
SCIB.ST,ejected_below_floor,12433.4958,2026-08-21|SEK,1000000.0
CDLX,ejected_below_floor,282325.1,2026-08-21|USD,1000000.0
338220.KQ,ejected_below_floor,285694.23917426,2026-08-21|KRW,1000000.0
FREEM.ST,ejected_below_floor,99235.63185599999,2026-08-21|SEK,1000000.0
133820.KS,ejected_below_floor,67673.853787523,2026-08-21|KRW,1000000.0
CLAV.ST,ejected_below_floor,433810.8719892,2026-08-21|SEK,1000000.0
ALCRB.PA,ejected_below_floor,269444.179452,2026-08-21|EUR,1000000.0
KOS.L,ejected_below_floor,11949.4571616,2026-08-21|GBp,1000000.0
ACARIX.ST,ejected_below_floor,24232.742571000002,2026-08-21|SEK,1000000.0
214680.KQ,ejected_below_floor,318929.127530496,2026-08-21|KRW,1000000.0
WUW.DE,ejected_below_floor,390681.6689988,2026-08-21|EUR,1000000.0
KEBNI-B.ST,ejected_below_floor,73178.932365,2026-08-21|SEK,1000000.0
VEL.L,ejected_below_floor,15186.804316799999,2026-08-21|GBp,1000000.0
0RL9.L,ejected_below_floor,2216.449551,2026-08-21|EUR,1000000.0
0UU0.L,ejected_below_floor,312990.46096500003,2026-08-21|CAD,1000000.0
ALBERT.ST,ejected_below_floor,4829.76114,2026-08-21|SEK,1000000.0
MEGL,ejected_below_floor,44445.96,2026-08-21|USD,1000000.0
BRT,ejected_below_floor,575513.12,2026-08-21|USD,1000000.0
ISHA.DE,ejected_below_floor,10971.0746376,2026-08-21|EUR,1000000.0
NOHAL.OL,ejected_below_floor,10200.010008000001,2026-08-21|NOK,1000000.0
VBIO,ejected_below_floor,834935.0562,2026-08-21|USD,1000000.0
ALKLA.PA,ejected_below_floor,27134.076432,2026-08-21|EUR,1000000.0
NETEL.ST,ejected_below_floor,29408.643497999998,2026-08-21|SEK,1000000.0
OMDA.OL,ejected_below_floor,33860.194272,2026-08-21|NOK,1000000.0
NOBI.ST,ejected_below_floor,606103.5865356,2026-08-21|SEK,1000000.0
EXPRS2.ST,ejected_below_floor,18160.224179999997,2026-08-21|SEK,1000000.0
CYVIZ.OL,ejected_below_floor,15900.268104000002,2026-08-21|NOK,1000000.0
VRCI.L,ejected_below_floor,4561.491644549999,2026-08-21|GBp,1000000.0
DEEZR.PA,ejected_below_floor,30142.1896245,2026-08-21|EUR,1000000.0
LQAG.DE,ejected_below_floor,27979.321320000003,2026-08-21|EUR,1000000.0
ALKKO.PA,ejected_below_floor,11768.64757482,2026-08-21|EUR,1000000.0
NYKD.OL,ejected_below_floor,507348.47281139996,2026-08-21|NOK,1000000.0
BUSER.ST,ejected_below_floor,8947.270079999998,2026-08-21|SEK,1000000.0
LLD.DE,ejected_below_floor,223246.89527355,2026-08-21|EUR,1000000.0
ALUNT.PA,ejected_below_floor,251.1392724,2026-08-21|EUR,1000000.0
CLBIO.ST,ejected_below_floor,13199.453189999998,2026-08-21|SEK,1000000.0
ALATA.PA,ejected_below_floor,29194.679610000003,2026-08-21|EUR,1000000.0
229000.KQ,ejected_below_floor,852400.8125615232,2026-08-21|KRW,1000000.0
ACOG,ejected_below_floor,812077.5,2026-08-21|USD,1000000.0
SPEC.ST,ejected_below_floor,13932.716101199998,2026-08-21|SEK,1000000.0
TI.TO,ejected_below_floor,239745.475935,2026-08-21|CAD,1000000.0
WBGR-B.ST,ejected_below_floor,56050.919021999995,2026-08-21|SEK,1000000.0
ALGTR.PA,ejected_below_floor,19399.830696,2026-08-21|EUR,1000000.0
MYSZ,ejected_below_floor,489409.83999999997,2026-08-21|USD,1000000.0
PYRUM.OL,ejected_below_floor,4741.032,2026-08-21|NOK,1000000.0
IPOK.DE,ejected_below_floor,6415.8399,2026-08-21|EUR,1000000.0
ATEB.BR,ejected_below_floor,27175.689558,2026-08-21|EUR,1000000.0
STG.L,ejected_below_floor,6862.342422,2026-08-21|GBp,1000000.0
051630.KS,ejected_below_floor,429396.51698435517,2026-08-21|KRW,1000000.0
YIELD.ST,ejected_below_floor,6762.6691200000005,2026-08-21|SEK,1000000.0
FRAG.ST,ejected_below_floor,2158.5135,2026-08-21|SEK,1000000.0
0R6H.L,ejected_below_floor,25469.458660800003,2026-08-21|EUR,1000000.0
AFISH.OL,ejected_below_floor,1910.08064,2026-08-21|NOK,1000000.0
NEPA.ST,ejected_below_floor,12797.40858,2026-08-21|SEK,1000000.0
ALDAR.PA,ejected_below_floor,1791.8333862,2026-08-21|EUR,1000000.0
ALINV.PA,ejected_below_floor,19836.246905999997,2026-08-21|EUR,1000000.0
CFISH.ST,ejected_below_floor,22483.674149999995,2026-08-21|SEK,1000000.0
DLPN,ejected_below_floor,22449.9,2026-08-21|USD,1000000.0
079980.KS,ejected_below_floor,217549.40555984998,2026-08-21|KRW,1000000.0
ALAFY.PA,ejected_below_floor,39023.02767,2026-08-21|EUR,1000000.0
ELEF.TO,ejected_below_floor,8746.2270063,2026-08-21|CAD,1000000.0
SOLT.ST,ejected_below_floor,171920.3454111,2026-08-21|SEK,1000000.0
APTA.ST,ejected_below_floor,1379.37705,2026-08-21|SEK,1000000.0
GBK.ST,ejected_below_floor,12373.804027199998,2026-08-21|SEK,1000000.0
XMR.ST,ejected_below_floor,23416.06961808,2026-08-21|SEK,1000000.0
QCORE.ST,ejected_below_floor,2524.3542119999997,2026-08-21|SEK,1000000.0
HAYD.L,ejected_below_floor,27886.292533835996,2026-08-21|GBp,1000000.0
BR.TO,ejected_below_floor,1005.8770259999999,2026-08-21|CAD,1000000.0
VASTB.BR,ejected_below_floor,282056.83974900004,2026-08-21|EUR,1000000.0
016450.KS,ejected_below_floor,66069.556870977,2026-08-21|KRW,1000000.0
S30.PA,ejected_below_floor,302607.1400778,2026-08-21|EUR,1000000.0
HSPG.OL,ejected_below_floor,3248.2476,2026-08-21|NOK,1000000.0
084680.KS,ejected_below_floor,186146.56085082958,2026-08-21|KRW,1000000.0
WISE.ST,ejected_below_floor,5205.910875,2026-08-21|SEK,1000000.0
ARTE.PA,ejected_below_floor,401.64201,2026-08-21|EUR,1000000.0
ALSEN.PA,ejected_below_floor,437386.5550725001,2026-08-21|EUR,1000000.0
DDRIL.OL,ejected_below_floor,148812.051655,2026-08-21|NOK,1000000.0
BZAIW,ejected_below_floor,7183.93,2026-08-21|USD,1000000.0
SMWN.DE,ejected_below_floor,329.38122240000007,2026-08-21|EUR,1000000.0
DLHC,ejected_below_floor,243523.74000000002,2026-08-21|USD,1000000.0
GRA.TO,ejected_below_floor,179364.0256128,2026-08-21|CAD,1000000.0
CJR-B.TO,ejected_below_floor,4197.2361102,2026-08-21|CAD,1000000.0
ENVI.AS,ejected_below_floor,305094.72986190004,2026-08-21|EUR,1000000.0
TIG.L,ejected_below_floor,202487.948442,2026-08-21|GBp,1000000.0
SKIS-B.ST,ejected_below_floor,774492.83007,2026-08-21|SEK,1000000.0
PRO.ST,ejected_below_floor,7788.3820350000005,2026-08-21|SEK,1000000.0
IMP-A-SDB.ST,ejected_below_floor,174732.0582,2026-08-21|SEK,1000000.0
SYZ.DE,ejected_below_floor,6273.84525,2026-08-21|EUR,1000000.0
DEF.DE,ejected_below_floor,39578.371644,2026-08-21|EUR,1000000.0
NOSA.ST,ejected_below_floor,11069.5843665,2026-08-21|SEK,1000000.0
PHR.LS,ejected_below_floor,173056.81461604201,2026-08-21|EUR,1000000.0
IMMP,ejected_below_floor,169347.7071,2026-08-21|USD,1000000.0
BRILL.ST,ejected_below_floor,523.652148,2026-08-21|SEK,1000000.0
ALVAL.PA,ejected_below_floor,134117.65617300002,2026-08-21|EUR,1000000.0
002820.KS,ejected_below_floor,45962.7144751616,2026-08-21|KRW,1000000.0
AIX.OL,ejected_below_floor,2787.27834,2026-08-21|NOK,1000000.0
JSE.L,ejected_below_floor,512647.13204015995,2026-08-21|GBp,1000000.0
NC5A.DE,ejected_below_floor,856.9336557600002,2026-08-21|EUR,1000000.0
RROS.ST,ejected_below_floor,75899.501544,2026-08-21|SEK,1000000.0
LAT.PA,ejected_below_floor,22207.24227492,2026-08-21|EUR,1000000.0
BFRI,ejected_below_floor,534737.32,2026-08-21|USD,1000000.0
HDLY.OL,ejected_below_floor,23220.250664,2026-08-21|NOK,1000000.0
MAGLE.ST,ejected_below_floor,1706.68827,2026-08-21|SEK,1000000.0
ALNOV.PA,ejected_below_floor,248036.76695988,2026-08-21|EUR,1000000.0
LGVN,ejected_below_floor,285532.2652,2026-08-21|USD,1000000.0
AURR.L,ejected_below_floor,70306.969854,2026-08-21|GBp,1000000.0
AIDX.TO,ejected_below_floor,172343.3190948,2026-08-21|CAD,1000000.0
IRIS.ST,ejected_below_floor,8006.2513635,2026-08-21|SEK,1000000.0
IS7.DE,ejected_below_floor,996.5590236,2026-08-21|EUR,1000000.0
TSEC.ST,ejected_below_floor,15644.148,2026-08-21|SEK,1000000.0
IES.L,ejected_below_floor,823413.9031752,2026-08-21|GBp,1000000.0
ALVGO.PA,ejected_below_floor,355.90234560000005,2026-08-21|EUR,1000000.0
FVL.TO,ejected_below_floor,615174.488838,2026-08-21|CAD,1000000.0
GFG.DE,ejected_below_floor,51049.74501528001,2026-08-21|EUR,1000000.0
WPRT.TO,ejected_below_floor,20510.00595,2026-08-21|CAD,1000000.0
GREAT.ST,ejected_below_floor,13857.177810000001,2026-08-21|SEK,1000000.0
ONWD.BR,ejected_below_floor,306783.7996914,2026-08-21|EUR,1000000.0
ACHR-WT,ejected_below_floor,3964.695,2026-08-21|USD,1000000.0
006840.KS,ejected_below_floor,100288.05763899999,2026-08-21|KRW,1000000.0
ACIU,ejected_below_floor,742342.0,2026-08-21|USD,1000000.0
VEZ.DE,ejected_below_floor,15476.414193900002,2026-08-21|EUR,1000000.0
0UNL.L,ejected_below_floor,137390.5,2026-08-21|USD,1000000.0
AERO.ST,ejected_below_floor,7621.2165894,2026-08-21|SEK,1000000.0
0N6K.L,ejected_below_floor,36932.2404864,2026-08-21|EUR,1000000.0
BANQ.BR,ejected_below_floor,33526.153962000004,2026-08-21|EUR,1000000.0
ALGID.PA,ejected_below_floor,72279.32456688001,2026-08-21|EUR,1000000.0
PCZ.DE,ejected_below_floor,376995.72620160005,2026-08-21|EUR,1000000.0
ZEN.L,ejected_below_floor,44878.965239599995,2026-08-21|GBp,1000000.0
DIST.ST,ejected_below_floor,3980.2322699999995,2026-08-21|SEK,1000000.0
ELB.DE,ejected_below_floor,2868.523758,2026-08-21|EUR,1000000.0
INSP.ST,ejected_below_floor,7531.480307399999,2026-08-21|SEK,1000000.0
PRD.L,ejected_below_floor,195571.77480575998,2026-08-21|GBp,1000000.0
SES.ST,ejected_below_floor,94003.7603148,2026-08-21|SEK,1000000.0
NRDY,ejected_below_floor,493722.24000000005,2026-08-21|USD,1000000.0
SFL.ST,ejected_below_floor,4566.9919199999995,2026-08-21|SEK,1000000.0
0QNV.L,kept_no_reading,,not-captured,1000000.0
ART.L,ejected_below_floor,4492.0547808,2026-08-21|GBp,1000000.0
0I0X.L,ejected_below_floor,34407.67,2026-08-21|USD,1000000.0
ALHGR.PA,ejected_below_floor,63082.74605850001,2026-08-21|EUR,1000000.0
MGIH,ejected_below_floor,530564.0,2026-08-21|USD,1000000.0
ENVIP.OL,ejected_below_floor,890132.92242,2026-08-21|NOK,1000000.0
MTI.ST,ejected_below_floor,141.64678800000002,2026-08-21|SEK,1000000.0
QRHC,ejected_below_floor,54743.25,2026-08-21|USD,1000000.0
VLTSA.PA,ejected_below_floor,834309.7003368001,2026-08-21|EUR,1000000.0
ALBIO.PA,ejected_below_floor,19391.38752024,2026-08-21|EUR,1000000.0
EQVA.OL,ejected_below_floor,15572.341385,2026-08-21|NOK,1000000.0
NCYT.L,ejected_below_floor,73642.8708106,2026-08-21|GBp,1000000.0
BALCO.ST,ejected_below_floor,28656.648,2026-08-21|SEK,1000000.0
SOLID.IC,ejected_below_floor,16.942020479999996,2026-08-21|ISK,1000000.0
0IV3.L,ejected_below_floor,19097.46,2026-08-21|USD,1000000.0
AXIC-A.ST,ejected_below_floor,17005.220106,2026-08-21|SEK,1000000.0
WM.TO,ejected_below_floor,47192.69091600001,2026-08-21|CAD,1000000.0
EOS.PA,ejected_below_floor,1189.219683,2026-08-21|EUR,1000000.0
PCELL.ST,ejected_below_floor,508025.490882,2026-08-21|SEK,1000000.0
UUU.DE,ejected_below_floor,9403.001637,2026-08-21|EUR,1000000.0
LIFE.OL,ejected_below_floor,108290.20619767999,2026-08-21|NOK,1000000.0
AAPG,ejected_below_floor,192372.0,2026-08-21|USD,1000000.0
HGEA.DE,ejected_below_floor,2177.4444900000003,2026-08-21|EUR,1000000.0
ALGAE.PA,ejected_below_floor,67828.53182070001,2026-08-21|EUR,1000000.0
000040.KS,ejected_below_floor,61815.718620773994,2026-08-21|KRW,1000000.0
TISI,ejected_below_floor,320556.48,2026-08-21|USD,1000000.0
VOW.OL,ejected_below_floor,248131.2524361,2026-08-21|NOK,1000000.0
DND.TO,ejected_below_floor,165549.3719796,2026-08-21|CAD,1000000.0
CI.ST,ejected_below_floor,19621.945037880003,2026-08-21|SEK,1000000.0
082210.KQ,ejected_below_floor,304968.7251574152,2026-08-21|KRW,1000000.0
KPRX,ejected_below_floor,62629.700000000004,2026-08-21|USD,1000000.0
ONCIN.OL,ejected_below_floor,59425.718144000006,2026-08-21|NOK,1000000.0
053030.KQ,ejected_below_floor,819601.061835718,2026-08-21|KRW,1000000.0
FPG.PA,ejected_below_floor,706.0344922800001,2026-08-21|EUR,1000000.0
ALIMP.PA,ejected_below_floor,17837.18942544,2026-08-21|EUR,1000000.0
ALZ.ST,ejected_below_floor,453425.46966989996,2026-08-21|SEK,1000000.0
SALT-B.ST,ejected_below_floor,330760.473564,2026-08-21|SEK,1000000.0
ICU,ejected_below_floor,308474.7,2026-08-21|USD,1000000.0
ASA.OL,ejected_below_floor,12333.057966,2026-08-21|NOK,1000000.0
DGR.DE,ejected_below_floor,6390.454734000001,2026-08-21|EUR,1000000.0
STW.ST,ejected_below_floor,44887.2954,2026-08-21|SEK,1000000.0
ALSGD.PA,ejected_below_floor,56361.944538480006,2026-08-21|EUR,1000000.0
GIGA.OL,ejected_below_floor,25005.144567599997,2026-08-21|NOK,1000000.0
TRLS.L,kept_no_reading,,not-captured,1000000.0
FLEXQ.ST,ejected_below_floor,123153.0066,2026-08-21|SEK,1000000.0
TTO.DE,ejected_below_floor,96.57954480000001,2026-08-21|EUR,1000000.0
PTM.TO,ejected_below_floor,156869.63386919998,2026-08-21|CAD,1000000.0
ALINT.PA,ejected_below_floor,7101.0307368,2026-08-21|EUR,1000000.0
CO.PA,ejected_below_floor,112707.1348674,2026-08-21|EUR,1000000.0
CHF.L,ejected_below_floor,1468.01767104,2026-08-21|GBp,1000000.0
071670.KQ,ejected_below_floor,479788.915384246,2026-08-21|KRW,1000000.0
0QW7.L,ejected_below_floor,76885.7562,2026-08-21|EUR,1000000.0
ZTEK,ejected_below_floor,110290.50899999999,2026-08-21|USD,1000000.0
ALKLK.PA,ejected_below_floor,99482.9644677,2026-08-21|EUR,1000000.0
BRIGHT.ST,ejected_below_floor,2078.9754786,2026-08-21|SEK,1000000.0
BNN.DE,ejected_below_floor,8729.831082,2026-08-21|EUR,1000000.0
CRIN.DE,ejected_below_floor,910870.0627560001,2026-08-21|EUR,1000000.0
024890.KS,ejected_below_floor,135128.3037310872,2026-08-21|KRW,1000000.0
ALDBT.PA,ejected_below_floor,320518.6234224,2026-08-21|EUR,1000000.0
BLEE.PA,ejected_below_floor,868.19586,2026-08-21|EUR,1000000.0
VOTR.DE,ejected_below_floor,23758.040612100005,2026-08-21|EUR,1000000.0
NICA.ST,ejected_below_floor,61718.7355464,2026-08-21|SEK,1000000.0
PRS.OL,ejected_below_floor,989489.5287689999,2026-08-21|NOK,1000000.0
LHYFE.PA,ejected_below_floor,118437.44778,2026-08-21|EUR,1000000.0
MBK.DE,ejected_below_floor,9333.163451999999,2026-08-21|EUR,1000000.0
002210.KS,ejected_below_floor,214578.237163797,2026-08-21|KRW,1000000.0
GIL.DE,ejected_below_floor,158071.689972,2026-08-21|EUR,1000000.0
LARK.ST,ejected_below_floor,5602.945152000001,2026-08-21|SEK,1000000.0
0P07.L,ejected_below_floor,16192.16676,2026-08-21|CAD,1000000.0
0J4V.L,ejected_below_floor,3888.6796000000004,2026-08-21|USD,1000000.0
AVL.TO,ejected_below_floor,80949.898008,2026-08-21|CAD,1000000.0
LEXX,ejected_below_floor,169280.735,2026-08-21|USD,1000000.0
LXB.ST,ejected_below_floor,1215.0103328999999,2026-08-21|SEK,1000000.0
0DO7.L,ejected_below_floor,381.00004488,2026-08-21|EUR,1000000.0
AVT.PA,ejected_below_floor,29986.390080756002,2026-08-21|EUR,1000000.0
URE.TO,ejected_below_floor,509745.36003299995,2026-08-21|CAD,1000000.0
OPTI.ST,ejected_below_floor,88814.03355450001,2026-08-21|SEK,1000000.0
ERD.TO,ejected_below_floor,343782.4928076,2026-08-21|CAD,1000000.0
ALCLS.PA,ejected_below_floor,642907.554009,2026-08-21|EUR,1000000.0
SYV.DE,ejected_below_floor,42249.55123743,2026-08-21|EUR,1000000.0
QLINEA.ST,ejected_below_floor,15879.783555000002,2026-08-21|SEK,1000000.0
BINERO.ST,ejected_below_floor,2336.197626,2026-08-21|SEK,1000000.0
EGLX.TO,ejected_below_floor,1734.6576303,2026-08-21|CAD,1000000.0
089590.KS,ejected_below_floor,961403.368734524,2026-08-21|KRW,1000000.0
AMI.DE,ejected_below_floor,9934.77160125,2026-08-21|EUR,1000000.0
BIM.ST,ejected_below_floor,78260.393772,2026-08-21|SEK,1000000.0
AIFA,ejected_below_floor,829306.7999999999,2026-08-21|USD,1000000.0
CMCOM.AS,ejected_below_floor,192448.03834980002,2026-08-21|EUR,1000000.0
ALROC.PA,ejected_below_floor,245605.86259920005,2026-08-21|EUR,1000000.0
BEPI,ejected_below_floor,411970.74000000005,2026-08-21|USD,1000000.0
IMMNOV.ST,ejected_below_floor,44682.00599436,2026-08-21|SEK,1000000.0
WAGA.PA,ejected_below_floor,18284.390274,2026-08-21|EUR,1000000.0
NXTCL.ST,ejected_below_floor,38800.83906,2026-08-21|SEK,1000000.0
GOLD.TO,ejected_below_floor,478063.40653260006,2026-08-21|CAD,1000000.0
PRN.TO,ejected_below_floor,87230.1219048,2026-08-21|CAD,1000000.0
PROF,ejected_below_floor,625562.7,2026-08-21|USD,1000000.0
NXFIL.AS,ejected_below_floor,201242.6074008,2026-08-21|EUR,1000000.0
ABXX.TO,kept_no_reading,,not-captured,1000000.0
FLT.TO,ejected_below_floor,524026.96479,2026-08-21|CAD,1000000.0
PPBT,ejected_below_floor,358159.39,2026-08-21|USD,1000000.0
0KDU.L,ejected_below_floor,9025.26,2026-08-21|USD,1000000.0
TMQ.TO,ejected_below_floor,954404.7351930001,2026-08-21|CAD,1000000.0
0QYH.L,ejected_below_floor,25567.2,2026-08-21|USD,1000000.0
MOMENT.ST,ejected_below_floor,4292.4594,2026-08-21|SEK,1000000.0
CORO.L,ejected_below_floor,5587.8251912,2026-08-21|GBp,1000000.0
AXOLOT.ST,ejected_below_floor,10557.619004999999,2026-08-21|SEK,1000000.0
BOHO.ST,ejected_below_floor,6799.670424,2026-08-21|SEK,1000000.0
WAVE,ejected_below_floor,482881.0,2026-08-21|USD,1000000.0
EMH.DE,ejected_below_floor,21790.0701072,2026-08-21|EUR,1000000.0
EGTX.ST,ejected_below_floor,529836.533292,2026-08-21|SEK,1000000.0
SINT,ejected_below_floor,182016.5,2026-08-21|USD,1000000.0
CNSP,ejected_below_floor,167804.89,2026-08-21|USD,1000000.0
MAK.DE,ejected_below_floor,996.0895719000001,2026-08-21|EUR,1000000.0
NVO.TO,ejected_below_floor,12564.7141914,2026-08-21|CAD,1000000.0
CLLS,ejected_below_floor,102813.97499999999,2026-08-21|USD,1000000.0
MANTEX.ST,ejected_below_floor,1430.2340639999998,2026-08-21|SEK,1000000.0
HDP.PA,ejected_below_floor,1432.69704,2026-08-21|EUR,1000000.0
AAQ1.DE,ejected_below_floor,1665.2668896,2026-08-21|EUR,1000000.0
0OB3.L,ejected_below_floor,209984.7129524106,2026-08-21|EUR,1000000.0
BRE.TO,ejected_below_floor,164053.9455912,2026-08-21|CAD,1000000.0
H2O.DE,ejected_below_floor,23298.679225800002,2026-08-21|EUR,1000000.0
CRDL.TO,ejected_below_floor,194355.9892008,2026-08-21|CAD,1000000.0
HPUR.OL,ejected_below_floor,22594.028675999998,2026-08-21|NOK,1000000.0
069640.KS,ejected_below_floor,43282.599487438994,2026-08-21|KRW,1000000.0
PPR.TO,ejected_below_floor,584.885007,2026-08-21|CAD,1000000.0
CIRCHE.ST,ejected_below_floor,3479.0900814,2026-08-21|SEK,1000000.0
COBH.BR,ejected_below_floor,10664.088,2026-08-21|EUR,1000000.0
TSK.TO,ejected_below_floor,455381.1709776,2026-08-21|CAD,1000000.0
ADXN,ejected_below_floor,31645.640000000003,2026-08-21|USD,1000000.0
EMGS.OL,ejected_below_floor,41192.9114148,2026-08-21|NOK,1000000.0
0G8X.L,ejected_below_floor,369.27726120000005,2026-08-21|SEK,1000000.0
ZAPLOX.ST,ejected_below_floor,1757.1070229999998,2026-08-21|SEK,1000000.0
0NFG.L,ejected_below_floor,67.98356100000001,2026-08-21|EUR,1000000.0
MGA.TO,ejected_below_floor,264053.295387,2026-08-21|CAD,1000000.0
FASTAT.ST,ejected_below_floor,38408.35806495,2026-08-21|SEK,1000000.0
LCLEAN.ST,ejected_below_floor,2699.7235704,2026-08-21|SEK,1000000.0
VALN,ejected_below_floor,548183.52,2026-08-21|USD,1000000.0
VVY.AS,ejected_below_floor,82578.00875070001,2026-08-21|EUR,1000000.0
ALMAR.PA,ejected_below_floor,4766.395271400001,2026-08-21|EUR,1000000.0
VHC,ejected_below_floor,285705.0,2026-08-21|USD,1000000.0
ALHRS.PA,ejected_below_floor,32158.067385600003,2026-08-21|EUR,1000000.0
0R3M.L,ejected_below_floor,3910.289241600001,2026-08-21|EUR,1000000.0
CWEB.TO,ejected_below_floor,36285.2024724,2026-08-21|CAD,1000000.0
STLR.TO,ejected_below_floor,260472.71563739996,2026-08-21|CAD,1000000.0
GCOR.ST,ejected_below_floor,10111.1526348,2026-08-21|SEK,1000000.0
ANRG.TO,ejected_below_floor,266352.833439,2026-08-21|CAD,1000000.0
ALTHE.PA,ejected_below_floor,115666.13297982,2026-08-21|EUR,1000000.0
009410.KS,ejected_below_floor,409259.4992859096,2026-08-21|KRW,1000000.0
009415.KS,ejected_below_floor,53896.005936639995,2026-08-21|KRW,1000000.0
SNYR,ejected_below_floor,591304.0682,2026-08-21|USD,1000000.0
KSC.DE,ejected_below_floor,6759.855264900001,2026-08-21|EUR,1000000.0
OSE.PA,ejected_below_floor,698053.91306604,2026-08-21|EUR,1000000.0
CAPS,ejected_below_floor,101649.87,2026-08-21|USD,1000000.0
LGO.TO,ejected_below_floor,118902.13246800001,2026-08-21|CAD,1000000.0
AELIS.PA,ejected_below_floor,25233.573670800004,2026-08-21|EUR,1000000.0
ALECO.PA,ejected_below_floor,4550.9691024,2026-08-21|EUR,1000000.0
0RD8.L,ejected_below_floor,37635.6819825,2026-08-21|EUR,1000000.0
KRN.TO,ejected_below_floor,3584.2849686,2026-08-21|CAD,1000000.0
BCO.DE,ejected_below_floor,763615.5831780002,2026-08-21|EUR,1000000.0
ORX.ST,ejected_below_floor,55781.09598599999,2026-08-21|SEK,1000000.0
EST.L,ejected_below_floor,90124.3167777,2026-08-21|GBp,1000000.0
HDF.PA,ejected_below_floor,25288.5053154,2026-08-21|EUR,1000000.0
MAXENT-B.ST,ejected_below_floor,3322.1724480000003,2026-08-21|SEK,1000000.0
SYZ.TO,ejected_below_floor,71095.04429579999,2026-08-21|CAD,1000000.0
GOMX.ST,ejected_below_floor,627307.8367079999,2026-08-21|SEK,1000000.0
ARA.TO,ejected_below_floor,304541.8925472,2026-08-21|CAD,1000000.0
323990.KQ,ejected_below_floor,473950.33861994,2026-08-21|KRW,1000000.0
0UYN.L,ejected_below_floor,14087.775038400001,2026-08-21|CAD,1000000.0
TCRT,ejected_below_floor,27248.32,2026-08-21|USD,1000000.0
ELIC.ST,ejected_below_floor,147944.528823,2026-08-21|SEK,1000000.0
KPT.TO,ejected_below_floor,157043.7288,2026-08-21|CAD,1000000.0
001530.KS,ejected_below_floor,791185.15922376,2026-08-21|KRW,1000000.0
006740.KS,ejected_below_floor,59840.1407521648,2026-08-21|KRW,1000000.0
083790.KQ,ejected_below_floor,128228.81913903999,2026-08-21|KRW,1000000.0
PYC.L,ejected_below_floor,25638.235708284,2026-08-21|GBp,1000000.0
GASX.TO,ejected_below_floor,190721.363616,2026-08-21|CAD,1000000.0
0RNP.L,ejected_below_floor,31457.575900800002,2026-08-21|EUR,1000000.0
ALLGO.PA,ejected_below_floor,4808.11272,2026-08-21|EUR,1000000.0
ARCT.ST,ejected_below_floor,20510.317074,2026-08-21|SEK,1000000.0
BSX.TO,ejected_below_floor,554212.3263768001,2026-08-21|CAD,1000000.0
VICO.ST,ejected_below_floor,791182.7979,2026-08-21|SEK,1000000.0
SFD.TO,ejected_below_floor,2308.6895832,2026-08-21|CAD,1000000.0
AVCN.TO,ejected_below_floor,15412.0275036,2026-08-21|CAD,1000000.0
ACOU.ST,ejected_below_floor,7830.816317999999,2026-08-21|SEK,1000000.0
MTRK.AS,ejected_below_floor,6219.423627,2026-08-21|EUR,1000000.0
067630.KQ,ejected_below_floor,940241.910141744,2026-08-21|KRW,1000000.0
BYL.TO,ejected_below_floor,25146.260149499998,2026-08-21|CAD,1000000.0
095700.KQ,ejected_below_floor,514576.652371915,2026-08-21|KRW,1000000.0
APLI.TO,ejected_below_floor,444.59390429999996,2026-08-21|CAD,1000000.0
CCM.TO,ejected_below_floor,11058.5894328,2026-08-21|CAD,1000000.0
PNE3.DE,ejected_below_floor,598823.199486,2026-08-21|EUR,1000000.0
EARN.L,ejected_below_floor,10438.646410399999,2026-08-21|GBp,1000000.0
CRIS,ejected_below_floor,427826.08,2026-08-21|USD,1000000.0
ACRM.L,ejected_below_floor,6227.69541125,2026-08-21|GBp,1000000.0
FCP.LS,ejected_below_floor,1305.7016616,2026-08-21|EUR,1000000.0
004540.KS,ejected_below_floor,311211.2106861626,2026-08-21|KRW,1000000.0
004545.KS,ejected_below_floor,13775.7762783,2026-08-21|KRW,1000000.0
OXE.ST,ejected_below_floor,20906.5232355,2026-08-21|SEK,1000000.0
LYTIX.OL,ejected_below_floor,30811.10205,2026-08-21|NOK,1000000.0
FURY.TO,ejected_below_floor,62539.074889200005,2026-08-21|CAD,1000000.0
ALCJ.PA,ejected_below_floor,400974.88783752,2026-08-21|EUR,1000000.0
SPEONE.ST,ejected_below_floor,7088.239788000001,2026-08-21|SEK,1000000.0
ALCBI.PA,ejected_below_floor,104651.55037006199,2026-08-21|EUR,1000000.0
BRFH,ejected_below_floor,19716.0,2026-08-21|USD,1000000.0
BTTC,ejected_below_floor,740027.527,2026-08-21|USD,1000000.0
ALAGP.PA,ejected_below_floor,12789.71429544,2026-08-21|EUR,1000000.0
CTXR,ejected_below_floor,329156.28219999996,2026-08-21|USD,1000000.0
PGN.DE,ejected_below_floor,733.909491,2026-08-21|EUR,1000000.0
APRE,ejected_below_floor,51549.2724,2026-08-21|USD,1000000.0
290670.KQ,ejected_below_floor,117145.54302268999,2026-08-21|KRW,1000000.0
HPHA.DE,ejected_below_floor,8269.30476,2026-08-21|EUR,1000000.0
GP,ejected_below_floor,408496.12,2026-08-21|USD,1000000.0
SPRINT.ST,ejected_below_floor,122498.846364,2026-08-21|SEK,1000000.0
AHG,ejected_below_floor,12546.3015,2026-08-21|USD,1000000.0
ANDF.OL,ejected_below_floor,45962.084216,2026-08-21|NOK,1000000.0
SLVR.TO,ejected_below_floor,624260.5203996,2026-08-21|CAD,1000000.0
GNLX,ejected_below_floor,611480.4800000001,2026-08-21|USD,1000000.0
ZLNA.OL,ejected_below_floor,182132.76667200003,2026-08-21|NOK,1000000.0
MAAT.PA,ejected_below_floor,236805.32397720002,2026-08-21|EUR,1000000.0
FRAM-B.ST,ejected_below_floor,1087.5118799999998,2026-08-21|SEK,1000000.0
TCF.L,ejected_below_floor,6562.618626991999,2026-08-21|GBp,1000000.0
ELO.TO,ejected_below_floor,198163.45785600002,2026-08-21|CAD,1000000.0
TOURN.ST,ejected_below_floor,12072.339587999999,2026-08-21|SEK,1000000.0
ISPC,ejected_below_floor,414957.52999999997,2026-08-21|USD,1000000.0
AZRN.AS,ejected_below_floor,50458.407426000005,2026-08-21|EUR,1000000.0
FNGR,ejected_below_floor,435023.15640000004,2026-08-21|USD,1000000.0
ALUCI.PA,ejected_below_floor,467.0870544,2026-08-21|EUR,1000000.0
EPRX.TO,ejected_below_floor,446569.25367600005,2026-08-21|CAD,1000000.0
LCFY,ejected_below_floor,32213.949999999997,2026-08-21|USD,1000000.0
006570.KS,ejected_below_floor,168848.2658637206,2026-08-21|KRW,1000000.0
AEX.L,ejected_below_floor,102870.71110679998,2026-08-21|GBp,1000000.0
AGMR.TO,ejected_below_floor,364426.3183176,2026-08-21|CAD,1000000.0
NOL.OL,ejected_below_floor,891200.8206576001,2026-08-21|NOK,1000000.0
MOLN,ejected_below_floor,21247.1171,2026-08-21|USD,1000000.0
0VNO.L,ejected_below_floor,13997.490000000002,2026-08-21|USD,1000000.0
DOXA.ST,ejected_below_floor,26566.589827199998,2026-08-21|SEK,1000000.0
NIO.ST,ejected_below_floor,14166.644208,2026-08-21|SEK,1000000.0
DMYD-B.ST,ejected_below_floor,64411.460890199996,2026-08-21|SEK,1000000.0
A1G.DE,ejected_below_floor,216312.0765192,2026-08-21|EUR,1000000.0
NEXT.OL,ejected_below_floor,30348.1317328,2026-08-21|NOK,1000000.0
CODE.OL,ejected_below_floor,7020.432626,2026-08-21|NOK,1000000.0
0QXX.L,ejected_below_floor,27901.513840199998,2026-08-21|CHF,1000000.0
XSPRAY.ST,ejected_below_floor,195611.83658400003,2026-08-21|SEK,1000000.0
UFO.L,ejected_below_floor,40923.576088559996,2026-08-21|GBp,1000000.0
KLAR.ST,ejected_below_floor,96735.0355542,2026-08-21|SEK,1000000.0
EKOP.BR,ejected_below_floor,21524.186574000003,2026-08-21|EUR,1000000.0
ACE.ST,ejected_below_floor,142934.019894,2026-08-21|SEK,1000000.0
0HX7.L,ejected_below_floor,59546.35,2026-08-21|USD,1000000.0
0HE6.L,ejected_below_floor,763542.1,2026-08-21|USD,1000000.0
0URY.L,ejected_below_floor,208514.94041699998,2026-08-21|CAD,1000000.0
0KCC.L,ejected_below_floor,1637.7791599999998,2026-08-21|USD,1000000.0
SJJ.DE,ejected_below_floor,114998.627142,2026-08-21|EUR,1000000.0
AQMS,ejected_below_floor,249702.22,2026-08-21|USD,1000000.0
CANTA.ST,ejected_below_floor,232724.29606560004,2026-08-21|SEK,1000000.0
ACET,ejected_below_floor,832448.58,2026-08-21|USD,1000000.0
REALFI.ST,ejected_below_floor,1856.1498450000001,2026-08-21|SEK,1000000.0
CMMB,ejected_below_floor,287089.92000000004,2026-08-21|USD,1000000.0
SLR.TO,ejected_below_floor,8457.9142032,2026-08-21|CAD,1000000.0
0QN1.L,ejected_below_floor,26464.410238870798,2026-08-21|CHF,1000000.0
LAM.TO,ejected_below_floor,134713.309185,2026-08-21|CAD,1000000.0
NDLS,ejected_below_floor,785798.46,2026-08-21|USD,1000000.0
SVB.TO,ejected_below_floor,24950.333205,2026-08-21|CAD,1000000.0
ALENT.PA,ejected_below_floor,16102.854019800003,2026-08-21|EUR,1000000.0
CHARGE.ST,ejected_below_floor,18677.955120000002,2026-08-21|SEK,1000000.0
GRC.TO,ejected_below_floor,1010.2657320000001,2026-08-21|CAD,1000000.0
VGZ.TO,ejected_below_floor,138096.8360352,2026-08-21|CAD,1000000.0
M3V.DE,ejected_below_floor,965.56362,2026-08-21|EUR,1000000.0
USEA,ejected_below_floor,171106.495,2026-08-21|USD,1000000.0
0Q77.L,ejected_below_floor,4388.49128946,2026-08-21|EUR,1000000.0
0HH6.L,ejected_below_floor,5617.1255,2026-08-21|USD,1000000.0
OBD.L,ejected_below_floor,40136.284425,2026-08-21|GBp,1000000.0
ALMAS.PA,ejected_below_floor,12050.28266148,2026-08-21|EUR,1000000.0
DIVIO-B.ST,ejected_below_floor,5894.6115951,2026-08-21|SEK,1000000.0
BBLG,ejected_below_floor,208714.3386,2026-08-21|USD,1000000.0
ELR.TO,ejected_below_floor,45657.507168000004,2026-08-21|CAD,1000000.0
VANTI.PA,ejected_below_floor,7717.598862804,2026-08-21|EUR,1000000.0
TRZ.TO,ejected_below_floor,94538.6843688,2026-08-21|CAD,1000000.0
CLEMO.ST,ejected_below_floor,9332.162778419999,2026-08-21|SEK,1000000.0
FOOD.TO,ejected_below_floor,8724.6468036,2026-08-21|CAD,1000000.0
BUY.ST,ejected_below_floor,13749.194880000001,2026-08-21|SEK,1000000.0
HYL.BR,ejected_below_floor,15111.128610000002,2026-08-21|EUR,1000000.0
0MTP.L,ejected_below_floor,49498.4755104,2026-08-21|NOK,1000000.0
SRES.L,ejected_below_floor,9502.354018776,2026-08-21|GBp,1000000.0
KEN.L,ejected_below_floor,268390.53151202,2026-08-21|GBp,1000000.0
DII-B.TO,ejected_below_floor,27758.493504000002,2026-08-21|CAD,1000000.0
NORSE.OL,ejected_below_floor,282737.65263039,2026-08-21|NOK,1000000.0
NICO.ST,ejected_below_floor,394.58011949999997,2026-08-21|SEK,1000000.0
ITH.TO,ejected_below_floor,164176.850943,2026-08-21|CAD,1000000.0
CGNR.L,ejected_below_floor,6404.934169599999,2026-08-21|GBp,1000000.0
ALBLU.PA,ejected_below_floor,816.2200224,2026-08-21|EUR,1000000.0
TC.TO,ejected_below_floor,46388.442555,2026-08-21|CAD,1000000.0
ALNRG.PA,ejected_below_floor,22162.079862240003,2026-08-21|EUR,1000000.0
ALTHX.PA,ejected_below_floor,578172.1525041001,2026-08-21|EUR,1000000.0
CYAD.BR,ejected_below_floor,5014.390956120001,2026-08-21|EUR,1000000.0
NANO.TO,ejected_below_floor,56530.562256000005,2026-08-21|CAD,1000000.0
EARTH.AS,ejected_below_floor,23552.345423400002,2026-08-21|EUR,1000000.0
CHLL.L,ejected_below_floor,1774.9027128,2026-08-21|GBp,1000000.0
ECOB.L,ejected_below_floor,49740.38317584,2026-08-21|GBp,1000000.0
TCX,ejected_below_floor,671119.68,2026-08-21|USD,1000000.0
IRLAB-A.ST,ejected_below_floor,116852.06782499999,2026-08-21|SEK,1000000.0
PXS.L,ejected_below_floor,17821.3023981,2026-08-21|GBp,1000000.0
SPAGO.ST,ejected_below_floor,5524.0452636,2026-08-21|SEK,1000000.0
OPTI.BR,ejected_below_floor,20141.738253000003,2026-08-21|EUR,1000000.0
DTSS,ejected_below_floor,303685.62659999996,2026-08-21|USD,1000000.0
0QOI.L,ejected_below_floor,64858.734130403995,2026-08-21|CHF,1000000.0
IPR.LS,ejected_below_floor,39101.66662545,2026-08-21|EUR,1000000.0
0UNV.L,ejected_below_floor,4774.70888055,2026-08-21|CAD,1000000.0
GENM.TO,ejected_below_floor,366248.3076,2026-08-21|CAD,1000000.0
ALDRV.PA,ejected_below_floor,191888.54929116002,2026-08-21|EUR,1000000.0
308170.KS,ejected_below_floor,55128.181662576,2026-08-21|KRW,1000000.0
CETY,ejected_below_floor,47311.0,2026-08-21|USD,1000000.0
INIT.ST,ejected_below_floor,29477.175650999998,2026-08-21|SEK,1000000.0
AB.PA,ejected_below_floor,364927.9138659,2026-08-21|EUR,1000000.0
ALAMA.PA,ejected_below_floor,3464.81898906,2026-08-21|EUR,1000000.0
HUDL.OL,ejected_below_floor,14360.833871159999,2026-08-21|NOK,1000000.0
IZAFE-B.ST,ejected_below_floor,12648.630942,2026-08-21|SEK,1000000.0
ABNX.PA,ejected_below_floor,357682.41371520003,2026-08-21|EUR,1000000.0
NP5.DE,ejected_below_floor,59715.183551999995,2026-08-21|EUR,1000000.0
IDEX.OL,ejected_below_floor,108802.50503079999,2026-08-21|NOK,1000000.0
PILA.ST,ejected_below_floor,9708.878171999999,2026-08-21|SEK,1000000.0
ALARF.PA,ejected_below_floor,5597.9970816,2026-08-21|EUR,1000000.0
AMC.TO,ejected_below_floor,26863.91694,2026-08-21|CAD,1000000.0
SONM,ejected_below_floor,83046.53,2026-08-21|USD,1000000.0
SST,ejected_below_floor,310598.76,2026-08-21|USD,1000000.0
ALGEC.PA,ejected_below_floor,3882.2844192,2026-08-21|EUR,1000000.0
ALTOO.PA,ejected_below_floor,14685.63845364,2026-08-21|EUR,1000000.0
ISLAX.OL,ejected_below_floor,10304.00305,2026-08-21|NOK,1000000.0
SALME.OL,ejected_below_floor,382711.24711349997,2026-08-21|NOK,1000000.0
0RNK.L,ejected_below_floor,9126.2455792452,2026-08-21|EUR,1000000.0
ALPRE.PA,ejected_below_floor,1119.3814980000002,2026-08-21|EUR,1000000.0
IMM.L,ejected_below_floor,99954.783664932,2026-08-21|GBp,1000000.0
HEXI.ST,ejected_below_floor,6393.4980408,2026-08-21|SEK,1000000.0
FMR.TO,ejected_below_floor,7983.2216898,2026-08-21|CAD,1000000.0
OREGE.PA,ejected_below_floor,7401.0277602,2026-08-21|EUR,1000000.0
DIAM.TO,ejected_below_floor,2424.3499728,2026-08-21|CAD,1000000.0
012205.KS,ejected_below_floor,850661.7857884599,2026-08-21|KRW,1000000.0
NEXT.TO,ejected_below_floor,24685.334503200003,2026-08-21|CAD,1000000.0
KXIN,ejected_below_floor,702333.1699999999,2026-08-21|USD,1000000.0
ALRPD.PA,ejected_below_floor,60601.346082000004,2026-08-21|EUR,1000000.0
0QAV.L,ejected_below_floor,371459.4185508,2026-08-21|EUR,1000000.0
OCG.TO,ejected_below_floor,108602.4941946,2026-08-21|CAD,1000000.0
TGO.TO,ejected_below_floor,17270.457435,2026-08-21|CAD,1000000.0
MSCL.TO,ejected_below_floor,218522.8952172,2026-08-21|CAD,1000000.0
ZOOZ,ejected_below_floor,95550.944,2026-08-21|USD,1000000.0
MSLE,ejected_below_floor,556586.03,2026-08-21|USD,1000000.0
000520.KS,ejected_below_floor,555304.36796924,2026-08-21|KRW,1000000.0
QNTM,ejected_below_floor,940695.52,2026-08-21|USD,1000000.0
4BB.L,ejected_below_floor,5644.8573559999995,2026-08-21|GBp,1000000.0
006370.KS,ejected_below_floor,347137.29966441996,2026-08-21|KRW,1000000.0
PROGEN.ST,ejected_below_floor,27043.811241149997,2026-08-21|SEK,1000000.0
BIOEX.ST,ejected_below_floor,25314.804815999996,2026-08-21|SEK,1000000.0
0AH7.L,ejected_below_floor,5248.8641136,2026-08-21|EUR,1000000.0
007460.KS,ejected_below_floor,282889.85958093597,2026-08-21|KRW,1000000.0
MODEL.ST,ejected_below_floor,758.889,2026-08-21|SEK,1000000.0
88Q.DE,ejected_below_floor,985.84857,2026-08-21|EUR,1000000.0
GUARD.ST,ejected_below_floor,4343.110296,2026-08-21|SEK,1000000.0
JYD,ejected_below_floor,250321.8969,2026-08-21|USD,1000000.0
BYW.DE,ejected_below_floor,1845.93045,2026-08-21|EUR,1000000.0
BYW6.DE,ejected_below_floor,80796.2946567,2026-08-21|EUR,1000000.0
EBUS.AS,ejected_below_floor,148920.38631288003,2026-08-21|EUR,1000000.0
VIVE.ST,ejected_below_floor,37385.720316,2026-08-21|SEK,1000000.0
TNG.PA,ejected_below_floor,46907.92915008,2026-08-21|EUR,1000000.0
0MV8.L,ejected_below_floor,2997.0561560399997,2026-08-21|EUR,1000000.0
QLIFE.ST,ejected_below_floor,14010.6282888,2026-08-21|SEK,1000000.0
WYLD.ST,ejected_below_floor,384104.0272428,2026-08-21|SEK,1000000.0
CVX.PA,ejected_below_floor,350313.2738964,2026-08-21|EUR,1000000.0
XINT.ST,ejected_below_floor,5791.256847,2026-08-21|SEK,1000000.0
ANOT.ST,ejected_below_floor,150793.30743708,2026-08-21|SEK,1000000.0
MDAI,ejected_below_floor,724350.4,2026-08-21|USD,1000000.0
0IYU.L,ejected_below_floor,1886.6928,2026-08-21|USD,1000000.0
AUMN.TO,ejected_below_floor,3408.7295339999996,2026-08-21|CAD,1000000.0
ONCOZ.ST,ejected_below_floor,21325.723005,2026-08-21|SEK,1000000.0
COCH,ejected_below_floor,293098.5,2026-08-21|USD,1000000.0
IBT-B.ST,ejected_below_floor,50160.449669999995,2026-08-21|SEK,1000000.0
ALDVI.PA,ejected_below_floor,154546.92142127999,2026-08-21|EUR,1000000.0
SIMRIS-B.ST,ejected_below_floor,1859.6375697599997,2026-08-21|SEK,1000000.0
RDZN,ejected_below_floor,788872.5,2026-08-21|USD,1000000.0
SYNACT.ST,ejected_below_floor,828956.79456,2026-08-21|SEK,1000000.0
JAN.L,ejected_below_floor,41505.2933372,2026-08-21|GBp,1000000.0
0V9D.L,ejected_below_floor,203994.0840042,2026-08-21|CAD,1000000.0
LOOP,ejected_below_floor,938576.701,2026-08-21|USD,1000000.0
BCTX,ejected_below_floor,668562.62,2026-08-21|USD,1000000.0
ITN.DE,ejected_below_floor,107.6609232,2026-08-21|EUR,1000000.0
PREM.L,ejected_below_floor,66379.6238361135,2026-08-21|GBp,1000000.0
ALMIB.PA,ejected_below_floor,173056.56041664,2026-08-21|EUR,1000000.0
RECY-B.ST,ejected_below_floor,5696.668922039999,2026-08-21|SEK,1000000.0
RRR.L,ejected_below_floor,11166.1938753632,2026-08-21|GBp,1000000.0
SAU.TO,ejected_below_floor,6949.8217214999995,2026-08-21|CAD,1000000.0
HEMO.L,ejected_below_floor,101406.11374079999,2026-08-21|GBp,1000000.0
ATORX.ST,ejected_below_floor,27252.676065390002,2026-08-21|SEK,1000000.0
SZZL,ejected_below_floor,600310.7,2026-08-21|USD,1000000.0
HILB-B.ST,ejected_below_floor,96549.674886,2026-08-21|SEK,1000000.0
HBC.OL,ejected_below_floor,23717.545412199997,2026-08-21|NOK,1000000.0
0OCQ.L,ejected_below_floor,491.24353199999996,2026-08-21|EUR,1000000.0
FLUO.ST,ejected_below_floor,27142.253249999998,2026-08-21|SEK,1000000.0
BMV.L,ejected_below_floor,11079.939658787998,2026-08-21|GBp,1000000.0
PYR.TO,ejected_below_floor,51600.534552,2026-08-21|CAD,1000000.0
HUI.L,ejected_below_floor,9499.199918,2026-08-21|GBp,1000000.0
ISOFOL.ST,ejected_below_floor,41070.219059999996,2026-08-21|SEK,1000000.0
ZIOC.L,ejected_below_floor,102060.03923456,2026-08-21|GBp,1000000.0
ALSRS.PA,ejected_below_floor,25319.621153646003,2026-08-21|EUR,1000000.0
PLUR,ejected_below_floor,44579.7,2026-08-21|USD,1000000.0
BCT.TO,ejected_below_floor,25077.238754399998,2026-08-21|CAD,1000000.0
POXEL.PA,ejected_below_floor,37179.042720576006,2026-08-21|EUR,1000000.0
ALHPI.PA,ejected_below_floor,68231.42593372801,2026-08-21|EUR,1000000.0
WSBN.L,ejected_below_floor,91529.6105768,2026-08-21|GBp,1000000.0
ENERS.ST,ejected_below_floor,5819.05778259,2026-08-21|SEK,1000000.0
TESSIN.ST,ejected_below_floor,1760.728662,2026-08-21|SEK,1000000.0
CALC,ejected_below_floor,772185.9519999999,2026-08-21|USD,1000000.0
PDSB,ejected_below_floor,281328.801,2026-08-21|USD,1000000.0
NCOD.OL,ejected_below_floor,12023.10766,2026-08-21|NOK,1000000.0
TENEO.ST,ejected_below_floor,73834.513566,2026-08-21|SEK,1000000.0
AINO.ST,ejected_below_floor,1409.1045747,2026-08-21|SEK,1000000.0
SDST,ejected_below_floor,435439.8009,2026-08-21|USD,1000000.0
OMEX,ejected_below_floor,513042.054,2026-08-21|USD,1000000.0
ANNX.ST,ejected_below_floor,10766.2302,2026-08-21|SEK,1000000.0
MODTX.ST,ejected_below_floor,21449.8623591,2026-08-21|SEK,1000000.0
VRTS.TO,ejected_below_floor,836.3434716,2026-08-21|CAD,1000000.0
EDT.TO,ejected_below_floor,53118.6814872,2026-08-21|CAD,1000000.0
TPST,ejected_below_floor,220226.24000000002,2026-08-21|USD,1000000.0
RPLAN.ST,ejected_below_floor,647.6820929999999,2026-08-21|SEK,1000000.0
ORGC.ST,ejected_below_floor,4133.169744,2026-08-21|SEK,1000000.0
RTG.TO,ejected_below_floor,3898.8976319999997,2026-08-21|CAD,1000000.0
OXUR.BR,ejected_below_floor,3970.51120116,2026-08-21|EUR,1000000.0
MDNA.TO,ejected_below_floor,18924.9420402,2026-08-21|CAD,1000000.0
NCF.TO,ejected_below_floor,20535.1690635,2026-08-21|CAD,1000000.0
SLXN,ejected_below_floor,111648.53,2026-08-21|USD,1000000.0
HBP.TO,ejected_below_floor,1862.3797668,2026-08-21|CAD,1000000.0
ETG.TO,ejected_below_floor,190811.799738,2026-08-21|CAD,1000000.0
PAT.L,ejected_below_floor,86357.7464736,2026-08-21|GBp,1000000.0
BU.TO,ejected_below_floor,4003.1473859999996,2026-08-21|CAD,1000000.0
BIOSGN.ST,ejected_below_floor,19496.614176000003,2026-08-21|SEK,1000000.0
FT.TO,ejected_below_floor,59044.139658,2026-08-21|CAD,1000000.0
SVA.TO,ejected_below_floor,9892.575,2026-08-21|CAD,1000000.0
DYA.TO,ejected_below_floor,9582.9697782,2026-08-21|CAD,1000000.0
RVX.TO,ejected_below_floor,2403.500022,2026-08-21|CAD,1000000.0
NYR.BR,ejected_below_floor,3431.3789592,2026-08-21|EUR,1000000.0
URU.L,ejected_below_floor,24857.81430828,2026-08-21|GBp,1000000.0
FINM.PA,ejected_below_floor,7927.474373999999,2026-08-21|EUR,1000000.0
SEED,ejected_below_floor,153567.6417,2026-08-21|USD,1000000.0
BKI.TO,ejected_below_floor,8161.5866157,2026-08-21|CAD,1000000.0
ESM.TO,ejected_below_floor,45497.535237,2026-08-21|CAD,1000000.0
SNG.DE,ejected_below_floor,406379.9252016,2026-08-21|EUR,1000000.0
CCM,ejected_below_floor,391772.48000000004,2026-08-21|USD,1000000.0
0RH3.L,ejected_below_floor,2587.20048,2026-08-21|EUR,1000000.0
GABA.ST,ejected_below_floor,20778.766406400002,2026-08-21|SEK,1000000.0
NSE.AS,ejected_below_floor,2047.8711842400003,2026-08-21|EUR,1000000.0
ALK.L,ejected_below_floor,201744.05240639998,2026-08-21|GBp,1000000.0
ARCTIC.ST,ejected_below_floor,15515.079989759999,2026-08-21|SEK,1000000.0
RAIN,ejected_below_floor,459123.41000000003,2026-08-21|USD,1000000.0
NRSN,ejected_below_floor,98476.2048,2026-08-21|USD,1000000.0
