source,verdict,dollarVolume_usd,dollarVolume_basis,floor_usd
KIN2.DE,ejected_below_floor,109857.356325,2026-08-21|EUR,1000000.0
SBI.TO,ejected_below_floor,145263.7296,2026-08-21|CAD,1000000.0
0J3H.L,ejected_below_floor,213985.19999999998,2026-08-21|USD,1000000.0
0VOA.L,ejected_below_floor,53222.90626799999,2026-08-21|CAD,1000000.0
HFF.DE,ejected_below_floor,4612.659299999999,2026-08-21|EUR,1000000.0
GMR.L,ejected_below_floor,116998.49618111998,2026-08-21|GBp,1000000.0
0LJL.L,ejected_below_floor,139234.94,2026-08-21|USD,1000000.0
0QYM.L,ejected_below_floor,459871.793856,2026-08-21|CAD,1000000.0
CFX.L,ejected_below_floor,95656.45982399999,2026-08-21|GBp,1000000.0
216050.KQ,ejected_below_floor,137147.281017288,2026-08-21|KRW,1000000.0
234080.KS,ejected_below_floor,270520.6409618476,2026-08-21|KRW,1000000.0
0JSU.L,ejected_below_floor,8441.03025,2026-08-21|EUR,1000000.0
001065.KS,ejected_below_floor,5197.83087726,2026-08-21|KRW,1000000.0
001067.KS,ejected_below_floor,2551.4840052,2026-08-21|KRW,1000000.0
0QNG.L,ejected_below_floor,268732.60994496004,2026-08-21|CHF,1000000.0
0HQU.L,ejected_below_floor,321226.80000000005,2026-08-21|USD,1000000.0
0VCO.L,ejected_below_floor,23741.640539999997,2026-08-21|CAD,1000000.0
ALNTG.PA,ejected_below_floor,20182.947592499997,2026-08-21|EUR,1000000.0
PA9.DE,ejected_below_floor,3611.2443749999998,2026-08-21|EUR,1000000.0
MOUR.BR,ejected_below_floor,43731.225,2026-08-21|EUR,1000000.0
LOUP.PA,ejected_below_floor,685421.946,2026-08-21|EUR,1000000.0
PRU.TO,ejected_below_floor,144956.27008800002,2026-08-21|CAD,1000000.0
007700.KS,ejected_below_floor,248738.0041287132,2026-08-21|KRW,1000000.0
EIN.DE,ejected_below_floor,294991.3305,2026-08-21|EUR,1000000.0
092730.KQ,ejected_below_floor,987602.368703874,2026-08-21|KRW,1000000.0
028100.KS,ejected_below_floor,454704.834920776,2026-08-21|KRW,1000000.0
EMBELL.ST,ejected_below_floor,37044.509376,2026-08-21|SEK,1000000.0
0EAQ.L,ejected_below_floor,121281.8106,2026-08-21|USD,1000000.0
SNFCA,ejected_below_floor,322424.775,2026-08-21|USD,1000000.0
0VL5.L,ejected_below_floor,23871.290495999998,2026-08-21|CAD,1000000.0
0RJ6.L,ejected_below_floor,7698.039749999999,2026-08-21|EUR,1000000.0
SFE.DE,ejected_below_floor,157.54365,2026-08-21|EUR,1000000.0
SEA1.OL,ejected_below_floor,489919.912001,2026-08-21|NOK,1000000.0
LNF.TO,ejected_below_floor,461538.8204399999,2026-08-21|CAD,1000000.0
0KAN.L,ejected_below_floor,18234.2,2026-08-21|USD,1000000.0
DBO.TO,ejected_below_floor,656827.6085519999,2026-08-21|CAD,1000000.0
HCL.DE,ejected_below_floor,416308.60845,2026-08-21|EUR,1000000.0
0QQF.L,ejected_below_floor,8386.266880000001,2026-08-21|CHF,1000000.0
0KGH.L,ejected_below_floor,92057.72,2026-08-21|USD,1000000.0
268280.KS,ejected_below_floor,322465.707750528,2026-08-21|KRW,1000000.0
033270.KS,ejected_below_floor,392122.59496849077,2026-08-21|KRW,1000000.0
FCAP,ejected_below_floor,727450.96,2026-08-21|USD,1000000.0
XLY.TO,ejected_below_floor,212250.24701999998,2026-08-21|CAD,1000000.0
0AHJ.L,ejected_below_floor,94746.084636,2026-08-21|CAD,1000000.0
TCL-B.TO,ejected_below_floor,5837.59044,2026-08-21|CAD,1000000.0
032850.KQ,ejected_below_floor,179501.588390274,2026-08-21|KRW,1000000.0
PES.DE,ejected_below_floor,5677.8286499999995,2026-08-21|EUR,1000000.0
RTC.L,ejected_below_floor,10902.5841705,2026-08-21|GBp,1000000.0
TWC.TO,ejected_below_floor,35408.346768,2026-08-21|CAD,1000000.0
069730.KS,ejected_below_floor,246077.402384476,2026-08-21|KRW,1000000.0
0IWV.L,ejected_below_floor,29670.9525,2026-08-21|EUR,1000000.0
ERIC-A.ST,ejected_below_floor,333879.04177600006,2026-08-21|SEK,1000000.0
ITU.DE,ejected_below_floor,740121.4349999999,2026-08-21|EUR,1000000.0
NRG.PA,ejected_below_floor,67892.32125,2026-08-21|EUR,1000000.0
0R0A.L,ejected_below_floor,770762.75,2026-08-21|USD,1000000.0
0KNY.L,ejected_below_floor,308863.05,2026-08-21|USD,1000000.0
M12.DE,ejected_below_floor,110950.54424999999,2026-08-21|EUR,1000000.0
UNP.DE,ejected_below_floor,38756.016,2026-08-21|EUR,1000000.0
0GX2.L,ejected_below_floor,54176.661,2026-08-21|EUR,1000000.0
ERCG.DE,ejected_below_floor,3477.9186,2026-08-21|EUR,1000000.0
CDM1.DE,ejected_below_floor,297697.84025624994,2026-08-21|EUR,1000000.0
VAN.BR,ejected_below_floor,81012.61575,2026-08-21|EUR,1000000.0
OPLN,kept_no_reading,,no-reading,1000000.0
ERCB.DE,ejected_below_floor,124097.846895,2026-08-21|EUR,1000000.0
YCP.DE,ejected_below_floor,110758.7943,2026-08-21|EUR,1000000.0
CCLD,ejected_below_floor,767354.69,2026-08-21|USD,1000000.0
0QQM.L,ejected_below_floor,9782.784000000001,2026-08-21|CHF,1000000.0
0GBU.L,ejected_below_floor,27120.479232,2026-08-21|SEK,1000000.0
IVU.DE,ejected_below_floor,297971.6355,2026-08-21|EUR,1000000.0
0QLD.L,ejected_below_floor,237881.72472064,2026-08-21|CHF,1000000.0
SOBA.DE,ejected_below_floor,194140.8104625,2026-08-21|EUR,1000000.0
SIP.BR,ejected_below_floor,512955.44999999995,2026-08-21|EUR,1000000.0
007540.KS,ejected_below_floor,176666.715200052,2026-08-21|KRW,1000000.0
043150.KQ,ejected_below_floor,535853.9041347528,2026-08-21|KRW,1000000.0
NRO.PA,ejected_below_floor,365541.9980625,2026-08-21|EUR,1000000.0
MED.DE,ejected_below_floor,46052.780625,2026-08-21|EUR,1000000.0
0Q4C.L,ejected_below_floor,519.0620624999999,2026-08-21|EUR,1000000.0
NEDAP.AS,ejected_below_floor,582570.9483749999,2026-08-21|EUR,1000000.0
0HF6.L,ejected_below_floor,956578.0,2026-08-21|USD,1000000.0
DVD.OL,ejected_below_floor,395629.9178715001,2026-08-21|NOK,1000000.0
EIOF.OL,ejected_below_floor,30714.43921,2026-08-21|NOK,1000000.0
0JPO.L,ejected_below_floor,820399.9500000001,2026-08-21|USD,1000000.0
KLA.DE,ejected_below_floor,609027.0417000001,2026-08-21|EUR,1000000.0
0I4T.L,ejected_below_floor,6102.99,2026-08-21|USD,1000000.0
GSC1.DE,ejected_below_floor,53637.49462500001,2026-08-21|EUR,1000000.0
0NNU.L,ejected_below_floor,9422.028,2026-08-21|EUR,1000000.0
ALTPC.PA,ejected_below_floor,89770.68,2026-08-21|EUR,1000000.0
ALTN.L,ejected_below_floor,939966.6403379999,2026-08-21|GBp,1000000.0
AZ2.DE,ejected_below_floor,44004.689999999995,2026-08-21|EUR,1000000.0
0RR8.L,ejected_below_floor,396635.736,2026-08-21|USD,1000000.0
68V.DE,ejected_below_floor,110512.9423125,2026-08-21|EUR,1000000.0
FDBC,ejected_below_floor,698369.86,2026-08-21|USD,1000000.0
053580.KQ,ejected_below_floor,172405.7514497384,2026-08-21|KRW,1000000.0
ANTIN.PA,ejected_below_floor,407767.50854999997,2026-08-21|EUR,1000000.0
HYDRA.AS,ejected_below_floor,42549.299999999996,2026-08-21|EUR,1000000.0
120030.KS,ejected_below_floor,58737.778706376,2026-08-21|KRW,1000000.0
PZA.TO,ejected_below_floor,653091.18552,2026-08-21|CAD,1000000.0
078520.KS,ejected_below_floor,866321.647260404,2026-08-21|KRW,1000000.0
BOI.PA,ejected_below_floor,66021.287625,2026-08-21|EUR,1000000.0
0QKP.L,ejected_below_floor,10770.944000000001,2026-08-21|CHF,1000000.0
0DTF.L,ejected_below_floor,32764.235624999998,2026-08-21|EUR,1000000.0
0NCA.L,ejected_below_floor,16305.003,2026-08-21|EUR,1000000.0
0QZ5.L,ejected_below_floor,430008.0,2026-08-21|USD,1000000.0
MULT.DE,ejected_below_floor,63005.7450375,2026-08-21|EUR,1000000.0
ALPM.PA,ejected_below_floor,122857.279875,2026-08-21|EUR,1000000.0
AMG.DE,ejected_below_floor,181900.16943749998,2026-08-21|EUR,1000000.0
0QYZ.L,ejected_below_floor,235605.50380799998,2026-08-21|CAD,1000000.0
ALLUX.PA,ejected_below_floor,109332.6975,2026-08-21|EUR,1000000.0
BVFL,ejected_below_floor,437653.44000000006,2026-08-21|USD,1000000.0
036800.KQ,ejected_below_floor,576243.5906312903,2026-08-21|KRW,1000000.0
009180.KS,ejected_below_floor,143100.780042014,2026-08-21|KRW,1000000.0
200670.KQ,ejected_below_floor,586579.557836948,2026-08-21|KRW,1000000.0
CXI.TO,ejected_below_floor,100701.39295200001,2026-08-21|CAD,1000000.0
058860.KS,ejected_below_floor,146424.0407090832,2026-08-21|KRW,1000000.0
0O6D.L,ejected_below_floor,3517.9649999999997,2026-08-21|EUR,1000000.0
267980.KQ,ejected_below_floor,145251.40482936,2026-08-21|KRW,1000000.0
MPCK.DE,ejected_below_floor,97009.1595,2026-08-21|EUR,1000000.0
A4S.DE,ejected_below_floor,5523.76125,2026-08-21|EUR,1000000.0
0HC2.L,ejected_below_floor,6528.01,2026-08-21|USD,1000000.0
SFCA.PA,ejected_below_floor,746.55945,2026-08-21|EUR,1000000.0
VUXEN.ST,ejected_below_floor,43001.75418,2026-08-21|SEK,1000000.0
0MT8.L,ejected_below_floor,10911.253499999999,2026-08-21|EUR,1000000.0
DRW8.DE,ejected_below_floor,143731.11825,2026-08-21|EUR,1000000.0
SVED-B.ST,ejected_below_floor,370038.07561,2026-08-21|SEK,1000000.0
CASE.ST,ejected_below_floor,7038.33921,2026-08-21|SEK,1000000.0
XAU.TO,ejected_below_floor,93273.701904,2026-08-21|CAD,1000000.0
CCL-A.TO,ejected_below_floor,15041.21346,2026-08-21|CAD,1000000.0
0QJQ.L,ejected_below_floor,56575.96875,2026-08-21|EUR,1000000.0
068330.KQ,ejected_below_floor,92695.8718675836,2026-08-21|KRW,1000000.0
LOVE.TO,ejected_below_floor,67698.539136,2026-08-21|CAD,1000000.0
002720.KS,ejected_below_floor,145644.522364976,2026-08-21|KRW,1000000.0
MBB.DE,ejected_below_floor,612259.3979999999,2026-08-21|EUR,1000000.0
BIJ.DE,ejected_below_floor,268978.32,2026-08-21|EUR,1000000.0
REC.L,ejected_below_floor,198668.94167939998,2026-08-21|GBp,1000000.0
ARPL.ST,ejected_below_floor,95440.8625765,2026-08-21|SEK,1000000.0
0N2Q.L,ejected_below_floor,26136.880875000003,2026-08-21|EUR,1000000.0
NOVA.IC,ejected_below_floor,62899.496570400006,2026-08-21|ISK,1000000.0
0RFX.L,ejected_below_floor,47209.344000000005,2026-08-21|CHF,1000000.0
0VJA.L,ejected_below_floor,27525.3678,2026-08-21|CAD,1000000.0
0J7X.L,ejected_below_floor,60613.05375,2026-08-21|EUR,1000000.0
TIMA.DE,ejected_below_floor,183909.61574999997,2026-08-21|EUR,1000000.0
ALCAF.PA,ejected_below_floor,23714.977499999997,2026-08-21|EUR,1000000.0
DPAM.PA,ejected_below_floor,10081.125,2026-08-21|EUR,1000000.0
072130.KS,ejected_below_floor,222400.4813108884,2026-08-21|KRW,1000000.0
IOF.L,ejected_below_floor,256361.8455,2026-08-21|GBp,1000000.0
0AH3.L,ejected_below_floor,22305.0828,2026-08-21|CAD,1000000.0
VIL.PA,ejected_below_floor,283851.10799999995,2026-08-21|EUR,1000000.0
FDX.DE,ejected_below_floor,28002.352499999997,2026-08-21|EUR,1000000.0
BAR.BR,ejected_below_floor,701107.4348999999,2026-08-21|EUR,1000000.0
0JW2.L,ejected_below_floor,888723.64,2026-08-21|USD,1000000.0
SII.DE,ejected_below_floor,202407.55312499998,2026-08-21|EUR,1000000.0
AFGB,ejected_below_floor,172376.6,2026-08-21|USD,1000000.0
AFGD,ejected_below_floor,183576.9,2026-08-21|USD,1000000.0
AFGE,ejected_below_floor,135248.87999999998,2026-08-21|USD,1000000.0
VX1.DE,ejected_below_floor,49775.9023125,2026-08-21|EUR,1000000.0
HCO.PA,ejected_below_floor,56066.443199999994,2026-08-21|EUR,1000000.0
0KGE.L,ejected_below_floor,133947.24,2026-08-21|USD,1000000.0
CCZ,ejected_below_floor,10033.9349,2026-08-21|USD,1000000.0
PCX.DE,ejected_below_floor,10610.9982,2026-08-21|EUR,1000000.0
ALLOG.PA,ejected_below_floor,127266.44877,2026-08-21|EUR,1000000.0
AJ91.DE,ejected_below_floor,8184.482999999999,2026-08-21|EUR,1000000.0
WEYS,ejected_below_floor,970830.8400000001,2026-08-21|USD,1000000.0
0HW9.L,ejected_below_floor,896.378,2026-08-21|SEK,1000000.0
0KV3.L,ejected_below_floor,853305.89,2026-08-21|USD,1000000.0
058630.KQ,ejected_below_floor,204128.243048612,2026-08-21|KRW,1000000.0
0A18.L,ejected_below_floor,10419.264768000001,2026-08-21|CAD,1000000.0
366030.KQ,ejected_below_floor,439923.7973112444,2026-08-21|KRW,1000000.0
094280.KS,ejected_below_floor,145247.04331824,2026-08-21|KRW,1000000.0
0QYN.L,ejected_below_floor,140188.42656,2026-08-21|CAD,1000000.0
COZ.DE,ejected_below_floor,17580.902625,2026-08-21|EUR,1000000.0
KCC.OL,ejected_below_floor,459070.49136000004,2026-08-21|NOK,1000000.0
0EEV.L,ejected_below_floor,53606.787749999996,2026-08-21|EUR,1000000.0
EXM.BR,ejected_below_floor,20059.8165,2026-08-21|EUR,1000000.0
0N66.L,ejected_below_floor,305072.91899999994,2026-08-21|EUR,1000000.0
SYS1.L,ejected_below_floor,142584.27711,2026-08-21|GBp,1000000.0
119610.KQ,ejected_below_floor,752197.2423783336,2026-08-21|KRW,1000000.0
215000.KQ,ejected_below_floor,769050.35395994,2026-08-21|KRW,1000000.0
CTP2.DE,ejected_below_floor,190846.54214999996,2026-08-21|EUR,1000000.0
ZZ-B.ST,ejected_below_floor,828696.124424,2026-08-21|SEK,1000000.0
0HGC.L,ejected_below_floor,251094.92,2026-08-21|USD,1000000.0
ALS.DE,ejected_below_floor,3529.2048750000004,2026-08-21|EUR,1000000.0
0F6L.L,ejected_below_floor,787100.7463312501,2026-08-21|EUR,1000000.0
0R3D.L,ejected_below_floor,193188.87,2026-08-21|USD,1000000.0
MZX.DE,ejected_below_floor,21524.592375,2026-08-21|EUR,1000000.0
SINT.ST,ejected_below_floor,52523.99852,2026-08-21|SEK,1000000.0
CARE.ST,ejected_below_floor,35604.801232000005,2026-08-21|SEK,1000000.0
AFGC,ejected_below_floor,190032.00000000003,2026-08-21|USD,1000000.0
NIL-B.ST,ejected_below_floor,136415.51523600004,2026-08-21|SEK,1000000.0
WWIB.OL,ejected_below_floor,427227.91605,2026-08-21|NOK,1000000.0
ELEC.PA,ejected_below_floor,532709.5882499999,2026-08-21|EUR,1000000.0
107590.KS,ejected_below_floor,26381.036160432,2026-08-21|KRW,1000000.0
0UGS.L,ejected_below_floor,248493.875328,2026-08-21|CAD,1000000.0
0VQD.L,ejected_below_floor,608292.2999999999,2026-08-21|USD,1000000.0
JIM.L,ejected_below_floor,3591.7992808,2026-08-21|GBp,1000000.0
UT8.DE,ejected_below_floor,922759.1604,2026-08-21|EUR,1000000.0
ET.TO,ejected_below_floor,415159.78867199994,2026-08-21|CAD,1000000.0
XTC.TO,ejected_below_floor,93243.42604800001,2026-08-21|CAD,1000000.0
053210.KS,ejected_below_floor,130159.1007095644,2026-08-21|KRW,1000000.0
ALGIL.PA,ejected_below_floor,73800.324,2026-08-21|EUR,1000000.0
ABL.DE,ejected_below_floor,144031.8834,2026-08-21|EUR,1000000.0
SHF.DE,ejected_below_floor,20004.42825,2026-08-21|EUR,1000000.0
0D1X.L,ejected_below_floor,2326.6541249999996,2026-08-21|EUR,1000000.0
003100.KQ,ejected_below_floor,485234.39507484797,2026-08-21|KRW,1000000.0
0HCZ.L,ejected_below_floor,538567.38,2026-08-21|USD,1000000.0
0NJB.L,ejected_below_floor,1339.9784999999997,2026-08-21|EUR,1000000.0
TFW.L,ejected_below_floor,168904.9998853,2026-08-21|GBp,1000000.0
ESSITY-A.ST,ejected_below_floor,566071.305975,2026-08-21|SEK,1000000.0
0UWL.L,ejected_below_floor,1619.442024,2026-08-21|CAD,1000000.0
RICO.L,ejected_below_floor,166960.54452,2026-08-21|JPY,1000000.0
000050.KS,ejected_below_floor,306109.1905558596,2026-08-21|KRW,1000000.0
DP4B.DE,ejected_below_floor,116396.4375,2026-08-21|EUR,1000000.0
EDL.DE,ejected_below_floor,17811.123075,2026-08-21|EUR,1000000.0
ALDLT.PA,ejected_below_floor,58281.64875,2026-08-21|EUR,1000000.0
096760.KS,ejected_below_floor,298464.4538062794,2026-08-21|KRW,1000000.0
TECK-A.TO,ejected_below_floor,519391.840968,2026-08-21|CAD,1000000.0
ALVU.PA,ejected_below_floor,55294.39125,2026-08-21|EUR,1000000.0
VETO.PA,ejected_below_floor,709003.783125,2026-08-21|EUR,1000000.0
MTU.PA,ejected_below_floor,351248.75887500006,2026-08-21|EUR,1000000.0
LPE.PA,ejected_below_floor,272860.1325,2026-08-21|EUR,1000000.0
0O1O.L,ejected_below_floor,11502.216,2026-08-21|EUR,1000000.0
TAGM-B.ST,ejected_below_floor,84070.8757,2026-08-21|SEK,1000000.0
0DK7.L,ejected_below_floor,1401.624,2026-08-21|EUR,1000000.0
JEN.BR,ejected_below_floor,305884.5075,2026-08-21|EUR,1000000.0
HMM-A.TO,ejected_below_floor,273272.23391999997,2026-08-21|CAD,1000000.0
0OQQ.L,ejected_below_floor,1640.5003124999998,2026-08-21|EUR,1000000.0
INF.PA,ejected_below_floor,171613.771875,2026-08-21|EUR,1000000.0
0HYP.L,ejected_below_floor,117222.3,2026-08-21|USD,1000000.0
IC2.DE,ejected_below_floor,8465.2713,2026-08-21|EUR,1000000.0
ADP.DE,ejected_below_floor,43204.283437499995,2026-08-21|EUR,1000000.0
PGH.L,ejected_below_floor,235039.66449974998,2026-08-21|GBp,1000000.0
UZU.DE,ejected_below_floor,34342.569,2026-08-21|EUR,1000000.0
DEQ.DE,ejected_below_floor,162892.555875,2026-08-21|EUR,1000000.0
0ABJ.L,ejected_below_floor,615477.5063516079,2026-08-21|SEK,1000000.0
CHV.DE,ejected_below_floor,690383.8989,2026-08-21|EUR,1000000.0
FFARM.AS,ejected_below_floor,710597.9218499999,2026-08-21|EUR,1000000.0
EBA.DE,ejected_below_floor,33944.6079,2026-08-21|EUR,1000000.0
JEL.L,ejected_below_floor,18469.419672,2026-08-21|GBp,1000000.0
ELIX.L,ejected_below_floor,597689.5168032,2026-08-21|GBp,1000000.0
YGR.TO,ejected_below_floor,178275.97813200002,2026-08-21|CAD,1000000.0
KEI.TO,ejected_below_floor,126119.08820400001,2026-08-21|CAD,1000000.0
3V64.DE,ejected_below_floor,768544.6454999999,2026-08-21|EUR,1000000.0
DLCG.TO,ejected_below_floor,214312.973004,2026-08-21|CAD,1000000.0
REP.DE,ejected_below_floor,420289.5751875,2026-08-21|EUR,1000000.0
AKVA.OL,ejected_below_floor,65263.04694,2026-08-21|NOK,1000000.0
HMSB.DE,ejected_below_floor,7581.90403125,2026-08-21|EUR,1000000.0
SNX.ST,ejected_below_floor,73883.487615,2026-08-21|SEK,1000000.0
KFI1.DE,ejected_below_floor,4204.28799,2026-08-21|EUR,1000000.0
SDG.PA,ejected_below_floor,43467.26175,2026-08-21|EUR,1000000.0
0HDQ.L,ejected_below_floor,700.812,2026-08-21|EUR,1000000.0
STGO.TO,ejected_below_floor,511581.03670799994,2026-08-21|CAD,1000000.0
BEIA-B.ST,ejected_below_floor,983408.48655,2026-08-21|SEK,1000000.0
SOF-B.ST,ejected_below_floor,43096.4002315,2026-08-21|SEK,1000000.0
F3A.DE,ejected_below_floor,184163.38199999998,2026-08-21|EUR,1000000.0
EQS.PA,ejected_below_floor,432153.7846875,2026-08-21|EUR,1000000.0
UU2.DE,ejected_below_floor,286848.5625,2026-08-21|EUR,1000000.0
THEP.PA,ejected_below_floor,379148.79375,2026-08-21|EUR,1000000.0
CEMX.TO,ejected_below_floor,27649.242198,2026-08-21|CAD,1000000.0
0RUJ.L,ejected_below_floor,10489.005,2026-08-21|EUR,1000000.0
039840.KQ,ejected_below_floor,213788.335952744,2026-08-21|KRW,1000000.0
0DZJ.L,ejected_below_floor,120.9735,2026-08-21|EUR,1000000.0
BRM.DE,ejected_below_floor,111119.86080000001,2026-08-21|EUR,1000000.0
AUB.PA,ejected_below_floor,504816.38999999996,2026-08-21|EUR,1000000.0
0FNZ.L,ejected_below_floor,1502.2034999999998,2026-08-21|EUR,1000000.0
FIV.DE,ejected_below_floor,124079.07166875001,2026-08-21|EUR,1000000.0
0IPY.L,ejected_below_floor,55216.755,2026-08-21|EUR,1000000.0
0N0B.L,ejected_below_floor,600619.796353659,2026-08-21|NOK,1000000.0
0R20.L,ejected_below_floor,314517.969864,2026-08-21|CAD,1000000.0
TAL.TO,ejected_below_floor,259843.14510000005,2026-08-21|CAD,1000000.0
PTAL.L,ejected_below_floor,176285.203422,2026-08-21|GBp,1000000.0
BWE.OL,ejected_below_floor,658351.997875,2026-08-21|NOK,1000000.0
ALCA.ST,ejected_below_floor,49732.239662,2026-08-21|SEK,1000000.0
0Q76.L,ejected_below_floor,1100.3026499999999,2026-08-21|EUR,1000000.0
MCAP.ST,ejected_below_floor,939898.9238100001,2026-08-21|SEK,1000000.0
BSD.PA,ejected_below_floor,53960.90175,2026-08-21|EUR,1000000.0
AEC1.DE,ejected_below_floor,69461.96399999999,2026-08-21|EUR,1000000.0
CINT,ejected_below_floor,649816.72,2026-08-21|USD,1000000.0
TII.DE,ejected_below_floor,363093.03787500004,2026-08-21|EUR,1000000.0
ULTP.L,ejected_below_floor,120559.75667,2026-08-21|GBp,1000000.0
0M3Q.L,ejected_below_floor,904731.012,2026-08-21|USD,1000000.0
GIS.DE,ejected_below_floor,142578.39375,2026-08-21|EUR,1000000.0
003090.KS,ejected_below_floor,745055.5078024452,2026-08-21|KRW,1000000.0
0IP9.L,ejected_below_floor,386515.61,2026-08-21|USD,1000000.0
0IWU.L,ejected_below_floor,40699.4715,2026-08-21|EUR,1000000.0
FAA.DE,ejected_below_floor,138410.37,2026-08-21|EUR,1000000.0
CPH.TO,ejected_below_floor,305947.65996,2026-08-21|CAD,1000000.0
KSB.DE,ejected_below_floor,164528.595,2026-08-21|EUR,1000000.0
POLN.L,ejected_below_floor,857894.719605,2026-08-21|GBp,1000000.0
ALSTW.PA,ejected_below_floor,34299.0,2026-08-21|EUR,1000000.0
ALITL.PA,ejected_below_floor,27282.76875,2026-08-21|EUR,1000000.0
DR.TO,ejected_below_floor,380317.94256000005,2026-08-21|CAD,1000000.0
GPE.PA,ejected_below_floor,25719.614999999998,2026-08-21|EUR,1000000.0
ALDNX.PA,ejected_below_floor,27986.36175,2026-08-21|EUR,1000000.0
185.DE,ejected_below_floor,91665.583875,2026-08-21|EUR,1000000.0
0HPW.L,ejected_below_floor,628380.0,2026-08-21|USD,1000000.0
AINN.DE,ejected_below_floor,6578.942175000001,2026-08-21|EUR,1000000.0
LAS-A.TO,ejected_below_floor,225680.1984,2026-08-21|CAD,1000000.0
HP3A.DE,ejected_below_floor,6707.772,2026-08-21|EUR,1000000.0
0RPZ.L,ejected_below_floor,281908.17102,2026-08-21|SEK,1000000.0
PMTA.DE,ejected_below_floor,2449.8756,2026-08-21|EUR,1000000.0
ALERS.PA,ejected_below_floor,29238.970499999996,2026-08-21|EUR,1000000.0
0R9T.L,ejected_below_floor,40047.67462500001,2026-08-21|EUR,1000000.0
690D.DE,ejected_below_floor,144604.3870125,2026-08-21|EUR,1000000.0
DKUPL.PA,ejected_below_floor,33455.43,2026-08-21|EUR,1000000.0
0LVJ.L,ejected_below_floor,16558.47,2026-08-21|USD,1000000.0
OZKAP,ejected_below_floor,391411.02,2026-08-21|USD,1000000.0
NTG.DE,ejected_below_floor,130100.39437499999,2026-08-21|EUR,1000000.0
016580.KS,ejected_below_floor,319333.0960036992,2026-08-21|KRW,1000000.0
ABSO.ST,ejected_below_floor,54999.825825,2026-08-21|SEK,1000000.0
SDG.L,ejected_below_floor,112693.8255828,2026-08-21|GBp,1000000.0
TM5.DE,ejected_below_floor,195454.28835,2026-08-21|EUR,1000000.0
ODF.OL,ejected_below_floor,466782.971928,2026-08-21|NOK,1000000.0
016880.KS,ejected_below_floor,446515.51262356737,2026-08-21|KRW,1000000.0
MACF.L,ejected_below_floor,205963.12969375,2026-08-21|GBp,1000000.0
COMB.BR,ejected_below_floor,116454.375,2026-08-21|EUR,1000000.0
CEN.PA,ejected_below_floor,91032.55875,2026-08-21|EUR,1000000.0
0RQO.L,ejected_below_floor,380110.7619122331,2026-08-21|SEK,1000000.0
VTAS.L,ejected_below_floor,19085.5000152,2026-08-21|GBp,1000000.0
0OPJ.L,ejected_below_floor,207806.70239999998,2026-08-21|EUR,1000000.0
FCMC.PA,ejected_below_floor,59652.45,2026-08-21|EUR,1000000.0
ZOE.DE,ejected_below_floor,184199.60452500003,2026-08-21|EUR,1000000.0
DECB.BR,ejected_below_floor,235898.41769999996,2026-08-21|EUR,1000000.0
ALLEX.PA,ejected_below_floor,166192.56,2026-08-21|EUR,1000000.0
TEL2-A.ST,ejected_below_floor,19182.59343,2026-08-21|SEK,1000000.0
CHEF.ST,ejected_below_floor,476876.01444,2026-08-21|SEK,1000000.0
MEDI.OL,ejected_below_floor,525374.1558000001,2026-08-21|NOK,1000000.0
ARC.L,ejected_below_floor,12490.95182655,2026-08-21|GBp,1000000.0
CEVI.ST,ejected_below_floor,668627.069908,2026-08-21|SEK,1000000.0
UB5.DE,ejected_below_floor,5091.570674999999,2026-08-21|EUR,1000000.0
0HTF.L,ejected_below_floor,28734.628885833004,2026-08-21|NOK,1000000.0
0YG7.L,ejected_below_floor,26949.969375,2026-08-21|SEK,1000000.0
BERNER-B.ST,ejected_below_floor,330979.081755,2026-08-21|SEK,1000000.0
MRD.TO,ejected_below_floor,75255.62856,2026-08-21|CAD,1000000.0
SEC.TO,ejected_below_floor,46901.7,2026-08-21|CAD,1000000.0
035150.KS,ejected_below_floor,238502.51160089,2026-08-21|KRW,1000000.0
OMV.DE,ejected_below_floor,565376.4309375,2026-08-21|EUR,1000000.0
ELC,ejected_below_floor,373243.7588,2026-08-21|USD,1000000.0
COH.PA,ejected_below_floor,24929.926874999997,2026-08-21|EUR,1000000.0
ALMDG.PA,ejected_below_floor,63918.50399999999,2026-08-21|EUR,1000000.0
ORIA.PA,ejected_below_floor,6155.28,2026-08-21|EUR,1000000.0
CAT1.DE,ejected_below_floor,880332.966,2026-08-21|EUR,1000000.0
039570.KS,ejected_below_floor,113469.3059118464,2026-08-21|KRW,1000000.0
CSW-A.TO,ejected_below_floor,194254.46366399998,2026-08-21|CAD,1000000.0
CSW-B.TO,ejected_below_floor,57683.196840000004,2026-08-21|CAD,1000000.0
0HW4.L,ejected_below_floor,311092.25,2026-08-21|USD,1000000.0
0KXA.L,ejected_below_floor,253565.83000000002,2026-08-21|USD,1000000.0
0MDP.L,ejected_below_floor,16276.138799999999,2026-08-21|USD,1000000.0
CX.ST,ejected_below_floor,32266.79379,2026-08-21|SEK,1000000.0
SIMINN.IC,ejected_below_floor,363254.413424,2026-08-21|ISK,1000000.0
0QUS.L,ejected_below_floor,6156.146913,2026-08-21|SEK,1000000.0
RNK.L,ejected_below_floor,642312.4374430601,2026-08-21|GBp,1000000.0
ACX.TO,ejected_below_floor,588551.643,2026-08-21|CAD,1000000.0
NIVI-B.ST,ejected_below_floor,458359.231827,2026-08-21|SEK,1000000.0
HBANL,ejected_below_floor,548449.6,2026-08-21|USD,1000000.0
HBANM,ejected_below_floor,346919.04,2026-08-21|USD,1000000.0
0R23.L,ejected_below_floor,374003.08,2026-08-21|USD,1000000.0
ABCA.PA,ejected_below_floor,230045.10794999998,2026-08-21|EUR,1000000.0
014830.KS,ejected_below_floor,830867.722976296,2026-08-21|KRW,1000000.0
005680.KS,ejected_below_floor,988610.8445742256,2026-08-21|KRW,1000000.0
ALFRE.PA,ejected_below_floor,41567.0508,2026-08-21|EUR,1000000.0
002960.KS,ejected_below_floor,729686.62572416,2026-08-21|KRW,1000000.0
CHR.TO,ejected_below_floor,945447.7032,2026-08-21|CAD,1000000.0
GENI.ST,ejected_below_floor,53722.560136,2026-08-21|SEK,1000000.0
HYSG.BR,ejected_below_floor,13195.845,2026-08-21|EUR,1000000.0
015890.KS,ejected_below_floor,176553.3013725616,2026-08-21|KRW,1000000.0
CRON.TO,ejected_below_floor,552312.995976,2026-08-21|CAD,1000000.0
RDEB.DE,ejected_below_floor,82032.77924999999,2026-08-21|EUR,1000000.0
HOLM-A.ST,ejected_below_floor,147389.5584,2026-08-21|SEK,1000000.0
QBR-A.TO,ejected_below_floor,24292.061640000004,2026-08-21|CAD,1000000.0
RWL.DE,ejected_below_floor,10848.796875,2026-08-21|EUR,1000000.0
CYB.TO,ejected_below_floor,423416.5077,2026-08-21|CAD,1000000.0
CBOT.PA,ejected_below_floor,56406.18869999999,2026-08-21|EUR,1000000.0
SFAB.ST,ejected_below_floor,231414.05175,2026-08-21|SEK,1000000.0
MIKO.BR,ejected_below_floor,20185.425,2026-08-21|EUR,1000000.0
GDP.L,ejected_below_floor,138405.86996419998,2026-08-21|GBp,1000000.0
002240.KS,ejected_below_floor,307949.6246723512,2026-08-21|KRW,1000000.0
ELF.TO,ejected_below_floor,464002.72307999997,2026-08-21|CAD,1000000.0
G5EN.ST,ejected_below_floor,119554.51998,2026-08-21|SEK,1000000.0
MOG-B,ejected_below_floor,111186.6,2026-08-21|USD,1000000.0
ALLHB.PA,ejected_below_floor,2143.6875,2026-08-21|EUR,1000000.0
0OCD.L,ejected_below_floor,2546.89799,2026-08-21|NOK,1000000.0
AAG.DE,ejected_below_floor,917336.7202499999,2026-08-21|EUR,1000000.0
FLK.L,ejected_below_floor,27226.08131075,2026-08-21|GBp,1000000.0
001380.KS,ejected_below_floor,62276.74517507,2026-08-21|KRW,1000000.0
MMGR-B.ST,ejected_below_floor,486971.31532,2026-08-21|SEK,1000000.0
AKW.PA,ejected_below_floor,31296.2616,2026-08-21|EUR,1000000.0
CFW.TO,ejected_below_floor,502963.73884800007,2026-08-21|CAD,1000000.0
0QNA.L,ejected_below_floor,389149.83855872,2026-08-21|CHF,1000000.0
0F8V.L,ejected_below_floor,3682.6697249999997,2026-08-21|EUR,1000000.0
123690.KS,ejected_below_floor,486171.9309668328,2026-08-21|KRW,1000000.0
NORAM.OL,ejected_below_floor,491196.9791430001,2026-08-21|NOK,1000000.0
0OJJ.L,ejected_below_floor,282.35261249999996,2026-08-21|EUR,1000000.0
066310.KQ,ejected_below_floor,650320.6440246319,2026-08-21|KRW,1000000.0
TTR1.DE,ejected_below_floor,260846.90774999998,2026-08-21|EUR,1000000.0
VTA.AS,ejected_below_floor,69283.98,2026-08-21|EUR,1000000.0
000700.KS,ejected_below_floor,189738.672869656,2026-08-21|KRW,1000000.0
090350.KS,ejected_below_floor,341946.6733970456,2026-08-21|KRW,1000000.0
090355.KS,ejected_below_floor,2794.6818652512,2026-08-21|KRW,1000000.0
ALCIS.PA,ejected_below_floor,105542.658,2026-08-21|EUR,1000000.0
ALI2S.PA,ejected_below_floor,617.61375,2026-08-21|EUR,1000000.0
BILN.L,ejected_below_floor,115954.71578099999,2026-08-21|GBp,1000000.0
284740.KS,ejected_below_floor,262875.471695748,2026-08-21|KRW,1000000.0
0RP8.L,ejected_below_floor,125820.87243148801,2026-08-21|CHF,1000000.0
0J72.L,ejected_below_floor,186114.355,2026-08-21|USD,1000000.0
OTL.OL,ejected_below_floor,281428.11879000004,2026-08-21|NOK,1000000.0
PERR.PA,ejected_below_floor,103652.50499999999,2026-08-21|EUR,1000000.0
0HS2.L,ejected_below_floor,843411.15,2026-08-21|USD,1000000.0
004700.KS,ejected_below_floor,117902.113200288,2026-08-21|KRW,1000000.0
W7L.L,ejected_below_floor,864957.3429806,2026-08-21|GBp,1000000.0
4DS.DE,ejected_below_floor,80130.3435,2026-08-21|EUR,1000000.0
ENI.DE,ejected_below_floor,408282.59609999997,2026-08-21|EUR,1000000.0
ALATI.PA,ejected_below_floor,47356.721999999994,2026-08-21|EUR,1000000.0
CAMB.BR,ejected_below_floor,140160.0825,2026-08-21|EUR,1000000.0
034310.KS,ejected_below_floor,551396.2798562064,2026-08-21|KRW,1000000.0
GDC.TO,ejected_below_floor,4590.479628,2026-08-21|CAD,1000000.0
TBL.TO,ejected_below_floor,16258.508447999999,2026-08-21|CAD,1000000.0
00806K.KS,ejected_below_floor,52903.5815491524,2026-08-21|KRW,1000000.0
TRVG,ejected_below_floor,553302.34,2026-08-21|USD,1000000.0
CQD.DE,ejected_below_floor,19983.57075,2026-08-21|EUR,1000000.0
126560.KS,ejected_below_floor,194097.766985577,2026-08-21|KRW,1000000.0
CPA.DE,ejected_below_floor,60683.505750000004,2026-08-21|EUR,1000000.0
ALFPC.PA,ejected_below_floor,169212.26249999998,2026-08-21|EUR,1000000.0
CONTX.OL,ejected_below_floor,5934.956456,2026-08-21|NOK,1000000.0
SCST.ST,ejected_below_floor,984226.6920500001,2026-08-21|SEK,1000000.0
ACCB.BR,ejected_below_floor,3145.2437925,2026-08-21|EUR,1000000.0
IXX.DE,ejected_below_floor,286151.7481875,2026-08-21|EUR,1000000.0
102260.KS,ejected_below_floor,314637.5294778332,2026-08-21|KRW,1000000.0
FGN,ejected_below_floor,783046.8,2026-08-21|USD,1000000.0
0QRA.L,ejected_below_floor,70482.16044800001,2026-08-21|SEK,1000000.0
KBL.TO,ejected_below_floor,367823.40155999997,2026-08-21|CAD,1000000.0
GLINT.LS,ejected_below_floor,17624.587499999998,2026-08-21|EUR,1000000.0
0M29.L,ejected_below_floor,229979.25,2026-08-21|USD,1000000.0
XY6.DE,ejected_below_floor,57231.427274999995,2026-08-21|EUR,1000000.0
STO3.DE,ejected_below_floor,250505.87512500002,2026-08-21|EUR,1000000.0
0VBE.L,ejected_below_floor,75065.68000000001,2026-08-21|USD,1000000.0
CBHD.DE,ejected_below_floor,132002.15804999997,2026-08-21|EUR,1000000.0
HAL.DE,ejected_below_floor,98417.87505,2026-08-21|EUR,1000000.0
CLX.L,ejected_below_floor,101353.660362,2026-08-21|GBp,1000000.0
M4I.DE,ejected_below_floor,395660.286,2026-08-21|EUR,1000000.0
LOR.DE,ejected_below_floor,511269.121125,2026-08-21|EUR,1000000.0
LIN.PA,ejected_below_floor,44448.49125,2026-08-21|EUR,1000000.0
0EWR.L,ejected_below_floor,18663.175124999998,2026-08-21|EUR,1000000.0
ALLIGO-B.ST,ejected_below_floor,201198.58774400002,2026-08-21|SEK,1000000.0
NXR.L,ejected_below_floor,843239.265948,2026-08-21|GBp,1000000.0
0JMU.L,ejected_below_floor,122462.49375,2026-08-21|EUR,1000000.0
0IX0.L,ejected_below_floor,66975.51825,2026-08-21|EUR,1000000.0
0F2S.L,ejected_below_floor,200.232,2026-08-21|EUR,1000000.0
VTA.L,ejected_below_floor,23696.6113125,2026-08-21|EUR,1000000.0
0KFZ.L,ejected_below_floor,671162.71,2026-08-21|USD,1000000.0
CDS.DE,ejected_below_floor,73652.931,2026-08-21|EUR,1000000.0
MRE.TO,ejected_below_floor,541335.7555199999,2026-08-21|CAD,1000000.0
001560.KS,ejected_below_floor,21624.393940515598,2026-08-21|KRW,1000000.0
0HDU.L,ejected_below_floor,4591.044315,2026-08-21|NOK,1000000.0
SPA.BR,ejected_below_floor,32876.055,2026-08-21|EUR,1000000.0
NITRO.ST,ejected_below_floor,8814.355872,2026-08-21|SEK,1000000.0
ARJO-B.ST,ejected_below_floor,942153.793938,2026-08-21|SEK,1000000.0
ITECH.ST,ejected_below_floor,96628.71456000001,2026-08-21|SEK,1000000.0
0OG6.L,ejected_below_floor,29701.079999999998,2026-08-21|EUR,1000000.0
ALNXT.PA,ejected_below_floor,10143.136665,2026-08-21|EUR,1000000.0
ENEA.ST,ejected_below_floor,289926.668304,2026-08-21|SEK,1000000.0
0QNN.L,ejected_below_floor,481975.04000000004,2026-08-21|CHF,1000000.0
CENER.BR,ejected_below_floor,499335.5951999999,2026-08-21|EUR,1000000.0
VWSB.DE,ejected_below_floor,909524.9491874998,2026-08-21|EUR,1000000.0
0QS5.L,ejected_below_floor,318770.552928,2026-08-21|CHF,1000000.0
0QY4.L,ejected_below_floor,168872.61,2026-08-21|USD,1000000.0
0K10.L,ejected_below_floor,89209.28,2026-08-21|USD,1000000.0
ALNSE.PA,ejected_below_floor,16648.456499999997,2026-08-21|EUR,1000000.0
NXQ.L,ejected_below_floor,28532.0382138,2026-08-21|GBp,1000000.0
MSON-A.ST,ejected_below_floor,159.096672,2026-08-21|SEK,1000000.0
MSON-B.ST,ejected_below_floor,210790.5828,2026-08-21|SEK,1000000.0
VAS.DE,ejected_below_floor,84414.84479999999,2026-08-21|EUR,1000000.0
OPC.DE,ejected_below_floor,422877.51584999997,2026-08-21|EUR,1000000.0
SWP.PA,ejected_below_floor,758853.671625,2026-08-21|EUR,1000000.0
0DTK.L,ejected_below_floor,1732.33125,2026-08-21|EUR,1000000.0
CBSM.PA,ejected_below_floor,1973.1194999999998,2026-08-21|EUR,1000000.0
NWF.L,ejected_below_floor,222672.5024944,2026-08-21|GBp,1000000.0
PREVA.AS,ejected_below_floor,1606.606875,2026-08-21|EUR,1000000.0
0NZY.L,ejected_below_floor,455705.0424,2026-08-21|EUR,1000000.0
0MN5.L,ejected_below_floor,28633.175999999996,2026-08-21|EUR,1000000.0
NFN.DE,ejected_below_floor,15019.485749999998,2026-08-21|EUR,1000000.0
0IF3.L,ejected_below_floor,97922.56,2026-08-21|USD,1000000.0
1U1.DE,ejected_below_floor,775626.1723125001,2026-08-21|EUR,1000000.0
FTLF,ejected_below_floor,259187.34,2026-08-21|USD,1000000.0
2X0.DE,ejected_below_floor,5100.5973375,2026-08-21|EUR,1000000.0
BETCO.ST,ejected_below_floor,897088.473372,2026-08-21|SEK,1000000.0
006140.KQ,ejected_below_floor,192932.7455773508,2026-08-21|KRW,1000000.0
004360.KS,ejected_below_floor,324063.0457755612,2026-08-21|KRW,1000000.0
004365.KS,ejected_below_floor,23552.6979677048,2026-08-21|KRW,1000000.0
GLO.PA,ejected_below_floor,363021.31124999997,2026-08-21|EUR,1000000.0
CBE.PA,ejected_below_floor,14823.541124999998,2026-08-21|EUR,1000000.0
RBT.PA,ejected_below_floor,910835.4375,2026-08-21|EUR,1000000.0
EXPL.PA,ejected_below_floor,64762.5375,2026-08-21|EUR,1000000.0
0R13.L,ejected_below_floor,299000.4,2026-08-21|USD,1000000.0
SYK.DE,ejected_below_floor,112834.72968749999,2026-08-21|EUR,1000000.0
0RP0.L,ejected_below_floor,17789.176349999998,2026-08-21|EUR,1000000.0
0QPR.L,ejected_below_floor,9526.976068672002,2026-08-21|CHF,1000000.0
KAPIAB.ST,ejected_below_floor,42656.335960000004,2026-08-21|SEK,1000000.0
TGHN.DE,ejected_below_floor,26790.3,2026-08-21|EUR,1000000.0
0J71.L,ejected_below_floor,258152.87,2026-08-21|USD,1000000.0
GOB.DE,ejected_below_floor,178740.66374999998,2026-08-21|EUR,1000000.0
SCHP.PA,ejected_below_floor,373583.896875,2026-08-21|EUR,1000000.0
6MK.DE,ejected_below_floor,267743.3706,2026-08-21|EUR,1000000.0
SELER.PA,ejected_below_floor,1096.1775,2026-08-21|EUR,1000000.0
003650.KS,ejected_below_floor,368954.618627496,2026-08-21|KRW,1000000.0
CIT.DE,ejected_below_floor,19631.565674999998,2026-08-21|EUR,1000000.0
PDV.TO,ejected_below_floor,18274.368672,2026-08-21|CAD,1000000.0
TENG.L,ejected_below_floor,187520.08369485,2026-08-21|GBp,1000000.0
ALGIR.PA,ejected_below_floor,4523.991749999999,2026-08-21|EUR,1000000.0
ACFN,ejected_below_floor,398038.41,2026-08-21|USD,1000000.0
GLV.L,ejected_below_floor,239962.89555,2026-08-21|EUR,1000000.0
LCR.DE,ejected_below_floor,1024.7985,2026-08-21|EUR,1000000.0
0QZ2.L,ejected_below_floor,109212.488112,2026-08-21|CAD,1000000.0
ASG.DE,ejected_below_floor,40418.4862125,2026-08-21|EUR,1000000.0
DLX.DE,ejected_below_floor,10879.8282,2026-08-21|EUR,1000000.0
VIVA.ST,ejected_below_floor,715088.5721699999,2026-08-21|SEK,1000000.0
FC.TO,ejected_below_floor,504767.696832,2026-08-21|CAD,1000000.0
LIV.L,ejected_below_floor,1921.1292557599998,2026-08-21|GBp,1000000.0
PRU.DE,ejected_below_floor,96802.31683124999,2026-08-21|EUR,1000000.0
SECARE.ST,ejected_below_floor,587806.1689919999,2026-08-21|SEK,1000000.0
TCS.TO,ejected_below_floor,172914.528,2026-08-21|CAD,1000000.0
WYN.L,ejected_below_floor,133174.19384999998,2026-08-21|GBp,1000000.0
0G5B.L,ejected_below_floor,74142.61875,2026-08-21|EUR,1000000.0
MEQ.TO,ejected_below_floor,929178.384,2026-08-21|CAD,1000000.0
SAVE.PA,ejected_below_floor,85756.76999999999,2026-08-21|EUR,1000000.0
0HYJ.L,ejected_below_floor,227622.26,2026-08-21|USD,1000000.0
002350.KS,ejected_below_floor,584656.494892288,2026-08-21|KRW,1000000.0
002355.KS,ejected_below_floor,35132.7426052312,2026-08-21|KRW,1000000.0
LIK.DE,ejected_below_floor,83951.4375,2026-08-21|EUR,1000000.0
AXR,ejected_below_floor,233519.0,2026-08-21|USD,1000000.0
002690.KS,ejected_below_floor,81031.02346167696,2026-08-21|KRW,1000000.0
RET.BR,ejected_below_floor,863519.0399999998,2026-08-21|EUR,1000000.0
091700.KQ,ejected_below_floor,800096.6514131392,2026-08-21|KRW,1000000.0
BP-A.L,ejected_below_floor,10846.52827475,2026-08-21|GBp,1000000.0
BP-B.L,ejected_below_floor,6517.4366565,2026-08-21|GBp,1000000.0
SWA.DE,ejected_below_floor,27122.571562499998,2026-08-21|EUR,1000000.0
151860.KQ,ejected_below_floor,600228.9941172104,2026-08-21|KRW,1000000.0
0QPF.L,ejected_below_floor,1474.606464,2026-08-21|CHF,1000000.0
TVA-B.TO,ejected_below_floor,32827.200659999995,2026-08-21|CAD,1000000.0
CH1A.DE,ejected_below_floor,10138.4136,2026-08-21|EUR,1000000.0
CXU.DE,ejected_below_floor,16182.639,2026-08-21|EUR,1000000.0
EC.PA,ejected_below_floor,255315.49875,2026-08-21|EUR,1000000.0
0IUV.L,ejected_below_floor,1035.9225,2026-08-21|EUR,1000000.0
ALBLD.PA,ejected_below_floor,110049.384375,2026-08-21|EUR,1000000.0
BAIN.PA,ejected_below_floor,89559.78749999999,2026-08-21|EUR,1000000.0
DEDI.ST,ejected_below_floor,71680.97221600001,2026-08-21|SEK,1000000.0
FVA.L,ejected_below_floor,81636.19355299999,2026-08-21|GBp,1000000.0
IGE.L,ejected_below_floor,9311.72799804,2026-08-21|GBp,1000000.0
208140.KQ,ejected_below_floor,86235.7397111584,2026-08-21|KRW,1000000.0
BEK-B.TO,ejected_below_floor,4732.809216,2026-08-21|CAD,1000000.0
GUD.TO,ejected_below_floor,687701.879928,2026-08-21|CAD,1000000.0
RUG.ST,ejected_below_floor,212186.11827,2026-08-21|SEK,1000000.0
SFPI.PA,ejected_below_floor,69972.7062375,2026-08-21|EUR,1000000.0
MUM.DE,ejected_below_floor,505627.5150000001,2026-08-21|EUR,1000000.0
FMM-B.ST,ejected_below_floor,147250.41135,2026-08-21|SEK,1000000.0
OEWA.DE,ejected_below_floor,54844.27481249999,2026-08-21|EUR,1000000.0
ADW-A.TO,ejected_below_floor,845251.296,2026-08-21|CAD,1000000.0
ADW-B.TO,ejected_below_floor,26385.7104,2026-08-21|CAD,1000000.0
0IZM.L,ejected_below_floor,25100.5426035,2026-08-21|NOK,1000000.0
FLUX.BR,ejected_below_floor,63164.853,2026-08-21|EUR,1000000.0
OPTER.ST,ejected_below_floor,23875.757639999996,2026-08-21|SEK,1000000.0
PREV-B.ST,ejected_below_floor,175395.22133,2026-08-21|SEK,1000000.0
HOLCO.AS,ejected_below_floor,22194.6975,2026-08-21|EUR,1000000.0
SKF-A.ST,ejected_below_floor,170253.086395,2026-08-21|SEK,1000000.0
ALEXA.PA,ejected_below_floor,3522.6,2026-08-21|EUR,1000000.0
Y.TO,ejected_below_floor,30279.737520000002,2026-08-21|CAD,1000000.0
008700.KS,ejected_below_floor,919596.7779457654,2026-08-21|KRW,1000000.0
MSN.DE,ejected_below_floor,8371.737,2026-08-21|EUR,1000000.0
0HQW.L,ejected_below_floor,230453.55000000002,2026-08-21|USD,1000000.0
ILM1.DE,ejected_below_floor,420626.458575,2026-08-21|EUR,1000000.0
EG7.ST,ejected_below_floor,317172.8113932,2026-08-21|SEK,1000000.0
0HJH.L,ejected_below_floor,12611.87,2026-08-21|USD,1000000.0
DNG.TO,ejected_below_floor,562435.791684,2026-08-21|CAD,1000000.0
IBS.LS,ejected_below_floor,584872.9790625,2026-08-21|EUR,1000000.0
LEI.DE,ejected_below_floor,83307.751875,2026-08-21|EUR,1000000.0
BIRG.DE,ejected_below_floor,94420.79009999998,2026-08-21|EUR,1000000.0
CAG.ST,ejected_below_floor,45558.09916,2026-08-21|SEK,1000000.0
CHH.L,ejected_below_floor,252332.04567999998,2026-08-21|GBp,1000000.0
083420.KS,ejected_below_floor,258881.2434271632,2026-08-21|KRW,1000000.0
48Z.DE,ejected_below_floor,64555.005375,2026-08-21|EUR,1000000.0
0LOZ.L,ejected_below_floor,228033.86,2026-08-21|USD,1000000.0
0RPY.L,ejected_below_floor,86476.078310027,2026-08-21|SEK,1000000.0
ALTUV.PA,ejected_below_floor,25660.33335,2026-08-21|EUR,1000000.0
0KBK.L,ejected_below_floor,187519.44,2026-08-21|USD,1000000.0
POLYG.ST,ejected_below_floor,3720.875501,2026-08-21|SEK,1000000.0
018500.KS,ejected_below_floor,164203.35188835498,2026-08-21|KRW,1000000.0
CTC.TO,ejected_below_floor,58843.8432,2026-08-21|CAD,1000000.0
WEHB.BR,ejected_below_floor,82099.98675,2026-08-21|EUR,1000000.0
MCB.TO,ejected_below_floor,123247.64034000001,2026-08-21|CAD,1000000.0
RBY.TO,ejected_below_floor,394016.6892,2026-08-21|CAD,1000000.0
VRLA.PA,ejected_below_floor,564799.4777249999,2026-08-21|EUR,1000000.0
0KIZ.L,ejected_below_floor,222589.06702375002,2026-08-21|SEK,1000000.0
GLW.DE,ejected_below_floor,790742.8656000001,2026-08-21|EUR,1000000.0
PHI1.DE,ejected_below_floor,231613.568775,2026-08-21|EUR,1000000.0
TESB.BR,ejected_below_floor,344085.829875,2026-08-21|EUR,1000000.0
PER.DE,ejected_below_floor,150203.3859,2026-08-21|EUR,1000000.0
CLEM.ST,ejected_below_floor,7490.0761992,2026-08-21|SEK,1000000.0
PSD.TO,ejected_below_floor,56916.9201,2026-08-21|CAD,1000000.0
0SGO.L,ejected_below_floor,334005.125,2026-08-21|USD,1000000.0
AHOG.DE,ejected_below_floor,111967.022925,2026-08-21|EUR,1000000.0
HSD.L,ejected_below_floor,25558.159614599997,2026-08-21|GBp,1000000.0
SVN.IC,ejected_below_floor,377824.185684,2026-08-21|ISK,1000000.0
NNH.ST,ejected_below_floor,17946.581975,2026-08-21|SEK,1000000.0
003535.KS,ejected_below_floor,98399.1146534292,2026-08-21|KRW,1000000.0
0OGG.L,ejected_below_floor,21385.862190000003,2026-08-21|EUR,1000000.0
068290.KS,ejected_below_floor,109981.1437785152,2026-08-21|KRW,1000000.0
ALPAS.PA,ejected_below_floor,4224.339,2026-08-21|EUR,1000000.0
BUR.PA,ejected_below_floor,53363.91375,2026-08-21|EUR,1000000.0
5UR.DE,ejected_below_floor,157589.07299999997,2026-08-21|EUR,1000000.0
BOUV.OL,ejected_below_floor,734634.6985185001,2026-08-21|NOK,1000000.0
0LO3.L,ejected_below_floor,297259.51,2026-08-21|USD,1000000.0
KNOW.ST,ejected_below_floor,449630.11524899997,2026-08-21|SEK,1000000.0
VEE.DE,ejected_below_floor,77928.83437499999,2026-08-21|EUR,1000000.0
006805.KS,ejected_below_floor,765342.1899365308,2026-08-21|KRW,1000000.0
NELLY.ST,ejected_below_floor,742064.3384700001,2026-08-21|SEK,1000000.0
VRS.DE,ejected_below_floor,4745.428875,2026-08-21|EUR,1000000.0
004720.KS,ejected_below_floor,103404.15947,2026-08-21|KRW,1000000.0
HFPC-U.TO,ejected_below_floor,38798.68,2026-08-21|USD,1000000.0
EBO.DE,ejected_below_floor,114742.321875,2026-08-21|EUR,1000000.0
MLB1.DE,ejected_below_floor,419567.38424999994,2026-08-21|EUR,1000000.0
NTEK-B.ST,ejected_below_floor,56576.221191,2026-08-21|SEK,1000000.0
WSTEP.OL,ejected_below_floor,21614.6127275,2026-08-21|NOK,1000000.0
RING.OL,ejected_below_floor,34207.626726,2026-08-21|NOK,1000000.0
OBS.DE,ejected_below_floor,3365.7515999999996,2026-08-21|EUR,1000000.0
0RRC.L,ejected_below_floor,8278.2027,2026-08-21|EUR,1000000.0
0HDK.L,ejected_below_floor,13827.67295,2026-08-21|SEK,1000000.0
WIL.L,ejected_below_floor,464383.81994899997,2026-08-21|GBp,1000000.0
SBT.PA,ejected_below_floor,40237.871849999996,2026-08-21|EUR,1000000.0
0JZS.L,ejected_below_floor,364372.38,2026-08-21|USD,1000000.0
OGUN-B.ST,ejected_below_floor,20065.52576,2026-08-21|SEK,1000000.0
0QB4.L,ejected_below_floor,112549.27162500001,2026-08-21|EUR,1000000.0
0J66.L,ejected_below_floor,137237.1,2026-08-21|USD,1000000.0
SAMS.PA,ejected_below_floor,33786.8325,2026-08-21|EUR,1000000.0
0O2W.L,ejected_below_floor,93842.064,2026-08-21|EUR,1000000.0
ALPDX.PA,ejected_below_floor,28097.138249999996,2026-08-21|EUR,1000000.0
PAT.DE,ejected_below_floor,897285.1308749999,2026-08-21|EUR,1000000.0
PROF-B.ST,ejected_below_floor,24992.06094,2026-08-21|SEK,1000000.0
ARBB.L,ejected_below_floor,252786.71751999998,2026-08-21|GBp,1000000.0
0IQE.L,ejected_below_floor,13048.199999999999,2026-08-21|USD,1000000.0
MFX.L,ejected_below_floor,16021.9861104,2026-08-21|GBp,1000000.0
0RS2.L,ejected_below_floor,45292.9303125,2026-08-21|EUR,1000000.0
0GOX.L,ejected_below_floor,188116.16793749997,2026-08-21|EUR,1000000.0
PAY.BR,ejected_below_floor,36662.85,2026-08-21|EUR,1000000.0
RPL.DE,ejected_below_floor,11918.02185,2026-08-21|EUR,1000000.0
SWEC-A.ST,ejected_below_floor,18651.33312,2026-08-21|SEK,1000000.0
UPAB.DE,ejected_below_floor,128100.2644125,2026-08-21|EUR,1000000.0
WSU.DE,ejected_below_floor,194935.23787500002,2026-08-21|EUR,1000000.0
0O80.L,ejected_below_floor,2732.3325,2026-08-21|EUR,1000000.0
097870.KQ,ejected_below_floor,146694.4907444492,2026-08-21|KRW,1000000.0
MKC-V,ejected_below_floor,262890.6,2026-08-21|USD,1000000.0
REACH.OL,ejected_below_floor,176481.68382,2026-08-21|NOK,1000000.0
BYGGP.ST,ejected_below_floor,174344.00966500002,2026-08-21|SEK,1000000.0
0RG7.L,ejected_below_floor,17853.272,2026-08-21|CHF,1000000.0
VIO.BR,ejected_below_floor,103835.58749999998,2026-08-21|EUR,1000000.0
002030.KS,ejected_below_floor,748363.561334076,2026-08-21|KRW,1000000.0
ALC.TO,ejected_below_floor,96059.85696,2026-08-21|CAD,1000000.0
0I6K.L,ejected_below_floor,295284.528,2026-08-21|USD,1000000.0
0R08.L,ejected_below_floor,894425.4,2026-08-21|USD,1000000.0
MMM.DE,ejected_below_floor,169346.6775,2026-08-21|EUR,1000000.0
0JXQ.L,ejected_below_floor,93748.04999999999,2026-08-21|USD,1000000.0
ALCAT.PA,ejected_below_floor,96193.672965,2026-08-21|EUR,1000000.0
EIM.IC,ejected_below_floor,179700.41098400002,2026-08-21|ISK,1000000.0
0O0E.L,ejected_below_floor,521.40621375,2026-08-21|EUR,1000000.0
037270.KS,ejected_below_floor,760445.6159015144,2026-08-21|KRW,1000000.0
PRG.DE,ejected_below_floor,569242.19475,2026-08-21|EUR,1000000.0
ENJ,ejected_below_floor,32471.0,2026-08-21|USD,1000000.0
ENO,ejected_below_floor,154888.83,2026-08-21|USD,1000000.0
LNA.PA,ejected_below_floor,154219.65975,2026-08-21|EUR,1000000.0
0O33.L,ejected_below_floor,326.7675,2026-08-21|EUR,1000000.0
0QQA.L,ejected_below_floor,17176.6912,2026-08-21|CHF,1000000.0
O4B.DE,ejected_below_floor,2158.0559999999996,2026-08-21|EUR,1000000.0
CVG.TO,ejected_below_floor,29522.567976000002,2026-08-21|CAD,1000000.0
BRNL.AS,ejected_below_floor,714207.2890499999,2026-08-21|EUR,1000000.0
0JQZ.L,ejected_below_floor,177953.75,2026-08-21|USD,1000000.0
CRAD-B.ST,ejected_below_floor,65451.822610999996,2026-08-21|SEK,1000000.0
JIN.OL,ejected_below_floor,33069.607427999996,2026-08-21|NOK,1000000.0
PRH,ejected_below_floor,978040.79,2026-08-21|USD,1000000.0
XANO-B.ST,ejected_below_floor,52082.772084000004,2026-08-21|SEK,1000000.0
FTE.DE,ejected_below_floor,84418.20517500001,2026-08-21|EUR,1000000.0
DXT.TO,ejected_below_floor,420913.638912,2026-08-21|CAD,1000000.0
0UKI.L,ejected_below_floor,145658.78208,2026-08-21|CAD,1000000.0
KABE-B.ST,ejected_below_floor,95532.0065,2026-08-21|SEK,1000000.0
TCBIO,ejected_below_floor,314786.49,2026-08-21|USD,1000000.0
UNI.TO,ejected_below_floor,8813.249928,2026-08-21|CAD,1000000.0
TEQ.ST,ejected_below_floor,223065.70820800003,2026-08-21|SEK,1000000.0
ALNSC.PA,ejected_below_floor,494.78625,2026-08-21|EUR,1000000.0
REITIR.IC,ejected_below_floor,768066.892192,2026-08-21|ISK,1000000.0
0I35.L,ejected_below_floor,309316.7,2026-08-21|USD,1000000.0
001790.KS,ejected_below_floor,935005.979286681,2026-08-21|KRW,1000000.0
001795.KS,ejected_below_floor,139807.14857381998,2026-08-21|KRW,1000000.0
FPMB.DE,ejected_below_floor,533693.59875,2026-08-21|EUR,1000000.0
029460.KS,ejected_below_floor,993355.528984488,2026-08-21|KRW,1000000.0
AXA.DE,ejected_below_floor,951273.72675,2026-08-21|EUR,1000000.0
RNL.DE,ejected_below_floor,298518.10199999996,2026-08-21|EUR,1000000.0
KWG.DE,ejected_below_floor,11152.644299999998,2026-08-21|EUR,1000000.0
0RVA.L,ejected_below_floor,67459.342725,2026-08-21|EUR,1000000.0
081580.KQ,ejected_below_floor,106845.02828442,2026-08-21|KRW,1000000.0
084010.KS,ejected_below_floor,219430.459429428,2026-08-21|KRW,1000000.0
0QOW.L,ejected_below_floor,172943.1,2026-08-21|USD,1000000.0
0R86.L,ejected_below_floor,32319.84686,2026-08-21|SEK,1000000.0
CEDER.ST,ejected_below_floor,67324.470906,2026-08-21|SEK,1000000.0
ENGCON-B.ST,ejected_below_floor,887040.55545,2026-08-21|SEK,1000000.0
0J46.L,ejected_below_floor,174834.0,2026-08-21|USD,1000000.0
ASCE.BR,ejected_below_floor,218240.71312499998,2026-08-21|EUR,1000000.0
MXG.TO,ejected_below_floor,31305.752639999995,2026-08-21|CAD,1000000.0
ALTRI.PA,ejected_below_floor,4539.310425000001,2026-08-21|EUR,1000000.0
RAY.TO,ejected_below_floor,433845.98661599995,2026-08-21|CAD,1000000.0
ALMGI.PA,ejected_below_floor,1292.214825,2026-08-21|EUR,1000000.0
TEXF.BR,ejected_below_floor,10365.250499999998,2026-08-21|EUR,1000000.0
016610.KS,ejected_below_floor,652813.2912448231,2026-08-21|KRW,1000000.0
0JZ1.L,ejected_below_floor,101373.72,2026-08-21|USD,1000000.0
HMI.DE,ejected_below_floor,698543.1675,2026-08-21|EUR,1000000.0
VALUE.AS,ejected_below_floor,14054.47875,2026-08-21|EUR,1000000.0
KMY.DE,ejected_below_floor,121400.68477499999,2026-08-21|EUR,1000000.0
BWO.OL,ejected_below_floor,338591.938334,2026-08-21|NOK,1000000.0
ALDEL.PA,ejected_below_floor,33544.422,2026-08-21|EUR,1000000.0
JCSE,ejected_below_floor,38044.5425,2026-08-21|USD,1000000.0
0KU1.L,ejected_below_floor,635973.47,2026-08-21|USD,1000000.0
2HP.DE,ejected_below_floor,491553.29115,2026-08-21|EUR,1000000.0
FIRE.ST,ejected_below_floor,28615.304200000002,2026-08-21|SEK,1000000.0
0OR2.L,ejected_below_floor,6203.599875,2026-08-21|EUR,1000000.0
WEB.BR,ejected_below_floor,23795.974125,2026-08-21|EUR,1000000.0
145720.KS,ejected_below_floor,695888.985287872,2026-08-21|KRW,1000000.0
NRP.AS,ejected_below_floor,45727.98299999999,2026-08-21|EUR,1000000.0
2HRA.DE,ejected_below_floor,61116.414749999996,2026-08-21|EUR,1000000.0
0QO9.L,ejected_below_floor,41943.686400000006,2026-08-21|CHF,1000000.0
IAM.PA,ejected_below_floor,2075.993325,2026-08-21|EUR,1000000.0
KEQU,ejected_below_floor,178825.68,2026-08-21|USD,1000000.0
IDIP.PA,ejected_below_floor,32332.60125,2026-08-21|EUR,1000000.0
0F2Z.L,ejected_below_floor,57528.46125,2026-08-21|EUR,1000000.0
085310.KS,ejected_below_floor,184541.71429462,2026-08-21|KRW,1000000.0
081000.KS,ejected_below_floor,259617.42288910798,2026-08-21|KRW,1000000.0
INISS-B.ST,ejected_below_floor,137426.52539,2026-08-21|SEK,1000000.0
0LS8.L,ejected_below_floor,64338.75,2026-08-21|USD,1000000.0
GREEN.ST,ejected_below_floor,222606.1946185,2026-08-21|SEK,1000000.0
ACRI-A.ST,ejected_below_floor,4018.6918800000003,2026-08-21|SEK,1000000.0
ACRI-B.ST,ejected_below_floor,27837.189727200002,2026-08-21|SEK,1000000.0
SMCP.PA,ejected_below_floor,703271.5163999998,2026-08-21|EUR,1000000.0
ALQWA.PA,ejected_below_floor,1416.5718749999999,2026-08-21|EUR,1000000.0
0VFA.L,ejected_below_floor,26276.194032,2026-08-21|CAD,1000000.0
LSS.PA,ejected_below_floor,930462.1132499998,2026-08-21|EUR,1000000.0
SCA-A.ST,ejected_below_floor,167340.06635500002,2026-08-21|SEK,1000000.0
0IP1.L,ejected_below_floor,7073.8211249999995,2026-08-21|EUR,1000000.0
BLC.PA,ejected_below_floor,64309.46625,2026-08-21|EUR,1000000.0
AO.L,ejected_below_floor,798068.8689915601,2026-08-21|GBp,1000000.0
ODET.PA,ejected_below_floor,628436.475,2026-08-21|EUR,1000000.0
0K8M.L,ejected_below_floor,982569.6,2026-08-21|USD,1000000.0
UBCP,ejected_below_floor,129074.22,2026-08-21|USD,1000000.0
PHAR.L,ejected_below_floor,336546.96199478,2026-08-21|GBp,1000000.0
ALPRI.PA,ejected_below_floor,7195.8375,2026-08-21|EUR,1000000.0
BORG.ST,ejected_below_floor,98918.90823500001,2026-08-21|SEK,1000000.0
TALK.ST,ejected_below_floor,17745.240884,2026-08-21|SEK,1000000.0
STF.PA,ejected_below_floor,326071.09125,2026-08-21|EUR,1000000.0
EXE.PA,ejected_below_floor,47551.797562499996,2026-08-21|EUR,1000000.0
BIG.PA,ejected_below_floor,13667.687999999998,2026-08-21|EUR,1000000.0
OLY.TO,ejected_below_floor,195944.88,2026-08-21|CAD,1000000.0
TMI.L,ejected_below_floor,9643.140000000001,2026-08-21|USD,1000000.0
0NY3.L,ejected_below_floor,7611.597,2026-08-21|EUR,1000000.0
060380.KQ,ejected_below_floor,34199.34724113632,2026-08-21|KRW,1000000.0
SJOVA.IC,ejected_below_floor,361858.1960526,2026-08-21|ISK,1000000.0
BSN.DE,ejected_below_floor,233919.89842500002,2026-08-21|EUR,1000000.0
VSSAB-B.ST,ejected_below_floor,13333.726980000001,2026-08-21|SEK,1000000.0
SFAST.ST,ejected_below_floor,115735.43897300001,2026-08-21|SEK,1000000.0
EAST.ST,ejected_below_floor,386349.070002,2026-08-21|SEK,1000000.0
JAG.TO,ejected_below_floor,833626.0573439999,2026-08-21|CAD,1000000.0
NFS.DE,ejected_below_floor,6951.3412499999995,2026-08-21|EUR,1000000.0
ZAL.OL,ejected_below_floor,62405.031,2026-08-21|NOK,1000000.0
MLHK.PA,ejected_below_floor,55126.024875,2026-08-21|EUR,1000000.0
QDT.PA,ejected_below_floor,990867.7507499999,2026-08-21|EUR,1000000.0
MKZ-UN.TO,ejected_below_floor,1561.2982920000002,2026-08-21|CAD,1000000.0
0KRX.L,ejected_below_floor,332010.612,2026-08-21|USD,1000000.0
005305.KS,ejected_below_floor,82503.79818296,2026-08-21|KRW,1000000.0
PACT.ST,ejected_below_floor,683876.9195160001,2026-08-21|SEK,1000000.0
AIL.DE,ejected_below_floor,184565.5146,2026-08-21|EUR,1000000.0
SPOL.OL,ejected_below_floor,737017.3892016,2026-08-21|NOK,1000000.0
EXS.ST,ejected_below_floor,89440.17992000001,2026-08-21|SEK,1000000.0
VP.L,ejected_below_floor,157143.0182777,2026-08-21|GBp,1000000.0
008420.KS,ejected_below_floor,503541.91796208516,2026-08-21|KRW,1000000.0
DBM.TO,ejected_below_floor,901400.75334,2026-08-21|CAD,1000000.0
ALAUD.PA,ejected_below_floor,30499.690499999997,2026-08-21|EUR,1000000.0
ERAG.DE,ejected_below_floor,86827.68675,2026-08-21|EUR,1000000.0
E4C.DE,ejected_below_floor,3471.8467499999997,2026-08-21|EUR,1000000.0
MEKO.ST,ejected_below_floor,604322.83002,2026-08-21|SEK,1000000.0
CFEB.BR,ejected_below_floor,65098.459125,2026-08-21|EUR,1000000.0
MA10.DE,ejected_below_floor,14083.331624999999,2026-08-21|EUR,1000000.0
FREY.PA,ejected_below_floor,18418.563,2026-08-21|EUR,1000000.0
MPN.DE,ejected_below_floor,29417.417999999998,2026-08-21|EUR,1000000.0
VOXR.TO,ejected_below_floor,116832.975696,2026-08-21|CAD,1000000.0
0RGB.L,ejected_below_floor,7246.152984,2026-08-21|SEK,1000000.0
ALRFG.PA,ejected_below_floor,2542.761,2026-08-21|EUR,1000000.0
ALHEX.PA,ejected_below_floor,107586.808875,2026-08-21|EUR,1000000.0
0DLI.L,ejected_below_floor,29471.6475,2026-08-21|EUR,1000000.0
P4O.DE,ejected_below_floor,202617.40275,2026-08-21|EUR,1000000.0
0S9E.L,ejected_below_floor,263.684592,2026-08-21|CAD,1000000.0
0R8X.L,ejected_below_floor,18589.760000000002,2026-08-21|CHF,1000000.0
ALFLE.PA,ejected_below_floor,35775.2475,2026-08-21|EUR,1000000.0
PION-B.ST,ejected_below_floor,6458.6995031999995,2026-08-21|SEK,1000000.0
001685.KS,ejected_below_floor,44160.2492057036,2026-08-21|KRW,1000000.0
BASS.PA,ejected_below_floor,69156.5175,2026-08-21|EUR,1000000.0
VVD.DE,ejected_below_floor,159989.65537499997,2026-08-21|EUR,1000000.0
066670.KQ,ejected_below_floor,65095.335390444,2026-08-21|KRW,1000000.0
PPX.DE,ejected_below_floor,179312.97037499998,2026-08-21|EUR,1000000.0
CTAC.AS,ejected_below_floor,3893.979375,2026-08-21|EUR,1000000.0
FC9.DE,ejected_below_floor,4380.075,2026-08-21|EUR,1000000.0
PCE1.DE,ejected_below_floor,299007.90562499996,2026-08-21|EUR,1000000.0
PRCO-B.ST,ejected_below_floor,2609.773278,2026-08-21|SEK,1000000.0
ALWEC.PA,ejected_below_floor,17016.591375,2026-08-21|EUR,1000000.0
0OPN.L,ejected_below_floor,86457.81375,2026-08-21|EUR,1000000.0
MORE.AS,ejected_below_floor,7548.32925,2026-08-21|EUR,1000000.0
SAM.TO,ejected_below_floor,68881.719876,2026-08-21|CAD,1000000.0
LUMEN.ST,ejected_below_floor,30625.233828000004,2026-08-21|SEK,1000000.0
003220.KS,ejected_below_floor,722582.3637979776,2026-08-21|KRW,1000000.0
4I1.DE,ejected_below_floor,83079.03779999999,2026-08-21|EUR,1000000.0
033250.KS,ejected_below_floor,200797.956714047,2026-08-21|KRW,1000000.0
EIK.IC,ejected_below_floor,260905.2518612,2026-08-21|ISK,1000000.0
STCM.L,ejected_below_floor,14616.617103999999,2026-08-21|GBp,1000000.0
0FRI.L,ejected_below_floor,13674.003187499999,2026-08-21|EUR,1000000.0
WDH,ejected_below_floor,197391.0,2026-08-21|USD,1000000.0
NMAN.ST,ejected_below_floor,428138.358284,2026-08-21|SEK,1000000.0
ABO.BR,ejected_below_floor,2940.3513,2026-08-21|EUR,1000000.0
0DUI.L,ejected_below_floor,692368.8682409999,2026-08-21|EUR,1000000.0
AUD.DE,ejected_below_floor,110411.43581250001,2026-08-21|EUR,1000000.0
WFC.TO,ejected_below_floor,8512.604640000001,2026-08-21|CAD,1000000.0
ALSOG.PA,ejected_below_floor,23058.661500000002,2026-08-21|EUR,1000000.0
001630.KS,ejected_below_floor,209029.78193712,2026-08-21|KRW,1000000.0
117580.KS,ejected_below_floor,631392.0056079808,2026-08-21|KRW,1000000.0
3E2.DE,ejected_below_floor,8526.68505,2026-08-21|EUR,1000000.0
GOD.OL,ejected_below_floor,104301.57231,2026-08-21|NOK,1000000.0
007980.KS,ejected_below_floor,285263.71016324253,2026-08-21|KRW,1000000.0
ALVAP.PA,ejected_below_floor,2580.3508500000003,2026-08-21|EUR,1000000.0
ALMRB.PA,ejected_below_floor,19873.4547375,2026-08-21|EUR,1000000.0
ENRO.ST,ejected_below_floor,47201.149611,2026-08-21|SEK,1000000.0
0W2Y.L,ejected_below_floor,118899.9,2026-08-21|USD,1000000.0
AFK.OL,ejected_below_floor,109453.10922,2026-08-21|NOK,1000000.0
0F0J.L,ejected_below_floor,253753.6220187605,2026-08-21|NOK,1000000.0
DTOL.TO,ejected_below_floor,188976.17869200002,2026-08-21|CAD,1000000.0
0QLM.L,ejected_below_floor,2789.88448,2026-08-21|CHF,1000000.0
ALBKK.PA,ejected_below_floor,88036.610625,2026-08-21|EUR,1000000.0
SQU.DE,ejected_below_floor,331220.86593749997,2026-08-21|EUR,1000000.0
LBG.L,ejected_below_floor,206967.6770562,2026-08-21|GBp,1000000.0
ALG.DE,ejected_below_floor,1282.968,2026-08-21|EUR,1000000.0
FNOVA-B.ST,ejected_below_floor,78645.28728,2026-08-21|SEK,1000000.0
LTHM.L,ejected_below_floor,138177.207918,2026-08-21|GBp,1000000.0
QSP-UN.TO,ejected_below_floor,838.1208,2026-08-21|CAD,1000000.0
COVH.PA,ejected_below_floor,15695.26875,2026-08-21|EUR,1000000.0
CCEC,ejected_below_floor,301391.3,2026-08-21|USD,1000000.0
PHM7.DE,ejected_below_floor,185209.617375,2026-08-21|EUR,1000000.0
HVT-A,ejected_below_floor,33082.56,2026-08-21|USD,1000000.0
SOTK,ejected_below_floor,248422.65,2026-08-21|USD,1000000.0
USWE.ST,ejected_below_floor,4902.2131094999995,2026-08-21|SEK,1000000.0
EMB.ST,ejected_below_floor,5848.334876999999,2026-08-21|SEK,1000000.0
FAR.TO,ejected_below_floor,366883.340544,2026-08-21|CAD,1000000.0
AFG.OL,ejected_below_floor,605790.7708320001,2026-08-21|NOK,1000000.0
ALMOU.PA,ejected_below_floor,18629.918999999998,2026-08-21|EUR,1000000.0
MEMS.PA,ejected_below_floor,160922.9010375,2026-08-21|EUR,1000000.0
MALT.PA,ejected_below_floor,9559.6875,2026-08-21|EUR,1000000.0
WRG.TO,ejected_below_floor,4751.19612,2026-08-21|CAD,1000000.0
ALTXC.PA,ejected_below_floor,4509.3915,2026-08-21|EUR,1000000.0
0OQ2.L,ejected_below_floor,559079.262,2026-08-21|EUR,1000000.0
PAT.PA,ejected_below_floor,28981.843875,2026-08-21|EUR,1000000.0
0Y3K.L,ejected_below_floor,680252.5800000001,2026-08-21|USD,1000000.0
SACI.PA,ejected_below_floor,876.015,2026-08-21|EUR,1000000.0
NSI.AS,ejected_below_floor,953758.8978749998,2026-08-21|EUR,1000000.0
IMDA.PA,ejected_below_floor,27944.8785,2026-08-21|EUR,1000000.0
0VL8.L,ejected_below_floor,78347.0436,2026-08-21|CAD,1000000.0
RATO-A.ST,ejected_below_floor,9102.30167,2026-08-21|SEK,1000000.0
GENT.OL,ejected_below_floor,18734.444976,2026-08-21|NOK,1000000.0
005945.KS,ejected_below_floor,987199.546806016,2026-08-21|KRW,1000000.0
AVT-B.ST,ejected_below_floor,45335.6014636,2026-08-21|SEK,1000000.0
TST.L,ejected_below_floor,7921.5066005,2026-08-21|GBp,1000000.0
VBNK.TO,ejected_below_floor,675559.162776,2026-08-21|CAD,1000000.0
ORES.ST,ejected_below_floor,675430.912464,2026-08-21|SEK,1000000.0
SYP.DE,ejected_below_floor,115998.98625,2026-08-21|EUR,1000000.0
ENDUR.OL,ejected_below_floor,960070.098026,2026-08-21|NOK,1000000.0
MAGI.ST,ejected_below_floor,34161.6785132,2026-08-21|SEK,1000000.0
NL,ejected_below_floor,360061.97,2026-08-21|USD,1000000.0
PHAR,ejected_below_floor,156265.94999999998,2026-08-21|USD,1000000.0
004080.KS,ejected_below_floor,54681.35528922,2026-08-21|KRW,1000000.0
0NHS.L,ejected_below_floor,106631.03880000001,2026-08-21|USD,1000000.0
0YG8.L,kept_no_reading,,not-captured,1000000.0
0IKW.L,ejected_below_floor,300193.02,2026-08-21|USD,1000000.0
FAS.DE,ejected_below_floor,9800.96821875,2026-08-21|EUR,1000000.0
ROU.BR,ejected_below_floor,5466.634875,2026-08-21|EUR,1000000.0
0CHZ.L,ejected_below_floor,3683.1564,2026-08-21|EUR,1000000.0
STEF-B.ST,ejected_below_floor,396781.471548,2026-08-21|SEK,1000000.0
EMIL-B.ST,ejected_below_floor,154036.51396,2026-08-21|SEK,1000000.0
075130.KQ,ejected_below_floor,58731.7125713266,2026-08-21|KRW,1000000.0
GMM.DE,ejected_below_floor,23241.859875,2026-08-21|EUR,1000000.0
RCI-A.TO,ejected_below_floor,66902.31,2026-08-21|CAD,1000000.0
M7U.DE,ejected_below_floor,675315.907875,2026-08-21|EUR,1000000.0
ADVE.ST,ejected_below_floor,78479.686656,2026-08-21|SEK,1000000.0
GOS.DE,ejected_below_floor,333455.10974999995,2026-08-21|EUR,1000000.0
ALBOU.PA,ejected_below_floor,1561.995,2026-08-21|EUR,1000000.0
FLO.L,ejected_below_floor,79374.742425,2026-08-21|GBp,1000000.0
000860.KS,ejected_below_floor,204102.146673744,2026-08-21|KRW,1000000.0
PBL.TO,ejected_below_floor,209692.8285,2026-08-21|CAD,1000000.0
URB-A.TO,ejected_below_floor,67262.7882,2026-08-21|CAD,1000000.0
URB.TO,ejected_below_floor,7816.51872,2026-08-21|CAD,1000000.0
SLEEP.ST,ejected_below_floor,83115.11265750001,2026-08-21|SEK,1000000.0
159580.KQ,ejected_below_floor,91675.4599951336,2026-08-21|KRW,1000000.0
GDL.TO,ejected_below_floor,21900.721859999998,2026-08-21|CAD,1000000.0
0I5O.L,ejected_below_floor,13280.9866,2026-08-21|SEK,1000000.0
ELIMP.OL,ejected_below_floor,362166.994384,2026-08-21|NOK,1000000.0
TFF.PA,ejected_below_floor,67428.82125,2026-08-21|EUR,1000000.0
NVM.DE,ejected_below_floor,17015.780249999996,2026-08-21|EUR,1000000.0
0GXK.L,ejected_below_floor,22719.742710000002,2026-08-21|SEK,1000000.0
MLL.DE,ejected_below_floor,1346.5602000000001,2026-08-21|EUR,1000000.0
MRC.TO,ejected_below_floor,158724.84096,2026-08-21|CAD,1000000.0
RBO.PA,ejected_below_floor,28007.451,2026-08-21|EUR,1000000.0
RECT.BR,ejected_below_floor,615939.7270499999,2026-08-21|EUR,1000000.0
ARION-SDB.ST,ejected_below_floor,48721.971625599996,2026-08-21|SEK,1000000.0
CWL.TO,ejected_below_floor,11452.690716,2026-08-21|CAD,1000000.0
UNH.DE,ejected_below_floor,553546.4625,2026-08-21|EUR,1000000.0
0JR2.L,ejected_below_floor,881633.7000000001,2026-08-21|USD,1000000.0
ALGEV.PA,ejected_below_floor,2485.5187499999997,2026-08-21|EUR,1000000.0
DTD2.DE,ejected_below_floor,5684.5957499999995,2026-08-21|EUR,1000000.0
ORCH.L,ejected_below_floor,35221.1270218,2026-08-21|GBp,1000000.0
0OHK.L,ejected_below_floor,219942.59096771004,2026-08-21|NOK,1000000.0
FORA.TO,ejected_below_floor,19282.5288,2026-08-21|CAD,1000000.0
FLOB.BR,ejected_below_floor,35446.1625,2026-08-21|EUR,1000000.0
KETL.L,ejected_below_floor,140235.95321378496,2026-08-21|GBp,1000000.0
GENO.ST,ejected_below_floor,130147.01880600002,2026-08-21|SEK,1000000.0
HLF.TO,ejected_below_floor,261336.91932000002,2026-08-21|CAD,1000000.0
FOU.BR,ejected_below_floor,1548.669375,2026-08-21|EUR,1000000.0
QBY0.DE,ejected_below_floor,93738.47175,2026-08-21|EUR,1000000.0
0RNQ.L,ejected_below_floor,369370.69092,2026-08-21|SEK,1000000.0
YSN.DE,ejected_below_floor,759655.6425,2026-08-21|EUR,1000000.0
BOS.TO,ejected_below_floor,103490.660412,2026-08-21|CAD,1000000.0
3RB.DE,ejected_below_floor,324641.3328,2026-08-21|EUR,1000000.0
0QNJ.L,ejected_below_floor,366053.9904,2026-08-21|CHF,1000000.0
002870.KS,ejected_below_floor,120786.36741941064,2026-08-21|KRW,1000000.0
018470.KS,ejected_below_floor,740789.0558173056,2026-08-21|KRW,1000000.0
003460.KS,ejected_below_floor,171819.20816513558,2026-08-21|KRW,1000000.0
003465.KS,ejected_below_floor,14058.9603668748,2026-08-21|KRW,1000000.0
VBG-B.ST,ejected_below_floor,585986.89688,2026-08-21|SEK,1000000.0
FQT.DE,ejected_below_floor,235933.55099999998,2026-08-21|EUR,1000000.0
CSH.DE,ejected_below_floor,68869.263375,2026-08-21|EUR,1000000.0
OPXS,ejected_below_floor,397506.79,2026-08-21|USD,1000000.0
ALT.L,ejected_below_floor,15722.2815892,2026-08-21|GBp,1000000.0
CNCJO-B.ST,ejected_below_floor,16849.8218,2026-08-21|SEK,1000000.0
011500.KS,ejected_below_floor,902977.8366231103,2026-08-21|KRW,1000000.0
ELON.ST,ejected_below_floor,5897.54186,2026-08-21|SEK,1000000.0
GGEO.ST,ejected_below_floor,4469.768051,2026-08-21|SEK,1000000.0
SCT.DE,ejected_below_floor,19847.649375,2026-08-21|EUR,1000000.0
ALCOF.PA,ejected_below_floor,9803.025,2026-08-21|EUR,1000000.0
001750.KS,ejected_below_floor,329470.149225544,2026-08-21|KRW,1000000.0
001755.KS,ejected_below_floor,30273.103300216,2026-08-21|KRW,1000000.0
100250.KS,ejected_below_floor,319208.99647396477,2026-08-21|KRW,1000000.0
TRX.TO,ejected_below_floor,183719.24208,2026-08-21|CAD,1000000.0
SUS.ST,ejected_below_floor,857605.607376,2026-08-21|SEK,1000000.0
MBX.TO,ejected_below_floor,7489.824119999999,2026-08-21|CAD,1000000.0
ALEO2.PA,ejected_below_floor,1200.8358,2026-08-21|EUR,1000000.0
THNC.TO,ejected_below_floor,20749.362396,2026-08-21|CAD,1000000.0
ABS2.DE,ejected_below_floor,42237.132750000004,2026-08-21|EUR,1000000.0
STIL.ST,ejected_below_floor,134279.09208,2026-08-21|SEK,1000000.0
INFREA.ST,ejected_below_floor,16529.52301,2026-08-21|SEK,1000000.0
AW.TO,ejected_below_floor,209546.58864,2026-08-21|CAD,1000000.0
MLFMV.LS,ejected_below_floor,967.2665625,2026-08-21|EUR,1000000.0
0LD9.L,ejected_below_floor,265551.92000000004,2026-08-21|USD,1000000.0
0P2J.L,ejected_below_floor,21271.521374999997,2026-08-21|EUR,1000000.0
PARP.PA,ejected_below_floor,23073.609375,2026-08-21|EUR,1000000.0
CMG.TO,ejected_below_floor,423911.47338,2026-08-21|CAD,1000000.0
PRQ.TO,ejected_below_floor,76436.811036,2026-08-21|CAD,1000000.0
HRPK.DE,ejected_below_floor,75004.72875,2026-08-21|EUR,1000000.0
BNT,ejected_below_floor,916642.4400000001,2026-08-21|USD,1000000.0
145990.KS,ejected_below_floor,394182.035096688,2026-08-21|KRW,1000000.0
145995.KS,ejected_below_floor,21093.576229656,2026-08-21|KRW,1000000.0
003300.KS,ejected_below_floor,262468.5281698816,2026-08-21|KRW,1000000.0
BERG-B.ST,ejected_below_floor,479851.46825000003,2026-08-21|SEK,1000000.0
OGD.TO,ejected_below_floor,18532.777272000003,2026-08-21|CAD,1000000.0
VAF.LS,ejected_below_floor,84104.94870000001,2026-08-21|EUR,1000000.0
010770.KS,ejected_below_floor,183106.8461933994,2026-08-21|KRW,1000000.0
ALODC.PA,ejected_below_floor,50485.57875000001,2026-08-21|EUR,1000000.0
CIV.PA,ejected_below_floor,86457.234375,2026-08-21|EUR,1000000.0
WYR.DE,ejected_below_floor,796.5711,2026-08-21|EUR,1000000.0
ORIO.TO,ejected_below_floor,18942.3567,2026-08-21|CAD,1000000.0
0QN6.L,ejected_below_floor,2278.944,2026-08-21|CHF,1000000.0
MULTI.OL,ejected_below_floor,90734.73778200001,2026-08-21|NOK,1000000.0
0HHU.L,ejected_below_floor,61787.520000000004,2026-08-21|USD,1000000.0
BNP.DE,ejected_below_floor,830473.7611499999,2026-08-21|EUR,1000000.0
ALBFR.PA,ejected_below_floor,428904.82349999994,2026-08-21|EUR,1000000.0
UWS.DE,ejected_below_floor,122871.2428125,2026-08-21|EUR,1000000.0
012800.KS,ejected_below_floor,580058.3863323984,2026-08-21|KRW,1000000.0
SKB.DE,ejected_below_floor,65999.85075,2026-08-21|EUR,1000000.0
SXP.TO,ejected_below_floor,30580.972224,2026-08-21|CAD,1000000.0
0Q3C.L,ejected_below_floor,506268.447782625,2026-08-21|EUR,1000000.0
ALJXR.PA,ejected_below_floor,242845.31166749998,2026-08-21|EUR,1000000.0
TPGXL,ejected_below_floor,577565.6000000001,2026-08-21|USD,1000000.0
0R18.L,ejected_below_floor,846748.1,2026-08-21|USD,1000000.0
0UKH.L,ejected_below_floor,27016.67304,2026-08-21|CAD,1000000.0
NFGAB.ST,ejected_below_floor,2968.67886,2026-08-21|SEK,1000000.0
CGN.DE,ejected_below_floor,7967.449124999999,2026-08-21|EUR,1000000.0
ALLAN.PA,ejected_below_floor,11503.490625,2026-08-21|EUR,1000000.0
0OQX.L,ejected_below_floor,77.86799999999998,2026-08-21|EUR,1000000.0
BRY.TO,ejected_below_floor,1957.8961920000002,2026-08-21|CAD,1000000.0
CHMI,ejected_below_floor,992182.38,2026-08-21|USD,1000000.0
2KD.DE,ejected_below_floor,32172.902325,2026-08-21|EUR,1000000.0
PIERCE.ST,ejected_below_floor,162891.2610416,2026-08-21|SEK,1000000.0
APM.DE,ejected_below_floor,8690.9031,2026-08-21|EUR,1000000.0
OXBR,ejected_below_floor,139501.04,2026-08-21|USD,1000000.0
ACWN.DE,ejected_below_floor,5385.87,2026-08-21|EUR,1000000.0
UPSALE.ST,ejected_below_floor,304276.335517,2026-08-21|SEK,1000000.0
0NWC.L,ejected_below_floor,74961.62324999999,2026-08-21|EUR,1000000.0
KENH.ST,ejected_below_floor,3575.2474295999996,2026-08-21|SEK,1000000.0
SLL.DE,ejected_below_floor,24775.928999999996,2026-08-21|EUR,1000000.0
134380.KS,ejected_below_floor,51836.494238533196,2026-08-21|KRW,1000000.0
0KKZ.L,ejected_below_floor,594263.24,2026-08-21|USD,1000000.0
8GM.DE,ejected_below_floor,11073.8840625,2026-08-21|EUR,1000000.0
ECONB.BR,ejected_below_floor,73008.8514,2026-08-21|EUR,1000000.0
0LF8.L,ejected_below_floor,51494.81999999999,2026-08-21|USD,1000000.0
002880.KS,ejected_below_floor,704723.625866618,2026-08-21|KRW,1000000.0
4PN.DE,ejected_below_floor,37601.4375,2026-08-21|EUR,1000000.0
DIE.DE,ejected_below_floor,4025.0339999999997,2026-08-21|EUR,1000000.0
HUMBLE.ST,ejected_below_floor,184312.243752,2026-08-21|SEK,1000000.0
084690.KS,ejected_below_floor,358756.387943008,2026-08-21|KRW,1000000.0
084695.KS,ejected_below_floor,71048.6963006512,2026-08-21|KRW,1000000.0
FIN.L,ejected_below_floor,25587.013008374997,2026-08-21|GBp,1000000.0
NACON.PA,ejected_below_floor,15749.620614,2026-08-21|EUR,1000000.0
FMC1.DE,ejected_below_floor,84476.07315000001,2026-08-21|EUR,1000000.0
HAGA.IC,ejected_below_floor,965049.462024,2026-08-21|ISK,1000000.0
VCM.TO,ejected_below_floor,25911.733679999998,2026-08-21|CAD,1000000.0
EKI.PA,ejected_below_floor,553282.6382999999,2026-08-21|EUR,1000000.0
0QSV.L,ejected_below_floor,15643.837631249999,2026-08-21|EUR,1000000.0
003120.KS,ejected_below_floor,160313.88348227998,2026-08-21|KRW,1000000.0
CGO.TO,ejected_below_floor,907086.2816400001,2026-08-21|CAD,1000000.0
GBT.TO,ejected_below_floor,13521.921839999999,2026-08-21|CAD,1000000.0
HEIMAR.IC,ejected_below_floor,345434.542608,2026-08-21|ISK,1000000.0
MSAB-B.ST,ejected_below_floor,196191.96223200002,2026-08-21|SEK,1000000.0
0KJD.L,ejected_below_floor,99767.115,2026-08-21|USD,1000000.0
POL.OL,ejected_below_floor,76435.7568,2026-08-21|NOK,1000000.0
PWO.DE,ejected_below_floor,9220.405499999999,2026-08-21|EUR,1000000.0
NVJP.DE,ejected_below_floor,117787.16925,2026-08-21|EUR,1000000.0
GUI.PA,ejected_below_floor,27912.66525,2026-08-21|EUR,1000000.0
017390.KS,ejected_below_floor,207730.05162336,2026-08-21|KRW,1000000.0
LUC.ST,ejected_below_floor,58833.6783076,2026-08-21|SEK,1000000.0
BTS-B.ST,ejected_below_floor,290532.286296,2026-08-21|SEK,1000000.0
SOAG.OL,ejected_below_floor,24004.6443,2026-08-21|NOK,1000000.0
FNTL.L,ejected_below_floor,402045.8072835,2026-08-21|GBp,1000000.0
0G15.L,ejected_below_floor,283.08262499999995,2026-08-21|EUR,1000000.0
NODK,ejected_below_floor,387616.79,2026-08-21|USD,1000000.0
383800.KS,ejected_below_floor,831640.8444374272,2026-08-21|KRW,1000000.0
KLARA-B.ST,ejected_below_floor,351870.4572432,2026-08-21|SEK,1000000.0
0TIQ.L,ejected_below_floor,236295.56,2026-08-21|USD,1000000.0
0DH7.L,ejected_below_floor,38285.032916,2026-08-21|NOK,1000000.0
BEN.PA,ejected_below_floor,469309.4742375,2026-08-21|EUR,1000000.0
ALNG.OL,ejected_below_floor,56059.070121599994,2026-08-21|NOK,1000000.0
AGES-B.ST,ejected_below_floor,2138.882984,2026-08-21|SEK,1000000.0
ENL.DE,ejected_below_floor,199505.08367999998,2026-08-21|EUR,1000000.0
SWP.TO,ejected_below_floor,17413.361279999997,2026-08-21|CAD,1000000.0
0IMT.L,ejected_below_floor,15980.191942,2026-08-21|NOK,1000000.0
JCQ.PA,ejected_below_floor,97606.726875,2026-08-21|EUR,1000000.0
49GP.L,ejected_below_floor,129.500283,2026-08-21|GBp,1000000.0
50GP.L,ejected_below_floor,652.3052395,2026-08-21|GBp,1000000.0
HAI.TO,ejected_below_floor,159493.92102,2026-08-21|CAD,1000000.0
0RPS.L,ejected_below_floor,155212.95797000002,2026-08-21|SEK,1000000.0
0QV6.L,ejected_below_floor,36132.1021755,2026-08-21|EUR,1000000.0
AZT.OL,ejected_below_floor,74247.36488000001,2026-08-21|NOK,1000000.0
105630.KS,ejected_below_floor,503962.3167497568,2026-08-21|KRW,1000000.0
0G67.L,ejected_below_floor,46875.3549264,2026-08-21|NOK,1000000.0
0IFJ.L,ejected_below_floor,317248.1,2026-08-21|USD,1000000.0
0QYK.L,ejected_below_floor,376468.9,2026-08-21|USD,1000000.0
CTM.ST,ejected_below_floor,67070.483242,2026-08-21|SEK,1000000.0
E.TO,ejected_below_floor,150230.74542000002,2026-08-21|CAD,1000000.0
HWO.TO,ejected_below_floor,2984.78106,2026-08-21|CAD,1000000.0
QRC.TO,ejected_below_floor,52831.8,2026-08-21|CAD,1000000.0
0LBY.L,ejected_below_floor,411729.94687499997,2026-08-21|EUR,1000000.0
HWK.AS,ejected_below_floor,1173.16485,2026-08-21|EUR,1000000.0
JOMA.ST,ejected_below_floor,189918.18134100002,2026-08-21|SEK,1000000.0
CRLO.PA,ejected_below_floor,90314.59724999999,2026-08-21|EUR,1000000.0
BRIM.IC,ejected_below_floor,366444.348,2026-08-21|ISK,1000000.0
CVS.DE,ejected_below_floor,33590.9574,2026-08-21|EUR,1000000.0
CEK.DE,ejected_below_floor,197883.4455,2026-08-21|EUR,1000000.0
CUP-U.TO,ejected_below_floor,36999.9,2026-08-21|USD,1000000.0
SMJ.L,ejected_below_floor,6414.526557,2026-08-21|GBp,1000000.0
ELAN-B.ST,ejected_below_floor,51029.319474,2026-08-21|SEK,1000000.0
LORD.L,ejected_below_floor,30281.736564625,2026-08-21|GBp,1000000.0
0KET.L,ejected_below_floor,566868.75,2026-08-21|USD,1000000.0
PIF.TO,ejected_below_floor,447679.73827200005,2026-08-21|CAD,1000000.0
CDMIL.ST,ejected_below_floor,3014.74852,2026-08-21|SEK,1000000.0
ATIC.ST,ejected_below_floor,61769.658132000004,2026-08-21|SEK,1000000.0
LOCAL.PA,ejected_below_floor,60326.3905875,2026-08-21|EUR,1000000.0
ARR.OL,ejected_below_floor,196305.0821784,2026-08-21|NOK,1000000.0
010660.KS,ejected_below_floor,621752.0774235936,2026-08-21|KRW,1000000.0
AKAST.OL,ejected_below_floor,466101.42189780006,2026-08-21|NOK,1000000.0
XPLRA.OL,ejected_below_floor,459024.757555,2026-08-21|NOK,1000000.0
0GN6.L,ejected_below_floor,374704.52400000003,2026-08-21|EUR,1000000.0
0R7T.L,ejected_below_floor,8437.553999999998,2026-08-21|EUR,1000000.0
TINC.BR,ejected_below_floor,183435.45525,2026-08-21|EUR,1000000.0
NOTEK.ST,ejected_below_floor,2023.1720494999997,2026-08-21|SEK,1000000.0
HAW.DE,ejected_below_floor,32174.663624999994,2026-08-21|EUR,1000000.0
0L5A.L,ejected_below_floor,522348.28700000007,2026-08-21|USD,1000000.0
118000.KS,ejected_below_floor,48081.02671935352,2026-08-21|KRW,1000000.0
003610.KS,ejected_below_floor,466421.8600842112,2026-08-21|KRW,1000000.0
0KGY.L,ejected_below_floor,4160.528064,2026-08-21|SEK,1000000.0
012320.KS,ejected_below_floor,383066.06978069997,2026-08-21|KRW,1000000.0
0H38.L,ejected_below_floor,6948.700367700001,2026-08-21|SEK,1000000.0
DUNI.ST,ejected_below_floor,437919.489098,2026-08-21|SEK,1000000.0
AENT,ejected_below_floor,93454.98,2026-08-21|USD,1000000.0
ROOT.TO,ejected_below_floor,37252.45692,2026-08-21|CAD,1000000.0
VO2.ST,ejected_below_floor,2054.8871539,2026-08-21|SEK,1000000.0
000215.KS,ejected_below_floor,63511.743394624,2026-08-21|KRW,1000000.0
NGS.ST,ejected_below_floor,2612.2883479,2026-08-21|SEK,1000000.0
TVRB.PA,ejected_below_floor,2336.04,2026-08-21|EUR,1000000.0
CLIQ.DE,ejected_below_floor,25734.018262499998,2026-08-21|EUR,1000000.0
LITI.ST,ejected_below_floor,21613.4611245,2026-08-21|SEK,1000000.0
NP3.ST,ejected_below_floor,843845.55885,2026-08-21|SEK,1000000.0
VEFAB.ST,ejected_below_floor,201307.49183411998,2026-08-21|SEK,1000000.0
HNK1.DE,ejected_below_floor,49161.591,2026-08-21|EUR,1000000.0
B7E.DE,ejected_below_floor,21439.192499999997,2026-08-21|EUR,1000000.0
ALNN6.PA,ejected_below_floor,24176.4496875,2026-08-21|EUR,1000000.0
PEO.DE,ejected_below_floor,1263.8370375,2026-08-21|EUR,1000000.0
JDC.DE,ejected_below_floor,171796.275,2026-08-21|EUR,1000000.0
A6T.DE,ejected_below_floor,2886.3999,2026-08-21|EUR,1000000.0
271980.KS,ejected_below_floor,307382.4683046768,2026-08-21|KRW,1000000.0
SCT.LS,ejected_below_floor,1668.6,2026-08-21|EUR,1000000.0
PRFO.ST,ejected_below_floor,22818.469365999998,2026-08-21|SEK,1000000.0
0R43.L,ejected_below_floor,120628.29744000001,2026-08-21|SEK,1000000.0
0RU6.L,ejected_below_floor,33716.007000000005,2026-08-21|NOK,1000000.0
DBAN.DE,ejected_below_floor,258310.28812500002,2026-08-21|EUR,1000000.0
KOF.PA,ejected_below_floor,920231.161875,2026-08-21|EUR,1000000.0
S188.DE,ejected_below_floor,9056.3265,2026-08-21|EUR,1000000.0
QAIR.ST,ejected_below_floor,14007.0267225,2026-08-21|SEK,1000000.0
HMU.DE,ejected_below_floor,21799.679624999997,2026-08-21|EUR,1000000.0
ALPCOT-B.ST,ejected_below_floor,2340.5180036,2026-08-21|SEK,1000000.0
AVEN.ST,ejected_below_floor,32114.51376,2026-08-21|SEK,1000000.0
MDO.DE,ejected_below_floor,744020.397,2026-08-21|EUR,1000000.0
ALEMV.PA,ejected_below_floor,1893.5713125,2026-08-21|EUR,1000000.0
INS.DE,ejected_below_floor,63322.095375,2026-08-21|EUR,1000000.0
ALPRG.PA,ejected_below_floor,69990.73406999999,2026-08-21|EUR,1000000.0
DC-A.TO,ejected_below_floor,599990.439312,2026-08-21|CAD,1000000.0
HEBA-B.ST,ejected_below_floor,283523.42333,2026-08-21|SEK,1000000.0
RAIL.ST,ejected_below_floor,64252.114465,2026-08-21|SEK,1000000.0
KVIKA.IC,ejected_below_floor,435953.9008628,2026-08-21|ISK,1000000.0
KID.OL,ejected_below_floor,446323.855536,2026-08-21|NOK,1000000.0
UEIC,ejected_below_floor,261851.49999999997,2026-08-21|USD,1000000.0
CAT31.PA,ejected_below_floor,151564.5,2026-08-21|EUR,1000000.0
TRIAN-B.ST,ejected_below_floor,113923.87988100003,2026-08-21|SEK,1000000.0
0MUF.L,ejected_below_floor,17202.918374999997,2026-08-21|EUR,1000000.0
HELG.OL,ejected_below_floor,41524.80072,2026-08-21|NOK,1000000.0
HLE.DE,ejected_below_floor,481022.03812499996,2026-08-21|EUR,1000000.0
FG.ST,ejected_below_floor,149716.9392544,2026-08-21|SEK,1000000.0
ITERA.OL,ejected_below_floor,11421.8774488,2026-08-21|NOK,1000000.0
ALHOP.PA,ejected_below_floor,16897.356,2026-08-21|EUR,1000000.0
CRBP2.PA,ejected_below_floor,381750.442425,2026-08-21|EUR,1000000.0
ALSAS.PA,ejected_below_floor,3225.751425,2026-08-21|EUR,1000000.0
FEC.TO,ejected_below_floor,568626.8663999999,2026-08-21|CAD,1000000.0
CTEK.ST,ejected_below_floor,87752.09585520001,2026-08-21|SEK,1000000.0
HTFC,ejected_below_floor,71114.56,2026-08-21|USD,1000000.0
KMR.L,ejected_below_floor,286798.471575,2026-08-21|GBp,1000000.0
0L98.L,ejected_below_floor,28940.52,2026-08-21|USD,1000000.0
WIB.DE,ejected_below_floor,69332.69385,2026-08-21|EUR,1000000.0
ALRGR.PA,ejected_below_floor,1571.2649999999999,2026-08-21|EUR,1000000.0
0IJN.L,ejected_below_floor,207669.88,2026-08-21|USD,1000000.0
010040.KS,ejected_below_floor,58771.5586100004,2026-08-21|KRW,1000000.0
0RKL.L,ejected_below_floor,286236.11331,2026-08-21|SEK,1000000.0
KOA.OL,ejected_below_floor,372441.57086708,2026-08-21|NOK,1000000.0
SIEB,ejected_below_floor,151539.49999999997,2026-08-21|USD,1000000.0
000540.KS,ejected_below_floor,251487.784236984,2026-08-21|KRW,1000000.0
000545.KS,ejected_below_floor,6334.1571769092,2026-08-21|KRW,1000000.0
0W1Q.L,ejected_below_floor,474.73987500000004,2026-08-21|EUR,1000000.0
93M1.DE,ejected_below_floor,90836.73,2026-08-21|EUR,1000000.0
ACAN.PA,ejected_below_floor,1978.1276174999998,2026-08-21|EUR,1000000.0
000070.KS,ejected_below_floor,458848.125101072,2026-08-21|KRW,1000000.0
036630.KQ,ejected_below_floor,464637.62403850077,2026-08-21|KRW,1000000.0
CRRX.TO,ejected_below_floor,56429.149608,2026-08-21|CAD,1000000.0
MPC.TO,ejected_below_floor,2952.0900359999996,2026-08-21|CAD,1000000.0
0N5I.L,ejected_below_floor,98660.14649999999,2026-08-21|EUR,1000000.0
HVO.L,ejected_below_floor,117091.025283535,2026-08-21|GBp,1000000.0
272550.KS,ejected_below_floor,225952.80854198,2026-08-21|KRW,1000000.0
VER.ST,ejected_below_floor,415411.1404625,2026-08-21|SEK,1000000.0
NCB.DE,ejected_below_floor,114765.40417499999,2026-08-21|EUR,1000000.0
SKMO.ST,ejected_below_floor,1347.90236,2026-08-21|SEK,1000000.0
0IPT.L,ejected_below_floor,5412.81195,2026-08-21|NOK,1000000.0
BMA.OL,ejected_below_floor,25846.483910000003,2026-08-21|NOK,1000000.0
0P49.L,ejected_below_floor,11995.538856000001,2026-08-21|SEK,1000000.0
BULTEN.ST,ejected_below_floor,278678.91716,2026-08-21|SEK,1000000.0
FRACTL.ST,ejected_below_floor,30465.044825600005,2026-08-21|SEK,1000000.0
CALVIK.ST,ejected_below_floor,35758.894864,2026-08-21|SEK,1000000.0
FAG.ST,ejected_below_floor,409465.03471860004,2026-08-21|SEK,1000000.0
090080.KS,ejected_below_floor,193270.38759919448,2026-08-21|KRW,1000000.0
0JQR.L,ejected_below_floor,306583.56,2026-08-21|USD,1000000.0
0RCW.L,ejected_below_floor,33776.62964,2026-08-21|NOK,1000000.0
PAE.DE,ejected_below_floor,1950.8714999999997,2026-08-21|EUR,1000000.0
0OA4.L,ejected_below_floor,774191.466,2026-08-21|EUR,1000000.0
CRAP.PA,ejected_below_floor,42713.1936,2026-08-21|EUR,1000000.0
IMMOU.BR,ejected_below_floor,5057.480249999999,2026-08-21|EUR,1000000.0
NGL0.DE,ejected_below_floor,533626.5650625,2026-08-21|EUR,1000000.0
STE-A.ST,ejected_below_floor,27944.427805,2026-08-21|SEK,1000000.0
IWS.OL,ejected_below_floor,19361.611802000003,2026-08-21|NOK,1000000.0
FDE.PA,ejected_below_floor,738168.825375,2026-08-21|EUR,1000000.0
0QZP.L,ejected_below_floor,64006.178543999995,2026-08-21|CAD,1000000.0
PRIC-B.ST,ejected_below_floor,89043.79323,2026-08-21|SEK,1000000.0
SAGA.OL,ejected_below_floor,31149.2102688,2026-08-21|NOK,1000000.0
YU.L,ejected_below_floor,392199.929184,2026-08-21|GBp,1000000.0
ONTEX.BR,ejected_below_floor,691796.0906999998,2026-08-21|EUR,1000000.0
VRV.DE,ejected_below_floor,197117.41905,2026-08-21|EUR,1000000.0
E3X1.DE,ejected_below_floor,21541.1625,2026-08-21|EUR,1000000.0
RTC.DE,ejected_below_floor,830.3139,2026-08-21|EUR,1000000.0
PLAZ-B.ST,ejected_below_floor,955667.2551300001,2026-08-21|SEK,1000000.0
SAGA-A.ST,ejected_below_floor,28824.024775,2026-08-21|SEK,1000000.0
0K2K.L,ejected_below_floor,18955.97,2026-08-21|USD,1000000.0
SOLNA.ST,ejected_below_floor,60337.28778,2026-08-21|SEK,1000000.0
LUC.TO,ejected_below_floor,72107.64396,2026-08-21|CAD,1000000.0
000390.KS,ejected_below_floor,613971.5850058108,2026-08-21|KRW,1000000.0
ASY.PA,ejected_below_floor,155454.192,2026-08-21|EUR,1000000.0
100220.KS,ejected_below_floor,244168.2962754,2026-08-21|KRW,1000000.0
ALHYP.PA,ejected_below_floor,16060.0896,2026-08-21|EUR,1000000.0
HAYPP.ST,ejected_below_floor,542967.4861379999,2026-08-21|SEK,1000000.0
0OA7.L,ejected_below_floor,81854.56349999999,2026-08-21|EUR,1000000.0
035200.KQ,ejected_below_floor,91716.03658692,2026-08-21|KRW,1000000.0
0RDI.L,ejected_below_floor,150957.14284000001,2026-08-21|SEK,1000000.0
IDUN-B.ST,ejected_below_floor,423818.25409,2026-08-21|SEK,1000000.0
QRF.BR,ejected_below_floor,44250.460875,2026-08-21|EUR,1000000.0
ALVDM.PA,ejected_below_floor,759392.026875,2026-08-21|EUR,1000000.0
SGL.DE,ejected_below_floor,933274.5733124999,2026-08-21|EUR,1000000.0
0IC9.L,ejected_below_floor,620301.78,2026-08-21|USD,1000000.0
0JQQ.L,ejected_below_floor,668364.2000000001,2026-08-21|USD,1000000.0
ALPJT.PA,ejected_below_floor,51128.7777,2026-08-21|EUR,1000000.0
GDEV,ejected_below_floor,66778.125,2026-08-21|USD,1000000.0
000725.KS,ejected_below_floor,196978.5632533,2026-08-21|KRW,1000000.0
ADN1.DE,ejected_below_floor,930206.26125,2026-08-21|EUR,1000000.0
PSM.DE,ejected_below_floor,819087.5684699999,2026-08-21|EUR,1000000.0
045510.KQ,ejected_below_floor,126208.75796586904,2026-08-21|KRW,1000000.0
LINV.L,ejected_below_floor,105172.9985413,2026-08-21|GBp,1000000.0
ALMLB.PA,ejected_below_floor,4825.9619999999995,2026-08-21|EUR,1000000.0
EWRK.ST,ejected_below_floor,49368.914728,2026-08-21|SEK,1000000.0
SGA,ejected_below_floor,155220.6,2026-08-21|USD,1000000.0
TAP-A,ejected_below_floor,4884.0,2026-08-21|USD,1000000.0
372170.KQ,ejected_below_floor,352810.08541163,2026-08-21|KRW,1000000.0
MMB.PA,ejected_below_floor,448958.8926,2026-08-21|EUR,1000000.0
0HW0.L,ejected_below_floor,19024.19558,2026-08-21|NOK,1000000.0
CTT.ST,ejected_below_floor,166696.22722200002,2026-08-21|SEK,1000000.0
ETL.L,ejected_below_floor,479000.13525,2026-08-21|EUR,1000000.0
HUSQ-A.ST,ejected_below_floor,71834.555121,2026-08-21|SEK,1000000.0
GIMB.BR,ejected_below_floor,898050.0796874999,2026-08-21|EUR,1000000.0
ALGEN.PA,ejected_below_floor,22832.70525,2026-08-21|EUR,1000000.0
EAS2P.AS,ejected_below_floor,6503.363865,2026-08-21|EUR,1000000.0
SPEL.PA,ejected_below_floor,285.5739375,2026-08-21|EUR,1000000.0
BOR.OL,ejected_below_floor,10695.4399825,2026-08-21|NOK,1000000.0
200130.KQ,ejected_below_floor,710088.7715796264,2026-08-21|KRW,1000000.0
LIVE,ejected_below_floor,102724.81199999999,2026-08-21|USD,1000000.0
0Z62.L,ejected_below_floor,894875.3957,2026-08-21|USD,1000000.0
MDP.TO,ejected_below_floor,171785.60947199998,2026-08-21|CAD,1000000.0
UNB,ejected_below_floor,344472.41,2026-08-21|USD,1000000.0
ALBOA.PA,ejected_below_floor,8078.804999999999,2026-08-21|EUR,1000000.0
TF.TO,ejected_below_floor,842334.448728,2026-08-21|CAD,1000000.0
FRS.DE,ejected_below_floor,3684.8945249999997,2026-08-21|EUR,1000000.0
058650.KS,ejected_below_floor,384027.4195234,2026-08-21|KRW,1000000.0
0CX9.L,ejected_below_floor,1003.3847999999999,2026-08-21|EUR,1000000.0
GEO.TO,ejected_below_floor,27428.056655999997,2026-08-21|CAD,1000000.0
0ZQ7.L,ejected_below_floor,101197.57725,2026-08-21|EUR,1000000.0
LSX.DE,ejected_below_floor,5282.254575,2026-08-21|EUR,1000000.0
MRK.L,ejected_below_floor,19163.70763125,2026-08-21|GBp,1000000.0
ALHRG.PA,ejected_below_floor,15427.5975,2026-08-21|EUR,1000000.0
SABE.PA,ejected_below_floor,2340.6749999999997,2026-08-21|EUR,1000000.0
CVVY.TO,ejected_below_floor,762994.023528,2026-08-21|CAD,1000000.0
BBROOM.ST,ejected_below_floor,19196.998016,2026-08-21|SEK,1000000.0
SKUE.OL,ejected_below_floor,40874.067910000005,2026-08-21|NOK,1000000.0
ENTRA.OL,ejected_below_floor,642897.7180079999,2026-08-21|NOK,1000000.0
CMO.PA,ejected_below_floor,138262.5135,2026-08-21|EUR,1000000.0
TORO,ejected_below_floor,216641.04,2026-08-21|USD,1000000.0
TTK.DE,ejected_below_floor,38509.4919375,2026-08-21|EUR,1000000.0
ALDLS.PA,ejected_below_floor,2789.6906249999997,2026-08-21|EUR,1000000.0
NORB-B.ST,ejected_below_floor,23497.527816,2026-08-21|SEK,1000000.0
026890.KS,ejected_below_floor,560968.11031364,2026-08-21|KRW,1000000.0
0QKU.L,ejected_below_floor,106548.53,2026-08-21|USD,1000000.0
CCC.ST,ejected_below_floor,19141.229754500004,2026-08-21|SEK,1000000.0
ARAMI.PA,ejected_below_floor,222773.859,2026-08-21|EUR,1000000.0
0JZU.L,ejected_below_floor,344964.0,2026-08-21|USD,1000000.0
PMG.L,ejected_below_floor,34634.11996575,2026-08-21|GBp,1000000.0
GZF.DE,ejected_below_floor,174472.0489125,2026-08-21|EUR,1000000.0
221840.KQ,ejected_below_floor,30173.9806908288,2026-08-21|KRW,1000000.0
096240.KQ,ejected_below_floor,195594.45223773838,2026-08-21|KRW,1000000.0
014990.KS,ejected_below_floor,440978.2798547268,2026-08-21|KRW,1000000.0
SSBI,ejected_below_floor,65328.799999999996,2026-08-21|USD,1000000.0
ALLDL.PA,ejected_below_floor,80472.40649999998,2026-08-21|EUR,1000000.0
MBWS.PA,ejected_below_floor,15302.4525,2026-08-21|EUR,1000000.0
VOLO.ST,ejected_below_floor,267859.32201,2026-08-21|SEK,1000000.0
AXS.AS,ejected_below_floor,112060.78897499999,2026-08-21|EUR,1000000.0
NWT.DE,ejected_below_floor,19315.435499999996,2026-08-21|EUR,1000000.0
002600.KS,ejected_below_floor,6716.218281836,2026-08-21|KRW,1000000.0
006060.KS,ejected_below_floor,159915.67751702399,2026-08-21|KRW,1000000.0
OBAB.ST,ejected_below_floor,56511.75493600001,2026-08-21|SEK,1000000.0
ULC.DE,ejected_below_floor,3282.0434999999998,2026-08-21|EUR,1000000.0
HTG.DE,ejected_below_floor,99726.8454,2026-08-21|EUR,1000000.0
DXRX.L,ejected_below_floor,505403.1766742,2026-08-21|GBp,1000000.0
008260.KS,ejected_below_floor,279387.5312807334,2026-08-21|KRW,1000000.0
RHK.DE,ejected_below_floor,93787.13925,2026-08-21|EUR,1000000.0
GDHG,ejected_below_floor,520087.1648,2026-08-21|USD,1000000.0
CRSU.PA,ejected_below_floor,72653.625,2026-08-21|EUR,1000000.0
0OPA.L,ejected_below_floor,2720.51325,2026-08-21|EUR,1000000.0
VIB3.DE,ejected_below_floor,73401.01875,2026-08-21|EUR,1000000.0
0N9V.L,ejected_below_floor,92818.65599999999,2026-08-21|EUR,1000000.0
MXHN.DE,ejected_below_floor,5086.21725,2026-08-21|EUR,1000000.0
FSZ.TO,ejected_below_floor,899457.2619,2026-08-21|CAD,1000000.0
ORIO,ejected_below_floor,34751.3166,2026-08-21|USD,1000000.0
011700.KS,ejected_below_floor,481594.7067760228,2026-08-21|KRW,1000000.0
0HUR.L,ejected_below_floor,60935.200000000004,2026-08-21|USD,1000000.0
CARA.ST,ejected_below_floor,270896.3496925,2026-08-21|SEK,1000000.0
NCC-A.ST,ejected_below_floor,56097.41984,2026-08-21|SEK,1000000.0
ZIL2.DE,ejected_below_floor,154293.35624999998,2026-08-21|EUR,1000000.0
DWD.DE,ejected_below_floor,117884.38837499998,2026-08-21|EUR,1000000.0
005320.KS,ejected_below_floor,116945.08934970052,2026-08-21|KRW,1000000.0
0HQ1.L,ejected_below_floor,2934.06,2026-08-21|USD,1000000.0
0RUM.L,ejected_below_floor,109554.30843749999,2026-08-21|EUR,1000000.0
AEIN.DE,ejected_below_floor,162744.12,2026-08-21|EUR,1000000.0
VVL.OL,ejected_below_floor,13042.83292,2026-08-21|NOK,1000000.0
024070.KS,ejected_below_floor,60351.683204479996,2026-08-21|KRW,1000000.0
ANNE-B.ST,ejected_below_floor,115380.5254,2026-08-21|SEK,1000000.0
ALBON.PA,ejected_below_floor,30368.519999999997,2026-08-21|EUR,1000000.0
034120.KS,ejected_below_floor,149449.577357916,2026-08-21|KRW,1000000.0
0QAG.L,ejected_below_floor,179386.0875,2026-08-21|EUR,1000000.0
019170.KS,ejected_below_floor,538173.4865937023,2026-08-21|KRW,1000000.0
019175.KS,ejected_below_floor,26156.6146057524,2026-08-21|KRW,1000000.0
AEP.DE,ejected_below_floor,13097.698875,2026-08-21|EUR,1000000.0
DAM.DE,ejected_below_floor,10243.813499999998,2026-08-21|EUR,1000000.0
BNJ.AS,ejected_below_floor,156985.43377499998,2026-08-21|EUR,1000000.0
200880.KS,ejected_below_floor,701930.0707250728,2026-08-21|KRW,1000000.0
XTG.TO,ejected_below_floor,22640.359871999997,2026-08-21|CAD,1000000.0
095570.KS,ejected_below_floor,560596.873025476,2026-08-21|KRW,1000000.0
ALLLN.PA,ejected_below_floor,2241.6714,2026-08-21|EUR,1000000.0
AURE.PA,ejected_below_floor,3272.1246,2026-08-21|EUR,1000000.0
NAE.PA,ejected_below_floor,612881.18325,2026-08-21|EUR,1000000.0
A7A.DE,ejected_below_floor,119322.97649999999,2026-08-21|EUR,1000000.0
SCE.DE,ejected_below_floor,17507.92455,2026-08-21|EUR,1000000.0
SKAGI.IC,ejected_below_floor,335472.120524,2026-08-21|ISK,1000000.0
0QVE.L,ejected_below_floor,670.355245,2026-08-21|SEK,1000000.0
EXL.DE,ejected_below_floor,18004.194,2026-08-21|EUR,1000000.0
PAR.PA,ejected_below_floor,5706.84375,2026-08-21|EUR,1000000.0
PHO.OL,ejected_below_floor,388365.49518,2026-08-21|NOK,1000000.0
0RQH.L,ejected_below_floor,21549.0845073,2026-08-21|SEK,1000000.0
SAFETY-B.ST,ejected_below_floor,27268.0647428,2026-08-21|SEK,1000000.0
SEAF.ST,ejected_below_floor,23556.813840000003,2026-08-21|SEK,1000000.0
023800.KS,ejected_below_floor,266930.3467764564,2026-08-21|KRW,1000000.0
BBZA.DE,ejected_below_floor,575351.240625,2026-08-21|EUR,1000000.0
D6H0.DE,ejected_below_floor,95281.11562499999,2026-08-21|EUR,1000000.0
CRAV.PA,ejected_below_floor,98442.44055,2026-08-21|EUR,1000000.0
0RWM.L,ejected_below_floor,44726.68395,2026-08-21|EUR,1000000.0
WMT.DE,ejected_below_floor,473615.74844999996,2026-08-21|EUR,1000000.0
AQNB,ejected_below_floor,650978.7999999999,2026-08-21|USD,1000000.0
0L9F.L,ejected_below_floor,37129.6,2026-08-21|USD,1000000.0
ALDMS.PA,ejected_below_floor,12012.065999999999,2026-08-21|EUR,1000000.0
035600.KQ,ejected_below_floor,568384.8599732,2026-08-21|KRW,1000000.0
ALMUN.PA,ejected_below_floor,2533.35774375,2026-08-21|EUR,1000000.0
MOTR.L,ejected_below_floor,237041.4993603,2026-08-21|GBp,1000000.0
0W19.L,ejected_below_floor,59155.346249999995,2026-08-21|EUR,1000000.0
000760.KS,ejected_below_floor,13830.35176152,2026-08-21|KRW,1000000.0
001500.KS,ejected_below_floor,918571.460100224,2026-08-21|KRW,1000000.0
ADE.DE,ejected_below_floor,370662.80399999995,2026-08-21|EUR,1000000.0
BIKE.DE,ejected_below_floor,23618.9403,2026-08-21|EUR,1000000.0
MTEX,ejected_below_floor,76307.68000000001,2026-08-21|USD,1000000.0
0JSZ.L,ejected_below_floor,3143.7000000000003,2026-08-21|USD,1000000.0
QIIWI.ST,ejected_below_floor,12418.7585172,2026-08-21|SEK,1000000.0
0QS4.L,ejected_below_floor,4573.9456,2026-08-21|CHF,1000000.0
INEA.PA,ejected_below_floor,15335.12925,2026-08-21|EUR,1000000.0
MRL.LS,ejected_below_floor,8119.0368,2026-08-21|EUR,1000000.0
BHG.ST,ejected_below_floor,727811.6218338001,2026-08-21|SEK,1000000.0
0NLY.L,ejected_below_floor,877472.93925,2026-08-21|EUR,1000000.0
UN0.DE,ejected_below_floor,234726.36525,2026-08-21|EUR,1000000.0
TPX-B.TO,ejected_below_floor,27761.493599999998,2026-08-21|CAD,1000000.0
AXS.L,ejected_below_floor,65051.226275,2026-08-21|GBp,1000000.0
TRVC.DE,ejected_below_floor,150240.0024,2026-08-21|EUR,1000000.0
FOI-B.ST,ejected_below_floor,82464.6914,2026-08-21|SEK,1000000.0
GAM.PA,ejected_below_floor,21768.2775,2026-08-21|EUR,1000000.0
ALU10.PA,ejected_below_floor,6716.404687499999,2026-08-21|EUR,1000000.0
ALWIT.PA,ejected_below_floor,30874.661999999997,2026-08-21|EUR,1000000.0
GVC.TO,ejected_below_floor,3276.6354240000005,2026-08-21|CAD,1000000.0
100130.KQ,ejected_below_floor,309566.7014428765,2026-08-21|KRW,1000000.0
CHECK.ST,ejected_below_floor,5942.5608816,2026-08-21|SEK,1000000.0
095720.KS,ejected_below_floor,61616.684985947,2026-08-21|KRW,1000000.0
0R25.L,ejected_below_floor,15567.09,2026-08-21|USD,1000000.0
SOFT.BR,ejected_below_floor,212.35252499999999,2026-08-21|EUR,1000000.0
KONT.ST,ejected_below_floor,4900.8185121,2026-08-21|SEK,1000000.0
PORF.AS,ejected_below_floor,1806.95475,2026-08-21|EUR,1000000.0
A1OS.DE,ejected_below_floor,931330.2487499999,2026-08-21|EUR,1000000.0
RAW.DE,ejected_below_floor,235074.62756249998,2026-08-21|EUR,1000000.0
0KIT.L,ejected_below_floor,324735.88,2026-08-21|USD,1000000.0
0RL4.L,ejected_below_floor,2339.75504,2026-08-21|SEK,1000000.0
MTEC.L,ejected_below_floor,337775.821574175,2026-08-21|GBp,1000000.0
0UGP.L,ejected_below_floor,714.9328560000001,2026-08-21|CAD,1000000.0
SFC.TO,ejected_below_floor,502116.33115199994,2026-08-21|CAD,1000000.0
CCN.PA,ejected_below_floor,87682.6125,2026-08-21|EUR,1000000.0
TKO.L,ejected_below_floor,84905.229955,2026-08-21|GBp,1000000.0
TSND.TO,ejected_below_floor,118605.644316,2026-08-21|CAD,1000000.0
0ELV.L,ejected_below_floor,15088.153274999999,2026-08-21|EUR,1000000.0
217820.KQ,ejected_below_floor,339104.000371104,2026-08-21|KRW,1000000.0
CRTO.PA,ejected_below_floor,83009.953125,2026-08-21|EUR,1000000.0
0L8A.L,ejected_below_floor,308896.4,2026-08-21|USD,1000000.0
KINV-A.ST,ejected_below_floor,64048.240585,2026-08-21|SEK,1000000.0
021050.KS,ejected_below_floor,276691.71251495776,2026-08-21|KRW,1000000.0
ALGLD.PA,ejected_below_floor,59526.8415,2026-08-21|EUR,1000000.0
0SOM.L,ejected_below_floor,36846.39055545,2026-08-21|SEK,1000000.0
CKI.TO,ejected_below_floor,113234.46882,2026-08-21|CAD,1000000.0
SBS.DE,ejected_below_floor,322768.5378749999,2026-08-21|EUR,1000000.0
ABEO.PA,ejected_below_floor,45365.085674999995,2026-08-21|EUR,1000000.0
CAV.L,ejected_below_floor,83744.14895632499,2026-08-21|GBp,1000000.0
0DSJ.L,ejected_below_floor,2951.6053423999997,2026-08-21|NOK,1000000.0
EBK.DE,ejected_below_floor,19213.001999999997,2026-08-21|EUR,1000000.0
0ROZ.L,ejected_below_floor,184792.99520879998,2026-08-21|EUR,1000000.0
0MKP.L,ejected_below_floor,98660.37825,2026-08-21|EUR,1000000.0
CAMBI.OL,ejected_below_floor,88463.88626400002,2026-08-21|NOK,1000000.0
0RI3.L,ejected_below_floor,2550.782962,2026-08-21|NOK,1000000.0
ICE.TO,ejected_below_floor,2159.8143,2026-08-21|CAD,1000000.0
T3T1.DE,ejected_below_floor,641.9938500000001,2026-08-21|EUR,1000000.0
014915.KS,ejected_below_floor,50211.6459821106,2026-08-21|KRW,1000000.0
ADS.OL,ejected_below_floor,2774.7131750000003,2026-08-21|NOK,1000000.0
0LWG.L,ejected_below_floor,268326.8,2026-08-21|USD,1000000.0
BRAG,ejected_below_floor,44229.41,2026-08-21|USD,1000000.0
SGE.DE,ejected_below_floor,368533.67039999994,2026-08-21|EUR,1000000.0
AOMD.DE,ejected_below_floor,124666.668,2026-08-21|EUR,1000000.0
TRIBO-B.ST,ejected_below_floor,8735.38163484,2026-08-21|SEK,1000000.0
CRLA.PA,ejected_below_floor,74854.09125,2026-08-21|EUR,1000000.0
000680.KS,ejected_below_floor,433956.8139479724,2026-08-21|KRW,1000000.0
0HXW.L,ejected_below_floor,5751.121,2026-08-21|USD,1000000.0
0J2E.L,ejected_below_floor,303415.83999999997,2026-08-21|USD,1000000.0
C9F.DE,ejected_below_floor,47357.3709,2026-08-21|EUR,1000000.0
CMC.DE,ejected_below_floor,309313.59637499996,2026-08-21|EUR,1000000.0
SOT.DE,ejected_below_floor,5569.2653625,2026-08-21|EUR,1000000.0
PARRO.PA,ejected_below_floor,631610.5229999999,2026-08-21|EUR,1000000.0
WEW.DE,ejected_below_floor,339977.25,2026-08-21|EUR,1000000.0
0IHP.L,ejected_below_floor,38321.92,2026-08-21|USD,1000000.0
AIM.TO,ejected_below_floor,110816.831742,2026-08-21|CAD,1000000.0
0HEC.L,ejected_below_floor,151728.52000000002,2026-08-21|USD,1000000.0
HNL.DE,ejected_below_floor,16957.170674999998,2026-08-21|EUR,1000000.0
SDOS.ST,ejected_below_floor,11145.026225200001,2026-08-21|SEK,1000000.0
0IQC.L,ejected_below_floor,38109.6,2026-08-21|USD,1000000.0
FPAR-A.ST,ejected_below_floor,731847.8181,2026-08-21|SEK,1000000.0
FPAR-D.ST,ejected_below_floor,181527.80184,2026-08-21|SEK,1000000.0
TROAX.ST,ejected_below_floor,861798.02982,2026-08-21|SEK,1000000.0
030610.KS,ejected_below_floor,557483.8880786872,2026-08-21|KRW,1000000.0
0RAR.L,ejected_below_floor,68071.116375,2026-08-21|EUR,1000000.0
0E9V.L,ejected_below_floor,86450.97712499999,2026-08-21|EUR,1000000.0
0GMG.L,ejected_below_floor,89561.17792125,2026-08-21|SEK,1000000.0
0RKK.L,ejected_below_floor,1435.0855435,2026-08-21|SEK,1000000.0
ALEMS.BR,ejected_below_floor,441.252,2026-08-21|EUR,1000000.0
0FH7.L,ejected_below_floor,35242.222499999996,2026-08-21|EUR,1000000.0
NRC.OL,ejected_below_floor,295189.436724,2026-08-21|NOK,1000000.0
SHLE.TO,ejected_below_floor,203343.06430800003,2026-08-21|CAD,1000000.0
MYPS,ejected_below_floor,450114.916,2026-08-21|USD,1000000.0
MELG.OL,ejected_below_floor,9253.38427,2026-08-21|NOK,1000000.0
027740.KS,ejected_below_floor,419868.7448558827,2026-08-21|KRW,1000000.0
XD4.DE,ejected_below_floor,59067.16537499999,2026-08-21|EUR,1000000.0
GBT.PA,ejected_below_floor,121484.392875,2026-08-21|EUR,1000000.0
ITB.DE,ejected_below_floor,746512.12665,2026-08-21|EUR,1000000.0
ASRV,ejected_below_floor,90495.54,2026-08-21|USD,1000000.0
ALHUN.PA,ejected_below_floor,1687.0241250000001,2026-08-21|EUR,1000000.0
4C.ST,ejected_below_floor,77807.35729480001,2026-08-21|SEK,1000000.0
BRAG.TO,ejected_below_floor,13844.66304,2026-08-21|CAD,1000000.0
BLCO.TO,ejected_below_floor,33974.743296,2026-08-21|CAD,1000000.0
038290.KQ,ejected_below_floor,385148.6913405,2026-08-21|KRW,1000000.0
DPT.PA,ejected_below_floor,3627.5934104999997,2026-08-21|EUR,1000000.0
MCP.DE,ejected_below_floor,11345.135849999999,2026-08-21|EUR,1000000.0
0OPY.L,ejected_below_floor,2956.0871249999996,2026-08-21|EUR,1000000.0
WPAY.ST,ejected_below_floor,4338.1349417,2026-08-21|SEK,1000000.0
1SI.DE,ejected_below_floor,69080.4919125,2026-08-21|EUR,1000000.0
EKT.DE,ejected_below_floor,830042.7525,2026-08-21|EUR,1000000.0
ALX.AS,ejected_below_floor,1852.7485499999998,2026-08-21|EUR,1000000.0
MSAG.DE,ejected_below_floor,5144.259037499999,2026-08-21|EUR,1000000.0
122990.KQ,ejected_below_floor,444534.48156153,2026-08-21|KRW,1000000.0
KTF.DE,ejected_below_floor,47153.384549999995,2026-08-21|EUR,1000000.0
STRO.OL,ejected_below_floor,23616.4117904,2026-08-21|NOK,1000000.0
SIS.DE,ejected_below_floor,24403.274999999998,2026-08-21|EUR,1000000.0
DRIL.ST,ejected_below_floor,8557.2704924,2026-08-21|SEK,1000000.0
099190.KQ,ejected_below_floor,869510.8568832,2026-08-21|KRW,1000000.0
CRWN.TO,ejected_below_floor,2521.435392,2026-08-21|CAD,1000000.0
CAF.PA,ejected_below_floor,157382.2593,2026-08-21|EUR,1000000.0
0ND2.L,ejected_below_floor,76414.89273749999,2026-08-21|EUR,1000000.0
GMX.TO,ejected_below_floor,40331.537352,2026-08-21|CAD,1000000.0
DLAB.ST,ejected_below_floor,4417.3341072,2026-08-21|SEK,1000000.0
009810.KS,ejected_below_floor,23123.2381406814,2026-08-21|KRW,1000000.0
GFP.TO,ejected_below_floor,5701.126259999999,2026-08-21|CAD,1000000.0
DAR.DE,ejected_below_floor,9840.452625000002,2026-08-21|EUR,1000000.0
ALNLF.PA,ejected_below_floor,19896.192657,2026-08-21|EUR,1000000.0
SRT.DE,ejected_below_floor,891653.9534999998,2026-08-21|EUR,1000000.0
VS,ejected_below_floor,56028.6969,2026-08-21|USD,1000000.0
CFYN.L,ejected_below_floor,1893.789405,2026-08-21|GBp,1000000.0
5EA.DE,ejected_below_floor,3971.1173624999997,2026-08-21|EUR,1000000.0
WSL.L,ejected_below_floor,116.69233965,2026-08-21|GBp,1000000.0
FLUI.ST,ejected_below_floor,47980.904664,2026-08-21|SEK,1000000.0
BON.PA,ejected_below_floor,136958.108625,2026-08-21|EUR,1000000.0
BEZ.DE,ejected_below_floor,10080.522449999999,2026-08-21|EUR,1000000.0
0AAJ.L,ejected_below_floor,602200.2642343681,2026-08-21|CHF,1000000.0
SCANA.OL,ejected_below_floor,43065.2646944,2026-08-21|NOK,1000000.0
005257.KS,ejected_below_floor,12258.02700276,2026-08-21|KRW,1000000.0
B3.ST,ejected_below_floor,32033.808471000004,2026-08-21|SEK,1000000.0
MEAB-B.ST,ejected_below_floor,11406.30582,2026-08-21|SEK,1000000.0
PZS.DE,ejected_below_floor,32481.5238,2026-08-21|EUR,1000000.0
ALIMO.PA,ejected_below_floor,99.42075,2026-08-21|EUR,1000000.0
SNOR.OL,ejected_below_floor,31867.87032,2026-08-21|NOK,1000000.0
001070.KS,ejected_below_floor,70009.486315274,2026-08-21|KRW,1000000.0
BYFC,ejected_below_floor,71126.52,2026-08-21|USD,1000000.0
BVB.DE,ejected_below_floor,407035.50879375,2026-08-21|EUR,1000000.0
ALDUX.PA,ejected_below_floor,4766.900512499999,2026-08-21|EUR,1000000.0
ALECP.PA,ejected_below_floor,8115.3542925,2026-08-21|EUR,1000000.0
7HP.DE,ejected_below_floor,161646.66787499998,2026-08-21|EUR,1000000.0
AAB.TO,ejected_below_floor,243.17004,2026-08-21|CAD,1000000.0
BEWI.OL,ejected_below_floor,224545.020492,2026-08-21|NOK,1000000.0
298540.KQ,ejected_below_floor,113801.0497168188,2026-08-21|KRW,1000000.0
DCM.TO,ejected_below_floor,211862.56224,2026-08-21|CAD,1000000.0
ITAB.ST,ejected_below_floor,648456.522,2026-08-21|SEK,1000000.0
0LXB.L,ejected_below_floor,271895.68,2026-08-21|USD,1000000.0
DOMH,ejected_below_floor,432436.38,2026-08-21|USD,1000000.0
IXI.L,ejected_below_floor,5515.839248249999,2026-08-21|GBp,1000000.0
VLN.TO,ejected_below_floor,40753.69578,2026-08-21|CAD,1000000.0
AIRG,ejected_below_floor,459075.39999999997,2026-08-21|USD,1000000.0
BST.DE,ejected_below_floor,18122.85,2026-08-21|EUR,1000000.0
CFC.DE,ejected_below_floor,2041.8797249999998,2026-08-21|EUR,1000000.0
DFTK.DE,ejected_below_floor,1456.2590625,2026-08-21|EUR,1000000.0
ALYA.TO,ejected_below_floor,43339.988496000005,2026-08-21|CAD,1000000.0
NEOBO.ST,ejected_below_floor,700693.293909,2026-08-21|SEK,1000000.0
ACQ.TO,ejected_below_floor,630136.674108,2026-08-21|CAD,1000000.0
MAR.LS,ejected_below_floor,47853.640349999994,2026-08-21|EUR,1000000.0
NBA.LS,ejected_below_floor,34832.025,2026-08-21|EUR,1000000.0
O3P.DE,ejected_below_floor,23725.40625,2026-08-21|EUR,1000000.0
LCFS.TO,ejected_below_floor,416794.807092,2026-08-21|CAD,1000000.0
BAFN,ejected_below_floor,156251.25,2026-08-21|USD,1000000.0
AWC.DE,ejected_below_floor,15204.60765,2026-08-21|EUR,1000000.0
CVO.TO,ejected_below_floor,792481.0109039999,2026-08-21|CAD,1000000.0
MIND.L,ejected_below_floor,286.51768465,2026-08-21|GBp,1000000.0
UTG.ST,ejected_below_floor,25586.213632,2026-08-21|SEK,1000000.0
NRA.DE,ejected_below_floor,5175.672749999999,2026-08-21|EUR,1000000.0
0EOF.L,ejected_below_floor,158624.8593553,2026-08-21|NOK,1000000.0
ARCOMA.ST,ejected_below_floor,5078.241945,2026-08-21|SEK,1000000.0
SPOG.OL,ejected_below_floor,105469.08751080002,2026-08-21|NOK,1000000.0
0L8F.L,ejected_below_floor,371363.02,2026-08-21|USD,1000000.0
BRIN-B.ST,ejected_below_floor,51654.230439,2026-08-21|SEK,1000000.0
IBU.DE,ejected_below_floor,34800.159374999996,2026-08-21|EUR,1000000.0
0L7F.L,ejected_below_floor,190314.63,2026-08-21|USD,1000000.0
WMB.DE,ejected_below_floor,6941.4802875,2026-08-21|EUR,1000000.0
009320.KS,ejected_below_floor,184263.52984620119,2026-08-21|KRW,1000000.0
0O27.L,ejected_below_floor,51643.17,2026-08-21|EUR,1000000.0
FLOWS.ST,ejected_below_floor,3790.63664,2026-08-21|SEK,1000000.0
0NL1.L,ejected_below_floor,562774.7706749999,2026-08-21|EUR,1000000.0
ADTR.ST,ejected_below_floor,31651.41987,2026-08-21|SEK,1000000.0
EAPI.PA,ejected_below_floor,171876.54045375,2026-08-21|EUR,1000000.0
027970.KS,ejected_below_floor,58045.934004966,2026-08-21|KRW,1000000.0
GME.DE,ejected_below_floor,1176.4557,2026-08-21|EUR,1000000.0
MDM.PA,ejected_below_floor,20374.4403,2026-08-21|EUR,1000000.0
WILD.TO,ejected_below_floor,137357.36088,2026-08-21|CAD,1000000.0
ESI.TO,ejected_below_floor,644467.655664,2026-08-21|CAD,1000000.0
0IRK.L,ejected_below_floor,76085.379,2026-08-21|EUR,1000000.0
PREC.ST,ejected_below_floor,75246.34927306,2026-08-21|SEK,1000000.0
0H14.L,ejected_below_floor,20269.31469255,2026-08-21|SEK,1000000.0
006200.KS,ejected_below_floor,99342.49715107036,2026-08-21|KRW,1000000.0
NN6.DE,ejected_below_floor,41528.71934999999,2026-08-21|EUR,1000000.0
INR.DE,ejected_below_floor,124837.20703125,2026-08-21|EUR,1000000.0
OGI.TO,ejected_below_floor,260855.9343,2026-08-21|CAD,1000000.0
SYN.IC,ejected_below_floor,11009.168268000001,2026-08-21|ISK,1000000.0
0HM0.L,ejected_below_floor,777473.046,2026-08-21|EUR,1000000.0
EMR.L,ejected_below_floor,4388.801127,2026-08-21|GBp,1000000.0
SOGN.OL,ejected_below_floor,10427.862536000002,2026-08-21|NOK,1000000.0
TRAC-B.ST,ejected_below_floor,44862.25968,2026-08-21|SEK,1000000.0
0HEW.L,ejected_below_floor,95600.97,2026-08-21|USD,1000000.0
FNM.ST,ejected_below_floor,137938.81584,2026-08-21|SEK,1000000.0
ELABS.OL,ejected_below_floor,75534.54842505002,2026-08-21|NOK,1000000.0
GRVO.PA,ejected_below_floor,6674.4,2026-08-21|EUR,1000000.0
0KTI.L,ejected_below_floor,139548.859884,2026-08-21|CAD,1000000.0
YRB.TO,ejected_below_floor,4399.9904400000005,2026-08-21|CAD,1000000.0
ASLI.L,ejected_below_floor,179796.690064386,2026-08-21|GBp,1000000.0
PBEE.L,ejected_below_floor,185049.80828604999,2026-08-21|GBp,1000000.0
ALICA.PA,ejected_below_floor,90872.44267499998,2026-08-21|EUR,1000000.0
SWN.DE,ejected_below_floor,5267.005425,2026-08-21|EUR,1000000.0
CAR.DE,ejected_below_floor,131502.33123749998,2026-08-21|EUR,1000000.0
PARB.OL,ejected_below_floor,476231.82152,2026-08-21|NOK,1000000.0
MNTC.ST,ejected_below_floor,12882.994768,2026-08-21|SEK,1000000.0
BOKUS.ST,ejected_below_floor,29946.3213,2026-08-21|SEK,1000000.0
BICO.ST,ejected_below_floor,703080.1067094001,2026-08-21|SEK,1000000.0
0K05.L,ejected_below_floor,5359.5,2026-08-21|USD,1000000.0
TOBII.ST,ejected_below_floor,301475.39253678004,2026-08-21|SEK,1000000.0
DRM.TO,ejected_below_floor,446292.4470839999,2026-08-21|CAD,1000000.0
DMRE.DE,ejected_below_floor,2634.8236875,2026-08-21|EUR,1000000.0
GRNQ,ejected_below_floor,68673.18,2026-08-21|USD,1000000.0
0GJS.L,ejected_below_floor,11190.465899999997,2026-08-21|EUR,1000000.0
SLIGR.AS,ejected_below_floor,872359.05105,2026-08-21|EUR,1000000.0
TITA-B.ST,ejected_below_floor,9649.655092,2026-08-21|SEK,1000000.0
003830.KS,ejected_below_floor,23101.4705656,2026-08-21|KRW,1000000.0
0NIQ.L,ejected_below_floor,374428.278,2026-08-21|EUR,1000000.0
AB9.DE,ejected_below_floor,19292.40534375,2026-08-21|EUR,1000000.0
SHI.L,ejected_below_floor,121925.20115864002,2026-08-21|GBp,1000000.0
0N08.L,ejected_below_floor,65660.1531867216,2026-08-21|NOK,1000000.0
DURC-B.ST,ejected_below_floor,10216.582908,2026-08-21|SEK,1000000.0
S2M.ST,ejected_below_floor,2762.32764136,2026-08-21|SEK,1000000.0
ALTA.PA,ejected_below_floor,984902.0422499998,2026-08-21|EUR,1000000.0
ALMER.PA,ejected_below_floor,476.33895,2026-08-21|EUR,1000000.0
ORV.TO,ejected_below_floor,316898.743284,2026-08-21|CAD,1000000.0
PAX.ST,ejected_below_floor,143694.6049,2026-08-21|SEK,1000000.0
ALPAU.PA,ejected_below_floor,4466.911724999999,2026-08-21|EUR,1000000.0
000480.KS,ejected_below_floor,152425.00024398,2026-08-21|KRW,1000000.0
TRAIN-B.ST,ejected_below_floor,34697.8042796,2026-08-21|SEK,1000000.0
FLAT-B.ST,ejected_below_floor,475028.2823265,2026-08-21|SEK,1000000.0
G2M.ST,ejected_below_floor,64304.5901008,2026-08-21|SEK,1000000.0
BOUL.ST,ejected_below_floor,10930.70433,2026-08-21|SEK,1000000.0
ILLM.TO,ejected_below_floor,40791.10932,2026-08-21|CAD,1000000.0
DEVP-B.ST,ejected_below_floor,13793.5636825,2026-08-21|SEK,1000000.0
RY4C.DE,ejected_below_floor,487482.64875,2026-08-21|EUR,1000000.0
BANI.BR,ejected_below_floor,4786.587675000001,2026-08-21|EUR,1000000.0
078130.KQ,ejected_below_floor,519927.453744072,2026-08-21|KRW,1000000.0
ALCUR.PA,ejected_below_floor,23158.047487499996,2026-08-21|EUR,1000000.0
024900.KS,ejected_below_floor,179533.19044601248,2026-08-21|KRW,1000000.0
BCY.DE,ejected_below_floor,796606.6249574999,2026-08-21|EUR,1000000.0
SB1.DE,ejected_below_floor,57388.716,2026-08-21|EUR,1000000.0
SEDANA.ST,ejected_below_floor,138630.548658,2026-08-21|SEK,1000000.0
LABS.TO,ejected_below_floor,9500.882759999999,2026-08-21|CAD,1000000.0
BONAV-A.ST,ejected_below_floor,1818.0578325000001,2026-08-21|SEK,1000000.0
BONAV-B.ST,ejected_below_floor,321100.0602096,2026-08-21|SEK,1000000.0
CSCI.TO,ejected_below_floor,3825.23796,2026-08-21|CAD,1000000.0
DSNO.ST,ejected_below_floor,5076.2049781099995,2026-08-21|SEK,1000000.0
0R2C.L,ejected_below_floor,304150.602456,2026-08-21|CAD,1000000.0
DTG,ejected_below_floor,605410.45,2026-08-21|USD,1000000.0
GPG.ST,ejected_below_floor,25954.72922,2026-08-21|SEK,1000000.0
RSL2.DE,ejected_below_floor,13562.01,2026-08-21|EUR,1000000.0
033290.KQ,ejected_below_floor,96260.84675400468,2026-08-21|KRW,1000000.0
ALESE.PA,ejected_below_floor,218563.7958,2026-08-21|EUR,1000000.0
AJA-B.ST,ejected_below_floor,76839.18984,2026-08-21|SEK,1000000.0
SF3.DE,ejected_below_floor,6173.472374999999,2026-08-21|EUR,1000000.0
BPOST.BR,ejected_below_floor,329086.77984000003,2026-08-21|EUR,1000000.0
CAD.L,ejected_below_floor,744.7788611249999,2026-08-21|GBp,1000000.0
KAKEL.ST,ejected_below_floor,2869.118364,2026-08-21|SEK,1000000.0
CAT-A.ST,ejected_below_floor,1143.82002,2026-08-21|SEK,1000000.0
CAT-B.ST,ejected_below_floor,232451.48212440003,2026-08-21|SEK,1000000.0
TELLUS.ST,ejected_below_floor,2239.9318844,2026-08-21|SEK,1000000.0
225570.KQ,ejected_below_floor,968968.0814035264,2026-08-21|KRW,1000000.0
4AB.DE,ejected_below_floor,138498.89849999998,2026-08-21|EUR,1000000.0
ALBPK.PA,ejected_below_floor,43067.95649999999,2026-08-21|EUR,1000000.0
TNE5.DE,ejected_below_floor,172274.01372,2026-08-21|EUR,1000000.0
NETI-B.ST,ejected_below_floor,265943.35937505,2026-08-21|SEK,1000000.0
AURG.OL,ejected_below_floor,15742.568270000002,2026-08-21|NOK,1000000.0
ENSI.L,ejected_below_floor,578265.44865,2026-08-21|GBp,1000000.0
JLT.ST,ejected_below_floor,2939.7633734,2026-08-21|SEK,1000000.0
K2A-B.ST,ejected_below_floor,34812.2727925,2026-08-21|SEK,1000000.0
KA8.DE,ejected_below_floor,2766.168,2026-08-21|EUR,1000000.0
YOC.DE,ejected_below_floor,7738.1325,2026-08-21|EUR,1000000.0
GYL.OL,ejected_below_floor,599.3956800000001,2026-08-21|NOK,1000000.0
MKTW,ejected_below_floor,270762.61,2026-08-21|USD,1000000.0
RUA.L,ejected_below_floor,54850.5552894,2026-08-21|GBp,1000000.0
H9W.DE,ejected_below_floor,1877.5457999999999,2026-08-21|EUR,1000000.0
ADV.DE,ejected_below_floor,167529.75749999998,2026-08-21|EUR,1000000.0
CLAR,ejected_below_floor,836823.89,2026-08-21|USD,1000000.0
SVOL-A.ST,ejected_below_floor,350.2128,2026-08-21|SEK,1000000.0
SVOL-B.ST,ejected_below_floor,829917.09549,2026-08-21|SEK,1000000.0
LACR.PA,ejected_below_floor,118325.98800000001,2026-08-21|EUR,1000000.0
CMCM,ejected_below_floor,48999.84,2026-08-21|USD,1000000.0
0QKR.L,ejected_below_floor,55630.814080000004,2026-08-21|CHF,1000000.0
0N7N.L,ejected_below_floor,208881.83699999997,2026-08-21|EUR,1000000.0
0LK3.L,ejected_below_floor,7866.75,2026-08-21|USD,1000000.0
XBRANE.ST,ejected_below_floor,26819.160725,2026-08-21|SEK,1000000.0
GRN.TO,ejected_below_floor,14225.436558,2026-08-21|CAD,1000000.0
KOMPL.OL,ejected_below_floor,68509.229217,2026-08-21|NOK,1000000.0
0KEJ.L,ejected_below_floor,124241.79999999999,2026-08-21|USD,1000000.0
TECH.OL,ejected_below_floor,15168.286159,2026-08-21|NOK,1000000.0
AMUND.AS,ejected_below_floor,317.96099999999996,2026-08-21|EUR,1000000.0
0RE6.L,ejected_below_floor,13466.050682304001,2026-08-21|CHF,1000000.0
ALUPG.PA,ejected_below_floor,1908.8783999999998,2026-08-21|EUR,1000000.0
AXJ.DE,ejected_below_floor,48.65011875,2026-08-21|EUR,1000000.0
MUB.DE,ejected_below_floor,11260.7325,2026-08-21|EUR,1000000.0
SVI.TO,ejected_below_floor,842043.557556,2026-08-21|CAD,1000000.0
4PG.DE,ejected_below_floor,5983.182449999999,2026-08-21|EUR,1000000.0
403550.KS,ejected_below_floor,383200.113555788,2026-08-21|KRW,1000000.0
0HD2.L,ejected_below_floor,341084.7,2026-08-21|USD,1000000.0
STAR-A.ST,ejected_below_floor,742.5011664000001,2026-08-21|SEK,1000000.0
STAR-B.ST,ejected_below_floor,22840.89048976,2026-08-21|SEK,1000000.0
BALT.OL,ejected_below_floor,1937.8539180000002,2026-08-21|NOK,1000000.0
MBQ.DE,ejected_below_floor,2947.8599999999997,2026-08-21|EUR,1000000.0
CDA.PA,ejected_below_floor,779379.5953124999,2026-08-21|EUR,1000000.0
PTRK.ST,ejected_below_floor,25326.995706600002,2026-08-21|SEK,1000000.0
0AAW.L,ejected_below_floor,29535.147,2026-08-21|EUR,1000000.0
002320.KS,ejected_below_floor,299483.1610548,2026-08-21|KRW,1000000.0
ECO.TO,ejected_below_floor,37097.785536,2026-08-21|CAD,1000000.0
ROGS.OL,ejected_below_floor,50182.405322399994,2026-08-21|NOK,1000000.0
DVYSR.ST,ejected_below_floor,184439.34181399998,2026-08-21|SEK,1000000.0
IS.ST,ejected_below_floor,6823.2126592,2026-08-21|SEK,1000000.0
ED4.DE,ejected_below_floor,15140.459249999998,2026-08-21|EUR,1000000.0
TXP.L,ejected_below_floor,45373.3267416,2026-08-21|GBp,1000000.0
RAKE.ST,ejected_below_floor,3700.3703331,2026-08-21|SEK,1000000.0
LGCL,ejected_below_floor,507416.73600000003,2026-08-21|USD,1000000.0
001020.KS,ejected_below_floor,58666.722421046,2026-08-21|KRW,1000000.0
AAD.DE,ejected_below_floor,326152.89900000003,2026-08-21|EUR,1000000.0
JM2.DE,ejected_below_floor,369.803475,2026-08-21|EUR,1000000.0
CBDG.PA,ejected_below_floor,34883.009999999995,2026-08-21|EUR,1000000.0
JBOG.PA,ejected_below_floor,5660.262,2026-08-21|EUR,1000000.0
DUL.DE,ejected_below_floor,17316.707625,2026-08-21|EUR,1000000.0
NCH2.DE,ejected_below_floor,693732.9065624999,2026-08-21|EUR,1000000.0
V3V.DE,ejected_below_floor,5439.1145625,2026-08-21|EUR,1000000.0
TXP.TO,ejected_below_floor,17237.629055999998,2026-08-21|CAD,1000000.0
CYR.DE,ejected_below_floor,7842.7676249999995,2026-08-21|EUR,1000000.0
CPIX,ejected_below_floor,785012.4,2026-08-21|USD,1000000.0
DRT.TO,ejected_below_floor,19998.16608,2026-08-21|CAD,1000000.0
SAXG.ST,ejected_below_floor,2548.204617,2026-08-21|SEK,1000000.0
WEST.OL,ejected_below_floor,17736.241978000002,2026-08-21|NOK,1000000.0
ALINN.PA,ejected_below_floor,15298.6865625,2026-08-21|EUR,1000000.0
GSF.OL,ejected_below_floor,785737.9862904,2026-08-21|NOK,1000000.0
OBEL.BR,ejected_below_floor,31872.345749999997,2026-08-21|EUR,1000000.0
0R53.L,ejected_below_floor,527.4038,2026-08-21|SEK,1000000.0
SBB-D.ST,ejected_below_floor,262395.773024,2026-08-21|SEK,1000000.0
QEC.TO,ejected_below_floor,4807.435032,2026-08-21|CAD,1000000.0
ADCO.TO,ejected_below_floor,533.11599,2026-08-21|CAD,1000000.0
MAS.OL,ejected_below_floor,158192.623134,2026-08-21|NOK,1000000.0
CABKA.AS,ejected_below_floor,8101.98,2026-08-21|EUR,1000000.0
CECV.DE,ejected_below_floor,256829.985,2026-08-21|EUR,1000000.0
PEN.L,ejected_below_floor,27186.0336527,2026-08-21|GBp,1000000.0
FGA.PA,ejected_below_floor,335358.00899999996,2026-08-21|EUR,1000000.0
BNE.TO,ejected_below_floor,245200.2906,2026-08-21|CAD,1000000.0
ACROUD.ST,ejected_below_floor,2086.5230435,2026-08-21|SEK,1000000.0
GTK.DE,ejected_below_floor,1747.5688125,2026-08-21|EUR,1000000.0
KDEV.ST,ejected_below_floor,66862.57524408,2026-08-21|SEK,1000000.0
PIG.PA,ejected_below_floor,20000.951999999997,2026-08-21|EUR,1000000.0
GLO.TO,ejected_below_floor,504207.54318000004,2026-08-21|CAD,1000000.0
REJL-B.ST,ejected_below_floor,727702.79946,2026-08-21|SEK,1000000.0
USIO,ejected_below_floor,755243.7000000001,2026-08-21|USD,1000000.0
CEC.DE,ejected_below_floor,205473.9069,2026-08-21|EUR,1000000.0
ARTO.PA,ejected_below_floor,11471.625,2026-08-11|EUR,1000000.0
AYTU,ejected_below_floor,67810.44,2026-08-21|USD,1000000.0
0I6Q.L,ejected_below_floor,225464.40000000002,2026-08-21|USD,1000000.0
0DI7.L,ejected_below_floor,278.447625,2026-08-21|EUR,1000000.0
CY1K.DE,ejected_below_floor,8312.409,2026-08-21|EUR,1000000.0
036220.KQ,ejected_below_floor,119364.636916602,2026-08-21|KRW,1000000.0
CIMN,ejected_below_floor,183106.7784,2026-08-21|USD,1000000.0
OTEC.OL,ejected_below_floor,94065.7255824,2026-08-21|NOK,1000000.0
BELYS.BR,ejected_below_floor,5348.377485,2026-08-21|EUR,1000000.0
006880.KS,ejected_below_floor,142242.198405079,2026-08-21|KRW,1000000.0
NAVA.OL,ejected_below_floor,27140.280979500003,2026-08-21|NOK,1000000.0
GURU.TO,ejected_below_floor,20058.40152,2026-08-21|CAD,1000000.0
003070.KS,ejected_below_floor,258832.132811952,2026-08-21|KRW,1000000.0
003075.KS,ejected_below_floor,12696.322524394,2026-08-21|KRW,1000000.0
IFA.TO,ejected_below_floor,261450.2022,2026-08-21|CAD,1000000.0
CDON.ST,ejected_below_floor,2829.385888,2026-08-21|SEK,1000000.0
TRANS.ST,ejected_below_floor,41049.467911199994,2026-08-21|SEK,1000000.0
DEX.DE,ejected_below_floor,8871.7608,2026-08-21|EUR,1000000.0
101140.KS,ejected_below_floor,52033.263812712,2026-08-21|KRW,1000000.0
GEC.TO,ejected_below_floor,2452.4916900000003,2026-08-21|CAD,1000000.0
COMPDM.ST,ejected_below_floor,3155.7560755000004,2026-08-21|SEK,1000000.0
AGFB.BR,ejected_below_floor,58670.27380125,2026-08-21|EUR,1000000.0
BONG.ST,ejected_below_floor,64041.243416640005,2026-08-21|SEK,1000000.0
ALSPT.PA,ejected_below_floor,2577.7088999999996,2026-08-21|EUR,1000000.0
ARP.ST,ejected_below_floor,25679.38858128,2026-08-21|SEK,1000000.0
ALHF.PA,ejected_below_floor,27772.039349999995,2026-08-21|EUR,1000000.0
TSL.TO,ejected_below_floor,6548.311127999999,2026-08-21|CAD,1000000.0
HAVI.OL,ejected_below_floor,20230.137850000003,2026-08-21|NOK,1000000.0
KJELL.ST,ejected_below_floor,541961.5936769999,2026-08-21|SEK,1000000.0
AJAX.AS,ejected_below_floor,18542.54925,2026-08-21|EUR,1000000.0
0HVA.L,ejected_below_floor,1208.7152999999998,2026-08-21|EUR,1000000.0
XTRA.TO,ejected_below_floor,55374.260292000006,2026-08-21|CAD,1000000.0
0Q19.L,ejected_below_floor,2273.04,2026-08-21|USD,1000000.0
ALISP.PA,ejected_below_floor,623.82465,2026-08-21|EUR,1000000.0
ALCOI.PA,ejected_below_floor,1057.6258874999999,2026-08-21|EUR,1000000.0
ADN.TO,ejected_below_floor,96684.78168,2026-08-21|CAD,1000000.0
VNV.ST,ejected_below_floor,262108.01484000002,2026-08-21|SEK,1000000.0
001780.KS,ejected_below_floor,690030.8586998885,2026-08-21|KRW,1000000.0
FSPORT.ST,ejected_below_floor,149714.8484006,2026-08-21|SEK,1000000.0
FLEXD.LS,ejected_below_floor,8056.209375,2026-08-21|EUR,1000000.0
0A39.L,ejected_below_floor,320551.203791,2026-08-21|SEK,1000000.0
SYT.DE,ejected_below_floor,2410.2,2026-08-21|EUR,1000000.0
0A6Y.L,ejected_below_floor,7035.4,2026-08-21|USD,1000000.0
NKR.OL,ejected_below_floor,265739.50253500004,2026-08-21|NOK,1000000.0
ETG.DE,ejected_below_floor,25321.004999999997,2026-08-21|EUR,1000000.0
LINC.ST,ejected_below_floor,205271.343725,2026-08-21|SEK,1000000.0
ALAQU.PA,ejected_below_floor,1581.809625,2026-08-21|EUR,1000000.0
ELTEL.ST,ejected_below_floor,115062.42586299998,2026-08-21|SEK,1000000.0
BIOWKS.ST,ejected_below_floor,15416.575916000002,2026-08-21|SEK,1000000.0
271940.KS,ejected_below_floor,417158.330293144,2026-08-21|KRW,1000000.0
ALBI.PA,ejected_below_floor,2282.5057500000003,2026-08-21|EUR,1000000.0
ALEMG.PA,ejected_below_floor,5661.189,2026-08-21|EUR,1000000.0
011280.KS,ejected_below_floor,124784.27534954368,2026-08-21|KRW,1000000.0
RMTI,ejected_below_floor,297140.39999999997,2026-08-21|USD,1000000.0
M3B0.DE,ejected_below_floor,7420.913100000001,2026-08-21|EUR,1000000.0
ALWF.PA,ejected_below_floor,7586.1856124999995,2026-08-21|EUR,1000000.0
ZPHR.L,ejected_below_floor,129049.1023902,2026-08-21|GBp,1000000.0
LYGRD.ST,ejected_below_floor,6051.989874,2026-08-21|SEK,1000000.0
BEGR.ST,ejected_below_floor,43320.989824,2026-08-21|SEK,1000000.0
ALKEY.PA,ejected_below_floor,12632.483924999999,2026-08-21|EUR,1000000.0
CNVS,ejected_below_floor,741226.75,2026-08-21|USD,1000000.0
QEC.OL,ejected_below_floor,95364.50331408001,2026-08-21|NOK,1000000.0
SANG,ejected_below_floor,26546.6,2026-08-21|USD,1000000.0
ACT.TO,ejected_below_floor,346837.597092,2026-08-21|CAD,1000000.0
MSV.TO,ejected_below_floor,40174.59456,2026-08-21|CAD,1000000.0
SBO.OL,ejected_below_floor,84401.87587650001,2026-08-21|NOK,1000000.0
BKHT.DE,ejected_below_floor,230743.7415,2026-08-21|EUR,1000000.0
058820.KQ,ejected_below_floor,371441.84376244654,2026-08-21|KRW,1000000.0
0K76.L,ejected_below_floor,43173.0,2026-08-21|USD,1000000.0
AXG,ejected_below_floor,400060.0,2026-08-21|USD,1000000.0
WEF.TO,ejected_below_floor,522698.507856,2026-08-21|CAD,1000000.0
S.TO,ejected_below_floor,510512.17392000003,2026-08-21|CAD,1000000.0
IE.TO,ejected_below_floor,398377.04500800004,2026-08-21|CAD,1000000.0
VMX.PA,ejected_below_floor,63186.87852,2026-08-21|EUR,1000000.0
O5G.DE,ejected_below_floor,28.105481249999997,2026-08-21|EUR,1000000.0
SIFG.AS,ejected_below_floor,465339.29546249995,2026-08-21|EUR,1000000.0
CNT.TO,ejected_below_floor,2068.235586,2026-08-21|CAD,1000000.0
0Q92.L,ejected_below_floor,2240.3854395000003,2026-08-21|NOK,1000000.0
BOAT.ST,ejected_below_floor,14846.995446500003,2026-08-21|SEK,1000000.0
0RHT.L,ejected_below_floor,5008.3724250000005,2026-08-21|EUR,1000000.0
IFBD,ejected_below_floor,85183.4,2026-08-21|USD,1000000.0
0JVD.L,ejected_below_floor,146062.68,2026-08-21|USD,1000000.0
ALBIZ.PA,ejected_below_floor,6344.7588,2026-08-21|EUR,1000000.0
BONAS.ST,ejected_below_floor,2560.72264,2026-08-21|SEK,1000000.0
0A1S.L,ejected_below_floor,13561.755075000001,2026-08-21|EUR,1000000.0
RLYB,ejected_below_floor,787559.85,2026-08-21|USD,1000000.0
GRID.TO,ejected_below_floor,428731.99775999994,2026-08-21|CAD,1000000.0
ATEME.PA,ejected_below_floor,236552.207625,2026-08-21|EUR,1000000.0
LYKO-A.ST,ejected_below_floor,56890.526756,2026-08-21|SEK,1000000.0
CSPI,ejected_below_floor,264864.6,2026-08-21|USD,1000000.0
HHFA.DE,ejected_below_floor,101292.36300000001,2026-08-21|EUR,1000000.0
ICEAIR.IC,ejected_below_floor,208686.85866195004,2026-08-21|ISK,1000000.0
ORRON.ST,ejected_below_floor,641835.4029724,2026-08-21|SEK,1000000.0
NEL.OL,ejected_below_floor,973953.74188125,2026-08-21|NOK,1000000.0
ALHIT.PA,ejected_below_floor,3458.8687499999996,2026-08-21|EUR,1000000.0
004140.KS,ejected_below_floor,325237.284510621,2026-08-21|KRW,1000000.0
GARO.ST,ejected_below_floor,41610.4337712,2026-08-21|SEK,1000000.0
IJ8.DE,ejected_below_floor,516133.7494537499,2026-08-21|EUR,1000000.0
SVIK.ST,ejected_below_floor,596369.4556400001,2026-08-21|SEK,1000000.0
AAC.ST,ejected_below_floor,494741.57843600004,2026-08-21|SEK,1000000.0
OSSD.ST,ejected_below_floor,92499.97404025,2026-08-21|SEK,1000000.0
ESON.LS,ejected_below_floor,562.1096249999999,2026-08-21|EUR,1000000.0
GTE.L,ejected_below_floor,30696.438555,2026-08-21|GBp,1000000.0
0JBU.L,ejected_below_floor,40448.6478,2026-08-21|USD,1000000.0
YQ,ejected_below_floor,17183.46,2026-08-21|USD,1000000.0
SODER.ST,ejected_below_floor,15398.856816000001,2026-08-21|SEK,1000000.0
0QAU.L,ejected_below_floor,1011.2469187499998,2026-08-21|EUR,1000000.0
2OY.DE,ejected_below_floor,98789.42823749999,2026-08-21|EUR,1000000.0
BMAX.ST,ejected_below_floor,710437.51688,2026-08-21|SEK,1000000.0
FEV.DE,ejected_below_floor,12232.807874999999,2026-08-21|EUR,1000000.0
078160.KQ,ejected_below_floor,767507.723822722,2026-08-21|KRW,1000000.0
HLG.DE,ejected_below_floor,5137.389967499999,2026-08-21|EUR,1000000.0
MANG.ST,ejected_below_floor,5047.8589,2026-08-21|SEK,1000000.0
1NBA.DE,ejected_below_floor,123877.55925,2026-08-21|EUR,1000000.0
3LN.DE,ejected_below_floor,903.5353124999999,2026-08-21|EUR,1000000.0
LUMI.OL,ejected_below_floor,5411.979456,2026-08-21|NOK,1000000.0
CLOUD.OL,ejected_below_floor,181143.5306824,2026-08-21|NOK,1000000.0
STUDBO.ST,ejected_below_floor,11158.140964949998,2026-08-21|SEK,1000000.0
0KDH.L,ejected_below_floor,639427.46,2026-08-21|USD,1000000.0
ADJ.DE,ejected_below_floor,9383.986237500001,2026-08-21|EUR,1000000.0
PGH.DE,ejected_below_floor,1223.8253999999997,2026-08-21|EUR,1000000.0
CEA.DE,ejected_below_floor,3361.9509,2026-08-21|EUR,1000000.0
200230.KQ,ejected_below_floor,131906.2275648288,2026-08-21|KRW,1000000.0
AVNT.TO,ejected_below_floor,3455.0919,2026-08-21|CAD,1000000.0
MOB.ST,ejected_below_floor,98486.22448979999,2026-08-21|SEK,1000000.0
ECK.DE,ejected_below_floor,26030.16,2026-08-21|EUR,1000000.0
HYPRO.OL,ejected_below_floor,40938.69634036,2026-08-21|NOK,1000000.0
049800.KS,ejected_below_floor,50450.61099561984,2026-08-21|KRW,1000000.0
DUST.ST,ejected_below_floor,209226.945186,2026-08-21|SEK,1000000.0
MOP.BR,ejected_below_floor,1585.1699999999998,2026-08-21|EUR,1000000.0
SENZA.ST,ejected_below_floor,6359.80191,2026-08-21|SEK,1000000.0
SEED.L,ejected_below_floor,6549.06747275,2026-08-21|GBp,1000000.0
FLEXM.ST,ejected_below_floor,9375.019465,2026-08-21|SEK,1000000.0
CANDLE-B.ST,ejected_below_floor,17375.391152,2026-08-21|SEK,1000000.0
N4G0.DE,ejected_below_floor,21337.5006,2026-08-21|EUR,1000000.0
0QVW.L,ejected_below_floor,872.3649374999999,2026-08-21|EUR,1000000.0
SRP.PA,ejected_below_floor,30909.888,2026-08-21|EUR,1000000.0
BREB.BR,ejected_below_floor,608375.7315,2026-08-21|EUR,1000000.0
0QT0.L,ejected_below_floor,15648.748800000001,2026-08-21|CHF,1000000.0
PNC-B.TO,ejected_below_floor,16.173,2026-08-21|CAD,1000000.0
0HWG.L,ejected_below_floor,32971.18,2026-08-21|USD,1000000.0
PROAC.PA,ejected_below_floor,5394.37870125,2026-08-21|EUR,1000000.0
KFAST-B.ST,ejected_below_floor,100222.1772244,2026-08-21|SEK,1000000.0
0K5R.L,ejected_below_floor,3558.8799999999997,2026-08-21|USD,1000000.0
WAH.DE,ejected_below_floor,20494.8576,2026-08-21|EUR,1000000.0
ELUX-A.ST,ejected_below_floor,57031.5291,2026-08-21|SEK,1000000.0
IMP.TO,ejected_below_floor,97691.0298,2026-08-21|CAD,1000000.0
ICO.ST,ejected_below_floor,6961.5764207500015,2026-08-21|SEK,1000000.0
SEZI.ST,ejected_below_floor,65866.02168685001,2026-08-21|SEK,1000000.0
BACTI-B.ST,ejected_below_floor,4780.217106000001,2026-08-21|SEK,1000000.0
CSBR,ejected_below_floor,44864.104499999994,2026-08-21|USD,1000000.0
CRI.PA,ejected_below_floor,129840.83437499999,2026-08-21|EUR,1000000.0
0J5I.L,ejected_below_floor,294161.27999999997,2026-08-21|USD,1000000.0
CDR.TO,ejected_below_floor,479334.885216,2026-08-21|CAD,1000000.0
0OQ0.L,ejected_below_floor,38348.64585,2026-08-21|EUR,1000000.0
BNG.TO,ejected_below_floor,811.02204,2026-08-21|CAD,1000000.0
STC.TO,ejected_below_floor,59879.82088800001,2026-08-21|CAD,1000000.0
W5.ST,ejected_below_floor,185609.13595,2026-08-21|SEK,1000000.0
AREIT.PA,ejected_below_floor,677.86875,2026-08-21|EUR,1000000.0
VAC.PA,ejected_below_floor,864861.8528025,2026-08-21|EUR,1000000.0
010640.KS,ejected_below_floor,219837.45165883523,2026-08-21|KRW,1000000.0
FRX.TO,ejected_below_floor,8172.511608,2026-08-21|CAD,1000000.0
TITC.BR,ejected_below_floor,522448.16174999997,2026-08-21|EUR,1000000.0
BOMILL.ST,ejected_below_floor,3315.1810720000003,2026-08-21|SEK,1000000.0
PFV.DE,ejected_below_floor,481067.80874999997,2026-08-21|EUR,1000000.0
SONE.ST,ejected_below_floor,714.559188,2026-08-21|SEK,1000000.0
BGO.L,ejected_below_floor,125919.94523849999,2026-08-21|GBp,1000000.0
EVO,ejected_below_floor,103359.22,2026-08-21|USD,1000000.0
FIPP.PA,ejected_below_floor,1561.44227625,2026-08-21|EUR,1000000.0
GTY.DE,ejected_below_floor,439.2241874999999,2026-08-21|EUR,1000000.0
EAGR.TO,ejected_below_floor,4490.501736,2026-08-21|CAD,1000000.0
ALPHI.PA,ejected_below_floor,4213.91025,2026-08-21|EUR,1000000.0
002070.KS,ejected_below_floor,915373.018612224,2026-08-21|KRW,1000000.0
NEXAM.ST,ejected_below_floor,19496.1860618,2026-08-21|SEK,1000000.0
SUR.DE,ejected_below_floor,12303.955125,2026-08-21|EUR,1000000.0
PXLW,ejected_below_floor,409469.76,2026-08-21|USD,1000000.0
CHG.DE,ejected_below_floor,858365.6152499999,2026-08-21|EUR,1000000.0
GTE.TO,ejected_below_floor,736960.58982,2026-08-21|CAD,1000000.0
PCAT.ST,ejected_below_floor,2398.4104725,2026-08-21|SEK,1000000.0
BORR.OL,ejected_below_floor,620691.0985184,2026-08-21|NOK,1000000.0
ALXIL.PA,ejected_below_floor,102283.09425,2026-08-21|EUR,1000000.0
MIDS.ST,ejected_below_floor,128401.76125083999,2026-08-21|SEK,1000000.0
IMMO.BR,ejected_below_floor,61129.16099999999,2026-08-21|EUR,1000000.0
ALM.ST,ejected_below_floor,6270.080726000001,2026-08-21|SEK,1000000.0
GEOS,ejected_below_floor,796652.33,2026-08-21|USD,1000000.0
TEAM.L,ejected_below_floor,12999.331777649999,2026-08-21|GBp,1000000.0
PMT,kept_no_reading,,not-captured,1000000.0
B7J1.DE,ejected_below_floor,1024.2423,2026-08-21|EUR,1000000.0
EPIS-B.ST,ejected_below_floor,245732.96098184405,2026-08-21|SEK,1000000.0
SANION.ST,ejected_below_floor,466705.9118582,2026-08-21|SEK,1000000.0
067990.KQ,ejected_below_floor,337698.9250254256,2026-08-21|KRW,1000000.0
IVACC.ST,ejected_below_floor,38665.07095374,2026-08-21|SEK,1000000.0
HIGHCO-B.ST,ejected_below_floor,1562.72039,2026-08-21|SEK,1000000.0
003080.KS,ejected_below_floor,93442.486244883,2026-08-21|KRW,1000000.0
MORG.OL,ejected_below_floor,247796.69531500002,2026-08-21|NOK,1000000.0
004910.KS,ejected_below_floor,58003.0603506564,2026-08-21|KRW,1000000.0
PSAN.DE,ejected_below_floor,33643.84275,2026-08-21|EUR,1000000.0
SCYX,ejected_below_floor,701632.5,2026-08-21|USD,1000000.0
FYB.DE,ejected_below_floor,129173.742,2026-08-21|EUR,1000000.0
0W4N.L,ejected_below_floor,17492.7681,2026-08-21|EUR,1000000.0
SWG.L,ejected_below_floor,60022.71134145,2026-08-21|GBp,1000000.0
CORE-A.ST,ejected_below_floor,5703.384300600001,2026-08-21|SEK,1000000.0
CORE-D.ST,ejected_below_floor,247200.988125,2026-08-21|SEK,1000000.0
IBE1.DE,ejected_below_floor,364102.2396,2026-08-21|EUR,1000000.0
0LEC.L,ejected_below_floor,59263.148400000005,2026-08-21|USD,1000000.0
NBG6.DE,ejected_below_floor,8545.78125,2026-08-21|EUR,1000000.0
0HSU.L,ejected_below_floor,2074.37,2026-08-21|USD,1000000.0
CLS-B.ST,ejected_below_floor,13481.825302399999,2026-08-21|SEK,1000000.0
BRNK.DE,ejected_below_floor,62724.62069999999,2026-08-21|EUR,1000000.0
SOUC.L,ejected_below_floor,1967.622834375,2026-08-21|GBp,1000000.0
0R3I.L,ejected_below_floor,406370.89154025,2026-08-21|NOK,1000000.0
MAVEN.ST,ejected_below_floor,6406.3916777,2026-08-21|SEK,1000000.0
WAYS.ST,ejected_below_floor,19880.705124,2026-08-21|SEK,1000000.0
BUSER.ST,ejected_below_floor,8958.443424,2026-08-21|SEK,1000000.0
PERP-B.ST,ejected_below_floor,1101.5516281,2026-08-21|SEK,1000000.0
SMSI,ejected_below_floor,482643.77999999997,2026-08-21|USD,1000000.0
SERT.ST,ejected_below_floor,11648.0902356,2026-08-21|SEK,1000000.0
007160.KS,ejected_below_floor,241767.28440384,2026-08-21|KRW,1000000.0
REAL.TO,ejected_below_floor,151689.204996,2026-08-21|CAD,1000000.0
HEGR.ST,ejected_below_floor,4470.9275055200005,2026-08-21|SEK,1000000.0
0KUR.L,ejected_below_floor,59619.078,2026-08-21|EUR,1000000.0
ALIMR.PA,ejected_below_floor,417.61350000000004,2026-08-21|EUR,1000000.0
MLLCB.PA,ejected_below_floor,440.0469,2026-08-21|EUR,1000000.0
BIOVIC-B.ST,ejected_below_floor,36115.5782624,2026-08-21|SEK,1000000.0
026910.KQ,ejected_below_floor,781798.760196292,2026-08-21|KRW,1000000.0
CPINV.BR,ejected_below_floor,603613.269,2026-08-21|EUR,1000000.0
CFF.TO,ejected_below_floor,4566.3567,2026-08-21|CAD,1000000.0
004870.KS,ejected_below_floor,965500.2584503848,2026-08-21|KRW,1000000.0
UN9.DE,ejected_below_floor,29410.1874,2026-08-21|EUR,1000000.0
V6C.DE,ejected_below_floor,26126.0118,2026-08-21|EUR,1000000.0
ALDNE.PA,ejected_below_floor,7291.483042499999,2026-08-21|EUR,1000000.0
GPX.ST,ejected_below_floor,1704.6608039999999,2026-08-21|SEK,1000000.0
PNE.TO,ejected_below_floor,90585.36115200001,2026-08-21|CAD,1000000.0
GAPW-B.ST,ejected_below_floor,85875.076154,2026-08-21|SEK,1000000.0
SYN.L,ejected_below_floor,7764.421343137449,2026-08-21|GBp,1000000.0
EQS,ejected_below_floor,16833.300000000003,2026-08-21|USD,1000000.0
JFU,ejected_below_floor,387825.7,2026-08-21|USD,1000000.0
0RRB.L,ejected_below_floor,168075.15788793605,2026-08-21|CHF,1000000.0
MOBA.ST,ejected_below_floor,7477.72744572,2026-08-21|SEK,1000000.0
KDNC.L,ejected_below_floor,123001.1550042,2026-08-21|GBp,1000000.0
FREJA.ST,ejected_below_floor,86154.43340000001,2026-08-21|SEK,1000000.0
SLBEN.LS,ejected_below_floor,10387.7766,2026-08-21|EUR,1000000.0
AAA.PA,ejected_below_floor,1875.575925,2026-08-21|EUR,1000000.0
NORDH.OL,ejected_below_floor,27329.945526,2026-08-21|NOK,1000000.0
UMIDA-B.ST,ejected_below_floor,4475.85966912,2026-08-21|SEK,1000000.0
IBAB.BR,ejected_below_floor,539220.3264,2026-08-21|EUR,1000000.0
ONEF.ST,ejected_below_floor,8793.46818,2026-08-21|SEK,1000000.0
XTP.DE,ejected_below_floor,59290.340625,2026-08-21|EUR,1000000.0
IMMU.ST,ejected_below_floor,20663.164945499997,2026-08-21|SEK,1000000.0
MRX.DE,ejected_below_floor,8348.561999999998,2026-08-21|EUR,1000000.0
NILS.ST,ejected_below_floor,2352.116718,2026-08-21|SEK,1000000.0
HBIO,ejected_below_floor,146159.2,2026-08-21|USD,1000000.0
115160.KQ,ejected_below_floor,71258.36867856,2026-08-21|KRW,1000000.0
ALAIR.PA,ejected_below_floor,75957.453,2026-08-21|EUR,1000000.0
289220.KQ,ejected_below_floor,47523.1996239648,2026-08-21|KRW,1000000.0
ACCON.ST,ejected_below_floor,879128.1017679999,2026-08-21|SEK,1000000.0
ACD.TO,ejected_below_floor,4870.344408,2026-08-21|CAD,1000000.0
HHS,ejected_below_floor,368563.04000000004,2026-08-21|USD,1000000.0
LAMM-B.ST,ejected_below_floor,42113.422736,2026-08-21|SEK,1000000.0
5PG.OL,ejected_below_floor,33378.095550800004,2026-08-21|NOK,1000000.0
QLIRO.ST,ejected_below_floor,82190.6029805,2026-08-21|SEK,1000000.0
VERT-B.ST,ejected_below_floor,41582.433424,2026-08-21|SEK,1000000.0
0K3W.L,ejected_below_floor,765.51,2026-08-21|USD,1000000.0
NPK.TO,ejected_below_floor,35944.564379999996,2026-08-21|CAD,1000000.0
INCOAX.ST,ejected_below_floor,14774.66253648,2026-08-21|SEK,1000000.0
0HK4.L,ejected_below_floor,127624.43999999999,2026-08-21|USD,1000000.0
NANEXA.ST,ejected_below_floor,192983.1197329,2026-08-21|SEK,1000000.0
FNAC.PA,ejected_below_floor,447515.2755,2026-08-21|EUR,1000000.0
ALESA.PA,ejected_below_floor,13454.9530875,2026-08-21|EUR,1000000.0
TSQ,ejected_below_floor,413718.31,2026-08-21|USD,1000000.0
GFG.DE,ejected_below_floor,51032.569005000005,2026-08-21|EUR,1000000.0
STVG.L,ejected_below_floor,148364.56689697498,2026-08-21|GBp,1000000.0
ALAR,ejected_below_floor,393979.56,2026-08-21|USD,1000000.0
BINV.ST,ejected_below_floor,317830.72783,2026-08-21|SEK,1000000.0
RM.L,ejected_below_floor,299876.4439895,2026-08-21|GBp,1000000.0
ALLIX.PA,ejected_below_floor,302091.91875,2026-08-21|EUR,1000000.0
ZEO,ejected_below_floor,308383.2,2026-08-21|USD,1000000.0
BLNE,ejected_below_floor,450185.16000000003,2026-08-21|USD,1000000.0
SOLV.BR,ejected_below_floor,106016.934375,2026-08-21|EUR,1000000.0
GJAJ.PA,ejected_below_floor,390.13953749999996,2026-08-21|EUR,1000000.0
AGROUP.ST,ejected_below_floor,40167.073408,2026-08-21|SEK,1000000.0
VPLAY-A.ST,ejected_below_floor,19.511855999999998,2026-08-21|SEK,1000000.0
VTR.PA,ejected_below_floor,722.4806249999999,2026-08-21|EUR,1000000.0
LEVEL.ST,ejected_below_floor,5385.0064695,2026-08-21|SEK,1000000.0
PCOM-B.ST,ejected_below_floor,4598.3941248,2026-08-21|SEK,1000000.0
CLIME-B.ST,ejected_below_floor,24574.138247400002,2026-08-21|SEK,1000000.0
0JX5.L,ejected_below_floor,48941.92,2026-08-21|USD,1000000.0
QTRH.TO,ejected_below_floor,601569.111,2026-08-21|CAD,1000000.0
ABDX.L,ejected_below_floor,21886.8874851,2026-08-21|GBp,1000000.0
KTA.DE,ejected_below_floor,59345.14949999999,2026-08-21|EUR,1000000.0
002025.KS,ejected_below_floor,62122.3549506072,2026-08-21|KRW,1000000.0
STWK.ST,ejected_below_floor,8039.426667999999,2026-08-21|SEK,1000000.0
FERRO.ST,ejected_below_floor,32884.6473417,2026-08-21|SEK,1000000.0
IES.DE,ejected_below_floor,460823.56675874995,2026-08-21|EUR,1000000.0
008250.KS,ejected_below_floor,53228.608627,2026-08-21|KRW,1000000.0
ALGRO.PA,ejected_below_floor,49749.308999999994,2026-08-21|EUR,1000000.0
ALDUB.PA,ejected_below_floor,1469.9438999999998,2026-08-21|EUR,1000000.0
065660.KQ,ejected_below_floor,460714.1830953936,2026-08-21|KRW,1000000.0
ENZY.ST,ejected_below_floor,14998.582347,2026-08-21|SEK,1000000.0
EAAS.L,ejected_below_floor,51117.537100199996,2026-08-21|GBp,1000000.0
DKL.L,ejected_below_floor,2179.999238925,2026-08-21|GBp,1000000.0
INTEG-B.ST,ejected_below_floor,39040.718166800005,2026-08-21|SEK,1000000.0
SCIB.ST,ejected_below_floor,12449.02274,2026-08-21|SEK,1000000.0
CDLX,ejected_below_floor,282325.1,2026-08-21|USD,1000000.0
338220.KQ,ejected_below_floor,286215.516919612,2026-08-21|KRW,1000000.0
FREEM.ST,ejected_below_floor,99359.5572368,2026-08-21|SEK,1000000.0
133820.KS,ejected_below_floor,67797.33150980259,2026-08-21|KRW,1000000.0
CLAV.ST,ejected_below_floor,434352.61467276,2026-08-21|SEK,1000000.0
ALCRB.PA,ejected_below_floor,269353.52325,2026-08-21|EUR,1000000.0
KOS.L,ejected_below_floor,11941.9558776,2026-08-21|GBp,1000000.0
ACARIX.ST,ejected_below_floor,24263.004401300004,2026-08-21|SEK,1000000.0
214680.KQ,ejected_below_floor,319511.0456573952,2026-08-21|KRW,1000000.0
WUW.DE,ejected_below_floor,390550.221675,2026-08-21|EUR,1000000.0
KEBNI-B.ST,ejected_below_floor,73270.3181595,2026-08-21|SEK,1000000.0
VEL.L,ejected_below_floor,15177.2707848,2026-08-21|GBp,1000000.0
0UU0.L,ejected_below_floor,312703.33770000003,2026-08-21|CAD,1000000.0
ALBERT.ST,ejected_below_floor,4835.792542,2026-08-21|SEK,1000000.0
MEGL,ejected_below_floor,44445.96,2026-08-21|USD,1000000.0
BRT,ejected_below_floor,575513.12,2026-08-21|USD,1000000.0
ISHA.DE,ejected_below_floor,10967.38335,2026-08-21|EUR,1000000.0
NOHAL.OL,ejected_below_floor,10195.233828,2026-08-21|NOK,1000000.0
VBIO,ejected_below_floor,834935.0562,2026-08-21|USD,1000000.0
ALKLA.PA,ejected_below_floor,27124.946999999996,2026-08-21|EUR,1000000.0
NETEL.ST,ejected_below_floor,29445.368989399998,2026-08-21|SEK,1000000.0
OMDA.OL,ejected_below_floor,33844.33915200001,2026-08-21|NOK,1000000.0
NOBI.ST,ejected_below_floor,606860.48822868,2026-08-21|SEK,1000000.0
EXPRS2.ST,ejected_below_floor,18182.902653999998,2026-08-21|SEK,1000000.0
CYVIZ.OL,ejected_below_floor,15892.822764000002,2026-08-21|NOK,1000000.0
VRCI.L,ejected_below_floor,4558.6281634874995,2026-08-21|GBp,1000000.0
HDLY.OL,ejected_below_floor,23209.377723999998,2026-08-21|NOK,1000000.0
DEEZR.PA,ejected_below_floor,30132.048093749996,2026-08-21|EUR,1000000.0
ALKKO.PA,ejected_below_floor,11764.687938749998,2026-08-21|EUR,1000000.0
LLD.DE,ejected_below_floor,223171.782440625,2026-08-21|EUR,1000000.0
VG80.DE,ejected_below_floor,341.9703,2026-08-21|EUR,1000000.0
ALUNT.PA,ejected_below_floor,251.05477499999998,2026-08-21|EUR,1000000.0
0RL9.L,ejected_below_floor,2215.7038125,2026-08-21|EUR,1000000.0
CLBIO.ST,ejected_below_floor,13215.936657,2026-08-21|SEK,1000000.0
ALATA.PA,ejected_below_floor,29184.856874999998,2026-08-21|EUR,1000000.0
229000.KQ,ejected_below_floor,853956.1031931879,2026-08-21|KRW,1000000.0
ACOG,ejected_below_floor,812077.5,2026-08-21|USD,1000000.0
SPEC.ST,ejected_below_floor,13950.115266359999,2026-08-21|SEK,1000000.0
TI.TO,ejected_below_floor,239525.5443,2026-08-21|CAD,1000000.0
WBGR-B.ST,ejected_below_floor,56120.91536659999,2026-08-21|SEK,1000000.0
ALGTR.PA,ejected_below_floor,19393.3035,2026-08-21|EUR,1000000.0
MYSZ,ejected_below_floor,489409.83999999997,2026-08-21|USD,1000000.0
PYRUM.OL,ejected_below_floor,4738.812,2026-08-21|NOK,1000000.0
IPOK.DE,ejected_below_floor,6413.68125,2026-08-21|EUR,1000000.0
ATEB.BR,ejected_below_floor,27166.546124999997,2026-08-21|EUR,1000000.0
STG.L,ejected_below_floor,6858.034579499999,2026-08-21|GBp,1000000.0
051630.KS,ejected_below_floor,430179.9939241862,2026-08-21|KRW,1000000.0
YIELD.ST,ejected_below_floor,6771.114336000001,2026-08-21|SEK,1000000.0
FRAG.ST,ejected_below_floor,2161.20905,2026-08-21|SEK,1000000.0
0R6H.L,ejected_below_floor,25460.8893,2026-08-21|EUR,1000000.0
LXB.ST,ejected_below_floor,1216.52763687,2026-08-21|SEK,1000000.0
ALDAR.PA,ejected_below_floor,1791.2305124999998,2026-08-21|EUR,1000000.0
ALINV.PA,ejected_below_floor,19829.572874999998,2026-08-21|EUR,1000000.0
NYKD.OL,ejected_below_floor,507110.9056299,2026-08-21|NOK,1000000.0
CFISH.ST,ejected_below_floor,22511.751744999998,2026-08-21|SEK,1000000.0
DLPN,ejected_below_floor,22449.9,2026-08-21|USD,1000000.0
079980.KS,ejected_below_floor,217946.34623306998,2026-08-21|KRW,1000000.0
ALAFY.PA,ejected_below_floor,39009.898125,2026-08-21|EUR,1000000.0
ELEF.TO,ejected_below_floor,8738.203613999998,2026-08-21|CAD,1000000.0
SOLT.ST,ejected_below_floor,172135.03940633,2026-08-21|SEK,1000000.0
GBK.ST,ejected_below_floor,12389.25642416,2026-08-21|SEK,1000000.0
QCORE.ST,ejected_below_floor,2527.5066236000002,2026-08-21|SEK,1000000.0
HAYD.L,ejected_below_floor,27868.786885070997,2026-08-21|GBp,1000000.0
BR.TO,ejected_below_floor,1004.9542799999999,2026-08-21|CAD,1000000.0
VASTB.BR,ejected_below_floor,281961.9399375,2026-08-21|EUR,1000000.0
016450.KS,ejected_below_floor,66190.1073928974,2026-08-21|KRW,1000000.0
S30.PA,ejected_below_floor,302505.32598749996,2026-08-21|EUR,1000000.0
HSPG.OL,ejected_below_floor,3246.7266,2026-08-21|NOK,1000000.0
084680.KS,ejected_below_floor,186486.20388957552,2026-08-21|KRW,1000000.0
WISE.ST,ejected_below_floor,5212.4120125,2026-08-21|SEK,1000000.0
ARTE.PA,ejected_below_floor,401.506875,2026-08-21|EUR,1000000.0
ALSEN.PA,ejected_below_floor,437239.39359375,2026-08-21|EUR,1000000.0
DDRIL.OL,ejected_below_floor,148742.3700425,2026-08-21|NOK,1000000.0
APTA.ST,ejected_below_floor,1381.099615,2026-08-21|SEK,1000000.0
BZAIW,ejected_below_floor,7183.93,2026-08-21|USD,1000000.0
SMWN.DE,ejected_below_floor,329.2704,2026-08-21|EUR,1000000.0
DLHC,ejected_below_floor,243523.74000000002,2026-08-21|USD,1000000.0
GRA.TO,ejected_below_floor,179199.485184,2026-08-21|CAD,1000000.0
CJR-B.TO,ejected_below_floor,4193.385756000001,2026-08-21|CAD,1000000.0
ENVI.AS,ejected_below_floor,304992.07880625,2026-08-21|EUR,1000000.0
TIG.L,ejected_below_floor,202360.83642449998,2026-08-21|GBp,1000000.0
SKIS-B.ST,ejected_below_floor,775460.016121,2026-08-21|SEK,1000000.0
PRO.ST,ejected_below_floor,7798.108160500001,2026-08-21|SEK,1000000.0
IMP-A-SDB.ST,ejected_below_floor,174950.26346000002,2026-08-21|SEK,1000000.0
SYZ.DE,ejected_below_floor,6271.734375,2026-08-21|EUR,1000000.0
DEF.DE,ejected_below_floor,39565.05525,2026-08-21|EUR,1000000.0
NOSA.ST,ejected_below_floor,11083.408054950001,2026-08-21|SEK,1000000.0
AGLX.OL,ejected_below_floor,59446.587466499994,2026-08-21|NOK,1000000.0
PHR.LS,ejected_below_floor,172998.58855387502,2026-08-21|EUR,1000000.0
IMMP,ejected_below_floor,169347.7071,2026-08-21|USD,1000000.0
BRILL.ST,ejected_below_floor,524.3060844,2026-08-21|SEK,1000000.0
ALVAL.PA,ejected_below_floor,134072.5314375,2026-08-21|EUR,1000000.0
002820.KS,ejected_below_floor,46046.57804987392,2026-08-21|KRW,1000000.0
AIX.OL,ejected_below_floor,2785.97319,2026-08-21|NOK,1000000.0
NC5A.DE,ejected_below_floor,856.645335,2026-08-21|EUR,1000000.0
RROS.ST,ejected_below_floor,75994.2847832,2026-08-21|SEK,1000000.0
LAT.PA,ejected_below_floor,22199.7705075,2026-08-21|EUR,1000000.0
BFRI,ejected_below_floor,534737.32,2026-08-21|USD,1000000.0
MAGLE.ST,ejected_below_floor,1708.8195810000002,2026-08-21|SEK,1000000.0
ALNOV.PA,ejected_below_floor,247953.3134175,2026-08-21|EUR,1000000.0
LGVN,ejected_below_floor,285532.2652,2026-08-21|USD,1000000.0
AURR.L,ejected_below_floor,70262.83458149999,2026-08-21|GBp,1000000.0
AIDX.TO,ejected_below_floor,172185.219144,2026-08-21|CAD,1000000.0
IS7.DE,ejected_below_floor,996.223725,2026-08-21|EUR,1000000.0
TSEC.ST,ejected_below_floor,15663.6844,2026-08-21|SEK,1000000.0
IES.L,ejected_below_floor,822897.0042522,2026-08-21|GBp,1000000.0
ALVGO.PA,ejected_below_floor,355.7826,2026-08-21|EUR,1000000.0
FVL.TO,ejected_below_floor,614610.15564,2026-08-21|CAD,1000000.0
WPRT.TO,ejected_below_floor,20491.191,2026-08-21|CAD,1000000.0
GREAT.ST,ejected_below_floor,13874.482643000001,2026-08-21|SEK,1000000.0
ONWD.BR,ejected_below_floor,306680.5803375,2026-08-21|EUR,1000000.0
ACHR-WT,ejected_below_floor,3964.695,2026-08-21|USD,1000000.0
006840.KS,ejected_below_floor,100471.0432418,2026-08-21|KRW,1000000.0
ACIU,ejected_below_floor,742342.0,2026-08-21|USD,1000000.0
VEZ.DE,ejected_below_floor,15471.20705625,2026-08-21|EUR,1000000.0
0UNL.L,ejected_below_floor,137390.5,2026-08-21|USD,1000000.0
AERO.ST,ejected_below_floor,7630.73395882,2026-08-21|SEK,1000000.0
0N6K.L,ejected_below_floor,36919.814399999996,2026-08-21|EUR,1000000.0
BANQ.BR,ejected_below_floor,33514.873875000005,2026-08-21|EUR,1000000.0
ALGID.PA,ejected_below_floor,72255.00573,2026-08-21|EUR,1000000.0
OPTI.ST,ejected_below_floor,88924.94445135002,2026-08-21|SEK,1000000.0
PCZ.DE,ejected_below_floor,376868.8836,2026-08-21|EUR,1000000.0
ZEN.L,ejected_below_floor,44850.7924231,2026-08-21|GBp,1000000.0
DIST.ST,ejected_below_floor,3985.202781,2026-08-21|SEK,1000000.0
ELB.DE,ejected_below_floor,2867.5586249999997,2026-08-21|EUR,1000000.0
INSP.ST,ejected_below_floor,7540.88561422,2026-08-21|SEK,1000000.0
PRD.L,ejected_below_floor,195449.00442336,2026-08-21|GBp,1000000.0
IRIS.ST,ejected_below_floor,8016.24956405,2026-08-21|SEK,1000000.0
SES.ST,ejected_below_floor,94121.15213844001,2026-08-21|SEK,1000000.0
NRDY,ejected_below_floor,493722.24000000005,2026-08-21|USD,1000000.0
SFL.ST,ejected_below_floor,4572.695176,2026-08-21|SEK,1000000.0
0QNV.L,kept_no_reading,,not-captured,1000000.0
ART.L,ejected_below_floor,4489.2348888,2026-08-21|GBp,1000000.0
0I0X.L,ejected_below_floor,34407.67,2026-08-21|USD,1000000.0
ALHGR.PA,ejected_below_floor,63061.52146875,2026-08-21|EUR,1000000.0
MGIH,ejected_below_floor,530564.0,2026-08-21|USD,1000000.0
ENVIP.OL,ejected_below_floor,889716.1154700001,2026-08-21|NOK,1000000.0
EQVA.OL,ejected_below_floor,15565.049597500001,2026-08-21|NOK,1000000.0
MTI.ST,ejected_below_floor,141.8236764,2026-08-21|SEK,1000000.0
QRHC,ejected_below_floor,54743.25,2026-08-21|USD,1000000.0
VLTSA.PA,ejected_below_floor,834028.9915499999,2026-08-21|EUR,1000000.0
ALBIO.PA,ejected_below_floor,19384.863165000002,2026-08-21|EUR,1000000.0
NCYT.L,ejected_below_floor,73596.64142284999,2026-08-21|GBp,1000000.0
BALCO.ST,ejected_below_floor,28692.434400000002,2026-08-21|SEK,1000000.0
SOLID.IC,ejected_below_floor,16.935851519999996,2026-08-21|ISK,1000000.0
0IV3.L,ejected_below_floor,19097.46,2026-08-21|USD,1000000.0
WM.TO,ejected_below_floor,47149.39848,2026-08-21|CAD,1000000.0
EOS.PA,ejected_below_floor,1188.8195625,2026-08-21|EUR,1000000.0
PCELL.ST,ejected_below_floor,508659.91272460006,2026-08-21|SEK,1000000.0
AAQ1.DE,ejected_below_floor,1664.7065999999998,2026-08-21|EUR,1000000.0
AAPG,ejected_below_floor,192372.0,2026-08-21|USD,1000000.0
HGEA.DE,ejected_below_floor,2176.711875,2026-08-21|EUR,1000000.0
ALGAE.PA,ejected_below_floor,67805.71048125,2026-08-21|EUR,1000000.0
000040.KS,ejected_below_floor,61928.5075888788,2026-08-21|KRW,1000000.0
TISI,ejected_below_floor,320556.48,2026-08-21|USD,1000000.0
VOW.OL,ejected_below_floor,248015.06436135003,2026-08-21|NOK,1000000.0
DND.TO,ejected_below_floor,165397.504488,2026-08-21|CAD,1000000.0
CI.ST,ejected_below_floor,19646.448907764003,2026-08-21|SEK,1000000.0
082210.KQ,ejected_below_floor,305525.17113235826,2026-08-21|KRW,1000000.0
KPRX,ejected_below_floor,62629.700000000004,2026-08-21|USD,1000000.0
ONCIN.OL,ejected_below_floor,59397.89190400001,2026-08-21|NOK,1000000.0
053030.KQ,ejected_below_floor,821096.5060380116,2026-08-21|KRW,1000000.0
FPG.PA,ejected_below_floor,705.7969425000001,2026-08-21|EUR,1000000.0
ALIMP.PA,ejected_below_floor,17831.18799,2026-08-21|EUR,1000000.0
LIFE.OL,ejected_below_floor,108239.49903988,2026-08-21|NOK,1000000.0
ALZ.ST,ejected_below_floor,453991.70704797,2026-08-21|SEK,1000000.0
JSE.L,ejected_below_floor,512325.31727675995,2026-08-21|GBp,1000000.0
SALT-B.ST,ejected_below_floor,331173.52698920004,2026-08-21|SEK,1000000.0
ICU,ejected_below_floor,308474.7,2026-08-21|USD,1000000.0
ASA.OL,ejected_below_floor,12327.282981,2026-08-21|NOK,1000000.0
DGR.DE,ejected_below_floor,6388.304625,2026-08-21|EUR,1000000.0
STW.ST,ejected_below_floor,44943.350620000005,2026-08-21|SEK,1000000.0
ALSGD.PA,ejected_below_floor,56342.981205,2026-08-21|EUR,1000000.0
GIGA.OL,ejected_below_floor,24993.4358466,2026-08-21|NOK,1000000.0
TRLS.L,kept_no_reading,,not-captured,1000000.0
FLEXQ.ST,ejected_below_floor,123306.79998000001,2026-08-21|SEK,1000000.0
TTO.DE,ejected_below_floor,96.54705,2026-08-21|EUR,1000000.0
PTM.TO,ejected_below_floor,156725.728776,2026-08-21|CAD,1000000.0
ALINT.PA,ejected_below_floor,7098.641549999999,2026-08-21|EUR,1000000.0
CO.PA,ejected_below_floor,112669.21383749999,2026-08-21|EUR,1000000.0
CHF.L,ejected_below_floor,1467.09612144,2026-08-21|GBp,1000000.0
071670.KQ,ejected_below_floor,480664.3383006452,2026-08-21|KRW,1000000.0
0QW7.L,ejected_below_floor,76859.8875,2026-08-21|EUR,1000000.0
ZTEK,ejected_below_floor,110290.50899999999,2026-08-21|USD,1000000.0
ALKLK.PA,ejected_below_floor,99449.49279374999,2026-08-21|EUR,1000000.0
BRIGHT.ST,ejected_below_floor,2081.57170158,2026-08-21|SEK,1000000.0
BNN.DE,ejected_below_floor,8726.893875,2026-08-21|EUR,1000000.0
CRIN.DE,ejected_below_floor,910563.5947499999,2026-08-21|EUR,1000000.0
024890.KS,ejected_below_floor,135374.85885136464,2026-08-21|KRW,1000000.0
ALDBT.PA,ejected_below_floor,320410.78289999993,2026-08-21|EUR,1000000.0
BLEE.PA,ejected_below_floor,867.90375,2026-08-21|EUR,1000000.0
VOTR.DE,ejected_below_floor,23750.047068750002,2026-08-21|EUR,1000000.0
NICA.ST,ejected_below_floor,61795.80985592,2026-08-21|SEK,1000000.0
PRS.OL,ejected_below_floor,989026.1978414999,2026-08-21|NOK,1000000.0
LHYFE.PA,ejected_below_floor,118397.59874999999,2026-08-21|EUR,1000000.0
MBK.DE,ejected_below_floor,9330.023249999998,2026-08-21|EUR,1000000.0
002210.KS,ejected_below_floor,214969.7566427814,2026-08-21|KRW,1000000.0
GIL.DE,ejected_below_floor,158018.50574999998,2026-08-21|EUR,1000000.0
0P07.L,ejected_below_floor,16177.3128,2026-08-21|CAD,1000000.0
0J4V.L,ejected_below_floor,3888.6796000000004,2026-08-21|USD,1000000.0
AVL.TO,ejected_below_floor,80875.63824,2026-08-21|CAD,1000000.0
LEXX,ejected_below_floor,169280.735,2026-08-21|USD,1000000.0
0DO7.L,ejected_below_floor,380.871855,2026-08-21|EUR,1000000.0
AVT.PA,ejected_below_floor,29976.30096975,2026-08-21|EUR,1000000.0
URE.TO,ejected_below_floor,509277.74273999996,2026-08-21|CAD,1000000.0
NXFIL.AS,ejected_below_floor,201174.89805,2026-08-21|EUR,1000000.0
ERD.TO,ejected_below_floor,343467.12232799997,2026-08-21|CAD,1000000.0
ALCLS.PA,ejected_below_floor,642691.2436874999,2026-08-21|EUR,1000000.0
SYV.DE,ejected_below_floor,42235.336108125,2026-08-21|EUR,1000000.0
QLINEA.ST,ejected_below_floor,15899.614216500002,2026-08-21|SEK,1000000.0
BINERO.ST,ejected_below_floor,2339.1150678,2026-08-21|SEK,1000000.0
EGLX.TO,ejected_below_floor,1733.0663339999999,2026-08-21|CAD,1000000.0
089590.KS,ejected_below_floor,963157.5454441288,2026-08-21|KRW,1000000.0
AMI.DE,ejected_below_floor,9931.428984375,2026-08-21|EUR,1000000.0
BIM.ST,ejected_below_floor,78358.12529160001,2026-08-21|SEK,1000000.0
AIFA,ejected_below_floor,829306.7999999999,2026-08-21|USD,1000000.0
CMCOM.AS,ejected_below_floor,192383.2879875,2026-08-21|EUR,1000000.0
ALROC.PA,ejected_below_floor,245523.22695,2026-08-21|EUR,1000000.0
BEPI,ejected_below_floor,411970.74000000005,2026-08-21|USD,1000000.0
IMMNOV.ST,ejected_below_floor,44737.804849108004,2026-08-21|SEK,1000000.0
WAGA.PA,ejected_below_floor,18278.238375,2026-08-21|EUR,1000000.0
NXTCL.ST,ejected_below_floor,38849.293518,2026-08-21|SEK,1000000.0
GOLD.TO,ejected_below_floor,477624.85282800003,2026-08-21|CAD,1000000.0
PRN.TO,ejected_below_floor,87150.100944,2026-08-21|CAD,1000000.0
PROF,ejected_below_floor,625562.7,2026-08-21|USD,1000000.0
ABXX.TO,kept_no_reading,,not-captured,1000000.0
FLT.TO,ejected_below_floor,523546.2462,2026-08-21|CAD,1000000.0
PPBT,ejected_below_floor,358159.39,2026-08-21|USD,1000000.0
0KDU.L,ejected_below_floor,9025.26,2026-08-21|USD,1000000.0
TMQ.TO,ejected_below_floor,953529.20754,2026-08-21|CAD,1000000.0
0QYH.L,ejected_below_floor,25567.2,2026-08-21|USD,1000000.0
MOMENT.ST,ejected_below_floor,4297.81982,2026-08-21|SEK,1000000.0
CORO.L,ejected_below_floor,5584.3174282,2026-08-21|GBp,1000000.0
AXOLOT.ST,ejected_below_floor,10570.803351499999,2026-08-21|SEK,1000000.0
BOHO.ST,ejected_below_floor,6808.1618472,2026-08-21|SEK,1000000.0
WAVE,ejected_below_floor,482881.0,2026-08-21|USD,1000000.0
EMH.DE,ejected_below_floor,21782.738699999998,2026-08-21|EUR,1000000.0
EGTX.ST,ejected_below_floor,530498.1927476,2026-08-21|SEK,1000000.0
SINT,ejected_below_floor,182016.5,2026-08-21|USD,1000000.0
CNSP,ejected_below_floor,167804.89,2026-08-21|USD,1000000.0
MAK.DE,ejected_below_floor,995.75443125,2026-08-21|EUR,1000000.0
NVO.TO,ejected_below_floor,12553.187892,2026-08-21|CAD,1000000.0
CLLS,ejected_below_floor,102813.97499999999,2026-08-21|USD,1000000.0
MANTEX.ST,ejected_below_floor,1432.0201392,2026-08-21|SEK,1000000.0
HDP.PA,ejected_below_floor,1432.215,2026-08-21|EUR,1000000.0
0OB3.L,ejected_below_floor,209914.06226478747,2026-08-21|EUR,1000000.0
BRE.TO,ejected_below_floor,163903.449936,2026-08-21|CAD,1000000.0
H2O.DE,ejected_below_floor,23290.8402375,2026-08-21|EUR,1000000.0
CRDL.TO,ejected_below_floor,194177.695824,2026-08-21|CAD,1000000.0
HPUR.OL,ejected_below_floor,22583.448966,2026-08-21|NOK,1000000.0
069640.KS,ejected_below_floor,43361.5729240018,2026-08-21|KRW,1000000.0
PPR.TO,ejected_below_floor,584.3484599999999,2026-08-21|CAD,1000000.0
CIRCHE.ST,ejected_below_floor,3483.4347664200004,2026-08-21|SEK,1000000.0
COBH.BR,ejected_below_floor,10660.5,2026-08-21|EUR,1000000.0
TSK.TO,ejected_below_floor,454963.42492799996,2026-08-21|CAD,1000000.0
ADXN,ejected_below_floor,31645.640000000003,2026-08-21|USD,1000000.0
EMGS.OL,ejected_below_floor,41173.6227318,2026-08-21|NOK,1000000.0
0G8X.L,ejected_below_floor,369.73841436000004,2026-08-21|SEK,1000000.0
ZAPLOX.ST,ejected_below_floor,1759.3012969,2026-08-21|SEK,1000000.0
0NFG.L,ejected_below_floor,67.9606875,2026-08-21|EUR,1000000.0
MGA.TO,ejected_below_floor,263811.06486,2026-08-21|CAD,1000000.0
FASTAT.ST,ejected_below_floor,38456.322392985,2026-08-21|SEK,1000000.0
LCLEAN.ST,ejected_below_floor,2703.09498312,2026-08-21|SEK,1000000.0
VALN,ejected_below_floor,548183.52,2026-08-21|USD,1000000.0
VVY.AS,ejected_below_floor,82550.22485625,2026-08-21|EUR,1000000.0
ALMAR.PA,ejected_below_floor,4764.7915875,2026-08-21|EUR,1000000.0
VHC,ejected_below_floor,285705.0,2026-08-21|USD,1000000.0
ALHRS.PA,ejected_below_floor,32147.2476,2026-08-21|EUR,1000000.0
0R3M.L,ejected_below_floor,3908.9736000000003,2026-08-21|EUR,1000000.0
CWEB.TO,ejected_below_floor,36251.916072,2026-08-21|CAD,1000000.0
STLR.TO,ejected_below_floor,260233.76977199997,2026-08-21|CAD,1000000.0
GCOR.ST,ejected_below_floor,10123.77943444,2026-08-21|SEK,1000000.0
ANRG.TO,ejected_below_floor,266108.49342,2026-08-21|CAD,1000000.0
ALTHE.PA,ejected_below_floor,115627.21637625,2026-08-21|EUR,1000000.0
009410.KS,ejected_below_floor,410006.2342206715,2026-08-21|KRW,1000000.0
009415.KS,ejected_below_floor,53994.344595967996,2026-08-21|KRW,1000000.0
SNYR,ejected_below_floor,591304.0682,2026-08-21|USD,1000000.0
KSC.DE,ejected_below_floor,6757.58086875,2026-08-21|EUR,1000000.0
OSE.PA,ejected_below_floor,697819.0484025,2026-08-21|EUR,1000000.0
CAPS,ejected_below_floor,101649.87,2026-08-21|USD,1000000.0
LGO.TO,ejected_below_floor,118793.05704000001,2026-08-21|CAD,1000000.0
AELIS.PA,ejected_below_floor,25225.083675,2026-08-21|EUR,1000000.0
ALECO.PA,ejected_below_floor,4549.4379,2026-08-21|EUR,1000000.0
0RD8.L,ejected_below_floor,37623.01921875,2026-08-21|EUR,1000000.0
KRN.TO,ejected_below_floor,3580.996908,2026-08-21|CAD,1000000.0
BCO.DE,ejected_below_floor,763358.659875,2026-08-21|EUR,1000000.0
ORX.ST,ejected_below_floor,55850.7553758,2026-08-21|SEK,1000000.0
EST.L,ejected_below_floor,90067.74114532501,2026-08-21|GBp,1000000.0
HDF.PA,ejected_below_floor,25279.9968375,2026-08-21|EUR,1000000.0
MAXENT-B.ST,ejected_below_floor,3326.3211744000005,2026-08-21|SEK,1000000.0
SYZ.TO,ejected_below_floor,71029.824924,2026-08-21|CAD,1000000.0
ARA.TO,ejected_below_floor,304262.519616,2026-08-21|CAD,1000000.0
323990.KQ,ejected_below_floor,474815.108468428,2026-08-21|KRW,1000000.0
0UYN.L,ejected_below_floor,14074.851552,2026-08-21|CAD,1000000.0
TCRT,ejected_below_floor,27248.32,2026-08-21|USD,1000000.0
KPT.TO,ejected_below_floor,156899.664,2026-08-21|CAD,1000000.0
001530.KS,ejected_below_floor,792628.755766512,2026-08-21|KRW,1000000.0
006740.KS,ejected_below_floor,59949.32508063776,2026-08-21|KRW,1000000.0
083790.KQ,ejected_below_floor,128462.785458848,2026-08-21|KRW,1000000.0
PYC.L,ejected_below_floor,25622.141279499,2026-08-21|GBp,1000000.0
GASX.TO,ejected_below_floor,190546.40447999997,2026-08-21|CAD,1000000.0
0RNP.L,ejected_below_floor,31446.9918,2026-08-21|EUR,1000000.0
ALLGO.PA,ejected_below_floor,4806.495,2026-08-21|EUR,1000000.0
BSX.TO,ejected_below_floor,553703.917104,2026-08-21|CAD,1000000.0
SFD.TO,ejected_below_floor,2306.571696,2026-08-21|CAD,1000000.0
AVCN.TO,ejected_below_floor,15397.889208,2026-08-21|CAD,1000000.0
ACOU.ST,ejected_below_floor,7840.5954354,2026-08-21|SEK,1000000.0
MTRK.AS,ejected_below_floor,6217.3310625,2026-08-21|EUR,1000000.0
067630.KQ,ejected_below_floor,941957.4756512928,2026-08-21|KRW,1000000.0
BYL.TO,ejected_below_floor,25123.192109999996,2026-08-21|CAD,1000000.0
095700.KQ,ejected_below_floor,515515.548997673,2026-08-21|KRW,1000000.0
APLI.TO,ejected_below_floor,444.18605399999996,2026-08-21|CAD,1000000.0
CCM.TO,ejected_below_floor,11048.444784,2026-08-21|CAD,1000000.0
PNE3.DE,ejected_below_floor,598621.7216249999,2026-08-21|EUR,1000000.0
EARN.L,ejected_below_floor,10432.093539399999,2026-08-21|GBp,1000000.0
CRIS,ejected_below_floor,427826.08,2026-08-21|USD,1000000.0
ACRM.L,ejected_below_floor,6223.7859690625,2026-08-21|GBp,1000000.0
FCP.LS,ejected_below_floor,1305.26235,2026-08-21|EUR,1000000.0
004540.KS,ejected_below_floor,311779.04670100013,2026-08-21|KRW,1000000.0
004545.KS,ejected_below_floor,13800.91156146,2026-08-21|KRW,1000000.0
OXE.ST,ejected_below_floor,20932.63128565,2026-08-21|SEK,1000000.0
LYTIX.OL,ejected_below_floor,30796.674675000002,2026-08-21|NOK,1000000.0
FURY.TO,ejected_below_floor,62481.704376,2026-08-21|CAD,1000000.0
ALCJ.PA,ejected_below_floor,400839.977295,2026-08-21|EUR,1000000.0
SPEONE.ST,ejected_below_floor,7097.091576400001,2026-08-21|SEK,1000000.0
ALCBI.PA,ejected_below_floor,104616.33969262498,2026-08-21|EUR,1000000.0
BRFH,ejected_below_floor,19716.0,2026-08-21|USD,1000000.0
BTTC,ejected_below_floor,740027.527,2026-08-21|USD,1000000.0
ALAGP.PA,ejected_below_floor,12785.411114999999,2026-08-21|EUR,1000000.0
CTXR,ejected_below_floor,329156.28219999996,2026-08-21|USD,1000000.0
PGN.DE,ejected_below_floor,733.6625624999999,2026-08-21|EUR,1000000.0
APRE,ejected_below_floor,51549.2724,2026-08-21|USD,1000000.0
290670.KQ,ejected_below_floor,117359.286795478,2026-08-21|KRW,1000000.0
HPHA.DE,ejected_below_floor,8266.5225,2026-08-21|EUR,1000000.0
GP,ejected_below_floor,408496.12,2026-08-21|USD,1000000.0
SPRINT.ST,ejected_below_floor,122651.82282920001,2026-08-21|SEK,1000000.0
AHG,ejected_below_floor,12546.3015,2026-08-21|USD,1000000.0
ANDF.OL,ejected_below_floor,45940.562356,2026-08-21|NOK,1000000.0
SLVR.TO,ejected_below_floor,623687.852088,2026-08-21|CAD,1000000.0
GNLX,ejected_below_floor,611480.4800000001,2026-08-21|USD,1000000.0
VICO.ST,ejected_below_floor,792170.82637,2026-08-21|SEK,1000000.0
ZLNA.OL,ejected_below_floor,182047.48255200003,2026-08-21|NOK,1000000.0
MAAT.PA,ejected_below_floor,236725.649325,2026-08-21|EUR,1000000.0
KLDVK.OL,ejected_below_floor,72941.267178,2026-08-21|NOK,1000000.0
FRAM-B.ST,ejected_below_floor,1088.869964,2026-08-21|SEK,1000000.0
TCF.L,ejected_below_floor,6558.498936411999,2026-08-21|GBp,1000000.0
ELO.TO,ejected_below_floor,197981.67168000003,2026-08-21|CAD,1000000.0
TOURN.ST,ejected_below_floor,12087.4155164,2026-08-21|SEK,1000000.0
ISPC,ejected_below_floor,414957.52999999997,2026-08-21|USD,1000000.0
AZRN.AS,ejected_below_floor,50441.430374999996,2026-08-21|EUR,1000000.0
FNGR,ejected_below_floor,435023.15640000004,2026-08-21|USD,1000000.0
ALUCI.PA,ejected_below_floor,466.9299,2026-08-21|EUR,1000000.0
EPRX.TO,ejected_below_floor,446159.59128000005,2026-08-21|CAD,1000000.0
LCFY,ejected_below_floor,32213.949999999997,2026-08-21|USD,1000000.0
006570.KS,ejected_below_floor,169156.34643121972,2026-08-21|KRW,1000000.0
AEX.L,ejected_below_floor,102806.13391229998,2026-08-21|GBp,1000000.0
AGMR.TO,ejected_below_floor,364092.010128,2026-08-21|CAD,1000000.0
NOL.OL,ejected_below_floor,890783.5136616002,2026-08-21|NOK,1000000.0
MOLN,ejected_below_floor,21247.1171,2026-08-21|USD,1000000.0
0VNO.L,ejected_below_floor,13997.490000000002,2026-08-21|USD,1000000.0
DOXA.ST,ejected_below_floor,26599.76616416,2026-08-21|SEK,1000000.0
NIO.ST,ejected_below_floor,14184.335502400001,2026-08-21|SEK,1000000.0
DMYD-B.ST,ejected_below_floor,64491.89787306,2026-08-21|SEK,1000000.0
A1G.DE,ejected_below_floor,216239.29695,2026-08-21|EUR,1000000.0
NEXT.OL,ejected_below_floor,30333.921144800002,2026-08-21|NOK,1000000.0
CODE.OL,ejected_below_floor,7017.145291,2026-08-21|NOK,1000000.0
0QXX.L,ejected_below_floor,27869.249408000003,2026-08-21|CHF,1000000.0
XSPRAY.ST,ejected_below_floor,195856.11649520003,2026-08-21|SEK,1000000.0
UFO.L,ejected_below_floor,40897.88627166,2026-08-21|GBp,1000000.0
KLAR.ST,ejected_below_floor,96855.83819226001,2026-08-21|SEK,1000000.0
EKOP.BR,ejected_below_floor,21516.944625,2026-08-21|EUR,1000000.0
ACE.ST,ejected_below_floor,143112.51578820002,2026-08-21|SEK,1000000.0
ELIC.ST,ejected_below_floor,148129.28183690002,2026-08-21|SEK,1000000.0
GOMX.ST,ejected_below_floor,628091.2182524,2026-08-21|SEK,1000000.0
LARK.ST,ejected_below_floor,5609.942105600001,2026-08-21|SEK,1000000.0
0HX7.L,ejected_below_floor,59546.35,2026-08-21|USD,1000000.0
0HE6.L,ejected_below_floor,763542.1,2026-08-21|USD,1000000.0
0URY.L,ejected_below_floor,208323.65825999997,2026-08-21|CAD,1000000.0
0KCC.L,ejected_below_floor,1637.7791599999998,2026-08-21|USD,1000000.0
SJJ.DE,ejected_below_floor,114959.93512499997,2026-08-21|EUR,1000000.0
AQMS,ejected_below_floor,249702.22,2026-08-21|USD,1000000.0
CANTA.ST,ejected_below_floor,233014.92198768005,2026-08-21|SEK,1000000.0
ACET,ejected_below_floor,832448.58,2026-08-21|USD,1000000.0
REALFI.ST,ejected_below_floor,1858.4678035000002,2026-08-21|SEK,1000000.0
SLR.TO,ejected_below_floor,8450.155296,2026-08-21|CAD,1000000.0
0QN1.L,ejected_below_floor,26433.807628032002,2026-08-21|CHF,1000000.0
LAM.TO,ejected_below_floor,134589.7293,2026-08-21|CAD,1000000.0
NDLS,ejected_below_floor,785798.46,2026-08-21|USD,1000000.0
SVB.TO,ejected_below_floor,24927.4449,2026-08-21|CAD,1000000.0
ALENT.PA,ejected_below_floor,16097.436112500001,2026-08-21|EUR,1000000.0
CHARGE.ST,ejected_below_floor,18701.280136,2026-08-21|SEK,1000000.0
GRC.TO,ejected_below_floor,1009.33896,2026-08-21|CAD,1000000.0
VGZ.TO,ejected_below_floor,137970.152256,2026-08-21|CAD,1000000.0
M3V.DE,ejected_below_floor,965.23875,2026-08-21|EUR,1000000.0
USEA,ejected_below_floor,171106.495,2026-08-21|USD,1000000.0
0Q77.L,ejected_below_floor,4387.01475375,2026-08-21|EUR,1000000.0
0HH6.L,ejected_below_floor,5617.1255,2026-08-21|USD,1000000.0
OBD.L,ejected_below_floor,40111.088831249996,2026-08-21|GBp,1000000.0
ALMAS.PA,ejected_below_floor,12046.228267499999,2026-08-21|EUR,1000000.0
DIVIO-B.ST,ejected_below_floor,5901.97278153,2026-08-21|SEK,1000000.0
BBLG,ejected_below_floor,208714.3386,2026-08-21|USD,1000000.0
ELR.TO,ejected_below_floor,45615.62304,2026-08-21|CAD,1000000.0
VANTI.PA,ejected_below_floor,7715.002227749999,2026-08-21|EUR,1000000.0
TRZ.TO,ejected_below_floor,94451.958864,2026-08-21|CAD,1000000.0
CLEMO.ST,ejected_below_floor,9343.816776126,2026-08-21|SEK,1000000.0
FOOD.TO,ejected_below_floor,8716.643208,2026-08-21|CAD,1000000.0
BUY.ST,ejected_below_floor,13766.364864000003,2026-08-21|SEK,1000000.0
HYL.BR,ejected_below_floor,15106.044375,2026-08-21|EUR,1000000.0
0MTP.L,ejected_below_floor,49475.2977264,2026-08-21|NOK,1000000.0
SRES.L,ejected_below_floor,9496.388906286,2026-08-21|GBp,1000000.0
KEN.L,ejected_below_floor,268222.049080345,2026-08-21|GBp,1000000.0
DII-B.TO,ejected_below_floor,27733.02912,2026-08-21|CAD,1000000.0
NORSE.OL,ejected_below_floor,282605.260022865,2026-08-21|NOK,1000000.0
NICO.ST,ejected_below_floor,395.07287085,2026-08-21|SEK,1000000.0
ITH.TO,ejected_below_floor,164026.24254,2026-08-21|CAD,1000000.0
CGNR.L,ejected_below_floor,6400.9134656,2026-08-21|GBp,1000000.0
ALBLU.PA,ejected_below_floor,815.9454,2026-08-21|EUR,1000000.0
TC.TO,ejected_below_floor,46345.8879,2026-08-21|CAD,1000000.0
ALNRG.PA,ejected_below_floor,22154.62329,2026-08-21|EUR,1000000.0
ALTHX.PA,ejected_below_floor,577977.6228187501,2026-08-21|EUR,1000000.0
CYAD.BR,ejected_below_floor,5012.7038325,2026-08-21|EUR,1000000.0
NANO.TO,ejected_below_floor,56478.703680000006,2026-08-21|CAD,1000000.0
EARTH.AS,ejected_below_floor,23544.4210875,2026-08-21|EUR,1000000.0
CHLL.L,ejected_below_floor,1773.7885158,2026-08-21|GBp,1000000.0
ECOB.L,ejected_below_floor,49709.15859924,2026-08-21|GBp,1000000.0
TCX,ejected_below_floor,671119.68,2026-08-21|USD,1000000.0
IRLAB-A.ST,ejected_below_floor,116997.99259750001,2026-08-21|SEK,1000000.0
PXS.L,ejected_below_floor,17810.115057225,2026-08-21|GBp,1000000.0
SPAGO.ST,ejected_below_floor,5530.94368708,2026-08-21|SEK,1000000.0
OPTI.BR,ejected_below_floor,20134.9614375,2026-08-21|EUR,1000000.0
DTSS,ejected_below_floor,303685.62659999996,2026-08-21|USD,1000000.0
0QOI.L,ejected_below_floor,64783.733532160004,2026-08-21|CHF,1000000.0
IPR.LS,ejected_below_floor,39088.51062187499,2026-08-21|EUR,1000000.0
0UNV.L,ejected_below_floor,4770.3287789999995,2026-08-21|CAD,1000000.0
GENM.TO,ejected_below_floor,365912.328,2026-08-21|CAD,1000000.0
ALDRV.PA,ejected_below_floor,191823.9871725,2026-08-21|EUR,1000000.0
308170.KS,ejected_below_floor,55228.768549891196,2026-08-21|KRW,1000000.0
CETY,ejected_below_floor,47311.0,2026-08-21|USD,1000000.0
INIT.ST,ejected_below_floor,29513.9867253,2026-08-21|SEK,1000000.0
AB.PA,ejected_below_floor,364805.13155625,2026-08-21|EUR,1000000.0
ALAMA.PA,ejected_below_floor,3463.65322875,2026-08-21|EUR,1000000.0
HUDL.OL,ejected_below_floor,14354.10937506,2026-08-21|NOK,1000000.0
IZAFE-B.ST,ejected_below_floor,12664.4265426,2026-08-21|SEK,1000000.0
ABNX.PA,ejected_below_floor,357562.06919999997,2026-08-21|EUR,1000000.0
NP5.DE,ejected_below_floor,59695.09199999999,2026-08-21|EUR,1000000.0
IDEX.OL,ejected_below_floor,108751.5579878,2026-08-21|NOK,1000000.0
PILA.ST,ejected_below_floor,9721.0026116,2026-08-21|SEK,1000000.0
ALARF.PA,ejected_below_floor,5596.1136,2026-08-21|EUR,1000000.0
AMC.TO,ejected_below_floor,26839.2732,2026-08-21|CAD,1000000.0
SONM,ejected_below_floor,83046.53,2026-08-21|USD,1000000.0
SST,ejected_below_floor,310598.76,2026-08-21|USD,1000000.0
ALGEC.PA,ejected_below_floor,3880.9781999999996,2026-08-21|EUR,1000000.0
ALTOO.PA,ejected_below_floor,14680.697377499999,2026-08-21|EUR,1000000.0
ISLAX.OL,ejected_below_floor,10299.178175000001,2026-08-21|NOK,1000000.0
SALME.OL,ejected_below_floor,382532.04162225,2026-08-21|NOK,1000000.0
0RNK.L,ejected_below_floor,9123.174996074998,2026-08-21|EUR,1000000.0
ALPRE.PA,ejected_below_floor,1119.004875,2026-08-21|EUR,1000000.0
IMM.L,ejected_below_floor,99892.036946877,2026-08-21|GBp,1000000.0
HEXI.ST,ejected_below_floor,6401.482236240001,2026-08-21|SEK,1000000.0
FMR.TO,ejected_below_floor,7975.898243999999,2026-08-21|CAD,1000000.0
OREGE.PA,ejected_below_floor,7398.537637499999,2026-08-21|EUR,1000000.0
DIAM.TO,ejected_below_floor,2422.1259840000002,2026-08-21|CAD,1000000.0
012205.KS,ejected_below_floor,852213.903391652,2026-08-21|KRW,1000000.0
NEXT.TO,ejected_below_floor,24662.689296000004,2026-08-21|CAD,1000000.0
KXIN,ejected_below_floor,702333.1699999999,2026-08-21|USD,1000000.0
ALRPD.PA,ejected_below_floor,60580.956375,2026-08-21|EUR,1000000.0
0QAV.L,ejected_below_floor,371334.4386749999,2026-08-21|EUR,1000000.0
OCG.TO,ejected_below_floor,108502.867188,2026-08-21|CAD,1000000.0
TGO.TO,ejected_below_floor,17254.6143,2026-08-21|CAD,1000000.0
MSCL.TO,ejected_below_floor,218322.43221600002,2026-08-21|CAD,1000000.0
ZOOZ,ejected_below_floor,95550.944,2026-08-21|USD,1000000.0
MSLE,ejected_below_floor,556586.03,2026-08-21|USD,1000000.0
000520.KS,ejected_below_floor,556317.576390088,2026-08-21|KRW,1000000.0
QNTM,ejected_below_floor,940695.52,2026-08-21|USD,1000000.0
4BB.L,ejected_below_floor,5641.313791,2026-08-21|GBp,1000000.0
006370.KS,ejected_below_floor,347770.686425804,2026-08-21|KRW,1000000.0
PROGEN.ST,ejected_below_floor,27077.583531845,2026-08-21|SEK,1000000.0
BIOEX.ST,ejected_below_floor,25346.4179248,2026-08-21|SEK,1000000.0
0AH7.L,ejected_below_floor,5247.098099999999,2026-08-21|EUR,1000000.0
007460.KS,ejected_below_floor,283406.0204549232,2026-08-21|KRW,1000000.0
MODEL.ST,ejected_below_floor,759.8367000000001,2026-08-21|SEK,1000000.0
88Q.DE,ejected_below_floor,985.5168749999999,2026-08-21|EUR,1000000.0
GUARD.ST,ejected_below_floor,4348.5339687999995,2026-08-21|SEK,1000000.0
JYD,ejected_below_floor,250321.8969,2026-08-21|USD,1000000.0
BYW.DE,ejected_below_floor,1845.3093749999998,2026-08-21|EUR,1000000.0
BYW6.DE,ejected_below_floor,80769.11023125,2026-08-21|EUR,1000000.0
EBUS.AS,ejected_below_floor,148870.281105,2026-08-21|EUR,1000000.0
BIOSGN.ST,ejected_below_floor,19520.961532800004,2026-08-21|SEK,1000000.0
VIVE.ST,ejected_below_floor,37432.4075748,2026-08-21|SEK,1000000.0
TNG.PA,ejected_below_floor,46892.14668,2026-08-21|EUR,1000000.0
0MV8.L,ejected_below_floor,2996.0477774999995,2026-08-21|EUR,1000000.0
QLIFE.ST,ejected_below_floor,14028.124750640001,2026-08-21|SEK,1000000.0
IBT-B.ST,ejected_below_floor,50223.090001,2026-08-21|SEK,1000000.0
CVX.PA,ejected_below_floor,350195.408775,2026-08-21|EUR,1000000.0
ANOT.ST,ejected_below_floor,150981.618003524,2026-08-21|SEK,1000000.0
MDAI,ejected_below_floor,724350.4,2026-08-21|USD,1000000.0
0IYU.L,ejected_below_floor,1886.6928,2026-08-21|USD,1000000.0
AUMN.TO,ejected_below_floor,3405.60252,2026-08-21|CAD,1000000.0
ONCOZ.ST,ejected_below_floor,21352.354551500004,2026-08-21|SEK,1000000.0
COCH,ejected_below_floor,293098.5,2026-08-21|USD,1000000.0
ALDVI.PA,ejected_below_floor,154494.92312999998,2026-08-21|EUR,1000000.0
ENERS.ST,ejected_below_floor,5826.324617477,2026-08-21|SEK,1000000.0
SIMRIS-B.ST,ejected_below_floor,1861.9598837279998,2026-08-21|SEK,1000000.0
RDZN,ejected_below_floor,788872.5,2026-08-21|USD,1000000.0
SYNACT.ST,ejected_below_floor,829991.995168,2026-08-21|SEK,1000000.0
JAN.L,ejected_below_floor,41479.238346699996,2026-08-21|GBp,1000000.0
0V9D.L,ejected_below_floor,203806.94907600002,2026-08-21|CAD,1000000.0
LOOP,ejected_below_floor,938576.701,2026-08-21|USD,1000000.0
BCTX,ejected_below_floor,668562.62,2026-08-21|USD,1000000.0
ITN.DE,ejected_below_floor,107.62469999999999,2026-08-21|EUR,1000000.0
PREM.L,ejected_below_floor,66337.95395910788,2026-08-21|GBp,1000000.0
ALMIB.PA,ejected_below_floor,172998.33443999998,2026-08-21|EUR,1000000.0
RECY-B.ST,ejected_below_floor,5703.782917812,2026-08-21|SEK,1000000.0
RRR.L,ejected_below_floor,11159.184285695199,2026-08-21|GBp,1000000.0
SAU.TO,ejected_below_floor,6943.4462699999995,2026-08-21|CAD,1000000.0
HEMO.L,ejected_below_floor,101342.4559488,2026-08-21|GBp,1000000.0
ATORX.ST,ejected_below_floor,27286.709186317003,2026-08-21|SEK,1000000.0
SZZL,ejected_below_floor,600310.7,2026-08-21|USD,1000000.0
HILB-B.ST,ejected_below_floor,96670.2460458,2026-08-21|SEK,1000000.0
HBC.OL,ejected_below_floor,23706.4396127,2026-08-21|NOK,1000000.0
0OCQ.L,ejected_below_floor,491.0782499999999,2026-08-21|EUR,1000000.0
FLUO.ST,ejected_below_floor,27176.148475,2026-08-21|SEK,1000000.0
BMV.L,ejected_below_floor,11072.984215293,2026-08-21|GBp,1000000.0
PYR.TO,ejected_below_floor,51553.19856,2026-08-21|CAD,1000000.0
HUI.L,ejected_below_floor,9493.2367855,2026-08-21|GBp,1000000.0
ISOFOL.ST,ejected_below_floor,41121.507518,2026-08-21|SEK,1000000.0
ZIOC.L,ejected_below_floor,101995.97094016,2026-08-21|GBp,1000000.0
ALSRS.PA,ejected_below_floor,25311.102206625,2026-08-21|EUR,1000000.0
PLUR,ejected_below_floor,44579.7,2026-08-21|USD,1000000.0
BCT.TO,ejected_below_floor,25054.234032,2026-08-21|CAD,1000000.0
POXEL.PA,ejected_below_floor,37166.533596,2026-08-21|EUR,1000000.0
ALHPI.PA,ejected_below_floor,68208.469038,2026-08-21|EUR,1000000.0
WSBN.L,ejected_below_floor,91472.1527698,2026-08-21|GBp,1000000.0
TESSIN.ST,ejected_below_floor,1762.9274586000001,2026-08-21|SEK,1000000.0
CALC,ejected_below_floor,772185.9519999999,2026-08-21|USD,1000000.0
PDSB,ejected_below_floor,281328.801,2026-08-21|USD,1000000.0
NCOD.OL,ejected_below_floor,12017.47781,2026-08-21|NOK,1000000.0
TENEO.ST,ejected_below_floor,73926.71804980001,2026-08-21|SEK,1000000.0
AINO.ST,ejected_below_floor,1410.8642634100001,2026-08-21|SEK,1000000.0
SDST,ejected_below_floor,435439.8009,2026-08-21|USD,1000000.0
OMEX,ejected_below_floor,513042.054,2026-08-21|USD,1000000.0
ANNX.ST,ejected_below_floor,10779.67506,2026-08-21|SEK,1000000.0
VRTS.TO,ejected_below_floor,835.576248,2026-08-21|CAD,1000000.0
WYLD.ST,ejected_below_floor,384583.69605684,2026-08-21|SEK,1000000.0
EDT.TO,ejected_below_floor,53069.952816000005,2026-08-21|CAD,1000000.0
TPST,ejected_below_floor,220226.24000000002,2026-08-21|USD,1000000.0
RPLAN.ST,ejected_below_floor,648.4909179,2026-08-21|SEK,1000000.0
ORGC.ST,ejected_below_floor,4138.331243199999,2026-08-21|SEK,1000000.0
RTG.TO,ejected_below_floor,3895.32096,2026-08-21|CAD,1000000.0
OXUR.BR,ejected_below_floor,3969.1752974999995,2026-08-21|EUR,1000000.0
MDNA.TO,ejected_below_floor,18907.581156,2026-08-21|CAD,1000000.0
NCF.TO,ejected_below_floor,20516.33103,2026-08-21|CAD,1000000.0
SLXN,ejected_below_floor,111648.53,2026-08-21|USD,1000000.0
HBP.TO,ejected_below_floor,1860.671304,2026-08-21|CAD,1000000.0
ETG.TO,ejected_below_floor,190636.75764,2026-08-21|CAD,1000000.0
PAT.L,ejected_below_floor,86303.5353096,2026-08-21|GBp,1000000.0
BU.TO,ejected_below_floor,3999.4750799999997,2026-08-21|CAD,1000000.0
FT.TO,ejected_below_floor,58989.97524,2026-08-21|CAD,1000000.0
LOYAL.ST,ejected_below_floor,1101.4192560000001,2026-08-21|SEK,1000000.0
SVA.TO,ejected_below_floor,9883.5,2026-08-21|CAD,1000000.0
DYA.TO,ejected_below_floor,9574.178796,2026-08-21|CAD,1000000.0
RVX.TO,ejected_below_floor,2401.29516,2026-08-21|CAD,1000000.0
NYR.BR,ejected_below_floor,3430.2244499999997,2026-08-21|EUR,1000000.0
URU.L,ejected_below_floor,24842.20978983,2026-08-21|GBp,1000000.0
FINM.PA,ejected_below_floor,7924.807124999999,2026-08-21|EUR,1000000.0
SEED,ejected_below_floor,153567.6417,2026-08-21|USD,1000000.0
BKI.TO,ejected_below_floor,8154.099546,2026-08-21|CAD,1000000.0
ESM.TO,ejected_below_floor,45455.79786,2026-08-21|CAD,1000000.0
CCM,ejected_below_floor,391772.48000000004,2026-08-21|USD,1000000.0
0RH3.L,ejected_below_floor,2586.33,2026-08-21|EUR,1000000.0
SNG.DE,ejected_below_floor,406243.1961,2026-08-21|EUR,1000000.0
GABA.ST,ejected_below_floor,20804.71491392,2026-08-21|SEK,1000000.0
NSE.AS,ejected_below_floor,2047.182165,2026-08-21|EUR,1000000.0
ALK.L,ejected_below_floor,201617.4073704,2026-08-21|GBp,1000000.0
ARCTIC.ST,ejected_below_floor,15534.455209728,2026-08-21|SEK,1000000.0
RAIN,ejected_below_floor,459123.41000000003,2026-08-21|USD,1000000.0
NRSN,ejected_below_floor,98476.2048,2026-08-21|USD,1000000.0
