source,verdict,dollarVolume_usd,dollarVolume_basis,floor_usd
KIN2.DE,ejected_below_floor,109930.35754560001,2026-08-21|EUR,1000000.0
SBI.TO,ejected_below_floor,145742.68764,2026-08-21|CAD,1000000.0
0J3H.L,ejected_below_floor,213985.19999999998,2026-08-21|USD,1000000.0
0VOA.L,ejected_below_floor,53398.39080869999,2026-08-21|CAD,1000000.0
HFF.DE,ejected_below_floor,4615.7244544000005,2026-08-21|EUR,1000000.0
GMR.L,ejected_below_floor,117087.55126655998,2026-08-21|GBp,1000000.0
0LJL.L,ejected_below_floor,139234.94,2026-08-21|USD,1000000.0
0QYM.L,ejected_below_floor,461388.0656304,2026-08-21|CAD,1000000.0
CFX.L,ejected_below_floor,95729.270112,2026-08-21|GBp,1000000.0
216050.KQ,ejected_below_floor,137411.982298794,2026-08-21|KRW,1000000.0
234080.KS,ejected_below_floor,271042.7596637663,2026-08-21|KRW,1000000.0
0JSU.L,ejected_below_floor,8446.639392000001,2026-08-21|EUR,1000000.0
001065.KS,ejected_below_floor,5207.862957255,2026-08-21|KRW,1000000.0
001067.KS,ejected_below_floor,2556.4085001,2026-08-21|KRW,1000000.0
0HQU.L,ejected_below_floor,321226.80000000005,2026-08-21|USD,1000000.0
0VCO.L,ejected_below_floor,23819.920573499996,2026-08-21|CAD,1000000.0
ALNTG.PA,ejected_below_floor,20196.35934624,2026-08-21|EUR,1000000.0
PA9.DE,ejected_below_floor,3613.6440800000005,2026-08-21|EUR,1000000.0
MOUR.BR,ejected_below_floor,43760.2848,2026-08-21|EUR,1000000.0
LOUP.PA,ejected_below_floor,685877.415168,2026-08-21|EUR,1000000.0
PRU.TO,ejected_below_floor,145434.2143842,2026-08-21|CAD,1000000.0
007700.KS,ejected_below_floor,249218.0812251291,2026-08-21|KRW,1000000.0
EIN.DE,ejected_below_floor,295187.354944,2026-08-21|EUR,1000000.0
092730.KQ,ejected_below_floor,989508.4918925745,2026-08-21|KRW,1000000.0
028100.KS,ejected_below_floor,455582.438556938,2026-08-21|KRW,1000000.0
EMBELL.ST,ejected_below_floor,37069.38816,2026-08-21|SEK,1000000.0
0EAQ.L,ejected_below_floor,121281.8106,2026-08-21|USD,1000000.0
SNFCA,ejected_below_floor,322424.775,2026-08-21|USD,1000000.0
0VL5.L,ejected_below_floor,23949.998006399997,2026-08-21|CAD,1000000.0
0RJ6.L,ejected_below_floor,7703.155168,2026-08-21|EUR,1000000.0
SFE.DE,ejected_below_floor,157.64833920000004,2026-08-21|EUR,1000000.0
SEA1.OL,ejected_below_floor,491985.535166,2026-08-21|NOK,1000000.0
LNF.TO,ejected_below_floor,463060.5886709999,2026-08-21|CAD,1000000.0
0KAN.L,ejected_below_floor,18234.2,2026-08-21|USD,1000000.0
DBO.TO,ejected_below_floor,658993.2755418,2026-08-21|CAD,1000000.0
HCL.DE,ejected_below_floor,416585.2493376,2026-08-21|EUR,1000000.0
0QQF.L,ejected_below_floor,8384.773212,2026-08-21|CHF,1000000.0
0KGH.L,ejected_below_floor,92057.72,2026-08-21|USD,1000000.0
268280.KS,ejected_below_floor,323088.083093664,2026-08-21|KRW,1000000.0
033270.KS,ejected_below_floor,392879.4116740479,2026-08-21|KRW,1000000.0
FCAP,ejected_below_floor,727450.96,2026-08-21|USD,1000000.0
XLY.TO,ejected_below_floor,212950.07045549995,2026-08-21|CAD,1000000.0
0AHJ.L,ejected_below_floor,95058.4778199,2026-08-21|CAD,1000000.0
TCL-B.TO,ejected_below_floor,5856.837921,2026-08-21|CAD,1000000.0
032850.KQ,ejected_below_floor,179848.0356557745,2026-08-21|KRW,1000000.0
PES.DE,ejected_below_floor,5681.601619200001,2026-08-21|EUR,1000000.0
RTC.L,ejected_below_floor,10910.882828999998,2026-08-21|GBp,1000000.0
TWC.TO,ejected_below_floor,35525.0938212,2026-08-21|CAD,1000000.0
069730.KS,ejected_below_floor,246552.344383163,2026-08-21|KRW,1000000.0
0IWV.L,ejected_below_floor,29690.669120000002,2026-08-21|EUR,1000000.0
ERIC-A.ST,ejected_below_floor,334103.27216000005,2026-08-21|SEK,1000000.0
ITU.DE,ejected_below_floor,740613.25248,2026-08-21|EUR,1000000.0
NRG.PA,ejected_below_floor,67937.43632000001,2026-08-21|EUR,1000000.0
0R0A.L,ejected_below_floor,770762.75,2026-08-21|USD,1000000.0
0KNY.L,ejected_below_floor,308863.05,2026-08-21|USD,1000000.0
M12.DE,ejected_below_floor,111024.27190400001,2026-08-21|EUR,1000000.0
UNP.DE,ejected_below_floor,38781.76972800001,2026-08-21|EUR,1000000.0
0GX2.L,ejected_below_floor,54212.66188800001,2026-08-21|EUR,1000000.0
ERCG.DE,ejected_below_floor,3480.2297088000005,2026-08-21|EUR,1000000.0
CCLD,ejected_below_floor,767354.69,2026-08-21|USD,1000000.0
CDM1.DE,ejected_below_floor,297895.6632008,2026-08-21|EUR,1000000.0
VAN.BR,ejected_below_floor,81066.449376,2026-08-21|EUR,1000000.0
OPLN,kept_no_reading,,no-reading,1000000.0
ERCB.DE,ejected_below_floor,124180.31105216002,2026-08-21|EUR,1000000.0
YCP.DE,ejected_below_floor,110832.39453440001,2026-08-21|EUR,1000000.0
0QQM.L,ejected_below_floor,9781.0416,2026-08-21|CHF,1000000.0
0GBU.L,ejected_below_floor,27138.69312,2026-08-21|SEK,1000000.0
IVU.DE,ejected_below_floor,298169.640384,2026-08-21|EUR,1000000.0
0QLD.L,ejected_below_floor,237839.35589013595,2026-08-21|CHF,1000000.0
SOBA.DE,ejected_below_floor,194269.8188112,2026-08-21|EUR,1000000.0
SIP.BR,ejected_below_floor,513296.31360000005,2026-08-21|EUR,1000000.0
007540.KS,ejected_below_floor,177007.691015001,2026-08-21|KRW,1000000.0
043150.KQ,ejected_below_floor,536888.1296335914,2026-08-21|KRW,1000000.0
0QNG.L,ejected_below_floor,268684.746300054,2026-08-21|CHF,1000000.0
NRO.PA,ejected_below_floor,365784.904072,2026-08-21|EUR,1000000.0
MED.DE,ejected_below_floor,46083.383120000006,2026-08-21|EUR,1000000.0
0Q4C.L,ejected_below_floor,519.4069840000001,2026-08-21|EUR,1000000.0
NEDAP.AS,ejected_below_floor,582958.0721120001,2026-08-21|EUR,1000000.0
0HF6.L,ejected_below_floor,956578.0,2026-08-21|USD,1000000.0
DVD.OL,ejected_below_floor,397297.99116900004,2026-08-21|NOK,1000000.0
EIOF.OL,ejected_below_floor,30843.93886,2026-08-21|NOK,1000000.0
0JPO.L,ejected_below_floor,820399.9500000001,2026-08-21|USD,1000000.0
KLA.DE,ejected_below_floor,609431.7457536001,2026-08-21|EUR,1000000.0
0I4T.L,ejected_below_floor,6102.99,2026-08-21|USD,1000000.0
GSC1.DE,ejected_below_floor,53673.13723200001,2026-08-21|EUR,1000000.0
0NNU.L,ejected_below_floor,9428.289024000002,2026-08-21|EUR,1000000.0
ALTPC.PA,ejected_below_floor,89830.33344,2026-08-21|EUR,1000000.0
ALTN.L,ejected_below_floor,940682.109444,2026-08-21|GBp,1000000.0
AZ2.DE,ejected_below_floor,44033.931520000006,2026-08-21|EUR,1000000.0
0RR8.L,ejected_below_floor,396635.736,2026-08-21|USD,1000000.0
68V.DE,ejected_below_floor,110586.37917600002,2026-08-21|EUR,1000000.0
FDBC,ejected_below_floor,698369.86,2026-08-21|USD,1000000.0
053580.KQ,ejected_below_floor,172738.5033862642,2026-08-21|KRW,1000000.0
ANTIN.PA,ejected_below_floor,408038.4737984,2026-08-21|EUR,1000000.0
HYDRA.AS,ejected_below_floor,42577.574400000005,2026-08-21|EUR,1000000.0
120030.KS,ejected_below_floor,58851.145629738,2026-08-21|KRW,1000000.0
PZA.TO,ejected_below_floor,655244.532918,2026-08-21|CAD,1000000.0
078520.KS,ejected_below_floor,867993.692440777,2026-08-21|KRW,1000000.0
BOI.PA,ejected_below_floor,66065.15937600001,2026-08-21|EUR,1000000.0
0QKP.L,ejected_below_floor,10769.025599999999,2026-08-21|CHF,1000000.0
0DTF.L,ejected_below_floor,32786.00776,2026-08-21|EUR,1000000.0
0NCA.L,ejected_below_floor,16315.837824000002,2026-08-21|EUR,1000000.0
0QZ5.L,ejected_below_floor,430008.0,2026-08-21|USD,1000000.0
MULT.DE,ejected_below_floor,63047.6129328,2026-08-21|EUR,1000000.0
ALPM.PA,ejected_below_floor,122938.919664,2026-08-21|EUR,1000000.0
AMG.DE,ejected_below_floor,182021.043768,2026-08-21|EUR,1000000.0
0QYZ.L,ejected_below_floor,236382.33330719997,2026-08-21|CAD,1000000.0
ALLUX.PA,ejected_below_floor,109405.35008,2026-08-21|EUR,1000000.0
BVFL,ejected_below_floor,437653.44000000006,2026-08-21|USD,1000000.0
036800.KQ,ejected_below_floor,577355.7702951402,2026-08-21|KRW,1000000.0
009180.KS,ejected_below_floor,143376.9718817695,2026-08-21|KRW,1000000.0
200670.KQ,ejected_below_floor,587711.686447249,2026-08-21|KRW,1000000.0
CXI.TO,ejected_below_floor,101033.42175180001,2026-08-21|CAD,1000000.0
058860.KS,ejected_below_floor,146706.6466122516,2026-08-21|KRW,1000000.0
0O6D.L,ejected_below_floor,3520.30272,2026-08-21|EUR,1000000.0
267980.KQ,ejected_below_floor,145531.74748518,2026-08-21|KRW,1000000.0
MPCK.DE,ejected_below_floor,97073.62297600001,2026-08-21|EUR,1000000.0
A4S.DE,ejected_below_floor,5527.43184,2026-08-21|EUR,1000000.0
0HC2.L,ejected_below_floor,6528.01,2026-08-21|USD,1000000.0
SFCA.PA,ejected_below_floor,747.0555456000001,2026-08-21|EUR,1000000.0
VUXEN.ST,ejected_below_floor,43030.6338,2026-08-21|SEK,1000000.0
0MT8.L,ejected_below_floor,10918.504128,2026-08-21|EUR,1000000.0
DRW8.DE,ejected_below_floor,143826.628896,2026-08-21|EUR,1000000.0
012280.KS,kept_no_reading,,not-captured,1000000.0
SVED-B.ST,ejected_below_floor,370286.59010000003,2026-08-21|SEK,1000000.0
CASE.ST,ejected_below_floor,7043.0661,2026-08-21|SEK,1000000.0
XAU.TO,ejected_below_floor,93581.2404036,2026-08-21|CAD,1000000.0
CCL-A.TO,ejected_below_floor,15090.8067765,2026-08-21|CAD,1000000.0
0QJQ.L,ejected_below_floor,56613.564000000006,2026-08-21|EUR,1000000.0
068330.KQ,ejected_below_floor,92874.7796511843,2026-08-21|KRW,1000000.0
LOVE.TO,ejected_below_floor,67921.7521824,2026-08-21|CAD,1000000.0
002720.KS,ejected_below_floor,145925.623757788,2026-08-21|KRW,1000000.0
MBB.DE,ejected_below_floor,612666.249984,2026-08-21|EUR,1000000.0
BIJ.DE,ejected_below_floor,269157.05856000003,2026-08-21|EUR,1000000.0
REC.L,ejected_below_floor,198820.1613972,2026-08-21|GBp,1000000.0
ARPL.ST,ejected_below_floor,95504.95986500001,2026-08-21|SEK,1000000.0
0N2Q.L,ejected_below_floor,26154.249072000006,2026-08-21|EUR,1000000.0
0RFX.L,ejected_below_floor,47200.9356,2026-08-21|CHF,1000000.0
0VJA.L,ejected_below_floor,27616.123395,2026-08-21|CAD,1000000.0
0J7X.L,ejected_below_floor,60653.33168,2026-08-21|EUR,1000000.0
TIMA.DE,ejected_below_floor,184031.825376,2026-08-21|EUR,1000000.0
ALCAF.PA,ejected_below_floor,23730.736320000004,2026-08-21|EUR,1000000.0
DPAM.PA,ejected_below_floor,10087.824,2026-08-21|EUR,1000000.0
072130.KS,ejected_below_floor,222829.7256384017,2026-08-21|KRW,1000000.0
IOF.L,ejected_below_floor,256556.979,2026-08-21|GBp,1000000.0
0AH3.L,ejected_below_floor,22378.62627,2026-08-21|CAD,1000000.0
VIL.PA,ejected_below_floor,284039.729664,2026-08-21|EUR,1000000.0
FDX.DE,ejected_below_floor,28020.960320000002,2026-08-21|EUR,1000000.0
BAR.BR,ejected_below_floor,701573.3272192,2026-08-21|EUR,1000000.0
0JW2.L,ejected_below_floor,888723.64,2026-08-21|USD,1000000.0
SII.DE,ejected_below_floor,202542.0548,2026-08-21|EUR,1000000.0
AFGB,ejected_below_floor,172376.6,2026-08-21|USD,1000000.0
AFGD,ejected_below_floor,183576.9,2026-08-21|USD,1000000.0
AFGE,ejected_below_floor,135248.87999999998,2026-08-21|USD,1000000.0
VX1.DE,ejected_below_floor,49808.97885600001,2026-08-21|EUR,1000000.0
HCO.PA,ejected_below_floor,56103.69986560001,2026-08-21|EUR,1000000.0
0KGE.L,ejected_below_floor,133947.24,2026-08-21|USD,1000000.0
CCZ,ejected_below_floor,10033.9349,2026-08-21|USD,1000000.0
PCX.DE,ejected_below_floor,10618.049305600001,2026-08-21|EUR,1000000.0
ALLOG.PA,ejected_below_floor,127351.01849216002,2026-08-21|EUR,1000000.0
AJ91.DE,ejected_below_floor,8189.921664,2026-08-21|EUR,1000000.0
WEYS,ejected_below_floor,970830.8400000001,2026-08-21|USD,1000000.0
0HW9.L,ejected_below_floor,896.98,2026-08-21|SEK,1000000.0
0KV3.L,ejected_below_floor,853305.89,2026-08-21|USD,1000000.0
058630.KQ,ejected_below_floor,204522.221019781,2026-08-21|KRW,1000000.0
0A18.L,ejected_below_floor,10453.618771200001,2026-08-21|CAD,1000000.0
366030.KQ,ejected_below_floor,440772.8727872547,2026-08-21|KRW,1000000.0
094280.KS,ejected_below_floor,145527.37755612,2026-08-21|KRW,1000000.0
0QYN.L,ejected_below_floor,140650.650504,2026-08-21|CAD,1000000.0
COZ.DE,ejected_below_floor,17592.585296,2026-08-21|EUR,1000000.0
KCC.OL,ejected_below_floor,461006.04576,2026-08-21|NOK,1000000.0
EXM.BR,ejected_below_floor,20073.146432000005,2026-08-21|EUR,1000000.0
0N66.L,ejected_below_floor,305275.642752,2026-08-21|EUR,1000000.0
SYS1.L,ejected_below_floor,142692.80718,2026-08-21|GBp,1000000.0
119610.KQ,ejected_below_floor,753649.0216081218,2026-08-21|KRW,1000000.0
215000.KQ,ejected_below_floor,770534.660558845,2026-08-21|KRW,1000000.0
CTP2.DE,ejected_below_floor,190973.3614272,2026-08-21|EUR,1000000.0
0HGC.L,ejected_below_floor,251094.92,2026-08-21|USD,1000000.0
ALS.DE,ejected_below_floor,3531.5500640000005,2026-08-21|EUR,1000000.0
0F6L.L,ejected_below_floor,787623.7819944002,2026-08-21|EUR,1000000.0
0R3D.L,ejected_below_floor,193188.87,2026-08-21|USD,1000000.0
MZX.DE,ejected_below_floor,21538.895664000003,2026-08-21|EUR,1000000.0
SINT.ST,ejected_below_floor,52559.2732,2026-08-21|SEK,1000000.0
CARE.ST,ejected_below_floor,35628.71312,2026-08-21|SEK,1000000.0
AFGC,ejected_below_floor,190032.00000000003,2026-08-21|USD,1000000.0
NIL-B.ST,ejected_below_floor,136507.13076000003,2026-08-21|SEK,1000000.0
WWIB.OL,ejected_below_floor,429029.2143,2026-08-21|NOK,1000000.0
ELEC.PA,ejected_below_floor,533063.5786560001,2026-08-21|EUR,1000000.0
107590.KS,ejected_below_floor,26431.952912316,2026-08-21|KRW,1000000.0
0UGS.L,ejected_below_floor,249313.1998752,2026-08-21|CAD,1000000.0
0VQD.L,ejected_below_floor,608292.2999999999,2026-08-21|USD,1000000.0
JIM.L,ejected_below_floor,3594.5332304,2026-08-21|GBp,1000000.0
UT8.DE,ejected_below_floor,923372.3423232001,2026-08-21|EUR,1000000.0
ET.TO,ejected_below_floor,416528.6377247999,2026-08-21|CAD,1000000.0
XTC.TO,ejected_below_floor,93550.86472320001,2026-08-21|CAD,1000000.0
053210.KS,ejected_below_floor,130410.31444491471,2026-08-21|KRW,1000000.0
NOVA.IC,ejected_below_floor,62952.95656020001,2026-08-21|ISK,1000000.0
ALGIL.PA,ejected_below_floor,73849.364992,2026-08-21|EUR,1000000.0
ABL.DE,ejected_below_floor,144127.5939072,2026-08-21|EUR,1000000.0
690D.DE,ejected_below_floor,144700.47795360003,2026-08-21|EUR,1000000.0
SHF.DE,ejected_below_floor,20017.721376000005,2026-08-21|EUR,1000000.0
0D1X.L,ejected_below_floor,2328.200208,2026-08-21|EUR,1000000.0
003100.KQ,ejected_below_floor,486170.922326824,2026-08-21|KRW,1000000.0
0HCZ.L,ejected_below_floor,538567.38,2026-08-21|USD,1000000.0
ZZ-B.ST,ejected_below_floor,829252.66984,2026-08-21|SEK,1000000.0
0NJB.L,ejected_below_floor,1340.8689279999999,2026-08-21|EUR,1000000.0
TFW.L,ejected_below_floor,169033.56435139998,2026-08-21|GBp,1000000.0
ESSITY-A.ST,ejected_below_floor,566451.47475,2026-08-21|SEK,1000000.0
0UWL.L,ejected_below_floor,1624.7815865999999,2026-08-21|CAD,1000000.0
RICO.L,ejected_below_floor,167139.45947159998,2026-08-21|JPY,1000000.0
000050.KS,ejected_below_floor,306699.9969824973,2026-08-21|KRW,1000000.0
DP4B.DE,ejected_below_floor,116473.78400000001,2026-08-21|EUR,1000000.0
EDL.DE,ejected_below_floor,17822.958729600003,2026-08-21|EUR,1000000.0
ALDLT.PA,ejected_below_floor,58320.377440000004,2026-08-21|EUR,1000000.0
096760.KS,ejected_below_floor,299040.5054991784,2026-08-21|KRW,1000000.0
TECK-A.TO,ejected_below_floor,521104.3599762,2026-08-21|CAD,1000000.0
ALVU.PA,ejected_below_floor,55331.134880000005,2026-08-21|EUR,1000000.0
VETO.PA,ejected_below_floor,709474.9226400001,2026-08-21|EUR,1000000.0
MTU.PA,ejected_below_floor,351482.1668960001,2026-08-21|EUR,1000000.0
LPE.PA,ejected_below_floor,273041.45056,2026-08-21|EUR,1000000.0
0O1O.L,ejected_below_floor,11509.859328000002,2026-08-21|EUR,1000000.0
TAGM-B.ST,ejected_below_floor,84127.337,2026-08-21|SEK,1000000.0
0DK7.L,ejected_below_floor,1402.5553920000002,2026-08-21|EUR,1000000.0
JEN.BR,ejected_below_floor,306087.77056000003,2026-08-21|EUR,1000000.0
HMM-A.TO,ejected_below_floor,274173.25672799995,2026-08-21|CAD,1000000.0
0OQQ.L,ejected_below_floor,1641.5904400000002,2026-08-21|EUR,1000000.0
INF.PA,ejected_below_floor,171727.8108,2026-08-21|EUR,1000000.0
0HYP.L,ejected_below_floor,117222.3,2026-08-21|USD,1000000.0
IC2.DE,ejected_below_floor,8470.8965504,2026-08-21|EUR,1000000.0
ADP.DE,ejected_below_floor,43232.99308000001,2026-08-21|EUR,1000000.0
PGH.L,ejected_below_floor,235218.5683155,2026-08-21|GBp,1000000.0
UZU.DE,ejected_below_floor,34365.389952000005,2026-08-21|EUR,1000000.0
DEQ.DE,ejected_below_floor,163000.799472,2026-08-21|EUR,1000000.0
0ABJ.L,ejected_below_floor,615890.855919339,2026-08-21|SEK,1000000.0
CHV.DE,ejected_below_floor,690842.6653312001,2026-08-21|EUR,1000000.0
FFARM.AS,ejected_below_floor,711070.1206848001,2026-08-21|EUR,1000000.0
EBA.DE,ejected_below_floor,33967.164403200004,2026-08-21|EUR,1000000.0
JEL.L,ejected_below_floor,18483.477936,2026-08-21|GBp,1000000.0
ELIX.L,ejected_below_floor,598144.4567616,2026-08-21|GBp,1000000.0
YGR.TO,ejected_below_floor,178863.7829013,2026-08-21|CAD,1000000.0
KEI.TO,ejected_below_floor,126534.9232611,2026-08-21|CAD,1000000.0
3V64.DE,ejected_below_floor,769055.350464,2026-08-21|EUR,1000000.0
DLCG.TO,ejected_below_floor,215019.5975811,2026-08-21|CAD,1000000.0
REP.DE,ejected_below_floor,420568.8614640001,2026-08-21|EUR,1000000.0
AKVA.OL,ejected_below_floor,65538.21204,2026-08-21|NOK,1000000.0
HMSB.DE,ejected_below_floor,7586.942276000001,2026-08-21|EUR,1000000.0
SNX.ST,ejected_below_floor,73933.10715,2026-08-21|SEK,1000000.0
KFI1.DE,ejected_below_floor,4207.081777920001,2026-08-21|EUR,1000000.0
SDG.PA,ejected_below_floor,43496.146144,2026-08-21|EUR,1000000.0
0HDQ.L,ejected_below_floor,701.2776960000001,2026-08-21|EUR,1000000.0
STGO.TO,ejected_below_floor,513267.8022296999,2026-08-21|CAD,1000000.0
BEIA-B.ST,ejected_below_floor,984068.9355,2026-08-21|SEK,1000000.0
SOF-B.ST,ejected_below_floor,43125.343415,2026-08-21|SEK,1000000.0
F3A.DE,ejected_below_floor,184285.760256,2026-08-21|EUR,1000000.0
EQS.PA,ejected_below_floor,432440.95484,2026-08-21|EUR,1000000.0
UU2.DE,ejected_below_floor,287039.17600000004,2026-08-21|EUR,1000000.0
THEP.PA,ejected_below_floor,379400.7416,2026-08-21|EUR,1000000.0
CEMX.TO,ejected_below_floor,27740.40622695,2026-08-21|CAD,1000000.0
0RUJ.L,ejected_below_floor,10495.975040000001,2026-08-21|EUR,1000000.0
039840.KQ,ejected_below_floor,214200.958398322,2026-08-21|KRW,1000000.0
0DZJ.L,ejected_below_floor,121.05388800000001,2026-08-21|EUR,1000000.0
BRM.DE,ejected_below_floor,111193.70096640002,2026-08-21|EUR,1000000.0
AUB.PA,ejected_below_floor,505151.84512000007,2026-08-21|EUR,1000000.0
0FNZ.L,ejected_below_floor,1503.201728,2026-08-21|EUR,1000000.0
FIV.DE,ejected_below_floor,124161.52334960003,2026-08-21|EUR,1000000.0
IWS.OL,ejected_below_floor,19443.245132000004,2026-08-21|NOK,1000000.0
0IPY.L,ejected_below_floor,55253.44704000001,2026-08-21|EUR,1000000.0
0N0B.L,ejected_below_floor,603152.1575300774,2026-08-21|NOK,1000000.0
0R20.L,ejected_below_floor,315554.9865426,2026-08-21|CAD,1000000.0
TAL.TO,ejected_below_floor,260699.89002750002,2026-08-21|CAD,1000000.0
PTAL.L,ejected_below_floor,176419.38543599998,2026-08-21|GBp,1000000.0
BWE.OL,ejected_below_floor,661127.77225,2026-08-21|NOK,1000000.0
ALCA.ST,ejected_below_floor,49765.63942,2026-08-21|SEK,1000000.0
0Q76.L,ejected_below_floor,1101.0338112,2026-08-21|EUR,1000000.0
MCAP.ST,ejected_below_floor,940530.1521000001,2026-08-21|SEK,1000000.0
MRD.TO,ejected_below_floor,75503.758554,2026-08-21|CAD,1000000.0
BSD.PA,ejected_below_floor,53996.759264,2026-08-21|EUR,1000000.0
AEC1.DE,ejected_below_floor,69508.12211200001,2026-08-21|EUR,1000000.0
CINT,ejected_below_floor,649816.72,2026-08-21|USD,1000000.0
185.DE,ejected_below_floor,91726.496496,2026-08-21|EUR,1000000.0
TII.DE,ejected_below_floor,363334.31652800005,2026-08-21|EUR,1000000.0
ULTP.L,ejected_below_floor,120651.52246,2026-08-21|GBp,1000000.0
0M3Q.L,ejected_below_floor,904731.012,2026-08-21|USD,1000000.0
GIS.DE,ejected_below_floor,142673.13840000003,2026-08-21|EUR,1000000.0
003090.KS,ejected_below_floor,746493.5031184701,2026-08-21|KRW,1000000.0
0IP9.L,ejected_below_floor,386515.61,2026-08-21|USD,1000000.0
0IWU.L,ejected_below_floor,40726.516672000005,2026-08-21|EUR,1000000.0
FAA.DE,ejected_below_floor,138502.34496000002,2026-08-21|EUR,1000000.0
CPH.TO,ejected_below_floor,306956.418939,2026-08-21|CAD,1000000.0
KSB.DE,ejected_below_floor,164637.92576,2026-08-21|EUR,1000000.0
POLN.L,ejected_below_floor,858547.7184899999,2026-08-21|GBp,1000000.0
ALSTW.PA,ejected_below_floor,34321.792,2026-08-21|EUR,1000000.0
ALITL.PA,ejected_below_floor,27300.898400000002,2026-08-21|EUR,1000000.0
DR.TO,ejected_below_floor,381571.91240400006,2026-08-21|CAD,1000000.0
GPE.PA,ejected_below_floor,25736.705920000004,2026-08-21|EUR,1000000.0
ALDNX.PA,ejected_below_floor,28004.958944,2026-08-21|EUR,1000000.0
0HPW.L,ejected_below_floor,628380.0,2026-08-21|USD,1000000.0
AINN.DE,ejected_below_floor,6583.313942400002,2026-08-21|EUR,1000000.0
LAS-A.TO,ejected_below_floor,226424.30255999998,2026-08-21|CAD,1000000.0
0RPZ.L,ejected_below_floor,282097.49820000003,2026-08-21|SEK,1000000.0
PMTA.DE,ejected_below_floor,2451.5035648,2026-08-21|EUR,1000000.0
ALERS.PA,ejected_below_floor,29258.400063999998,2026-08-21|EUR,1000000.0
0R9T.L,ejected_below_floor,40074.28667200001,2026-08-21|EUR,1000000.0
DKUPL.PA,ejected_below_floor,33477.66144,2026-08-21|EUR,1000000.0
0LVJ.L,ejected_below_floor,16558.47,2026-08-21|USD,1000000.0
OZKAP,ejected_below_floor,391411.02,2026-08-21|USD,1000000.0
NTG.DE,ejected_below_floor,130186.84728000002,2026-08-21|EUR,1000000.0
016580.KS,ejected_below_floor,319949.4252456096,2026-08-21|KRW,1000000.0
ABSO.ST,ejected_below_floor,55036.76325,2026-08-21|SEK,1000000.0
SDG.L,ejected_below_floor,112779.60410639999,2026-08-21|GBp,1000000.0
TM5.DE,ejected_below_floor,195584.1695168,2026-08-21|EUR,1000000.0
ODF.OL,ejected_below_floor,468751.04404799995,2026-08-21|NOK,1000000.0
016880.KS,ejected_below_floor,447377.31044797244,2026-08-21|KRW,1000000.0
MACF.L,ejected_below_floor,206119.9014875,2026-08-21|GBp,1000000.0
COMB.BR,ejected_below_floor,116531.76000000001,2026-08-21|EUR,1000000.0
CEN.PA,ejected_below_floor,91093.05072000001,2026-08-21|EUR,1000000.0
0RQO.L,ejected_below_floor,380366.041134471,2026-08-21|SEK,1000000.0
VTAS.L,ejected_below_floor,19100.0272176,2026-08-21|GBp,1000000.0
0OPJ.L,ejected_below_floor,207944.79185920002,2026-08-21|EUR,1000000.0
HP3A.DE,ejected_below_floor,6712.229376000001,2026-08-21|EUR,1000000.0
FCMC.PA,ejected_below_floor,59692.08960000001,2026-08-21|EUR,1000000.0
ZOE.DE,ejected_below_floor,184322.00685120004,2026-08-21|EUR,1000000.0
DECB.BR,ejected_below_floor,236055.17436160002,2026-08-21|EUR,1000000.0
ALLEX.PA,ejected_below_floor,166302.99648,2026-08-21|EUR,1000000.0
TEL2-A.ST,ejected_below_floor,19195.476300000002,2026-08-21|SEK,1000000.0
CHEF.ST,ejected_below_floor,477196.2804,2026-08-21|SEK,1000000.0
MEDI.OL,ejected_below_floor,527589.2628,2026-08-21|NOK,1000000.0
ARC.L,ejected_below_floor,12500.4594939,2026-08-21|GBp,1000000.0
CEVI.ST,ejected_below_floor,669076.11428,2026-08-21|SEK,1000000.0
UB5.DE,ejected_below_floor,5094.9540704,2026-08-21|EUR,1000000.0
0HTF.L,ejected_below_floor,28855.781167278,2026-08-21|NOK,1000000.0
0EEV.L,ejected_below_floor,53642.409952,2026-08-21|EUR,1000000.0
0YG7.L,ejected_below_floor,26968.068750000002,2026-08-21|SEK,1000000.0
BERNER-B.ST,ejected_below_floor,331201.36455,2026-08-21|SEK,1000000.0
SEC.TO,ejected_below_floor,47056.3425,2026-08-21|CAD,1000000.0
035150.KS,ejected_below_floor,238962.8336721325,2026-08-21|KRW,1000000.0
OMV.DE,ejected_below_floor,565752.1287600001,2026-08-21|EUR,1000000.0
ELC,ejected_below_floor,373243.7588,2026-08-21|USD,1000000.0
COH.PA,ejected_below_floor,24946.49304,2026-08-21|EUR,1000000.0
ALMDG.PA,ejected_below_floor,63960.978432,2026-08-21|EUR,1000000.0
ORIA.PA,ejected_below_floor,6159.37024,2026-08-21|EUR,1000000.0
CAT1.DE,ejected_below_floor,880917.9553280001,2026-08-21|EUR,1000000.0
039570.KS,ejected_below_floor,113688.3074878432,2026-08-21|KRW,1000000.0
0HW4.L,ejected_below_floor,311092.25,2026-08-21|USD,1000000.0
0KXA.L,ejected_below_floor,253565.83000000002,2026-08-21|USD,1000000.0
0MDP.L,ejected_below_floor,16276.138799999999,2026-08-21|USD,1000000.0
CX.ST,ejected_below_floor,32288.463900000002,2026-08-21|SEK,1000000.0
SIMINN.IC,ejected_below_floor,363563.15321200003,2026-08-21|ISK,1000000.0
0QUS.L,ejected_below_floor,6160.28133,2026-08-21|SEK,1000000.0
RNK.L,ejected_below_floor,642801.34277828,2026-08-21|GBp,1000000.0
ACX.TO,ejected_below_floor,590492.193075,2026-08-21|CAD,1000000.0
NIVI-B.ST,ejected_below_floor,458667.06207,2026-08-21|SEK,1000000.0
HBANL,ejected_below_floor,548449.6,2026-08-21|USD,1000000.0
HBANM,ejected_below_floor,346919.04,2026-08-21|USD,1000000.0
0R23.L,ejected_below_floor,374003.08,2026-08-21|USD,1000000.0
ABCA.PA,ejected_below_floor,230197.9750336,2026-08-21|EUR,1000000.0
014830.KS,ejected_below_floor,832471.340265698,2026-08-21|KRW,1000000.0
KWG.DE,ejected_below_floor,11160.0553344,2026-08-21|EUR,1000000.0
005680.KS,ejected_below_floor,990518.9141730428,2026-08-21|KRW,1000000.0
ALFRE.PA,ejected_below_floor,41594.672486400006,2026-08-21|EUR,1000000.0
002960.KS,ejected_below_floor,731094.95831008,2026-08-21|KRW,1000000.0
CHR.TO,ejected_below_floor,948564.99738,2026-08-21|CAD,1000000.0
GENI.ST,ejected_below_floor,53758.63976,2026-08-21|SEK,1000000.0
HYSG.BR,ejected_below_floor,13204.613760000002,2026-08-21|EUR,1000000.0
015890.KS,ejected_below_floor,176894.0582930108,2026-08-21|KRW,1000000.0
CRON.TO,ejected_below_floor,554134.0613634,2026-08-21|CAD,1000000.0
RDEB.DE,ejected_below_floor,82087.290784,2026-08-21|EUR,1000000.0
HOLM-A.ST,ejected_below_floor,147488.544,2026-08-21|SEK,1000000.0
QBR-A.TO,ejected_below_floor,24372.156501,2026-08-21|CAD,1000000.0
RWL.DE,ejected_below_floor,10856.006000000001,2026-08-21|EUR,1000000.0
CYB.TO,ejected_below_floor,424812.5804925,2026-08-21|CAD,1000000.0
CBOT.PA,ejected_below_floor,56443.6711296,2026-08-21|EUR,1000000.0
SFAB.ST,ejected_below_floor,231569.4675,2026-08-21|SEK,1000000.0
MIKO.BR,ejected_below_floor,20198.8384,2026-08-21|EUR,1000000.0
GDP.L,ejected_below_floor,138511.2195796,2026-08-21|GBp,1000000.0
002240.KS,ejected_below_floor,308543.9832311606,2026-08-21|KRW,1000000.0
ELF.TO,ejected_below_floor,465532.615197,2026-08-21|CAD,1000000.0
G5EN.ST,ejected_below_floor,119634.81180000001,2026-08-21|SEK,1000000.0
MOG-B,ejected_below_floor,111186.6,2026-08-21|USD,1000000.0
ALLHB.PA,ejected_below_floor,2145.112,2026-08-21|EUR,1000000.0
0OCD.L,ejected_below_floor,2557.63634,2026-08-21|NOK,1000000.0
AAG.DE,ejected_below_floor,917946.298912,2026-08-21|EUR,1000000.0
FLK.L,ejected_below_floor,27246.8048335,2026-08-21|GBp,1000000.0
001380.KS,ejected_below_floor,62396.9424850975,2026-08-21|KRW,1000000.0
MMGR-B.ST,ejected_below_floor,487298.36120000004,2026-08-21|SEK,1000000.0
AKW.PA,ejected_below_floor,31317.058252800005,2026-08-21|EUR,1000000.0
CFW.TO,ejected_below_floor,504622.0917432,2026-08-21|CAD,1000000.0
0QNA.L,ejected_below_floor,389080.52754472796,2026-08-21|CHF,1000000.0
0F8V.L,ejected_below_floor,3685.1168928,2026-08-21|EUR,1000000.0
123690.KS,ejected_below_floor,487110.2677111314,2026-08-21|KRW,1000000.0
NORAM.OL,ejected_below_floor,493267.98673800007,2026-08-21|NOK,1000000.0
0OJJ.L,ejected_below_floor,282.5402384,2026-08-21|EUR,1000000.0
066310.KQ,ejected_below_floor,651575.796198166,2026-08-21|KRW,1000000.0
TTR1.DE,ejected_below_floor,261020.24291200005,2026-08-21|EUR,1000000.0
VTA.AS,ejected_below_floor,69330.01984000001,2026-08-21|EUR,1000000.0
000700.KS,ejected_below_floor,190104.878232878,2026-08-21|KRW,1000000.0
090350.KS,ejected_below_floor,342606.6480023278,2026-08-21|KRW,1000000.0
090355.KS,ejected_below_floor,2800.0757444856,2026-08-21|KRW,1000000.0
ALCIS.PA,ejected_below_floor,105612.79206400001,2026-08-21|EUR,1000000.0
ALI2S.PA,ejected_below_floor,618.02416,2026-08-21|EUR,1000000.0
BILN.L,ejected_below_floor,116042.97637799999,2026-08-21|GBp,1000000.0
284740.KS,ejected_below_floor,263382.834829149,2026-08-21|KRW,1000000.0
0RP8.L,ejected_below_floor,125798.4626258412,2026-08-21|CHF,1000000.0
0J72.L,ejected_below_floor,186114.355,2026-08-21|USD,1000000.0
OTL.OL,ejected_below_floor,282614.68914,2026-08-21|NOK,1000000.0
PERR.PA,ejected_below_floor,103721.38304000002,2026-08-21|EUR,1000000.0
0HS2.L,ejected_below_floor,843411.15,2026-08-21|USD,1000000.0
004700.KS,ejected_below_floor,118129.670321544,2026-08-21|KRW,1000000.0
W7L.L,ejected_below_floor,865615.7176827999,2026-08-21|GBp,1000000.0
4DS.DE,ejected_below_floor,80183.59084800002,2026-08-21|EUR,1000000.0
ENI.DE,ejected_below_floor,408553.90362880006,2026-08-21|EUR,1000000.0
ALATI.PA,ejected_below_floor,47388.190976,2026-08-21|EUR,1000000.0
CAMB.BR,ejected_below_floor,140253.22016000003,2026-08-21|EUR,1000000.0
034310.KS,ejected_below_floor,552460.5029367732,2026-08-21|KRW,1000000.0
GDC.TO,ejected_below_floor,4605.6151827,2026-08-21|CAD,1000000.0
TBL.TO,ejected_below_floor,16312.115383199998,2026-08-21|CAD,1000000.0
00806K.KS,ejected_below_floor,53005.6881729837,2026-08-21|KRW,1000000.0
TRVG,ejected_below_floor,553302.34,2026-08-21|USD,1000000.0
CQD.DE,ejected_below_floor,19996.850016,2026-08-21|EUR,1000000.0
126560.KS,ejected_below_floor,194472.38562385726,2026-08-21|KRW,1000000.0
CPA.DE,ejected_below_floor,60723.83049600001,2026-08-21|EUR,1000000.0
ALFPC.PA,ejected_below_floor,169324.70560000002,2026-08-21|EUR,1000000.0
CONTX.OL,ejected_below_floor,5959.979695999999,2026-08-21|NOK,1000000.0
SCST.ST,ejected_below_floor,984887.6905,2026-08-21|SEK,1000000.0
CSW-A.TO,ejected_below_floor,194894.95208759996,2026-08-21|CAD,1000000.0
CSW-B.TO,ejected_below_floor,57873.387681,2026-08-21|CAD,1000000.0
ACCB.BR,ejected_below_floor,3147.3338358400006,2026-08-21|EUR,1000000.0
IXX.DE,ejected_below_floor,286341.89864800003,2026-08-21|EUR,1000000.0
102260.KS,ejected_below_floor,315244.7960356891,2026-08-21|KRW,1000000.0
FGN,ejected_below_floor,783046.8,2026-08-21|USD,1000000.0
0QRA.L,ejected_below_floor,70529.49568,2026-08-21|SEK,1000000.0
KBL.TO,ejected_below_floor,369036.17487899994,2026-08-21|CAD,1000000.0
GLINT.LS,ejected_below_floor,17636.2992,2026-08-21|EUR,1000000.0
0M29.L,ejected_below_floor,229979.25,2026-08-21|USD,1000000.0
XY6.DE,ejected_below_floor,57269.4580832,2026-08-21|EUR,1000000.0
0VBE.L,ejected_below_floor,75065.68000000001,2026-08-21|USD,1000000.0
CBHD.DE,ejected_below_floor,132089.8746944,2026-08-21|EUR,1000000.0
HAL.DE,ejected_below_floor,98483.27463040002,2026-08-21|EUR,1000000.0
CLX.L,ejected_below_floor,101430.807156,2026-08-21|GBp,1000000.0
M4I.DE,ejected_below_floor,395923.2058880001,2026-08-21|EUR,1000000.0
SVN.IC,ejected_below_floor,378145.308717,2026-08-21|ISK,1000000.0
LOR.DE,ejected_below_floor,511608.86414400005,2026-08-21|EUR,1000000.0
LIN.PA,ejected_below_floor,44478.02768000001,2026-08-21|EUR,1000000.0
0EWR.L,ejected_below_floor,18675.576976,2026-08-21|EUR,1000000.0
SWP.PA,ejected_below_floor,759357.936848,2026-08-21|EUR,1000000.0
ALLIGO-B.ST,ejected_below_floor,201333.71104000002,2026-08-21|SEK,1000000.0
NXR.L,ejected_below_floor,843881.1096239999,2026-08-21|GBp,1000000.0
0JMU.L,ejected_below_floor,122543.87120000001,2026-08-21|EUR,1000000.0
0IX0.L,ejected_below_floor,67020.02409600001,2026-08-21|EUR,1000000.0
0F2S.L,ejected_below_floor,200.36505600000004,2026-08-21|EUR,1000000.0
VTA.L,ejected_below_floor,23712.357928000005,2026-08-21|EUR,1000000.0
0KFZ.L,ejected_below_floor,671162.71,2026-08-21|USD,1000000.0
CDS.DE,ejected_below_floor,73701.87404800001,2026-08-21|EUR,1000000.0
MRE.TO,ejected_below_floor,543120.6271679999,2026-08-21|CAD,1000000.0
001560.KS,ejected_below_floor,21666.1301291253,2026-08-21|KRW,1000000.0
0MN5.L,ejected_below_floor,28652.203008,2026-08-21|EUR,1000000.0
0HDU.L,ejected_below_floor,4610.40129,2026-08-21|NOK,1000000.0
SPA.BR,ejected_below_floor,32897.90144,2026-08-21|EUR,1000000.0
NITRO.ST,ejected_below_floor,8820.27552,2026-08-21|SEK,1000000.0
ARJO-B.ST,ejected_below_floor,942786.53658,2026-08-21|SEK,1000000.0
ITECH.ST,ejected_below_floor,96693.60960000001,2026-08-21|SEK,1000000.0
0OG6.L,ejected_below_floor,29720.81664,2026-08-21|EUR,1000000.0
ALNXT.PA,ejected_below_floor,10149.876872320001,2026-08-21|EUR,1000000.0
ENEA.ST,ejected_below_floor,290121.38064,2026-08-21|SEK,1000000.0
0QNN.L,ejected_below_floor,481889.196,2026-08-21|CHF,1000000.0
CENER.BR,ejected_below_floor,499667.4082816,2026-08-21|EUR,1000000.0
VWSB.DE,ejected_below_floor,910129.336856,2026-08-21|EUR,1000000.0
0QS5.L,ejected_below_floor,318713.77708469995,2026-08-21|CHF,1000000.0
0QY4.L,ejected_below_floor,168872.61,2026-08-21|USD,1000000.0
0K10.L,ejected_below_floor,89209.28,2026-08-21|USD,1000000.0
ALNSE.PA,ejected_below_floor,16659.519552,2026-08-21|EUR,1000000.0
NXQ.L,ejected_below_floor,28553.755784399997,2026-08-21|GBp,1000000.0
MSON-A.ST,ejected_below_floor,159.20352000000003,2026-08-21|SEK,1000000.0
MSON-B.ST,ejected_below_floor,210932.14800000002,2026-08-21|SEK,1000000.0
VAS.DE,ejected_below_floor,84470.93923840001,2026-08-21|EUR,1000000.0
OPC.DE,ejected_below_floor,423158.5218368,2026-08-21|EUR,1000000.0
0DTK.L,ejected_below_floor,1733.4824,2026-08-21|EUR,1000000.0
CBSM.PA,ejected_below_floor,1974.4306560000002,2026-08-21|EUR,1000000.0
NWF.L,ejected_below_floor,222841.9928672,2026-08-21|GBp,1000000.0
PREVA.AS,ejected_below_floor,1607.6744800000001,2026-08-21|EUR,1000000.0
0NZY.L,ejected_below_floor,456007.86257920007,2026-08-21|EUR,1000000.0
NFN.DE,ejected_below_floor,15029.466336000001,2026-08-21|EUR,1000000.0
0IF3.L,ejected_below_floor,97922.56,2026-08-21|USD,1000000.0
1U1.DE,ejected_below_floor,776141.5830160001,2026-08-21|EUR,1000000.0
FTLF,ejected_below_floor,259187.34,2026-08-21|USD,1000000.0
2X0.DE,ejected_below_floor,5103.986731200001,2026-08-21|EUR,1000000.0
BETCO.ST,ejected_below_floor,897690.9505200001,2026-08-21|SEK,1000000.0
006140.KQ,ejected_below_floor,193305.1156646029,2026-08-21|KRW,1000000.0
004360.KS,ejected_below_floor,324688.5040629531,2026-08-21|KRW,1000000.0
004365.KS,ejected_below_floor,23598.1558819174,2026-08-21|KRW,1000000.0
GLO.PA,ejected_below_floor,363262.54224000004,2026-08-21|EUR,1000000.0
CBE.PA,ejected_below_floor,14833.391504,2026-08-21|EUR,1000000.0
RBT.PA,ejected_below_floor,911440.6960000001,2026-08-21|EUR,1000000.0
EXPL.PA,ejected_below_floor,64805.57280000001,2026-08-21|EUR,1000000.0
0R13.L,ejected_below_floor,299000.4,2026-08-21|USD,1000000.0
SYK.DE,ejected_below_floor,112909.7094,2026-08-21|EUR,1000000.0
0RP0.L,ejected_below_floor,17800.997420800002,2026-08-21|EUR,1000000.0
0QPR.L,ejected_below_floor,9525.279230317801,2026-08-21|CHF,1000000.0
KAPIAB.ST,ejected_below_floor,42684.9836,2026-08-21|SEK,1000000.0
TGHN.DE,ejected_below_floor,26808.102400000003,2026-08-21|EUR,1000000.0
0J71.L,ejected_below_floor,258152.87,2026-08-21|USD,1000000.0
GOB.DE,ejected_below_floor,178859.43856,2026-08-21|EUR,1000000.0
SCHP.PA,ejected_below_floor,373832.14680000005,2026-08-21|EUR,1000000.0
6MK.DE,ejected_below_floor,267921.28852480004,2026-08-21|EUR,1000000.0
SELER.PA,ejected_below_floor,1096.9059200000002,2026-08-21|EUR,1000000.0
003650.KS,ejected_below_floor,369666.71995129803,2026-08-21|KRW,1000000.0
CIT.DE,ejected_below_floor,19644.611030400003,2026-08-21|EUR,1000000.0
PDV.TO,ejected_below_floor,18334.622224799998,2026-08-21|CAD,1000000.0
TENG.L,ejected_below_floor,187662.8172993,2026-08-21|GBp,1000000.0
ALGIR.PA,ejected_below_floor,4526.9979840000005,2026-08-21|EUR,1000000.0
ACFN,ejected_below_floor,398038.41,2026-08-21|USD,1000000.0
GLV.L,ejected_below_floor,240122.35309440002,2026-08-21|EUR,1000000.0
LCR.DE,ejected_below_floor,1025.4794880000002,2026-08-21|EUR,1000000.0
0QZ2.L,ejected_below_floor,109572.57937080001,2026-08-21|CAD,1000000.0
ASG.DE,ejected_below_floor,40445.34466720001,2026-08-21|EUR,1000000.0
DLX.DE,ejected_below_floor,10887.057945600001,2026-08-21|EUR,1000000.0
VIVA.ST,ejected_below_floor,715568.8196999999,2026-08-21|SEK,1000000.0
FC.TO,ejected_below_floor,506431.9976688,2026-08-21|CAD,1000000.0
LIV.L,ejected_below_floor,1922.5915508799999,2026-08-21|GBp,1000000.0
PRU.DE,ejected_below_floor,96866.64285840001,2026-08-21|EUR,1000000.0
SECARE.ST,ejected_below_floor,588200.93472,2026-08-21|SEK,1000000.0
TCS.TO,ejected_below_floor,173484.6552,2026-08-21|CAD,1000000.0
WYN.L,ejected_below_floor,133275.5613,2026-08-21|GBp,1000000.0
MEQ.TO,ejected_below_floor,932242.0356,2026-08-21|CAD,1000000.0
SAVE.PA,ejected_below_floor,85813.75616,2026-08-21|EUR,1000000.0
0HYJ.L,ejected_below_floor,227622.26,2026-08-21|USD,1000000.0
002350.KS,ejected_below_floor,585784.911892544,2026-08-21|KRW,1000000.0
002355.KS,ejected_below_floor,35200.5505991006,2026-08-21|KRW,1000000.0
LIK.DE,ejected_below_floor,84007.224,2026-08-21|EUR,1000000.0
AXR,ejected_below_floor,233519.0,2026-08-21|USD,1000000.0
002690.KS,ejected_below_floor,81187.41749000148,2026-08-21|KRW,1000000.0
RET.BR,ejected_below_floor,864092.8563199999,2026-08-21|EUR,1000000.0
091700.KQ,ejected_below_floor,801640.8789573296,2026-08-21|KRW,1000000.0
BP-A.L,ejected_below_floor,10854.784265499999,2026-08-21|GBp,1000000.0
BP-B.L,ejected_below_floor,6522.397497,2026-08-21|GBp,1000000.0
SWA.DE,ejected_below_floor,27140.594760000004,2026-08-21|EUR,1000000.0
151860.KQ,ejected_below_floor,601387.4668391002,2026-08-21|KRW,1000000.0
0QPF.L,ejected_below_floor,1474.3438236,2026-08-21|CHF,1000000.0
TVA-B.TO,ejected_below_floor,32935.437256499994,2026-08-21|CAD,1000000.0
CH1A.DE,ejected_below_floor,10145.1506688,2026-08-21|EUR,1000000.0
CXU.DE,ejected_below_floor,16193.392512000002,2026-08-21|EUR,1000000.0
EC.PA,ejected_below_floor,255485.15824000002,2026-08-21|EUR,1000000.0
0IUV.L,ejected_below_floor,1036.6108800000002,2026-08-21|EUR,1000000.0
ALBLD.PA,ejected_below_floor,110122.51320000002,2026-08-21|EUR,1000000.0
BAIN.PA,ejected_below_floor,89619.30080000001,2026-08-21|EUR,1000000.0
DEDI.ST,ejected_below_floor,71729.11256000001,2026-08-21|SEK,1000000.0
FVA.L,ejected_below_floor,81698.33211399999,2026-08-21|GBp,1000000.0
IGE.L,ejected_below_floor,9318.815753519999,2026-08-21|GBp,1000000.0
208140.KQ,ejected_below_floor,86402.1791085992,2026-08-21|KRW,1000000.0
BEK-B.TO,ejected_below_floor,4748.414054399999,2026-08-21|CAD,1000000.0
GUD.TO,ejected_below_floor,689969.3443902,2026-08-21|CAD,1000000.0
RUG.ST,ejected_below_floor,212328.6207,2026-08-21|SEK,1000000.0
SFPI.PA,ejected_below_floor,70019.2037424,2026-08-21|EUR,1000000.0
MUM.DE,ejected_below_floor,505963.5091200001,2026-08-21|EUR,1000000.0
FMM-B.ST,ejected_below_floor,147349.3035,2026-08-21|SEK,1000000.0
OEWA.DE,ejected_below_floor,54880.719336,2026-08-21|EUR,1000000.0
ADW-A.TO,ejected_below_floor,848038.2263999999,2026-08-21|CAD,1000000.0
ADW-B.TO,ejected_below_floor,26472.70836,2026-08-21|CAD,1000000.0
0IZM.L,ejected_below_floor,25206.372680999997,2026-08-21|NOK,1000000.0
FLUX.BR,ejected_below_floor,63206.82662400001,2026-08-21|EUR,1000000.0
PREV-B.ST,ejected_below_floor,175513.0153,2026-08-21|SEK,1000000.0
HOLCO.AS,ejected_below_floor,22209.44608,2026-08-21|EUR,1000000.0
SKF-A.ST,ejected_below_floor,170367.42695,2026-08-21|SEK,1000000.0
ALEXA.PA,ejected_below_floor,3524.9408000000003,2026-08-21|EUR,1000000.0
Y.TO,ejected_below_floor,30379.574718,2026-08-21|CAD,1000000.0
008700.KS,ejected_below_floor,921371.6468588455,2026-08-21|KRW,1000000.0
MSN.DE,ejected_below_floor,8377.300095999999,2026-08-21|EUR,1000000.0
0HQW.L,ejected_below_floor,230453.55000000002,2026-08-21|USD,1000000.0
ILM1.DE,ejected_below_floor,420905.9687136,2026-08-21|EUR,1000000.0
EG7.ST,ejected_below_floor,317385.822012,2026-08-21|SEK,1000000.0
0HJH.L,ejected_below_floor,12611.87,2026-08-21|USD,1000000.0
DNG.TO,ejected_below_floor,564290.2335681,2026-08-21|CAD,1000000.0
IBS.LS,ejected_below_floor,585261.6325200001,2026-08-21|EUR,1000000.0
LEI.DE,ejected_below_floor,83363.11064000001,2026-08-21|EUR,1000000.0
BIRG.DE,ejected_below_floor,94483.5335808,2026-08-21|EUR,1000000.0
CAG.ST,ejected_below_floor,45588.6956,2026-08-21|SEK,1000000.0
CHH.L,ejected_below_floor,252524.11183999997,2026-08-21|GBp,1000000.0
083420.KS,ejected_below_floor,259380.8974952916,2026-08-21|KRW,1000000.0
48Z.DE,ejected_below_floor,64597.90276800001,2026-08-21|EUR,1000000.0
0LOZ.L,ejected_below_floor,228033.86,2026-08-21|USD,1000000.0
0RPY.L,ejected_below_floor,86534.15492407,2026-08-21|SEK,1000000.0
STO3.DE,ejected_below_floor,250672.33857600004,2026-08-21|EUR,1000000.0
ALTUV.PA,ejected_below_floor,25677.384876800003,2026-08-21|EUR,1000000.0
0KBK.L,ejected_below_floor,187519.44,2026-08-21|USD,1000000.0
POLYG.ST,ejected_below_floor,3723.37441,2026-08-21|SEK,1000000.0
018500.KS,ejected_below_floor,164520.27277333374,2026-08-21|KRW,1000000.0
CTC.TO,ejected_below_floor,59037.86088,2026-08-21|CAD,1000000.0
WEHB.BR,ejected_below_floor,82154.542944,2026-08-21|EUR,1000000.0
MCB.TO,ejected_below_floor,123654.00776850001,2026-08-21|CAD,1000000.0
VRLA.PA,ejected_below_floor,565174.7921568,2026-08-21|EUR,1000000.0
0KIZ.L,ejected_below_floor,222738.5559875,2026-08-21|SEK,1000000.0
GLW.DE,ejected_below_floor,791268.3214848002,2026-08-21|EUR,1000000.0
PHI1.DE,ejected_below_floor,231767.47811520004,2026-08-21|EUR,1000000.0
TESB.BR,ejected_below_floor,344314.478064,2026-08-21|EUR,1000000.0
OPTER.ST,ejected_below_floor,23891.7924,2026-08-21|SEK,1000000.0
CLEM.ST,ejected_below_floor,7495.1064719999995,2026-08-21|SEK,1000000.0
PSD.TO,ejected_below_floor,57104.5844025,2026-08-21|CAD,1000000.0
0SGO.L,ejected_below_floor,334005.125,2026-08-21|USD,1000000.0
AHOG.DE,ejected_below_floor,112041.42603840001,2026-08-21|EUR,1000000.0
HSD.L,ejected_below_floor,25577.613574799998,2026-08-21|GBp,1000000.0
NNH.ST,ejected_below_floor,17958.63475,2026-08-21|SEK,1000000.0
003535.KS,ejected_below_floor,98589.0299879121,2026-08-21|KRW,1000000.0
0OGG.L,ejected_below_floor,21400.073291520006,2026-08-21|EUR,1000000.0
068290.KS,ejected_below_floor,110193.4130228176,2026-08-21|KRW,1000000.0
ALPAS.PA,ejected_below_floor,4227.146112,2026-08-21|EUR,1000000.0
BUR.PA,ejected_below_floor,53399.374560000004,2026-08-21|EUR,1000000.0
5UR.DE,ejected_below_floor,157693.792384,2026-08-21|EUR,1000000.0
BOUV.OL,ejected_below_floor,737732.099571,2026-08-21|NOK,1000000.0
0LO3.L,ejected_below_floor,297259.51,2026-08-21|USD,1000000.0
KNOW.ST,ejected_below_floor,449932.08309,2026-08-21|SEK,1000000.0
VEE.DE,ejected_below_floor,77980.61880000001,2026-08-21|EUR,1000000.0
006805.KS,ejected_below_floor,766819.3395888179,2026-08-21|KRW,1000000.0
NELLY.ST,ejected_below_floor,742562.7027000001,2026-08-21|SEK,1000000.0
VRS.DE,ejected_below_floor,4748.582256000001,2026-08-21|EUR,1000000.0
004720.KS,ejected_below_floor,103603.7347975,2026-08-21|KRW,1000000.0
HFPC-U.TO,ejected_below_floor,38798.68,2026-08-21|USD,1000000.0
EBO.DE,ejected_below_floor,114818.56920000001,2026-08-21|EUR,1000000.0
MLB1.DE,ejected_below_floor,419846.190624,2026-08-21|EUR,1000000.0
NTEK-B.ST,ejected_below_floor,56614.21731,2026-08-21|SEK,1000000.0
WSTEP.OL,ejected_below_floor,21705.745264999998,2026-08-21|NOK,1000000.0
RING.OL,ejected_below_floor,34351.854516,2026-08-21|NOK,1000000.0
0RRC.L,ejected_below_floor,8283.703641600001,2026-08-21|EUR,1000000.0
0HDK.L,ejected_below_floor,13836.9595,2026-08-21|SEK,1000000.0
0GOX.L,ejected_below_floor,188241.172856,2026-08-21|EUR,1000000.0
WIL.L,ejected_below_floor,464737.292362,2026-08-21|GBp,1000000.0
SBT.PA,ejected_below_floor,40264.6102848,2026-08-21|EUR,1000000.0
0JZS.L,ejected_below_floor,364372.38,2026-08-21|USD,1000000.0
OGUN-B.ST,ejected_below_floor,20079.0016,2026-08-21|SEK,1000000.0
0QB4.L,ejected_below_floor,112624.06164800002,2026-08-21|EUR,1000000.0
OBS.DE,ejected_below_floor,3367.9881728,2026-08-21|EUR,1000000.0
0J66.L,ejected_below_floor,137237.1,2026-08-21|USD,1000000.0
SAMS.PA,ejected_below_floor,33809.28416,2026-08-21|EUR,1000000.0
0O2W.L,ejected_below_floor,93904.42291200001,2026-08-21|EUR,1000000.0
ALPDX.PA,ejected_below_floor,28115.809056000002,2026-08-21|EUR,1000000.0
PAT.DE,ejected_below_floor,897881.3850720001,2026-08-21|EUR,1000000.0
PROF-B.ST,ejected_below_floor,25008.845400000002,2026-08-21|SEK,1000000.0
ARBB.L,ejected_below_floor,252979.12975999998,2026-08-21|GBp,1000000.0
0IQE.L,ejected_below_floor,13048.199999999999,2026-08-21|USD,1000000.0
MFX.L,ejected_below_floor,16034.1814752,2026-08-21|GBp,1000000.0
0RS2.L,ejected_below_floor,45323.02788,2026-08-21|EUR,1000000.0
PAY.BR,ejected_below_floor,36687.2128,2026-08-21|EUR,1000000.0
RPL.DE,ejected_below_floor,11925.941484800001,2026-08-21|EUR,1000000.0
SWEC-A.ST,ejected_below_floor,18663.8592,2026-08-21|SEK,1000000.0
UPAB.DE,ejected_below_floor,128185.38821280001,2026-08-21|EUR,1000000.0
WSU.DE,ejected_below_floor,195064.77412800005,2026-08-21|EUR,1000000.0
0O80.L,ejected_below_floor,2734.14816,2026-08-21|EUR,1000000.0
097870.KQ,ejected_below_floor,146977.6186300471,2026-08-21|KRW,1000000.0
AFG.OL,ejected_below_floor,608344.934112,2026-08-21|NOK,1000000.0
MKC-V,ejected_below_floor,262890.6,2026-08-21|USD,1000000.0
REACH.OL,ejected_below_floor,177225.77412,2026-08-21|NOK,1000000.0
BYGGP.ST,ejected_below_floor,174461.09765,2026-08-21|SEK,1000000.0
0RG7.L,ejected_below_floor,17850.092174999998,2026-08-21|CHF,1000000.0
VIO.BR,ejected_below_floor,103904.5872,2026-08-21|EUR,1000000.0
002030.KS,ejected_below_floor,749807.941362963,2026-08-21|KRW,1000000.0
ALC.TO,ejected_below_floor,96376.581864,2026-08-21|CAD,1000000.0
NOAH,ejected_below_floor,866580.0000000001,2026-08-21|USD,1000000.0
0I6K.L,ejected_below_floor,295284.528,2026-08-21|USD,1000000.0
0QU6.L,ejected_below_floor,35668.540926752394,2026-08-21|CHF,1000000.0
0R08.L,ejected_below_floor,894425.4,2026-08-21|USD,1000000.0
MMM.DE,ejected_below_floor,169459.20992000002,2026-08-21|EUR,1000000.0
0JXQ.L,ejected_below_floor,93748.04999999999,2026-08-21|USD,1000000.0
ALCAT.PA,ejected_below_floor,96257.59454272002,2026-08-21|EUR,1000000.0
EIM.IC,ejected_below_floor,179853.14324200002,2026-08-21|ISK,1000000.0
0O0E.L,ejected_below_floor,521.7526929600001,2026-08-21|EUR,1000000.0
037270.KS,ejected_below_floor,761913.3149149521,2026-08-21|KRW,1000000.0
PRG.DE,ejected_below_floor,569620.4614080001,2026-08-21|EUR,1000000.0
ENJ,ejected_below_floor,32471.0,2026-08-21|USD,1000000.0
ENO,ejected_below_floor,154888.83,2026-08-21|USD,1000000.0
LNA.PA,ejected_below_floor,154322.140128,2026-08-21|EUR,1000000.0
0O33.L,ejected_below_floor,326.98464,2026-08-21|EUR,1000000.0
0QQA.L,ejected_below_floor,17173.63188,2026-08-21|CHF,1000000.0
O4B.DE,ejected_below_floor,2159.490048,2026-08-21|EUR,1000000.0
CVG.TO,ejected_below_floor,29619.9086634,2026-08-21|CAD,1000000.0
BRNL.AS,ejected_below_floor,714681.8863424001,2026-08-21|EUR,1000000.0
0JQZ.L,ejected_below_floor,177953.75,2026-08-21|USD,1000000.0
CRAD-B.ST,ejected_below_floor,65495.77951,2026-08-21|SEK,1000000.0
PRH,ejected_below_floor,978040.79,2026-08-21|USD,1000000.0
XANO-B.ST,ejected_below_floor,52117.75044,2026-08-21|SEK,1000000.0
FTE.DE,ejected_below_floor,84474.30184640002,2026-08-21|EUR,1000000.0
SPOL.OL,ejected_below_floor,740124.8362655999,2026-08-21|NOK,1000000.0
DXT.TO,ejected_below_floor,422301.4593408,2026-08-21|CAD,1000000.0
0UKI.L,ejected_below_floor,146139.042672,2026-08-21|CAD,1000000.0
KABE-B.ST,ejected_below_floor,95596.16500000001,2026-08-21|SEK,1000000.0
0G5B.L,ejected_below_floor,74191.88720000001,2026-08-21|EUR,1000000.0
TCBIO,ejected_below_floor,314786.49,2026-08-21|USD,1000000.0
UNI.TO,ejected_below_floor,8842.308640199999,2026-08-21|CAD,1000000.0
TEQ.ST,ejected_below_floor,223215.51728000003,2026-08-21|SEK,1000000.0
ALNSC.PA,ejected_below_floor,495.11504,2026-08-21|EUR,1000000.0
REITIR.IC,ejected_below_floor,768719.693096,2026-08-21|ISK,1000000.0
0I35.L,ejected_below_floor,309316.7,2026-08-21|USD,1000000.0
001790.KS,ejected_below_floor,936810.5887481093,2026-08-21|KRW,1000000.0
001795.KS,ejected_below_floor,140076.983536035,2026-08-21|KRW,1000000.0
FPMB.DE,ejected_below_floor,534048.2430400001,2026-08-21|EUR,1000000.0
029460.KS,ejected_below_floor,995272.756067394,2026-08-21|KRW,1000000.0
AXA.DE,ejected_below_floor,951905.8568640002,2026-08-21|EUR,1000000.0
RNL.DE,ejected_below_floor,298716.47001600004,2026-08-21|EUR,1000000.0
0RVA.L,ejected_below_floor,67504.17007680002,2026-08-21|EUR,1000000.0
081580.KQ,ejected_below_floor,107051.244665085,2026-08-21|KRW,1000000.0
084010.KS,ejected_below_floor,219853.971462489,2026-08-21|KRW,1000000.0
0QOW.L,ejected_below_floor,172943.1,2026-08-21|USD,1000000.0
0R86.L,ejected_below_floor,32341.552600000003,2026-08-21|SEK,1000000.0
ENGCON-B.ST,ejected_below_floor,887636.2845000001,2026-08-21|SEK,1000000.0
0J46.L,ejected_below_floor,174834.0,2026-08-21|USD,1000000.0
ASCE.BR,ejected_below_floor,218385.73608000003,2026-08-21|EUR,1000000.0
MXG.TO,ejected_below_floor,31408.972775999995,2026-08-21|CAD,1000000.0
ALTRI.PA,ejected_below_floor,4542.326838400001,2026-08-21|EUR,1000000.0
RAY.TO,ejected_below_floor,435276.44708939997,2026-08-21|CAD,1000000.0
ALMGI.PA,ejected_below_floor,1293.0735136000003,2026-08-21|EUR,1000000.0
TEXF.BR,ejected_below_floor,10372.138304,2026-08-21|EUR,1000000.0
016610.KS,ejected_below_floor,654073.2543552466,2026-08-21|KRW,1000000.0
0JZ1.L,ejected_below_floor,101373.72,2026-08-21|USD,1000000.0
HMI.DE,ejected_below_floor,699007.3558400001,2026-08-21|EUR,1000000.0
VALUE.AS,ejected_below_floor,14063.818080000001,2026-08-21|EUR,1000000.0
KMY.DE,ejected_below_floor,121481.3566432,2026-08-21|EUR,1000000.0
BWO.OL,ejected_below_floor,340019.52544399997,2026-08-21|NOK,1000000.0
ALDEL.PA,ejected_below_floor,33566.712576000005,2026-08-21|EUR,1000000.0
JCSE,ejected_below_floor,38044.5425,2026-08-21|USD,1000000.0
0KU1.L,ejected_below_floor,635973.47,2026-08-21|USD,1000000.0
2HP.DE,ejected_below_floor,491879.9328192001,2026-08-21|EUR,1000000.0
FIRE.ST,ejected_below_floor,28634.522,2026-08-21|SEK,1000000.0
0OR2.L,ejected_below_floor,6207.722224,2026-08-21|EUR,1000000.0
WEB.BR,ejected_below_floor,23811.786768000005,2026-08-21|EUR,1000000.0
0LBY.L,ejected_below_floor,412003.54520000005,2026-08-21|EUR,1000000.0
145720.KS,ejected_below_floor,697232.086695536,2026-08-21|KRW,1000000.0
NRP.AS,ejected_below_floor,45758.369664,2026-08-21|EUR,1000000.0
2HRA.DE,ejected_below_floor,61157.02716800001,2026-08-21|EUR,1000000.0
0QO9.L,ejected_below_floor,41936.21586,2026-08-21|CHF,1000000.0
IAM.PA,ejected_below_floor,2077.3728416000004,2026-08-21|EUR,1000000.0
KEQU,ejected_below_floor,178825.68,2026-08-21|USD,1000000.0
IDIP.PA,ejected_below_floor,32354.086560000003,2026-08-21|EUR,1000000.0
0F2Z.L,ejected_below_floor,57566.68944,2026-08-21|EUR,1000000.0
085310.KS,ejected_below_floor,184897.889261435,2026-08-21|KRW,1000000.0
081000.KS,ejected_below_floor,260118.497821329,2026-08-21|KRW,1000000.0
INISS-B.ST,ejected_below_floor,137518.8199,2026-08-21|SEK,1000000.0
0LS8.L,ejected_below_floor,64338.75,2026-08-21|USD,1000000.0
GREEN.ST,ejected_below_floor,222755.695085,2026-08-21|SEK,1000000.0
ACRI-A.ST,ejected_below_floor,4021.3908,2026-08-21|SEK,1000000.0
ACRI-B.ST,ejected_below_floor,27855.884952000004,2026-08-21|SEK,1000000.0
SMCP.PA,ejected_below_floor,703738.8467712,2026-08-21|EUR,1000000.0
ALQWA.PA,ejected_below_floor,1417.5132,2026-08-21|EUR,1000000.0
0DH7.L,ejected_below_floor,38446.452055999995,2026-08-21|NOK,1000000.0
0VFA.L,ejected_below_floor,26362.8308988,2026-08-21|CAD,1000000.0
LSS.PA,ejected_below_floor,931080.413856,2026-08-21|EUR,1000000.0
SCA-A.ST,ejected_below_floor,167452.45055,2026-08-21|SEK,1000000.0
0IP1.L,ejected_below_floor,7078.521744000001,2026-08-21|EUR,1000000.0
BLC.PA,ejected_below_floor,64352.20048000001,2026-08-21|EUR,1000000.0
AO.L,ejected_below_floor,798676.33057128,2026-08-21|GBp,1000000.0
ODET.PA,ejected_below_floor,628854.0768,2026-08-21|EUR,1000000.0
0K8M.L,ejected_below_floor,982569.6,2026-08-21|USD,1000000.0
UBCP,ejected_below_floor,129074.22,2026-08-21|USD,1000000.0
PHAR.L,ejected_below_floor,336803.12954764,2026-08-21|GBp,1000000.0
ALPRI.PA,ejected_below_floor,7200.619200000001,2026-08-21|EUR,1000000.0
BORG.ST,ejected_below_floor,98985.34135,2026-08-21|SEK,1000000.0
TALK.ST,ejected_below_floor,17757.15844,2026-08-21|SEK,1000000.0
STF.PA,ejected_below_floor,326287.76848,2026-08-21|EUR,1000000.0
EXE.PA,ejected_below_floor,47583.39616800001,2026-08-21|EUR,1000000.0
BIG.PA,ejected_below_floor,13676.770304,2026-08-21|EUR,1000000.0
OLY.TO,ejected_below_floor,196590.94199999998,2026-08-21|CAD,1000000.0
TMI.L,ejected_below_floor,9643.140000000001,2026-08-21|USD,1000000.0
0NY3.L,ejected_below_floor,7616.654976000001,2026-08-21|EUR,1000000.0
060380.KQ,ejected_below_floor,34265.353734114164,2026-08-21|KRW,1000000.0
SJOVA.IC,ejected_below_floor,362165.74915755,2026-08-21|ISK,1000000.0
BSN.DE,ejected_below_floor,234075.34034240004,2026-08-21|EUR,1000000.0
VSSAB-B.ST,ejected_below_floor,13342.6818,2026-08-21|SEK,1000000.0
SFAST.ST,ejected_below_floor,115813.16593000002,2026-08-21|SEK,1000000.0
JAG.TO,ejected_below_floor,836374.6574495999,2026-08-21|CAD,1000000.0
NFS.DE,ejected_below_floor,6955.960480000001,2026-08-21|EUR,1000000.0
ZAL.OL,ejected_below_floor,62668.146,2026-08-21|NOK,1000000.0
MLHK.PA,ejected_below_floor,55162.65662400001,2026-08-21|EUR,1000000.0
QDT.PA,ejected_below_floor,991526.191456,2026-08-21|EUR,1000000.0
HDL,ejected_below_floor,11438.0,2026-08-21|USD,1000000.0
MKZ-UN.TO,ejected_below_floor,1566.4461453000001,2026-08-21|CAD,1000000.0
0KRX.L,ejected_below_floor,332010.612,2026-08-21|USD,1000000.0
005305.KS,ejected_below_floor,82663.03474198,2026-08-21|KRW,1000000.0
PACT.ST,ejected_below_floor,684336.20556,2026-08-21|SEK,1000000.0
AIL.DE,ejected_below_floor,184688.1600768,2026-08-21|EUR,1000000.0
EXS.ST,ejected_below_floor,89500.2472,2026-08-21|SEK,1000000.0
VP.L,ejected_below_floor,157262.62994259998,2026-08-21|GBp,1000000.0
008420.KS,ejected_below_floor,504513.7796715401,2026-08-21|KRW,1000000.0
DBM.TO,ejected_below_floor,904372.8175935,2026-08-21|CAD,1000000.0
ALAUD.PA,ejected_below_floor,30519.957824,2026-08-21|EUR,1000000.0
E4C.DE,ejected_below_floor,3474.153824,2026-08-21|EUR,1000000.0
MEKO.ST,ejected_below_floor,604728.6882,2026-08-21|SEK,1000000.0
MA10.DE,ejected_below_floor,14092.690128,2026-08-21|EUR,1000000.0
FREY.PA,ejected_below_floor,18430.802304,2026-08-21|EUR,1000000.0
MPN.DE,ejected_below_floor,29436.966144,2026-08-21|EUR,1000000.0
VOXR.TO,ejected_below_floor,117218.19293639998,2026-08-21|CAD,1000000.0
0RGB.L,ejected_below_floor,7251.019440000001,2026-08-21|SEK,1000000.0
ALRFG.PA,ejected_below_floor,2544.4506880000004,2026-08-21|EUR,1000000.0
ALHEX.PA,ejected_below_floor,107658.30129600002,2026-08-21|EUR,1000000.0
0DLI.L,ejected_below_floor,29491.231680000004,2026-08-21|EUR,1000000.0
P4O.DE,ejected_below_floor,202752.04387200004,2026-08-21|EUR,1000000.0
0S9E.L,ejected_below_floor,264.55400280000003,2026-08-21|CAD,1000000.0
0R8X.L,ejected_below_floor,18586.449,2026-08-21|CHF,1000000.0
ALFLE.PA,ejected_below_floor,35799.02048000001,2026-08-21|EUR,1000000.0
VIH1.DE,ejected_below_floor,54544.4701312,2026-08-21|EUR,1000000.0
MEMS.PA,ejected_below_floor,161029.83578080003,2026-08-21|EUR,1000000.0
PION-B.ST,ejected_below_floor,6463.037112,2026-08-21|SEK,1000000.0
001685.KS,ejected_below_floor,44245.4807499943,2026-08-21|KRW,1000000.0
PER.DE,ejected_below_floor,150303.1974272,2026-08-21|EUR,1000000.0
BASS.PA,ejected_below_floor,69202.47264,2026-08-21|EUR,1000000.0
VVD.DE,ejected_below_floor,160095.96996800002,2026-08-21|EUR,1000000.0
066670.KQ,ejected_below_floor,65220.972724047,2026-08-21|KRW,1000000.0
PPX.DE,ejected_below_floor,179432.12548800002,2026-08-21|EUR,1000000.0
EAST.ST,ejected_below_floor,386608.53882,2026-08-21|SEK,1000000.0
CTAC.AS,ejected_below_floor,3896.5669600000006,2026-08-21|EUR,1000000.0
FC9.DE,ejected_below_floor,4382.9856,2026-08-21|EUR,1000000.0
RBY.TO,ejected_below_floor,395315.82603,2026-08-21|CAD,1000000.0
PCE1.DE,ejected_below_floor,299206.59911999997,2026-08-21|EUR,1000000.0
PRCO-B.ST,ejected_below_floor,2611.52598,2026-08-21|SEK,1000000.0
ALWEC.PA,ejected_below_floor,17027.899056000002,2026-08-21|EUR,1000000.0
0OPN.L,ejected_below_floor,86515.26576000001,2026-08-21|EUR,1000000.0
MORE.AS,ejected_below_floor,7553.345184000001,2026-08-21|EUR,1000000.0
SAM.TO,ejected_below_floor,69108.8340609,2026-08-21|CAD,1000000.0
LUMEN.ST,ejected_below_floor,30645.801480000006,2026-08-21|SEK,1000000.0
003220.KS,ejected_below_floor,723976.9847942689,2026-08-21|KRW,1000000.0
4I1.DE,ejected_below_floor,83134.2445824,2026-08-21|EUR,1000000.0
033250.KS,ejected_below_floor,201185.50706190476,2026-08-21|KRW,1000000.0
EIK.IC,ejected_below_floor,261127.0023181,2026-08-21|ISK,1000000.0
STCM.L,ejected_below_floor,14627.742751999998,2026-08-21|GBp,1000000.0
0FRI.L,ejected_below_floor,13683.089688,2026-08-21|EUR,1000000.0
WDH,ejected_below_floor,197391.0,2026-08-21|USD,1000000.0
NMAN.ST,ejected_below_floor,428425.89244,2026-08-21|SEK,1000000.0
FNOVA-B.ST,ejected_below_floor,78698.1048,2026-08-21|SEK,1000000.0
ABO.BR,ejected_below_floor,2942.3051904000004,2026-08-21|EUR,1000000.0
0DUI.L,ejected_below_floor,692828.9537025279,2026-08-21|EUR,1000000.0
AUD.DE,ejected_below_floor,110484.80522400003,2026-08-21|EUR,1000000.0
WFC.TO,ejected_below_floor,8540.672076,2026-08-21|CAD,1000000.0
ALSOG.PA,ejected_below_floor,23073.984192000004,2026-08-21|EUR,1000000.0
001630.KS,ejected_below_floor,209433.22012956,2026-08-21|KRW,1000000.0
117580.KS,ejected_below_floor,632610.6245392304,2026-08-21|KRW,1000000.0
3E2.DE,ejected_below_floor,8532.3511104,2026-08-21|EUR,1000000.0
GOD.OL,ejected_below_floor,104741.33346,2026-08-21|NOK,1000000.0
007980.KS,ejected_below_floor,285814.2837443393,2026-08-21|KRW,1000000.0
ALVAP.PA,ejected_below_floor,2582.0655168000003,2026-08-21|EUR,1000000.0
ALMRB.PA,ejected_below_floor,19886.660830400004,2026-08-21|EUR,1000000.0
ENRO.ST,ejected_below_floor,47232.84951,2026-08-21|SEK,1000000.0
0W2Y.L,ejected_below_floor,118899.9,2026-08-21|USD,1000000.0
AFK.OL,ejected_below_floor,109914.59052,2026-08-21|NOK,1000000.0
0F0J.L,ejected_below_floor,254823.509865743,2026-08-21|NOK,1000000.0
DTOL.TO,ejected_below_floor,189599.26375530002,2026-08-21|CAD,1000000.0
0QLM.L,ejected_below_floor,2789.387577,2026-08-21|CHF,1000000.0
ALBKK.PA,ejected_below_floor,88095.11176000001,2026-08-21|EUR,1000000.0
SQU.DE,ejected_below_floor,331440.96524000005,2026-08-21|EUR,1000000.0
LBG.L,ejected_below_floor,207125.21347559997,2026-08-21|GBp,1000000.0
ALG.DE,ejected_below_floor,1283.8205440000002,2026-08-21|EUR,1000000.0
LTHM.L,ejected_below_floor,138282.383484,2026-08-21|GBp,1000000.0
QSP-UN.TO,ejected_below_floor,840.88422,2026-08-21|CAD,1000000.0
COVH.PA,ejected_below_floor,15705.698400000001,2026-08-21|EUR,1000000.0
CCEC,ejected_below_floor,301391.3,2026-08-21|USD,1000000.0
PHM7.DE,ejected_below_floor,185332.69086400003,2026-08-21|EUR,1000000.0
HVT-A,ejected_below_floor,33082.56,2026-08-21|USD,1000000.0
SOTK,ejected_below_floor,248422.65,2026-08-21|USD,1000000.0
USWE.ST,ejected_below_floor,4905.505394999999,2026-08-21|SEK,1000000.0
EMB.ST,ejected_below_floor,5852.26257,2026-08-21|SEK,1000000.0
FAR.TO,ejected_below_floor,368093.0143296,2026-08-21|CAD,1000000.0
ALMOU.PA,ejected_below_floor,18642.298752000002,2026-08-21|EUR,1000000.0
MALT.PA,ejected_below_floor,9566.04,2026-08-21|EUR,1000000.0
WRG.TO,ejected_below_floor,4766.861583,2026-08-21|CAD,1000000.0
ELON.ST,ejected_below_floor,5901.5026,2026-08-21|SEK,1000000.0
ALTXC.PA,ejected_below_floor,4512.388032000001,2026-08-21|EUR,1000000.0
0OQ2.L,ejected_below_floor,559450.7752960001,2026-08-21|EUR,1000000.0
PAT.PA,ejected_below_floor,29001.102576,2026-08-21|EUR,1000000.0
0Y3K.L,ejected_below_floor,680252.5800000001,2026-08-21|USD,1000000.0
SACI.PA,ejected_below_floor,876.5971200000001,2026-08-21|EUR,1000000.0
NSI.AS,ejected_below_floor,954392.679408,2026-08-21|EUR,1000000.0
ERAG.DE,ejected_below_floor,86885.384544,2026-08-21|EUR,1000000.0
IMDA.PA,ejected_below_floor,27963.448128000004,2026-08-21|EUR,1000000.0
0VL8.L,ejected_below_floor,78605.36649,2026-08-21|CAD,1000000.0
RATO-A.ST,ejected_below_floor,9108.414700000001,2026-08-21|SEK,1000000.0
GENT.OL,ejected_below_floor,18813.434016,2026-08-21|NOK,1000000.0
005945.KS,ejected_below_floor,989104.892527808,2026-08-21|KRW,1000000.0
AVT-B.ST,ejected_below_floor,45366.048476,2026-08-21|SEK,1000000.0
TST.L,ejected_below_floor,7927.536168999999,2026-08-21|GBp,1000000.0
VBNK.TO,ejected_below_floor,677786.5907334,2026-08-21|CAD,1000000.0
ORES.ST,ejected_below_floor,675884.52624,2026-08-21|SEK,1000000.0
SYP.DE,ejected_below_floor,116076.06864000001,2026-08-21|EUR,1000000.0
ENDUR.OL,ejected_below_floor,964117.990316,2026-08-21|NOK,1000000.0
MAGI.ST,ejected_below_floor,34184.621212,2026-08-21|SEK,1000000.0
NL,ejected_below_floor,360061.97,2026-08-21|USD,1000000.0
PHAR,ejected_below_floor,156265.94999999998,2026-08-21|USD,1000000.0
004080.KS,ejected_below_floor,54786.893107485,2026-08-21|KRW,1000000.0
0NHS.L,ejected_below_floor,106631.03880000001,2026-08-21|USD,1000000.0
0YG8.L,kept_no_reading,,not-captured,1000000.0
0IKW.L,ejected_below_floor,300193.02,2026-08-21|USD,1000000.0
FAS.DE,ejected_below_floor,9807.481052000001,2026-08-21|EUR,1000000.0
ROU.BR,ejected_below_floor,5470.267504,2026-08-21|EUR,1000000.0
STEF-B.ST,ejected_below_floor,397047.94668,2026-08-21|SEK,1000000.0
EMIL-B.ST,ejected_below_floor,154139.96360000002,2026-08-21|SEK,1000000.0
075130.KQ,ejected_below_floor,58845.06778673705,2026-08-21|KRW,1000000.0
GMM.DE,ejected_below_floor,23257.304304000005,2026-08-21|EUR,1000000.0
RCI-A.TO,ejected_below_floor,67122.89775,2026-08-21|CAD,1000000.0
ADVE.ST,ejected_below_floor,78532.39296000001,2026-08-21|SEK,1000000.0
GOS.DE,ejected_below_floor,333676.693728,2026-08-21|EUR,1000000.0
ALBOU.PA,ejected_below_floor,1563.0329600000002,2026-08-21|EUR,1000000.0
FLO.L,ejected_below_floor,79435.15965,2026-08-21|GBp,1000000.0
000860.KS,ejected_below_floor,204496.074277572,2026-08-21|KRW,1000000.0
CWL.TO,ejected_below_floor,11490.452091899999,2026-08-21|CAD,1000000.0
PBL.TO,ejected_below_floor,210384.2197125,2026-08-21|CAD,1000000.0
URB-A.TO,ejected_below_floor,67484.564505,2026-08-21|CAD,1000000.0
URB.TO,ejected_below_floor,7842.291047999999,2026-08-21|CAD,1000000.0
SLEEP.ST,ejected_below_floor,83170.932075,2026-08-21|SEK,1000000.0
159580.KQ,ejected_below_floor,91852.3983315218,2026-08-21|KRW,1000000.0
GDL.TO,ejected_below_floor,21972.932086499997,2026-08-21|CAD,1000000.0
0I5O.L,ejected_below_floor,13289.906,2026-08-21|SEK,1000000.0
ELIMP.OL,ejected_below_floor,363693.979744,2026-08-21|NOK,1000000.0
TFF.PA,ejected_below_floor,67473.62832,2026-08-21|EUR,1000000.0
NVM.DE,ejected_below_floor,17027.087392,2026-08-21|EUR,1000000.0
0GXK.L,ejected_below_floor,22735.0011,2026-08-21|SEK,1000000.0
MLL.DE,ejected_below_floor,1347.4550016000003,2026-08-21|EUR,1000000.0
MRC.TO,ejected_below_floor,159248.182464,2026-08-21|CAD,1000000.0
RBO.PA,ejected_below_floor,28026.062208000003,2026-08-21|EUR,1000000.0
RECT.BR,ejected_below_floor,616349.0246464,2026-08-21|EUR,1000000.0
ARION-SDB.ST,ejected_below_floor,48754.692896,2026-08-21|SEK,1000000.0
UNH.DE,ejected_below_floor,553914.2992,2026-08-21|EUR,1000000.0
0JR2.L,ejected_below_floor,881633.7000000001,2026-08-21|USD,1000000.0
ALGEV.PA,ejected_below_floor,2487.1704000000004,2026-08-21|EUR,1000000.0
DTD2.DE,ejected_below_floor,5688.373216000001,2026-08-21|EUR,1000000.0
ORCH.L,ejected_below_floor,35247.9360884,2026-08-21|GBp,1000000.0
0OHK.L,ejected_below_floor,220869.92316986,2026-08-21|NOK,1000000.0
BRIM.IC,ejected_below_floor,366755.799,2026-08-21|ISK,1000000.0
FORA.TO,ejected_below_floor,19346.10642,2026-08-21|CAD,1000000.0
FLOB.BR,ejected_below_floor,35469.7168,2026-08-21|EUR,1000000.0
KETL.L,ejected_below_floor,140342.69582332997,2026-08-21|GBp,1000000.0
GENO.ST,ejected_below_floor,130234.42446000002,2026-08-21|SEK,1000000.0
HLF.TO,ejected_below_floor,262198.589463,2026-08-21|CAD,1000000.0
FOU.BR,ejected_below_floor,1549.6984800000002,2026-08-21|EUR,1000000.0
0RNQ.L,ejected_below_floor,369618.7572,2026-08-21|SEK,1000000.0
YSN.DE,ejected_below_floor,760160.44064,2026-08-21|EUR,1000000.0
BOS.TO,ejected_below_floor,103831.88587829999,2026-08-21|CAD,1000000.0
3RB.DE,ejected_below_floor,324857.0599424,2026-08-21|EUR,1000000.0
0QNJ.L,ejected_below_floor,365988.79296,2026-08-21|CHF,1000000.0
002870.KS,ejected_below_floor,121019.49129913482,2026-08-21|KRW,1000000.0
018470.KS,ejected_below_floor,742218.8166623329,2026-08-21|KRW,1000000.0
003460.KS,ejected_below_floor,172150.8280430603,2026-08-21|KRW,1000000.0
003465.KS,ejected_below_floor,14086.0948809399,2026-08-21|KRW,1000000.0
VBG-B.ST,ejected_below_floor,586380.4408,2026-08-21|SEK,1000000.0
FQT.DE,ejected_below_floor,236090.331008,2026-08-21|EUR,1000000.0
CSH.DE,ejected_below_floor,68915.027632,2026-08-21|EUR,1000000.0
OPXS,ejected_below_floor,397506.79,2026-08-21|USD,1000000.0
ALT.L,ejected_below_floor,15734.2488296,2026-08-21|GBp,1000000.0
CNCJO-B.ST,ejected_below_floor,16861.138,2026-08-21|SEK,1000000.0
011500.KS,ejected_below_floor,904720.6301276752,2026-08-21|KRW,1000000.0
GGEO.ST,ejected_below_floor,4472.76991,2026-08-21|SEK,1000000.0
SCT.DE,ejected_below_floor,19860.838320000003,2026-08-21|EUR,1000000.0
ALCOF.PA,ejected_below_floor,9809.539200000001,2026-08-21|EUR,1000000.0
001750.KS,ejected_below_floor,330106.043499722,2026-08-21|KRW,1000000.0
001755.KS,ejected_below_floor,30331.531941158,2026-08-21|KRW,1000000.0
100250.KS,ejected_below_floor,319825.0861974224,2026-08-21|KRW,1000000.0
TRX.TO,ejected_below_floor,184324.99417199998,2026-08-21|CAD,1000000.0
SUS.ST,ejected_below_floor,858181.56816,2026-08-21|SEK,1000000.0
MBX.TO,ejected_below_floor,7514.519283,2026-08-21|CAD,1000000.0
ALEO2.PA,ejected_below_floor,1201.6337664000002,2026-08-21|EUR,1000000.0
CEDER.ST,ejected_below_floor,67369.68546,2026-08-21|SEK,1000000.0
THNC.TO,ejected_below_floor,20817.7764039,2026-08-21|CAD,1000000.0
ABS2.DE,ejected_below_floor,42265.19971200001,2026-08-21|EUR,1000000.0
STIL.ST,ejected_below_floor,134369.2728,2026-08-21|SEK,1000000.0
INFREA.ST,ejected_below_floor,16540.6241,2026-08-21|SEK,1000000.0
AW.TO,ejected_below_floor,210237.497676,2026-08-21|CAD,1000000.0
MLFMV.LS,ejected_below_floor,967.9093200000001,2026-08-21|EUR,1000000.0
0LD9.L,ejected_below_floor,265551.92000000004,2026-08-21|USD,1000000.0
0P2J.L,ejected_below_floor,21285.656496,2026-08-21|EUR,1000000.0
PARP.PA,ejected_below_floor,23088.942000000003,2026-08-21|EUR,1000000.0
CMG.TO,ejected_below_floor,425309.17815449997,2026-08-21|CAD,1000000.0
PRQ.TO,ejected_below_floor,76688.8355799,2026-08-21|CAD,1000000.0
HRPK.DE,ejected_below_floor,75054.57008,2026-08-21|EUR,1000000.0
BNT,ejected_below_floor,916642.4400000001,2026-08-21|USD,1000000.0
145990.KS,ejected_below_floor,394942.826627244,2026-08-21|KRW,1000000.0
145995.KS,ejected_below_floor,21134.287912878,2026-08-21|KRW,1000000.0
003300.KS,ejected_below_floor,262975.1058814208,2026-08-21|KRW,1000000.0
BERG-B.ST,ejected_below_floor,480173.73250000004,2026-08-21|SEK,1000000.0
OGD.TO,ejected_below_floor,18593.8828398,2026-08-21|CAD,1000000.0
VAF.LS,ejected_below_floor,84160.83720960002,2026-08-21|EUR,1000000.0
010770.KS,ejected_below_floor,183460.25179123846,2026-08-21|KRW,1000000.0
ALODC.PA,ejected_below_floor,50519.12688000001,2026-08-21|EUR,1000000.0
CIV.PA,ejected_below_floor,86514.686,2026-08-21|EUR,1000000.0
WYR.DE,ejected_below_floor,797.1004288000001,2026-08-21|EUR,1000000.0
ORIO.TO,ejected_below_floor,19004.8127175,2026-08-21|CAD,1000000.0
MULTI.OL,ejected_below_floor,91117.297812,2026-08-21|NOK,1000000.0
0HHU.L,ejected_below_floor,61787.520000000004,2026-08-21|USD,1000000.0
BNP.DE,ejected_below_floor,831025.6185792,2026-08-21|EUR,1000000.0
ALBFR.PA,ejected_below_floor,429189.834688,2026-08-21|EUR,1000000.0
UWS.DE,ejected_below_floor,122952.89188000001,2026-08-21|EUR,1000000.0
012800.KS,ejected_below_floor,581177.9287474692,2026-08-21|KRW,1000000.0
SKB.DE,ejected_below_floor,66043.708256,2026-08-21|EUR,1000000.0
SXP.TO,ejected_below_floor,30681.802641600003,2026-08-21|CAD,1000000.0
0Q3C.L,ejected_below_floor,506604.8678083361,2026-08-21|EUR,1000000.0
ALJXR.PA,ejected_below_floor,243006.68460384003,2026-08-21|EUR,1000000.0
TPGXL,ejected_below_floor,577565.6000000001,2026-08-21|USD,1000000.0
0UKH.L,ejected_below_floor,27105.751386,2026-08-21|CAD,1000000.0
NFGAB.ST,ejected_below_floor,2970.6726000000003,2026-08-21|SEK,1000000.0
CGN.DE,ejected_below_floor,7972.743568,2026-08-21|EUR,1000000.0
ALLAN.PA,ejected_below_floor,11511.134800000002,2026-08-21|EUR,1000000.0
0OQX.L,ejected_below_floor,77.919744,2026-08-21|EUR,1000000.0
BRY.TO,ejected_below_floor,1964.3516928000001,2026-08-21|CAD,1000000.0
CHMI,ejected_below_floor,992182.38,2026-08-21|USD,1000000.0
2KD.DE,ejected_below_floor,32194.281513600003,2026-08-21|EUR,1000000.0
PIERCE.ST,ejected_below_floor,163000.657456,2026-08-21|SEK,1000000.0
APM.DE,ejected_below_floor,8696.678284800002,2026-08-21|EUR,1000000.0
OXBR,ejected_below_floor,139501.04,2026-08-21|USD,1000000.0
ACWN.DE,ejected_below_floor,5389.448960000001,2026-08-21|EUR,1000000.0
UPSALE.ST,ejected_below_floor,304480.68497,2026-08-21|SEK,1000000.0
0NWC.L,ejected_below_floor,75011.43593600001,2026-08-21|EUR,1000000.0
KENH.ST,ejected_below_floor,3577.6485359999997,2026-08-21|SEK,1000000.0
SLL.DE,ejected_below_floor,24792.392832,2026-08-21|EUR,1000000.0
134380.KS,ejected_below_floor,51936.5413291641,2026-08-21|KRW,1000000.0
0KKZ.L,ejected_below_floor,594263.24,2026-08-21|USD,1000000.0
8GM.DE,ejected_below_floor,11081.242760000001,2026-08-21|EUR,1000000.0
ECONB.BR,ejected_below_floor,73057.36645120001,2026-08-21|EUR,1000000.0
0LF8.L,ejected_below_floor,51494.81999999999,2026-08-21|USD,1000000.0
002880.KS,ejected_below_floor,706083.7785833965,2026-08-21|KRW,1000000.0
4PN.DE,ejected_below_floor,37626.424000000006,2026-08-21|EUR,1000000.0
0RU6.L,ejected_below_floor,33858.162,2026-08-21|NOK,1000000.0
DIE.DE,ejected_below_floor,4027.708672,2026-08-21|EUR,1000000.0
HUMBLE.ST,ejected_below_floor,184436.02632000003,2026-08-21|SEK,1000000.0
084690.KS,ejected_below_floor,359448.806158904,2026-08-21|KRW,1000000.0
084695.KS,ejected_below_floor,71185.8239259356,2026-08-21|KRW,1000000.0
FIN.L,ejected_below_floor,25606.488930749998,2026-08-21|GBp,1000000.0
NACON.PA,ejected_below_floor,15760.086381312001,2026-08-21|EUR,1000000.0
FMC1.DE,ejected_below_floor,84532.20827520001,2026-08-21|EUR,1000000.0
HAGA.IC,ejected_below_floor,965869.6837620001,2026-08-21|ISK,1000000.0
VCM.TO,ejected_below_floor,25997.168862,2026-08-21|CAD,1000000.0
EKI.PA,ejected_below_floor,553650.2996864,2026-08-21|EUR,1000000.0
0QSV.L,ejected_below_floor,15654.233104800001,2026-08-21|EUR,1000000.0
003120.KS,ejected_below_floor,160623.29749389002,2026-08-21|KRW,1000000.0
CGO.TO,ejected_below_floor,910077.092001,2026-08-21|CAD,1000000.0
GBT.TO,ejected_below_floor,13566.505806,2026-08-21|CAD,1000000.0
HEIMAR.IC,ejected_below_floor,345728.136804,2026-08-21|ISK,1000000.0
MSAB-B.ST,ejected_below_floor,196323.72312,2026-08-21|SEK,1000000.0
0KJD.L,ejected_below_floor,99767.115,2026-08-21|USD,1000000.0
POL.OL,ejected_below_floor,76758.0288,2026-08-21|NOK,1000000.0
PWO.DE,ejected_below_floor,9226.532544000002,2026-08-21|EUR,1000000.0
NVJP.DE,ejected_below_floor,117865.43990400003,2026-08-21|EUR,1000000.0
GUI.PA,ejected_below_floor,27931.213472,2026-08-21|EUR,1000000.0
017390.KS,ejected_below_floor,208130.98126968,2026-08-21|KRW,1000000.0
LUC.ST,ejected_below_floor,58873.190516,2026-08-21|SEK,1000000.0
BTS-B.ST,ejected_below_floor,290727.40536,2026-08-21|SEK,1000000.0
SOAG.OL,ejected_below_floor,24105.8538,2026-08-21|NOK,1000000.0
0QN6.L,ejected_below_floor,2278.5380999999998,2026-08-21|CHF,1000000.0
FNTL.L,ejected_below_floor,402351.83022299997,2026-08-21|GBp,1000000.0
0G15.L,ejected_below_floor,283.270736,2026-08-21|EUR,1000000.0
NODK,ejected_below_floor,387616.79,2026-08-21|USD,1000000.0
383800.KS,ejected_below_floor,833245.9538908736,2026-08-21|KRW,1000000.0
KLARA-B.ST,ejected_below_floor,352106.770512,2026-08-21|SEK,1000000.0
0TIQ.L,ejected_below_floor,236295.56,2026-08-21|USD,1000000.0
BEN.PA,ejected_below_floor,469621.3346864001,2026-08-21|EUR,1000000.0
ALNG.OL,ejected_below_floor,56295.42898559999,2026-08-21|NOK,1000000.0
AGES-B.ST,ejected_below_floor,2140.31944,2026-08-21|SEK,1000000.0
ENL.DE,ejected_below_floor,199637.65663744,2026-08-21|EUR,1000000.0
SWP.TO,ejected_below_floor,17470.775952,2026-08-21|CAD,1000000.0
0IMT.L,ejected_below_floor,16047.568372,2026-08-21|NOK,1000000.0
JCQ.PA,ejected_below_floor,97671.58744,2026-08-21|EUR,1000000.0
49GP.L,ejected_below_floor,129.598854,2026-08-21|GBp,1000000.0
50GP.L,ejected_below_floor,652.801751,2026-08-21|GBp,1000000.0
HAI.TO,ejected_below_floor,160019.79830549998,2026-08-21|CAD,1000000.0
CFEB.BR,ejected_below_floor,65141.717648000005,2026-08-21|EUR,1000000.0
0RPS.L,ejected_below_floor,155317.19770000002,2026-08-21|SEK,1000000.0
0QV6.L,ejected_below_floor,36156.112288704004,2026-08-21|EUR,1000000.0
AZT.OL,ejected_below_floor,74560.41008,2026-08-21|NOK,1000000.0
105630.KS,ejected_below_floor,504934.9898504184,2026-08-21|KRW,1000000.0
0G67.L,ejected_below_floor,47072.9929824,2026-08-21|NOK,1000000.0
0IFJ.L,ejected_below_floor,317248.1,2026-08-21|USD,1000000.0
0QYK.L,ejected_below_floor,376468.9,2026-08-21|USD,1000000.0
CTM.ST,ejected_below_floor,67115.52722,2026-08-21|SEK,1000000.0
E.TO,ejected_below_floor,150726.0805155,2026-08-21|CAD,1000000.0
HWO.TO,ejected_below_floor,2994.6223664999998,2026-08-21|CAD,1000000.0
QRC.TO,ejected_below_floor,53005.994999999995,2026-08-21|CAD,1000000.0
HWK.AS,ejected_below_floor,1173.9444288,2026-08-21|EUR,1000000.0
JOMA.ST,ejected_below_floor,190045.72881000003,2026-08-21|SEK,1000000.0
CRLO.PA,ejected_below_floor,90374.61212800001,2026-08-21|EUR,1000000.0
CVS.DE,ejected_below_floor,33613.2788992,2026-08-21|EUR,1000000.0
CEK.DE,ejected_below_floor,198014.94086400003,2026-08-21|EUR,1000000.0
CUP-U.TO,ejected_below_floor,36999.9,2026-08-21|USD,1000000.0
SMJ.L,ejected_below_floor,6419.409065999999,2026-08-21|GBp,1000000.0
ELAN-B.ST,ejected_below_floor,51063.59034,2026-08-21|SEK,1000000.0
LORD.L,ejected_below_floor,30304.785943249997,2026-08-21|GBp,1000000.0
0KET.L,ejected_below_floor,566868.75,2026-08-21|USD,1000000.0
PIF.TO,ejected_below_floor,449155.8108648,2026-08-21|CAD,1000000.0
CDMIL.ST,ejected_below_floor,3016.7732,2026-08-21|SEK,1000000.0
ATIC.ST,ejected_below_floor,61811.142120000004,2026-08-21|SEK,1000000.0
M7U.DE,ejected_below_floor,675764.6614880001,2026-08-21|EUR,1000000.0
LOCAL.PA,ejected_below_floor,60366.478027200006,2026-08-21|EUR,1000000.0
ARR.OL,ejected_below_floor,197132.7528144,2026-08-21|NOK,1000000.0
010660.KS,ejected_below_floor,622952.0907993768,2026-08-21|KRW,1000000.0
AKAST.OL,ejected_below_floor,468066.62043480005,2026-08-21|NOK,1000000.0
XPLRA.OL,ejected_below_floor,460960.11913,2026-08-21|NOK,1000000.0
0GN6.L,ejected_below_floor,374953.51859200007,2026-08-21|EUR,1000000.0
0R7T.L,ejected_below_floor,8443.160832,2026-08-21|EUR,1000000.0
TINC.BR,ejected_below_floor,183557.34979200002,2026-08-21|EUR,1000000.0
NOTEK.ST,ejected_below_floor,2024.530795,2026-08-21|SEK,1000000.0
HAW.DE,ejected_below_floor,32196.043984,2026-08-21|EUR,1000000.0
0L5A.L,ejected_below_floor,522348.28700000007,2026-08-21|USD,1000000.0
118000.KS,ejected_below_floor,48173.82556519526,2026-08-21|KRW,1000000.0
003610.KS,ejected_below_floor,467322.0781794656,2026-08-21|KRW,1000000.0
0KGY.L,ejected_below_floor,4163.32224,2026-08-21|SEK,1000000.0
012320.KS,ejected_below_floor,383805.406928475,2026-08-21|KRW,1000000.0
0H38.L,ejected_below_floor,6953.367057,2026-08-21|SEK,1000000.0
DUNI.ST,ejected_below_floor,438213.59218,2026-08-21|SEK,1000000.0
AENT,ejected_below_floor,93454.98,2026-08-21|USD,1000000.0
ROOT.TO,ejected_below_floor,37375.28430299999,2026-08-21|CAD,1000000.0
VO2.ST,ejected_below_floor,2056.267199,2026-08-21|SEK,1000000.0
000215.KS,ejected_below_floor,63634.324314512,2026-08-21|KRW,1000000.0
NGS.ST,ejected_below_floor,2614.042739,2026-08-21|SEK,1000000.0
TVRB.PA,ejected_below_floor,2337.59232,2026-08-21|EUR,1000000.0
CLIQ.DE,ejected_below_floor,25751.118753600003,2026-08-21|EUR,1000000.0
LITI.ST,ejected_below_floor,21627.976545,2026-08-21|SEK,1000000.0
NP3.ST,ejected_below_floor,844412.2785,2026-08-21|SEK,1000000.0
VEFAB.ST,ejected_below_floor,201442.68826919998,2026-08-21|SEK,1000000.0
HNK1.DE,ejected_below_floor,49194.25932800001,2026-08-21|EUR,1000000.0
B7E.DE,ejected_below_floor,21453.43904,2026-08-21|EUR,1000000.0
ALNN6.PA,ejected_below_floor,24192.515160000003,2026-08-21|EUR,1000000.0
PEO.DE,ejected_below_floor,1264.6768688000002,2026-08-21|EUR,1000000.0
JDC.DE,ejected_below_floor,171910.4352,2026-08-21|EUR,1000000.0
A6T.DE,ejected_below_floor,2888.3179392,2026-08-21|EUR,1000000.0
271980.KS,ejected_below_floor,307975.73222262843,2026-08-21|KRW,1000000.0
SCT.LS,ejected_below_floor,1669.7088,2026-08-21|EUR,1000000.0
PRFO.ST,ejected_below_floor,22833.79406,2026-08-21|SEK,1000000.0
0R43.L,ejected_below_floor,120709.3104,2026-08-21|SEK,1000000.0
DBAN.DE,ejected_below_floor,258481.93768000006,2026-08-21|EUR,1000000.0
KOF.PA,ejected_below_floor,920842.6639200001,2026-08-21|EUR,1000000.0
QAIR.ST,ejected_below_floor,14016.433725,2026-08-21|SEK,1000000.0
HMU.DE,ejected_below_floor,21814.165712,2026-08-21|EUR,1000000.0
ALPCOT-B.ST,ejected_below_floor,2342.089876,2026-08-21|SEK,1000000.0
AVEN.ST,ejected_below_floor,32136.0816,2026-08-21|SEK,1000000.0
MDO.DE,ejected_below_floor,744514.8053760001,2026-08-21|EUR,1000000.0
ALEMV.PA,ejected_below_floor,1894.8296080000002,2026-08-21|EUR,1000000.0
INS.DE,ejected_below_floor,63364.17348800001,2026-08-21|EUR,1000000.0
ALPRG.PA,ejected_below_floor,70037.24355456,2026-08-21|EUR,1000000.0
DC-A.TO,ejected_below_floor,601968.7049507999,2026-08-21|CAD,1000000.0
HEBA-B.ST,ejected_below_floor,283713.83530000004,2026-08-21|SEK,1000000.0
RAIL.ST,ejected_below_floor,64295.26565,2026-08-21|SEK,1000000.0
KVIKA.IC,ejected_below_floor,436324.4299189,2026-08-21|ISK,1000000.0
KID.OL,ejected_below_floor,448205.66697599995,2026-08-21|NOK,1000000.0
UEIC,ejected_below_floor,261851.49999999997,2026-08-21|USD,1000000.0
CAT31.PA,ejected_below_floor,151665.21600000001,2026-08-21|EUR,1000000.0
TRIAN-B.ST,ejected_below_floor,114000.39021000003,2026-08-21|SEK,1000000.0
0MUF.L,ejected_below_floor,17214.349872,2026-08-21|EUR,1000000.0
HELG.OL,ejected_below_floor,41699.87952,2026-08-21|NOK,1000000.0
HLE.DE,ejected_below_floor,481341.68168000004,2026-08-21|EUR,1000000.0
FG.ST,ejected_below_floor,149817.487904,2026-08-21|SEK,1000000.0
ALHOP.PA,ejected_below_floor,16908.584448,2026-08-21|EUR,1000000.0
CRBP2.PA,ejected_below_floor,382004.1190944001,2026-08-21|EUR,1000000.0
ALSAS.PA,ejected_below_floor,3227.8949664000006,2026-08-21|EUR,1000000.0
FEC.TO,ejected_below_floor,570501.72126,2026-08-21|CAD,1000000.0
CTEK.ST,ejected_below_floor,87811.029432,2026-08-21|SEK,1000000.0
HTFC,ejected_below_floor,71114.56,2026-08-21|USD,1000000.0
KMR.L,ejected_below_floor,287016.77235,2026-08-21|GBp,1000000.0
0L98.L,ejected_below_floor,28940.52,2026-08-21|USD,1000000.0
WIB.DE,ejected_below_floor,69378.7660608,2026-08-21|EUR,1000000.0
HAMP.IC,ejected_below_floor,125822.899516,2026-08-21|ISK,1000000.0
ALRGR.PA,ejected_below_floor,1572.3091200000001,2026-08-21|EUR,1000000.0
0IJN.L,ejected_below_floor,207669.88,2026-08-21|USD,1000000.0
010040.KS,ejected_below_floor,58884.9907303077,2026-08-21|KRW,1000000.0
0RKL.L,ejected_below_floor,286428.3471,2026-08-21|SEK,1000000.0
KOA.OL,ejected_below_floor,374011.87637528003,2026-08-21|NOK,1000000.0
SIEB,ejected_below_floor,151539.49999999997,2026-08-21|USD,1000000.0
000540.KS,ejected_below_floor,251973.168549942,2026-08-21|KRW,1000000.0
000545.KS,ejected_below_floor,6346.3824249021,2026-08-21|KRW,1000000.0
0W1Q.L,ejected_below_floor,475.0553440000001,2026-08-21|EUR,1000000.0
93M1.DE,ejected_below_floor,90897.09184000001,2026-08-21|EUR,1000000.0
ACAN.PA,ejected_below_floor,1979.44210144,2026-08-21|EUR,1000000.0
000070.KS,ejected_below_floor,459733.725499636,2026-08-21|KRW,1000000.0
036630.KQ,ejected_below_floor,465534.3984667404,2026-08-21|KRW,1000000.0
CRRX.TO,ejected_below_floor,56615.2056522,2026-08-21|CAD,1000000.0
MPC.TO,ejected_below_floor,2961.8235548999996,2026-08-21|CAD,1000000.0
STE-A.ST,ejected_below_floor,27963.195050000002,2026-08-21|SEK,1000000.0
0N5I.L,ejected_below_floor,98725.707072,2026-08-21|EUR,1000000.0
HVO.L,ejected_below_floor,117180.15079883,2026-08-21|GBp,1000000.0
272550.KS,ejected_below_floor,226388.909043115,2026-08-21|KRW,1000000.0
NCB.DE,ejected_below_floor,114841.66683840001,2026-08-21|EUR,1000000.0
SKMO.ST,ejected_below_floor,1348.8076,2026-08-21|SEK,1000000.0
0IPT.L,ejected_below_floor,5435.6337,2026-08-21|NOK,1000000.0
0P49.L,ejected_below_floor,12003.594960000002,2026-08-21|SEK,1000000.0
BULTEN.ST,ejected_below_floor,278866.0756,2026-08-21|SEK,1000000.0
FRACTL.ST,ejected_below_floor,30485.504896000006,2026-08-21|SEK,1000000.0
CALVIK.ST,ejected_below_floor,35782.91024,2026-08-21|SEK,1000000.0
FAG.ST,ejected_below_floor,409740.0280260001,2026-08-21|SEK,1000000.0
090080.KS,ejected_below_floor,193643.40935285375,2026-08-21|KRW,1000000.0
0JQR.L,ejected_below_floor,306583.56,2026-08-21|USD,1000000.0
0RCW.L,ejected_below_floor,33919.04024,2026-08-21|NOK,1000000.0
PAE.DE,ejected_below_floor,1952.167872,2026-08-21|EUR,1000000.0
0OA4.L,ejected_below_floor,774705.9233280001,2026-08-21|EUR,1000000.0
CRAP.PA,ejected_below_floor,42741.57690880001,2026-08-21|EUR,1000000.0
IMMOU.BR,ejected_below_floor,5060.8409919999995,2026-08-21|EUR,1000000.0
NGL0.DE,ejected_below_floor,533981.164808,2026-08-21|EUR,1000000.0
FDE.PA,ejected_below_floor,738659.3453280001,2026-08-21|EUR,1000000.0
0QZP.L,ejected_below_floor,64217.217279599994,2026-08-21|CAD,1000000.0
PRIC-B.ST,ejected_below_floor,89103.5943,2026-08-21|SEK,1000000.0
SAGA.OL,ejected_below_floor,31280.5430208,2026-08-21|NOK,1000000.0
YU.L,ejected_below_floor,392498.457792,2026-08-21|GBp,1000000.0
ONTEX.BR,ejected_below_floor,692255.7955456,2026-08-21|EUR,1000000.0
VRV.DE,ejected_below_floor,197248.4053824,2026-08-21|EUR,1000000.0
E3X1.DE,ejected_below_floor,21555.4768,2026-08-21|EUR,1000000.0
RTC.DE,ejected_below_floor,830.8656512000001,2026-08-21|EUR,1000000.0
PLAZ-B.ST,ejected_below_floor,956309.0733,2026-08-21|SEK,1000000.0
SAGA-A.ST,ejected_below_floor,28843.38275,2026-08-21|SEK,1000000.0
0K2K.L,ejected_below_floor,18955.97,2026-08-21|USD,1000000.0
SOLNA.ST,ejected_below_floor,60377.8098,2026-08-21|SEK,1000000.0
ESOZ.L,ejected_below_floor,1697.785614,2026-08-21|GBp,1000000.0
LUC.TO,ejected_below_floor,72345.394539,2026-08-21|CAD,1000000.0
000390.KS,ejected_below_floor,615156.5816324579,2026-08-21|KRW,1000000.0
ASY.PA,ejected_below_floor,155557.49273600004,2026-08-21|EUR,1000000.0
100220.KS,ejected_below_floor,244639.55360145,2026-08-21|KRW,1000000.0
ALHYP.PA,ejected_below_floor,16070.761676800003,2026-08-21|EUR,1000000.0
HAYPP.ST,ejected_below_floor,543332.13858,2026-08-21|SEK,1000000.0
0OA7.L,ejected_below_floor,81908.95660800001,2026-08-21|EUR,1000000.0
035200.KQ,ejected_below_floor,91893.05323821,2026-08-21|KRW,1000000.0
0RDI.L,ejected_below_floor,151058.5244,2026-08-21|SEK,1000000.0
ADS.OL,ejected_below_floor,2786.41205,2026-08-21|NOK,1000000.0
IDUN-B.ST,ejected_below_floor,424102.88690000004,2026-08-21|SEK,1000000.0
ALVDM.PA,ejected_below_floor,759896.6498400001,2026-08-21|EUR,1000000.0
SGL.DE,ejected_below_floor,933894.7428240001,2026-08-21|EUR,1000000.0
0IC9.L,ejected_below_floor,620301.78,2026-08-21|USD,1000000.0
0JQQ.L,ejected_below_floor,668364.2000000001,2026-08-21|USD,1000000.0
ALPJT.PA,ejected_below_floor,51162.7532416,2026-08-21|EUR,1000000.0
GDEV,ejected_below_floor,66778.125,2026-08-21|USD,1000000.0
000725.KS,ejected_below_floor,197358.741976025,2026-08-21|KRW,1000000.0
ADN1.DE,ejected_below_floor,930824.39184,2026-08-21|EUR,1000000.0
PSM.DE,ejected_below_floor,819631.85966976,2026-08-21|EUR,1000000.0
045510.KQ,ejected_below_floor,126452.34733725902,2026-08-21|KRW,1000000.0
LINV.L,ejected_below_floor,105253.0524794,2026-08-21|GBp,1000000.0
ALMLB.PA,ejected_below_floor,4829.168896000001,2026-08-21|EUR,1000000.0
EWRK.ST,ejected_below_floor,49402.07048,2026-08-21|SEK,1000000.0
KOSS,ejected_below_floor,71685.59999999999,2026-08-21|USD,1000000.0
SGA,ejected_below_floor,155220.6,2026-08-21|USD,1000000.0
TAP-A,ejected_below_floor,4884.0,2026-08-21|USD,1000000.0
372170.KQ,ejected_below_floor,353491.0269588775,2026-08-21|KRW,1000000.0
MMB.PA,ejected_below_floor,449257.2299008001,2026-08-21|EUR,1000000.0
0HW0.L,ejected_below_floor,19104.40628,2026-08-21|NOK,1000000.0
CTT.ST,ejected_below_floor,166808.17902,2026-08-21|SEK,1000000.0
ETL.L,ejected_below_floor,479318.4352320001,2026-08-21|EUR,1000000.0
HUSQ-A.ST,ejected_below_floor,71882.79861,2026-08-21|SEK,1000000.0
GIMB.BR,ejected_below_floor,898646.8422000001,2026-08-21|EUR,1000000.0
ALGEN.PA,ejected_below_floor,22847.877792,2026-08-21|EUR,1000000.0
EAS2P.AS,ejected_below_floor,6507.685409920001,2026-08-21|EUR,1000000.0
SPEL.PA,ejected_below_floor,285.763704,2026-08-21|EUR,1000000.0
BOR.OL,ejected_below_floor,10740.534595,2026-08-21|NOK,1000000.0
200130.KQ,ejected_below_floor,711459.2793026082,2026-08-21|KRW,1000000.0
LIVE,ejected_below_floor,102724.81199999999,2026-08-21|USD,1000000.0
0Z62.L,ejected_below_floor,894875.3957,2026-08-21|USD,1000000.0
MDP.TO,ejected_below_floor,172352.01444479998,2026-08-21|CAD,1000000.0
UNB,ejected_below_floor,344472.41,2026-08-21|USD,1000000.0
ALBOA.PA,ejected_below_floor,8084.1734400000005,2026-08-21|EUR,1000000.0
QRF.BR,ejected_below_floor,44279.865712,2026-08-21|EUR,1000000.0
TF.TO,ejected_below_floor,845111.7618102,2026-08-21|CAD,1000000.0
FRS.DE,ejected_below_floor,3687.3431712,2026-08-21|EUR,1000000.0
058650.KS,ejected_below_floor,384768.61212545,2026-08-21|KRW,1000000.0
0CX9.L,ejected_below_floor,1004.0515584000001,2026-08-21|EUR,1000000.0
GEO.TO,ejected_below_floor,27518.491400399995,2026-08-21|CAD,1000000.0
0ZQ7.L,ejected_below_floor,101264.82396800003,2026-08-21|EUR,1000000.0
LSX.DE,ejected_below_floor,5285.764681600001,2026-08-21|EUR,1000000.0
MRK.L,ejected_below_floor,19178.294362499997,2026-08-21|GBp,1000000.0
ALHRG.PA,ejected_below_floor,15437.849280000002,2026-08-21|EUR,1000000.0
SABE.PA,ejected_below_floor,2342.2304000000004,2026-08-21|EUR,1000000.0
CVVY.TO,ejected_below_floor,765509.7383802,2026-08-21|CAD,1000000.0
BBROOM.ST,ejected_below_floor,19209.890560000003,2026-08-21|SEK,1000000.0
SKUE.OL,ejected_below_floor,41046.40306,2026-08-21|NOK,1000000.0
ENTRA.OL,ejected_below_floor,645608.3333279999,2026-08-21|NOK,1000000.0
CMO.PA,ejected_below_floor,138354.39020800003,2026-08-21|EUR,1000000.0
TORO,ejected_below_floor,216641.04,2026-08-21|USD,1000000.0
TTK.DE,ejected_below_floor,38535.081848,2026-08-21|EUR,1000000.0
ALDLS.PA,ejected_below_floor,2791.5444,2026-08-21|EUR,1000000.0
NORB-B.ST,ejected_below_floor,23513.30856,2026-08-21|SEK,1000000.0
026890.KS,ejected_below_floor,562050.80751757,2026-08-21|KRW,1000000.0
CCC.ST,ejected_below_floor,19154.084845000005,2026-08-21|SEK,1000000.0
ARAMI.PA,ejected_below_floor,222921.89427200003,2026-08-21|EUR,1000000.0
0JZU.L,ejected_below_floor,344964.0,2026-08-21|USD,1000000.0
PMG.L,ejected_below_floor,34660.482223499996,2026-08-21|GBp,1000000.0
GZF.DE,ejected_below_floor,174587.9871888,2026-08-21|EUR,1000000.0
221840.KQ,ejected_below_floor,30232.2180200544,2026-08-21|KRW,1000000.0
096240.KQ,ejected_below_floor,195971.9595552642,2026-08-21|KRW,1000000.0
014990.KS,ejected_below_floor,441829.3905360909,2026-08-21|KRW,1000000.0
SSBI,ejected_below_floor,65328.799999999996,2026-08-21|USD,1000000.0
ALLDL.PA,ejected_below_floor,80525.881152,2026-08-21|EUR,1000000.0
MBWS.PA,ejected_below_floor,15312.621120000002,2026-08-21|EUR,1000000.0
VOLO.ST,ejected_below_floor,268039.2141,2026-08-21|SEK,1000000.0
AXS.AS,ejected_below_floor,112135.25439680001,2026-08-21|EUR,1000000.0
TRIBO-B.ST,ejected_below_floor,8741.2482444,2026-08-21|SEK,1000000.0
NWT.DE,ejected_below_floor,19328.270783999997,2026-08-21|EUR,1000000.0
002600.KS,ejected_below_floor,6729.180927343,2026-08-21|KRW,1000000.0
006060.KS,ejected_below_floor,160224.322970712,2026-08-21|KRW,1000000.0
ULC.DE,ejected_below_floor,3284.2244480000004,2026-08-21|EUR,1000000.0
HTG.DE,ejected_below_floor,99793.11480320002,2026-08-21|EUR,1000000.0
DXRX.L,ejected_below_floor,505787.87155959994,2026-08-21|GBp,1000000.0
008260.KS,ejected_below_floor,279926.76353541797,2026-08-21|KRW,1000000.0
RHK.DE,ejected_below_floor,93849.461664,2026-08-21|EUR,1000000.0
GDHG,ejected_below_floor,520087.1648,2026-08-21|USD,1000000.0
CRSU.PA,ejected_below_floor,72701.90400000001,2026-08-21|EUR,1000000.0
0OPA.L,ejected_below_floor,2722.3210560000007,2026-08-21|EUR,1000000.0
VIB3.DE,ejected_below_floor,73449.79440000001,2026-08-21|EUR,1000000.0
0N9V.L,ejected_below_floor,92880.334848,2026-08-21|EUR,1000000.0
MXHN.DE,ejected_below_floor,5089.597088,2026-08-21|EUR,1000000.0
FSZ.TO,ejected_below_floor,902422.9181475,2026-08-21|CAD,1000000.0
ORIO,ejected_below_floor,34751.3166,2026-08-21|USD,1000000.0
HAV-B.ST,ejected_below_floor,6559.75033,2026-08-21|SEK,1000000.0
011700.KS,ejected_below_floor,482524.2092430389,2026-08-21|KRW,1000000.0
0HUR.L,ejected_below_floor,60935.200000000004,2026-08-21|USD,1000000.0
CARA.ST,ejected_below_floor,271078.281425,2026-08-21|SEK,1000000.0
NCC-A.ST,ejected_below_floor,56135.0944,2026-08-21|SEK,1000000.0
ZIL2.DE,ejected_below_floor,154395.8856,2026-08-21|EUR,1000000.0
DWD.DE,ejected_below_floor,117962.723632,2026-08-21|EUR,1000000.0
005320.KS,ejected_below_floor,117170.799365875,2026-08-21|KRW,1000000.0
0HQ1.L,ejected_below_floor,2934.06,2026-08-21|USD,1000000.0
0RUM.L,ejected_below_floor,109627.10828000001,2026-08-21|EUR,1000000.0
AEIN.DE,ejected_below_floor,162852.26496,2026-08-21|EUR,1000000.0
VVL.OL,ejected_below_floor,13097.82472,2026-08-21|NOK,1000000.0
024070.KS,ejected_below_floor,60468.16504624,2026-08-21|KRW,1000000.0
GME.DE,ejected_below_floor,1177.2374656000002,2026-08-21|EUR,1000000.0
ANNE-B.ST,ejected_below_floor,115458.01400000001,2026-08-21|SEK,1000000.0
ALBON.PA,ejected_below_floor,30388.700160000004,2026-08-21|EUR,1000000.0
034120.KS,ejected_below_floor,149738.022701883,2026-08-21|KRW,1000000.0
0QAG.L,ejected_below_floor,179505.2912,2026-08-21|EUR,1000000.0
019170.KS,ejected_below_floor,539212.1890055712,2026-08-21|KRW,1000000.0
019175.KS,ejected_below_floor,26207.0982125337,2026-08-21|KRW,1000000.0
AEP.DE,ejected_below_floor,13106.402416000003,2026-08-21|EUR,1000000.0
DAM.DE,ejected_below_floor,10250.620608000001,2026-08-21|EUR,1000000.0
BNJ.AS,ejected_below_floor,157089.75203519998,2026-08-21|EUR,1000000.0
200880.KS,ejected_below_floor,703284.8317372514,2026-08-21|KRW,1000000.0
XTG.TO,ejected_below_floor,22715.0088048,2026-08-21|CAD,1000000.0
095570.KS,ejected_below_floor,561678.853722413,2026-08-21|KRW,1000000.0
ALLLN.PA,ejected_below_floor,2243.1610112000003,2026-08-21|EUR,1000000.0
AURE.PA,ejected_below_floor,3274.2989568000003,2026-08-21|EUR,1000000.0
NAE.PA,ejected_below_floor,613288.4484160001,2026-08-21|EUR,1000000.0
A7A.DE,ejected_below_floor,119402.267712,2026-08-21|EUR,1000000.0
SCE.DE,ejected_below_floor,17519.558726400002,2026-08-21|EUR,1000000.0
SKAGI.IC,ejected_below_floor,335757.247387,2026-08-21|ISK,1000000.0
0QVE.L,ejected_below_floor,670.8054500000001,2026-08-21|SEK,1000000.0
EXL.DE,ejected_below_floor,18016.157952,2026-08-21|EUR,1000000.0
PAR.PA,ejected_below_floor,5710.636,2026-08-21|EUR,1000000.0
KENDR.AS,ejected_below_floor,397405.51306560007,2026-08-21|EUR,1000000.0
PHO.OL,ejected_below_floor,390002.93988,2026-08-21|NOK,1000000.0
0RQH.L,ejected_below_floor,21563.556693,2026-08-21|SEK,1000000.0
SAFETY-B.ST,ejected_below_floor,27286.377748,2026-08-21|SEK,1000000.0
SEAF.ST,ejected_below_floor,23572.634400000003,2026-08-21|SEK,1000000.0
023800.KS,ejected_below_floor,267445.5360265857,2026-08-21|KRW,1000000.0
BBZA.DE,ejected_below_floor,575733.5668,2026-08-21|EUR,1000000.0
D6H0.DE,ejected_below_floor,95344.4308,2026-08-21|EUR,1000000.0
CRAV.PA,ejected_below_floor,98507.85645440001,2026-08-21|EUR,1000000.0
0RWM.L,ejected_below_floor,44756.405241600005,2026-08-21|EUR,1000000.0
WMT.DE,ejected_below_floor,473930.4704576,2026-08-21|EUR,1000000.0
AQNB,ejected_below_floor,650978.7999999999,2026-08-21|USD,1000000.0
0L9F.L,ejected_below_floor,37129.6,2026-08-21|USD,1000000.0
ALDMS.PA,ejected_below_floor,12020.048128,2026-08-21|EUR,1000000.0
035600.KQ,ejected_below_floor,569481.8718841,2026-08-21|KRW,1000000.0
ALMUN.PA,ejected_below_floor,2535.0411832,2026-08-21|EUR,1000000.0
MOTR.L,ejected_below_floor,237221.92690139997,2026-08-21|GBp,1000000.0
0W19.L,ejected_below_floor,59194.65552000001,2026-08-21|EUR,1000000.0
000760.KS,ejected_below_floor,13857.04504926,2026-08-21|KRW,1000000.0
001500.KS,ejected_below_floor,920344.350097312,2026-08-21|KRW,1000000.0
MVV1.DE,ejected_below_floor,10751.069440000001,2026-08-21|EUR,1000000.0
ADE.DE,ejected_below_floor,370909.112832,2026-08-21|EUR,1000000.0
BIKE.DE,ejected_below_floor,23634.635302400002,2026-08-21|EUR,1000000.0
MTEX,ejected_below_floor,76307.68000000001,2026-08-21|USD,1000000.0
0JSZ.L,ejected_below_floor,3143.7000000000003,2026-08-21|USD,1000000.0
QIIWI.ST,ejected_below_floor,12427.098852000001,2026-08-21|SEK,1000000.0
0QS4.L,ejected_below_floor,4573.13094,2026-08-21|CHF,1000000.0
INEA.PA,ejected_below_floor,15345.319584000003,2026-08-21|EUR,1000000.0
MRL.LS,ejected_below_floor,8124.431974400001,2026-08-21|EUR,1000000.0
BHG.ST,ejected_below_floor,728300.4140580001,2026-08-21|SEK,1000000.0
0NLY.L,ejected_below_floor,878056.0280640002,2026-08-21|EUR,1000000.0
UN0.DE,ejected_below_floor,234882.34307200002,2026-08-21|EUR,1000000.0
TPX-B.TO,ejected_below_floor,27853.027739999998,2026-08-21|CAD,1000000.0
AXS.L,ejected_below_floor,65100.74094999999,2026-08-21|GBp,1000000.0
BOSC,ejected_below_floor,209928.90000000002,2026-08-21|USD,1000000.0
TRVC.DE,ejected_below_floor,150339.8382592,2026-08-21|EUR,1000000.0
FOI-B.ST,ejected_below_floor,82520.07400000001,2026-08-21|SEK,1000000.0
GAM.PA,ejected_below_floor,21782.742720000002,2026-08-21|EUR,1000000.0
ALU10.PA,ejected_below_floor,6720.867800000001,2026-08-21|EUR,1000000.0
ALWIT.PA,ejected_below_floor,30895.178496,2026-08-21|EUR,1000000.0
GVC.TO,ejected_below_floor,3287.4390216,2026-08-21|CAD,1000000.0
SNC.LS,ejected_below_floor,12359.8570592,2026-08-21|EUR,1000000.0
0G68.L,ejected_below_floor,11668.8063296,2026-08-21|EUR,1000000.0
100130.KQ,ejected_below_floor,310164.18104273226,2026-08-21|KRW,1000000.0
CHECK.ST,ejected_below_floor,5946.551856000001,2026-08-21|SEK,1000000.0
095720.KS,ejected_below_floor,61735.60834597975,2026-08-21|KRW,1000000.0
0R25.L,ejected_below_floor,15567.09,2026-08-21|USD,1000000.0
SOFT.BR,ejected_below_floor,212.4936352,2026-08-21|EUR,1000000.0
KONT.ST,ejected_below_floor,4904.109861,2026-08-21|SEK,1000000.0
PORF.AS,ejected_below_floor,1808.1554880000003,2026-08-21|EUR,1000000.0
A1OS.DE,ejected_below_floor,931949.1262400001,2026-08-21|EUR,1000000.0
RAW.DE,ejected_below_floor,235230.83680800002,2026-08-21|EUR,1000000.0
0KIT.L,ejected_below_floor,324735.88,2026-08-21|USD,1000000.0
0RL4.L,ejected_below_floor,2341.3264,2026-08-21|SEK,1000000.0
MTEC.L,ejected_below_floor,338032.92449114996,2026-08-21|GBp,1000000.0
0UGP.L,ejected_below_floor,717.2901054,2026-08-21|CAD,1000000.0
SFC.TO,ejected_below_floor,503771.89000679995,2026-08-21|CAD,1000000.0
CCN.PA,ejected_below_floor,87740.8784,2026-08-21|EUR,1000000.0
TKO.L,ejected_below_floor,84969.85678999999,2026-08-21|GBp,1000000.0
TSND.TO,ejected_below_floor,118996.7063319,2026-08-21|CAD,1000000.0
0ELV.L,ejected_below_floor,15098.1794912,2026-08-21|EUR,1000000.0
217820.KQ,ejected_below_floor,339758.488471752,2026-08-21|KRW,1000000.0
CRTO.PA,ejected_below_floor,83065.114,2026-08-21|EUR,1000000.0
0L8A.L,ejected_below_floor,308896.4,2026-08-21|USD,1000000.0
KINV-A.ST,ejected_below_floor,64091.254850000005,2026-08-21|SEK,1000000.0
021050.KS,ejected_below_floor,277225.7417012569,2026-08-21|KRW,1000000.0
ALGLD.PA,ejected_below_floor,59566.397632000015,2026-08-21|EUR,1000000.0
0SOM.L,ejected_below_floor,36871.136284500004,2026-08-21|SEK,1000000.0
CAF.PA,ejected_below_floor,157486.8412544,2026-08-21|EUR,1000000.0
CKI.TO,ejected_below_floor,113607.8212005,2026-08-21|CAD,1000000.0
SBS.DE,ejected_below_floor,322983.02052799996,2026-08-21|EUR,1000000.0
ABEO.PA,ejected_below_floor,45395.2311904,2026-08-21|EUR,1000000.0
CAV.L,ejected_below_floor,83807.89201785,2026-08-21|GBp,1000000.0
0DSJ.L,ejected_below_floor,2964.0500383999997,2026-08-21|NOK,1000000.0
EBK.DE,ejected_below_floor,19225.769216,2026-08-21|EUR,1000000.0
SAXG.ST,ejected_below_floor,2549.91597,2026-08-21|SEK,1000000.0
0QKU.L,ejected_below_floor,106548.53,2026-08-21|USD,1000000.0
0ROZ.L,ejected_below_floor,184915.7918485504,2026-08-21|EUR,1000000.0
CAMBI.OL,ejected_below_floor,88836.871824,2026-08-21|NOK,1000000.0
0RI3.L,ejected_below_floor,2561.537692,2026-08-21|NOK,1000000.0
ICE.TO,ejected_below_floor,2166.9355575,2026-08-21|CAD,1000000.0
T3T1.DE,ejected_below_floor,642.4204608000001,2026-08-21|EUR,1000000.0
014915.KS,ejected_below_floor,50308.55703232905,2026-08-21|KRW,1000000.0
ITERA.OL,ejected_below_floor,11470.0349008,2026-08-21|NOK,1000000.0
0LWG.L,ejected_below_floor,268326.8,2026-08-21|USD,1000000.0
BRAG,ejected_below_floor,44229.41,2026-08-21|USD,1000000.0
SGE.DE,ejected_below_floor,368778.5644032,2026-08-21|EUR,1000000.0
AOMD.DE,ejected_below_floor,124749.51014400003,2026-08-21|EUR,1000000.0
CRLA.PA,ejected_below_floor,74903.83248000001,2026-08-21|EUR,1000000.0
000680.KS,ejected_below_floor,434794.3728402687,2026-08-21|KRW,1000000.0
0HXW.L,ejected_below_floor,5751.121,2026-08-21|USD,1000000.0
0J2E.L,ejected_below_floor,303415.83999999997,2026-08-21|USD,1000000.0
C9F.DE,ejected_below_floor,47388.84030720001,2026-08-21|EUR,1000000.0
CMC.DE,ejected_below_floor,309519.138096,2026-08-21|EUR,1000000.0
SOT.DE,ejected_below_floor,5572.966190400001,2026-08-21|EUR,1000000.0
PARRO.PA,ejected_below_floor,632030.233984,2026-08-21|EUR,1000000.0
WEW.DE,ejected_below_floor,340203.168,2026-08-21|EUR,1000000.0
0IHP.L,ejected_below_floor,38321.92,2026-08-21|USD,1000000.0
AIM.TO,ejected_below_floor,111182.21278155,2026-08-21|CAD,1000000.0
0HEC.L,ejected_below_floor,151728.52000000002,2026-08-21|USD,1000000.0
HNL.DE,ejected_below_floor,16968.4388704,2026-08-21|EUR,1000000.0
SDOS.ST,ejected_below_floor,11152.511132000001,2026-08-21|SEK,1000000.0
0IQC.L,ejected_below_floor,38109.6,2026-08-21|USD,1000000.0
FPAR-A.ST,ejected_below_floor,732339.321,2026-08-21|SEK,1000000.0
FPAR-D.ST,ejected_below_floor,181649.7144,2026-08-21|SEK,1000000.0
TROAX.ST,ejected_below_floor,862376.8062,2026-08-21|SEK,1000000.0
030610.KS,ejected_below_floor,558559.8605551287,2026-08-21|KRW,1000000.0
0RAR.L,ejected_below_floor,68116.350256,2026-08-21|EUR,1000000.0
0E9V.L,ejected_below_floor,86508.424592,2026-08-21|EUR,1000000.0
0GMG.L,ejected_below_floor,89621.3264625,2026-08-21|SEK,1000000.0
0RKK.L,ejected_below_floor,1436.0493350000002,2026-08-21|SEK,1000000.0
ALEMS.BR,ejected_below_floor,441.54521600000004,2026-08-21|EUR,1000000.0
0FH7.L,ejected_below_floor,35265.64128,2026-08-21|EUR,1000000.0
NRC.OL,ejected_below_floor,296434.028184,2026-08-21|NOK,1000000.0
SHLE.TO,ejected_below_floor,204013.51931970002,2026-08-21|CAD,1000000.0
MYPS,ejected_below_floor,450114.916,2026-08-21|USD,1000000.0
MELG.OL,ejected_below_floor,9292.39882,2026-08-21|NOK,1000000.0
027740.KS,ejected_below_floor,420679.11305278237,2026-08-21|KRW,1000000.0
GBT.PA,ejected_below_floor,121565.12036800002,2026-08-21|EUR,1000000.0
ITB.DE,ejected_below_floor,747008.1908032001,2026-08-21|EUR,1000000.0
ASRV,ejected_below_floor,90495.54,2026-08-21|USD,1000000.0
ALHUN.PA,ejected_below_floor,1688.1451680000002,2026-08-21|EUR,1000000.0
4C.ST,ejected_below_floor,77859.612068,2026-08-21|SEK,1000000.0
BRAG.TO,ejected_below_floor,13890.311135999998,2026-08-21|CAD,1000000.0
BLCO.TO,ejected_below_floor,34086.763526400006,2026-08-21|CAD,1000000.0
038290.KQ,ejected_below_floor,385892.048054625,2026-08-21|KRW,1000000.0
DPT.PA,ejected_below_floor,3630.0039795840003,2026-08-21|EUR,1000000.0
MCP.DE,ejected_below_floor,11352.674796800002,2026-08-21|EUR,1000000.0
0OPY.L,ejected_below_floor,2958.051472,2026-08-21|EUR,1000000.0
WPAY.ST,ejected_below_floor,4341.0483970000005,2026-08-21|SEK,1000000.0
1SI.DE,ejected_below_floor,69126.3965328,2026-08-21|EUR,1000000.0
EKT.DE,ejected_below_floor,830594.3235200001,2026-08-21|EUR,1000000.0
ALX.AS,ejected_below_floor,1853.9797184,2026-08-21|EUR,1000000.0
MSAG.DE,ejected_below_floor,5147.677444800001,2026-08-21|EUR,1000000.0
122990.KQ,ejected_below_floor,445392.4558944525,2026-08-21|KRW,1000000.0
KTF.DE,ejected_below_floor,47184.7184064,2026-08-21|EUR,1000000.0
STRO.OL,ejected_below_floor,23715.9844064,2026-08-21|NOK,1000000.0
SIS.DE,ejected_below_floor,24419.491200000004,2026-08-21|EUR,1000000.0
DRIL.ST,ejected_below_floor,8563.017484,2026-08-21|SEK,1000000.0
099190.KQ,ejected_below_floor,871189.0574016001,2026-08-21|KRW,1000000.0
CRWN.TO,ejected_below_floor,2529.7489728,2026-08-21|CAD,1000000.0
0ND2.L,ejected_below_floor,76465.6711344,2026-08-21|EUR,1000000.0
GMX.TO,ejected_below_floor,40464.5169618,2026-08-21|CAD,1000000.0
DLAB.ST,ejected_below_floor,4420.300752,2026-08-21|SEK,1000000.0
GFP.TO,ejected_below_floor,5719.923796499999,2026-08-21|CAD,1000000.0
DAR.DE,ejected_below_floor,9846.991696000003,2026-08-21|EUR,1000000.0
ALNLF.PA,ejected_below_floor,19909.413859456003,2026-08-21|EUR,1000000.0
SRT.DE,ejected_below_floor,892246.4657279999,2026-08-21|EUR,1000000.0
VS,ejected_below_floor,56028.6969,2026-08-21|USD,1000000.0
CFYN.L,ejected_below_floor,1895.2308899999998,2026-08-21|GBp,1000000.0
5EA.DE,ejected_below_floor,3973.7562064,2026-08-21|EUR,1000000.0
WSL.L,ejected_below_floor,116.7811617,2026-08-21|GBp,1000000.0
BON.PA,ejected_below_floor,137049.11854400003,2026-08-21|EUR,1000000.0
BEZ.DE,ejected_below_floor,10087.2210496,2026-08-21|EUR,1000000.0
0AAJ.L,ejected_below_floor,602093.0070629532,2026-08-21|CHF,1000000.0
SCANA.OL,ejected_below_floor,43246.8384704,2026-08-21|NOK,1000000.0
005257.KS,ejected_below_floor,12281.68562313,2026-08-21|KRW,1000000.0
B3.ST,ejected_below_floor,32055.32211,2026-08-21|SEK,1000000.0
MEAB-B.ST,ejected_below_floor,11413.9662,2026-08-21|SEK,1000000.0
PZS.DE,ejected_below_floor,32503.108070400005,2026-08-21|EUR,1000000.0
0CHZ.L,ejected_below_floor,3685.6038912000004,2026-08-21|EUR,1000000.0
ALIMO.PA,ejected_below_floor,99.486816,2026-08-21|EUR,1000000.0
SNOR.OL,ejected_below_floor,32002.23312,2026-08-21|NOK,1000000.0
001070.KS,ejected_below_floor,70144.6082120245,2026-08-21|KRW,1000000.0
BYFC,ejected_below_floor,71126.52,2026-08-21|USD,1000000.0
BVB.DE,ejected_below_floor,407305.98762160004,2026-08-21|EUR,1000000.0
ALDUX.PA,ejected_below_floor,4770.0681616,2026-08-21|EUR,1000000.0
ALECP.PA,ejected_below_floor,8120.7470198400015,2026-08-21|EUR,1000000.0
7HP.DE,ejected_below_floor,161754.083568,2026-08-21|EUR,1000000.0
AAB.TO,ejected_below_floor,243.971811,2026-08-21|CAD,1000000.0
BEWI.OL,ejected_below_floor,225491.75767199998,2026-08-21|NOK,1000000.0
298540.KQ,ejected_below_floor,114020.6915753619,2026-08-21|KRW,1000000.0
DCM.TO,ejected_below_floor,212561.10741599998,2026-08-21|CAD,1000000.0
ITAB.ST,ejected_below_floor,648892.02,2026-08-21|SEK,1000000.0
0LXB.L,ejected_below_floor,271895.68,2026-08-21|USD,1000000.0
DOMH,ejected_below_floor,432436.38,2026-08-21|USD,1000000.0
IXI.L,ejected_below_floor,5520.0377085,2026-08-21|GBp,1000000.0
VLN.TO,ejected_below_floor,40888.0673145,2026-08-21|CAD,1000000.0
AIRG,ejected_below_floor,459075.39999999997,2026-08-21|USD,1000000.0
BST.DE,ejected_below_floor,18134.8928,2026-08-21|EUR,1000000.0
CFC.DE,ejected_below_floor,2043.2365728,2026-08-21|EUR,1000000.0
DFTK.DE,ejected_below_floor,1457.2267600000002,2026-08-21|EUR,1000000.0
ALYA.TO,ejected_below_floor,43482.8874564,2026-08-21|CAD,1000000.0
NEOBO.ST,ejected_below_floor,701163.87369,2026-08-21|SEK,1000000.0
ACQ.TO,ejected_below_floor,632214.3367647,2026-08-21|CAD,1000000.0
MAR.LS,ejected_below_floor,47885.4395328,2026-08-21|EUR,1000000.0
NBA.LS,ejected_below_floor,34855.171200000004,2026-08-21|EUR,1000000.0
O3P.DE,ejected_below_floor,23741.172000000002,2026-08-21|EUR,1000000.0
LCFS.TO,ejected_below_floor,418169.04706529994,2026-08-21|CAD,1000000.0
BAFN,ejected_below_floor,156251.25,2026-08-21|USD,1000000.0
AWC.DE,ejected_below_floor,15214.711251200002,2026-08-21|EUR,1000000.0
CVO.TO,ejected_below_floor,795093.9491285998,2026-08-21|CAD,1000000.0
MIND.L,ejected_below_floor,286.7357717,2026-08-21|GBp,1000000.0
UTG.ST,ejected_below_floor,25603.39712,2026-08-21|SEK,1000000.0
NRA.DE,ejected_below_floor,5179.112032,2026-08-21|EUR,1000000.0
0EOF.L,ejected_below_floor,159293.66087979998,2026-08-21|NOK,1000000.0
ARCOMA.ST,ejected_below_floor,5081.6524500000005,2026-08-21|SEK,1000000.0
SPOG.OL,ejected_below_floor,105913.7711928,2026-08-21|NOK,1000000.0
0L8F.L,ejected_below_floor,371363.02,2026-08-21|USD,1000000.0
BRIN-B.ST,ejected_below_floor,51688.92099,2026-08-21|SEK,1000000.0
IBU.DE,ejected_below_floor,34823.284400000004,2026-08-21|EUR,1000000.0
0L7F.L,ejected_below_floor,190314.63,2026-08-21|USD,1000000.0
WMB.DE,ejected_below_floor,6946.0929648,2026-08-21|EUR,1000000.0
009320.KS,ejected_below_floor,184619.1679027731,2026-08-21|KRW,1000000.0
0O27.L,ejected_below_floor,51677.48736000001,2026-08-21|EUR,1000000.0
QBY0.DE,ejected_below_floor,93800.761824,2026-08-21|EUR,1000000.0
FLOWS.ST,ejected_below_floor,3793.1824,2026-08-21|SEK,1000000.0
0NL1.L,ejected_below_floor,563148.7396704,2026-08-21|EUR,1000000.0
ADTR.ST,ejected_below_floor,31672.6767,2026-08-21|SEK,1000000.0
EAPI.PA,ejected_below_floor,171990.75399088,2026-08-21|EUR,1000000.0
027970.KS,ejected_below_floor,58157.9656325955,2026-08-21|KRW,1000000.0
MDM.PA,ejected_below_floor,20387.9793024,2026-08-21|EUR,1000000.0
WILD.TO,ejected_below_floor,137810.250342,2026-08-21|CAD,1000000.0
ESI.TO,ejected_below_floor,646592.5698876,2026-08-21|CAD,1000000.0
0IRK.L,ejected_below_floor,76135.93843200001,2026-08-21|EUR,1000000.0
PREC.ST,ejected_below_floor,75296.8840946,2026-08-21|SEK,1000000.0
0H14.L,ejected_below_floor,20282.9273955,2026-08-21|SEK,1000000.0
006200.KS,ejected_below_floor,99534.23326212443,2026-08-21|KRW,1000000.0
0RUU.L,kept_no_reading,,not-captured,1000000.0
0MKP.L,ejected_below_floor,98725.93897600002,2026-08-21|EUR,1000000.0
XD4.DE,ejected_below_floor,59106.416048,2026-08-21|EUR,1000000.0
NN6.DE,ejected_below_floor,41556.3155648,2026-08-21|EUR,1000000.0
INR.DE,ejected_below_floor,124920.1625,2026-08-21|EUR,1000000.0
OGI.TO,ejected_below_floor,261716.01855749998,2026-08-21|CAD,1000000.0
SYN.IC,ejected_below_floor,11018.525259,2026-08-21|ISK,1000000.0
0HM0.L,ejected_below_floor,777989.6839680001,2026-08-21|EUR,1000000.0
EMR.L,ejected_below_floor,4392.141726,2026-08-21|GBp,1000000.0
SOGN.OL,ejected_below_floor,10471.828976,2026-08-21|NOK,1000000.0
TRAC-B.ST,ejected_below_floor,44892.3888,2026-08-21|SEK,1000000.0
0HEW.L,ejected_below_floor,95600.97,2026-08-21|USD,1000000.0
FNM.ST,ejected_below_floor,138031.45440000002,2026-08-21|SEK,1000000.0
GRVO.PA,ejected_below_floor,6678.8352,2026-08-21|EUR,1000000.0
0KTI.L,ejected_below_floor,140008.9750731,2026-08-21|CAD,1000000.0
YRB.TO,ejected_below_floor,4414.497921,2026-08-21|CAD,1000000.0
TOBII.ST,ejected_below_floor,301677.8608998,2026-08-21|SEK,1000000.0
ASLI.L,ejected_below_floor,179933.544896868,2026-08-21|GBp,1000000.0
PBEE.L,ejected_below_floor,185190.6616049,2026-08-21|GBp,1000000.0
ALICA.PA,ejected_below_floor,90932.8282464,2026-08-21|EUR,1000000.0
SWN.DE,ejected_below_floor,5270.505398400001,2026-08-21|EUR,1000000.0
CAR.DE,ejected_below_floor,131589.7157424,2026-08-21|EUR,1000000.0
PARB.OL,ejected_below_floor,478239.73232,2026-08-21|NOK,1000000.0
MNTC.ST,ejected_below_floor,12891.64688,2026-08-21|SEK,1000000.0
BOKUS.ST,ejected_below_floor,29966.433,2026-08-21|SEK,1000000.0
BICO.ST,ejected_below_floor,703552.2894540001,2026-08-21|SEK,1000000.0
0K05.L,ejected_below_floor,5359.5,2026-08-21|USD,1000000.0
DRM.TO,ejected_below_floor,447763.9455530999,2026-08-21|CAD,1000000.0
DMRE.DE,ejected_below_floor,2636.574552,2026-08-21|EUR,1000000.0
GRNQ,ejected_below_floor,68673.18,2026-08-21|USD,1000000.0
0GJS.L,ejected_below_floor,11197.902067199999,2026-08-21|EUR,1000000.0
SLIGR.AS,ejected_below_floor,872938.7416384001,2026-08-21|EUR,1000000.0
TITA-B.ST,ejected_below_floor,9656.135720000002,2026-08-21|SEK,1000000.0
003830.KS,ejected_below_floor,23146.0575878,2026-08-21|KRW,1000000.0
0NIQ.L,ejected_below_floor,374677.08902400004,2026-08-21|EUR,1000000.0
AB9.DE,ejected_below_floor,19305.225324000003,2026-08-21|EUR,1000000.0
SHI.L,ejected_below_floor,122018.00627632001,2026-08-21|GBp,1000000.0
0N08.L,ejected_below_floor,65936.99258458559,2026-08-21|NOK,1000000.0
DURC-B.ST,ejected_below_floor,10223.444280000002,2026-08-21|SEK,1000000.0
VER.ST,ejected_below_floor,415690.127125,2026-08-21|SEK,1000000.0
225570.KQ,ejected_below_floor,970838.2394626832,2026-08-21|KRW,1000000.0
ALTA.PA,ejected_below_floor,985556.518688,2026-08-21|EUR,1000000.0
ALMER.PA,ejected_below_floor,476.6554816000001,2026-08-21|EUR,1000000.0
ORV.TO,ejected_below_floor,317943.6097581,2026-08-21|CAD,1000000.0
PAX.ST,ejected_below_floor,143791.109,2026-08-21|SEK,1000000.0
ALPAU.PA,ejected_below_floor,4469.8800288,2026-08-21|EUR,1000000.0
000480.KS,ejected_below_floor,152719.188306615,2026-08-21|KRW,1000000.0
FLAT-B.ST,ejected_below_floor,475347.307365,2026-08-21|SEK,1000000.0
G2M.ST,ejected_below_floor,64347.776527999995,2026-08-21|SEK,1000000.0
BOUL.ST,ejected_below_floor,10938.0453,2026-08-21|SEK,1000000.0
ILLM.TO,ejected_below_floor,40925.604213,2026-08-21|CAD,1000000.0
DEVP-B.ST,ejected_below_floor,13802.827325,2026-08-21|SEK,1000000.0
RY4C.DE,ejected_below_floor,487806.58544000005,2026-08-21|EUR,1000000.0
BANI.BR,ejected_below_floor,4789.768406400001,2026-08-21|EUR,1000000.0
078130.KQ,ejected_below_floor,520930.940377386,2026-08-21|KRW,1000000.0
ALCUR.PA,ejected_below_floor,23173.4362224,2026-08-21|EUR,1000000.0
024900.KS,ejected_below_floor,179879.69870510025,2026-08-21|KRW,1000000.0
BCY.DE,ejected_below_floor,797135.97736416,2026-08-21|EUR,1000000.0
BONAS.ST,ejected_below_floor,2562.4424,2026-08-21|SEK,1000000.0
SB1.DE,ejected_below_floor,57426.851328000004,2026-08-21|EUR,1000000.0
SEDANA.ST,ejected_below_floor,138723.65178000001,2026-08-21|SEK,1000000.0
LABS.TO,ejected_below_floor,9532.208708999999,2026-08-21|CAD,1000000.0
BONAV-A.ST,ejected_below_floor,1819.278825,2026-08-21|SEK,1000000.0
BONAV-B.ST,ejected_below_floor,321315.70833600004,2026-08-21|SEK,1000000.0
CSCI.TO,ejected_below_floor,3837.8503889999997,2026-08-21|CAD,1000000.0
DSNO.ST,ejected_below_floor,5079.614115099999,2026-08-21|SEK,1000000.0
0R2C.L,ejected_below_floor,305153.4362454,2026-08-21|CAD,1000000.0
DTG,ejected_below_floor,605410.45,2026-08-21|USD,1000000.0
GPG.ST,ejected_below_floor,25972.160200000002,2026-08-21|SEK,1000000.0
RSL2.DE,ejected_below_floor,13571.02208,2026-08-21|EUR,1000000.0
033290.KQ,ejected_below_floor,96446.6351218501,2026-08-21|KRW,1000000.0
ALESE.PA,ejected_below_floor,218709.03344640002,2026-08-21|EUR,1000000.0
AJA-B.ST,ejected_below_floor,76890.7944,2026-08-21|SEK,1000000.0
SF3.DE,ejected_below_floor,6177.574704000001,2026-08-21|EUR,1000000.0
BPOST.BR,ejected_below_floor,329305.46102272003,2026-08-21|EUR,1000000.0
CAD.L,ejected_below_floor,745.3457602499999,2026-08-21|GBp,1000000.0
NILS.ST,ejected_below_floor,2353.6963800000003,2026-08-21|SEK,1000000.0
CAT-A.ST,ejected_below_floor,1144.5882000000001,2026-08-21|SEK,1000000.0
CAT-B.ST,ejected_below_floor,232607.59460400004,2026-08-21|SEK,1000000.0
TELLUS.ST,ejected_below_floor,2241.436204,2026-08-21|SEK,1000000.0
4AB.DE,ejected_below_floor,138590.932288,2026-08-21|EUR,1000000.0
ALBPK.PA,ejected_below_floor,43096.575552,2026-08-21|EUR,1000000.0
TNE5.DE,ejected_below_floor,172388.49138176002,2026-08-21|EUR,1000000.0
NETI-B.ST,ejected_below_floor,266121.9647205,2026-08-21|SEK,1000000.0
AURG.OL,ejected_below_floor,15808.94282,2026-08-21|NOK,1000000.0
ENSI.L,ejected_below_floor,578705.6037,2026-08-21|GBp,1000000.0
JLT.ST,ejected_below_floor,2941.7376940000004,2026-08-21|SEK,1000000.0
K2A-B.ST,ejected_below_floor,34835.652425,2026-08-21|SEK,1000000.0
KA8.DE,ejected_below_floor,2768.0061440000004,2026-08-21|EUR,1000000.0
KAKEL.ST,ejected_below_floor,2871.04524,2026-08-21|SEK,1000000.0
YOC.DE,ejected_below_floor,7743.274560000001,2026-08-21|EUR,1000000.0
MKTW,ejected_below_floor,270762.61,2026-08-21|USD,1000000.0
RUA.L,ejected_below_floor,54892.30557719999,2026-08-21|GBp,1000000.0
H9W.DE,ejected_below_floor,1878.7934464,2026-08-21|EUR,1000000.0
CLAR,ejected_below_floor,836823.89,2026-08-21|USD,1000000.0
SVOL-A.ST,ejected_below_floor,350.44800000000004,2026-08-21|SEK,1000000.0
SVOL-B.ST,ejected_below_floor,830474.4609000001,2026-08-21|SEK,1000000.0
LACR.PA,ejected_below_floor,118404.61670400003,2026-08-21|EUR,1000000.0
0QKR.L,ejected_below_floor,55620.905742,2026-08-21|CHF,1000000.0
IDLDX.ST,ejected_below_floor,5976.001691099999,2026-08-21|SEK,1000000.0
0N7N.L,ejected_below_floor,209020.640896,2026-08-21|EUR,1000000.0
0LK3.L,ejected_below_floor,7866.75,2026-08-21|USD,1000000.0
XBRANE.ST,ejected_below_floor,26837.17225,2026-08-21|SEK,1000000.0
GRN.TO,ejected_below_floor,14272.340125949999,2026-08-21|CAD,1000000.0
KOMPL.OL,ejected_below_floor,68798.081022,2026-08-21|NOK,1000000.0
0KEJ.L,ejected_below_floor,124241.79999999999,2026-08-21|USD,1000000.0
ADV.DE,ejected_below_floor,167641.08256,2026-08-21|EUR,1000000.0
TECH.OL,ejected_below_floor,15232.239393999998,2026-08-21|NOK,1000000.0
V3V.DE,ejected_below_floor,5442.7289040000005,2026-08-21|EUR,1000000.0
AMUND.AS,ejected_below_floor,318.172288,2026-08-21|EUR,1000000.0
0RE6.L,ejected_below_floor,13463.6522600646,2026-08-21|CHF,1000000.0
ALUPG.PA,ejected_below_floor,1910.1468672,2026-08-21|EUR,1000000.0
AXJ.DE,ejected_below_floor,48.682447200000006,2026-08-21|EUR,1000000.0
MUB.DE,ejected_below_floor,11268.21536,2026-08-21|EUR,1000000.0
SVI.TO,ejected_below_floor,844819.9115228999,2026-08-21|CAD,1000000.0
4PG.DE,ejected_below_floor,5987.1583296,2026-08-21|EUR,1000000.0
403550.KS,ejected_below_floor,383939.709414919,2026-08-21|KRW,1000000.0
0HD2.L,ejected_below_floor,341084.7,2026-08-21|USD,1000000.0
STAR-A.ST,ejected_below_floor,742.9998240000001,2026-08-21|SEK,1000000.0
STAR-B.ST,ejected_below_floor,22856.230241600002,2026-08-21|SEK,1000000.0
BALT.OL,ejected_below_floor,1946.0243880000003,2026-08-21|NOK,1000000.0
MBQ.DE,ejected_below_floor,2949.8188800000003,2026-08-21|EUR,1000000.0
S188.DE,ejected_below_floor,9062.344512,2026-08-21|EUR,1000000.0
CDA.PA,ejected_below_floor,779897.5002000001,2026-08-21|EUR,1000000.0
PTRK.ST,ejected_below_floor,25344.005106,2026-08-21|SEK,1000000.0
0AAW.L,ejected_below_floor,29554.773376000005,2026-08-21|EUR,1000000.0
002320.KS,ejected_below_floor,300061.1789049,2026-08-21|KRW,1000000.0
ECO.TO,ejected_below_floor,37220.1029424,2026-08-21|CAD,1000000.0
ROGS.OL,ejected_below_floor,50393.986718399996,2026-08-21|NOK,1000000.0
DVYSR.ST,ejected_below_floor,184563.20974,2026-08-21|SEK,1000000.0
IS.ST,ejected_below_floor,6827.795072,2026-08-21|SEK,1000000.0
ED4.DE,ejected_below_floor,15150.520224,2026-08-21|EUR,1000000.0
TXP.L,ejected_below_floor,45407.863300799996,2026-08-21|GBp,1000000.0
RAKE.ST,ejected_below_floor,3702.8554710000003,2026-08-21|SEK,1000000.0
BMA.OL,ejected_below_floor,25955.45906,2026-08-21|NOK,1000000.0
001020.KS,ejected_below_floor,58779.9522021355,2026-08-21|KRW,1000000.0
AAD.DE,ejected_below_floor,326369.6305920001,2026-08-21|EUR,1000000.0
JM2.DE,ejected_below_floor,370.0492128,2026-08-21|EUR,1000000.0
CBDG.PA,ejected_below_floor,34906.19008,2026-08-21|EUR,1000000.0
JBOG.PA,ejected_below_floor,5664.023296,2026-08-21|EUR,1000000.0
DUL.DE,ejected_below_floor,17328.214736,2026-08-21|EUR,1000000.0
NCH2.DE,ejected_below_floor,694193.89844,2026-08-21|EUR,1000000.0
TXP.TO,ejected_below_floor,17294.4643104,2026-08-21|CAD,1000000.0
ELABS.OL,ejected_below_floor,75853.0207083,2026-08-21|NOK,1000000.0
CYR.DE,ejected_below_floor,7847.979216000001,2026-08-21|EUR,1000000.0
CPIX,ejected_below_floor,785012.4,2026-08-21|USD,1000000.0
DRT.TO,ejected_below_floor,20064.103271999997,2026-08-21|CAD,1000000.0
ALINN.PA,ejected_below_floor,15308.852680000002,2026-08-21|EUR,1000000.0
OBEL.BR,ejected_below_floor,31893.525216000002,2026-08-21|EUR,1000000.0
0R53.L,ejected_below_floor,527.758,2026-08-21|SEK,1000000.0
BONG.ST,ejected_below_floor,64084.2529824,2026-08-21|SEK,1000000.0
SBB-D.ST,ejected_below_floor,262571.99584,2026-08-21|SEK,1000000.0
QEC.TO,ejected_below_floor,4823.2859238,2026-08-21|CAD,1000000.0
ADCO.TO,ejected_below_floor,534.87375975,2026-08-21|CAD,1000000.0
MAS.OL,ejected_below_floor,158859.60224399998,2026-08-21|NOK,1000000.0
CABKA.AS,ejected_below_floor,8107.363840000001,2026-08-21|EUR,1000000.0
CECV.DE,ejected_below_floor,257000.65088000003,2026-08-21|EUR,1000000.0
PEN.L,ejected_below_floor,27206.726692599997,2026-08-21|GBp,1000000.0
FGA.PA,ejected_below_floor,335580.857472,2026-08-21|EUR,1000000.0
BNE.TO,ejected_below_floor,246008.755665,2026-08-21|CAD,1000000.0
GTK.DE,ejected_below_floor,1748.7300880000003,2026-08-21|EUR,1000000.0
KDEV.ST,ejected_below_floor,66907.4795928,2026-08-21|SEK,1000000.0
PIG.PA,ejected_below_floor,20014.242816,2026-08-21|EUR,1000000.0
GLO.TO,ejected_below_floor,505869.99709950003,2026-08-21|CAD,1000000.0
REJL-B.ST,ejected_below_floor,728191.5186000001,2026-08-21|SEK,1000000.0
USIO,ejected_below_floor,755243.7000000001,2026-08-21|USD,1000000.0
CEC.DE,ejected_below_floor,205610.44619520003,2026-08-21|EUR,1000000.0
ARTO.PA,ejected_below_floor,11479.248000000001,2026-08-11|EUR,1000000.0
AYTU,ejected_below_floor,67810.44,2026-08-21|USD,1000000.0
0I6Q.L,ejected_below_floor,225464.40000000002,2026-08-21|USD,1000000.0
0DI7.L,ejected_below_floor,278.63265600000005,2026-08-21|EUR,1000000.0
CY1K.DE,ejected_below_floor,8317.932672,2026-08-21|EUR,1000000.0
036220.KQ,ejected_below_floor,119595.01678358851,2026-08-21|KRW,1000000.0
CIMN,ejected_below_floor,183106.7784,2026-08-21|USD,1000000.0
BELYS.BR,ejected_below_floor,5351.9315308800005,2026-08-21|EUR,1000000.0
006880.KS,ejected_below_floor,142516.73313827076,2026-08-21|KRW,1000000.0
NAVA.OL,ejected_below_floor,27254.711097000003,2026-08-21|NOK,1000000.0
GURU.TO,ejected_below_floor,20124.537318,2026-08-21|CAD,1000000.0
003070.KS,ejected_below_floor,259331.692094076,2026-08-21|KRW,1000000.0
003075.KS,ejected_below_floor,12720.8270775845,2026-08-21|KRW,1000000.0
IFA.TO,ejected_below_floor,262312.245855,2026-08-21|CAD,1000000.0
CDON.ST,ejected_below_floor,2831.28608,2026-08-21|SEK,1000000.0
TRANS.ST,ejected_below_floor,41077.036391999995,2026-08-21|SEK,1000000.0
DEX.DE,ejected_below_floor,8877.656166400002,2026-08-21|EUR,1000000.0
101140.KS,ejected_below_floor,52133.690678706,2026-08-21|KRW,1000000.0
GEC.TO,ejected_below_floor,2460.57795225,2026-08-21|CAD,1000000.0
COMPDM.ST,ejected_below_floor,3157.8754550000003,2026-08-21|SEK,1000000.0
AGFB.BR,ejected_below_floor,58709.26073616001,2026-08-21|EUR,1000000.0
ALSPT.PA,ejected_below_floor,2579.4218112000003,2026-08-21|EUR,1000000.0
ARP.ST,ejected_below_floor,25696.6346448,2026-08-21|SEK,1000000.0
ALHF.PA,ejected_below_floor,27790.4941248,2026-08-21|EUR,1000000.0
EOLU-B.ST,ejected_below_floor,239920.3513,2026-08-21|SEK,1000000.0
TSL.TO,ejected_below_floor,6569.9019702,2026-08-21|CAD,1000000.0
KJELL.ST,ejected_below_floor,542325.57057,2026-08-21|SEK,1000000.0
AJAX.AS,ejected_below_floor,18554.870944000002,2026-08-21|EUR,1000000.0
0HVA.L,ejected_below_floor,1209.5185024,2026-08-21|EUR,1000000.0
XTRA.TO,ejected_below_floor,55556.838195300006,2026-08-21|CAD,1000000.0
0Q19.L,ejected_below_floor,2273.04,2026-08-21|USD,1000000.0
ALISP.PA,ejected_below_floor,624.2391872000001,2026-08-21|EUR,1000000.0
ALCOI.PA,ejected_below_floor,1058.3286896,2026-08-21|EUR,1000000.0
ADN.TO,ejected_below_floor,97003.567062,2026-08-21|CAD,1000000.0
VNV.ST,ejected_below_floor,262284.0444,2026-08-21|SEK,1000000.0
001780.KS,ejected_below_floor,691362.653622994,2026-08-21|KRW,1000000.0
FLEXD.LS,ejected_below_floor,8061.5628000000015,2026-08-21|EUR,1000000.0
0A39.L,ejected_below_floor,320766.48331,2026-08-21|SEK,1000000.0
SYT.DE,ejected_below_floor,2411.8016000000002,2026-08-21|EUR,1000000.0
0A6Y.L,ejected_below_floor,7035.4,2026-08-21|USD,1000000.0
NKR.OL,ejected_below_floor,266859.92581,2026-08-21|NOK,1000000.0
ETG.DE,ejected_below_floor,25337.83104,2026-08-21|EUR,1000000.0
ACROUD.ST,ejected_below_floor,2087.9243349999997,2026-08-21|SEK,1000000.0
LINC.ST,ejected_below_floor,205409.20225,2026-08-21|SEK,1000000.0
ALAQU.PA,ejected_below_floor,1582.8607520000003,2026-08-21|EUR,1000000.0
ELTEL.ST,ejected_below_floor,115139.70082999999,2026-08-21|SEK,1000000.0
BIOWKS.ST,ejected_below_floor,15426.929560000002,2026-08-21|SEK,1000000.0
271940.KS,ejected_below_floor,417963.467251022,2026-08-21|KRW,1000000.0
STWK.ST,ejected_below_floor,8044.825879999999,2026-08-21|SEK,1000000.0
ALBI.PA,ejected_below_floor,2284.0224960000005,2026-08-21|EUR,1000000.0
ALEMG.PA,ejected_below_floor,5664.950912000001,2026-08-21|EUR,1000000.0
011280.KS,ejected_below_floor,125025.11539647584,2026-08-21|KRW,1000000.0
RMTI,ejected_below_floor,297140.39999999997,2026-08-21|USD,1000000.0
M3B0.DE,ejected_below_floor,7425.844364800001,2026-08-21|EUR,1000000.0
ALWF.PA,ejected_below_floor,7591.2267024,2026-08-21|EUR,1000000.0
ZPHR.L,ejected_below_floor,129147.32996759999,2026-08-21|GBp,1000000.0
LYGRD.ST,ejected_below_floor,6056.05434,2026-08-21|SEK,1000000.0
BEGR.ST,ejected_below_floor,43350.08384,2026-08-21|SEK,1000000.0
ALKEY.PA,ejected_below_floor,12640.878326400001,2026-08-21|EUR,1000000.0
CNVS,ejected_below_floor,741226.75,2026-08-21|USD,1000000.0
QEC.OL,ejected_below_floor,95766.58357727999,2026-08-21|NOK,1000000.0
SANG,ejected_below_floor,26546.6,2026-08-21|USD,1000000.0
ACT.TO,ejected_below_floor,347981.1768153,2026-08-21|CAD,1000000.0
MSV.TO,ejected_below_floor,40307.056703999995,2026-08-21|CAD,1000000.0
SBO.OL,ejected_below_floor,84757.73499900001,2026-08-21|NOK,1000000.0
BKHT.DE,ejected_below_floor,230897.07283200003,2026-08-21|EUR,1000000.0
058820.KQ,ejected_below_floor,372158.7455582355,2026-08-21|KRW,1000000.0
0K76.L,ejected_below_floor,43173.0,2026-08-21|USD,1000000.0
AXG,ejected_below_floor,400060.0,2026-08-21|USD,1000000.0
067990.KQ,ejected_below_floor,338350.7012586428,2026-08-21|KRW,1000000.0
WEF.TO,ejected_below_floor,524421.9294803999,2026-08-21|CAD,1000000.0
S.TO,ejected_below_floor,512195.415228,2026-08-21|CAD,1000000.0
IE.TO,ejected_below_floor,399690.55863720004,2026-08-21|CAD,1000000.0
VMX.PA,ejected_below_floor,63228.86678016,2026-08-21|EUR,1000000.0
O5G.DE,ejected_below_floor,28.1241576,2026-08-21|EUR,1000000.0
SIFG.AS,ejected_below_floor,465648.5176912,2026-08-21|EUR,1000000.0
CNT.TO,ejected_below_floor,2075.05489365,2026-08-21|CAD,1000000.0
0Q92.L,ejected_below_floor,2249.8314570000002,2026-08-21|NOK,1000000.0
BOAT.ST,ejected_below_floor,14856.966565000002,2026-08-21|SEK,1000000.0
0RHT.L,ejected_below_floor,5011.700534400001,2026-08-21|EUR,1000000.0
IFBD,ejected_below_floor,85183.4,2026-08-21|USD,1000000.0
0JVD.L,ejected_below_floor,146062.68,2026-08-21|USD,1000000.0
ALBIZ.PA,ejected_below_floor,6348.9749504,2026-08-21|EUR,1000000.0
0A1S.L,ejected_below_floor,13570.766985600001,2026-08-21|EUR,1000000.0
RLYB,ejected_below_floor,787559.85,2026-08-21|USD,1000000.0
GRID.TO,ejected_below_floor,430145.5965839999,2026-08-21|CAD,1000000.0
ATEME.PA,ejected_below_floor,236709.39873600003,2026-08-21|EUR,1000000.0
LYKO-A.ST,ejected_below_floor,56928.73396,2026-08-21|SEK,1000000.0
CSPI,ejected_below_floor,264864.6,2026-08-21|USD,1000000.0
HHFA.DE,ejected_below_floor,101359.67270400003,2026-08-21|EUR,1000000.0
ICEAIR.IC,ejected_below_floor,208864.22728878754,2026-08-21|ISK,1000000.0
ORRON.ST,ejected_below_floor,642266.454284,2026-08-21|SEK,1000000.0
NEL.OL,ejected_below_floor,978060.1710375,2026-08-21|NOK,1000000.0
ALHIT.PA,ejected_below_floor,3461.1672000000003,2026-08-21|EUR,1000000.0
004140.KS,ejected_below_floor,325865.0091389543,2026-08-21|KRW,1000000.0
GARO.ST,ejected_below_floor,41638.378992,2026-08-21|SEK,1000000.0
IJ8.DE,ejected_below_floor,516476.72506287997,2026-08-21|EUR,1000000.0
SVIK.ST,ejected_below_floor,596769.9724,2026-08-21|SEK,1000000.0
AAC.ST,ejected_below_floor,495073.84276,2026-08-21|SEK,1000000.0
OSSD.ST,ejected_below_floor,92562.0962525,2026-08-21|SEK,1000000.0
ESON.LS,ejected_below_floor,562.483152,2026-08-21|EUR,1000000.0
GTE.L,ejected_below_floor,30719.80359,2026-08-21|GBp,1000000.0
FSPORT.ST,ejected_below_floor,149815.395646,2026-08-21|SEK,1000000.0
TRAIN-B.ST,ejected_below_floor,34721.107036,2026-08-21|SEK,1000000.0
0JBU.L,ejected_below_floor,40448.6478,2026-08-21|USD,1000000.0
YQ,ejected_below_floor,17183.46,2026-08-21|USD,1000000.0
SODER.ST,ejected_below_floor,15409.198560000003,2026-08-21|SEK,1000000.0
0QAU.L,ejected_below_floor,1011.9189016,2026-08-21|EUR,1000000.0
2OY.DE,ejected_below_floor,98855.0747184,2026-08-21|EUR,1000000.0
BMAX.ST,ejected_below_floor,710914.6408,2026-08-21|SEK,1000000.0
FEV.DE,ejected_below_floor,12240.936688000002,2026-08-21|EUR,1000000.0
078160.KQ,ejected_below_floor,768989.0530663985,2026-08-21|KRW,1000000.0
HLG.DE,ejected_below_floor,5140.8038102400005,2026-08-21|EUR,1000000.0
MANG.ST,ejected_below_floor,5051.249,2026-08-21|SEK,1000000.0
1NBA.DE,ejected_below_floor,123959.87702400003,2026-08-21|EUR,1000000.0
3LN.DE,ejected_below_floor,904.1357200000001,2026-08-21|EUR,1000000.0
LUMI.OL,ejected_below_floor,5434.797696,2026-08-21|NOK,1000000.0
CLOUD.OL,ejected_below_floor,181907.27647840002,2026-08-21|NOK,1000000.0
STUDBO.ST,ejected_below_floor,11165.634679499999,2026-08-21|SEK,1000000.0
0KDH.L,ejected_below_floor,639427.46,2026-08-21|USD,1000000.0
PGH.DE,ejected_below_floor,1224.6386432,2026-08-21|EUR,1000000.0
CEA.DE,ejected_below_floor,3364.1849472000004,2026-08-21|EUR,1000000.0
200230.KQ,ejected_below_floor,132160.8133445544,2026-08-21|KRW,1000000.0
AVNT.TO,ejected_below_floor,3466.4838975,2026-08-21|CAD,1000000.0
MOB.ST,ejected_below_floor,98552.36701799999,2026-08-21|SEK,1000000.0
ECK.DE,ejected_below_floor,26047.457280000002,2026-08-21|EUR,1000000.0
HYPRO.OL,ejected_below_floor,41111.30397976,2026-08-21|NOK,1000000.0
049800.KS,ejected_below_floor,50547.98326056192,2026-08-21|KRW,1000000.0
DUST.ST,ejected_below_floor,209367.46026,2026-08-21|SEK,1000000.0
MOP.BR,ejected_below_floor,1586.2233600000002,2026-08-21|EUR,1000000.0
SENZA.ST,ejected_below_floor,6364.0731000000005,2026-08-21|SEK,1000000.0
SEED.L,ejected_below_floor,6554.0523895,2026-08-21|GBp,1000000.0
FLEXM.ST,ejected_below_floor,9381.31565,2026-08-21|SEK,1000000.0
CANDLE-B.ST,ejected_below_floor,17387.06032,2026-08-21|SEK,1000000.0
N4G0.DE,ejected_below_floor,21351.679564800004,2026-08-21|EUR,1000000.0
0QVW.L,ejected_below_floor,872.944632,2026-08-21|EUR,1000000.0
SRP.PA,ejected_below_floor,30930.427904000004,2026-08-21|EUR,1000000.0
BREB.BR,ejected_below_floor,608780.002752,2026-08-21|EUR,1000000.0
0QT0.L,ejected_below_floor,15645.96162,2026-08-21|CHF,1000000.0
PNC-B.TO,ejected_below_floor,16.226325,2026-08-21|CAD,1000000.0
0HWG.L,ejected_below_floor,32971.18,2026-08-21|USD,1000000.0
PROAC.PA,ejected_below_floor,5397.963315360001,2026-08-21|EUR,1000000.0
KFAST-B.ST,ejected_below_floor,100289.485604,2026-08-21|SEK,1000000.0
0K5R.L,ejected_below_floor,3558.8799999999997,2026-08-21|USD,1000000.0
WAH.DE,ejected_below_floor,20508.476620800004,2026-08-21|EUR,1000000.0
ELUX-A.ST,ejected_below_floor,57069.831000000006,2026-08-21|SEK,1000000.0
IMP.TO,ejected_below_floor,98013.13294499999,2026-08-21|CAD,1000000.0
ICO.ST,ejected_below_floor,6966.251757500001,2026-08-21|SEK,1000000.0
SEZI.ST,ejected_below_floor,65910.2567585,2026-08-21|SEK,1000000.0
BACTI-B.ST,ejected_below_floor,4783.427460000001,2026-08-21|SEK,1000000.0
CSBR,ejected_below_floor,44864.104499999994,2026-08-21|USD,1000000.0
WEST.OL,ejected_below_floor,17811.022348,2026-08-21|NOK,1000000.0
CRI.PA,ejected_below_floor,129927.11480000001,2026-08-21|EUR,1000000.0
0J5I.L,ejected_below_floor,294161.27999999997,2026-08-21|USD,1000000.0
CDR.TO,ejected_below_floor,480915.3299544,2026-08-21|CAD,1000000.0
0OQ0.L,ejected_below_floor,38374.12887680001,2026-08-21|EUR,1000000.0
BNG.TO,ejected_below_floor,813.696111,2026-08-21|CAD,1000000.0
STC.TO,ejected_below_floor,60077.254354200006,2026-08-21|CAD,1000000.0
W5.ST,ejected_below_floor,185733.7895,2026-08-21|SEK,1000000.0
AREIT.PA,ejected_below_floor,678.3192,2026-08-21|EUR,1000000.0
VAC.PA,ejected_below_floor,865436.56143392,2026-08-21|EUR,1000000.0
010640.KS,ejected_below_floor,220261.74920775837,2026-08-21|KRW,1000000.0
FRX.TO,ejected_below_floor,8199.4577022,2026-08-21|CAD,1000000.0
TITC.BR,ejected_below_floor,522795.33334400004,2026-08-21|EUR,1000000.0
BOMILL.ST,ejected_below_floor,3317.40752,2026-08-21|SEK,1000000.0
PFV.DE,ejected_below_floor,481387.48272,2026-08-21|EUR,1000000.0
SONE.ST,ejected_below_floor,715.03908,2026-08-21|SEK,1000000.0
BGO.L,ejected_below_floor,126015.791013,2026-08-21|GBp,1000000.0
EVO,ejected_below_floor,103359.22,2026-08-21|USD,1000000.0
FIPP.PA,ejected_below_floor,1562.4798689600002,2026-08-21|EUR,1000000.0
GTY.DE,ejected_below_floor,439.516056,2026-08-21|EUR,1000000.0
EAGR.TO,ejected_below_floor,4505.3076474,2026-08-21|CAD,1000000.0
ALPHI.PA,ejected_below_floor,4216.710432,2026-08-21|EUR,1000000.0
CMCM,ejected_below_floor,48999.84,2026-08-21|USD,1000000.0
002070.KS,ejected_below_floor,917139.735453312,2026-08-21|KRW,1000000.0
NEXAM.ST,ejected_below_floor,19509.279538000003,2026-08-21|SEK,1000000.0
SUR.DE,ejected_below_floor,12312.131216000002,2026-08-21|EUR,1000000.0
PXLW,ejected_below_floor,409469.76,2026-08-21|USD,1000000.0
CHG.DE,ejected_below_floor,858936.0070720001,2026-08-21|EUR,1000000.0
HAVI.OL,ejected_below_floor,20315.4331,2026-08-21|NOK,1000000.0
OTEC.OL,ejected_below_floor,94462.32987839999,2026-08-21|NOK,1000000.0
GTE.TO,ejected_below_floor,739390.4682255,2026-08-21|CAD,1000000.0
PCAT.ST,ejected_below_floor,2400.021225,2026-08-21|SEK,1000000.0
BORR.OL,ejected_below_floor,623308.0852544,2026-08-21|NOK,1000000.0
ALXIL.PA,ejected_below_floor,102351.062304,2026-08-21|EUR,1000000.0
MIDS.ST,ejected_below_floor,128487.99480439999,2026-08-21|SEK,1000000.0
IMMO.BR,ejected_below_floor,61169.781888,2026-08-21|EUR,1000000.0
ALM.ST,ejected_below_floor,6274.291660000001,2026-08-21|SEK,1000000.0
GEOS,ejected_below_floor,796652.33,2026-08-21|USD,1000000.0
GSF.OL,ejected_below_floor,789050.8514064,2026-08-21|NOK,1000000.0
TEAM.L,ejected_below_floor,13009.2264057,2026-08-21|GBp,1000000.0
PMTU,ejected_below_floor,36894.0,2026-08-21|USD,1000000.0
B7J1.DE,ejected_below_floor,1024.9229184,2026-08-21|EUR,1000000.0
EPIS-B.ST,ejected_below_floor,245897.99319204004,2026-08-21|SEK,1000000.0
SANION.ST,ejected_below_floor,467019.347662,2026-08-21|SEK,1000000.0
IVACC.ST,ejected_below_floor,38691.038093400006,2026-08-21|SEK,1000000.0
HIGHCO-B.ST,ejected_below_floor,1563.7699,2026-08-21|SEK,1000000.0
003080.KS,ejected_below_floor,93622.83503249775,2026-08-21|KRW,1000000.0
MORG.OL,ejected_below_floor,248841.46729,2026-08-21|NOK,1000000.0
004910.KS,ejected_below_floor,58115.0092299357,2026-08-21|KRW,1000000.0
PSAN.DE,ejected_below_floor,33666.199392,2026-08-21|EUR,1000000.0
SCYX,ejected_below_floor,701632.5,2026-08-21|USD,1000000.0
FYB.DE,ejected_below_floor,129259.57913600001,2026-08-21|EUR,1000000.0
EBON,ejected_below_floor,26274.0,2026-08-21|USD,1000000.0
0W4N.L,ejected_below_floor,17504.392204800002,2026-08-21|EUR,1000000.0
SWG.L,ejected_below_floor,60068.39849009999,2026-08-21|GBp,1000000.0
IBE1.DE,ejected_below_floor,364344.1888768,2026-08-21|EUR,1000000.0
0LEC.L,ejected_below_floor,59263.148400000005,2026-08-21|USD,1000000.0
NBG6.DE,ejected_below_floor,8551.460000000001,2026-08-21|EUR,1000000.0
0HSU.L,ejected_below_floor,2074.37,2026-08-21|USD,1000000.0
CLS-B.ST,ejected_below_floor,13490.879584,2026-08-21|SEK,1000000.0
BRNK.DE,ejected_below_floor,62766.30178560001,2026-08-21|EUR,1000000.0
SOUC.L,ejected_below_floor,1969.1205187499997,2026-08-21|GBp,1000000.0
0R3I.L,ejected_below_floor,408084.25143149996,2026-08-21|NOK,1000000.0
MAVEN.ST,ejected_below_floor,6410.694157,2026-08-21|SEK,1000000.0
WAYS.ST,ejected_below_floor,19894.05684,2026-08-21|SEK,1000000.0
PERP-B.ST,ejected_below_floor,1102.291421,2026-08-21|SEK,1000000.0
SMSI,ejected_below_floor,482643.77999999997,2026-08-21|USD,1000000.0
SERT.ST,ejected_below_floor,11655.912996000001,2026-08-21|SEK,1000000.0
007160.KS,ejected_below_floor,242233.90765392,2026-08-21|KRW,1000000.0
REAL.TO,ejected_below_floor,152189.34886889998,2026-08-21|CAD,1000000.0
HEGR.ST,ejected_below_floor,4473.9301432,2026-08-21|SEK,1000000.0
0KUR.L,ejected_below_floor,59658.69542400001,2026-08-21|EUR,1000000.0
ALIMR.PA,ejected_below_floor,417.89100800000006,2026-08-21|EUR,1000000.0
MLLCB.PA,ejected_below_floor,440.33931520000004,2026-08-21|EUR,1000000.0
BIOVIC-B.ST,ejected_below_floor,36139.833184,2026-08-21|SEK,1000000.0
026910.KQ,ejected_below_floor,783307.671872621,2026-08-21|KRW,1000000.0
CPINV.BR,ejected_below_floor,604014.375552,2026-08-21|EUR,1000000.0
004870.KS,ejected_below_floor,967363.7234335074,2026-08-21|KRW,1000000.0
UN9.DE,ejected_below_floor,29429.7307392,2026-08-21|EUR,1000000.0
V6C.DE,ejected_below_floor,26143.372774400003,2026-08-21|EUR,1000000.0
ALDNE.PA,ejected_below_floor,7296.32829984,2026-08-21|EUR,1000000.0
GPX.ST,ejected_below_floor,1705.80564,2026-08-21|SEK,1000000.0
PNE.TO,ejected_below_floor,90884.0357568,2026-08-21|CAD,1000000.0
GAPW-B.ST,ejected_below_floor,85932.74914,2026-08-21|SEK,1000000.0
SYN.L,ejected_below_floor,7770.331343938099,2026-08-21|GBp,1000000.0
EQS,ejected_below_floor,16833.300000000003,2026-08-21|USD,1000000.0
JFU,ejected_below_floor,387825.7,2026-08-21|USD,1000000.0
0RRB.L,ejected_below_floor,168045.22222186142,2026-08-21|CHF,1000000.0
KDNC.L,ejected_below_floor,123094.7790996,2026-08-21|GBp,1000000.0
FREJA.ST,ejected_below_floor,86212.29400000001,2026-08-21|SEK,1000000.0
ADJ.DE,ejected_below_floor,9390.221982400002,2026-08-21|EUR,1000000.0
SLBEN.LS,ejected_below_floor,10394.679372800001,2026-08-21|EUR,1000000.0
AAA.PA,ejected_below_floor,1876.8222624000002,2026-08-21|EUR,1000000.0
NORDH.OL,ejected_below_floor,27445.175315999997,2026-08-21|NOK,1000000.0
UMIDA-B.ST,ejected_below_floor,4478.8656192,2026-08-21|SEK,1000000.0
IBAB.BR,ejected_below_floor,539578.6432512001,2026-08-21|EUR,1000000.0
ONEF.ST,ejected_below_floor,8799.373800000001,2026-08-21|SEK,1000000.0
XTP.DE,ejected_below_floor,59329.73960000001,2026-08-21|EUR,1000000.0
IMMU.ST,ejected_below_floor,20677.042155,2026-08-21|SEK,1000000.0
MRX.DE,ejected_below_floor,8354.109696,2026-08-21|EUR,1000000.0
HBIO,ejected_below_floor,146159.2,2026-08-21|USD,1000000.0
115160.KQ,ejected_below_floor,71395.90098228,2026-08-21|KRW,1000000.0
ALAIR.PA,ejected_below_floor,76007.92742400001,2026-08-21|EUR,1000000.0
289220.KQ,ejected_below_floor,47614.9218349224,2026-08-21|KRW,1000000.0
ACCON.ST,ejected_below_floor,879718.51688,2026-08-21|SEK,1000000.0
ACD.TO,ejected_below_floor,4886.4027221999995,2026-08-21|CAD,1000000.0
HHS,ejected_below_floor,368563.04000000004,2026-08-21|USD,1000000.0
LAMM-B.ST,ejected_below_floor,42141.705760000004,2026-08-21|SEK,1000000.0
QLIRO.ST,ejected_below_floor,82245.801505,2026-08-21|SEK,1000000.0
VERT-B.ST,ejected_below_floor,41610.359840000005,2026-08-21|SEK,1000000.0
0K3W.L,ejected_below_floor,765.51,2026-08-21|USD,1000000.0
NPK.TO,ejected_below_floor,36063.0794295,2026-08-21|CAD,1000000.0
INCOAX.ST,ejected_below_floor,14784.5850768,2026-08-21|SEK,1000000.0
0HK4.L,ejected_below_floor,127624.43999999999,2026-08-21|USD,1000000.0
NANEXA.ST,ejected_below_floor,193112.725589,2026-08-21|SEK,1000000.0
FNAC.PA,ejected_below_floor,447812.65350400005,2026-08-21|EUR,1000000.0
ALESA.PA,ejected_below_floor,13463.894027200002,2026-08-21|EUR,1000000.0
TSQ,ejected_below_floor,413718.31,2026-08-21|USD,1000000.0
STVG.L,ejected_below_floor,148477.49671754998,2026-08-21|GBp,1000000.0
ALAR,ejected_below_floor,393979.56,2026-08-21|USD,1000000.0
BINV.ST,ejected_below_floor,318044.1803,2026-08-21|SEK,1000000.0
RM.L,ejected_below_floor,300104.69925099995,2026-08-21|GBp,1000000.0
AGLX.OL,ejected_below_floor,59697.22893899999,2026-08-21|NOK,1000000.0
ALLIX.PA,ejected_below_floor,302292.66160000005,2026-08-21|EUR,1000000.0
ZEO,ejected_below_floor,308383.2,2026-08-21|USD,1000000.0
BLNE,ejected_below_floor,450185.16000000003,2026-08-21|USD,1000000.0
SOLV.BR,ejected_below_floor,106087.38360000002,2026-08-21|EUR,1000000.0
GJAJ.PA,ejected_below_floor,390.39878880000003,2026-08-21|EUR,1000000.0
AGROUP.ST,ejected_below_floor,40194.04928,2026-08-21|SEK,1000000.0
VPLAY-A.ST,ejected_below_floor,19.52496,2026-08-21|SEK,1000000.0
VTR.PA,ejected_below_floor,722.96072,2026-08-21|EUR,1000000.0
LEVEL.ST,ejected_below_floor,5388.622995000001,2026-08-21|SEK,1000000.0
PCOM-B.ST,ejected_below_floor,4601.482368,2026-08-21|SEK,1000000.0
CLIME-B.ST,ejected_below_floor,24590.642034,2026-08-21|SEK,1000000.0
5PG.OL,ejected_below_floor,33518.8258328,2026-08-21|NOK,1000000.0
0JX5.L,ejected_below_floor,48941.92,2026-08-21|USD,1000000.0
QTRH.TO,ejected_below_floor,603552.581775,2026-08-21|CAD,1000000.0
ABDX.L,ejected_below_floor,21903.5470038,2026-08-21|GBp,1000000.0
KTA.DE,ejected_below_floor,59384.584896,2026-08-21|EUR,1000000.0
002025.KS,ejected_below_floor,62242.254279588604,2026-08-21|KRW,1000000.0
FERRO.ST,ejected_below_floor,32906.73239700001,2026-08-21|SEK,1000000.0
IES.DE,ejected_below_floor,461129.78824432,2026-08-21|EUR,1000000.0
008250.KS,ejected_below_floor,53331.34256975,2026-08-21|KRW,1000000.0
ALGRO.PA,ejected_below_floor,49782.367872,2026-08-21|EUR,1000000.0
ALDUB.PA,ejected_below_floor,1470.9206912,2026-08-21|EUR,1000000.0
IMMP,ejected_below_floor,169347.7071,2026-08-21|USD,1000000.0
CORE-A.ST,ejected_below_floor,5707.214646,2026-08-21|SEK,1000000.0
CORE-D.ST,ejected_below_floor,247367.00625,2026-08-21|SEK,1000000.0
065660.KQ,ejected_below_floor,461603.3850815268,2026-08-21|KRW,1000000.0
MOBA.ST,ejected_below_floor,7482.7494252,2026-08-21|SEK,1000000.0
ENZY.ST,ejected_below_floor,15008.65527,2026-08-21|SEK,1000000.0
EAAS.L,ejected_below_floor,51156.4459476,2026-08-21|GBp,1000000.0
DKL.L,ejected_below_floor,2181.6585766499998,2026-08-21|GBp,1000000.0
INTEG-B.ST,ejected_below_floor,39066.93758800001,2026-08-21|SEK,1000000.0
SCIB.ST,ejected_below_floor,12457.3834,2026-08-21|SEK,1000000.0
CDLX,ejected_below_floor,282325.1,2026-08-21|USD,1000000.0
338220.KQ,ejected_below_floor,286767.927536531,2026-08-21|KRW,1000000.0
FREEM.ST,ejected_below_floor,99426.28628799999,2026-08-21|SEK,1000000.0
133820.KS,ejected_below_floor,67928.18383440006,2026-08-21|KRW,1000000.0
CLAV.ST,ejected_below_floor,434644.3222716,2026-08-21|SEK,1000000.0
ALCRB.PA,ejected_below_floor,269532.51113600004,2026-08-21|EUR,1000000.0
KOS.L,ejected_below_floor,11951.0456688,2026-08-21|GBp,1000000.0
ACARIX.ST,ejected_below_floor,24279.299233000005,2026-08-21|SEK,1000000.0
214680.KQ,ejected_below_floor,320127.7183512576,2026-08-21|KRW,1000000.0
WUW.DE,ejected_below_floor,390809.7458784,2026-08-21|EUR,1000000.0
KEBNI-B.ST,ejected_below_floor,73319.525895,2026-08-21|SEK,1000000.0
VEL.L,ejected_below_floor,15188.8231824,2026-08-21|GBp,1000000.0
0RL9.L,ejected_below_floor,2217.176168,2026-08-21|EUR,1000000.0
0UU0.L,ejected_below_floor,313734.3712425,2026-08-21|CAD,1000000.0
ALBERT.ST,ejected_below_floor,4839.040220000001,2026-08-21|SEK,1000000.0
MEGL,ejected_below_floor,44445.96,2026-08-21|USD,1000000.0
BRT,ejected_below_floor,575513.12,2026-08-21|USD,1000000.0
ISHA.DE,ejected_below_floor,10974.671276800002,2026-08-21|EUR,1000000.0
NOHAL.OL,ejected_below_floor,10238.219448,2026-08-21|NOK,1000000.0
XPC.ST,ejected_below_floor,3180.5333784000004,2026-08-21|SEK,1000000.0
ALKLA.PA,ejected_below_floor,27142.971776000002,2026-08-21|EUR,1000000.0
NETEL.ST,ejected_below_floor,29465.144254,2026-08-21|SEK,1000000.0
OMDA.OL,ejected_below_floor,33987.035232,2026-08-21|NOK,1000000.0
NOBI.ST,ejected_below_floor,607268.0506788,2026-08-21|SEK,1000000.0
EXPRS2.ST,ejected_below_floor,18195.114139999998,2026-08-21|SEK,1000000.0
XMR.ST,ejected_below_floor,23461.05726384,2026-08-21|SEK,1000000.0
CYVIZ.OL,ejected_below_floor,15959.830824000002,2026-08-21|NOK,1000000.0
VRCI.L,ejected_below_floor,4562.098028775,2026-08-21|GBp,1000000.0
DEEZR.PA,ejected_below_floor,30152.071116000003,2026-08-21|EUR,1000000.0
LQAG.DE,ejected_below_floor,27988.49376,2026-08-21|EUR,1000000.0
ALKKO.PA,ejected_below_floor,11772.50568176,2026-08-21|EUR,1000000.0
CFF.TO,ejected_below_floor,4581.412717499999,2026-08-21|CAD,1000000.0
NYKD.OL,ejected_below_floor,509249.0102634,2026-08-21|NOK,1000000.0
BUSER.ST,ejected_below_floor,8964.45984,2026-08-21|SEK,1000000.0
LLD.DE,ejected_below_floor,223320.08213640001,2026-08-21|EUR,1000000.0
ALUNT.PA,ejected_below_floor,251.22160320000003,2026-08-21|EUR,1000000.0
CLBIO.ST,ejected_below_floor,13224.81237,2026-08-21|SEK,1000000.0
ALATA.PA,ejected_below_floor,29204.250480000002,2026-08-21|EUR,1000000.0
229000.KQ,ejected_below_floor,855604.282239746,2026-08-21|KRW,1000000.0
ACOG,ejected_below_floor,812077.5,2026-08-21|USD,1000000.0
SPEC.ST,ejected_below_floor,13959.484047599999,2026-08-21|SEK,1000000.0
TI.TO,ejected_below_floor,240315.2988075,2026-08-21|CAD,1000000.0
WBGR-B.ST,ejected_below_floor,56158.605705999995,2026-08-21|SEK,1000000.0
ALGTR.PA,ejected_below_floor,19406.190528000003,2026-08-21|EUR,1000000.0
MYSZ,ejected_below_floor,489409.83999999997,2026-08-21|USD,1000000.0
PYRUM.OL,ejected_below_floor,4758.7919999999995,2026-08-21|NOK,1000000.0
IPOK.DE,ejected_below_floor,6417.943200000001,2026-08-21|EUR,1000000.0
ATEB.BR,ejected_below_floor,27184.598544,2026-08-21|EUR,1000000.0
STG.L,ejected_below_floor,6863.254671,2026-08-21|GBp,1000000.0
051630.KS,ejected_below_floor,431010.2633602651,2026-08-21|KRW,1000000.0
YIELD.ST,ejected_below_floor,6775.661760000001,2026-08-21|SEK,1000000.0
FRAG.ST,ejected_below_floor,2162.6605,2026-08-21|SEK,1000000.0
0R6H.L,ejected_below_floor,25477.808294400005,2026-08-21|EUR,1000000.0
AFISH.OL,ejected_below_floor,1917.23584,2026-08-21|NOK,1000000.0
NEPA.ST,ejected_below_floor,12821.995340000001,2026-08-21|SEK,1000000.0
ALDAR.PA,ejected_below_floor,1792.4208016,2026-08-21|EUR,1000000.0
ALINV.PA,ejected_below_floor,19842.749808,2026-08-21|EUR,1000000.0
CFISH.ST,ejected_below_floor,22526.87045,2026-08-21|SEK,1000000.0
DLPN,ejected_below_floor,22449.9,2026-08-21|USD,1000000.0
079980.KS,ejected_below_floor,218366.9938515975,2026-08-21|KRW,1000000.0
ALAFY.PA,ejected_below_floor,39035.82056,2026-08-21|EUR,1000000.0
ELEF.TO,ejected_below_floor,8767.014886349998,2026-08-21|CAD,1000000.0
APTA.ST,ejected_below_floor,1382.0271500000001,2026-08-21|SEK,1000000.0
GBK.ST,ejected_below_floor,12397.5769456,2026-08-21|SEK,1000000.0
QCORE.ST,ejected_below_floor,2529.204076,2026-08-21|SEK,1000000.0
HAYD.L,ejected_below_floor,27889.999612397994,2026-08-21|GBp,1000000.0
BR.TO,ejected_below_floor,1008.2677769999999,2026-08-21|CAD,1000000.0
VASTB.BR,ejected_below_floor,282149.30623200006,2026-08-21|EUR,1000000.0
016450.KS,ejected_below_floor,66317.85769257495,2026-08-21|KRW,1000000.0
S30.PA,ejected_below_floor,302706.3435504,2026-08-21|EUR,1000000.0
HSPG.OL,ejected_below_floor,3260.4156,2026-08-21|NOK,1000000.0
084680.KS,ejected_below_floor,186846.13182096876,2026-08-21|KRW,1000000.0
WISE.ST,ejected_below_floor,5215.912625,2026-08-21|SEK,1000000.0
ARTE.PA,ejected_below_floor,401.77368,2026-08-21|EUR,1000000.0
ALSEN.PA,ejected_below_floor,437529.9431800001,2026-08-21|EUR,1000000.0
BZAIW,ejected_below_floor,7183.93,2026-08-21|USD,1000000.0
SMWN.DE,ejected_below_floor,329.4892032000001,2026-08-21|EUR,1000000.0
DLHC,ejected_below_floor,243523.74000000002,2026-08-21|USD,1000000.0
GRA.TO,ejected_below_floor,179790.3349056,2026-08-21|CAD,1000000.0
CJR-B.TO,ejected_below_floor,4207.2120279,2026-08-21|CAD,1000000.0
ENVI.AS,ejected_below_floor,305194.74883920007,2026-08-21|EUR,1000000.0
TIG.L,ejected_below_floor,202514.866281,2026-08-21|GBp,1000000.0
SKIS-B.ST,ejected_below_floor,775980.8086100001,2026-08-21|SEK,1000000.0
PRO.ST,ejected_below_floor,7803.345305000001,2026-08-21|SEK,1000000.0
IMP-A-SDB.ST,ejected_below_floor,175067.7586,2026-08-21|SEK,1000000.0
SYZ.DE,ejected_below_floor,6275.902000000001,2026-08-21|EUR,1000000.0
NOSA.ST,ejected_below_floor,11090.8515795,2026-08-21|SEK,1000000.0
PHR.LS,ejected_below_floor,173113.54770225604,2026-08-21|EUR,1000000.0
BRILL.ST,ejected_below_floor,524.658204,2026-08-21|SEK,1000000.0
ALVAL.PA,ejected_below_floor,134161.62386400002,2026-08-21|EUR,1000000.0
002820.KS,ejected_below_floor,46135.45030551296,2026-08-21|KRW,1000000.0
AIX.OL,ejected_below_floor,2797.71954,2026-08-21|NOK,1000000.0
JSE.L,ejected_below_floor,512715.28104887996,2026-08-21|GBp,1000000.0
NC5A.DE,ejected_below_floor,857.2145836800001,2026-08-21|EUR,1000000.0
RROS.ST,ejected_below_floor,76045.321912,2026-08-21|SEK,1000000.0
LAT.PA,ejected_below_floor,22214.522458560004,2026-08-21|EUR,1000000.0
BFRI,ejected_below_floor,534737.32,2026-08-21|USD,1000000.0
HDLY.OL,ejected_below_floor,23307.234183999997,2026-08-21|NOK,1000000.0
MAGLE.ST,ejected_below_floor,1709.9672100000003,2026-08-21|SEK,1000000.0
ALNOV.PA,ejected_below_floor,248118.08066784003,2026-08-21|EUR,1000000.0
LGVN,ejected_below_floor,285532.2652,2026-08-21|USD,1000000.0
AURR.L,ejected_below_floor,70316.31614699999,2026-08-21|GBp,1000000.0
AIDX.TO,ejected_below_floor,172752.94169459998,2026-08-21|CAD,1000000.0
IS7.DE,ejected_below_floor,996.8857248,2026-08-21|EUR,1000000.0
TSEC.ST,ejected_below_floor,15674.204,2026-08-21|SEK,1000000.0
IES.L,ejected_below_floor,823523.3641236,2026-08-21|GBp,1000000.0
ALVGO.PA,ejected_below_floor,356.0190208000001,2026-08-21|EUR,1000000.0
FVL.TO,ejected_below_floor,616636.624851,2026-08-21|CAD,1000000.0
GFG.DE,ejected_below_floor,51066.48061504001,2026-08-21|EUR,1000000.0
WPRT.TO,ejected_below_floor,20558.753775,2026-08-21|CAD,1000000.0
GREAT.ST,ejected_below_floor,13883.800630000002,2026-08-21|SEK,1000000.0
ONWD.BR,ejected_below_floor,306884.3723952,2026-08-21|EUR,1000000.0
ACHR-WT,ejected_below_floor,3964.695,2026-08-21|USD,1000000.0
006840.KS,ejected_below_floor,100664.95750465,2026-08-21|KRW,1000000.0
ACIU,ejected_below_floor,742342.0,2026-08-21|USD,1000000.0
VEZ.DE,ejected_below_floor,15481.487815200002,2026-08-21|EUR,1000000.0
0UNL.L,ejected_below_floor,137390.5,2026-08-21|USD,1000000.0
AERO.ST,ejected_below_floor,7635.8586962,2026-08-21|SEK,1000000.0
0N6K.L,ejected_below_floor,36944.3479552,2026-08-21|EUR,1000000.0
ALGID.PA,ejected_below_floor,72303.01984384001,2026-08-21|EUR,1000000.0
PCZ.DE,ejected_below_floor,377119.31642880006,2026-08-21|EUR,1000000.0
ZEN.L,ejected_below_floor,44884.9312478,2026-08-21|GBp,1000000.0
DIST.ST,ejected_below_floor,3987.87921,2026-08-21|SEK,1000000.0
ELB.DE,ejected_below_floor,2869.464144,2026-08-21|EUR,1000000.0
INSP.ST,ejected_below_floor,7545.9500102,2026-08-21|SEK,1000000.0
PRD.L,ejected_below_floor,195597.77323967998,2026-08-21|GBp,1000000.0
IRIS.ST,ejected_below_floor,8021.6332105,2026-08-21|SEK,1000000.0
SES.ST,ejected_below_floor,94184.36312040001,2026-08-21|SEK,1000000.0
NRDY,ejected_below_floor,493722.24000000005,2026-08-21|USD,1000000.0
SFL.ST,ejected_below_floor,4575.76616,2026-08-21|SEK,1000000.0
DDRIL.OL,ejected_below_floor,149369.504555,2026-08-21|NOK,1000000.0
0QNV.L,kept_no_reading,,not-captured,1000000.0
ART.L,ejected_below_floor,4492.6519344,2026-08-21|GBp,1000000.0
0I0X.L,ejected_below_floor,34407.67,2026-08-21|USD,1000000.0
ALHGR.PA,ejected_below_floor,63103.426428000006,2026-08-21|EUR,1000000.0
MGIH,ejected_below_floor,530564.0,2026-08-21|USD,1000000.0
ENVIP.OL,ejected_below_floor,893467.37802,2026-08-21|NOK,1000000.0
MTI.ST,ejected_below_floor,141.918924,2026-08-21|SEK,1000000.0
QRHC,ejected_below_floor,54743.25,2026-08-21|USD,1000000.0
VLTSA.PA,ejected_below_floor,834583.2114624,2026-08-21|EUR,1000000.0
ALBIO.PA,ejected_below_floor,19397.744584320004,2026-08-21|EUR,1000000.0
EQVA.OL,ejected_below_floor,15630.675685,2026-08-21|NOK,1000000.0
NCYT.L,ejected_below_floor,73652.6605633,2026-08-21|GBp,1000000.0
BALCO.ST,ejected_below_floor,28711.704,2026-08-21|SEK,1000000.0
SOLID.IC,ejected_below_floor,16.950245759999998,2026-08-21|ISK,1000000.0
0IV3.L,ejected_below_floor,19097.46,2026-08-21|USD,1000000.0
AXIC-A.ST,ejected_below_floor,17037.891038,2026-08-21|SEK,1000000.0
WM.TO,ejected_below_floor,47304.857682,2026-08-21|CAD,1000000.0
EOS.PA,ejected_below_floor,1189.6095440000001,2026-08-21|EUR,1000000.0
PCELL.ST,ejected_below_floor,509001.52448600007,2026-08-21|SEK,1000000.0
UUU.DE,ejected_below_floor,9406.084216,2026-08-21|EUR,1000000.0
LIFE.OL,ejected_below_floor,108695.86346008,2026-08-21|NOK,1000000.0
AAPG,ejected_below_floor,192372.0,2026-08-21|USD,1000000.0
HGEA.DE,ejected_below_floor,2178.15832,2026-08-21|EUR,1000000.0
ALGAE.PA,ejected_below_floor,67850.7679976,2026-08-21|EUR,1000000.0
000040.KS,ejected_below_floor,62048.0327825169,2026-08-21|KRW,1000000.0
TISI,ejected_below_floor,320556.48,2026-08-21|USD,1000000.0
VOW.OL,ejected_below_floor,249060.7570341,2026-08-21|NOK,1000000.0
DND.TO,ejected_below_floor,165942.84684420002,2026-08-21|CAD,1000000.0
CI.ST,ejected_below_floor,19659.643299240004,2026-08-21|SEK,1000000.0
082210.KQ,ejected_below_floor,306114.85037157615,2026-08-21|KRW,1000000.0
KPRX,ejected_below_floor,62629.700000000004,2026-08-21|USD,1000000.0
ONCIN.OL,ejected_below_floor,59648.328064,2026-08-21|NOK,1000000.0
053030.KQ,ejected_below_floor,822681.2643779233,2026-08-21|KRW,1000000.0
FPG.PA,ejected_below_floor,706.2659510400001,2026-08-21|EUR,1000000.0
ALIMP.PA,ejected_below_floor,17843.03697792,2026-08-21|EUR,1000000.0
ALZ.ST,ejected_below_floor,454296.6040977,2026-08-21|SEK,1000000.0
SALT-B.ST,ejected_below_floor,331395.94037200004,2026-08-21|SEK,1000000.0
ICU,ejected_below_floor,308474.7,2026-08-21|USD,1000000.0
ASA.OL,ejected_below_floor,12379.257845999999,2026-08-21|NOK,1000000.0
DGR.DE,ejected_below_floor,6392.549712000001,2026-08-21|EUR,1000000.0
STW.ST,ejected_below_floor,44973.5342,2026-08-21|SEK,1000000.0
ALSGD.PA,ejected_below_floor,56380.421632640006,2026-08-21|EUR,1000000.0
GIGA.OL,ejected_below_floor,25098.814335599996,2026-08-21|NOK,1000000.0
TRLS.L,kept_no_reading,,not-captured,1000000.0
FLEXQ.ST,ejected_below_floor,123389.6118,2026-08-21|SEK,1000000.0
TTO.DE,ejected_below_floor,96.61120640000001,2026-08-21|EUR,1000000.0
PTM.TO,ejected_below_floor,157242.47888339998,2026-08-21|CAD,1000000.0
ALINT.PA,ejected_below_floor,7103.358662400001,2026-08-21|EUR,1000000.0
CHF.L,ejected_below_floor,1468.21282272,2026-08-21|GBp,1000000.0
071670.KQ,ejected_below_floor,481592.0451088201,2026-08-21|KRW,1000000.0
0QW7.L,ejected_below_floor,76910.96160000001,2026-08-21|EUR,1000000.0
ZTEK,ejected_below_floor,110290.50899999999,2026-08-21|USD,1000000.0
ALKLK.PA,ejected_below_floor,99515.5778936,2026-08-21|EUR,1000000.0
BRIGHT.ST,ejected_below_floor,2082.9696678,2026-08-21|SEK,1000000.0
CRIN.DE,ejected_below_floor,911168.6726080001,2026-08-21|EUR,1000000.0
024890.KS,ejected_below_floor,135636.13926724932,2026-08-21|KRW,1000000.0
091810.KS,kept_no_reading,,not-captured,1000000.0
ALDBT.PA,ejected_below_floor,320623.6988032,2026-08-21|EUR,1000000.0
BLEE.PA,ejected_below_floor,868.4804800000001,2026-08-21|EUR,1000000.0
VOTR.DE,ejected_below_floor,23765.829192800007,2026-08-21|EUR,1000000.0
NICA.ST,ejected_below_floor,61837.3114072,2026-08-21|SEK,1000000.0
PRS.OL,ejected_below_floor,993196.1761889999,2026-08-21|NOK,1000000.0
DEF.DE,ejected_below_floor,39591.346592,2026-08-21|EUR,1000000.0
ERD.TO,ejected_below_floor,344599.5890502,2026-08-21|CAD,1000000.0
LHYFE.PA,ejected_below_floor,118476.27504000001,2026-08-21|EUR,1000000.0
MBK.DE,ejected_below_floor,9336.223136,2026-08-21|EUR,1000000.0
SYV.DE,ejected_below_floor,42263.40187624001,2026-08-21|EUR,1000000.0
002210.KS,ejected_below_floor,215384.65929084196,2026-08-21|KRW,1000000.0
GIL.DE,ejected_below_floor,158123.510496,2026-08-21|EUR,1000000.0
LARK.ST,ejected_below_floor,5613.709696000001,2026-08-21|SEK,1000000.0
0P07.L,ejected_below_floor,16230.65202,2026-08-21|CAD,1000000.0
0J4V.L,ejected_below_floor,3888.6796000000004,2026-08-21|USD,1000000.0
AVL.TO,ejected_below_floor,81142.298316,2026-08-21|CAD,1000000.0
LEXX,ejected_below_floor,169280.735,2026-08-21|USD,1000000.0
LXB.ST,ejected_below_floor,1217.3446466999999,2026-08-21|SEK,1000000.0
0DO7.L,ejected_below_floor,381.12494784000006,2026-08-21|EUR,1000000.0
AVT.PA,ejected_below_floor,29996.220496608003,2026-08-21|EUR,1000000.0
URE.TO,ejected_below_floor,510956.9139284999,2026-08-21|CAD,1000000.0
OPTI.ST,ejected_below_floor,88984.66570350001,2026-08-21|SEK,1000000.0
ALCLS.PA,ejected_below_floor,643118.317912,2026-08-21|EUR,1000000.0
QLINEA.ST,ejected_below_floor,15910.292265000002,2026-08-21|SEK,1000000.0
BINERO.ST,ejected_below_floor,2340.685998,2026-08-21|SEK,1000000.0
EGLX.TO,ejected_below_floor,1738.78053435,2026-08-21|CAD,1000000.0
089590.KS,ejected_below_floor,965016.4888710794,2026-08-21|KRW,1000000.0
AMI.DE,ejected_below_floor,9938.02851,2026-08-21|EUR,1000000.0
0QYH.L,ejected_below_floor,25567.2,2026-08-21|USD,1000000.0
BIM.ST,ejected_below_floor,78410.74995600001,2026-08-21|SEK,1000000.0
AIFA,ejected_below_floor,829306.7999999999,2026-08-21|USD,1000000.0
CMCOM.AS,ejected_below_floor,192511.12844640002,2026-08-21|EUR,1000000.0
ALROC.PA,ejected_below_floor,245686.37938560004,2026-08-21|EUR,1000000.0
BEPI,ejected_below_floor,411970.74000000005,2026-08-21|USD,1000000.0
IMMNOV.ST,ejected_below_floor,44767.85038628,2026-08-21|SEK,1000000.0
WAGA.PA,ejected_below_floor,18290.384432000003,2026-08-21|EUR,1000000.0
NXTCL.ST,ejected_below_floor,38875.384379999996,2026-08-21|SEK,1000000.0
GOLD.TO,ejected_below_floor,479199.65931270004,2026-08-21|CAD,1000000.0
PRN.TO,ejected_below_floor,87437.4489396,2026-08-21|CAD,1000000.0
PROF,ejected_below_floor,625562.7,2026-08-21|USD,1000000.0
ABXX.TO,kept_no_reading,,not-captured,1000000.0
FLT.TO,ejected_below_floor,525272.462955,2026-08-21|CAD,1000000.0
0KDU.L,ejected_below_floor,9025.26,2026-08-21|USD,1000000.0
TMQ.TO,ejected_below_floor,956673.1477485,2026-08-21|CAD,1000000.0
MOMENT.ST,ejected_below_floor,4300.7062000000005,2026-08-21|SEK,1000000.0
CORO.L,ejected_below_floor,5588.568011599999,2026-08-21|GBp,1000000.0
AXOLOT.ST,ejected_below_floor,10577.902614999999,2026-08-21|SEK,1000000.0
BOHO.ST,ejected_below_floor,6812.734152,2026-08-21|SEK,1000000.0
WAVE,ejected_below_floor,482881.0,2026-08-21|USD,1000000.0
EMH.DE,ejected_below_floor,21797.2135296,2026-08-21|EUR,1000000.0
EGTX.ST,ejected_below_floor,530854.4709160001,2026-08-21|SEK,1000000.0
SINT,ejected_below_floor,182016.5,2026-08-21|USD,1000000.0
CNSP,ejected_below_floor,167804.89,2026-08-21|USD,1000000.0
MAK.DE,ejected_below_floor,996.4161192000001,2026-08-21|EUR,1000000.0
NVO.TO,ejected_below_floor,12594.5777853,2026-08-21|CAD,1000000.0
CLLS,ejected_below_floor,102813.97499999999,2026-08-21|USD,1000000.0
MANTEX.ST,ejected_below_floor,1432.981872,2026-08-21|SEK,1000000.0
HDP.PA,ejected_below_floor,1433.1667200000002,2026-08-21|EUR,1000000.0
AAQ1.DE,ejected_below_floor,1665.8128128,2026-08-21|EUR,1000000.0
0OB3.L,ejected_below_floor,210053.5520839408,2026-08-21|EUR,1000000.0
BRE.TO,ejected_below_floor,164443.8661524,2026-08-21|CAD,1000000.0
H2O.DE,ejected_below_floor,23306.317214400002,2026-08-21|EUR,1000000.0
CRDL.TO,ejected_below_floor,194817.9311316,2026-08-21|CAD,1000000.0
HPUR.OL,ejected_below_floor,22678.666355999998,2026-08-21|NOK,1000000.0
069640.KS,ejected_below_floor,43445.26298213465,2026-08-21|KRW,1000000.0
PPR.TO,ejected_below_floor,586.2751514999999,2026-08-21|CAD,1000000.0
CIRCHE.ST,ejected_below_floor,3485.7742122000004,2026-08-21|SEK,1000000.0
COBH.BR,ejected_below_floor,10667.584,2026-08-21|EUR,1000000.0
TSK.TO,ejected_below_floor,456463.5130151999,2026-08-21|CAD,1000000.0
ADXN,ejected_below_floor,31645.640000000003,2026-08-21|USD,1000000.0
EMGS.OL,ejected_below_floor,41347.2208788,2026-08-21|NOK,1000000.0
0G8X.L,ejected_below_floor,369.98672760000005,2026-08-21|SEK,1000000.0
NXFIL.AS,ejected_below_floor,201308.5806144,2026-08-21|EUR,1000000.0
ZAPLOX.ST,ejected_below_floor,1760.482829,2026-08-21|SEK,1000000.0
0NFG.L,ejected_below_floor,68.00584800000001,2026-08-21|EUR,1000000.0
MGA.TO,ejected_below_floor,264680.8926615,2026-08-21|CAD,1000000.0
FASTAT.ST,ejected_below_floor,38482.149338849995,2026-08-21|SEK,1000000.0
LCLEAN.ST,ejected_below_floor,2704.9103592,2026-08-21|SEK,1000000.0
CO.PA,ejected_below_floor,112744.08356320001,2026-08-21|EUR,1000000.0
BANQ.BR,ejected_below_floor,33537.14481600001,2026-08-21|EUR,1000000.0
VALN,ejected_below_floor,548183.52,2026-08-21|USD,1000000.0
VVY.AS,ejected_below_floor,82605.0802376,2026-08-21|EUR,1000000.0
ALMAR.PA,ejected_below_floor,4767.957835200001,2026-08-21|EUR,1000000.0
VHC,ejected_below_floor,285705.0,2026-08-21|USD,1000000.0
ALHRS.PA,ejected_below_floor,32168.609740800002,2026-08-21|EUR,1000000.0
0R3M.L,ejected_below_floor,3911.571148800001,2026-08-21|EUR,1000000.0
CWEB.TO,ejected_below_floor,36371.4445098,2026-08-21|CAD,1000000.0
STLR.TO,ejected_below_floor,261091.80265229996,2026-08-21|CAD,1000000.0
GCOR.ST,ejected_below_floor,10130.578480400001,2026-08-21|SEK,1000000.0
ANRG.TO,ejected_below_floor,266985.8962155,2026-08-21|CAD,1000000.0
ALTHE.PA,ejected_below_floor,115704.05172176001,2026-08-21|EUR,1000000.0
009410.KS,ejected_below_floor,410797.56726656674,2026-08-21|KRW,1000000.0
009415.KS,ejected_below_floor,54098.556448384,2026-08-21|KRW,1000000.0
SNYR,ejected_below_floor,591304.0682,2026-08-21|USD,1000000.0
KSC.DE,ejected_below_floor,6762.071343200001,2026-08-21|EUR,1000000.0
OSE.PA,ejected_below_floor,698282.7555587201,2026-08-21|EUR,1000000.0
LGO.TO,ejected_below_floor,119184.736986,2026-08-21|CAD,1000000.0
AELIS.PA,ejected_below_floor,25241.845974400003,2026-08-21|EUR,1000000.0
ALECO.PA,ejected_below_floor,4552.4610432,2026-08-21|EUR,1000000.0
0RD8.L,ejected_below_floor,37648.02006,2026-08-21|EUR,1000000.0
KRN.TO,ejected_below_floor,3592.8040346999996,2026-08-21|CAD,1000000.0
BCO.DE,ejected_below_floor,763865.9187040002,2026-08-21|EUR,1000000.0
ORX.ST,ejected_below_floor,55888.264277999995,2026-08-21|SEK,1000000.0
EST.L,ejected_below_floor,90136.29749985,2026-08-21|GBp,1000000.0
HDF.PA,ejected_below_floor,25296.795627200005,2026-08-21|EUR,1000000.0
MAXENT-B.ST,ejected_below_floor,3328.5551040000005,2026-08-21|SEK,1000000.0
SYZ.TO,ejected_below_floor,71264.0217591,2026-08-21|CAD,1000000.0
PPBT,ejected_below_floor,358159.39,2026-08-21|USD,1000000.0
GOMX.ST,ejected_below_floor,628513.039084,2026-08-21|SEK,1000000.0
SOLT.ST,ejected_below_floor,172250.6438653,2026-08-21|SEK,1000000.0
ARA.TO,ejected_below_floor,305265.7224144,2026-08-21|CAD,1000000.0
323990.KQ,ejected_below_floor,475731.525963239,2026-08-21|KRW,1000000.0
0UYN.L,ejected_below_floor,14121.2586168,2026-08-21|CAD,1000000.0
TCRT,ejected_below_floor,27248.32,2026-08-21|USD,1000000.0
ELIC.ST,ejected_below_floor,148228.76422900002,2026-08-21|SEK,1000000.0
KPT.TO,ejected_below_floor,157416.9876,2026-08-21|CAD,1000000.0
001530.KS,ejected_below_floor,794158.569889356,2026-08-21|KRW,1000000.0
006740.KS,ejected_below_floor,60065.03035059688,2026-08-21|KRW,1000000.0
083790.KQ,ejected_below_floor,128710.725218824,2026-08-21|KRW,1000000.0
PYC.L,ejected_below_floor,25641.643940261998,2026-08-21|GBp,1000000.0
GASX.TO,ejected_below_floor,191174.666832,2026-08-21|CAD,1000000.0
0RNP.L,ejected_below_floor,31467.888614400003,2026-08-21|EUR,1000000.0
ALLGO.PA,ejected_below_floor,4809.68896,2026-08-21|EUR,1000000.0
ARCT.ST,ejected_below_floor,20549.722102,2026-08-21|SEK,1000000.0
BSX.TO,ejected_below_floor,555529.5685836,2026-08-21|CAD,1000000.0
VICO.ST,ejected_below_floor,792702.8417,2026-08-21|SEK,1000000.0
SFD.TO,ejected_below_floor,2314.1768364,2026-08-21|CAD,1000000.0
AVCN.TO,ejected_below_floor,15448.658542199999,2026-08-21|CAD,1000000.0
ACOU.ST,ejected_below_floor,7845.861114,2026-08-21|SEK,1000000.0
MTRK.AS,ejected_below_floor,6221.462536000001,2026-08-21|EUR,1000000.0
067630.KQ,ejected_below_floor,943775.5018569864,2026-08-21|KRW,1000000.0
BYL.TO,ejected_below_floor,25206.027342749996,2026-08-21|CAD,1000000.0
095700.KQ,ejected_below_floor,516510.52042870526,2026-08-21|KRW,1000000.0
CAPS,ejected_below_floor,101649.87,2026-08-21|USD,1000000.0
APLI.TO,ejected_below_floor,445.6506073499999,2026-08-21|CAD,1000000.0
CCM.TO,ejected_below_floor,11084.873295599999,2026-08-21|CAD,1000000.0
PNE3.DE,ejected_below_floor,599019.511248,2026-08-21|EUR,1000000.0
EARN.L,ejected_below_floor,10440.0340772,2026-08-21|GBp,1000000.0
CRIS,ejected_below_floor,427826.08,2026-08-21|USD,1000000.0
ACRM.L,ejected_below_floor,6228.523293124999,2026-08-21|GBp,1000000.0
FCP.LS,ejected_below_floor,1306.1297088000001,2026-08-21|EUR,1000000.0
004540.KS,ejected_below_floor,312380.7962405923,2026-08-21|KRW,1000000.0
004545.KS,ejected_below_floor,13827.548028105,2026-08-21|KRW,1000000.0
OXE.ST,ejected_below_floor,20946.6894665,2026-08-21|SEK,1000000.0
LYTIX.OL,ejected_below_floor,30926.52105,2026-08-21|NOK,1000000.0
FURY.TO,ejected_below_floor,62687.7166734,2026-08-21|CAD,1000000.0
ALCJ.PA,ejected_below_floor,401106.33913536003,2026-08-21|EUR,1000000.0
ALCBI.PA,ejected_below_floor,104685.858209616,2026-08-21|EUR,1000000.0
BRFH,ejected_below_floor,19716.0,2026-08-21|USD,1000000.0
ALAGP.PA,ejected_below_floor,12793.907137920001,2026-08-21|EUR,1000000.0
CTXR,ejected_below_floor,329156.28219999996,2026-08-21|USD,1000000.0
PGN.DE,ejected_below_floor,734.1500880000001,2026-08-21|EUR,1000000.0
APRE,ejected_below_floor,51549.2724,2026-08-21|USD,1000000.0
290670.KQ,ejected_below_floor,117585.7962339515,2026-08-21|KRW,1000000.0
HPHA.DE,ejected_below_floor,8272.01568,2026-08-21|EUR,1000000.0
GP,ejected_below_floor,408496.12,2026-08-21|USD,1000000.0
SPRINT.ST,ejected_below_floor,122734.194772,2026-08-21|SEK,1000000.0
AHG,ejected_below_floor,12546.3015,2026-08-21|USD,1000000.0
ANDF.OL,ejected_below_floor,46134.259096,2026-08-21|NOK,1000000.0
SLVR.TO,ejected_below_floor,625744.2519342,2026-08-21|CAD,1000000.0
GNLX,ejected_below_floor,611480.4800000001,2026-08-21|USD,1000000.0
ZLNA.OL,ejected_below_floor,182815.039632,2026-08-21|NOK,1000000.0
MAAT.PA,ejected_below_floor,236882.95568960003,2026-08-21|EUR,1000000.0
FRAM-B.ST,ejected_below_floor,1089.60124,2026-08-21|SEK,1000000.0
TCF.L,ejected_below_floor,6563.491032055999,2026-08-21|GBp,1000000.0
ELO.TO,ejected_below_floor,198634.449312,2026-08-21|CAD,1000000.0
TOURN.ST,ejected_below_floor,12095.533324,2026-08-21|SEK,1000000.0
ISPC,ejected_below_floor,414957.52999999997,2026-08-21|USD,1000000.0
AZRN.AS,ejected_below_floor,50474.94916800001,2026-08-21|EUR,1000000.0
FNGR,ejected_below_floor,435023.15640000004,2026-08-21|USD,1000000.0
ALUCI.PA,ejected_below_floor,467.2401792,2026-08-21|EUR,1000000.0
EPRX.TO,ejected_below_floor,447630.65170200006,2026-08-21|CAD,1000000.0
LCFY,ejected_below_floor,32213.949999999997,2026-08-21|USD,1000000.0
006570.KS,ejected_below_floor,169482.82684951962,2026-08-21|KRW,1000000.0
AEX.L,ejected_below_floor,102884.38627739999,2026-08-21|GBp,1000000.0
AGMR.TO,ejected_below_floor,365292.4804452,2026-08-21|CAD,1000000.0
NOL.OL,ejected_below_floor,894539.2766256001,2026-08-21|NOK,1000000.0
IMPC.ST,ejected_below_floor,33544.1316,2026-08-21|SEK,1000000.0
MOLN,ejected_below_floor,21247.1171,2026-08-21|USD,1000000.0
0VNO.L,ejected_below_floor,13997.490000000002,2026-08-21|USD,1000000.0
DOXA.ST,ejected_below_floor,26617.6303456,2026-08-21|SEK,1000000.0
NIO.ST,ejected_below_floor,14193.861584,2026-08-21|SEK,1000000.0
DMYD-B.ST,ejected_below_floor,64535.2100946,2026-08-21|SEK,1000000.0
A1G.DE,ejected_below_floor,216382.9899456,2026-08-21|EUR,1000000.0
NEXT.OL,ejected_below_floor,30461.8164368,2026-08-21|NOK,1000000.0
CODE.OL,ejected_below_floor,7046.731306,2026-08-21|NOK,1000000.0
0QXX.L,ejected_below_floor,27864.2856492,2026-08-21|CHF,1000000.0
XSPRAY.ST,ejected_below_floor,195987.65183200003,2026-08-21|SEK,1000000.0
UFO.L,ejected_below_floor,40929.01628508,2026-08-21|GBp,1000000.0
KLAR.ST,ejected_below_floor,96920.88576660001,2026-08-21|SEK,1000000.0
EKOP.BR,ejected_below_floor,21531.242832000004,2026-08-21|EUR,1000000.0
ACE.ST,ejected_below_floor,143208.62896200002,2026-08-21|SEK,1000000.0
0HX7.L,ejected_below_floor,59546.35,2026-08-21|USD,1000000.0
0HE6.L,ejected_below_floor,763542.1,2026-08-21|USD,1000000.0
BNN.DE,ejected_below_floor,8732.692976,2026-08-21|EUR,1000000.0
0URY.L,ejected_below_floor,209010.53509649995,2026-08-21|CAD,1000000.0
0KCC.L,ejected_below_floor,1637.7791599999998,2026-08-21|USD,1000000.0
SJJ.DE,ejected_below_floor,115036.327056,2026-08-21|EUR,1000000.0
AQMS,ejected_below_floor,249702.22,2026-08-21|USD,1000000.0
CANTA.ST,ejected_below_floor,233171.41286880005,2026-08-21|SEK,1000000.0
ACET,ejected_below_floor,832448.58,2026-08-21|USD,1000000.0
REALFI.ST,ejected_below_floor,1859.7159350000002,2026-08-21|SEK,1000000.0
CMMB,ejected_below_floor,287089.92000000004,2026-08-21|USD,1000000.0
SLR.TO,ejected_below_floor,8478.0168264,2026-08-21|CAD,1000000.0
0QN1.L,ejected_below_floor,26429.099534056797,2026-08-21|CHF,1000000.0
LAM.TO,ejected_below_floor,135033.4934325,2026-08-21|CAD,1000000.0
NDLS,ejected_below_floor,785798.46,2026-08-21|USD,1000000.0
SVB.TO,ejected_below_floor,25009.6347225,2026-08-21|CAD,1000000.0
ALENT.PA,ejected_below_floor,16108.133006400003,2026-08-21|EUR,1000000.0
CHARGE.ST,ejected_below_floor,18713.839760000003,2026-08-21|SEK,1000000.0
GRC.TO,ejected_below_floor,1012.666914,2026-08-21|CAD,1000000.0
VGZ.TO,ejected_below_floor,138425.0621904,2026-08-21|CAD,1000000.0
M3V.DE,ejected_below_floor,965.88016,2026-08-21|EUR,1000000.0
USEA,ejected_below_floor,171106.495,2026-08-21|USD,1000000.0
0Q77.L,ejected_below_floor,4389.92996528,2026-08-21|EUR,1000000.0
0HH6.L,ejected_below_floor,5617.1255,2026-08-21|USD,1000000.0
OBD.L,ejected_below_floor,40141.61996249999,2026-08-21|GBp,1000000.0
ALMAS.PA,ejected_below_floor,12054.23309664,2026-08-21|EUR,1000000.0
DIVIO-B.ST,ejected_below_floor,5905.9364973,2026-08-21|SEK,1000000.0
BBLG,ejected_below_floor,208714.3386,2026-08-21|USD,1000000.0
ELR.TO,ejected_below_floor,45766.025136000004,2026-08-21|CAD,1000000.0
VANTI.PA,ejected_below_floor,7720.1289174720005,2026-08-21|EUR,1000000.0
TRZ.TO,ejected_below_floor,94763.3822676,2026-08-21|CAD,1000000.0
CLEMO.ST,ejected_below_floor,9350.092005659999,2026-08-21|SEK,1000000.0
FOOD.TO,ejected_below_floor,8745.3833922,2026-08-21|CAD,1000000.0
BUY.ST,ejected_below_floor,13775.610240000002,2026-08-21|SEK,1000000.0
HYL.BR,ejected_below_floor,15116.082480000001,2026-08-21|EUR,1000000.0
0MTP.L,ejected_below_floor,49683.897782399996,2026-08-21|NOK,1000000.0
KEN.L,ejected_below_floor,268426.21014460997,2026-08-21|GBp,1000000.0
DII-B.TO,ejected_below_floor,27824.469408,2026-08-21|CAD,1000000.0
NORSE.OL,ejected_below_floor,283796.79349059,2026-08-21|NOK,1000000.0
NICO.ST,ejected_below_floor,395.33819850000003,2026-08-21|SEK,1000000.0
ITH.TO,ejected_below_floor,164567.0636235,2026-08-21|CAD,1000000.0
CGNR.L,ejected_below_floor,6405.785612799999,2026-08-21|GBp,1000000.0
ALBLU.PA,ejected_below_floor,816.4876032000001,2026-08-21|EUR,1000000.0
TC.TO,ejected_below_floor,46498.6977975,2026-08-21|CAD,1000000.0
ALNRG.PA,ejected_below_floor,22169.345240320003,2026-08-21|EUR,1000000.0
ALTHX.PA,ejected_below_floor,578361.6942488002,2026-08-21|EUR,1000000.0
CYAD.BR,ejected_below_floor,5016.034820160001,2026-08-21|EUR,1000000.0
NANO.TO,ejected_below_floor,56664.923112000004,2026-08-21|CAD,1000000.0
EARTH.AS,ejected_below_floor,23560.066571200005,2026-08-21|EUR,1000000.0
CHLL.L,ejected_below_floor,1775.1386604,2026-08-21|GBp,1000000.0
ECOB.L,ejected_below_floor,49746.99543912,2026-08-21|GBp,1000000.0
TCX,ejected_below_floor,671119.68,2026-08-21|USD,1000000.0
IRLAB-A.ST,ejected_below_floor,117076.567475,2026-08-21|SEK,1000000.0
BTTC,ejected_below_floor,740027.527,2026-08-21|USD,1000000.0
PXS.L,ejected_below_floor,17823.67148205,2026-08-21|GBp,1000000.0
SPAGO.ST,ejected_below_floor,5534.658222800001,2026-08-21|SEK,1000000.0
OPTI.BR,ejected_below_floor,20148.341304,2026-08-21|EUR,1000000.0
DTSS,ejected_below_floor,303685.62659999996,2026-08-21|USD,1000000.0
0QOI.L,ejected_below_floor,64772.194978584004,2026-08-21|CHF,1000000.0
IPR.LS,ejected_below_floor,39114.4852956,2026-08-21|EUR,1000000.0
0UNV.L,ejected_below_floor,4786.057325475,2026-08-21|CAD,1000000.0
GENM.TO,ejected_below_floor,367118.8002,2026-08-21|CAD,1000000.0
ALDRV.PA,ejected_below_floor,191951.45597088002,2026-08-21|EUR,1000000.0
308170.KS,ejected_below_floor,55335.3629038056,2026-08-21|KRW,1000000.0
CETY,ejected_below_floor,47311.0,2026-08-21|USD,1000000.0
INIT.ST,ejected_below_floor,29533.808073,2026-08-21|SEK,1000000.0
AB.PA,ejected_below_floor,365047.54791120003,2026-08-21|EUR,1000000.0
ALAMA.PA,ejected_below_floor,3465.95485808,2026-08-21|EUR,1000000.0
IZAFE-B.ST,ejected_below_floor,12672.931866,2026-08-21|SEK,1000000.0
ABNX.PA,ejected_below_floor,357799.6724736,2026-08-21|EUR,1000000.0
NP5.DE,ejected_below_floor,59734.759936,2026-08-21|EUR,1000000.0
IDEX.OL,ejected_below_floor,109210.0813748,2026-08-21|NOK,1000000.0
PILA.ST,ejected_below_floor,9727.531156000001,2026-08-21|SEK,1000000.0
ALARF.PA,ejected_below_floor,5599.8322688,2026-08-21|EUR,1000000.0
AMC.TO,ejected_below_floor,26927.76663,2026-08-21|CAD,1000000.0
SONM,ejected_below_floor,83046.53,2026-08-21|USD,1000000.0
SST,ejected_below_floor,310598.76,2026-08-21|USD,1000000.0
ALGEC.PA,ejected_below_floor,3883.5571456000002,2026-08-21|EUR,1000000.0
ALTOO.PA,ejected_below_floor,14690.45283552,2026-08-21|EUR,1000000.0
SALME.OL,ejected_below_floor,384144.8910435,2026-08-21|NOK,1000000.0
0RNK.L,ejected_below_floor,9129.2374295136,2026-08-21|EUR,1000000.0
ALPRE.PA,ejected_below_floor,1119.7484640000002,2026-08-21|EUR,1000000.0
IMM.L,ejected_below_floor,99968.07120522599,2026-08-21|GBp,1000000.0
HEXI.ST,ejected_below_floor,6405.781418400001,2026-08-21|SEK,1000000.0
FMR.TO,ejected_below_floor,8002.1960721,2026-08-21|CAD,1000000.0
OREGE.PA,ejected_below_floor,7403.4540336,2026-08-21|EUR,1000000.0
DIAM.TO,ejected_below_floor,2430.1121256,2026-08-21|CAD,1000000.0
012205.KS,ejected_below_floor,853858.719903301,2026-08-21|KRW,1000000.0
NEXT.TO,ejected_below_floor,24744.006176400002,2026-08-21|CAD,1000000.0
KXIN,ejected_below_floor,702333.1699999999,2026-08-21|USD,1000000.0
ALRPD.PA,ejected_below_floor,60621.21297600001,2026-08-21|EUR,1000000.0
0QAV.L,ejected_below_floor,371581.1938144,2026-08-21|EUR,1000000.0
OCG.TO,ejected_below_floor,108860.61871170001,2026-08-21|CAD,1000000.0
TGO.TO,ejected_below_floor,17311.5055575,2026-08-21|CAD,1000000.0
MSCL.TO,ejected_below_floor,219042.2766294,2026-08-21|CAD,1000000.0
ZOOZ,ejected_below_floor,95550.944,2026-08-21|USD,1000000.0
MSLE,ejected_below_floor,556586.03,2026-08-21|USD,1000000.0
000520.KS,ejected_below_floor,557391.297825194,2026-08-21|KRW,1000000.0
QNTM,ejected_below_floor,940695.52,2026-08-21|USD,1000000.0
ISLAX.OL,ejected_below_floor,10342.60205,2026-08-21|NOK,1000000.0
4BB.L,ejected_below_floor,5645.607757999999,2026-08-21|GBp,1000000.0
006370.KS,ejected_below_floor,348441.901674727,2026-08-21|KRW,1000000.0
PROGEN.ST,ejected_below_floor,27095.76861145,2026-08-21|SEK,1000000.0
SRES.L,ejected_below_floor,9503.617219068,2026-08-21|GBp,1000000.0
BIOEX.ST,ejected_below_floor,25363.440368,2026-08-21|SEK,1000000.0
0AH7.L,ejected_below_floor,5250.584844800001,2026-08-21|EUR,1000000.0
007460.KS,ejected_below_floor,283953.0085996716,2026-08-21|KRW,1000000.0
MODEL.ST,ejected_below_floor,760.347,2026-08-21|SEK,1000000.0
88Q.DE,ejected_below_floor,986.1717600000001,2026-08-21|EUR,1000000.0
GUARD.ST,ejected_below_floor,4351.454408,2026-08-21|SEK,1000000.0
JYD,ejected_below_floor,250321.8969,2026-08-21|USD,1000000.0
BYW.DE,ejected_below_floor,1846.5356000000002,2026-08-21|EUR,1000000.0
BYW6.DE,ejected_below_floor,80822.7820456,2026-08-21|EUR,1000000.0
EBUS.AS,ejected_below_floor,148969.20677184002,2026-08-21|EUR,1000000.0
VIVE.ST,ejected_below_floor,37457.546868000005,2026-08-21|SEK,1000000.0
TNG.PA,ejected_below_floor,46923.30694144001,2026-08-21|EUR,1000000.0
0MV8.L,ejected_below_floor,2998.03867872,2026-08-21|EUR,1000000.0
QLIFE.ST,ejected_below_floor,14037.5459224,2026-08-21|SEK,1000000.0
WYLD.ST,ejected_below_floor,384841.9792644,2026-08-21|SEK,1000000.0
CVX.PA,ejected_below_floor,350428.11683520005,2026-08-21|EUR,1000000.0
XINT.ST,ejected_below_floor,5802.383181,2026-08-21|SEK,1000000.0
MDAI,ejected_below_floor,724350.4,2026-08-21|USD,1000000.0
0IYU.L,ejected_below_floor,1886.6928,2026-08-21|USD,1000000.0
AUMN.TO,ejected_below_floor,3416.831343,2026-08-21|CAD,1000000.0
ONCOZ.ST,ejected_below_floor,21366.694615000004,2026-08-21|SEK,1000000.0
COCH,ejected_below_floor,293098.5,2026-08-21|USD,1000000.0
IBT-B.ST,ejected_below_floor,50256.81941,2026-08-21|SEK,1000000.0
ALDVI.PA,ejected_below_floor,154597.58642304,2026-08-21|EUR,1000000.0
SIMRIS-B.ST,ejected_below_floor,1863.2103604799997,2026-08-21|SEK,1000000.0
RDZN,ejected_below_floor,788872.5,2026-08-21|USD,1000000.0
SYNACT.ST,ejected_below_floor,830549.41088,2026-08-21|SEK,1000000.0
JAN.L,ejected_below_floor,41510.8108646,2026-08-21|GBp,1000000.0
0V9D.L,ejected_below_floor,204478.9335909,2026-08-21|CAD,1000000.0
LOOP,ejected_below_floor,938576.701,2026-08-21|USD,1000000.0
BCTX,ejected_below_floor,668562.62,2026-08-21|USD,1000000.0
ITN.DE,ejected_below_floor,107.69621760000001,2026-08-21|EUR,1000000.0
PREM.L,ejected_below_floor,66388.44804536176,2026-08-21|GBp,1000000.0
ALMIB.PA,ejected_below_floor,173113.29341952,2026-08-21|EUR,1000000.0
RECY-B.ST,ejected_below_floor,5707.61353092,2026-08-21|SEK,1000000.0
PDSB,ejected_below_floor,281328.801,2026-08-21|USD,1000000.0
ERMA.ST,ejected_below_floor,10981.4783232,2026-08-21|SEK,1000000.0
UTSI,ejected_below_floor,764532.55,2026-08-21|USD,1000000.0
RRR.L,ejected_below_floor,11167.678259057599,2026-08-21|GBp,1000000.0
SAU.TO,ejected_below_floor,6966.33993675,2026-08-21|CAD,1000000.0
LOYAL.ST,ejected_below_floor,1102.1589600000002,2026-08-21|SEK,1000000.0
HEMO.L,ejected_below_floor,101419.59421439999,2026-08-21|GBp,1000000.0
ANOT.ST,ejected_below_floor,151083.01600084,2026-08-21|SEK,1000000.0
ATORX.ST,ejected_below_floor,27305.034712970002,2026-08-21|SEK,1000000.0
SZZL,ejected_below_floor,600310.7,2026-08-21|USD,1000000.0
HILB-B.ST,ejected_below_floor,96735.168978,2026-08-21|SEK,1000000.0
HBC.OL,ejected_below_floor,23806.3918082,2026-08-21|NOK,1000000.0
0OCQ.L,ejected_below_floor,491.404576,2026-08-21|EUR,1000000.0
FLUO.ST,ejected_below_floor,27194.39975,2026-08-21|SEK,1000000.0
BMV.L,ejected_below_floor,11081.412576233999,2026-08-21|GBp,1000000.0
PYR.TO,ejected_below_floor,51723.177804,2026-08-21|CAD,1000000.0
HUI.L,ejected_below_floor,9500.462699,2026-08-21|GBp,1000000.0
ISOFOL.ST,ejected_below_floor,41149.12438,2026-08-21|SEK,1000000.0
ZIOC.L,ejected_below_floor,102073.60663808,2026-08-21|GBp,1000000.0
ALSRS.PA,ejected_below_floor,25327.921666128004,2026-08-21|EUR,1000000.0
PLUR,ejected_below_floor,44579.7,2026-08-21|USD,1000000.0
BCT.TO,ejected_below_floor,25136.841898799998,2026-08-21|CAD,1000000.0
POXEL.PA,ejected_below_floor,37191.23109836801,2026-08-21|EUR,1000000.0
ALHPI.PA,ejected_below_floor,68253.79419110401,2026-08-21|EUR,1000000.0
WSBN.L,ejected_below_floor,91541.77811239999,2026-08-21|GBp,1000000.0
ENERS.ST,ejected_below_floor,5830.23752857,2026-08-21|SEK,1000000.0
TESSIN.ST,ejected_below_floor,1764.111426,2026-08-21|SEK,1000000.0
CALC,ejected_below_floor,772185.9519999999,2026-08-21|USD,1000000.0
NCOD.OL,ejected_below_floor,12068.14646,2026-08-21|NOK,1000000.0
TENEO.ST,ejected_below_floor,73976.366618,2026-08-21|SEK,1000000.0
AINO.ST,ejected_below_floor,1411.8117881,2026-08-21|SEK,1000000.0
SDST,ejected_below_floor,435439.8009,2026-08-21|USD,1000000.0
OMEX,ejected_below_floor,513042.054,2026-08-21|USD,1000000.0
ANNX.ST,ejected_below_floor,10786.9146,2026-08-21|SEK,1000000.0
MODTX.ST,ejected_below_floor,21491.0724693,2026-08-21|SEK,1000000.0
VRTS.TO,ejected_below_floor,838.3312782,2026-08-21|CAD,1000000.0
EDT.TO,ejected_below_floor,53244.9330444,2026-08-21|CAD,1000000.0
TPST,ejected_below_floor,220226.24000000002,2026-08-21|USD,1000000.0
RPLAN.ST,ejected_below_floor,648.926439,2026-08-21|SEK,1000000.0
ORGC.ST,ejected_below_floor,4141.110512,2026-08-21|SEK,1000000.0
RTG.TO,ejected_below_floor,3908.164464,2026-08-21|CAD,1000000.0
OXUR.BR,ejected_below_floor,3971.81285088,2026-08-21|EUR,1000000.0
MDNA.TO,ejected_below_floor,18969.922512899997,2026-08-21|CAD,1000000.0
NCF.TO,ejected_below_floor,20583.97669575,2026-08-21|CAD,1000000.0
SLXN,ejected_below_floor,111648.53,2026-08-21|USD,1000000.0
HBP.TO,ejected_below_floor,1866.8062386,2026-08-21|CAD,1000000.0
ETG.TO,ejected_below_floor,191265.31790099997,2026-08-21|CAD,1000000.0
PAT.L,ejected_below_floor,86369.22648479999,2026-08-21|GBp,1000000.0
BU.TO,ejected_below_floor,4012.6619969999997,2026-08-21|CAD,1000000.0
BIOSGN.ST,ejected_below_floor,19534.071648,2026-08-21|SEK,1000000.0
FT.TO,ejected_below_floor,59184.474741,2026-08-21|CAD,1000000.0
SVA.TO,ejected_below_floor,9916.0875,2026-08-21|CAD,1000000.0
DYA.TO,ejected_below_floor,9605.7464139,2026-08-21|CAD,1000000.0
RVX.TO,ejected_below_floor,2409.212619,2026-08-21|CAD,1000000.0
NYR.BR,ejected_below_floor,3432.5038656,2026-08-21|EUR,1000000.0
URU.L,ejected_below_floor,24861.11879454,2026-08-21|GBp,1000000.0
FINM.PA,ejected_below_floor,7930.073232,2026-08-21|EUR,1000000.0
SEED,ejected_below_floor,153567.6417,2026-08-21|USD,1000000.0
BKI.TO,ejected_below_floor,8180.98493265,2026-08-21|CAD,1000000.0
ESM.TO,ejected_below_floor,45605.672986499994,2026-08-21|CAD,1000000.0
0RH3.L,ejected_below_floor,2588.0486400000004,2026-08-21|EUR,1000000.0
SNG.DE,ejected_below_floor,406513.14842880005,2026-08-21|EUR,1000000.0
CCM,ejected_below_floor,391772.48000000004,2026-08-21|USD,1000000.0
NSE.AS,ejected_below_floor,2048.54253632,2026-08-21|EUR,1000000.0
ALK.L,ejected_below_floor,201770.87135519998,2026-08-21|GBp,1000000.0
ARCTIC.ST,ejected_below_floor,15544.888020479999,2026-08-21|SEK,1000000.0
RAIN,ejected_below_floor,459123.41000000003,2026-08-21|USD,1000000.0
NRSN,ejected_below_floor,98476.2048,2026-08-21|USD,1000000.0
