source,verdict,dollarVolume_usd,dollarVolume_basis,floor_usd
KIN2.DE,ejected_below_floor,110493.5098188,2026-08-21|EUR,1000000.0
SBI.TO,ejected_below_floor,145587.0768,2026-08-21|CAD,1000000.0
0J3H.L,ejected_below_floor,213985.19999999998,2026-08-21|USD,1000000.0
0VOA.L,ejected_below_floor,53341.37684399999,2026-08-21|CAD,1000000.0
HFF.DE,ejected_below_floor,4639.3699312,2026-08-21|EUR,1000000.0
GMR.L,ejected_below_floor,117553.57739327998,2026-08-21|GBp,1000000.0
0LJL.L,ejected_below_floor,139234.94,2026-08-21|USD,1000000.0
0QYM.L,ejected_below_floor,460895.437248,2026-08-21|CAD,1000000.0
CFX.L,ejected_below_floor,96110.287056,2026-08-21|GBp,1000000.0
216050.KQ,ejected_below_floor,136238.14543959,2026-08-21|KRW,1000000.0
234080.KS,ejected_below_floor,268727.3867509305,2026-08-21|KRW,1000000.0
0JSU.L,ejected_below_floor,8489.909915999999,2026-08-21|EUR,1000000.0
001065.KS,ejected_below_floor,5163.374977425,2026-08-21|KRW,1000000.0
001067.KS,ejected_below_floor,2534.5704735,2026-08-21|KRW,1000000.0
0QNG.L,ejected_below_floor,270277.30030329,2026-08-21|CHF,1000000.0
0HQU.L,ejected_below_floor,321226.80000000005,2026-08-21|USD,1000000.0
0VCO.L,ejected_below_floor,23794.48782,2026-08-21|CAD,1000000.0
ALNTG.PA,ejected_below_floor,20299.821446519996,2026-08-21|EUR,1000000.0
PA9.DE,ejected_below_floor,3632.15609,2026-08-21|EUR,1000000.0
MOUR.BR,ejected_below_floor,43984.460399999996,2026-08-21|EUR,1000000.0
LOUP.PA,ejected_below_floor,689391.034464,2026-08-21|EUR,1000000.0
PRU.TO,ejected_below_floor,145278.93290400002,2026-08-21|CAD,1000000.0
007700.KS,ejected_below_floor,247089.1448337885,2026-08-21|KRW,1000000.0
EIN.DE,ejected_below_floor,296699.543512,2026-08-21|EUR,1000000.0
092730.KQ,ejected_below_floor,981055.6516027575,2026-08-21|KRW,1000000.0
028100.KS,ejected_below_floor,451690.64215143,2026-08-21|KRW,1000000.0
EMBELL.ST,ejected_below_floor,37311.067776,2026-08-21|SEK,1000000.0
0EAQ.L,ejected_below_floor,121281.8106,2026-08-21|USD,1000000.0
SNFCA,ejected_below_floor,322424.775,2026-08-21|USD,1000000.0
0VL5.L,ejected_below_floor,23924.426368,2026-08-21|CAD,1000000.0
0RJ6.L,ejected_below_floor,7742.616963999999,2026-08-21|EUR,1000000.0
SEA1.OL,ejected_below_floor,491342.896848,2026-08-21|NOK,1000000.0
LNF.TO,ejected_below_floor,462566.17452,2026-08-21|CAD,1000000.0
0KAN.L,ejected_below_floor,18234.2,2026-08-21|USD,1000000.0
DBO.TO,ejected_below_floor,658289.662216,2026-08-21|CAD,1000000.0
HCL.DE,ejected_below_floor,418719.33618479996,2026-08-21|EUR,1000000.0
0QQF.L,ejected_below_floor,8434.47162,2026-08-21|CHF,1000000.0
0KGH.L,ejected_below_floor,92057.72,2026-08-21|USD,1000000.0
SFE.DE,ejected_below_floor,158.4559416,2026-08-21|EUR,1000000.0
268280.KS,ejected_below_floor,320328.11489903997,2026-08-21|KRW,1000000.0
033270.KS,ejected_below_floor,389523.2535943065,2026-08-21|KRW,1000000.0
FCAP,ejected_below_floor,727450.96,2026-08-21|USD,1000000.0
XLY.TO,ejected_below_floor,212722.70166,2026-08-21|CAD,1000000.0
0AHJ.L,ejected_below_floor,94956.982988,2026-08-21|CAD,1000000.0
TCL-B.TO,ejected_below_floor,5850.58452,2026-08-21|CAD,1000000.0
032850.KQ,ejected_below_floor,178311.6903547575,2026-08-21|KRW,1000000.0
PES.DE,ejected_below_floor,5710.7073816,2026-08-21|EUR,1000000.0
RTC.L,ejected_below_floor,10954.3097895,2026-08-21|GBp,1000000.0
TWC.TO,ejected_below_floor,35487.163344,2026-08-21|CAD,1000000.0
069730.KS,ejected_below_floor,244446.179951805,2026-08-21|KRW,1000000.0
0IWV.L,ejected_below_floor,29842.76876,2026-08-21|EUR,1000000.0
ERIC-A.ST,ejected_below_floor,336281.510176,2026-08-21|SEK,1000000.0
ITU.DE,ejected_below_floor,744407.27304,2026-08-21|EUR,1000000.0
NRG.PA,ejected_below_floor,68285.46686,2026-08-21|EUR,1000000.0
0R0A.L,ejected_below_floor,770762.75,2026-08-21|USD,1000000.0
0KNY.L,ejected_below_floor,308863.05,2026-08-21|USD,1000000.0
M12.DE,ejected_below_floor,111593.028092,2026-08-21|EUR,1000000.0
UNP.DE,ejected_below_floor,38980.441344,2026-08-21|EUR,1000000.0
0GX2.L,ejected_below_floor,54490.383024,2026-08-21|EUR,1000000.0
ERCG.DE,ejected_below_floor,3498.0582624,2026-08-21|EUR,1000000.0
CDM1.DE,ejected_below_floor,299421.72591589997,2026-08-21|EUR,1000000.0
VAN.BR,ejected_below_floor,81481.737348,2026-08-21|EUR,1000000.0
OPLN,kept_no_reading,,no-reading,1000000.0
ERCB.DE,ejected_below_floor,124816.46312168,2026-08-21|EUR,1000000.0
YCP.DE,ejected_below_floor,111400.1677712,2026-08-21|EUR,1000000.0
CCLD,ejected_below_floor,767354.69,2026-08-21|USD,1000000.0
0QQM.L,ejected_below_floor,9839.016,2026-08-21|CHF,1000000.0
0GBU.L,ejected_below_floor,27315.628032,2026-08-21|SEK,1000000.0
0QLD.L,ejected_below_floor,239249.08243235995,2026-08-21|CHF,1000000.0
SOBA.DE,ejected_below_floor,195265.02607259998,2026-08-21|EUR,1000000.0
SIP.BR,ejected_below_floor,515925.8328,2026-08-21|EUR,1000000.0
007540.KS,ejected_below_floor,175495.609254735,2026-08-21|KRW,1000000.0
043150.KQ,ejected_below_floor,532301.782320279,2026-08-21|KRW,1000000.0
NRO.PA,ejected_below_floor,367658.75043099996,2026-08-21|EUR,1000000.0
MED.DE,ejected_below_floor,46319.45951,2026-08-21|EUR,1000000.0
0Q4C.L,ejected_below_floor,522.067807,2026-08-21|EUR,1000000.0
NEDAP.AS,ejected_below_floor,585944.4552259999,2026-08-21|EUR,1000000.0
0HF6.L,ejected_below_floor,956578.0,2026-08-21|USD,1000000.0
DVD.OL,ejected_below_floor,396779.03503200004,2026-08-21|NOK,1000000.0
EIOF.OL,ejected_below_floor,30803.65008,2026-08-21|NOK,1000000.0
0JPO.L,ejected_below_floor,820399.9500000001,2026-08-21|USD,1000000.0
KLA.DE,ejected_below_floor,612553.7484528,2026-08-21|EUR,1000000.0
0I4T.L,ejected_below_floor,6102.99,2026-08-21|USD,1000000.0
GSC1.DE,ejected_below_floor,53948.094486,2026-08-21|EUR,1000000.0
0NNU.L,ejected_below_floor,9476.588352,2026-08-21|EUR,1000000.0
ALTPC.PA,ejected_below_floor,90290.51711999999,2026-08-21|EUR,1000000.0
ALTN.L,ejected_below_floor,944426.166222,2026-08-21|GBp,1000000.0
AZ2.DE,ejected_below_floor,44259.50896,2026-08-21|EUR,1000000.0
0RR8.L,ejected_below_floor,396635.736,2026-08-21|USD,1000000.0
68V.DE,ejected_below_floor,111152.892123,2026-08-21|EUR,1000000.0
FDBC,ejected_below_floor,698369.86,2026-08-21|USD,1000000.0
053580.KQ,ejected_below_floor,171262.891005987,2026-08-21|KRW,1000000.0
ANTIN.PA,ejected_below_floor,410128.7771432,2026-08-21|EUR,1000000.0
HYDRA.AS,ejected_below_floor,42795.6912,2026-08-21|EUR,1000000.0
120030.KS,ejected_below_floor,58348.41185943,2026-08-21|KRW,1000000.0
PZA.TO,ejected_below_floor,654544.9221600001,2026-08-21|CAD,1000000.0
078520.KS,ejected_below_floor,860578.887904095,2026-08-21|KRW,1000000.0
BOI.PA,ejected_below_floor,66403.598598,2026-08-21|EUR,1000000.0
0QKP.L,ejected_below_floor,10832.856,2026-08-21|CHF,1000000.0
0DTF.L,ejected_below_floor,32953.96423,2026-08-21|EUR,1000000.0
0QZ5.L,ejected_below_floor,430008.0,2026-08-21|USD,1000000.0
MULT.DE,ejected_below_floor,63370.5938394,2026-08-21|EUR,1000000.0
2020.OL,ejected_below_floor,134135.1058464,2026-08-21|NOK,1000000.0
ALPM.PA,ejected_below_floor,123568.71232199999,2026-08-21|EUR,1000000.0
AMG.DE,ejected_below_floor,182953.502889,2026-08-21|EUR,1000000.0
0QYZ.L,ejected_below_floor,236129.945664,2026-08-21|CAD,1000000.0
ALLUX.PA,ejected_below_floor,109965.81284,2026-08-21|EUR,1000000.0
BVFL,ejected_below_floor,437653.44000000006,2026-08-21|USD,1000000.0
036800.KQ,ejected_below_floor,572423.729633847,2026-08-21|KRW,1000000.0
009180.KS,ejected_below_floor,142152.1793160825,2026-08-21|KRW,1000000.0
200670.KQ,ejected_below_floor,582691.180749015,2026-08-21|KRW,1000000.0
CXI.TO,ejected_below_floor,100925.54741600002,2026-08-21|CAD,1000000.0
058860.KS,ejected_below_floor,145453.410421326,2026-08-21|KRW,1000000.0
0O6D.L,ejected_below_floor,3538.3365599999997,2026-08-21|EUR,1000000.0
267980.KQ,ejected_below_floor,144288.5478273,2026-08-21|KRW,1000000.0
MPCK.DE,ejected_below_floor,97570.912648,2026-08-21|EUR,1000000.0
A4S.DE,ejected_below_floor,5555.74782,2026-08-21|EUR,1000000.0
0HC2.L,ejected_below_floor,6528.01,2026-08-21|USD,1000000.0
SFCA.PA,ejected_below_floor,750.8825688,2026-08-21|EUR,1000000.0
VUXEN.ST,ejected_below_floor,43311.178680000005,2026-08-21|SEK,1000000.0
0MT8.L,ejected_below_floor,10974.437543999999,2026-08-21|EUR,1000000.0
DRW8.DE,ejected_below_floor,144563.425308,2026-08-21|EUR,1000000.0
IVU.DE,ejected_below_floor,299697.10663199995,2026-08-21|EUR,1000000.0
SVED-B.ST,ejected_below_floor,372700.73086,2026-08-21|SEK,1000000.0
CASE.ST,ejected_below_floor,7088.984460000001,2026-08-21|SEK,1000000.0
XAU.TO,ejected_below_floor,93481.322832,2026-08-21|CAD,1000000.0
CCL-A.TO,ejected_below_floor,15074.694180000002,2026-08-21|CAD,1000000.0
0QJQ.L,ejected_below_floor,56903.5845,2026-08-21|EUR,1000000.0
068330.KQ,ejected_below_floor,92081.4002251605,2026-08-21|KRW,1000000.0
LOVE.TO,ejected_below_floor,67849.231488,2026-08-21|CAD,1000000.0
002720.KS,ejected_below_floor,144679.05942618,2026-08-21|KRW,1000000.0
MBB.DE,ejected_below_floor,615804.822432,2026-08-21|EUR,1000000.0
BIJ.DE,ejected_below_floor,270535.89888,2026-08-21|EUR,1000000.0
REC.L,ejected_below_floor,199611.4956486,2026-08-21|GBp,1000000.0
ARPL.ST,ejected_below_floor,96127.619239,2026-08-21|SEK,1000000.0
0N2Q.L,ejected_below_floor,26288.232306,2026-08-21|EUR,1000000.0
NOVA.IC,ejected_below_floor,63266.0793576,2026-08-21|ISK,1000000.0
0RFX.L,ejected_below_floor,47480.706,2026-08-21|CHF,1000000.0
0VJA.L,ejected_below_floor,27586.637400000003,2026-08-21|CAD,1000000.0
0J7X.L,ejected_below_floor,60964.047139999995,2026-08-21|EUR,1000000.0
TIMA.DE,ejected_below_floor,184974.58534799996,2026-08-21|EUR,1000000.0
ALCAF.PA,ejected_below_floor,23852.30436,2026-08-21|EUR,1000000.0
DPAM.PA,ejected_below_floor,10139.501999999999,2026-08-21|EUR,1000000.0
072130.KS,ejected_below_floor,220926.2108145495,2026-08-21|KRW,1000000.0
IOF.L,ejected_below_floor,257578.1145,2026-08-21|GBp,1000000.0
0AH3.L,ejected_below_floor,22354.7324,2026-08-21|CAD,1000000.0
VIL.PA,ejected_below_floor,285494.81107199995,2026-08-21|EUR,1000000.0
FDX.DE,ejected_below_floor,28164.50636,2026-08-21|EUR,1000000.0
BAR.BR,ejected_below_floor,705167.3536816,2026-08-21|EUR,1000000.0
0JW2.L,ejected_below_floor,888723.64,2026-08-21|USD,1000000.0
SII.DE,ejected_below_floor,203579.63915,2026-08-21|EUR,1000000.0
AFGB,ejected_below_floor,172376.6,2026-08-21|USD,1000000.0
AFGD,ejected_below_floor,183576.9,2026-08-21|USD,1000000.0
AFGE,ejected_below_floor,135248.87999999998,2026-08-21|USD,1000000.0
VX1.DE,ejected_below_floor,50064.140763,2026-08-21|EUR,1000000.0
HCO.PA,ejected_below_floor,56391.1084288,2026-08-21|EUR,1000000.0
0KGE.L,ejected_below_floor,133947.24,2026-08-21|USD,1000000.0
CCZ,ejected_below_floor,10033.9349,2026-08-21|USD,1000000.0
PCX.DE,ejected_below_floor,10672.4435488,2026-08-21|EUR,1000000.0
ALLOG.PA,ejected_below_floor,128003.41349168,2026-08-21|EUR,1000000.0
AJ91.DE,ejected_below_floor,8231.877072,2026-08-21|EUR,1000000.0
ZZ-B.ST,ejected_below_floor,834659.111024,2026-08-21|SEK,1000000.0
WEYS,ejected_below_floor,970830.8400000001,2026-08-21|USD,1000000.0
0HW9.L,ejected_below_floor,902.8280000000001,2026-08-21|SEK,1000000.0
0KV3.L,ejected_below_floor,853305.89,2026-08-21|USD,1000000.0
058630.KQ,ejected_below_floor,202775.097388035,2026-08-21|KRW,1000000.0
0A18.L,ejected_below_floor,10442.457344,2026-08-21|CAD,1000000.0
366030.KQ,ejected_below_floor,437007.5865585045,2026-08-21|KRW,1000000.0
094280.KS,ejected_below_floor,144284.2152282,2026-08-21|KRW,1000000.0
0QYN.L,ejected_below_floor,140500.47647999998,2026-08-21|CAD,1000000.0
COZ.DE,ejected_below_floor,17682.708757999997,2026-08-21|EUR,1000000.0
KCC.OL,ejected_below_floor,460403.87328,2026-08-21|NOK,1000000.0
0EEV.L,ejected_below_floor,53917.209795999996,2026-08-21|EUR,1000000.0
EXM.BR,ejected_below_floor,20175.977336,2026-08-21|EUR,1000000.0
0N66.L,ejected_below_floor,306839.51169599994,2026-08-21|EUR,1000000.0
SYS1.L,ejected_below_floor,143260.74609,2026-08-21|GBp,1000000.0
119610.KQ,ejected_below_floor,747211.002261723,2026-08-21|KRW,1000000.0
0NCA.L,ejected_below_floor,16399.420752,2026-08-21|EUR,1000000.0
215000.KQ,ejected_below_floor,763952.396256075,2026-08-21|KRW,1000000.0
CTP2.DE,ejected_below_floor,191951.68156559998,2026-08-21|EUR,1000000.0
0HGC.L,ejected_below_floor,251094.92,2026-08-21|USD,1000000.0
ALS.DE,ejected_below_floor,3549.6415220000004,2026-08-21|EUR,1000000.0
0F6L.L,ejected_below_floor,791658.6285387,2026-08-21|EUR,1000000.0
0R3D.L,ejected_below_floor,193188.87,2026-08-21|USD,1000000.0
MZX.DE,ejected_below_floor,21649.235322,2026-08-21|EUR,1000000.0
SINT.ST,ejected_below_floor,52901.94152,2026-08-21|SEK,1000000.0
CARE.ST,ejected_below_floor,35861.000032,2026-08-21|SEK,1000000.0
AFGC,ejected_below_floor,190032.00000000003,2026-08-21|USD,1000000.0
NIL-B.ST,ejected_below_floor,137397.11013600003,2026-08-21|SEK,1000000.0
WWIB.OL,ejected_below_floor,428468.81039999996,2026-08-21|NOK,1000000.0
ELEC.PA,ejected_below_floor,535794.361788,2026-08-21|EUR,1000000.0
107590.KS,ejected_below_floor,26206.15891626,2026-08-21|KRW,1000000.0
0UGS.L,ejected_below_floor,249047.00582400002,2026-08-21|CAD,1000000.0
0VQD.L,ejected_below_floor,608292.2999999999,2026-08-21|USD,1000000.0
JIM.L,ejected_below_floor,3608.8400152,2026-08-21|GBp,1000000.0
UT8.DE,ejected_below_floor,928102.6028736,2026-08-21|EUR,1000000.0
ET.TO,ejected_below_floor,416083.90617599996,2026-08-21|CAD,1000000.0
XTC.TO,ejected_below_floor,93450.97958400002,2026-08-21|CAD,1000000.0
053210.KS,ejected_below_floor,129296.2890786045,2026-08-21|KRW,1000000.0
ALGIL.PA,ejected_below_floor,74227.681216,2026-08-21|EUR,1000000.0
ABL.DE,ejected_below_floor,144865.9321056,2026-08-21|EUR,1000000.0
SHF.DE,ejected_below_floor,20120.268348,2026-08-21|EUR,1000000.0
0D1X.L,ejected_below_floor,2340.127134,2026-08-21|EUR,1000000.0
003100.KQ,ejected_below_floor,482017.82491163997,2026-08-21|KRW,1000000.0
0HCZ.L,ejected_below_floor,538567.38,2026-08-21|USD,1000000.0
0NJB.L,ejected_below_floor,1347.7379439999997,2026-08-21|EUR,1000000.0
TFW.L,ejected_below_floor,169706.3434507,2026-08-21|GBp,1000000.0
ESSITY-A.ST,ejected_below_floor,570144.54285,2026-08-21|SEK,1000000.0
0UWL.L,ejected_below_floor,1623.046792,2026-08-21|CAD,1000000.0
RICO.L,ejected_below_floor,167928.664288,2026-08-21|JPY,1000000.0
000050.KS,ejected_below_floor,304080.0234172155,2026-08-21|KRW,1000000.0
DP4B.DE,ejected_below_floor,117070.457,2026-08-21|EUR,1000000.0
EDL.DE,ejected_below_floor,17914.2623508,2026-08-21|EUR,1000000.0
ALDLT.PA,ejected_below_floor,58619.141619999995,2026-08-21|EUR,1000000.0
096760.KS,ejected_below_floor,296485.96286121075,2026-08-21|KRW,1000000.0
TECK-A.TO,ejected_below_floor,520547.97194400005,2026-08-21|CAD,1000000.0
ALVU.PA,ejected_below_floor,55614.585739999995,2026-08-21|EUR,1000000.0
VETO.PA,ejected_below_floor,713109.42747,2026-08-21|EUR,1000000.0
MTU.PA,ejected_below_floor,353282.74305800005,2026-08-21|EUR,1000000.0
LPE.PA,ejected_below_floor,274440.18987999996,2026-08-21|EUR,1000000.0
0O1O.L,ejected_below_floor,11568.822144000002,2026-08-21|EUR,1000000.0
TAGM-B.ST,ejected_below_floor,84675.81820000001,2026-08-21|SEK,1000000.0
0DK7.L,ejected_below_floor,1409.740416,2026-08-21|EUR,1000000.0
JEN.BR,ejected_below_floor,307655.79988,2026-08-21|EUR,1000000.0
HMM-A.TO,ejected_below_floor,273880.51936,2026-08-21|CAD,1000000.0
0OQQ.L,ejected_below_floor,1649.999995,2026-08-21|EUR,1000000.0
INF.PA,ejected_below_floor,172607.53965,2026-08-21|EUR,1000000.0
0HYP.L,ejected_below_floor,117222.3,2026-08-21|USD,1000000.0
IC2.DE,ejected_below_floor,8514.291339200001,2026-08-21|EUR,1000000.0
ADP.DE,ejected_below_floor,43454.467464999994,2026-08-21|EUR,1000000.0
PGH.L,ejected_below_floor,236154.77372025,2026-08-21|GBp,1000000.0
UZU.DE,ejected_below_floor,34541.437296000004,2026-08-21|EUR,1000000.0
DEQ.DE,ejected_below_floor,163835.821506,2026-08-21|EUR,1000000.0
0ABJ.L,ejected_below_floor,619906.2517201554,2026-08-21|SEK,1000000.0
CHV.DE,ejected_below_floor,694381.7206576,2026-08-21|EUR,1000000.0
FFARM.AS,ejected_below_floor,714712.7974104,2026-08-21|EUR,1000000.0
EBA.DE,ejected_below_floor,34141.1717136,2026-08-21|EUR,1000000.0
JEL.L,ejected_below_floor,18557.044968,2026-08-21|GBp,1000000.0
ELIX.L,ejected_below_floor,600525.1619808,2026-08-21|GBp,1000000.0
YGR.TO,ejected_below_floor,178672.80835600002,2026-08-21|CAD,1000000.0
KEI.TO,ejected_below_floor,126399.82073200002,2026-08-21|CAD,1000000.0
3V64.DE,ejected_below_floor,772995.0744719999,2026-08-21|EUR,1000000.0
DLCG.TO,ejected_below_floor,214790.01913200002,2026-08-21|CAD,1000000.0
REP.DE,ejected_below_floor,422723.355597,2026-08-21|EUR,1000000.0
AKVA.OL,ejected_below_floor,65452.60512,2026-08-21|NOK,1000000.0
HMSB.DE,ejected_below_floor,7625.8087355,2026-08-21|EUR,1000000.0
SNX.ST,ejected_below_floor,74415.12549,2026-08-21|SEK,1000000.0
KFI1.DE,ejected_below_floor,4228.63385616,2026-08-21|EUR,1000000.0
SDG.PA,ejected_below_floor,43718.968612,2026-08-21|EUR,1000000.0
0HDQ.L,ejected_below_floor,704.870208,2026-08-21|EUR,1000000.0
STGO.TO,ejected_below_floor,512719.781364,2026-08-21|CAD,1000000.0
BEIA-B.ST,ejected_below_floor,990484.7253,2026-08-21|SEK,1000000.0
SOF-B.ST,ejected_below_floor,43406.505769,2026-08-21|SEK,1000000.0
F3A.DE,ejected_below_floor,185229.82108799997,2026-08-21|EUR,1000000.0
EQS.PA,ejected_below_floor,434656.267445,2026-08-21|EUR,1000000.0
UU2.DE,ejected_below_floor,288509.62299999996,2026-08-21|EUR,1000000.0
THEP.PA,ejected_below_floor,381344.3393,2026-08-21|EUR,1000000.0
CEMX.TO,ejected_below_floor,27710.787534,2026-08-21|CAD,1000000.0
0RUJ.L,ejected_below_floor,10549.743919999999,2026-08-21|EUR,1000000.0
0DZJ.L,ejected_below_floor,121.674024,2026-08-21|EUR,1000000.0
BRM.DE,ejected_below_floor,111763.3251072,2026-08-21|EUR,1000000.0
AUB.PA,ejected_below_floor,507739.64175999997,2026-08-21|EUR,1000000.0
0FNZ.L,ejected_below_floor,1510.9023439999999,2026-08-21|EUR,1000000.0
FIV.DE,ejected_below_floor,124797.57917330001,2026-08-21|EUR,1000000.0
0IPY.L,ejected_below_floor,55536.499919999995,2026-08-21|EUR,1000000.0
0N0B.L,ejected_below_floor,602364.3118307472,2026-08-21|NOK,1000000.0
0R20.L,ejected_below_floor,315218.065512,2026-08-21|CAD,1000000.0
TAL.TO,ejected_below_floor,260421.53830000004,2026-08-21|CAD,1000000.0
PTAL.L,ejected_below_floor,177121.561218,2026-08-21|GBp,1000000.0
BWE.OL,ejected_below_floor,660264.198,2026-08-21|NOK,1000000.0
ALCA.ST,ejected_below_floor,50090.094211999996,2026-08-21|SEK,1000000.0
0Q76.L,ejected_below_floor,1106.6741975999998,2026-08-21|EUR,1000000.0
039840.KQ,ejected_below_floor,212371.15450467,2026-08-21|KRW,1000000.0
MCAP.ST,ejected_below_floor,946662.08406,2026-08-21|SEK,1000000.0
BSD.PA,ejected_below_floor,54273.37437199999,2026-08-21|EUR,1000000.0
AEC1.DE,ejected_below_floor,69864.198976,2026-08-21|EUR,1000000.0
CINT,ejected_below_floor,649816.72,2026-08-21|USD,1000000.0
MEDI.OL,ejected_below_floor,526900.1184,2026-08-21|NOK,1000000.0
TII.DE,ejected_below_floor,365195.608994,2026-08-21|EUR,1000000.0
ULTP.L,ejected_below_floor,121131.73372999999,2026-08-21|GBp,1000000.0
0M3Q.L,ejected_below_floor,904731.012,2026-08-21|USD,1000000.0
M4I.DE,ejected_below_floor,397951.445024,2026-08-21|EUR,1000000.0
GIS.DE,ejected_below_floor,143404.0257,2026-08-21|EUR,1000000.0
003090.KS,ejected_below_floor,740116.6095284235,2026-08-21|KRW,1000000.0
0IP9.L,ejected_below_floor,386515.61,2026-08-21|USD,1000000.0
0IWU.L,ejected_below_floor,40935.15085599999,2026-08-21|EUR,1000000.0
FAA.DE,ejected_below_floor,139211.86608,2026-08-21|EUR,1000000.0
CPH.TO,ejected_below_floor,306628.67868,2026-08-21|CAD,1000000.0
KSB.DE,ejected_below_floor,165481.33448,2026-08-21|EUR,1000000.0
POLN.L,ejected_below_floor,861964.867995,2026-08-21|GBp,1000000.0
ALSTW.PA,ejected_below_floor,34497.616,2026-08-21|EUR,1000000.0
ALITL.PA,ejected_below_floor,27440.755699999998,2026-08-21|EUR,1000000.0
0OCD.L,ejected_below_floor,2554.29552,2026-08-21|NOK,1000000.0
DR.TO,ejected_below_floor,381164.50448000006,2026-08-21|CAD,1000000.0
GPE.PA,ejected_below_floor,25868.55016,2026-08-21|EUR,1000000.0
ALDNX.PA,ejected_below_floor,28148.423012,2026-08-21|EUR,1000000.0
185.DE,ejected_below_floor,92196.393858,2026-08-21|EUR,1000000.0
0HPW.L,ejected_below_floor,628380.0,2026-08-21|USD,1000000.0
AINN.DE,ejected_below_floor,6617.0390052,2026-08-21|EUR,1000000.0
LAS-A.TO,ejected_below_floor,226182.5472,2026-08-21|CAD,1000000.0
HP3A.DE,ejected_below_floor,6746.614848,2026-08-21|EUR,1000000.0
0RPZ.L,ejected_below_floor,283936.67652000004,2026-08-21|SEK,1000000.0
PMTA.DE,ejected_below_floor,2464.0621503999996,2026-08-21|EUR,1000000.0
ALERS.PA,ejected_below_floor,29408.285271999994,2026-08-21|EUR,1000000.0
690D.DE,ejected_below_floor,145441.7509278,2026-08-21|EUR,1000000.0
DKUPL.PA,ejected_below_floor,33649.16112,2026-08-21|EUR,1000000.0
0LVJ.L,ejected_below_floor,16558.47,2026-08-21|USD,1000000.0
OZKAP,ejected_below_floor,391411.02,2026-08-21|USD,1000000.0
NTG.DE,ejected_below_floor,130853.76968999999,2026-08-21|EUR,1000000.0
016580.KS,ejected_below_floor,317216.268921456,2026-08-21|KRW,1000000.0
ABSO.ST,ejected_below_floor,55395.58395,2026-08-21|SEK,1000000.0
SDG.L,ejected_below_floor,113228.4839532,2026-08-21|GBp,1000000.0
TM5.DE,ejected_below_floor,196586.10994639999,2026-08-21|EUR,1000000.0
ODF.OL,ejected_below_floor,468138.7549439999,2026-08-21|NOK,1000000.0
MACF.L,ejected_below_floor,206940.28980625,2026-08-21|GBp,1000000.0
0R9T.L,ejected_below_floor,40279.57960600001,2026-08-21|EUR,1000000.0
016880.KS,ejected_below_floor,443555.60605080076,2026-08-21|KRW,1000000.0
COMB.BR,ejected_below_floor,117128.73,2026-08-21|EUR,1000000.0
CEN.PA,ejected_below_floor,91559.70306,2026-08-21|EUR,1000000.0
0RQO.L,ejected_below_floor,382845.8964362106,2026-08-21|SEK,1000000.0
VTAS.L,ejected_below_floor,19176.0482088,2026-08-21|GBp,1000000.0
0OPJ.L,ejected_below_floor,209010.0534016,2026-08-21|EUR,1000000.0
FCMC.PA,ejected_below_floor,59997.8808,2026-08-21|EUR,1000000.0
ZOE.DE,ejected_below_floor,185266.25336760003,2026-08-21|EUR,1000000.0
DECB.BR,ejected_below_floor,237264.44003679996,2026-08-21|EUR,1000000.0
ALLEX.PA,ejected_below_floor,167154.93503999998,2026-08-21|EUR,1000000.0
TEL2-A.ST,ejected_below_floor,19320.624180000003,2026-08-21|SEK,1000000.0
CHEF.ST,ejected_below_floor,480307.43544000003,2026-08-21|SEK,1000000.0
ARC.L,ejected_below_floor,12550.21320945,2026-08-21|GBp,1000000.0
CEVI.ST,ejected_below_floor,673438.2596079999,2026-08-21|SEK,1000000.0
UB5.DE,ejected_below_floor,5121.054549199999,2026-08-21|EUR,1000000.0
0HTF.L,ejected_below_floor,28818.089346384,2026-08-21|NOK,1000000.0
0YG7.L,ejected_below_floor,27143.89125,2026-08-21|SEK,1000000.0
BERNER-B.ST,ejected_below_floor,333360.68313,2026-08-21|SEK,1000000.0
MRD.TO,ejected_below_floor,75423.14248,2026-08-21|CAD,1000000.0
SEC.TO,ejected_below_floor,47006.100000000006,2026-08-21|CAD,1000000.0
035150.KS,ejected_below_floor,236921.5023598875,2026-08-21|KRW,1000000.0
OMV.DE,ejected_below_floor,568650.3691049999,2026-08-21|EUR,1000000.0
COH.PA,ejected_below_floor,25074.28917,2026-08-21|EUR,1000000.0
ALMDG.PA,ejected_below_floor,64288.638335999996,2026-08-21|EUR,1000000.0
ORIA.PA,ejected_below_floor,6190.923519999999,2026-08-21|EUR,1000000.0
CAT1.DE,ejected_below_floor,885430.730144,2026-08-21|EUR,1000000.0
039570.KS,ejected_below_floor,112717.129257552,2026-08-21|KRW,1000000.0
CSW-A.TO,ejected_below_floor,194686.86091199997,2026-08-21|CAD,1000000.0
CSW-B.TO,ejected_below_floor,57811.595720000005,2026-08-21|CAD,1000000.0
0HW4.L,ejected_below_floor,311092.25,2026-08-21|USD,1000000.0
0KXA.L,ejected_below_floor,253565.83000000002,2026-08-21|USD,1000000.0
0MDP.L,ejected_below_floor,16276.138799999999,2026-08-21|USD,1000000.0
CX.ST,ejected_below_floor,32498.973540000003,2026-08-21|SEK,1000000.0
SIMINN.IC,ejected_below_floor,365371.486256,2026-08-21|ISK,1000000.0
0QUS.L,ejected_below_floor,6200.444238,2026-08-21|SEK,1000000.0
RNK.L,ejected_below_floor,645359.7891441401,2026-08-21|GBp,1000000.0
ACX.TO,ejected_below_floor,589861.719,2026-08-21|CAD,1000000.0
NIVI-B.ST,ejected_below_floor,461657.41300199996,2026-08-21|SEK,1000000.0
HBANL,ejected_below_floor,548449.6,2026-08-21|USD,1000000.0
HBANM,ejected_below_floor,346919.04,2026-08-21|USD,1000000.0
0R23.L,ejected_below_floor,374003.08,2026-08-21|USD,1000000.0
ABCA.PA,ejected_below_floor,231377.23539279998,2026-08-21|EUR,1000000.0
014830.KS,ejected_below_floor,825359.98413003,2026-08-21|KRW,1000000.0
PSE.OL,ejected_below_floor,24484.11552,2026-08-21|NOK,1000000.0
005680.KS,ejected_below_floor,982057.4423876579,2026-08-21|KRW,1000000.0
ALFRE.PA,ejected_below_floor,41807.754067199996,2026-08-21|EUR,1000000.0
002960.KS,ejected_below_floor,724849.6062288,2026-08-21|KRW,1000000.0
CHR.TO,ejected_below_floor,947552.2056000001,2026-08-21|CAD,1000000.0
GENI.ST,ejected_below_floor,54109.127536,2026-08-21|SEK,1000000.0
HYSG.BR,ejected_below_floor,13272.258479999999,2026-08-21|EUR,1000000.0
015890.KS,ejected_below_floor,175382.947236138,2026-08-21|KRW,1000000.0
CRON.TO,ejected_below_floor,553542.4072080001,2026-08-21|CAD,1000000.0
RDEB.DE,ejected_below_floor,82507.80833199999,2026-08-21|EUR,1000000.0
HOLM-A.ST,ejected_below_floor,148450.1184,2026-08-21|SEK,1000000.0
QBR-A.TO,ejected_below_floor,24346.134120000002,2026-08-21|CAD,1000000.0
RWL.DE,ejected_below_floor,10911.61925,2026-08-21|EUR,1000000.0
CYB.TO,ejected_below_floor,424359.0041,2026-08-21|CAD,1000000.0
CBOT.PA,ejected_below_floor,56732.821300799995,2026-08-21|EUR,1000000.0
SFAB.ST,ejected_below_floor,233079.2205,2026-08-21|SEK,1000000.0
MIKO.BR,ejected_below_floor,20302.3132,2026-08-21|EUR,1000000.0
GDP.L,ejected_below_floor,139062.5151398,2026-08-21|GBp,1000000.0
002240.KS,ejected_below_floor,305908.257480441,2026-08-21|KRW,1000000.0
ELF.TO,ejected_below_floor,465035.56164,2026-08-21|CAD,1000000.0
G5EN.ST,ejected_below_floor,120414.78948,2026-08-21|SEK,1000000.0
MOG-B,ejected_below_floor,111186.6,2026-08-21|USD,1000000.0
ALLHB.PA,ejected_below_floor,2156.101,2026-08-21|EUR,1000000.0
AAG.DE,ejected_below_floor,922648.7628759999,2026-08-21|EUR,1000000.0
FLK.L,ejected_below_floor,27355.25122925,2026-08-21|GBp,1000000.0
001380.KS,ejected_below_floor,61863.9188741625,2026-08-21|KRW,1000000.0
MMGR-B.ST,ejected_below_floor,490475.37832,2026-08-21|SEK,1000000.0
AKW.PA,ejected_below_floor,31477.489574400002,2026-08-21|EUR,1000000.0
CFW.TO,ejected_below_floor,504083.3019840001,2026-08-21|CAD,1000000.0
0QNA.L,ejected_below_floor,391386.69401027996,2026-08-21|CHF,1000000.0
0F8V.L,ejected_below_floor,3703.9950443999996,2026-08-21|EUR,1000000.0
123690.KS,ejected_below_floor,482949.145972179,2026-08-21|KRW,1000000.0
0OJJ.L,ejected_below_floor,283.9876382,2026-08-21|EUR,1000000.0
066310.KQ,ejected_below_floor,646009.73366601,2026-08-21|KRW,1000000.0
TTR1.DE,ejected_below_floor,262357.399876,2026-08-21|EUR,1000000.0
VTA.AS,ejected_below_floor,69685.18432,2026-08-21|EUR,1000000.0
000700.KS,ejected_below_floor,188480.91422733,2026-08-21|KRW,1000000.0
090350.KS,ejected_below_floor,339679.943177133,2026-08-21|KRW,1000000.0
090355.KS,ejected_below_floor,2776.156199316,2026-08-21|KRW,1000000.0
ALCIS.PA,ejected_below_floor,106153.82627199999,2026-08-21|EUR,1000000.0
ALI2S.PA,ejected_below_floor,621.1901799999999,2026-08-21|EUR,1000000.0
BILN.L,ejected_below_floor,116504.844939,2026-08-21|GBp,1000000.0
284740.KS,ejected_below_floor,261132.896545515,2026-08-21|KRW,1000000.0
0RP8.L,ejected_below_floor,126544.097977362,2026-08-21|CHF,1000000.0
0J72.L,ejected_below_floor,186114.355,2026-08-21|USD,1000000.0
OTL.OL,ejected_below_floor,282245.53392,2026-08-21|NOK,1000000.0
PERR.PA,ejected_below_floor,104252.72791999999,2026-08-21|EUR,1000000.0
0HS2.L,ejected_below_floor,843411.15,2026-08-21|USD,1000000.0
004700.KS,ejected_below_floor,117120.55191084,2026-08-21|KRW,1000000.0
W7L.L,ejected_below_floor,869060.9988913999,2026-08-21|GBp,1000000.0
4DS.DE,ejected_below_floor,80594.356104,2026-08-21|EUR,1000000.0
ENI.DE,ejected_below_floor,410646.84742239997,2026-08-21|EUR,1000000.0
ALATI.PA,ejected_below_floor,47630.951647999995,2026-08-21|EUR,1000000.0
CAMB.BR,ejected_below_floor,140971.71068,2026-08-21|EUR,1000000.0
034310.KS,ejected_below_floor,547741.129191102,2026-08-21|KRW,1000000.0
GDC.TO,ejected_below_floor,4600.697724000001,2026-08-21|CAD,1000000.0
TBL.TO,ejected_below_floor,16294.698784,2026-08-21|CAD,1000000.0
00806K.KS,ejected_below_floor,52552.8890103195,2026-08-21|KRW,1000000.0
TRVG,ejected_below_floor,553302.34,2026-08-21|USD,1000000.0
CQD.DE,ejected_below_floor,20099.290068,2026-08-21|EUR,1000000.0
126560.KS,ejected_below_floor,192811.11234532876,2026-08-21|KRW,1000000.0
CPA.DE,ejected_below_floor,61034.907108,2026-08-21|EUR,1000000.0
ALFPC.PA,ejected_below_floor,170192.1238,2026-08-21|EUR,1000000.0
SCST.ST,ejected_below_floor,991308.8183,2026-08-21|SEK,1000000.0
ACCB.BR,ejected_below_floor,3163.45702732,2026-08-21|EUR,1000000.0
IXX.DE,ejected_below_floor,287808.773629,2026-08-21|EUR,1000000.0
102260.KS,ejected_below_floor,312551.8288353885,2026-08-21|KRW,1000000.0
FGN,ejected_below_floor,783046.8,2026-08-21|USD,1000000.0
0QRA.L,ejected_below_floor,70989.32364800002,2026-08-21|SEK,1000000.0
KBL.TO,ejected_below_floor,368642.15148,2026-08-21|CAD,1000000.0
GLINT.LS,ejected_below_floor,17726.6466,2026-08-21|EUR,1000000.0
0M29.L,ejected_below_floor,229979.25,2026-08-21|USD,1000000.0
XY6.DE,ejected_below_floor,57562.838603599994,2026-08-21|EUR,1000000.0
STO3.DE,ejected_below_floor,251956.485198,2026-08-21|EUR,1000000.0
0VBE.L,ejected_below_floor,75065.68000000001,2026-08-21|USD,1000000.0
CBHD.DE,ejected_below_floor,132766.54595119998,2026-08-21|EUR,1000000.0
HAL.DE,ejected_below_floor,98987.7856792,2026-08-21|EUR,1000000.0
TALK.ST,ejected_below_floor,17872.928984,2026-08-21|SEK,1000000.0
CLX.L,ejected_below_floor,101834.517078,2026-08-21|GBp,1000000.0
LOR.DE,ejected_below_floor,514229.738862,2026-08-21|EUR,1000000.0
LIN.PA,ejected_below_floor,44705.88014,2026-08-21|EUR,1000000.0
0EWR.L,ejected_below_floor,18771.248398,2026-08-21|EUR,1000000.0
ALLIGO-B.ST,ejected_below_floor,202646.337344,2026-08-21|SEK,1000000.0
NXR.L,ejected_below_floor,847239.883812,2026-08-21|GBp,1000000.0
0JMU.L,ejected_below_floor,123171.64009999999,2026-08-21|EUR,1000000.0
0IX0.L,ejected_below_floor,67363.354908,2026-08-21|EUR,1000000.0
0F2S.L,ejected_below_floor,201.391488,2026-08-21|EUR,1000000.0
VTA.L,ejected_below_floor,23833.831819,2026-08-21|EUR,1000000.0
0KFZ.L,ejected_below_floor,671162.71,2026-08-21|USD,1000000.0
CDS.DE,ejected_below_floor,74079.434704,2026-08-21|EUR,1000000.0
MRE.TO,ejected_below_floor,542540.73216,2026-08-21|CAD,1000000.0
001560.KS,ejected_below_floor,21481.0480007955,2026-08-21|KRW,1000000.0
0HDU.L,ejected_below_floor,4604.37912,2026-08-21|NOK,1000000.0
SPA.BR,ejected_below_floor,33066.43112,2026-08-21|EUR,1000000.0
NITRO.ST,ejected_below_floor,8877.780671999999,2026-08-21|SEK,1000000.0
ARJO-B.ST,ejected_below_floor,948933.179388,2026-08-21|SEK,1000000.0
ITECH.ST,ejected_below_floor,97324.01856,2026-08-21|SEK,1000000.0
0OG6.L,ejected_below_floor,29873.07072,2026-08-21|EUR,1000000.0
ALNXT.PA,ejected_below_floor,10201.872757359999,2026-08-21|EUR,1000000.0
ENEA.ST,ejected_below_floor,292012.871904,2026-08-21|SEK,1000000.0
0QNN.L,ejected_below_floor,484745.45999999996,2026-08-21|CHF,1000000.0
CENER.BR,ejected_below_floor,502227.1091967999,2026-08-21|EUR,1000000.0
VWSB.DE,ejected_below_floor,914791.7560129999,2026-08-21|EUR,1000000.0
0QS5.L,ejected_below_floor,320602.8642345,2026-08-21|CHF,1000000.0
0QY4.L,ejected_below_floor,168872.61,2026-08-21|USD,1000000.0
0K10.L,ejected_below_floor,89209.28,2026-08-21|USD,1000000.0
ALNSE.PA,ejected_below_floor,16744.863095999997,2026-08-21|EUR,1000000.0
NXQ.L,ejected_below_floor,28667.4040422,2026-08-21|GBp,1000000.0
MSON-A.ST,ejected_below_floor,160.24147200000002,2026-08-21|SEK,1000000.0
MSON-B.ST,ejected_below_floor,212307.3528,2026-08-21|SEK,1000000.0
VAS.DE,ejected_below_floor,84903.66776319999,2026-08-21|EUR,1000000.0
OPC.DE,ejected_below_floor,425326.28230639995,2026-08-21|EUR,1000000.0
SWP.PA,ejected_below_floor,763247.982854,2026-08-21|EUR,1000000.0
0DTK.L,ejected_below_floor,1742.3627,2026-08-21|EUR,1000000.0
CBSM.PA,ejected_below_floor,1984.5452879999998,2026-08-21|EUR,1000000.0
NWF.L,ejected_below_floor,223728.9376336,2026-08-21|GBp,1000000.0
PREVA.AS,ejected_below_floor,1615.9102899999998,2026-08-21|EUR,1000000.0
0NZY.L,ejected_below_floor,458343.9039616,2026-08-21|EUR,1000000.0
0MN5.L,ejected_below_floor,28798.982783999996,2026-08-21|EUR,1000000.0
NFN.DE,ejected_below_floor,15106.459427999998,2026-08-21|EUR,1000000.0
0IF3.L,ejected_below_floor,97922.56,2026-08-21|USD,1000000.0
1U1.DE,ejected_below_floor,780117.608443,2026-08-21|EUR,1000000.0
FTLF,ejected_below_floor,259187.34,2026-08-21|USD,1000000.0
2X0.DE,ejected_below_floor,5130.1334826,2026-08-21|EUR,1000000.0
BETCO.ST,ejected_below_floor,903543.5856720001,2026-08-21|SEK,1000000.0
006140.KQ,ejected_below_floor,191653.8137472315,2026-08-21|KRW,1000000.0
004360.KS,ejected_below_floor,321914.8643304285,2026-08-21|KRW,1000000.0
004365.KS,ejected_below_floor,23396.569493889,2026-08-21|KRW,1000000.0
GLO.PA,ejected_below_floor,365123.46702,2026-08-21|EUR,1000000.0
CBE.PA,ejected_below_floor,14909.380141999998,2026-08-21|EUR,1000000.0
RBT.PA,ejected_below_floor,916109.833,2026-08-21|EUR,1000000.0
EXPL.PA,ejected_below_floor,65137.5594,2026-08-21|EUR,1000000.0
0R13.L,ejected_below_floor,299000.4,2026-08-21|USD,1000000.0
SYK.DE,ejected_below_floor,113488.124325,2026-08-21|EUR,1000000.0
0RP0.L,ejected_below_floor,17892.188538399998,2026-08-21|EUR,1000000.0
0QPR.L,ejected_below_floor,9581.737670103,2026-08-21|CHF,1000000.0
KAPIAB.ST,ejected_below_floor,42963.27496,2026-08-21|SEK,1000000.0
TGHN.DE,ejected_below_floor,26945.4352,2026-08-21|EUR,1000000.0
0J71.L,ejected_below_floor,258152.87,2026-08-21|USD,1000000.0
GOB.DE,ejected_below_floor,179775.70137999998,2026-08-21|EUR,1000000.0
SCHP.PA,ejected_below_floor,375747.21765,2026-08-21|EUR,1000000.0
6MK.DE,ejected_below_floor,269293.7982304,2026-08-21|EUR,1000000.0
SELER.PA,ejected_below_floor,1102.52516,2026-08-21|EUR,1000000.0
003650.KS,ejected_below_floor,366508.85544603,2026-08-21|KRW,1000000.0
CIT.DE,ejected_below_floor,19745.2466292,2026-08-21|EUR,1000000.0
PDV.TO,ejected_below_floor,18315.046176,2026-08-21|CAD,1000000.0
TENG.L,ejected_below_floor,188409.74363715,2026-08-21|GBp,1000000.0
ALGIR.PA,ejected_below_floor,4550.188931999999,2026-08-21|EUR,1000000.0
ACFN,ejected_below_floor,398038.41,2026-08-21|USD,1000000.0
GLV.L,ejected_below_floor,241352.45415119999,2026-08-21|EUR,1000000.0
LCR.DE,ejected_below_floor,1030.7328240000002,2026-08-21|EUR,1000000.0
0QZ2.L,ejected_below_floor,109455.58769600002,2026-08-21|CAD,1000000.0
ASG.DE,ejected_below_floor,40652.5384606,2026-08-21|EUR,1000000.0
DLX.DE,ejected_below_floor,10942.8302688,2026-08-21|EUR,1000000.0
VIVA.ST,ejected_below_floor,720234.08142,2026-08-21|SEK,1000000.0
PRU.DE,ejected_below_floor,97362.87221069999,2026-08-21|EUR,1000000.0
FC.TO,ejected_below_floor,505891.27545600006,2026-08-21|CAD,1000000.0
LIV.L,ejected_below_floor,1930.2437554399999,2026-08-21|GBp,1000000.0
SECARE.ST,ejected_below_floor,592035.801792,2026-08-21|SEK,1000000.0
TCS.TO,ejected_below_floor,173299.424,2026-08-21|CAD,1000000.0
WYN.L,ejected_below_floor,133806.01815,2026-08-21|GBp,1000000.0
0G5B.L,ejected_below_floor,74571.95809999999,2026-08-21|EUR,1000000.0
MEQ.TO,ejected_below_floor,931246.672,2026-08-21|CAD,1000000.0
SAVE.PA,ejected_below_floor,86253.36368,2026-08-21|EUR,1000000.0
0HYJ.L,ejected_below_floor,227622.26,2026-08-21|USD,1000000.0
002350.KS,ejected_below_floor,580780.86559584,2026-08-21|KRW,1000000.0
002355.KS,ejected_below_floor,34899.851176341,2026-08-21|KRW,1000000.0
LIK.DE,ejected_below_floor,84437.57699999999,2026-08-21|EUR,1000000.0
AXR,ejected_below_floor,233519.0,2026-08-21|USD,1000000.0
002690.KS,ejected_below_floor,80493.8769300078,2026-08-21|KRW,1000000.0
RET.BR,ejected_below_floor,868519.4393599998,2026-08-21|EUR,1000000.0
0LO3.L,ejected_below_floor,297259.51,2026-08-21|USD,1000000.0
VEE.DE,ejected_below_floor,78380.09865,2026-08-21|EUR,1000000.0
091700.KQ,ejected_below_floor,794792.890915656,2026-08-21|KRW,1000000.0
BP-A.L,ejected_below_floor,10897.987945249999,2026-08-21|GBp,1000000.0
BP-B.L,ejected_below_floor,6548.3576235,2026-08-21|GBp,1000000.0
SWA.DE,ejected_below_floor,27279.630855,2026-08-21|EUR,1000000.0
151860.KQ,ejected_below_floor,596250.136284447,2026-08-21|KRW,1000000.0
0QPF.L,ejected_below_floor,1483.0825859999998,2026-08-21|CHF,1000000.0
TVA-B.TO,ejected_below_floor,32900.27178,2026-08-21|CAD,1000000.0
CH1A.DE,ejected_below_floor,10197.1223424,2026-08-21|EUR,1000000.0
CXU.DE,ejected_below_floor,16276.348176,2026-08-21|EUR,1000000.0
EC.PA,ejected_below_floor,256793.96002,2026-08-21|EUR,1000000.0
0IUV.L,ejected_below_floor,1041.92124,2026-08-21|EUR,1000000.0
ALBLD.PA,ejected_below_floor,110686.64985,2026-08-21|EUR,1000000.0
BAIN.PA,ejected_below_floor,90078.4034,2026-08-21|EUR,1000000.0
DEDI.ST,ejected_below_floor,72196.761616,2026-08-21|SEK,1000000.0
FVA.L,ejected_below_floor,82023.503807,2026-08-21|GBp,1000000.0
IGE.L,ejected_below_floor,9355.90604676,2026-08-21|GBp,1000000.0
208140.KQ,ejected_below_floor,85664.091637212,2026-08-21|KRW,1000000.0
0HDK.L,ejected_below_floor,13927.1717,2026-08-21|SEK,1000000.0
BEK-B.TO,ejected_below_floor,4743.344128,2026-08-21|CAD,1000000.0
GUD.TO,ejected_below_floor,689232.6576240001,2026-08-21|CAD,1000000.0
RUG.ST,ejected_below_floor,213712.93002,2026-08-21|SEK,1000000.0
SFPI.PA,ejected_below_floor,70377.89878019999,2026-08-21|EUR,1000000.0
MUM.DE,ejected_below_floor,508555.46376,2026-08-21|EUR,1000000.0
FMM-B.ST,ejected_below_floor,148309.9701,2026-08-21|SEK,1000000.0
OEWA.DE,ejected_below_floor,55161.86280299999,2026-08-21|EUR,1000000.0
ADW-A.TO,ejected_below_floor,847132.768,2026-08-21|CAD,1000000.0
ADW-B.TO,ejected_below_floor,26444.4432,2026-08-21|CAD,1000000.0
0IZM.L,ejected_below_floor,25173.447767999998,2026-08-21|NOK,1000000.0
FLUX.BR,ejected_below_floor,63530.623152,2026-08-21|EUR,1000000.0
OPTER.ST,ejected_below_floor,24047.55864,2026-08-21|SEK,1000000.0
PREV-B.ST,ejected_below_floor,176657.29958000002,2026-08-21|SEK,1000000.0
HOLCO.AS,ejected_below_floor,22323.220839999998,2026-08-21|EUR,1000000.0
SKF-A.ST,ejected_below_floor,171478.16377,2026-08-21|SEK,1000000.0
ALEXA.PA,ejected_below_floor,3542.9984,2026-08-21|EUR,1000000.0
Y.TO,ejected_below_floor,30347.138160000002,2026-08-21|CAD,1000000.0
008700.KS,ejected_below_floor,913500.8630886452,2026-08-21|KRW,1000000.0
MSN.DE,ejected_below_floor,8420.215407999998,2026-08-21|EUR,1000000.0
0HQW.L,ejected_below_floor,230453.55000000002,2026-08-21|USD,1000000.0
ILM1.DE,ejected_below_floor,423062.1897828,2026-08-21|EUR,1000000.0
EG7.ST,ejected_below_floor,319455.0680232,2026-08-21|SEK,1000000.0
0HJH.L,ejected_below_floor,12611.87,2026-08-21|USD,1000000.0
DNG.TO,ejected_below_floor,563687.735572,2026-08-21|CAD,1000000.0
IBS.LS,ejected_below_floor,588259.816335,2026-08-21|EUR,1000000.0
LEI.DE,ejected_below_floor,83790.16397,2026-08-21|EUR,1000000.0
BIRG.DE,ejected_below_floor,94967.55471839999,2026-08-21|EUR,1000000.0
CAG.ST,ejected_below_floor,45885.91816,2026-08-21|SEK,1000000.0
CHH.L,ejected_below_floor,253529.19592,2026-08-21|GBp,1000000.0
083420.KS,ejected_below_floor,257165.145615726,2026-08-21|KRW,1000000.0
48Z.DE,ejected_below_floor,64928.825514,2026-08-21|EUR,1000000.0
0LOZ.L,ejected_below_floor,228033.86,2026-08-21|USD,1000000.0
0RPY.L,ejected_below_floor,87098.327746202,2026-08-21|SEK,1000000.0
ALTUV.PA,ejected_below_floor,25808.9252264,2026-08-21|EUR,1000000.0
0KBK.L,ejected_below_floor,187519.44,2026-08-21|USD,1000000.0
POLYG.ST,ejected_below_floor,3747.6495259999997,2026-08-21|SEK,1000000.0
018500.KS,ejected_below_floor,163114.86432905626,2026-08-21|KRW,1000000.0
CTC.TO,ejected_below_floor,58974.825600000004,2026-08-21|CAD,1000000.0
WEHB.BR,ejected_below_floor,82575.40501199999,2026-08-21|EUR,1000000.0
MCB.TO,ejected_below_floor,123521.98122000002,2026-08-21|CAD,1000000.0
RBY.TO,ejected_below_floor,394893.74360000005,2026-08-21|CAD,1000000.0
VRLA.PA,ejected_below_floor,568070.0749163999,2026-08-21|EUR,1000000.0
0KIZ.L,ejected_below_floor,224190.73449250002,2026-08-21|SEK,1000000.0
GLW.DE,ejected_below_floor,795321.8383104001,2026-08-21|EUR,1000000.0
PHI1.DE,ejected_below_floor,232954.7787396,2026-08-21|EUR,1000000.0
PER.DE,ejected_below_floor,151073.1720656,2026-08-21|EUR,1000000.0
CLEM.ST,ejected_below_floor,7543.9719792,2026-08-21|SEK,1000000.0
PSD.TO,ejected_below_floor,57043.613300000005,2026-08-21|CAD,1000000.0
0SGO.L,ejected_below_floor,334005.125,2026-08-21|USD,1000000.0
AHOG.DE,ejected_below_floor,112615.39291319999,2026-08-21|EUR,1000000.0
HSD.L,ejected_below_floor,25679.416337399998,2026-08-21|GBp,1000000.0
TESB.BR,ejected_below_floor,346078.335522,2026-08-21|EUR,1000000.0
SVN.IC,ejected_below_floor,380026.172196,2026-08-21|ISK,1000000.0
NNH.ST,ejected_below_floor,18075.71885,2026-08-21|SEK,1000000.0
003535.KS,ejected_below_floor,97746.8367862935,2026-08-21|KRW,1000000.0
0OGG.L,ejected_below_floor,21509.701788960003,2026-08-21|EUR,1000000.0
068290.KS,ejected_below_floor,109252.089801336,2026-08-21|KRW,1000000.0
ALPAS.PA,ejected_below_floor,4248.8009759999995,2026-08-21|EUR,1000000.0
BUR.PA,ejected_below_floor,53672.929379999994,2026-08-21|EUR,1000000.0
5UR.DE,ejected_below_floor,158501.62763199996,2026-08-21|EUR,1000000.0
BOUV.OL,ejected_below_floor,736768.463688,2026-08-21|NOK,1000000.0
KNOW.ST,ejected_below_floor,452865.484974,2026-08-21|SEK,1000000.0
006805.KS,ejected_below_floor,760268.8132802565,2026-08-21|KRW,1000000.0
NELLY.ST,ejected_below_floor,747403.9552200001,2026-08-21|SEK,1000000.0
VRS.DE,ejected_below_floor,4772.908338,2026-08-21|EUR,1000000.0
004720.KS,ejected_below_floor,102718.7036625,2026-08-21|KRW,1000000.0
HFPC-U.TO,ejected_below_floor,38798.68,2026-08-21|USD,1000000.0
EBO.DE,ejected_below_floor,115406.76285,2026-08-21|EUR,1000000.0
MLB1.DE,ejected_below_floor,421996.9826519999,2026-08-21|EUR,1000000.0
NTEK-B.ST,ejected_below_floor,56983.322466,2026-08-21|SEK,1000000.0
WSTEP.OL,ejected_below_floor,21677.39292,2026-08-21|NOK,1000000.0
RING.OL,ejected_below_floor,34306.983648,2026-08-21|NOK,1000000.0
OBS.DE,ejected_below_floor,3385.2417343999996,2026-08-21|EUR,1000000.0
0RRC.L,ejected_below_floor,8326.1394768,2026-08-21|EUR,1000000.0
WIL.L,ejected_below_floor,466587.016931,2026-08-21|GBp,1000000.0
SBT.PA,ejected_below_floor,40470.8782104,2026-08-21|EUR,1000000.0
0JZS.L,ejected_below_floor,364372.38,2026-08-21|USD,1000000.0
INISS-B.ST,ejected_below_floor,138415.39514,2026-08-21|SEK,1000000.0
OGUN-B.ST,ejected_below_floor,20209.909760000002,2026-08-21|SEK,1000000.0
0QB4.L,ejected_below_floor,113201.013254,2026-08-21|EUR,1000000.0
0J66.L,ejected_below_floor,137237.1,2026-08-21|USD,1000000.0
SAMS.PA,ejected_below_floor,33982.48268,2026-08-21|EUR,1000000.0
0O2W.L,ejected_below_floor,94385.477376,2026-08-21|EUR,1000000.0
ALPDX.PA,ejected_below_floor,28259.840987999996,2026-08-21|EUR,1000000.0
PAT.DE,ejected_below_floor,902481.0603059999,2026-08-21|EUR,1000000.0
PROF-B.ST,ejected_below_floor,25171.89444,2026-08-21|SEK,1000000.0
ARBB.L,ejected_below_floor,253986.02488,2026-08-21|GBp,1000000.0
0IQE.L,ejected_below_floor,13048.199999999999,2026-08-21|USD,1000000.0
MFX.L,ejected_below_floor,16097.9999376,2026-08-21|GBp,1000000.0
0RS2.L,ejected_below_floor,45555.209115,2026-08-21|EUR,1000000.0
0GOX.L,ejected_below_floor,189205.496513,2026-08-21|EUR,1000000.0
0RG7.L,ejected_below_floor,17955.893625,2026-08-21|CHF,1000000.0
PAY.BR,ejected_below_floor,36875.1544,2026-08-21|EUR,1000000.0
RPL.DE,ejected_below_floor,11987.035810399999,2026-08-21|EUR,1000000.0
SWEC-A.ST,ejected_below_floor,18785.54112,2026-08-21|SEK,1000000.0
UPAB.DE,ejected_below_floor,128842.05752939999,2026-08-21|EUR,1000000.0
WSU.DE,ejected_below_floor,196064.053794,2026-08-21|EUR,1000000.0
0O80.L,ejected_below_floor,2748.1546799999996,2026-08-21|EUR,1000000.0
097870.KQ,ejected_below_floor,145722.0676705185,2026-08-21|KRW,1000000.0
MKC-V,ejected_below_floor,262890.6,2026-08-21|USD,1000000.0
REACH.OL,ejected_below_floor,176994.27936,2026-08-21|NOK,1000000.0
BYGGP.ST,ejected_below_floor,175598.52379,2026-08-21|SEK,1000000.0
VIO.BR,ejected_below_floor,104436.87059999998,2026-08-21|EUR,1000000.0
002030.KS,ejected_below_floor,743402.7343048049,2026-08-21|KRW,1000000.0
ALC.TO,ejected_below_floor,96273.67968000002,2026-08-21|CAD,1000000.0
0I6K.L,ejected_below_floor,295284.528,2026-08-21|USD,1000000.0
0R08.L,ejected_below_floor,894425.4,2026-08-21|USD,1000000.0
MMM.DE,ejected_below_floor,170327.31715999998,2026-08-21|EUR,1000000.0
0JXQ.L,ejected_below_floor,93748.04999999999,2026-08-21|USD,1000000.0
ALCAT.PA,ejected_below_floor,96750.70385656001,2026-08-21|EUR,1000000.0
EIM.IC,ejected_below_floor,180747.717896,2026-08-21|ISK,1000000.0
0O0E.L,ejected_below_floor,524.42553258,2026-08-21|EUR,1000000.0
037270.KS,ejected_below_floor,755404.698143667,2026-08-21|KRW,1000000.0
PRG.DE,ejected_below_floor,572538.518484,2026-08-21|EUR,1000000.0
LNA.PA,ejected_below_floor,155112.703044,2026-08-21|EUR,1000000.0
0O33.L,ejected_below_floor,328.65972,2026-08-21|EUR,1000000.0
0QQA.L,ejected_below_floor,17275.4238,2026-08-21|CHF,1000000.0
O4B.DE,ejected_below_floor,2170.5527039999997,2026-08-21|EUR,1000000.0
CVG.TO,ejected_below_floor,29588.283208000004,2026-08-21|CAD,1000000.0
BRNL.AS,ejected_below_floor,718343.0654551999,2026-08-21|EUR,1000000.0
0JQZ.L,ejected_below_floor,177953.75,2026-08-21|USD,1000000.0
CRAD-B.ST,ejected_below_floor,65922.789386,2026-08-21|SEK,1000000.0
JIN.OL,ejected_below_floor,33165.658943999995,2026-08-21|NOK,1000000.0
PRH,ejected_below_floor,978040.79,2026-08-21|USD,1000000.0
XANO-B.ST,ejected_below_floor,52457.540184000005,2026-08-21|SEK,1000000.0
FTE.DE,ejected_below_floor,84907.0475972,2026-08-21|EUR,1000000.0
DXT.TO,ejected_below_floor,421850.56409600005,2026-08-21|CAD,1000000.0
0J46.L,ejected_below_floor,174834.0,2026-08-21|USD,1000000.0
0UKI.L,ejected_below_floor,145983.00864000001,2026-08-21|CAD,1000000.0
CONTX.OL,ejected_below_floor,5952.194688,2026-08-21|NOK,1000000.0
KABE-B.ST,ejected_below_floor,96219.41900000001,2026-08-21|SEK,1000000.0
TCBIO,ejected_below_floor,314786.49,2026-08-21|USD,1000000.0
UNI.TO,ejected_below_floor,8832.867624,2026-08-21|CAD,1000000.0
TEQ.ST,ejected_below_floor,224670.80540800001,2026-08-21|SEK,1000000.0
ALNSC.PA,ejected_below_floor,497.65142,2026-08-21|EUR,1000000.0
EJFZ.L,ejected_below_floor,5811.86368455,2026-08-21|GBp,1000000.0
REITIR.IC,ejected_below_floor,772543.241248,2026-08-21|ISK,1000000.0
0I35.L,ejected_below_floor,309316.7,2026-08-21|USD,1000000.0
001790.KS,ejected_below_floor,928807.9183785487,2026-08-21|KRW,1000000.0
001795.KS,ejected_below_floor,138880.381000725,2026-08-21|KRW,1000000.0
FPMB.DE,ejected_below_floor,536784.07042,2026-08-21|EUR,1000000.0
029460.KS,ejected_below_floor,986770.67476059,2026-08-21|KRW,1000000.0
AXA.DE,ejected_below_floor,956782.289172,2026-08-21|EUR,1000000.0
RNL.DE,ejected_below_floor,300246.737568,2026-08-21|EUR,1000000.0
KWG.DE,ejected_below_floor,11217.226171199998,2026-08-21|EUR,1000000.0
0RVA.L,ejected_below_floor,67849.9810764,2026-08-21|EUR,1000000.0
081580.KQ,ejected_below_floor,106136.763302475,2026-08-21|KRW,1000000.0
084010.KS,ejected_below_floor,217975.87691041498,2026-08-21|KRW,1000000.0
0QOW.L,ejected_below_floor,172943.1,2026-08-21|USD,1000000.0
0R86.L,ejected_below_floor,32552.40836,2026-08-21|SEK,1000000.0
CEDER.ST,ejected_below_floor,67808.912556,2026-08-21|SEK,1000000.0
ENGCON-B.ST,ejected_below_floor,893423.3667,2026-08-21|SEK,1000000.0
ASCE.BR,ejected_below_floor,219504.48458999998,2026-08-21|EUR,1000000.0
MXG.TO,ejected_below_floor,31375.43712,2026-08-21|CAD,1000000.0
ALTRI.PA,ejected_below_floor,4565.596313200001,2026-08-21|EUR,1000000.0
RAY.TO,ejected_below_floor,434811.69832799997,2026-08-21|CAD,1000000.0
ALMGI.PA,ejected_below_floor,1299.6976828,2026-08-21|EUR,1000000.0
TEXF.BR,ejected_below_floor,10425.272791999998,2026-08-21|EUR,1000000.0
016610.KS,ejected_below_floor,648485.857377651,2026-08-21|KRW,1000000.0
0JZ1.L,ejected_below_floor,101373.72,2026-08-21|USD,1000000.0
HMI.DE,ejected_below_floor,702588.23732,2026-08-21|EUR,1000000.0
VALUE.AS,ejected_below_floor,14135.86434,2026-08-21|EUR,1000000.0
KMY.DE,ejected_below_floor,122103.68248359999,2026-08-21|EUR,1000000.0
BWO.OL,ejected_below_floor,339575.38723199995,2026-08-21|NOK,1000000.0
HDL,ejected_below_floor,11438.0,2026-08-21|USD,1000000.0
ALDEL.PA,ejected_below_floor,33738.668448000004,2026-08-21|EUR,1000000.0
JCSE,ejected_below_floor,38044.5425,2026-08-21|USD,1000000.0
0KU1.L,ejected_below_floor,635973.47,2026-08-21|USD,1000000.0
2HP.DE,ejected_below_floor,494399.7399816,2026-08-21|EUR,1000000.0
VIH1.DE,ejected_below_floor,54823.8910576,2026-08-21|EUR,1000000.0
FIRE.ST,ejected_below_floor,28821.2092,2026-08-21|SEK,1000000.0
0OR2.L,ejected_below_floor,6239.523201999999,2026-08-21|EUR,1000000.0
WEB.BR,ejected_below_floor,23933.770014,2026-08-21|EUR,1000000.0
145720.KS,ejected_below_floor,691276.00696296,2026-08-21|KRW,1000000.0
NRP.AS,ejected_below_floor,45992.78107199999,2026-08-21|EUR,1000000.0
2HRA.DE,ejected_below_floor,61470.322964,2026-08-21|EUR,1000000.0
0QO9.L,ejected_below_floor,42184.7811,2026-08-21|CHF,1000000.0
IAM.PA,ejected_below_floor,2088.0148268000003,2026-08-21|EUR,1000000.0
KEQU,ejected_below_floor,178825.68,2026-08-21|USD,1000000.0
IDIP.PA,ejected_below_floor,32519.83038,2026-08-21|EUR,1000000.0
0F2Z.L,ejected_below_floor,57861.592619999996,2026-08-21|EUR,1000000.0
085310.KS,ejected_below_floor,183318.405769725,2026-08-21|KRW,1000000.0
081000.KS,ejected_below_floor,257896.445017815,2026-08-21|KRW,1000000.0
0LS8.L,ejected_below_floor,64338.75,2026-08-21|USD,1000000.0
GREEN.ST,ejected_below_floor,224207.98533100003,2026-08-21|SEK,1000000.0
ACRI-A.ST,ejected_below_floor,4047.60888,2026-08-21|SEK,1000000.0
ACRI-B.ST,ejected_below_floor,28037.495707200003,2026-08-21|SEK,1000000.0
SMCP.PA,ejected_below_floor,707343.9667775999,2026-08-21|EUR,1000000.0
ALQWA.PA,ejected_below_floor,1424.77485,2026-08-21|EUR,1000000.0
0VFA.L,ejected_below_floor,26334.683056,2026-08-21|CAD,1000000.0
LSS.PA,ejected_below_floor,935850.1613879999,2026-08-21|EUR,1000000.0
SCA-A.ST,ejected_below_floor,168544.18273,2026-08-21|SEK,1000000.0
0R8X.L,ejected_below_floor,18696.614999999998,2026-08-21|CHF,1000000.0
0IP1.L,ejected_below_floor,7114.783662,2026-08-21|EUR,1000000.0
BLC.PA,ejected_below_floor,64681.864539999995,2026-08-21|EUR,1000000.0
AO.L,ejected_below_floor,801855.1829156401,2026-08-21|GBp,1000000.0
ODET.PA,ejected_below_floor,632075.5764,2026-08-21|EUR,1000000.0
0K8M.L,ejected_below_floor,982569.6,2026-08-21|USD,1000000.0
UBCP,ejected_below_floor,129074.22,2026-08-21|USD,1000000.0
PHAR.L,ejected_below_floor,338143.65683881997,2026-08-21|GBp,1000000.0
ALPRI.PA,ejected_below_floor,7237.5066,2026-08-21|EUR,1000000.0
BORG.ST,ejected_below_floor,99630.69161000001,2026-08-21|SEK,1000000.0
STF.PA,ejected_below_floor,327959.27853999997,2026-08-21|EUR,1000000.0
EXE.PA,ejected_below_floor,47827.156838999996,2026-08-21|EUR,1000000.0
BIG.PA,ejected_below_floor,13746.833791999998,2026-08-21|EUR,1000000.0
OLY.TO,ejected_below_floor,196381.04,2026-08-21|CAD,1000000.0
TMI.L,ejected_below_floor,9643.140000000001,2026-08-21|USD,1000000.0
0NY3.L,ejected_below_floor,7655.673648,2026-08-21|EUR,1000000.0
060380.KQ,ejected_below_floor,33972.6431965476,2026-08-21|KRW,1000000.0
SJOVA.IC,ejected_below_floor,363967.13162939996,2026-08-21|ISK,1000000.0
BSN.DE,ejected_below_floor,235274.4637052,2026-08-21|EUR,1000000.0
VSSAB-B.ST,ejected_below_floor,13429.67148,2026-08-21|SEK,1000000.0
SFAST.ST,ejected_below_floor,116568.227798,2026-08-21|SEK,1000000.0
JAG.TO,ejected_below_floor,835481.652352,2026-08-21|CAD,1000000.0
NFS.DE,ejected_below_floor,6991.59454,2026-08-21|EUR,1000000.0
ZAL.OL,ejected_below_floor,62586.288,2026-08-21|NOK,1000000.0
MLHK.PA,ejected_below_floor,55445.244402000004,2026-08-21|EUR,1000000.0
QDT.PA,ejected_below_floor,996605.5911879998,2026-08-21|EUR,1000000.0
MKZ-UN.TO,ejected_below_floor,1564.7736360000001,2026-08-21|CAD,1000000.0
0KRX.L,ejected_below_floor,332010.612,2026-08-21|USD,1000000.0
005305.KS,ejected_below_floor,81956.8887753,2026-08-21|KRW,1000000.0
PACT.ST,ejected_below_floor,688797.841416,2026-08-21|SEK,1000000.0
AIL.DE,ejected_below_floor,185634.2823264,2026-08-21|EUR,1000000.0
SPOL.OL,ejected_below_floor,739158.0749568,2026-08-21|NOK,1000000.0
EXS.ST,ejected_below_floor,90083.75792,2026-08-21|SEK,1000000.0
VP.L,ejected_below_floor,157888.5589463,2026-08-21|GBp,1000000.0
008420.KS,ejected_below_floor,500203.9890648735,2026-08-21|KRW,1000000.0
DBM.TO,ejected_below_floor,903407.2102200001,2026-08-21|CAD,1000000.0
ALAUD.PA,ejected_below_floor,30676.305751999997,2026-08-21|EUR,1000000.0
ERAG.DE,ejected_below_floor,87330.481812,2026-08-21|EUR,1000000.0
E4C.DE,ejected_below_floor,3491.9512519999994,2026-08-21|EUR,1000000.0
MEKO.ST,ejected_below_floor,608671.31052,2026-08-21|SEK,1000000.0
CFEB.BR,ejected_below_floor,65475.426254,2026-08-21|EUR,1000000.0
MA10.DE,ejected_below_floor,14164.884294,2026-08-21|EUR,1000000.0
FREY.PA,ejected_below_floor,18525.219791999996,2026-08-21|EUR,1000000.0
MPN.DE,ejected_below_floor,29587.766111999998,2026-08-21|EUR,1000000.0
VOXR.TO,ejected_below_floor,117093.03796799999,2026-08-21|CAD,1000000.0
0RGB.L,ejected_below_floor,7298.293584000001,2026-08-21|SEK,1000000.0
ELON.ST,ejected_below_floor,5939.97836,2026-08-21|SEK,1000000.0
ALRFG.PA,ejected_below_floor,2557.485424,2026-08-21|EUR,1000000.0
ALHEX.PA,ejected_below_floor,108209.814258,2026-08-21|EUR,1000000.0
0DLI.L,ejected_below_floor,29642.30964,2026-08-21|EUR,1000000.0
P4O.DE,ejected_below_floor,203790.70395599998,2026-08-21|EUR,1000000.0
0S9E.L,ejected_below_floor,264.271536,2026-08-21|CAD,1000000.0
ALFLE.PA,ejected_below_floor,35982.412039999996,2026-08-21|EUR,1000000.0
PION-B.ST,ejected_below_floor,6505.1738832,2026-08-21|SEK,1000000.0
001685.KS,ejected_below_floor,43867.5153405105,2026-08-21|KRW,1000000.0
BASS.PA,ejected_below_floor,69556.98371999999,2026-08-21|EUR,1000000.0
VVD.DE,ejected_below_floor,160916.111114,2026-08-21|EUR,1000000.0
066670.KQ,ejected_below_floor,64663.824937544996,2026-08-21|KRW,1000000.0
PPX.DE,ejected_below_floor,180351.322074,2026-08-21|EUR,1000000.0
EAST.ST,ejected_below_floor,389129.093052,2026-08-21|SEK,1000000.0
CTAC.AS,ejected_below_floor,3916.5283299999996,2026-08-21|EUR,1000000.0
FC9.DE,ejected_below_floor,4405.4388,2026-08-21|EUR,1000000.0
PCE1.DE,ejected_below_floor,300739.37750999996,2026-08-21|EUR,1000000.0
PRCO-B.ST,ejected_below_floor,2628.552228,2026-08-21|SEK,1000000.0
ALWEC.PA,ejected_below_floor,17115.129738,2026-08-21|EUR,1000000.0
0OPN.L,ejected_below_floor,86958.46698,2026-08-21|EUR,1000000.0
MORE.AS,ejected_below_floor,7592.039532,2026-08-21|EUR,1000000.0
ENJ,ejected_below_floor,32471.0,2026-08-21|USD,1000000.0
ENO,ejected_below_floor,154888.83,2026-08-21|USD,1000000.0
SAM.TO,ejected_below_floor,69035.045908,2026-08-21|CAD,1000000.0
LUMEN.ST,ejected_below_floor,30845.601528000007,2026-08-21|SEK,1000000.0
003220.KS,ejected_below_floor,717792.437742768,2026-08-21|KRW,1000000.0
4I1.DE,ejected_below_floor,83560.1254752,2026-08-21|EUR,1000000.0
AFK.OL,ejected_below_floor,109771.01856,2026-08-21|NOK,1000000.0
033250.KS,ejected_below_floor,199466.88718774126,2026-08-21|KRW,1000000.0
EIK.IC,ejected_below_floor,262425.82642279996,2026-08-21|ISK,1000000.0
STCM.L,ejected_below_floor,14685.963376,2026-08-21|GBp,1000000.0
0FRI.L,ejected_below_floor,13753.185548999998,2026-08-21|EUR,1000000.0
WDH,ejected_below_floor,197391.0,2026-08-21|USD,1000000.0
NMAN.ST,ejected_below_floor,431219.081384,2026-08-21|SEK,1000000.0
ABO.BR,ejected_below_floor,2957.3780592,2026-08-21|EUR,1000000.0
0DUI.L,ejected_below_floor,696378.1844057438,2026-08-21|EUR,1000000.0
WFC.TO,ejected_below_floor,8531.55312,2026-08-21|CAD,1000000.0
ALSOG.PA,ejected_below_floor,23192.187816,2026-08-21|EUR,1000000.0
001630.KS,ejected_below_floor,207644.1444666,2026-08-21|KRW,1000000.0
117580.KS,ejected_below_floor,627206.571295944,2026-08-21|KRW,1000000.0
3E2.DE,ejected_below_floor,8576.0607192,2026-08-21|EUR,1000000.0
AKAST.OL,ejected_below_floor,467455.2253344,2026-08-21|NOK,1000000.0
GOD.OL,ejected_below_floor,104604.51888,2026-08-21|NOK,1000000.0
007980.KS,ejected_below_floor,283372.7256244908,2026-08-21|KRW,1000000.0
ALVAP.PA,ejected_below_floor,2595.2929464,2026-08-21|EUR,1000000.0
ALMRB.PA,ejected_below_floor,19988.5364042,2026-08-21|EUR,1000000.0
ENRO.ST,ejected_below_floor,47540.791386000004,2026-08-21|SEK,1000000.0
0W2Y.L,ejected_below_floor,118899.9,2026-08-21|USD,1000000.0
VVV3.DE,ejected_below_floor,47567.55062399999,2026-08-21|EUR,1000000.0
0F0J.L,ejected_below_floor,254490.65586890397,2026-08-21|NOK,1000000.0
DTOL.TO,ejected_below_floor,189396.82683600002,2026-08-21|CAD,1000000.0
ALBKK.PA,ejected_below_floor,88546.40623,2026-08-21|EUR,1000000.0
SQU.DE,ejected_below_floor,333138.874145,2026-08-21|EUR,1000000.0
LBG.L,ejected_below_floor,207949.6030878,2026-08-21|GBp,1000000.0
ALG.DE,ejected_below_floor,1290.397312,2026-08-21|EUR,1000000.0
FNOVA-B.ST,ejected_below_floor,79211.18928,2026-08-21|SEK,1000000.0
LTHM.L,ejected_below_floor,138832.768242,2026-08-21|GBp,1000000.0
QSP-UN.TO,ejected_below_floor,839.9864,2026-08-21|CAD,1000000.0
COVH.PA,ejected_below_floor,15786.1557,2026-08-21|EUR,1000000.0
CCEC,ejected_below_floor,301391.3,2026-08-21|USD,1000000.0
PHM7.DE,ejected_below_floor,186282.114922,2026-08-21|EUR,1000000.0
HVT-A,ejected_below_floor,33082.56,2026-08-21|USD,1000000.0
SOTK,ejected_below_floor,248422.65,2026-08-21|USD,1000000.0
USWE.ST,ejected_below_floor,4937.487596999999,2026-08-21|SEK,1000000.0
EMB.ST,ejected_below_floor,5890.417302,2026-08-21|SEK,1000000.0
FAR.TO,ejected_below_floor,367699.997952,2026-08-21|CAD,1000000.0
AFG.OL,ejected_below_floor,607550.305536,2026-08-21|NOK,1000000.0
ALMOU.PA,ejected_below_floor,18737.799696,2026-08-21|EUR,1000000.0
MEMS.PA,ejected_below_floor,161854.7609434,2026-08-21|EUR,1000000.0
MALT.PA,ejected_below_floor,9615.045,2026-08-21|EUR,1000000.0
WRG.TO,ejected_below_floor,4761.77196,2026-08-21|CAD,1000000.0
ALTXC.PA,ejected_below_floor,4535.504136,2026-08-21|EUR,1000000.0
0OQ2.L,ejected_below_floor,562316.735008,2026-08-21|EUR,1000000.0
PAT.PA,ejected_below_floor,29149.669697999998,2026-08-21|EUR,1000000.0
0Y3K.L,ejected_below_floor,680252.5800000001,2026-08-21|USD,1000000.0
SACI.PA,ejected_below_floor,881.08776,2026-08-21|EUR,1000000.0
NSI.AS,ejected_below_floor,959281.8512339998,2026-08-21|EUR,1000000.0
IMDA.PA,ejected_below_floor,28106.699544,2026-08-21|EUR,1000000.0
RATO-A.ST,ejected_below_floor,9167.798420000001,2026-08-21|SEK,1000000.0
GENT.OL,ejected_below_floor,18788.859647999998,2026-08-21|NOK,1000000.0
005945.KS,ejected_below_floor,980655.49997088,2026-08-21|KRW,1000000.0
AVT-B.ST,ejected_below_floor,45661.8194536,2026-08-21|SEK,1000000.0
TST.L,ejected_below_floor,7959.0889595,2026-08-21|GBp,1000000.0
VBNK.TO,ejected_below_floor,677062.911608,2026-08-21|CAD,1000000.0
ORES.ST,ejected_below_floor,680291.060064,2026-08-21|SEK,1000000.0
ENDUR.OL,ejected_below_floor,962858.6460479998,2026-08-21|NOK,1000000.0
MAGI.ST,ejected_below_floor,34407.4931432,2026-08-21|SEK,1000000.0
NL,ejected_below_floor,360061.97,2026-08-21|USD,1000000.0
PHAR,ejected_below_floor,156265.94999999998,2026-08-21|USD,1000000.0
004080.KS,ejected_below_floor,54318.878066475,2026-08-21|KRW,1000000.0
0NHS.L,ejected_below_floor,106631.03880000001,2026-08-21|USD,1000000.0
0YG8.L,kept_no_reading,,not-captured,1000000.0
0IKW.L,ejected_below_floor,300193.02,2026-08-21|USD,1000000.0
FAS.DE,ejected_below_floor,9857.7229085,2026-08-21|EUR,1000000.0
ROU.BR,ejected_below_floor,5498.290642,2026-08-21|EUR,1000000.0
0CHZ.L,ejected_below_floor,3704.4845376,2026-08-21|EUR,1000000.0
STEF-B.ST,ejected_below_floor,399636.562248,2026-08-21|SEK,1000000.0
EMIL-B.ST,ejected_below_floor,155144.90296,2026-08-21|SEK,1000000.0
075130.KQ,ejected_below_floor,58342.38593618175,2026-08-21|KRW,1000000.0
GMM.DE,ejected_below_floor,23376.447042,2026-08-21|EUR,1000000.0
RCI-A.TO,ejected_below_floor,67051.23000000001,2026-08-21|CAD,1000000.0
M7U.DE,ejected_below_floor,679226.475074,2026-08-21|EUR,1000000.0
ADVE.ST,ejected_below_floor,79044.39705600002,2026-08-21|SEK,1000000.0
GOS.DE,ejected_below_floor,335386.05584399996,2026-08-21|EUR,1000000.0
ALBOU.PA,ejected_below_floor,1571.04008,2026-08-21|EUR,1000000.0
FLO.L,ejected_below_floor,79751.323575,2026-08-21|GBp,1000000.0
000860.KS,ejected_below_floor,202749.17400342,2026-08-21|KRW,1000000.0
PBL.TO,ejected_below_floor,210159.59050000002,2026-08-21|CAD,1000000.0
URB-A.TO,ejected_below_floor,67412.51060000001,2026-08-21|CAD,1000000.0
URB.TO,ejected_below_floor,7833.91776,2026-08-21|CAD,1000000.0
SLEEP.ST,ejected_below_floor,83713.177845,2026-08-21|SEK,1000000.0
GDL.TO,ejected_below_floor,21949.47138,2026-08-21|CAD,1000000.0
0I5O.L,ejected_below_floor,13376.5516,2026-08-21|SEK,1000000.0
ELIMP.OL,ejected_below_floor,363218.917632,2026-08-21|NOK,1000000.0
TFF.PA,ejected_below_floor,67819.28285999999,2026-08-21|EUR,1000000.0
NVM.DE,ejected_below_floor,17114.313916,2026-08-21|EUR,1000000.0
0GXK.L,ejected_below_floor,22883.22546,2026-08-21|SEK,1000000.0
0IPT.L,ejected_below_floor,5428.5336,2026-08-21|NOK,1000000.0
MLL.DE,ejected_below_floor,1354.3577568,2026-08-21|EUR,1000000.0
MRC.TO,ejected_below_floor,159078.15168,2026-08-21|CAD,1000000.0
RBO.PA,ejected_below_floor,28169.634384,2026-08-21|EUR,1000000.0
SYP.DE,ejected_below_floor,116670.70422,2026-08-21|EUR,1000000.0
ARION-SDB.ST,ejected_below_floor,49072.5566656,2026-08-21|SEK,1000000.0
CWL.TO,ejected_below_floor,11478.183628,2026-08-21|CAD,1000000.0
UNH.DE,ejected_below_floor,556751.8966,2026-08-21|EUR,1000000.0
0JR2.L,ejected_below_floor,881633.7000000001,2026-08-21|USD,1000000.0
ALGEV.PA,ejected_below_floor,2499.9116999999997,2026-08-21|EUR,1000000.0
DTD2.DE,ejected_below_floor,5717.513668,2026-08-21|EUR,1000000.0
ORCH.L,ejected_below_floor,35388.2281942,2026-08-21|GBp,1000000.0
0OHK.L,ejected_below_floor,220581.41981808,2026-08-21|NOK,1000000.0
FORA.TO,ejected_below_floor,19325.4504,2026-08-21|CAD,1000000.0
FLOB.BR,ejected_below_floor,35651.4214,2026-08-21|EUR,1000000.0
KETL.L,ejected_below_floor,140901.28093541498,2026-08-21|GBp,1000000.0
GENO.ST,ejected_below_floor,131083.50795600002,2026-08-21|SEK,1000000.0
HLF.TO,ejected_below_floor,261918.63756000003,2026-08-21|CAD,1000000.0
FOU.BR,ejected_below_floor,1557.63729,2026-08-21|EUR,1000000.0
QBY0.DE,ejected_below_floor,94281.28525199999,2026-08-21|EUR,1000000.0
0RNQ.L,ejected_below_floor,372028.54392,2026-08-21|SEK,1000000.0
YSN.DE,ejected_below_floor,764054.59772,2026-08-21|EUR,1000000.0
BOS.TO,ejected_below_floor,103721.023596,2026-08-21|CAD,1000000.0
3RB.DE,ejected_below_floor,326521.2407552,2026-08-21|EUR,1000000.0
0QNJ.L,ejected_below_floor,368158.0896,2026-08-21|CHF,1000000.0
002870.KS,ejected_below_floor,119985.6866978727,2026-08-21|KRW,1000000.0
018470.KS,ejected_below_floor,735878.439425808,2026-08-21|KRW,1000000.0
003460.KS,ejected_below_floor,170680.2358580205,2026-08-21|KRW,1000000.0
003465.KS,ejected_below_floor,13965.7649279265,2026-08-21|KRW,1000000.0
VBG-B.ST,ejected_below_floor,590203.43888,2026-08-21|SEK,1000000.0
FQT.DE,ejected_below_floor,237299.776784,2026-08-21|EUR,1000000.0
CSH.DE,ejected_below_floor,69268.066186,2026-08-21|EUR,1000000.0
OPXS,ejected_below_floor,397506.79,2026-08-21|USD,1000000.0
ALT.L,ejected_below_floor,15796.8735148,2026-08-21|GBp,1000000.0
CNCJO-B.ST,ejected_below_floor,16971.0668,2026-08-21|SEK,1000000.0
011500.KS,ejected_below_floor,896992.087062072,2026-08-21|KRW,1000000.0
GGEO.ST,ejected_below_floor,4501.930826,2026-08-21|SEK,1000000.0
SCT.DE,ejected_below_floor,19962.581609999997,2026-08-21|EUR,1000000.0
ALCOF.PA,ejected_below_floor,9859.791599999999,2026-08-21|EUR,1000000.0
0QLM.L,ejected_below_floor,2805.920895,2026-08-21|CHF,1000000.0
001750.KS,ejected_below_floor,327286.12463366997,2026-08-21|KRW,1000000.0
001755.KS,ejected_below_floor,30072.425933129998,2026-08-21|KRW,1000000.0
100250.KS,ejected_below_floor,317092.992035064,2026-08-21|KRW,1000000.0
AUD.DE,ejected_below_floor,111050.797827,2026-08-21|EUR,1000000.0
TRX.TO,ejected_below_floor,184128.18864,2026-08-21|CAD,1000000.0
SUS.ST,ejected_below_floor,863776.6157760001,2026-08-21|SEK,1000000.0
MBX.TO,ejected_below_floor,7506.49596,2026-08-21|CAD,1000000.0
ALEO2.PA,ejected_below_floor,1207.7895072000001,2026-08-21|EUR,1000000.0
THNC.TO,ejected_below_floor,20795.549068000004,2026-08-21|CAD,1000000.0
ABS2.DE,ejected_below_floor,42481.71627600001,2026-08-21|EUR,1000000.0
STIL.ST,ejected_below_floor,135245.31408,2026-08-21|SEK,1000000.0
INFREA.ST,ejected_below_floor,16648.46326,2026-08-21|SEK,1000000.0
AW.TO,ejected_below_floor,210013.02512,2026-08-21|CAD,1000000.0
MLFMV.LS,ejected_below_floor,972.8677349999999,2026-08-21|EUR,1000000.0
0LD9.L,ejected_below_floor,265551.92000000004,2026-08-21|USD,1000000.0
0P2J.L,ejected_below_floor,21394.698858,2026-08-21|EUR,1000000.0
PARP.PA,ejected_below_floor,23207.22225,2026-08-21|EUR,1000000.0
CMG.TO,ejected_below_floor,424855.07154000003,2026-08-21|CAD,1000000.0
PRQ.TO,ejected_below_floor,76606.954188,2026-08-21|CAD,1000000.0
HRPK.DE,ejected_below_floor,75439.06034,2026-08-21|EUR,1000000.0
145990.KS,ejected_below_floor,391569.04190034,2026-08-21|KRW,1000000.0
145995.KS,ejected_below_floor,20953.74902733,2026-08-21|KRW,1000000.0
003300.KS,ejected_below_floor,260728.650607488,2026-08-21|KRW,1000000.0
BERG-B.ST,ejected_below_floor,483304.2995,2026-08-21|SEK,1000000.0
OGD.TO,ejected_below_floor,18574.029976,2026-08-21|CAD,1000000.0
VAF.LS,ejected_below_floor,84591.97714080001,2026-08-21|EUR,1000000.0
010770.KS,ejected_below_floor,181893.04926531075,2026-08-21|KRW,1000000.0
ALODC.PA,ejected_below_floor,50777.92674,2026-08-21|EUR,1000000.0
CIV.PA,ejected_below_floor,86957.88425,2026-08-21|EUR,1000000.0
WYR.DE,ejected_below_floor,801.1838224,2026-08-21|EUR,1000000.0
ATIC.ST,ejected_below_floor,62214.129432,2026-08-21|SEK,1000000.0
ORIO.TO,ejected_below_floor,18984.5211,2026-08-21|CAD,1000000.0
MULTI.OL,ejected_below_floor,90998.279136,2026-08-21|NOK,1000000.0
0HHU.L,ejected_below_floor,61787.520000000004,2026-08-21|USD,1000000.0
BNP.DE,ejected_below_floor,835282.8044615999,2026-08-21|EUR,1000000.0
ALBFR.PA,ejected_below_floor,431388.49242399994,2026-08-21|EUR,1000000.0
UWS.DE,ejected_below_floor,123582.756115,2026-08-21|EUR,1000000.0
012800.KS,ejected_below_floor,576213.237436662,2026-08-21|KRW,1000000.0
SKB.DE,ejected_below_floor,66382.03758799999,2026-08-21|EUR,1000000.0
0Q3C.L,ejected_below_floor,509200.108006678,2026-08-21|EUR,1000000.0
ALJXR.PA,ejected_below_floor,244251.56154132,2026-08-21|EUR,1000000.0
TPGXL,ejected_below_floor,577565.6000000001,2026-08-21|USD,1000000.0
0R18.L,ejected_below_floor,846748.1,2026-08-21|USD,1000000.0
0UKH.L,ejected_below_floor,27076.810320000004,2026-08-21|CAD,1000000.0
0VL8.L,ejected_below_floor,78521.4388,2026-08-21|CAD,1000000.0
NFGAB.ST,ejected_below_floor,2990.04036,2026-08-21|SEK,1000000.0
CGN.DE,ejected_below_floor,8013.586413999999,2026-08-21|EUR,1000000.0
ALLAN.PA,ejected_below_floor,11570.10415,2026-08-21|EUR,1000000.0
0OQX.L,ejected_below_floor,78.31891199999998,2026-08-21|EUR,1000000.0
BRY.TO,ejected_below_floor,1962.2543360000002,2026-08-21|CAD,1000000.0
2KD.DE,ejected_below_floor,32359.2066828,2026-08-21|EUR,1000000.0
PIERCE.ST,ejected_below_floor,164063.3654816,2026-08-21|SEK,1000000.0
APM.DE,ejected_below_floor,8741.2297104,2026-08-21|EUR,1000000.0
OXBR,ejected_below_floor,139501.04,2026-08-21|USD,1000000.0
ACWN.DE,ejected_below_floor,5417.05808,2026-08-21|EUR,1000000.0
SXP.TO,ejected_below_floor,30649.043392000003,2026-08-21|CAD,1000000.0
UPSALE.ST,ejected_below_floor,306465.793942,2026-08-21|SEK,1000000.0
0NWC.L,ejected_below_floor,75395.70522799999,2026-08-21|EUR,1000000.0
KENH.ST,ejected_below_floor,3600.9735696,2026-08-21|SEK,1000000.0
SLL.DE,ejected_below_floor,24919.399535999997,2026-08-21|EUR,1000000.0
134380.KS,ejected_below_floor,51492.8753145135,2026-08-21|KRW,1000000.0
0KKZ.L,ejected_below_floor,594263.24,2026-08-21|USD,1000000.0
8GM.DE,ejected_below_floor,11138.009855,2026-08-21|EUR,1000000.0
ECONB.BR,ejected_below_floor,73431.6254176,2026-08-21|EUR,1000000.0
CHMI,ejected_below_floor,992182.38,2026-08-21|USD,1000000.0
0LF8.L,ejected_below_floor,51494.81999999999,2026-08-21|USD,1000000.0
002880.KS,ejected_below_floor,700052.0835949274,2026-08-21|KRW,1000000.0
4PN.DE,ejected_below_floor,37819.176999999996,2026-08-21|EUR,1000000.0
DIE.DE,ejected_below_floor,4048.3418559999996,2026-08-21|EUR,1000000.0
HUMBLE.ST,ejected_below_floor,185638.48555200003,2026-08-21|SEK,1000000.0
084690.KS,ejected_below_floor,356378.22781044,2026-08-21|KRW,1000000.0
084695.KS,ejected_below_floor,70577.721615066,2026-08-21|KRW,1000000.0
FIN.L,ejected_below_floor,25708.406621625,2026-08-21|GBp,1000000.0
NACON.PA,ejected_below_floor,15840.822300576,2026-08-21|EUR,1000000.0
FMC1.DE,ejected_below_floor,84965.2506696,2026-08-21|EUR,1000000.0
HAGA.IC,ejected_below_floor,970673.8396559999,2026-08-21|ISK,1000000.0
VCM.TO,ejected_below_floor,25969.41144,2026-08-21|CAD,1000000.0
EKI.PA,ejected_below_floor,556486.5446672,2026-08-21|EUR,1000000.0
0QSV.L,ejected_below_floor,15734.426757899999,2026-08-21|EUR,1000000.0
003120.KS,ejected_below_floor,159251.17881915,2026-08-21|KRW,1000000.0
CGO.TO,ejected_below_floor,909105.3941200001,2026-08-21|CAD,1000000.0
GBT.TO,ejected_below_floor,13552.02072,2026-08-21|CAD,1000000.0
JDC.DE,ejected_below_floor,172791.0996,2026-08-21|EUR,1000000.0
MSAB-B.ST,ejected_below_floor,197603.68603200003,2026-08-21|SEK,1000000.0
0KJD.L,ejected_below_floor,99767.115,2026-08-21|USD,1000000.0
POL.OL,ejected_below_floor,76657.7664,2026-08-21|NOK,1000000.0
PWO.DE,ejected_below_floor,9273.798311999999,2026-08-21|EUR,1000000.0
NVJP.DE,ejected_below_floor,118469.242092,2026-08-21|EUR,1000000.0
GUI.PA,ejected_below_floor,28074.299755999997,2026-08-21|EUR,1000000.0
017390.KS,ejected_below_floor,206353.0299348,2026-08-21|KRW,1000000.0
LUC.ST,ejected_below_floor,59257.0233976,2026-08-21|SEK,1000000.0
BTS-B.ST,ejected_below_floor,292622.84769599995,2026-08-21|SEK,1000000.0
SOAG.OL,ejected_below_floor,24074.3664,2026-08-21|NOK,1000000.0
FNTL.L,ejected_below_floor,403953.2512365,2026-08-21|GBp,1000000.0
0G15.L,ejected_below_floor,284.72187799999995,2026-08-21|EUR,1000000.0
NODK,ejected_below_floor,387616.79,2026-08-21|USD,1000000.0
383800.KS,ejected_below_floor,826127.9806464959,2026-08-21|KRW,1000000.0
KLARA-B.ST,ejected_below_floor,354402.3851232,2026-08-21|SEK,1000000.0
0TIQ.L,ejected_below_floor,236295.56,2026-08-21|USD,1000000.0
0DH7.L,ejected_below_floor,38396.232767999994,2026-08-21|NOK,1000000.0
BEN.PA,ejected_below_floor,472027.1152922,2026-08-21|EUR,1000000.0
ALNG.OL,ejected_below_floor,56221.89511679999,2026-08-21|NOK,1000000.0
AGES-B.ST,ejected_below_floor,2154.273584,2026-08-21|SEK,1000000.0
ENL.DE,ejected_below_floor,200660.36230911998,2026-08-21|EUR,1000000.0
SWP.TO,ejected_below_floor,17452.12224,2026-08-21|CAD,1000000.0
0IMT.L,ejected_below_floor,16026.606816,2026-08-21|NOK,1000000.0
QRF.BR,ejected_below_floor,44506.703025999996,2026-08-21|EUR,1000000.0
JCQ.PA,ejected_below_floor,98171.94037,2026-08-21|EUR,1000000.0
49GP.L,ejected_below_floor,130.114677,2026-08-21|GBp,1000000.0
50GP.L,ejected_below_floor,655.4000005,2026-08-21|GBp,1000000.0
HAI.TO,ejected_below_floor,159848.94366000002,2026-08-21|CAD,1000000.0
0RPS.L,ejected_below_floor,156329.81222,2026-08-21|SEK,1000000.0
0QV6.L,ejected_below_floor,36341.333161992,2026-08-21|EUR,1000000.0
AZT.OL,ejected_below_floor,74463.01823999999,2026-08-21|NOK,1000000.0
105630.KS,ejected_below_floor,500621.60107112397,2026-08-21|KRW,1000000.0
0G67.L,ejected_below_floor,47011.5055872,2026-08-21|NOK,1000000.0
0IFJ.L,ejected_below_floor,317248.1,2026-08-21|USD,1000000.0
0QYK.L,ejected_below_floor,376468.9,2026-08-21|USD,1000000.0
CTM.ST,ejected_below_floor,67553.097292,2026-08-21|SEK,1000000.0
E.TO,ejected_below_floor,150565.14886000002,2026-08-21|CAD,1000000.0
HWO.TO,ejected_below_floor,2991.4249800000002,2026-08-21|CAD,1000000.0
QRC.TO,ejected_below_floor,52949.4,2026-08-21|CAD,1000000.0
HWK.AS,ejected_below_floor,1179.9583223999998,2026-08-21|EUR,1000000.0
JOMA.ST,ejected_below_floor,191284.76136600002,2026-08-21|SEK,1000000.0
CRLO.PA,ejected_below_floor,90837.58404399999,2026-08-21|EUR,1000000.0
CVS.DE,ejected_below_floor,33785.473321599995,2026-08-21|EUR,1000000.0
CEK.DE,ejected_below_floor,199029.333672,2026-08-21|EUR,1000000.0
CUP-U.TO,ejected_below_floor,36999.9,2026-08-21|USD,1000000.0
SMJ.L,ejected_below_floor,6444.959283,2026-08-21|GBp,1000000.0
ELAN-B.ST,ejected_below_floor,51396.507324,2026-08-21|SEK,1000000.0
LORD.L,ejected_below_floor,30425.403565375,2026-08-21|GBp,1000000.0
0KET.L,ejected_below_floor,566868.75,2026-08-21|USD,1000000.0
PIF.TO,ejected_below_floor,448676.24297600007,2026-08-21|CAD,1000000.0
CDMIL.ST,ejected_below_floor,3036.4415200000003,2026-08-21|SEK,1000000.0
LOCAL.PA,ejected_below_floor,60675.723990599996,2026-08-21|EUR,1000000.0
010660.KS,ejected_below_floor,617630.545229148,2026-08-21|KRW,1000000.0
XPLRA.OL,ejected_below_floor,460358.00664,2026-08-21|NOK,1000000.0
0GN6.L,ejected_below_floor,376874.33401600004,2026-08-21|EUR,1000000.0
0R7T.L,ejected_below_floor,8486.413535999998,2026-08-21|EUR,1000000.0
TINC.BR,ejected_below_floor,184497.67911599998,2026-08-21|EUR,1000000.0
NOTEK.ST,ejected_below_floor,2037.7300369999998,2026-08-21|SEK,1000000.0
HAW.DE,ejected_below_floor,32360.978181999995,2026-08-21|EUR,1000000.0
0L5A.L,ejected_below_floor,522348.28700000007,2026-08-21|USD,1000000.0
118000.KS,ejected_below_floor,47762.3024130561,2026-08-21|KRW,1000000.0
003610.KS,ejected_below_floor,463329.996329616,2026-08-21|KRW,1000000.0
0KGY.L,ejected_below_floor,4190.465664,2026-08-21|SEK,1000000.0
012320.KS,ejected_below_floor,380526.763204125,2026-08-21|KRW,1000000.0
0H38.L,ejected_below_floor,6998.7006102000005,2026-08-21|SEK,1000000.0
DUNI.ST,ejected_below_floor,441070.593548,2026-08-21|SEK,1000000.0
AENT,ejected_below_floor,93454.98,2026-08-21|USD,1000000.0
ROOT.TO,ejected_below_floor,37335.378359999995,2026-08-21|CAD,1000000.0
VO2.ST,ejected_below_floor,2069.6733514000002,2026-08-21|SEK,1000000.0
000215.KS,ejected_below_floor,63090.73041432,2026-08-21|KRW,1000000.0
NGS.ST,ejected_below_floor,2631.0853954,2026-08-21|SEK,1000000.0
159580.KQ,ejected_below_floor,91067.752560723,2026-08-21|KRW,1000000.0
TVRB.PA,ejected_below_floor,2349.56736,2026-08-21|EUR,1000000.0
CLIQ.DE,ejected_below_floor,25883.0368278,2026-08-21|EUR,1000000.0
BRIM.IC,ejected_below_floor,368580.012,2026-08-21|ISK,1000000.0
LITI.ST,ejected_below_floor,21768.983487,2026-08-21|SEK,1000000.0
NP3.ST,ejected_below_floor,849917.5551,2026-08-21|SEK,1000000.0
VEFAB.ST,ejected_below_floor,202756.02506712,2026-08-21|SEK,1000000.0
HNK1.DE,ejected_below_floor,49446.272144,2026-08-21|EUR,1000000.0
B7E.DE,ejected_below_floor,21563.34092,2026-08-21|EUR,1000000.0
ALNN6.PA,ejected_below_floor,24316.448805,2026-08-21|EUR,1000000.0
PEO.DE,ejected_below_floor,1271.1555674,2026-08-21|EUR,1000000.0
A6T.DE,ejected_below_floor,2903.1142416,2026-08-21|EUR,1000000.0
271980.KS,ejected_below_floor,305344.860735474,2026-08-21|KRW,1000000.0
SCT.LS,ejected_below_floor,1678.2623999999998,2026-08-21|EUR,1000000.0
PRFO.ST,ejected_below_floor,22982.662516,2026-08-21|SEK,1000000.0
0R43.L,ejected_below_floor,121496.29344000001,2026-08-21|SEK,1000000.0
0RU6.L,ejected_below_floor,33813.936,2026-08-21|NOK,1000000.0
DBAN.DE,ejected_below_floor,259806.09139000002,2026-08-21|EUR,1000000.0
KOF.PA,ejected_below_floor,925559.96541,2026-08-21|EUR,1000000.0
S188.DE,ejected_below_floor,9108.769176,2026-08-21|EUR,1000000.0
QAIR.ST,ejected_below_floor,14107.816035,2026-08-21|SEK,1000000.0
HMU.DE,ejected_below_floor,21925.915525999997,2026-08-21|EUR,1000000.0
ALPCOT-B.ST,ejected_below_floor,2357.3594936,2026-08-21|SEK,1000000.0
AVEN.ST,ejected_below_floor,32345.59776,2026-08-21|SEK,1000000.0
MDO.DE,ejected_below_floor,748328.812848,2026-08-21|EUR,1000000.0
ALEMV.PA,ejected_below_floor,1904.536459,2026-08-21|EUR,1000000.0
INS.DE,ejected_below_floor,63688.776074,2026-08-21|EUR,1000000.0
ALPRG.PA,ejected_below_floor,70396.03100688,2026-08-21|EUR,1000000.0
DC-A.TO,ejected_below_floor,601325.977296,2026-08-21|CAD,1000000.0
HEBA-B.ST,ejected_below_floor,285563.55158,2026-08-21|SEK,1000000.0
RAIL.ST,ejected_below_floor,64714.44859,2026-08-21|SEK,1000000.0
KVIKA.IC,ejected_below_floor,438494.67153319996,2026-08-21|ISK,1000000.0
KID.OL,ejected_below_floor,447620.214528,2026-08-21|NOK,1000000.0
UEIC,ejected_below_floor,261851.49999999997,2026-08-21|USD,1000000.0
CAT31.PA,ejected_below_floor,152442.168,2026-08-21|EUR,1000000.0
TRIAN-B.ST,ejected_below_floor,114743.63340600002,2026-08-21|SEK,1000000.0
0MUF.L,ejected_below_floor,17302.535706,2026-08-21|EUR,1000000.0
HELG.OL,ejected_below_floor,41645.41056,2026-08-21|NOK,1000000.0
HLE.DE,ejected_below_floor,483807.50338999997,2026-08-21|EUR,1000000.0
FG.ST,ejected_below_floor,150794.24621440002,2026-08-21|SEK,1000000.0
ITERA.OL,ejected_below_floor,11455.0525824,2026-08-21|NOK,1000000.0
ALHOP.PA,ejected_below_floor,16995.203903999998,2026-08-21|EUR,1000000.0
CRBP2.PA,ejected_below_floor,383961.05340120004,2026-08-21|EUR,1000000.0
ALSAS.PA,ejected_below_floor,3244.4308572,2026-08-21|EUR,1000000.0
FEC.TO,ejected_below_floor,569892.5912,2026-08-21|CAD,1000000.0
CTEK.ST,ejected_below_floor,88383.52703520001,2026-08-21|SEK,1000000.0
HTFC,ejected_below_floor,71114.56,2026-08-21|USD,1000000.0
KMR.L,ejected_below_floor,288159.14242499997,2026-08-21|GBp,1000000.0
0L98.L,ejected_below_floor,28940.52,2026-08-21|USD,1000000.0
WIB.DE,ejected_below_floor,69734.1802584,2026-08-21|EUR,1000000.0
ALRGR.PA,ejected_below_floor,1580.36376,2026-08-21|EUR,1000000.0
0IJN.L,ejected_below_floor,207669.88,2026-08-21|USD,1000000.0
010040.KS,ejected_below_floor,58381.967839459496,2026-08-21|KRW,1000000.0
0RKL.L,ejected_below_floor,288295.76106,2026-08-21|SEK,1000000.0
KOA.OL,ejected_below_floor,373523.33688384,2026-08-21|NOK,1000000.0
SIEB,ejected_below_floor,151539.49999999997,2026-08-21|USD,1000000.0
000540.KS,ejected_below_floor,249820.69692537,2026-08-21|KRW,1000000.0
000545.KS,ejected_below_floor,6292.1686839435,2026-08-21|KRW,1000000.0
0W1Q.L,ejected_below_floor,477.488962,2026-08-21|EUR,1000000.0
93M1.DE,ejected_below_floor,91362.74032,2026-08-21|EUR,1000000.0
ACAN.PA,ejected_below_floor,1989.5824061199996,2026-08-21|EUR,1000000.0
000070.KS,ejected_below_floor,455806.46687646,2026-08-21|KRW,1000000.0
036630.KQ,ejected_below_floor,461557.58780579397,2026-08-21|KRW,1000000.0
CRRX.TO,ejected_below_floor,56554.757064000005,2026-08-21|CAD,1000000.0
MPC.TO,ejected_below_floor,2958.6611879999996,2026-08-21|CAD,1000000.0
0N5I.L,ejected_below_floor,99231.46005599998,2026-08-21|EUR,1000000.0
HVO.L,ejected_below_floor,117646.545485665,2026-08-21|GBp,1000000.0
272550.KS,ejected_below_floor,224454.990024525,2026-08-21|KRW,1000000.0
VER.ST,ejected_below_floor,418400.283275,2026-08-21|SEK,1000000.0
NCB.DE,ejected_below_floor,115429.9788132,2026-08-21|EUR,1000000.0
SKMO.ST,ejected_below_floor,1357.60136,2026-08-21|SEK,1000000.0
BMA.OL,ejected_below_floor,25921.555679999998,2026-08-21|NOK,1000000.0
0P49.L,ejected_below_floor,12081.854256000002,2026-08-21|SEK,1000000.0
BULTEN.ST,ejected_below_floor,280684.18616,2026-08-21|SEK,1000000.0
FRACTL.ST,ejected_below_floor,30684.259865600005,2026-08-21|SEK,1000000.0
CALVIK.ST,ejected_below_floor,36016.202464,2026-08-21|SEK,1000000.0
FAG.ST,ejected_below_floor,412411.3915836,2026-08-21|SEK,1000000.0
090080.KS,ejected_below_floor,191989.2175739589,2026-08-21|KRW,1000000.0
0JQR.L,ejected_below_floor,306583.56,2026-08-21|USD,1000000.0
0RCW.L,ejected_below_floor,33874.73472,2026-08-21|NOK,1000000.0
PAE.DE,ejected_below_floor,1962.1684559999999,2026-08-21|EUR,1000000.0
0OA4.L,ejected_below_floor,778674.594144,2026-08-21|EUR,1000000.0
CRAP.PA,ejected_below_floor,42960.5338624,2026-08-21|EUR,1000000.0
IMMOU.BR,ejected_below_floor,5086.766715999999,2026-08-21|EUR,1000000.0
NGL0.DE,ejected_below_floor,536716.6485589999,2026-08-21|EUR,1000000.0
STE-A.ST,ejected_below_floor,28145.50543,2026-08-21|SEK,1000000.0
IWS.OL,ejected_below_floor,19417.848096,2026-08-21|NOK,1000000.0
FDE.PA,ejected_below_floor,742443.356394,2026-08-21|EUR,1000000.0
0QZP.L,ejected_below_floor,64148.65195199999,2026-08-21|CAD,1000000.0
PRIC-B.ST,ejected_below_floor,89684.51898000001,2026-08-21|SEK,1000000.0
YU.L,ejected_below_floor,394060.660896,2026-08-21|GBp,1000000.0
ONTEX.BR,ejected_below_floor,695802.0900687999,2026-08-21|EUR,1000000.0
VRV.DE,ejected_below_floor,198258.8713752,2026-08-21|EUR,1000000.0
E3X1.DE,ejected_below_floor,21665.9014,2026-08-21|EUR,1000000.0
RTC.DE,ejected_below_floor,835.1220176,2026-08-21|EUR,1000000.0
HEIMAR.IC,ejected_below_floor,347447.759952,2026-08-21|ISK,1000000.0
PLAZ-B.ST,ejected_below_floor,962543.87838,2026-08-21|SEK,1000000.0
SAGA-A.ST,ejected_below_floor,29031.431650000002,2026-08-21|SEK,1000000.0
0K2K.L,ejected_below_floor,18955.97,2026-08-21|USD,1000000.0
SOLNA.ST,ejected_below_floor,60771.452280000005,2026-08-21|SEK,1000000.0
ESOZ.L,ejected_below_floor,1704.543057,2026-08-21|GBp,1000000.0
LUC.TO,ejected_below_floor,72268.15068,2026-08-21|CAD,1000000.0
000390.KS,ejected_below_floor,609901.6289156565,2026-08-21|KRW,1000000.0
ASY.PA,ejected_below_floor,156354.384128,2026-08-21|EUR,1000000.0
100220.KS,ejected_below_floor,242549.72911575,2026-08-21|KRW,1000000.0
ALHYP.PA,ejected_below_floor,16153.0891264,2026-08-21|EUR,1000000.0
HAYPP.ST,ejected_below_floor,546874.476588,2026-08-21|SEK,1000000.0
0OA7.L,ejected_below_floor,82328.56058399999,2026-08-21|EUR,1000000.0
035200.KQ,ejected_below_floor,91108.06017435,2026-08-21|KRW,1000000.0
0RDI.L,ejected_below_floor,152043.37384000001,2026-08-21|SEK,1000000.0
IDUN-B.ST,ejected_below_floor,426867.89134000003,2026-08-21|SEK,1000000.0
ALVDM.PA,ejected_below_floor,763789.45557,2026-08-21|EUR,1000000.0
SGL.DE,ejected_below_floor,938678.9076269999,2026-08-21|EUR,1000000.0
0IC9.L,ejected_below_floor,620301.78,2026-08-21|USD,1000000.0
0JQQ.L,ejected_below_floor,668364.2000000001,2026-08-21|USD,1000000.0
ALPJT.PA,ejected_below_floor,51424.850276799996,2026-08-21|EUR,1000000.0
GDEV,ejected_below_floor,66778.125,2026-08-21|USD,1000000.0
000725.KS,ejected_below_floor,195672.812103375,2026-08-21|KRW,1000000.0
ADN1.DE,ejected_below_floor,935592.82782,2026-08-21|EUR,1000000.0
PSM.DE,ejected_below_floor,823830.6774964799,2026-08-21|EUR,1000000.0
045510.KQ,ejected_below_floor,125372.13276095969,2026-08-21|KRW,1000000.0
LINV.L,ejected_below_floor,105671.9755147,2026-08-21|GBp,1000000.0
ALMLB.PA,ejected_below_floor,4853.907808,2026-08-21|EUR,1000000.0
EWRK.ST,ejected_below_floor,49724.154928,2026-08-21|SEK,1000000.0
SGA,ejected_below_floor,155220.6,2026-08-21|USD,1000000.0
TAP-A,ejected_below_floor,4884.0,2026-08-21|USD,1000000.0
372170.KQ,ejected_below_floor,350471.3427224625,2026-08-21|KRW,1000000.0
MMB.PA,ejected_below_floor,451558.6890784,2026-08-21|EUR,1000000.0
0HW0.L,ejected_below_floor,19079.451839999998,2026-08-21|NOK,1000000.0
CTT.ST,ejected_below_floor,167895.71077200002,2026-08-21|SEK,1000000.0
ETL.L,ejected_below_floor,481773.89223600004,2026-08-21|EUR,1000000.0
HUSQ-A.ST,ejected_below_floor,72351.449646,2026-08-21|SEK,1000000.0
GIMB.BR,ejected_below_floor,903250.4387249999,2026-08-21|EUR,1000000.0
ALGEN.PA,ejected_below_floor,22964.923115999998,2026-08-21|EUR,1000000.0
EAS2P.AS,ejected_below_floor,6541.023042160001,2026-08-21|EUR,1000000.0
SPEL.PA,ejected_below_floor,287.227617,2026-08-21|EUR,1000000.0
BOR.OL,ejected_below_floor,10726.505159999999,2026-08-21|NOK,1000000.0
200130.KQ,ejected_below_floor,705381.664294827,2026-08-21|KRW,1000000.0
LIVE,ejected_below_floor,102724.81199999999,2026-08-21|USD,1000000.0
0Z62.L,ejected_below_floor,894875.3957,2026-08-21|USD,1000000.0
MDP.TO,ejected_below_floor,172167.992576,2026-08-21|CAD,1000000.0
UNB,ejected_below_floor,344472.41,2026-08-21|USD,1000000.0
ALBOA.PA,ejected_below_floor,8125.587119999999,2026-08-21|EUR,1000000.0
TF.TO,ejected_below_floor,844209.4280240001,2026-08-21|CAD,1000000.0
FRS.DE,ejected_below_floor,3706.2327275999996,2026-08-21|EUR,1000000.0
058650.KS,ejected_below_floor,381481.74025575,2026-08-21|KRW,1000000.0
0CX9.L,ejected_below_floor,1009.1951231999999,2026-08-21|EUR,1000000.0
GEO.TO,ejected_below_floor,27489.109647999998,2026-08-21|CAD,1000000.0
0ZQ7.L,ejected_below_floor,101783.58436400001,2026-08-21|EUR,1000000.0
LSX.DE,ejected_below_floor,5312.8426468,2026-08-21|EUR,1000000.0
MRK.L,ejected_below_floor,19254.62686875,2026-08-21|GBp,1000000.0
ALHRG.PA,ejected_below_floor,15516.934439999999,2026-08-21|EUR,1000000.0
SABE.PA,ejected_below_floor,2354.2291999999998,2026-08-21|EUR,1000000.0
DWD.DE,ejected_below_floor,118567.02418599998,2026-08-21|EUR,1000000.0
CVVY.TO,ejected_below_floor,764692.396424,2026-08-21|CAD,1000000.0
BBROOM.ST,ejected_below_floor,19335.132416,2026-08-21|SEK,1000000.0
SKUE.OL,ejected_below_floor,40992.78768,2026-08-21|NOK,1000000.0
HTG.DE,ejected_below_floor,100304.33591359999,2026-08-21|EUR,1000000.0
ENTRA.OL,ejected_below_floor,644765.030784,2026-08-21|NOK,1000000.0
CMO.PA,ejected_below_floor,139063.153384,2026-08-21|EUR,1000000.0
TORO,ejected_below_floor,216641.04,2026-08-21|USD,1000000.0
TTK.DE,ejected_below_floor,38732.489729,2026-08-21|EUR,1000000.0
ALDLS.PA,ejected_below_floor,2805.8449499999997,2026-08-21|EUR,1000000.0
NORB-B.ST,ejected_below_floor,23666.607216,2026-08-21|SEK,1000000.0
026890.KS,ejected_below_floor,557249.50894395,2026-08-21|KRW,1000000.0
CCC.ST,ejected_below_floor,19278.962867000002,2026-08-21|SEK,1000000.0
ARAMI.PA,ejected_below_floor,224063.880656,2026-08-21|EUR,1000000.0
0JZU.L,ejected_below_floor,344964.0,2026-08-21|USD,1000000.0
PMG.L,ejected_below_floor,34798.43617425,2026-08-21|GBp,1000000.0
GZF.DE,ejected_below_floor,175482.3681774,2026-08-21|EUR,1000000.0
221840.KQ,ejected_below_floor,29973.960397584,2026-08-21|KRW,1000000.0
096240.KQ,ejected_below_floor,194297.876220987,2026-08-21|KRW,1000000.0
014990.KS,ejected_below_floor,438055.0790429115,2026-08-21|KRW,1000000.0
SSBI,ejected_below_floor,65328.799999999996,2026-08-21|USD,1000000.0
ALLDL.PA,ejected_below_floor,80938.39989599999,2026-08-21|EUR,1000000.0
MBWS.PA,ejected_below_floor,15391.06476,2026-08-21|EUR,1000000.0
VOLO.ST,ejected_below_floor,269786.73726,2026-08-21|SEK,1000000.0
AXS.AS,ejected_below_floor,112709.70193639999,2026-08-21|EUR,1000000.0
NWT.DE,ejected_below_floor,19427.285831999994,2026-08-21|EUR,1000000.0
002600.KS,ejected_below_floor,6671.697144105,2026-08-21|KRW,1000000.0
006060.KS,ejected_below_floor,158855.61252132,2026-08-21|KRW,1000000.0
OBAB.ST,ejected_below_floor,56918.39233600001,2026-08-21|SEK,1000000.0
ULC.DE,ejected_below_floor,3301.0489039999998,2026-08-21|EUR,1000000.0
DXRX.L,ejected_below_floor,507800.9836298,2026-08-21|GBp,1000000.0
008260.KS,ejected_below_floor,277535.49934274325,2026-08-21|KRW,1000000.0
RHK.DE,ejected_below_floor,94330.23457199999,2026-08-21|EUR,1000000.0
GDHG,ejected_below_floor,520087.1648,2026-08-21|USD,1000000.0
CRSU.PA,ejected_below_floor,73074.34199999999,2026-08-21|EUR,1000000.0
0OPA.L,ejected_below_floor,2736.266988,2026-08-21|EUR,1000000.0
VIB3.DE,ejected_below_floor,73826.0637,2026-08-21|EUR,1000000.0
0N9V.L,ejected_below_floor,93356.14310399999,2026-08-21|EUR,1000000.0
MXHN.DE,ejected_below_floor,5115.670123999999,2026-08-21|EUR,1000000.0
FSZ.TO,ejected_below_floor,901459.3927000001,2026-08-21|CAD,1000000.0
ORIO,ejected_below_floor,34751.3166,2026-08-21|USD,1000000.0
011700.KS,ejected_below_floor,478402.2637416915,2026-08-21|KRW,1000000.0
0HUR.L,ejected_below_floor,60935.200000000004,2026-08-21|USD,1000000.0
CARA.ST,ejected_below_floor,272845.61825500004,2026-08-21|SEK,1000000.0
NCC-A.ST,ejected_below_floor,56501.075840000005,2026-08-21|SEK,1000000.0
ZIL2.DE,ejected_below_floor,155186.8263,2026-08-21|EUR,1000000.0
005320.KS,ejected_below_floor,116169.87207542235,2026-08-21|KRW,1000000.0
0HQ1.L,ejected_below_floor,2934.06,2026-08-21|USD,1000000.0
0RUM.L,ejected_below_floor,110188.707065,2026-08-21|EUR,1000000.0
AEIN.DE,ejected_below_floor,163686.52607999998,2026-08-21|EUR,1000000.0
VVL.OL,ejected_below_floor,13080.71616,2026-08-21|NOK,1000000.0
ICESEA.IC,ejected_below_floor,35008.2270768,2026-08-21|ISK,1000000.0
024070.KS,ejected_below_floor,59951.6179464,2026-08-21|KRW,1000000.0
ANNE-B.ST,ejected_below_floor,116210.7604,2026-08-21|SEK,1000000.0
ALBON.PA,ejected_below_floor,30544.375679999997,2026-08-21|EUR,1000000.0
034120.KS,ejected_below_floor,148458.891091005,2026-08-21|KRW,1000000.0
0QAG.L,ejected_below_floor,180424.8626,2026-08-21|EUR,1000000.0
019170.KS,ejected_below_floor,534605.988499632,2026-08-21|KRW,1000000.0
019175.KS,ejected_below_floor,25983.2250295695,2026-08-21|KRW,1000000.0
AEP.DE,ejected_below_floor,13173.544018,2026-08-21|EUR,1000000.0
DAM.DE,ejected_below_floor,10303.132583999999,2026-08-21|EUR,1000000.0
BNJ.AS,ejected_below_floor,157894.49289959998,2026-08-21|EUR,1000000.0
200880.KS,ejected_below_floor,697277.046650379,2026-08-21|KRW,1000000.0
XTG.TO,ejected_below_floor,22690.755776,2026-08-21|CAD,1000000.0
095570.KS,ejected_below_floor,556880.732550555,2026-08-21|KRW,1000000.0
ALLLN.PA,ejected_below_floor,2254.6522976,2026-08-21|EUR,1000000.0
AURE.PA,ejected_below_floor,3291.0725664,2026-08-21|EUR,1000000.0
NAE.PA,ejected_below_floor,616430.208268,2026-08-21|EUR,1000000.0
A7A.DE,ejected_below_floor,120013.94277599998,2026-08-21|EUR,1000000.0
SCE.DE,ejected_below_floor,17609.3080872,2026-08-21|EUR,1000000.0
SKAGI.IC,ejected_below_floor,337427.276156,2026-08-21|ISK,1000000.0
TRVC.DE,ejected_below_floor,151110.00060159998,2026-08-21|EUR,1000000.0
0QVE.L,ejected_below_floor,675.1788700000001,2026-08-21|SEK,1000000.0
EXL.DE,ejected_below_floor,18108.451296,2026-08-21|EUR,1000000.0
PAR.PA,ejected_below_floor,5739.8904999999995,2026-08-21|EUR,1000000.0
PHO.OL,ejected_below_floor,389493.51264,2026-08-21|NOK,1000000.0
0RQH.L,ejected_below_floor,21704.1436398,2026-08-21|SEK,1000000.0
SAFETY-B.ST,ejected_below_floor,27464.2755128,2026-08-21|SEK,1000000.0
SEAF.ST,ejected_below_floor,23726.31984,2026-08-21|SEK,1000000.0
023800.KS,ejected_below_floor,265160.8922657895,2026-08-21|KRW,1000000.0
BBZA.DE,ejected_below_floor,578682.9401499999,2026-08-21|EUR,1000000.0
D6H0.DE,ejected_below_floor,95832.86215,2026-08-21|EUR,1000000.0
CRAV.PA,ejected_below_floor,99012.4934312,2026-08-21|EUR,1000000.0
0RWM.L,ejected_below_floor,44985.6837768,2026-08-21|EUR,1000000.0
WMT.DE,ejected_below_floor,476358.3259448,2026-08-21|EUR,1000000.0
0L9F.L,ejected_below_floor,37129.6,2026-08-21|USD,1000000.0
ALDMS.PA,ejected_below_floor,12081.624543999998,2026-08-21|EUR,1000000.0
035600.KQ,ejected_below_floor,564617.0937135,2026-08-21|KRW,1000000.0
ALMUN.PA,ejected_below_floor,2548.0277161,2026-08-21|EUR,1000000.0
MOTR.L,ejected_below_floor,238166.1059757,2026-08-21|GBp,1000000.0
0W19.L,ejected_below_floor,59497.89846,2026-08-21|EUR,1000000.0
000760.KS,ejected_below_floor,13738.671746099999,2026-08-21|KRW,1000000.0
001500.KS,ejected_below_floor,912482.34197232,2026-08-21|KRW,1000000.0
ADE.DE,ejected_below_floor,372809.209536,2026-08-21|EUR,1000000.0
BIKE.DE,ejected_below_floor,23755.711035199998,2026-08-21|EUR,1000000.0
MTEX,ejected_below_floor,76307.68000000001,2026-08-21|USD,1000000.0
0JSZ.L,ejected_below_floor,3143.7000000000003,2026-08-21|USD,1000000.0
QIIWI.ST,ejected_below_floor,12508.1192472,2026-08-21|SEK,1000000.0
0QS4.L,ejected_below_floor,4600.2369,2026-08-21|CHF,1000000.0
INEA.PA,ejected_below_floor,15423.930732,2026-08-21|EUR,1000000.0
MRL.LS,ejected_below_floor,8166.0518912,2026-08-21|EUR,1000000.0
0QN6.L,ejected_below_floor,2292.0434999999998,2026-08-21|CHF,1000000.0
BHG.ST,ejected_below_floor,733048.6813788001,2026-08-21|SEK,1000000.0
0NLY.L,ejected_below_floor,882554.141772,2026-08-21|EUR,1000000.0
UN0.DE,ejected_below_floor,236085.600556,2026-08-21|EUR,1000000.0
TPX-B.TO,ejected_below_floor,27823.288800000002,2026-08-21|CAD,1000000.0
AXS.L,ejected_below_floor,65359.851725,2026-08-21|GBp,1000000.0
FOI-B.ST,ejected_below_floor,83058.0764,2026-08-21|SEK,1000000.0
GAM.PA,ejected_below_floor,21894.33156,2026-08-21|EUR,1000000.0
ALU10.PA,ejected_below_floor,6755.297525,2026-08-21|EUR,1000000.0
ALWIT.PA,ejected_below_floor,31053.448608,2026-08-21|EUR,1000000.0
GVC.TO,ejected_below_floor,3283.9289920000006,2026-08-21|CAD,1000000.0
100130.KQ,ejected_below_floor,307514.6148111564,2026-08-21|KRW,1000000.0
CHECK.ST,ejected_below_floor,5985.3213216,2026-08-21|SEK,1000000.0
095720.KS,ejected_below_floor,61208.23415786625,2026-08-21|KRW,1000000.0
0R25.L,ejected_below_floor,15567.09,2026-08-21|USD,1000000.0
SOFT.BR,ejected_below_floor,213.58219959999997,2026-08-21|EUR,1000000.0
KONT.ST,ejected_below_floor,4936.0829646,2026-08-21|SEK,1000000.0
PORF.AS,ejected_below_floor,1817.418324,2026-08-21|EUR,1000000.0
A1OS.DE,ejected_below_floor,936723.32402,2026-08-21|EUR,1000000.0
RAW.DE,ejected_below_floor,236435.879559,2026-08-21|EUR,1000000.0
0KIT.L,ejected_below_floor,324735.88,2026-08-21|USD,1000000.0
0RL4.L,ejected_below_floor,2356.5910400000002,2026-08-21|SEK,1000000.0
MTEC.L,ejected_below_floor,339378.346551825,2026-08-21|GBp,1000000.0
0UGP.L,ejected_below_floor,716.5242480000002,2026-08-21|CAD,1000000.0
SFC.TO,ejected_below_floor,503234.008016,2026-08-21|CAD,1000000.0
CCN.PA,ejected_below_floor,88190.3582,2026-08-21|EUR,1000000.0
TKO.L,ejected_below_floor,85308.04964499999,2026-08-21|GBp,1000000.0
TSND.TO,ejected_below_floor,118869.65242800002,2026-08-21|CAD,1000000.0
0ELV.L,ejected_below_floor,15175.524587599999,2026-08-21|EUR,1000000.0
217820.KQ,ejected_below_floor,336856.11394572,2026-08-21|KRW,1000000.0
CRTO.PA,ejected_below_floor,83490.64074999999,2026-08-21|EUR,1000000.0
0L8A.L,ejected_below_floor,308896.4,2026-08-21|USD,1000000.0
KINV-A.ST,ejected_below_floor,64509.107710000004,2026-08-21|SEK,1000000.0
021050.KS,ejected_below_floor,274857.5508893268,2026-08-21|KRW,1000000.0
SAGA.OL,ejected_below_floor,31239.6839424,2026-08-21|NOK,1000000.0
ALGLD.PA,ejected_below_floor,59871.544936000006,2026-08-21|EUR,1000000.0
0SOM.L,ejected_below_floor,37111.52336670001,2026-08-21|SEK,1000000.0
CKI.TO,ejected_below_floor,113486.52106,2026-08-21|CAD,1000000.0
SBS.DE,ejected_below_floor,324637.6009939999,2026-08-21|EUR,1000000.0
ABEO.PA,ejected_below_floor,45627.782309199996,2026-08-21|EUR,1000000.0
CAV.L,ejected_below_floor,84141.460077675,2026-08-21|GBp,1000000.0
0DSJ.L,ejected_below_floor,2960.1783551999997,2026-08-21|NOK,1000000.0
ELC,ejected_below_floor,373243.7588,2026-08-21|USD,1000000.0
EBK.DE,ejected_below_floor,19324.259167999997,2026-08-21|EUR,1000000.0
0ROZ.L,ejected_below_floor,185863.08021233918,2026-08-21|EUR,1000000.0
0MKP.L,ejected_below_floor,99231.69314799999,2026-08-21|EUR,1000000.0
CAMBI.OL,ejected_below_floor,88720.831872,2026-08-21|NOK,1000000.0
0RI3.L,ejected_below_floor,2558.191776,2026-08-21|NOK,1000000.0
ICE.TO,ejected_below_floor,2164.6219,2026-08-21|CAD,1000000.0
T3T1.DE,ejected_below_floor,645.7114584000001,2026-08-21|EUR,1000000.0
014915.KS,ejected_below_floor,49878.79801430175,2026-08-21|KRW,1000000.0
ADS.OL,ejected_below_floor,2782.7724,2026-08-21|NOK,1000000.0
0LWG.L,ejected_below_floor,268326.8,2026-08-21|USD,1000000.0
BRAG,ejected_below_floor,44229.41,2026-08-21|USD,1000000.0
SGE.DE,ejected_below_floor,370667.74671359995,2026-08-21|EUR,1000000.0
AOMD.DE,ejected_below_floor,125388.578112,2026-08-21|EUR,1000000.0
TRIBO-B.ST,ejected_below_floor,8798.23816584,2026-08-21|SEK,1000000.0
CRLA.PA,ejected_below_floor,75287.55054,2026-08-21|EUR,1000000.0
000680.KS,ejected_below_floor,431080.1577297945,2026-08-21|KRW,1000000.0
0HXW.L,ejected_below_floor,5751.121,2026-08-21|USD,1000000.0
AQNB,ejected_below_floor,650978.7999999999,2026-08-21|USD,1000000.0
C9F.DE,ejected_below_floor,47631.6043056,2026-08-21|EUR,1000000.0
CMC.DE,ejected_below_floor,311104.74565799994,2026-08-21|EUR,1000000.0
KENDR.AS,ejected_below_floor,399441.3457788,2026-08-21|EUR,1000000.0
SOT.DE,ejected_below_floor,5601.5154342000005,2026-08-21|EUR,1000000.0
PARRO.PA,ejected_below_floor,635268.0044319999,2026-08-21|EUR,1000000.0
WEW.DE,ejected_below_floor,341945.964,2026-08-21|EUR,1000000.0
0IHP.L,ejected_below_floor,38321.92,2026-08-21|USD,1000000.0
AIM.TO,ejected_below_floor,111063.502486,2026-08-21|CAD,1000000.0
0HEC.L,ejected_below_floor,151728.52000000002,2026-08-21|USD,1000000.0
HNL.DE,ejected_below_floor,17055.364949199997,2026-08-21|EUR,1000000.0
SDOS.ST,ejected_below_floor,11225.2216552,2026-08-21|SEK,1000000.0
0IQC.L,ejected_below_floor,38109.6,2026-08-21|USD,1000000.0
FPAR-A.ST,ejected_below_floor,737113.9206000001,2026-08-21|SEK,1000000.0
FPAR-D.ST,ejected_below_floor,182834.00784,2026-08-21|SEK,1000000.0
TROAX.ST,ejected_below_floor,867999.2053200001,2026-08-21|SEK,1000000.0
030610.KS,ejected_below_floor,553788.3832689209,2026-08-21|KRW,1000000.0
0RAR.L,ejected_below_floor,68465.297338,2026-08-21|EUR,1000000.0
0E9V.L,ejected_below_floor,86951.59076599998,2026-08-21|EUR,1000000.0
0J2E.L,ejected_below_floor,303415.83999999997,2026-08-21|USD,1000000.0
0GMG.L,ejected_below_floor,90205.6265775,2026-08-21|SEK,1000000.0
0RKK.L,ejected_below_floor,1445.4118810000002,2026-08-21|SEK,1000000.0
ALEMS.BR,ejected_below_floor,443.807168,2026-08-21|EUR,1000000.0
0FH7.L,ejected_below_floor,35446.30044,2026-08-21|EUR,1000000.0
NRC.OL,ejected_below_floor,296046.821952,2026-08-21|NOK,1000000.0
SHLE.TO,ejected_below_floor,203795.69216400004,2026-08-21|CAD,1000000.0
MYPS,ejected_below_floor,450114.916,2026-08-21|USD,1000000.0
MELG.OL,ejected_below_floor,9280.26096,2026-08-21|NOK,1000000.0
027740.KS,ejected_below_floor,417085.4770354746,2026-08-21|KRW,1000000.0
XD4.DE,ejected_below_floor,59409.20695399999,2026-08-21|EUR,1000000.0
GBT.PA,ejected_below_floor,122187.875314,2026-08-21|EUR,1000000.0
ITB.DE,ejected_below_floor,750834.9714136,2026-08-21|EUR,1000000.0
ASRV,ejected_below_floor,90495.54,2026-08-21|USD,1000000.0
ALHUN.PA,ejected_below_floor,1696.793214,2026-08-21|EUR,1000000.0
4C.ST,ejected_below_floor,78367.2298648,2026-08-21|SEK,1000000.0
BRAG.TO,ejected_below_floor,13875.48032,2026-08-21|CAD,1000000.0
BLCO.TO,ejected_below_floor,34050.36876800001,2026-08-21|CAD,1000000.0
038290.KQ,ejected_below_floor,382595.579274375,2026-08-21|KRW,1000000.0
DPT.PA,ejected_below_floor,3648.5997982319996,2026-08-21|EUR,1000000.0
MCP.DE,ejected_below_floor,11410.8323864,2026-08-21|EUR,1000000.0
0OPY.L,ejected_below_floor,2973.2050059999997,2026-08-21|EUR,1000000.0
WPAY.ST,ejected_below_floor,4369.3505342,2026-08-21|SEK,1000000.0
1SI.DE,ejected_below_floor,69480.5178894,2026-08-21|EUR,1000000.0
EKT.DE,ejected_below_floor,834849.29996,2026-08-21|EUR,1000000.0
ALX.AS,ejected_below_floor,1863.4773031999998,2026-08-21|EUR,1000000.0
122990.KQ,ejected_below_floor,441587.7070450875,2026-08-21|KRW,1000000.0
KTF.DE,ejected_below_floor,47426.436727199994,2026-08-21|EUR,1000000.0
STRO.OL,ejected_below_floor,23685.0062592,2026-08-21|NOK,1000000.0
SIS.DE,ejected_below_floor,24544.5876,2026-08-21|EUR,1000000.0
VS,ejected_below_floor,56028.6969,2026-08-21|USD,1000000.0
DRIL.ST,ejected_below_floor,8618.8454024,2026-08-21|SEK,1000000.0
099190.KQ,ejected_below_floor,863746.956576,2026-08-21|KRW,1000000.0
CRWN.TO,ejected_below_floor,2527.0479360000004,2026-08-21|CAD,1000000.0
CAF.PA,ejected_below_floor,158293.6163312,2026-08-21|EUR,1000000.0
0ND2.L,ejected_below_floor,76857.3901962,2026-08-21|EUR,1000000.0
GMX.TO,ejected_below_floor,40421.312616,2026-08-21|CAD,1000000.0
DLAB.ST,ejected_below_floor,4449.1195872,2026-08-21|SEK,1000000.0
7HP.DE,ejected_below_floor,162582.718914,2026-08-21|EUR,1000000.0
009810.KS,ejected_below_floor,22969.95651300825,2026-08-21|KRW,1000000.0
GFP.TO,ejected_below_floor,5713.81658,2026-08-21|CAD,1000000.0
DAR.DE,ejected_below_floor,9897.435958,2026-08-21|EUR,1000000.0
ALNLF.PA,ejected_below_floor,20011.405992688,2026-08-21|EUR,1000000.0
SRT.DE,ejected_below_floor,896817.2743439998,2026-08-21|EUR,1000000.0
CFYN.L,ejected_below_floor,1902.774195,2026-08-21|GBp,1000000.0
5EA.DE,ejected_below_floor,3994.1130021999993,2026-08-21|EUR,1000000.0
WSL.L,ejected_below_floor,117.24596835,2026-08-21|GBp,1000000.0
FLUI.ST,ejected_below_floor,48326.157264,2026-08-21|SEK,1000000.0
0QKU.L,ejected_below_floor,106548.53,2026-08-21|USD,1000000.0
BON.PA,ejected_below_floor,137751.195062,2026-08-21|EUR,1000000.0
BEZ.DE,ejected_below_floor,10138.895960799999,2026-08-21|EUR,1000000.0
0AAJ.L,ejected_below_floor,605661.745675482,2026-08-21|CHF,1000000.0
PREC.ST,ejected_below_floor,75787.79378956,2026-08-21|SEK,1000000.0
SCANA.OL,ejected_below_floor,43190.3488512,2026-08-21|NOK,1000000.0
MSAG.DE,ejected_below_floor,5174.0480154,2026-08-21|EUR,1000000.0
005257.KS,ejected_below_floor,12176.76977055,2026-08-21|KRW,1000000.0
B3.ST,ejected_below_floor,32264.311746000003,2026-08-21|SEK,1000000.0
MEAB-B.ST,ejected_below_floor,11488.38132,2026-08-21|SEK,1000000.0
PZS.DE,ejected_below_floor,32669.6152992,2026-08-21|EUR,1000000.0
ALIMO.PA,ejected_below_floor,99.996468,2026-08-21|EUR,1000000.0
SNOR.OL,ejected_below_floor,31960.43136,2026-08-21|NOK,1000000.0
001070.KS,ejected_below_floor,69545.4004485075,2026-08-21|KRW,1000000.0
BYFC,ejected_below_floor,71126.52,2026-08-21|USD,1000000.0
BVB.DE,ejected_below_floor,409392.5385793,2026-08-21|EUR,1000000.0
ALDUX.PA,ejected_below_floor,4794.504311799999,2026-08-21|EUR,1000000.0
MAS.OL,ejected_below_floor,158652.09763199996,2026-08-21|NOK,1000000.0
ALECP.PA,ejected_below_floor,8162.34805932,2026-08-21|EUR,1000000.0
0G68.L,ejected_below_floor,11728.583400799998,2026-08-21|EUR,1000000.0
AAB.TO,ejected_below_floor,243.71132000000003,2026-08-21|CAD,1000000.0
BEWI.OL,ejected_below_floor,225197.217216,2026-08-21|NOK,1000000.0
298540.KQ,ejected_below_floor,113046.6739660965,2026-08-21|KRW,1000000.0
DCM.TO,ejected_below_floor,212334.15392,2026-08-21|CAD,1000000.0
ITAB.ST,ejected_below_floor,653122.572,2026-08-21|SEK,1000000.0
0LXB.L,ejected_below_floor,271895.68,2026-08-21|USD,1000000.0
ARR.OL,ejected_below_floor,196875.2552832,2026-08-21|NOK,1000000.0
DOMH,ejected_below_floor,432436.38,2026-08-21|USD,1000000.0
IXI.L,ejected_below_floor,5542.00829175,2026-08-21|GBp,1000000.0
VLN.TO,ejected_below_floor,40844.41074,2026-08-21|CAD,1000000.0
AIRG,ejected_below_floor,459075.39999999997,2026-08-21|USD,1000000.0
BST.DE,ejected_below_floor,18227.7944,2026-08-21|EUR,1000000.0
CFC.DE,ejected_below_floor,2053.7036844,2026-08-21|EUR,1000000.0
DFTK.DE,ejected_below_floor,1464.691855,2026-08-21|EUR,1000000.0
ALYA.TO,ejected_below_floor,43436.46036800001,2026-08-21|CAD,1000000.0
NEOBO.ST,ejected_below_floor,705735.2201340001,2026-08-21|SEK,1000000.0
ACQ.TO,ejected_below_floor,631539.315564,2026-08-21|CAD,1000000.0
MAR.LS,ejected_below_floor,48130.7475144,2026-08-21|EUR,1000000.0
NBA.LS,ejected_below_floor,35033.7276,2026-08-21|EUR,1000000.0
O3P.DE,ejected_below_floor,23862.7935,2026-08-21|EUR,1000000.0
LCFS.TO,ejected_below_floor,417722.564036,2026-08-21|CAD,1000000.0
BAFN,ejected_below_floor,156251.25,2026-08-21|USD,1000000.0
AWC.DE,ejected_below_floor,15292.653317600001,2026-08-21|EUR,1000000.0
CVO.TO,ejected_below_floor,794245.0198319999,2026-08-21|CAD,1000000.0
MIND.L,ejected_below_floor,287.87702335,2026-08-21|GBp,1000000.0
UTG.ST,ejected_below_floor,25770.322432,2026-08-21|SEK,1000000.0
NRA.DE,ejected_below_floor,5205.643635999999,2026-08-21|EUR,1000000.0
0EOF.L,ejected_below_floor,159085.58929439998,2026-08-21|NOK,1000000.0
ARCOMA.ST,ejected_below_floor,5114.78307,2026-08-21|SEK,1000000.0
SPOG.OL,ejected_below_floor,105775.4251584,2026-08-21|NOK,1000000.0
0L8F.L,ejected_below_floor,371363.02,2026-08-21|USD,1000000.0
BRIN-B.ST,ejected_below_floor,52025.914914,2026-08-21|SEK,1000000.0
IBU.DE,ejected_below_floor,35001.677449999996,2026-08-21|EUR,1000000.0
WMB.DE,ejected_below_floor,6981.6764754,2026-08-21|EUR,1000000.0
009320.KS,ejected_below_floor,183042.0653781285,2026-08-21|KRW,1000000.0
0O27.L,ejected_below_floor,51942.22128,2026-08-21|EUR,1000000.0
FLOWS.ST,ejected_below_floor,3817.91264,2026-08-21|SEK,1000000.0
0NL1.L,ejected_below_floor,566033.6433491999,2026-08-21|EUR,1000000.0
ADTR.ST,ejected_below_floor,31879.17162,2026-08-21|SEK,1000000.0
EAPI.PA,ejected_below_floor,172871.82984874,2026-08-21|EUR,1000000.0
027970.KS,ejected_below_floor,57661.1533271925,2026-08-21|KRW,1000000.0
GME.DE,ejected_below_floor,1183.2682287999999,2026-08-21|EUR,1000000.0
MDM.PA,ejected_below_floor,20492.423035199998,2026-08-21|EUR,1000000.0
WILD.TO,ejected_below_floor,137663.10904,2026-08-21|CAD,1000000.0
ESI.TO,ejected_below_floor,645902.1969120001,2026-08-21|CAD,1000000.0
0IRK.L,ejected_below_floor,76525.968336,2026-08-21|EUR,1000000.0
0H14.L,ejected_below_floor,20415.1650813,2026-08-21|SEK,1000000.0
006200.KS,ejected_below_floor,98683.96569592605,2026-08-21|KRW,1000000.0
AGFB.BR,ejected_below_floor,59010.01709118,2026-08-21|EUR,1000000.0
NN6.DE,ejected_below_floor,41769.200650399995,2026-08-21|EUR,1000000.0
INR.DE,ejected_below_floor,125560.10468749999,2026-08-21|EUR,1000000.0
OGI.TO,ejected_below_floor,261436.58190000002,2026-08-21|CAD,1000000.0
SYN.IC,ejected_below_floor,11073.330492,2026-08-21|ISK,1000000.0
0HM0.L,ejected_below_floor,781975.176864,2026-08-21|EUR,1000000.0
EMR.L,ejected_below_floor,4409.623113,2026-08-21|GBp,1000000.0
SOGN.OL,ejected_below_floor,10458.150528,2026-08-21|NOK,1000000.0
TRAC-B.ST,ejected_below_floor,45185.07168,2026-08-21|SEK,1000000.0
0HEW.L,ejected_below_floor,95600.97,2026-08-21|USD,1000000.0
FNM.ST,ejected_below_floor,138931.37184,2026-08-21|SEK,1000000.0
ELABS.OL,ejected_below_floor,75753.94044240001,2026-08-21|NOK,1000000.0
GRVO.PA,ejected_below_floor,6713.049599999999,2026-08-21|EUR,1000000.0
0KTI.L,ejected_below_floor,139859.48617200003,2026-08-21|CAD,1000000.0
YRB.TO,ejected_below_floor,4409.78452,2026-08-21|CAD,1000000.0
ED4.DE,ejected_below_floor,15228.133451999998,2026-08-21|EUR,1000000.0
ASLI.L,ejected_below_floor,180649.707563934,2026-08-21|GBp,1000000.0
PBEE.L,ejected_below_floor,185927.74838995,2026-08-21|GBp,1000000.0
ALICA.PA,ejected_below_floor,91398.65979719999,2026-08-21|EUR,1000000.0
SWN.DE,ejected_below_floor,5297.5051932,2026-08-21|EUR,1000000.0
CAR.DE,ejected_below_floor,132263.8247802,2026-08-21|EUR,1000000.0
PARB.OL,ejected_below_floor,477615.04896,2026-08-21|NOK,1000000.0
MNTC.ST,ejected_below_floor,12975.695968000002,2026-08-21|SEK,1000000.0
BOKUS.ST,ejected_below_floor,30161.8038,2026-08-21|SEK,1000000.0
BICO.ST,ejected_below_floor,708139.2075444,2026-08-21|SEK,1000000.0
0K05.L,ejected_below_floor,5359.5,2026-08-21|USD,1000000.0
TOBII.ST,ejected_below_floor,303644.69642628,2026-08-21|SEK,1000000.0
DRM.TO,ejected_below_floor,447285.86377199995,2026-08-21|CAD,1000000.0
DMRE.DE,ejected_below_floor,2650.081221,2026-08-21|EUR,1000000.0
GRNQ,ejected_below_floor,68673.18,2026-08-21|USD,1000000.0
0GJS.L,ejected_below_floor,11255.266785599997,2026-08-21|EUR,1000000.0
SLIGR.AS,ejected_below_floor,877410.6404632,2026-08-21|EUR,1000000.0
TITA-B.ST,ejected_below_floor,9719.090392000002,2026-08-21|SEK,1000000.0
003830.KS,ejected_below_floor,22948.333233,2026-08-21|KRW,1000000.0
0NIQ.L,ejected_below_floor,376596.488352,2026-08-21|EUR,1000000.0
AB9.DE,ejected_below_floor,19404.1223145,2026-08-21|EUR,1000000.0
SHI.L,ejected_below_floor,122503.65635816002,2026-08-21|GBp,1000000.0
0N08.L,ejected_below_floor,65850.8647719168,2026-08-21|NOK,1000000.0
DURC-B.ST,ejected_below_floor,10290.097608000002,2026-08-21|SEK,1000000.0
S2M.ST,ejected_below_floor,2782.2043153600002,2026-08-21|SEK,1000000.0
ALTA.PA,ejected_below_floor,990605.3369239998,2026-08-21|EUR,1000000.0
ALMER.PA,ejected_below_floor,479.09729680000004,2026-08-21|EUR,1000000.0
ORV.TO,ejected_below_floor,317604.1383720001,2026-08-21|CAD,1000000.0
194480.KQ,ejected_below_floor,996228.565291926,2026-08-21|KRW,1000000.0
PAX.ST,ejected_below_floor,144728.5774,2026-08-21|SEK,1000000.0
ALPAU.PA,ejected_below_floor,4492.778372399999,2026-08-21|EUR,1000000.0
000480.KS,ejected_below_floor,151414.590197025,2026-08-21|KRW,1000000.0
KOSS,ejected_below_floor,71685.59999999999,2026-08-21|USD,1000000.0
TRAIN-B.ST,ejected_below_floor,34947.4766696,2026-08-21|SEK,1000000.0
FLAT-B.ST,ejected_below_floor,478446.407739,2026-08-21|SEK,1000000.0
BOUL.ST,ejected_below_floor,11009.35758,2026-08-21|SEK,1000000.0
ILLM.TO,ejected_below_floor,40881.90756000001,2026-08-21|CAD,1000000.0
DEVP-B.ST,ejected_below_floor,13892.816995000001,2026-08-21|SEK,1000000.0
RY4C.DE,ejected_below_floor,490305.52562,2026-08-21|EUR,1000000.0
BANI.BR,ejected_below_floor,4814.3054772000005,2026-08-21|EUR,1000000.0
078130.KQ,ejected_below_floor,516480.90677271,2026-08-21|KRW,1000000.0
ALCUR.PA,ejected_below_floor,23292.1493202,2026-08-21|EUR,1000000.0
024900.KS,ejected_below_floor,178343.0829236364,2026-08-21|KRW,1000000.0
BCY.DE,ejected_below_floor,801219.5530726799,2026-08-21|EUR,1000000.0
SB1.DE,ejected_below_floor,57721.038144,2026-08-21|EUR,1000000.0
SEDANA.ST,ejected_below_floor,139628.082108,2026-08-21|SEK,1000000.0
LABS.TO,ejected_below_floor,9522.031079999999,2026-08-21|CAD,1000000.0
BONAV-A.ST,ejected_below_floor,1831.139895,2026-08-21|SEK,1000000.0
BONAV-B.ST,ejected_below_floor,323410.5758496,2026-08-21|SEK,1000000.0
CSCI.TO,ejected_below_floor,3833.75268,2026-08-21|CAD,1000000.0
DSNO.ST,ejected_below_floor,5112.731445859999,2026-08-21|SEK,1000000.0
0R2C.L,ejected_below_floor,304827.621048,2026-08-21|CAD,1000000.0
DTG,ejected_below_floor,605410.45,2026-08-21|USD,1000000.0
GPG.ST,ejected_below_floor,26141.48972,2026-08-21|SEK,1000000.0
RSL2.DE,ejected_below_floor,13640.543839999998,2026-08-21|EUR,1000000.0
033290.KQ,ejected_below_floor,95622.74325042615,2026-08-21|KRW,1000000.0
ALESE.PA,ejected_below_floor,219829.4381472,2026-08-21|EUR,1000000.0
AJA-B.ST,ejected_below_floor,77392.09584000001,2026-08-21|SEK,1000000.0
SF3.DE,ejected_below_floor,6209.221242,2026-08-21|EUR,1000000.0
BPOST.BR,ejected_below_floor,330992.43014656,2026-08-21|EUR,1000000.0
CAD.L,ejected_below_floor,748.312348875,2026-08-21|GBp,1000000.0
KAKEL.ST,ejected_below_floor,2889.763464,2026-08-21|SEK,1000000.0
CAT-A.ST,ejected_below_floor,1152.05052,2026-08-21|SEK,1000000.0
CAT-B.ST,ejected_below_floor,234124.11583440003,2026-08-21|SEK,1000000.0
TELLUS.ST,ejected_below_floor,2256.0495944,2026-08-21|SEK,1000000.0
225570.KQ,ejected_below_floor,962544.889124952,2026-08-21|KRW,1000000.0
4AB.DE,ejected_below_floor,139300.907224,2026-08-21|EUR,1000000.0
ALBPK.PA,ejected_below_floor,43317.351096,2026-08-21|EUR,1000000.0
TNE5.DE,ejected_below_floor,173271.60477248,2026-08-21|EUR,1000000.0
NETI-B.ST,ejected_below_floor,267856.9880763,2026-08-21|SEK,1000000.0
AURG.OL,ejected_below_floor,15788.292959999999,2026-08-21|NOK,1000000.0
ENSI.L,ejected_below_floor,581008.93935,2026-08-21|GBp,1000000.0
JLT.ST,ejected_below_floor,2960.9168084000003,2026-08-21|SEK,1000000.0
K2A-B.ST,ejected_below_floor,35062.768855,2026-08-21|SEK,1000000.0
KA8.DE,ejected_below_floor,2782.1861120000003,2026-08-21|EUR,1000000.0
YOC.DE,ejected_below_floor,7782.941879999999,2026-08-21|EUR,1000000.0
MKTW,ejected_below_floor,270762.61,2026-08-21|USD,1000000.0
RUA.L,ejected_below_floor,55110.7852386,2026-08-21|GBp,1000000.0
H9W.DE,ejected_below_floor,1888.4181471999998,2026-08-21|EUR,1000000.0
ADV.DE,ejected_below_floor,168499.87587999998,2026-08-21|EUR,1000000.0
CLAR,ejected_below_floor,836823.89,2026-08-21|USD,1000000.0
SVOL-A.ST,ejected_below_floor,352.7328,2026-08-21|SEK,1000000.0
SVOL-B.ST,ejected_below_floor,835888.86774,2026-08-21|SEK,1000000.0
LACR.PA,ejected_below_floor,119011.18099200001,2026-08-21|EUR,1000000.0
CMCM,ejected_below_floor,48999.84,2026-08-21|USD,1000000.0
SNT,ejected_below_floor,46833.5,2026-08-21|USD,1000000.0
0QKR.L,ejected_below_floor,55950.58317,2026-08-21|CHF,1000000.0
JM2.DE,ejected_below_floor,371.9449044,2026-08-21|EUR,1000000.0
0N7N.L,ejected_below_floor,210091.41380799998,2026-08-21|EUR,1000000.0
0LK3.L,ejected_below_floor,7866.75,2026-08-21|USD,1000000.0
XBRANE.ST,ejected_below_floor,27012.14135,2026-08-21|SEK,1000000.0
GRN.TO,ejected_below_floor,14257.101414,2026-08-21|CAD,1000000.0
KOMPL.OL,ejected_below_floor,68708.216016,2026-08-21|NOK,1000000.0
0KEJ.L,ejected_below_floor,124241.79999999999,2026-08-21|USD,1000000.0
TECH.OL,ejected_below_floor,15212.342831999998,2026-08-21|NOK,1000000.0
AMUND.AS,ejected_below_floor,319.80222399999997,2026-08-21|EUR,1000000.0
0RE6.L,ejected_below_floor,13543.454309121,2026-08-21|CHF,1000000.0
ALUPG.PA,ejected_below_floor,1919.9321855999997,2026-08-21|EUR,1000000.0
AXJ.DE,ejected_below_floor,48.9318381,2026-08-21|EUR,1000000.0
MUB.DE,ejected_below_floor,11325.940279999999,2026-08-21|EUR,1000000.0
SVI.TO,ejected_below_floor,843917.8893479999,2026-08-21|CAD,1000000.0
4PG.DE,ejected_below_floor,6017.829400799999,2026-08-21|EUR,1000000.0
403550.KS,ejected_below_floor,380659.918416465,2026-08-21|KRW,1000000.0
0HD2.L,ejected_below_floor,341084.7,2026-08-21|USD,1000000.0
STAR-A.ST,ejected_below_floor,747.8439264000001,2026-08-21|SEK,1000000.0
STAR-B.ST,ejected_below_floor,23005.24497376,2026-08-21|SEK,1000000.0
BALT.OL,ejected_below_floor,1943.4824640000002,2026-08-21|NOK,1000000.0
MBQ.DE,ejected_below_floor,2964.9302399999997,2026-08-21|EUR,1000000.0
CDA.PA,ejected_below_floor,783892.766475,2026-08-21|EUR,1000000.0
PTRK.ST,ejected_below_floor,25509.239271600003,2026-08-21|SEK,1000000.0
0AAW.L,ejected_below_floor,29706.176848000003,2026-08-21|EUR,1000000.0
002320.KS,ejected_below_floor,297497.9172015,2026-08-21|KRW,1000000.0
ECO.TO,ejected_below_floor,37180.362688,2026-08-21|CAD,1000000.0
ROGS.OL,ejected_below_floor,50328.16139519999,2026-08-21|NOK,1000000.0
DVYSR.ST,ejected_below_floor,185766.498164,2026-08-21|SEK,1000000.0
IS.ST,ejected_below_floor,6872.3099392,2026-08-21|SEK,1000000.0
TXP.L,ejected_below_floor,45588.593450399996,2026-08-21|GBp,1000000.0
RAKE.ST,ejected_below_floor,3726.9968106,2026-08-21|SEK,1000000.0
001020.KS,ejected_below_floor,58277.8265990925,2026-08-21|KRW,1000000.0
AAD.DE,ejected_below_floor,328041.560016,2026-08-21|EUR,1000000.0
CBDG.PA,ejected_below_floor,35085.00784,2026-08-21|EUR,1000000.0
JBOG.PA,ejected_below_floor,5693.039008,2026-08-21|EUR,1000000.0
DUL.DE,ejected_below_floor,17416.983878,2026-08-21|EUR,1000000.0
NCH2.DE,ejected_below_floor,697750.121495,2026-08-21|EUR,1000000.0
V3V.DE,ejected_below_floor,5470.610967,2026-08-21|EUR,1000000.0
TXP.TO,ejected_below_floor,17275.998848,2026-08-21|CAD,1000000.0
CYR.DE,ejected_below_floor,7888.1829179999995,2026-08-21|EUR,1000000.0
CPIX,ejected_below_floor,785012.4,2026-08-21|USD,1000000.0
DRT.TO,ejected_below_floor,20042.68064,2026-08-21|CAD,1000000.0
SAXG.ST,ejected_below_floor,2566.5405419999997,2026-08-21|SEK,1000000.0
WEST.OL,ejected_below_floor,17787.757344,2026-08-21|NOK,1000000.0
ALINN.PA,ejected_below_floor,15387.277015,2026-08-21|EUR,1000000.0
GSF.OL,ejected_below_floor,788020.1822592,2026-08-21|NOK,1000000.0
OBEL.BR,ejected_below_floor,32056.909667999997,2026-08-21|EUR,1000000.0
0R53.L,ejected_below_floor,531.1988,2026-08-21|SEK,1000000.0
SBB-D.ST,ejected_below_floor,264283.874624,2026-08-21|SEK,1000000.0
QEC.TO,ejected_below_floor,4818.136056,2026-08-21|CAD,1000000.0
ADCO.TO,ejected_below_floor,534.30267,2026-08-21|CAD,1000000.0
LGCL,ejected_below_floor,507416.73600000003,2026-08-21|USD,1000000.0
CABKA.AS,ejected_below_floor,8148.89632,2026-08-21|EUR,1000000.0
CECV.DE,ejected_below_floor,258317.21623999998,2026-08-21|EUR,1000000.0
PEN.L,ejected_below_floor,27315.013571299998,2026-08-21|GBp,1000000.0
FGA.PA,ejected_below_floor,337299.97425599996,2026-08-21|EUR,1000000.0
BNE.TO,ejected_below_floor,245746.08980000002,2026-08-21|CAD,1000000.0
ACROUD.ST,ejected_below_floor,2101.536881,2026-08-21|SEK,1000000.0
GYL.OL,ejected_below_floor,601.1366399999999,2026-08-21|NOK,1000000.0
GTK.DE,ejected_below_floor,1757.688499,2026-08-21|EUR,1000000.0
KDEV.ST,ejected_below_floor,67343.69326608001,2026-08-21|SEK,1000000.0
PIG.PA,ejected_below_floor,20116.771967999997,2026-08-21|EUR,1000000.0
GLO.TO,ejected_below_floor,505329.87494000007,2026-08-21|CAD,1000000.0
REJL-B.ST,ejected_below_floor,732939.07596,2026-08-21|SEK,1000000.0
USIO,ejected_below_floor,755243.7000000001,2026-08-21|USD,1000000.0
CEC.DE,ejected_below_floor,206663.7493296,2026-08-21|EUR,1000000.0
ARTO.PA,ejected_below_floor,11538.054,2026-08-11|EUR,1000000.0
AYTU,ejected_below_floor,67810.44,2026-08-21|USD,1000000.0
0I6Q.L,ejected_below_floor,225464.40000000002,2026-08-21|USD,1000000.0
0DI7.L,ejected_below_floor,280.060038,2026-08-21|EUR,1000000.0
CY1K.DE,ejected_below_floor,8360.543855999998,2026-08-21|EUR,1000000.0
036220.KQ,ejected_below_floor,118573.3807040475,2026-08-21|KRW,1000000.0
CIMN,ejected_below_floor,183106.7784,2026-08-21|USD,1000000.0
OTEC.OL,ejected_below_floor,94338.94187519999,2026-08-21|NOK,1000000.0
BELYS.BR,ejected_below_floor,5379.34845624,2026-08-21|EUR,1000000.0
006880.KS,ejected_below_floor,141299.28913075125,2026-08-21|KRW,1000000.0
NAVA.OL,ejected_below_floor,27219.110616,2026-08-21|NOK,1000000.0
GURU.TO,ejected_below_floor,20103.050160000003,2026-08-21|CAD,1000000.0
003070.KS,ejected_below_floor,257116.36054986,2026-08-21|KRW,1000000.0
003075.KS,ejected_below_floor,12612.1598751075,2026-08-21|KRW,1000000.0
IFA.TO,ejected_below_floor,262032.17260000002,2026-08-21|CAD,1000000.0
CDON.ST,ejected_below_floor,2849.745088,2026-08-21|SEK,1000000.0
TRANS.ST,ejected_below_floor,41344.8444912,2026-08-21|SEK,1000000.0
DEX.DE,ejected_below_floor,8923.1347072,2026-08-21|EUR,1000000.0
101140.KS,ejected_below_floor,51688.34052291,2026-08-21|KRW,1000000.0
GEC.TO,ejected_below_floor,2457.9507700000004,2026-08-21|CAD,1000000.0
COMPDM.ST,ejected_below_floor,3178.4637130000006,2026-08-21|SEK,1000000.0
BONG.ST,ejected_below_floor,64502.060192640005,2026-08-21|SEK,1000000.0
ALSPT.PA,ejected_below_floor,2592.6356975999997,2026-08-21|EUR,1000000.0
0L7F.L,ejected_below_floor,190314.63,2026-08-21|USD,1000000.0
ARP.ST,ejected_below_floor,25864.16783328,2026-08-21|SEK,1000000.0
ALHF.PA,ejected_below_floor,27932.859530399997,2026-08-21|EUR,1000000.0
TSL.TO,ejected_below_floor,6562.887224,2026-08-21|CAD,1000000.0
HAVI.OL,ejected_below_floor,20288.8968,2026-08-21|NOK,1000000.0
KJELL.ST,ejected_below_floor,545861.346102,2026-08-21|SEK,1000000.0
AJAX.AS,ejected_below_floor,18649.924012,2026-08-21|EUR,1000000.0
0HVA.L,ejected_below_floor,1215.7146351999997,2026-08-21|EUR,1000000.0
XTRA.TO,ejected_below_floor,55497.51963600001,2026-08-21|CAD,1000000.0
0Q19.L,ejected_below_floor,2273.04,2026-08-21|USD,1000000.0
G2M.ST,ejected_below_floor,64767.3018208,2026-08-21|SEK,1000000.0
ALISP.PA,ejected_below_floor,627.4370456,2026-08-21|EUR,1000000.0
ALCOI.PA,ejected_below_floor,1063.7503057999998,2026-08-21|EUR,1000000.0
ADN.TO,ejected_below_floor,96899.99544000001,2026-08-21|CAD,1000000.0
VNV.ST,ejected_below_floor,263994.04584000004,2026-08-21|SEK,1000000.0
001780.KS,ejected_below_floor,685456.7133088873,2026-08-21|KRW,1000000.0
FSPORT.ST,ejected_below_floor,150792.1403156,2026-08-21|SEK,1000000.0
FLEXD.LS,ejected_below_floor,8102.8606500000005,2026-08-21|EUR,1000000.0
0A39.L,ejected_below_floor,322857.770066,2026-08-21|SEK,1000000.0
SYT.DE,ejected_below_floor,2424.1567999999997,2026-08-21|EUR,1000000.0
0A6Y.L,ejected_below_floor,7035.4,2026-08-21|USD,1000000.0
NKR.OL,ejected_below_floor,266511.34968,2026-08-21|NOK,1000000.0
ETG.DE,ejected_below_floor,25467.63192,2026-08-21|EUR,1000000.0
LINC.ST,ejected_below_floor,206748.39935000002,2026-08-21|SEK,1000000.0
ALAQU.PA,ejected_below_floor,1590.969446,2026-08-21|EUR,1000000.0
ELTEL.ST,ejected_below_floor,115890.371938,2026-08-21|SEK,1000000.0
BIOWKS.ST,ejected_below_floor,15527.507816000001,2026-08-21|SEK,1000000.0
271940.KS,ejected_below_floor,414393.02953917,2026-08-21|KRW,1000000.0
ALBI.PA,ejected_below_floor,2295.723108,2026-08-21|EUR,1000000.0
ALEMG.PA,ejected_below_floor,5693.971376,2026-08-21|EUR,1000000.0
011280.KS,ejected_below_floor,123957.0928971024,2026-08-21|KRW,1000000.0
RMTI,ejected_below_floor,297140.39999999997,2026-08-21|USD,1000000.0
M3B0.DE,ejected_below_floor,7463.8855504,2026-08-21|EUR,1000000.0
ALWF.PA,ejected_below_floor,7630.115110199999,2026-08-21|EUR,1000000.0
LYGRD.ST,ejected_below_floor,6095.537724,2026-08-21|SEK,1000000.0
BEGR.ST,ejected_below_floor,43632.711424,2026-08-21|SEK,1000000.0
ALKEY.PA,ejected_below_floor,12705.635137199999,2026-08-21|EUR,1000000.0
CNVS,ejected_below_floor,741226.75,2026-08-21|USD,1000000.0
QEC.OL,ejected_below_floor,95641.49193984,2026-08-21|NOK,1000000.0
SANG,ejected_below_floor,26546.6,2026-08-21|USD,1000000.0
ACT.TO,ejected_below_floor,347609.63403600006,2026-08-21|CAD,1000000.0
MSV.TO,ejected_below_floor,40264.02048,2026-08-21|CAD,1000000.0
SBO.OL,ejected_below_floor,84647.023272,2026-08-21|NOK,1000000.0
BKHT.DE,ejected_below_floor,232079.914536,2026-08-21|EUR,1000000.0
058820.KQ,ejected_below_floor,368979.59301488986,2026-08-21|KRW,1000000.0
0K76.L,ejected_below_floor,43173.0,2026-08-21|USD,1000000.0
AXG,ejected_below_floor,400060.0,2026-08-21|USD,1000000.0
WEF.TO,ejected_below_floor,523861.99924800004,2026-08-21|CAD,1000000.0
HIGHCO-B.ST,ejected_below_floor,1573.96514,2026-08-21|SEK,1000000.0
S.TO,ejected_below_floor,511648.53936000005,2026-08-21|CAD,1000000.0
IE.TO,ejected_below_floor,399263.805264,2026-08-21|CAD,1000000.0
ZPHR.L,ejected_below_floor,129661.3558338,2026-08-21|GBp,1000000.0
VMX.PA,ejected_below_floor,63552.776215679994,2026-08-21|EUR,1000000.0
O5G.DE,ejected_below_floor,28.268232299999998,2026-08-21|EUR,1000000.0
SIFG.AS,ejected_below_floor,468033.9463126,2026-08-21|EUR,1000000.0
CNT.TO,ejected_below_floor,2072.8393379999998,2026-08-21|CAD,1000000.0
0Q92.L,ejected_below_floor,2246.892696,2026-08-21|NOK,1000000.0
BOAT.ST,ejected_below_floor,14953.828859000003,2026-08-21|SEK,1000000.0
0RHT.L,ejected_below_floor,5037.3745212,2026-08-21|EUR,1000000.0
IFBD,ejected_below_floor,85183.4,2026-08-21|USD,1000000.0
0JVD.L,ejected_below_floor,146062.68,2026-08-21|USD,1000000.0
ALBIZ.PA,ejected_below_floor,6381.499539199999,2026-08-21|EUR,1000000.0
BONAS.ST,ejected_below_floor,2579.14864,2026-08-21|SEK,1000000.0
0A1S.L,ejected_below_floor,13640.2874388,2026-08-21|EUR,1000000.0
RLYB,ejected_below_floor,787559.85,2026-08-21|USD,1000000.0
GRID.TO,ejected_below_floor,429686.32607999997,2026-08-21|CAD,1000000.0
ATEME.PA,ejected_below_floor,237922.015878,2026-08-21|EUR,1000000.0
LYKO-A.ST,ejected_below_floor,57299.889656,2026-08-21|SEK,1000000.0
CSPI,ejected_below_floor,264864.6,2026-08-21|USD,1000000.0
HHFA.DE,ejected_below_floor,101878.918992,2026-08-21|EUR,1000000.0
ICEAIR.IC,ejected_below_floor,209903.10067455002,2026-08-21|ISK,1000000.0
ORRON.ST,ejected_below_floor,646453.8098824,2026-08-21|SEK,1000000.0
NEL.OL,ejected_below_floor,976782.6153,2026-08-21|NOK,1000000.0
ALHIT.PA,ejected_below_floor,3478.8981,2026-08-21|EUR,1000000.0
004140.KS,ejected_below_floor,323081.3191546237,2026-08-21|KRW,1000000.0
GARO.ST,ejected_below_floor,41909.846851199996,2026-08-21|SEK,1000000.0
IJ8.DE,ejected_below_floor,519122.5369047399,2026-08-21|EUR,1000000.0
SVIK.ST,ejected_below_floor,600660.70664,2026-08-21|SEK,1000000.0
AAC.ST,ejected_below_floor,498301.553336,2026-08-21|SEK,1000000.0
OSSD.ST,ejected_below_floor,93165.56917150001,2026-08-21|SEK,1000000.0
ESON.LS,ejected_below_floor,565.3646459999999,2026-08-21|EUR,1000000.0
GTE.L,ejected_below_floor,30842.073045,2026-08-21|GBp,1000000.0
0JBU.L,ejected_below_floor,40448.6478,2026-08-21|USD,1000000.0
YQ,ejected_below_floor,17183.46,2026-08-21|USD,1000000.0
SODER.ST,ejected_below_floor,15509.661216000002,2026-08-21|SEK,1000000.0
0QAU.L,ejected_below_floor,1017.1027692999999,2026-08-21|EUR,1000000.0
2OY.DE,ejected_below_floor,99361.49042819999,2026-08-21|EUR,1000000.0
BMAX.ST,ejected_below_floor,715549.55888,2026-08-21|SEK,1000000.0
FEV.DE,ejected_below_floor,12303.644674,2026-08-21|EUR,1000000.0
078160.KQ,ejected_below_floor,762419.9920593975,2026-08-21|KRW,1000000.0
HLG.DE,ejected_below_floor,5167.13916852,2026-08-21|EUR,1000000.0
MANG.ST,ejected_below_floor,5084.1814,2026-08-21|SEK,1000000.0
1NBA.DE,ejected_below_floor,124594.899852,2026-08-21|EUR,1000000.0
3LN.DE,ejected_below_floor,908.767435,2026-08-21|EUR,1000000.0
LUMI.OL,ejected_below_floor,5427.6986879999995,2026-08-21|NOK,1000000.0
CLOUD.OL,ejected_below_floor,181669.66667520002,2026-08-21|NOK,1000000.0
STUDBO.ST,ejected_below_floor,11238.430763699998,2026-08-21|SEK,1000000.0
0KDH.L,ejected_below_floor,639427.46,2026-08-21|USD,1000000.0
PGH.DE,ejected_below_floor,1230.9122335999998,2026-08-21|EUR,1000000.0
CEA.DE,ejected_below_floor,3381.4190256,2026-08-21|EUR,1000000.0
200230.KQ,ejected_below_floor,131031.834405084,2026-08-21|KRW,1000000.0
AVNT.TO,ejected_below_floor,3462.7827,2026-08-21|CAD,1000000.0
MOB.ST,ejected_below_floor,99194.8944348,2026-08-21|SEK,1000000.0
ECK.DE,ejected_below_floor,26180.89344,2026-08-21|EUR,1000000.0
HYPRO.OL,ejected_below_floor,41057.60382528,2026-08-21|NOK,1000000.0
049800.KS,ejected_below_floor,50116.178952691196,2026-08-21|KRW,1000000.0
DUST.ST,ejected_below_floor,210732.463836,2026-08-21|SEK,1000000.0
MOP.BR,ejected_below_floor,1594.34928,2026-08-21|EUR,1000000.0
SENZA.ST,ejected_below_floor,6405.56466,2026-08-21|SEK,1000000.0
SEED.L,ejected_below_floor,6580.13850725,2026-08-21|GBp,1000000.0
FLEXM.ST,ejected_below_floor,9442.47859,2026-08-21|SEK,1000000.0
CANDLE-B.ST,ejected_below_floor,17500.417952,2026-08-21|SEK,1000000.0
N4G0.DE,ejected_below_floor,21461.0601504,2026-08-21|EUR,1000000.0
0QVW.L,ejected_below_floor,877.4165609999999,2026-08-21|EUR,1000000.0
SRP.PA,ejected_below_floor,31088.878592,2026-08-21|EUR,1000000.0
BREB.BR,ejected_below_floor,611898.6666959999,2026-08-21|EUR,1000000.0
SANION.ST,ejected_below_floor,470064.1526132,2026-08-21|SEK,1000000.0
QB7.DE,ejected_below_floor,3016.79321,2026-08-21|EUR,1000000.0
0QT0.L,ejected_below_floor,15738.698699999999,2026-08-21|CHF,1000000.0
PNC-B.TO,ejected_below_floor,16.209,2026-08-21|CAD,1000000.0
0HWG.L,ejected_below_floor,32971.18,2026-08-21|USD,1000000.0
PROAC.PA,ejected_below_floor,5425.616052779999,2026-08-21|EUR,1000000.0
KFAST-B.ST,ejected_below_floor,100943.33843440001,2026-08-21|SEK,1000000.0
0K5R.L,ejected_below_floor,3558.8799999999997,2026-08-21|USD,1000000.0
WAH.DE,ejected_below_floor,20613.5376384,2026-08-21|EUR,1000000.0
ELUX-A.ST,ejected_below_floor,57441.9066,2026-08-21|SEK,1000000.0
IMP.TO,ejected_below_floor,97908.48340000001,2026-08-21|CAD,1000000.0
ICO.ST,ejected_below_floor,7011.669314500001,2026-08-21|SEK,1000000.0
SEZI.ST,ejected_below_floor,66339.96888310001,2026-08-21|SEK,1000000.0
BACTI-B.ST,ejected_below_floor,4814.613756000001,2026-08-21|SEK,1000000.0
CSBR,ejected_below_floor,44864.104499999994,2026-08-21|USD,1000000.0
IBAB.BR,ejected_below_floor,542342.8018175999,2026-08-21|EUR,1000000.0
CRI.PA,ejected_below_floor,130592.70665,2026-08-21|EUR,1000000.0
0J5I.L,ejected_below_floor,294161.27999999997,2026-08-21|USD,1000000.0
CDR.TO,ejected_below_floor,480401.85212800006,2026-08-21|CAD,1000000.0
0OQ0.L,ejected_below_floor,38570.7122264,2026-08-21|EUR,1000000.0
BNG.TO,ejected_below_floor,812.82732,2026-08-21|CAD,1000000.0
STC.TO,ejected_below_floor,60013.10930400001,2026-08-21|CAD,1000000.0
W5.ST,ejected_below_floor,186944.7097,2026-08-21|SEK,1000000.0
AREIT.PA,ejected_below_floor,681.7941,2026-08-21|EUR,1000000.0
VAC.PA,ejected_below_floor,869870.02801916,2026-08-21|EUR,1000000.0
010640.KS,ejected_below_floor,218380.17122913196,2026-08-21|KRW,1000000.0
FRX.TO,ejected_below_floor,8190.703064,2026-08-21|CAD,1000000.0
TITC.BR,ejected_below_floor,525473.514212,2026-08-21|EUR,1000000.0
BOMILL.ST,ejected_below_floor,3339.0358720000004,2026-08-21|SEK,1000000.0
PFV.DE,ejected_below_floor,483853.53906,2026-08-21|EUR,1000000.0
SONE.ST,ejected_below_floor,719.700888,2026-08-21|SEK,1000000.0
BGO.L,ejected_below_floor,126517.3528815,2026-08-21|GBp,1000000.0
EVO,ejected_below_floor,103359.22,2026-08-21|USD,1000000.0
FIPP.PA,ejected_below_floor,1570.48415558,2026-08-21|EUR,1000000.0
GTY.DE,ejected_below_floor,441.7676129999999,2026-08-21|EUR,1000000.0
EAGR.TO,ejected_below_floor,4500.4972880000005,2026-08-21|CAD,1000000.0
ALPHI.PA,ejected_below_floor,4238.311836,2026-08-21|EUR,1000000.0
002070.KS,ejected_below_floor,909305.10263232,2026-08-21|KRW,1000000.0
NEXAM.ST,ejected_below_floor,19636.473306800002,2026-08-21|SEK,1000000.0
SUR.DE,ejected_below_floor,12375.203918000001,2026-08-21|EUR,1000000.0
PXLW,ejected_below_floor,409469.76,2026-08-21|USD,1000000.0
CHG.DE,ejected_below_floor,863336.172556,2026-08-21|EUR,1000000.0
GTE.TO,ejected_below_floor,738601.0140600001,2026-08-21|CAD,1000000.0
PCAT.ST,ejected_below_floor,2415.6685350000002,2026-08-21|SEK,1000000.0
BORR.OL,ejected_below_floor,622493.9116032,2026-08-21|NOK,1000000.0
ALXIL.PA,ejected_below_floor,102875.38729199998,2026-08-21|EUR,1000000.0
MIDS.ST,ejected_below_floor,129325.69218183999,2026-08-21|SEK,1000000.0
IMMO.BR,ejected_below_floor,61483.14302399999,2026-08-21|EUR,1000000.0
ALM.ST,ejected_below_floor,6315.197876000001,2026-08-21|SEK,1000000.0
GEOS,ejected_below_floor,796652.33,2026-08-21|USD,1000000.0
TEAM.L,ejected_below_floor,13061.00509035,2026-08-21|GBp,1000000.0
PMTU,ejected_below_floor,36894.0,2026-08-21|USD,1000000.0
B7J1.DE,ejected_below_floor,1030.1734032,2026-08-21|EUR,1000000.0
067990.KQ,ejected_below_floor,335460.352703658,2026-08-21|KRW,1000000.0
IVACC.ST,ejected_below_floor,38943.29030724001,2026-08-21|SEK,1000000.0
003080.KS,ejected_below_floor,92823.06537059625,2026-08-21|KRW,1000000.0
MORG.OL,ejected_below_floor,248516.42711999998,2026-08-21|NOK,1000000.0
EPIS-B.ST,ejected_below_floor,247501.16323394404,2026-08-21|SEK,1000000.0
004910.KS,ejected_below_floor,57618.5638780395,2026-08-21|KRW,1000000.0
PSAN.DE,ejected_below_floor,33838.664916,2026-08-21|EUR,1000000.0
SCYX,ejected_below_floor,701632.5,2026-08-21|USD,1000000.0
FYB.DE,ejected_below_floor,129921.751328,2026-08-21|EUR,1000000.0
0W4N.L,ejected_below_floor,17594.0638704,2026-08-21|EUR,1000000.0
SWG.L,ejected_below_floor,60307.47978255,2026-08-21|GBp,1000000.0
CORE-A.ST,ejected_below_floor,5744.4237156,2026-08-21|SEK,1000000.0
CORE-D.ST,ejected_below_floor,248979.75375,2026-08-21|SEK,1000000.0
IBE1.DE,ejected_below_floor,366210.6547263999,2026-08-21|EUR,1000000.0
0LEC.L,ejected_below_floor,59263.148400000005,2026-08-21|USD,1000000.0
NBG6.DE,ejected_below_floor,8595.2675,2026-08-21|EUR,1000000.0
0HSU.L,ejected_below_floor,2074.37,2026-08-21|USD,1000000.0
CLS-B.ST,ejected_below_floor,13578.8354624,2026-08-21|SEK,1000000.0
BRNK.DE,ejected_below_floor,63087.841588799994,2026-08-21|EUR,1000000.0
SOUC.L,ejected_below_floor,1976.957915625,2026-08-21|GBp,1000000.0
0R3I.L,ejected_below_floor,407551.20613199996,2026-08-21|NOK,1000000.0
MAVEN.ST,ejected_below_floor,6452.4896702,2026-08-21|SEK,1000000.0
WAYS.ST,ejected_below_floor,20023.759224,2026-08-21|SEK,1000000.0
BUSER.ST,ejected_below_floor,9022.905024,2026-08-21|SEK,1000000.0
PERP-B.ST,ejected_below_floor,1109.4779806,2026-08-21|SEK,1000000.0
VBIO,ejected_below_floor,834935.0562,2026-08-21|USD,1000000.0
SMSI,ejected_below_floor,482643.77999999997,2026-08-21|USD,1000000.0
SERT.ST,ejected_below_floor,11731.905525600001,2026-08-21|SEK,1000000.0
ADJ.DE,ejected_below_floor,9438.3263002,2026-08-21|EUR,1000000.0
007160.KS,ejected_below_floor,240164.63331119998,2026-08-21|KRW,1000000.0
REAL.TO,ejected_below_floor,152026.854868,2026-08-21|CAD,1000000.0
HEGR.ST,ejected_below_floor,4503.09862352,2026-08-21|SEK,1000000.0
0KUR.L,ejected_below_floor,59964.315552,2026-08-21|EUR,1000000.0
ALIMR.PA,ejected_below_floor,420.031784,2026-08-21|EUR,1000000.0
MLLCB.PA,ejected_below_floor,442.5950896,2026-08-21|EUR,1000000.0
BIOVIC-B.ST,ejected_below_floor,36375.452422400005,2026-08-21|SEK,1000000.0
026910.KQ,ejected_below_floor,776616.294585435,2026-08-21|KRW,1000000.0
CPINV.BR,ejected_below_floor,607108.626096,2026-08-21|EUR,1000000.0
CFF.TO,ejected_below_floor,4576.5211,2026-08-21|CAD,1000000.0
004870.KS,ejected_below_floor,959100.0540225389,2026-08-21|KRW,1000000.0
UN9.DE,ejected_below_floor,29580.4936416,2026-08-21|EUR,1000000.0
V6C.DE,ejected_below_floor,26277.3002912,2026-08-21|EUR,1000000.0
ALDNE.PA,ejected_below_floor,7333.705999319999,2026-08-21|EUR,1000000.0
GPX.ST,ejected_below_floor,1716.926904,2026-08-21|SEK,1000000.0
PNE.TO,ejected_below_floor,90786.99801600001,2026-08-21|CAD,1000000.0
GAPW-B.ST,ejected_below_floor,86493.00100399999,2026-08-21|SEK,1000000.0
SYN.L,ejected_below_floor,7801.258435506549,2026-08-21|GBp,1000000.0
EQS,ejected_below_floor,16833.300000000003,2026-08-21|USD,1000000.0
JFU,ejected_below_floor,387825.7,2026-08-21|USD,1000000.0
0RRB.L,ejected_below_floor,169041.263474889,2026-08-21|CHF,1000000.0
MOBA.ST,ejected_below_floor,7531.53436872,2026-08-21|SEK,1000000.0
KDNC.L,ejected_below_floor,123584.7148998,2026-08-21|GBp,1000000.0
FREJA.ST,ejected_below_floor,86774.3684,2026-08-21|SEK,1000000.0
SLBEN.LS,ejected_below_floor,10447.929334399998,2026-08-21|EUR,1000000.0
AAA.PA,ejected_below_floor,1886.4368652,2026-08-21|EUR,1000000.0
NORDH.OL,ejected_below_floor,27409.326048,2026-08-21|NOK,1000000.0
XPC.ST,ejected_below_floor,3201.2693582400007,2026-08-21|SEK,1000000.0
UMIDA-B.ST,ejected_below_floor,4508.06627712,2026-08-21|SEK,1000000.0
ONEF.ST,ejected_below_floor,8856.742680000001,2026-08-21|SEK,1000000.0
XTP.DE,ejected_below_floor,59633.674549999996,2026-08-21|EUR,1000000.0
IMMU.ST,ejected_below_floor,20811.849333,2026-08-21|SEK,1000000.0
MRX.DE,ejected_below_floor,8396.906207999999,2026-08-21|EUR,1000000.0
NILS.ST,ejected_below_floor,2369.0416680000003,2026-08-21|SEK,1000000.0
HBIO,ejected_below_floor,146159.2,2026-08-21|USD,1000000.0
115160.KQ,ejected_below_floor,70786.0040958,2026-08-21|KRW,1000000.0
ALAIR.PA,ejected_below_floor,76397.30155199999,2026-08-21|EUR,1000000.0
289220.KQ,ejected_below_floor,47208.173097564,2026-08-21|KRW,1000000.0
ACCON.ST,ejected_below_floor,885453.977968,2026-08-21|SEK,1000000.0
BINV.ST,ejected_below_floor,320117.71858,2026-08-21|SEK,1000000.0
ACD.TO,ejected_below_floor,4881.185464,2026-08-21|CAD,1000000.0
HHS,ejected_below_floor,368563.04000000004,2026-08-21|USD,1000000.0
LAMM-B.ST,ejected_below_floor,42416.455136000004,2026-08-21|SEK,1000000.0
5PG.OL,ejected_below_floor,33475.0430784,2026-08-21|NOK,1000000.0
QLIRO.ST,ejected_below_floor,82782.015743,2026-08-21|SEK,1000000.0
VERT-B.ST,ejected_below_floor,41881.645024000005,2026-08-21|SEK,1000000.0
0K3W.L,ejected_below_floor,765.51,2026-08-21|USD,1000000.0
NPK.TO,ejected_below_floor,36024.57454,2026-08-21|CAD,1000000.0
INCOAX.ST,ejected_below_floor,14880.975468480001,2026-08-21|SEK,1000000.0
0HK4.L,ejected_below_floor,127624.43999999999,2026-08-21|USD,1000000.0
FNAC.PA,ejected_below_floor,450106.712392,2026-08-21|EUR,1000000.0
ALESA.PA,ejected_below_floor,13532.8669906,2026-08-21|EUR,1000000.0
NANEXA.ST,ejected_below_floor,194371.7539054,2026-08-21|SEK,1000000.0
TSQ,ejected_below_floor,413718.31,2026-08-21|USD,1000000.0
GFG.DE,ejected_below_floor,51328.08446392,2026-08-21|EUR,1000000.0
STVG.L,ejected_below_floor,149068.459565025,2026-08-21|GBp,1000000.0
ALAR,ejected_below_floor,393979.56,2026-08-21|USD,1000000.0
RM.L,ejected_below_floor,301299.1612505,2026-08-21|GBp,1000000.0
ALLIX.PA,ejected_below_floor,303841.24929999997,2026-08-21|EUR,1000000.0
ZEO,ejected_below_floor,308383.2,2026-08-21|USD,1000000.0
BLNE,ejected_below_floor,450185.16000000003,2026-08-21|USD,1000000.0
SOLV.BR,ejected_below_floor,106630.84904999999,2026-08-21|EUR,1000000.0
GJAJ.PA,ejected_below_floor,392.3987274,2026-08-21|EUR,1000000.0
AGROUP.ST,ejected_below_floor,40456.100608,2026-08-21|SEK,1000000.0
STW.ST,ejected_below_floor,45266.74612,2026-08-21|SEK,1000000.0
VPLAY-A.ST,ejected_below_floor,19.652256,2026-08-21|SEK,1000000.0
VTR.PA,ejected_below_floor,726.66431,2026-08-21|EUR,1000000.0
LEVEL.ST,ejected_below_floor,5423.754957,2026-08-21|SEK,1000000.0
PCOM-B.ST,ejected_below_floor,4631.4824448,2026-08-21|SEK,1000000.0
CLIME-B.ST,ejected_below_floor,24750.9645324,2026-08-21|SEK,1000000.0
NOHAL.OL,ejected_below_floor,10224.846144000001,2026-08-21|NOK,1000000.0
0JX5.L,ejected_below_floor,48941.92,2026-08-21|USD,1000000.0
QTRH.TO,ejected_below_floor,602908.1630000001,2026-08-21|CAD,1000000.0
ABDX.L,ejected_below_floor,21990.7264269,2026-08-21|GBp,1000000.0
KTA.DE,ejected_below_floor,59688.80080799999,2026-08-21|EUR,1000000.0
002025.KS,ejected_below_floor,61710.552087021,2026-08-21|KRW,1000000.0
STWK.ST,ejected_below_floor,8097.275368,2026-08-21|SEK,1000000.0
FERRO.ST,ejected_below_floor,33121.2729342,2026-08-21|SEK,1000000.0
IES.DE,ejected_below_floor,463492.0682758599,2026-08-21|EUR,1000000.0
008250.KS,ejected_below_floor,52875.76151625,2026-08-21|KRW,1000000.0
ALGRO.PA,ejected_below_floor,50037.393456,2026-08-21|EUR,1000000.0
NYKD.OL,ejected_below_floor,508583.82215519994,2026-08-21|NOK,1000000.0
ALDUB.PA,ejected_below_floor,1478.4559376,2026-08-21|EUR,1000000.0
065660.KQ,ejected_below_floor,457660.154959398,2026-08-21|KRW,1000000.0
ENZY.ST,ejected_below_floor,15106.506522,2026-08-21|SEK,1000000.0
EAAS.L,ejected_below_floor,51360.056323799996,2026-08-21|GBp,1000000.0
DKL.L,ejected_below_floor,2190.341907075,2026-08-21|GBp,1000000.0
INTEG-B.ST,ejected_below_floor,39321.640536800005,2026-08-21|SEK,1000000.0
SCIB.ST,ejected_below_floor,12538.60124,2026-08-21|SEK,1000000.0
CDLX,ejected_below_floor,282325.1,2026-08-21|USD,1000000.0
338220.KQ,ejected_below_floor,284318.222949285,2026-08-21|KRW,1000000.0
FREEM.ST,ejected_below_floor,100074.5113568,2026-08-21|SEK,1000000.0
AXIC-A.ST,ejected_below_floor,17148.9722068,2026-08-21|SEK,1000000.0
133820.KS,ejected_below_floor,67347.90979548675,2026-08-21|KRW,1000000.0
CLAV.ST,ejected_below_floor,437478.05323176004,2026-08-21|SEK,1000000.0
ALCRB.PA,ejected_below_floor,270913.274828,2026-08-21|EUR,1000000.0
KOS.L,ejected_below_floor,11998.6126344,2026-08-21|GBp,1000000.0
ACARIX.ST,ejected_below_floor,24437.591883800003,2026-08-21|SEK,1000000.0
214680.KQ,ejected_below_floor,317393.038964736,2026-08-21|KRW,1000000.0
WUW.DE,ejected_below_floor,392811.7897332,2026-08-21|EUR,1000000.0
KEBNI-B.ST,ejected_below_floor,73797.54389700001,2026-08-21|SEK,1000000.0
VEL.L,ejected_below_floor,15249.2769912,2026-08-21|GBp,1000000.0
0UU0.L,ejected_below_floor,313399.39410000003,2026-08-21|CAD,1000000.0
ALBERT.ST,ejected_below_floor,4870.589092,2026-08-21|SEK,1000000.0
MEGL,ejected_below_floor,44445.96,2026-08-21|USD,1000000.0
BRT,ejected_below_floor,575513.12,2026-08-21|USD,1000000.0
ISHA.DE,ejected_below_floor,11030.8924264,2026-08-21|EUR,1000000.0
ALKLA.PA,ejected_below_floor,27282.020048,2026-08-21|EUR,1000000.0
NETEL.ST,ejected_below_floor,29657.246824399997,2026-08-21|SEK,1000000.0
NOBI.ST,ejected_below_floor,611227.22876568,2026-08-21|SEK,1000000.0
EXPRS2.ST,ejected_below_floor,18313.740004,2026-08-21|SEK,1000000.0
CYVIZ.OL,ejected_below_floor,15938.983872,2026-08-21|NOK,1000000.0
VRCI.L,ejected_below_floor,4580.2558675125,2026-08-21|GBp,1000000.0
HDLY.OL,ejected_below_floor,23276.789952,2026-08-21|NOK,1000000.0
DEEZR.PA,ejected_below_floor,30306.534430499996,2026-08-21|EUR,1000000.0
ALKKO.PA,ejected_below_floor,11832.813984979997,2026-08-21|EUR,1000000.0
LLD.DE,ejected_below_floor,224464.10836095,2026-08-21|EUR,1000000.0
VG80.DE,ejected_below_floor,343.9505552,2026-08-21|EUR,1000000.0
ALUNT.PA,ejected_below_floor,252.50856359999997,2026-08-21|EUR,1000000.0
0RL9.L,ejected_below_floor,2228.534339,2026-08-21|EUR,1000000.0
ALATA.PA,ejected_below_floor,29353.85829,2026-08-21|EUR,1000000.0
229000.KQ,ejected_below_floor,848295.3137889312,2026-08-21|KRW,1000000.0
ACOG,ejected_below_floor,812077.5,2026-08-21|USD,1000000.0
SPEC.ST,ejected_below_floor,14050.495065359999,2026-08-21|SEK,1000000.0
TI.TO,ejected_below_floor,240058.71190000002,2026-08-21|CAD,1000000.0
WBGR-B.ST,ejected_below_floor,56524.740431599996,2026-08-21|SEK,1000000.0
ALGTR.PA,ejected_below_floor,19505.604744,2026-08-21|EUR,1000000.0
MYSZ,ejected_below_floor,489409.83999999997,2026-08-21|USD,1000000.0
PYRUM.OL,ejected_below_floor,4752.576,2026-08-21|NOK,1000000.0
IPOK.DE,ejected_below_floor,6450.8211,2026-08-21|EUR,1000000.0
ATEB.BR,ejected_below_floor,27323.860061999996,2026-08-21|EUR,1000000.0
STG.L,ejected_below_floor,6890.5714605,2026-08-21|GBp,1000000.0
051630.KS,ejected_below_floor,427328.3738673432,2026-08-21|KRW,1000000.0
YIELD.ST,ejected_below_floor,6819.836736000001,2026-08-21|SEK,1000000.0
0R6H.L,ejected_below_floor,25608.3262512,2026-08-21|EUR,1000000.0
LXB.ST,ejected_below_floor,1225.28131362,2026-08-21|SEK,1000000.0
ALDAR.PA,ejected_below_floor,1801.6030317999998,2026-08-21|EUR,1000000.0
ALINV.PA,ejected_below_floor,19944.400433999996,2026-08-21|EUR,1000000.0
CFISH.ST,ejected_below_floor,22673.737869999997,2026-08-21|SEK,1000000.0
DLPN,ejected_below_floor,22449.9,2026-08-21|USD,1000000.0
079980.KS,ejected_below_floor,216501.6017516625,2026-08-21|KRW,1000000.0
ALAFY.PA,ejected_below_floor,39235.79363,2026-08-21|EUR,1000000.0
ELEF.TO,ejected_below_floor,8757.654262,2026-08-21|CAD,1000000.0
SOLT.ST,ejected_below_floor,173373.65860958,2026-08-21|SEK,1000000.0
GBK.ST,ejected_below_floor,12478.40486816,2026-08-21|SEK,1000000.0
QCORE.ST,ejected_below_floor,2545.6936136,2026-08-21|SEK,1000000.0
PRS.OL,ejected_below_floor,991898.8495919999,2026-08-21|NOK,1000000.0
HAYD.L,ejected_below_floor,28001.006020448996,2026-08-21|GBp,1000000.0
BR.TO,ejected_below_floor,1007.19124,2026-08-21|CAD,1000000.0
VASTB.BR,ejected_below_floor,283594.703361,2026-08-21|EUR,1000000.0
016450.KS,ejected_below_floor,65751.33980613825,2026-08-21|KRW,1000000.0
S30.PA,ejected_below_floor,304257.0504642,2026-08-21|EUR,1000000.0
HSPG.OL,ejected_below_floor,3256.1567999999997,2026-08-21|NOK,1000000.0
084680.KS,ejected_below_floor,185250.0055380786,2026-08-21|KRW,1000000.0
WISE.ST,ejected_below_floor,5249.918575000001,2026-08-21|SEK,1000000.0
ARTE.PA,ejected_below_floor,403.83189,2026-08-21|EUR,1000000.0
ALSEN.PA,ejected_below_floor,439771.32570250006,2026-08-21|EUR,1000000.0
DDRIL.OL,ejected_below_floor,149174.39604,2026-08-21|NOK,1000000.0
APTA.ST,ejected_below_floor,1391.0374900000002,2026-08-21|SEK,1000000.0
SMWN.DE,ejected_below_floor,331.1771136,2026-08-21|EUR,1000000.0
DLHC,ejected_below_floor,243523.74000000002,2026-08-21|USD,1000000.0
GRA.TO,ejected_below_floor,179598.371072,2026-08-21|CAD,1000000.0
CJR-B.TO,ejected_below_floor,4202.719948000001,2026-08-21|CAD,1000000.0
ENVI.AS,ejected_below_floor,306758.2033791,2026-08-21|EUR,1000000.0
TIG.L,ejected_below_floor,203320.9060155,2026-08-21|GBp,1000000.0
SKIS-B.ST,ejected_below_floor,781039.9356460001,2026-08-21|SEK,1000000.0
PRO.ST,ejected_below_floor,7854.220423000001,2026-08-21|SEK,1000000.0
SYZ.DE,ejected_below_floor,6308.05225,2026-08-21|EUR,1000000.0
DEF.DE,ejected_below_floor,39794.165515999994,2026-08-21|EUR,1000000.0
NOSA.ST,ejected_below_floor,11163.1601037,2026-08-21|SEK,1000000.0
AGLX.OL,ejected_below_floor,59619.25159199999,2026-08-21|NOK,1000000.0
PHR.LS,ejected_below_floor,174000.37541833802,2026-08-21|EUR,1000000.0
IMMP,ejected_below_floor,169347.7071,2026-08-21|USD,1000000.0
BRILL.ST,ejected_below_floor,528.0787944,2026-08-21|SEK,1000000.0
ALVAL.PA,ejected_below_floor,134848.90829700002,2026-08-21|EUR,1000000.0
002820.KS,ejected_below_floor,45741.3398998656,2026-08-21|KRW,1000000.0
AIX.OL,ejected_below_floor,2794.0651199999998,2026-08-21|NOK,1000000.0
NC5A.DE,ejected_below_floor,861.6059306400001,2026-08-21|EUR,1000000.0
RROS.ST,ejected_below_floor,76541.1111632,2026-08-21|SEK,1000000.0
LAT.PA,ejected_below_floor,22328.32322388,2026-08-21|EUR,1000000.0
BFRI,ejected_below_floor,534737.32,2026-08-21|USD,1000000.0
MAGLE.ST,ejected_below_floor,1721.115606,2026-08-21|SEK,1000000.0
ALNOV.PA,ejected_below_floor,249389.14231332,2026-08-21|EUR,1000000.0
LGVN,ejected_below_floor,285532.2652,2026-08-21|USD,1000000.0
AURR.L,ejected_below_floor,70596.1856985,2026-08-21|GBp,1000000.0
AIDX.TO,ejected_below_floor,172568.491752,2026-08-21|CAD,1000000.0
BANQ.BR,ejected_below_floor,33708.949218,2026-08-21|EUR,1000000.0
IS7.DE,ejected_below_floor,1001.9925804,2026-08-21|EUR,1000000.0
TSEC.ST,ejected_below_floor,15776.394400000001,2026-08-21|SEK,1000000.0
IES.L,ejected_below_floor,826801.1114118,2026-08-21|GBp,1000000.0
ALVGO.PA,ejected_below_floor,357.8428384,2026-08-21|EUR,1000000.0
FVL.TO,ejected_below_floor,615978.23612,2026-08-21|CAD,1000000.0
WPRT.TO,ejected_below_floor,20536.803,2026-08-21|CAD,1000000.0
GREAT.ST,ejected_below_floor,13974.318218,2026-08-21|SEK,1000000.0
ONWD.BR,ejected_below_floor,308456.4825546,2026-08-21|EUR,1000000.0
ACHR-WT,ejected_below_floor,3964.695,2026-08-21|USD,1000000.0
006840.KS,ejected_below_floor,99805.03076775,2026-08-21|KRW,1000000.0
ACIU,ejected_below_floor,742342.0,2026-08-21|USD,1000000.0
VEZ.DE,ejected_below_floor,15560.7965271,2026-08-21|EUR,1000000.0
0UNL.L,ejected_below_floor,137390.5,2026-08-21|USD,1000000.0
FRAG.ST,ejected_below_floor,2176.7603,2026-08-21|SEK,1000000.0
AERO.ST,ejected_below_floor,7685.641859320001,2026-08-21|SEK,1000000.0
0N6K.L,ejected_below_floor,37133.606809599994,2026-08-21|EUR,1000000.0
ALGID.PA,ejected_below_floor,72673.41443632,2026-08-21|EUR,1000000.0
OPTI.ST,ejected_below_floor,89564.81501010002,2026-08-21|SEK,1000000.0
PCZ.DE,ejected_below_floor,379051.2268224,2026-08-21|EUR,1000000.0
ZEN.L,ejected_below_floor,45063.5800489,2026-08-21|GBp,1000000.0
DIST.ST,ejected_below_floor,4013.8788059999997,2026-08-21|SEK,1000000.0
ELB.DE,ejected_below_floor,2884.1638619999994,2026-08-21|EUR,1000000.0
INSP.ST,ejected_below_floor,7595.14699972,2026-08-21|SEK,1000000.0
PRD.L,ejected_below_floor,196376.28189984,2026-08-21|GBp,1000000.0
SES.ST,ejected_below_floor,94798.41265944001,2026-08-21|SEK,1000000.0
NRDY,ejected_below_floor,493722.24000000005,2026-08-21|USD,1000000.0
SFL.ST,ejected_below_floor,4605.598575999999,2026-08-21|SEK,1000000.0
0QNV.L,kept_no_reading,,not-captured,1000000.0
ART.L,ejected_below_floor,4510.5333672,2026-08-21|GBp,1000000.0
0I0X.L,ejected_below_floor,34407.67,2026-08-21|USD,1000000.0
ALHGR.PA,ejected_below_floor,63426.693256499995,2026-08-21|EUR,1000000.0
MGIH,ejected_below_floor,530564.0,2026-08-21|USD,1000000.0
ENVIP.OL,ejected_below_floor,892300.3185599999,2026-08-21|NOK,1000000.0
EQVA.OL,ejected_below_floor,15610.258679999999,2026-08-21|NOK,1000000.0
IMP-A-SDB.ST,ejected_below_floor,176209.13996,2026-08-21|SEK,1000000.0
MTI.ST,ejected_below_floor,142.8441864,2026-08-21|SEK,1000000.0
QRHC,ejected_below_floor,54743.25,2026-08-21|USD,1000000.0
VLTSA.PA,ejected_below_floor,838858.6222152,2026-08-21|EUR,1000000.0
ALBIO.PA,ejected_below_floor,19497.11553336,2026-08-21|EUR,1000000.0
FASTAT.ST,ejected_below_floor,38733.039670109996,2026-08-21|SEK,1000000.0
NCYT.L,ejected_below_floor,73945.80926915,2026-08-21|GBp,1000000.0
BALCO.ST,ejected_below_floor,28898.8944,2026-08-21|SEK,1000000.0
SOLID.IC,ejected_below_floor,17.034554879999998,2026-08-21|ISK,1000000.0
0IV3.L,ejected_below_floor,19097.46,2026-08-21|USD,1000000.0
WM.TO,ejected_below_floor,47254.34984000001,2026-08-21|CAD,1000000.0
EOS.PA,ejected_below_floor,1195.703687,2026-08-21|EUR,1000000.0
PCELL.ST,ejected_below_floor,512320.03873960004,2026-08-21|SEK,1000000.0
AAQ1.DE,ejected_below_floor,1674.3464543999999,2026-08-21|EUR,1000000.0
AAPG,ejected_below_floor,192372.0,2026-08-21|USD,1000000.0
HGEA.DE,ejected_below_floor,2189.31661,2026-08-21|EUR,1000000.0
ALGAE.PA,ejected_below_floor,68198.3545523,2026-08-21|EUR,1000000.0
000040.KS,ejected_below_floor,61517.9897200215,2026-08-21|KRW,1000000.0
TISI,ejected_below_floor,320556.48,2026-08-21|USD,1000000.0
VOW.OL,ejected_below_floor,248735.4304248,2026-08-21|NOK,1000000.0
DND.TO,ejected_below_floor,165765.668104,2026-08-21|CAD,1000000.0
CI.ST,ejected_below_floor,19787.817387864005,2026-08-21|SEK,1000000.0
082210.KQ,ejected_below_floor,303499.8753999282,2026-08-21|KRW,1000000.0
KPRX,ejected_below_floor,62629.700000000004,2026-08-21|USD,1000000.0
ACOU.ST,ejected_below_floor,7897.0134204,2026-08-21|SEK,1000000.0
053030.KQ,ejected_below_floor,815653.5396093255,2026-08-21|KRW,1000000.0
FPG.PA,ejected_below_floor,709.88401692,2026-08-21|EUR,1000000.0
ALIMP.PA,ejected_below_floor,17934.443456159996,2026-08-21|EUR,1000000.0
LIFE.OL,ejected_below_floor,108553.88341823999,2026-08-21|NOK,1000000.0
LYTIX.OL,ejected_below_floor,30886.1244,2026-08-21|NOK,1000000.0
ALZ.ST,ejected_below_floor,457258.46115221997,2026-08-21|SEK,1000000.0
JSE.L,ejected_below_floor,514755.96525444,2026-08-21|GBp,1000000.0
SALT-B.ST,ejected_below_floor,333556.5275192,2026-08-21|SEK,1000000.0
ICU,ejected_below_floor,308474.7,2026-08-21|USD,1000000.0
ASA.OL,ejected_below_floor,12363.087888,2026-08-21|NOK,1000000.0
DGR.DE,ejected_below_floor,6425.297526,2026-08-21|EUR,1000000.0
ALSGD.PA,ejected_below_floor,56669.24778872,2026-08-21|EUR,1000000.0
ONCIN.OL,ejected_below_floor,59570.414592,2026-08-21|NOK,1000000.0
GIGA.OL,ejected_below_floor,25066.0299168,2026-08-21|NOK,1000000.0
OMDA.OL,ejected_below_floor,33942.640896000004,2026-08-21|NOK,1000000.0
CLBIO.ST,ejected_below_floor,13311.033582,2026-08-21|SEK,1000000.0
TRLS.L,kept_no_reading,,not-captured,1000000.0
FLEXQ.ST,ejected_below_floor,124194.06948,2026-08-21|SEK,1000000.0
TTO.DE,ejected_below_floor,97.1061272,2026-08-21|EUR,1000000.0
PTM.TO,ejected_below_floor,157074.589608,2026-08-21|CAD,1000000.0
ALINT.PA,ejected_below_floor,7139.747815199999,2026-08-21|EUR,1000000.0
CO.PA,ejected_below_floor,113321.6500186,2026-08-21|EUR,1000000.0
CHF.L,ejected_below_floor,1474.05653136,2026-08-21|GBp,1000000.0
071670.KQ,ejected_below_floor,477478.06258567347,2026-08-21|KRW,1000000.0
0QW7.L,ejected_below_floor,77304.96179999999,2026-08-21|EUR,1000000.0
ZTEK,ejected_below_floor,110290.50899999999,2026-08-21|USD,1000000.0
ALKLK.PA,ejected_below_floor,100025.37723529998,2026-08-21|EUR,1000000.0
BRIGHT.ST,ejected_below_floor,2096.54991108,2026-08-21|SEK,1000000.0
BNN.DE,ejected_below_floor,8777.428898,2026-08-21|EUR,1000000.0
CRIN.DE,ejected_below_floor,915836.416084,2026-08-21|EUR,1000000.0
024890.KS,ejected_below_floor,134477.4724825302,2026-08-21|KRW,1000000.0
ALDBT.PA,ejected_below_floor,322266.19291359995,2026-08-21|EUR,1000000.0
BLEE.PA,ejected_below_floor,872.92954,2026-08-21|EUR,1000000.0
VOTR.DE,ejected_below_floor,23887.577006900003,2026-08-21|EUR,1000000.0
NICA.ST,ejected_below_floor,62240.46933392,2026-08-21|SEK,1000000.0
LHYFE.PA,ejected_below_floor,119083.20641999999,2026-08-21|EUR,1000000.0
MBK.DE,ejected_below_floor,9384.050828,2026-08-21|EUR,1000000.0
002210.KS,ejected_below_floor,213544.74367538324,2026-08-21|KRW,1000000.0
GIL.DE,ejected_below_floor,158933.54710799997,2026-08-21|EUR,1000000.0
0P07.L,ejected_below_floor,16213.322400000001,2026-08-21|CAD,1000000.0
0J4V.L,ejected_below_floor,3888.6796000000004,2026-08-21|USD,1000000.0
AVL.TO,ejected_below_floor,81055.66192000001,2026-08-21|CAD,1000000.0
LEXX,ejected_below_floor,169280.735,2026-08-21|USD,1000000.0
0DO7.L,ejected_below_floor,383.07737832,2026-08-21|EUR,1000000.0
AVT.PA,ejected_below_floor,30149.885418084,2026-08-21|EUR,1000000.0
URE.TO,ejected_below_floor,510411.36042,2026-08-21|CAD,1000000.0
ERD.TO,ejected_below_floor,344231.656824,2026-08-21|CAD,1000000.0
ALCLS.PA,ejected_below_floor,646412.890501,2026-08-21|EUR,1000000.0
SYV.DE,ejected_below_floor,42479.90923027,2026-08-21|EUR,1000000.0
QLINEA.ST,ejected_below_floor,16014.021879000002,2026-08-21|SEK,1000000.0
BINERO.ST,ejected_below_floor,2355.9464628,2026-08-21|SEK,1000000.0
EGLX.TO,ejected_below_floor,1736.924022,2026-08-21|CAD,1000000.0
089590.KS,ejected_below_floor,956772.870625959,2026-08-21|KRW,1000000.0
AMI.DE,ejected_below_floor,9988.93913625,2026-08-21|EUR,1000000.0
BIM.ST,ejected_below_floor,78921.9609816,2026-08-21|SEK,1000000.0
AIFA,ejected_below_floor,829306.7999999999,2026-08-21|USD,1000000.0
CMCOM.AS,ejected_below_floor,193497.3262722,2026-08-21|EUR,1000000.0
ALROC.PA,ejected_below_floor,246944.98388880002,2026-08-21|EUR,1000000.0
BEPI,ejected_below_floor,411970.74000000005,2026-08-21|USD,1000000.0
IMMNOV.ST,ejected_below_floor,45059.721318808,2026-08-21|SEK,1000000.0
WAGA.PA,ejected_below_floor,18384.082586,2026-08-21|EUR,1000000.0
GOLD.TO,ejected_below_floor,478688.01332400006,2026-08-21|CAD,1000000.0
PRN.TO,ejected_below_floor,87344.09115200001,2026-08-21|CAD,1000000.0
PROF,ejected_below_floor,625562.7,2026-08-21|USD,1000000.0
ABXX.TO,kept_no_reading,,not-captured,1000000.0
FLT.TO,ejected_below_floor,524711.6246,2026-08-21|CAD,1000000.0
PPBT,ejected_below_floor,358159.39,2026-08-21|USD,1000000.0
0KDU.L,ejected_below_floor,9025.26,2026-08-21|USD,1000000.0
TMQ.TO,ejected_below_floor,955651.69882,2026-08-21|CAD,1000000.0
0QYH.L,ejected_below_floor,25567.2,2026-08-21|USD,1000000.0
MOMENT.ST,ejected_below_floor,4328.74532,2026-08-21|SEK,1000000.0
CORO.L,ejected_below_floor,5610.8113558,2026-08-21|GBp,1000000.0
AXOLOT.ST,ejected_below_floor,10646.866888999999,2026-08-21|SEK,1000000.0
BOHO.ST,ejected_below_floor,6857.1508272,2026-08-21|SEK,1000000.0
WAVE,ejected_below_floor,482881.0,2026-08-21|USD,1000000.0
EMH.DE,ejected_below_floor,21908.876500799997,2026-08-21|EUR,1000000.0
EGTX.ST,ejected_below_floor,534315.4588376001,2026-08-21|SEK,1000000.0
SINT,ejected_below_floor,182016.5,2026-08-21|USD,1000000.0
CNSP,ejected_below_floor,167804.89,2026-08-21|USD,1000000.0
MAK.DE,ejected_below_floor,1001.5205691,2026-08-21|EUR,1000000.0
NVO.TO,ejected_below_floor,12581.130436000001,2026-08-21|CAD,1000000.0
CLLS,ejected_below_floor,102813.97499999999,2026-08-21|USD,1000000.0
MANTEX.ST,ejected_below_floor,1442.3244192,2026-08-21|SEK,1000000.0
HDP.PA,ejected_below_floor,1440.50856,2026-08-21|EUR,1000000.0
0OB3.L,ejected_below_floor,211129.6164031234,2026-08-21|EUR,1000000.0
BRE.TO,ejected_below_floor,164268.28788800002,2026-08-21|CAD,1000000.0
H2O.DE,ejected_below_floor,23425.7110362,2026-08-21|EUR,1000000.0
CRDL.TO,ejected_below_floor,194609.922192,2026-08-21|CAD,1000000.0
HPUR.OL,ejected_below_floor,22649.043167999997,2026-08-21|NOK,1000000.0
069640.KS,ejected_below_floor,43074.13340381775,2026-08-21|KRW,1000000.0
PPR.TO,ejected_below_floor,585.64918,2026-08-21|CAD,1000000.0
CIRCHE.ST,ejected_below_floor,3508.5002569200005,2026-08-21|SEK,1000000.0
COBH.BR,ejected_below_floor,10722.232,2026-08-21|EUR,1000000.0
TSK.TO,ejected_below_floor,455976.142624,2026-08-21|CAD,1000000.0
ADXN,ejected_below_floor,31645.640000000003,2026-08-21|USD,1000000.0
EMGS.OL,ejected_below_floor,41293.2125664,2026-08-21|NOK,1000000.0
0G8X.L,ejected_below_floor,372.39891336000005,2026-08-21|SEK,1000000.0
ZAPLOX.ST,ejected_below_floor,1771.9605694,2026-08-21|SEK,1000000.0
0NFG.L,ejected_below_floor,68.354229,2026-08-21|EUR,1000000.0
MGA.TO,ejected_below_floor,264398.29038,2026-08-21|CAD,1000000.0
LCLEAN.ST,ejected_below_floor,2722.54544112,2026-08-21|SEK,1000000.0
IRIS.ST,ejected_below_floor,8073.9314903,2026-08-21|SEK,1000000.0
VALN,ejected_below_floor,548183.52,2026-08-21|USD,1000000.0
VVY.AS,ejected_below_floor,83028.2503223,2026-08-21|EUR,1000000.0
ALMAR.PA,ejected_below_floor,4792.3831746,2026-08-21|EUR,1000000.0
VHC,ejected_below_floor,285705.0,2026-08-21|USD,1000000.0
ALHRS.PA,ejected_below_floor,32333.403398399998,2026-08-21|EUR,1000000.0
0R3M.L,ejected_below_floor,3931.6093824000004,2026-08-21|EUR,1000000.0
NXFIL.AS,ejected_below_floor,202339.8461112,2026-08-21|EUR,1000000.0
CWEB.TO,ejected_below_floor,36332.610376000004,2026-08-21|CAD,1000000.0
ONCO.ST,ejected_below_floor,580653.11895512,2026-08-21|SEK,1000000.0
STLR.TO,ejected_below_floor,260813.03247599996,2026-08-21|CAD,1000000.0
GCOR.ST,ejected_below_floor,10196.626355440001,2026-08-21|SEK,1000000.0
ANRG.TO,ejected_below_floor,266700.83286,2026-08-21|CAD,1000000.0
ALTHE.PA,ejected_below_floor,116296.78152998,2026-08-21|EUR,1000000.0
009410.KS,ejected_below_floor,407288.3439946086,2026-08-21|KRW,1000000.0
009415.KS,ejected_below_floor,53636.42149824,2026-08-21|KRW,1000000.0
SNYR,ejected_below_floor,591304.0682,2026-08-21|USD,1000000.0
KSC.DE,ejected_below_floor,6796.712146100001,2026-08-21|EUR,1000000.0
OSE.PA,ejected_below_floor,701859.92504956,2026-08-21|EUR,1000000.0
CAPS,ejected_below_floor,101649.87,2026-08-21|USD,1000000.0
LGO.TO,ejected_below_floor,119057.48232000002,2026-08-21|CAD,1000000.0
AELIS.PA,ejected_below_floor,25371.1551412,2026-08-21|EUR,1000000.0
ALECO.PA,ejected_below_floor,4575.782433599999,2026-08-21|EUR,1000000.0
0RD8.L,ejected_below_floor,37840.8836925,2026-08-21|EUR,1000000.0
KRN.TO,ejected_below_floor,3588.967964,2026-08-21|CAD,1000000.0
SPRINT.ST,ejected_below_floor,123534.37935920001,2026-08-21|SEK,1000000.0
BCO.DE,ejected_below_floor,767779.058242,2026-08-21|EUR,1000000.0
ORX.ST,ejected_below_floor,56252.6364708,2026-08-21|SEK,1000000.0
EST.L,ejected_below_floor,90495.05356867501,2026-08-21|GBp,1000000.0
HDF.PA,ejected_below_floor,25426.3862906,2026-08-21|EUR,1000000.0
MAXENT-B.ST,ejected_below_floor,3350.2561344000005,2026-08-21|SEK,1000000.0
SYZ.TO,ejected_below_floor,71187.932492,2026-08-21|CAD,1000000.0
NXTCL.ST,ejected_below_floor,39128.838468,2026-08-21|SEK,1000000.0
ARA.TO,ejected_below_floor,304939.787328,2026-08-21|CAD,1000000.0
323990.KQ,ejected_below_floor,471667.606711665,2026-08-21|KRW,1000000.0
0UYN.L,ejected_below_floor,14106.181216,2026-08-21|CAD,1000000.0
TCRT,ejected_below_floor,27248.32,2026-08-21|USD,1000000.0
KPT.TO,ejected_below_floor,157248.912,2026-08-21|CAD,1000000.0
001530.KS,ejected_below_floor,787374.49920066,2026-08-21|KRW,1000000.0
006740.KS,ejected_below_floor,59551.9270142268,2026-08-21|KRW,1000000.0
083790.KQ,ejected_below_floor,127611.21853164,2026-08-21|KRW,1000000.0
PYC.L,ejected_below_floor,25743.701553381,2026-08-21|GBp,1000000.0
GASX.TO,ejected_below_floor,190970.54783999998,2026-08-21|CAD,1000000.0
NEXT.OL,ejected_below_floor,30422.0267904,2026-08-21|NOK,1000000.0
0RNP.L,ejected_below_floor,31629.0926112,2026-08-21|EUR,1000000.0
ALLGO.PA,ejected_below_floor,4834.328079999999,2026-08-21|EUR,1000000.0
ARCT.ST,ejected_below_floor,20683.6991972,2026-08-21|SEK,1000000.0
BSX.TO,ejected_below_floor,554936.424432,2026-08-21|CAD,1000000.0
SFD.TO,ejected_below_floor,2311.705968,2026-08-21|CAD,1000000.0
AVCN.TO,ejected_below_floor,15432.163864,2026-08-21|CAD,1000000.0
MTRK.AS,ejected_below_floor,6253.333903,2026-08-21|EUR,1000000.0
067630.KQ,ejected_below_floor,935713.333970604,2026-08-21|KRW,1000000.0
BYL.TO,ejected_below_floor,25179.11463,2026-08-21|CAD,1000000.0
095700.KQ,ejected_below_floor,512098.24810060876,2026-08-21|KRW,1000000.0
APLI.TO,ejected_below_floor,445.174782,2026-08-21|CAD,1000000.0
CCM.TO,ejected_below_floor,11073.037871999999,2026-08-21|CAD,1000000.0
PNE3.DE,ejected_below_floor,602088.174054,2026-08-21|EUR,1000000.0
EARN.L,ejected_below_floor,10481.5869886,2026-08-21|GBp,1000000.0
CRIS,ejected_below_floor,427826.08,2026-08-21|USD,1000000.0
ACRM.L,ejected_below_floor,6253.3137559375,2026-08-21|GBp,1000000.0
FCP.LS,ejected_below_floor,1312.8207624,2026-08-21|EUR,1000000.0
004540.KS,ejected_below_floor,309712.29465433786,2026-08-21|KRW,1000000.0
004545.KS,ejected_below_floor,13709.426702175,2026-08-21|KRW,1000000.0
OXE.ST,ejected_below_floor,21083.2546519,2026-08-21|SEK,1000000.0
FURY.TO,ejected_below_floor,62620.78440800001,2026-08-21|CAD,1000000.0
ALCJ.PA,ejected_below_floor,403161.13047528,2026-08-21|EUR,1000000.0
SPEONE.ST,ejected_below_floor,7148.159586400001,2026-08-21|SEK,1000000.0
ALCBI.PA,ejected_below_floor,105222.14391211797,2026-08-21|EUR,1000000.0
BRFH,ejected_below_floor,19716.0,2026-08-21|USD,1000000.0
ALAGP.PA,ejected_below_floor,12859.44788616,2026-08-21|EUR,1000000.0
CTXR,ejected_below_floor,329156.28219999996,2026-08-21|USD,1000000.0
PGN.DE,ejected_below_floor,737.910999,2026-08-21|EUR,1000000.0
APRE,ejected_below_floor,51549.2724,2026-08-21|USD,1000000.0
290670.KQ,ejected_below_floor,116581.3238478525,2026-08-21|KRW,1000000.0
HPHA.DE,ejected_below_floor,8314.39164,2026-08-21|EUR,1000000.0
GP,ejected_below_floor,408496.12,2026-08-21|USD,1000000.0
AHG,ejected_below_floor,12546.3015,2026-08-21|USD,1000000.0
ANDF.OL,ejected_below_floor,46073.997888,2026-08-21|NOK,1000000.0
SLVR.TO,ejected_below_floor,625076.138904,2026-08-21|CAD,1000000.0
GNLX,ejected_below_floor,611480.4800000001,2026-08-21|USD,1000000.0
VICO.ST,ejected_below_floor,797870.99062,2026-08-21|SEK,1000000.0
ZLNA.OL,ejected_below_floor,182576.244096,2026-08-21|NOK,1000000.0
MAAT.PA,ejected_below_floor,238096.4619308,2026-08-21|EUR,1000000.0
KLDVK.OL,ejected_below_floor,73153.12694399999,2026-08-21|NOK,1000000.0
FRAM-B.ST,ejected_below_floor,1096.705064,2026-08-21|SEK,1000000.0
TCF.L,ejected_below_floor,6589.614717028,2026-08-21|GBp,1000000.0
ELO.TO,ejected_below_floor,198422.36544000002,2026-08-21|CAD,1000000.0
TOURN.ST,ejected_below_floor,12174.392026399999,2026-08-21|SEK,1000000.0
ISPC,ejected_below_floor,414957.52999999997,2026-08-21|USD,1000000.0
AZRN.AS,ejected_below_floor,50733.522714,2026-08-21|EUR,1000000.0
IRLAB-A.ST,ejected_below_floor,117839.86628500001,2026-08-21|SEK,1000000.0
FNGR,ejected_below_floor,435023.15640000004,2026-08-21|USD,1000000.0
ALUCI.PA,ejected_below_floor,469.63376159999996,2026-08-21|EUR,1000000.0
EPRX.TO,ejected_below_floor,447152.7122400001,2026-08-21|CAD,1000000.0
REALFI.ST,ejected_below_floor,1871.8406410000002,2026-08-21|SEK,1000000.0
LCFY,ejected_below_floor,32213.949999999997,2026-08-21|USD,1000000.0
006570.KS,ejected_below_floor,168035.02596760335,2026-08-21|KRW,1000000.0
AEX.L,ejected_below_floor,103293.88166369998,2026-08-21|GBp,1000000.0
AGMR.TO,ejected_below_floor,364902.45422400004,2026-08-21|CAD,1000000.0
NOL.OL,ejected_below_floor,893370.8170368001,2026-08-21|NOK,1000000.0
0VNO.L,ejected_below_floor,13997.490000000002,2026-08-21|USD,1000000.0
DOXA.ST,ejected_below_floor,26791.16810816,2026-08-21|SEK,1000000.0
NIO.ST,ejected_below_floor,14286.400662400001,2026-08-21|SEK,1000000.0
DMYD-B.ST,ejected_below_floor,64955.957389560004,2026-08-21|SEK,1000000.0
A1G.DE,ejected_below_floor,217491.47876879998,2026-08-21|EUR,1000000.0
CODE.OL,ejected_below_floor,7037.526768,2026-08-21|NOK,1000000.0
XSPRAY.ST,ejected_below_floor,197265.42367520003,2026-08-21|SEK,1000000.0
UFO.L,ejected_below_floor,41091.91994754,2026-08-21|GBp,1000000.0
KLAR.ST,ejected_below_floor,97552.77648876,2026-08-21|SEK,1000000.0
EKOP.BR,ejected_below_floor,21641.543286,2026-08-21|EUR,1000000.0
ACE.ST,ejected_below_floor,144142.2997932,2026-08-21|SEK,1000000.0
ELIC.ST,ejected_below_floor,149195.1646094,2026-08-21|SEK,1000000.0
GOMX.ST,ejected_below_floor,632610.7271624,2026-08-21|SEK,1000000.0
LARK.ST,ejected_below_floor,5650.309145600001,2026-08-21|SEK,1000000.0
0HX7.L,ejected_below_floor,59546.35,2026-08-21|USD,1000000.0
0HE6.L,ejected_below_floor,763542.1,2026-08-21|USD,1000000.0
0URY.L,ejected_below_floor,208787.37257999997,2026-08-21|CAD,1000000.0
0KCC.L,ejected_below_floor,1637.7791599999998,2026-08-21|USD,1000000.0
SJJ.DE,ejected_below_floor,115625.63623799998,2026-08-21|EUR,1000000.0
AQMS,ejected_below_floor,249702.22,2026-08-21|USD,1000000.0
CANTA.ST,ejected_below_floor,234691.60999968005,2026-08-21|SEK,1000000.0
ACET,ejected_below_floor,832448.58,2026-08-21|USD,1000000.0
SLR.TO,ejected_below_floor,8468.964768,2026-08-21|CAD,1000000.0
0QN1.L,ejected_below_floor,26585.750660867998,2026-08-21|CHF,1000000.0
LAM.TO,ejected_below_floor,134889.3169,2026-08-21|CAD,1000000.0
NDLS,ejected_below_floor,785798.46,2026-08-21|USD,1000000.0
BTTC,ejected_below_floor,740027.527,2026-08-21|USD,1000000.0
SVB.TO,ejected_below_floor,24982.9317,2026-08-21|CAD,1000000.0
ALENT.PA,ejected_below_floor,16190.651902200001,2026-08-21|EUR,1000000.0
CHARGE.ST,ejected_below_floor,18835.847536,2026-08-21|SEK,1000000.0
GRC.TO,ejected_below_floor,1011.5856800000001,2026-08-21|CAD,1000000.0
VGZ.TO,ejected_below_floor,138277.264448,2026-08-21|CAD,1000000.0
M3V.DE,ejected_below_floor,970.82818,2026-08-21|EUR,1000000.0
USEA,ejected_below_floor,171106.495,2026-08-21|USD,1000000.0
0Q77.L,ejected_below_floor,4412.418739939999,2026-08-21|EUR,1000000.0
0HH6.L,ejected_below_floor,5617.1255,2026-08-21|USD,1000000.0
OBD.L,ejected_below_floor,40301.38966875,2026-08-21|GBp,1000000.0
0QXX.L,ejected_below_floor,28029.443442,2026-08-21|CHF,1000000.0
ALMAS.PA,ejected_below_floor,12115.984635719999,2026-08-21|EUR,1000000.0
CYAD.BR,ejected_below_floor,5041.7310106800005,2026-08-21|EUR,1000000.0
DIVIO-B.ST,ejected_below_floor,5944.44116478,2026-08-21|SEK,1000000.0
BBLG,ejected_below_floor,208714.3386,2026-08-21|USD,1000000.0
ELR.TO,ejected_below_floor,45717.16032,2026-08-21|CAD,1000000.0
VANTI.PA,ejected_below_floor,7759.677666756,2026-08-21|EUR,1000000.0
TRZ.TO,ejected_below_floor,94662.202512,2026-08-21|CAD,1000000.0
CLEMO.ST,ejected_below_floor,9411.051378275999,2026-08-21|SEK,1000000.0
FOOD.TO,ejected_below_floor,8736.045864,2026-08-21|CAD,1000000.0
BUY.ST,ejected_below_floor,13865.422464000003,2026-08-21|SEK,1000000.0
HYL.BR,ejected_below_floor,15193.519289999998,2026-08-21|EUR,1000000.0
0MTP.L,ejected_below_floor,49618.9999872,2026-08-21|NOK,1000000.0
MOLN,ejected_below_floor,21247.1171,2026-08-21|USD,1000000.0
SRES.L,ejected_below_floor,9541.443050034,2026-08-21|GBp,1000000.0
KEN.L,ejected_below_floor,269494.586976055,2026-08-21|GBp,1000000.0
DII-B.TO,ejected_below_floor,27794.760960000003,2026-08-21|CAD,1000000.0
ATORX.ST,ejected_below_floor,27483.054114742,2026-08-21|SEK,1000000.0
NORSE.OL,ejected_below_floor,283426.09418952,2026-08-21|NOK,1000000.0
NICO.ST,ejected_below_floor,397.9156671,2026-08-21|SEK,1000000.0
ITH.TO,ejected_below_floor,164391.35382000002,2026-08-21|CAD,1000000.0
CGNR.L,ejected_below_floor,6431.2816064,2026-08-21|GBp,1000000.0
ALBLU.PA,ejected_below_floor,820.6703135999999,2026-08-21|EUR,1000000.0
TC.TO,ejected_below_floor,46449.0507,2026-08-21|CAD,1000000.0
ALNRG.PA,ejected_below_floor,22282.91457136,2026-08-21|EUR,1000000.0
ALTHX.PA,ejected_below_floor,581324.5309949,2026-08-21|EUR,1000000.0
NANO.TO,ejected_below_floor,56604.421440000006,2026-08-21|CAD,1000000.0
EARTH.AS,ejected_below_floor,23680.7603026,2026-08-21|EUR,1000000.0
CHLL.L,ejected_below_floor,1782.2039802,2026-08-21|GBp,1000000.0
ECOB.L,ejected_below_floor,49944.995989560004,2026-08-21|GBp,1000000.0
TCX,ejected_below_floor,671119.68,2026-08-21|USD,1000000.0
PXS.L,ejected_below_floor,17894.612384775,2026-08-21|GBp,1000000.0
SPAGO.ST,ejected_below_floor,5570.74228408,2026-08-21|SEK,1000000.0
OPTI.BR,ejected_below_floor,20251.557417,2026-08-21|EUR,1000000.0
DTSS,ejected_below_floor,303685.62659999996,2026-08-21|USD,1000000.0
0QOI.L,ejected_below_floor,65156.11412484,2026-08-21|CHF,1000000.0
IPR.LS,ejected_below_floor,39314.86135005,2026-08-21|EUR,1000000.0
0UNV.L,ejected_below_floor,4780.947207,2026-08-21|CAD,1000000.0
GENM.TO,ejected_below_floor,366726.824,2026-08-21|CAD,1000000.0
ALDRV.PA,ejected_below_floor,192934.78670124,2026-08-21|EUR,1000000.0
308170.KS,ejected_below_floor,54862.662579516,2026-08-21|KRW,1000000.0
CETY,ejected_below_floor,47311.0,2026-08-21|USD,1000000.0
INIT.ST,ejected_below_floor,29726.3583078,2026-08-21|SEK,1000000.0
AB.PA,ejected_below_floor,366917.6169351,2026-08-21|EUR,1000000.0
ALAMA.PA,ejected_below_floor,3483.71028434,2026-08-21|EUR,1000000.0
HUDL.OL,ejected_below_floor,14395.801250879998,2026-08-21|NOK,1000000.0
IZAFE-B.ST,ejected_below_floor,12755.5550076,2026-08-21|SEK,1000000.0
ABNX.PA,ejected_below_floor,359632.61201279995,2026-08-21|EUR,1000000.0
NP5.DE,ejected_below_floor,60040.76972799999,2026-08-21|EUR,1000000.0
IDEX.OL,ejected_below_floor,109067.4296544,2026-08-21|NOK,1000000.0
PILA.ST,ejected_below_floor,9790.9513016,2026-08-21|SEK,1000000.0
ALARF.PA,ejected_below_floor,5628.5191423999995,2026-08-21|EUR,1000000.0
AMC.TO,ejected_below_floor,26899.015600000002,2026-08-21|CAD,1000000.0
SONM,ejected_below_floor,83046.53,2026-08-21|USD,1000000.0
SST,ejected_below_floor,310598.76,2026-08-21|USD,1000000.0
ALGEC.PA,ejected_below_floor,3903.4518687999994,2026-08-21|EUR,1000000.0
ALTOO.PA,ejected_below_floor,14765.70922596,2026-08-21|EUR,1000000.0
ISLAX.OL,ejected_below_floor,10329.0924,2026-08-21|NOK,1000000.0
SALME.OL,ejected_below_floor,383643.11566799995,2026-08-21|NOK,1000000.0
0RNK.L,ejected_below_floor,9176.004773182798,2026-08-21|EUR,1000000.0
ALPRE.PA,ejected_below_floor,1125.484722,2026-08-21|EUR,1000000.0
IMM.L,ejected_below_floor,100365.959217363,2026-08-21|GBp,1000000.0
FMR.TO,ejected_below_floor,7993.6520519999995,2026-08-21|CAD,1000000.0
OREGE.PA,ejected_below_floor,7441.380517799999,2026-08-21|EUR,1000000.0
DIAM.TO,ejected_below_floor,2427.5174720000005,2026-08-21|CAD,1000000.0
ONCOZ.ST,ejected_below_floor,21505.998089000004,2026-08-21|SEK,1000000.0
012205.KS,ejected_below_floor,846564.662855235,2026-08-21|KRW,1000000.0
NEXT.TO,ejected_below_floor,24717.586768000005,2026-08-21|CAD,1000000.0
KXIN,ejected_below_floor,702333.1699999999,2026-08-21|USD,1000000.0
ALRPD.PA,ejected_below_floor,60931.763898,2026-08-21|EUR,1000000.0
0QAV.L,ejected_below_floor,373484.73346119997,2026-08-21|EUR,1000000.0
OCG.TO,ejected_below_floor,108744.38720400001,2026-08-21|CAD,1000000.0
TGO.TO,ejected_below_floor,17293.0219,2026-08-21|CAD,1000000.0
MSCL.TO,ejected_below_floor,218808.403128,2026-08-21|CAD,1000000.0
ZOOZ,ejected_below_floor,95550.944,2026-08-21|USD,1000000.0
MSLE,ejected_below_floor,556586.03,2026-08-21|USD,1000000.0
000520.KS,ejected_below_floor,552629.80294359,2026-08-21|KRW,1000000.0
HEXI.ST,ejected_below_floor,6447.544902240001,2026-08-21|SEK,1000000.0
QNTM,ejected_below_floor,940695.52,2026-08-21|USD,1000000.0
4BB.L,ejected_below_floor,5668.0781289999995,2026-08-21|GBp,1000000.0
006370.KS,ejected_below_floor,345465.349407345,2026-08-21|KRW,1000000.0
PROGEN.ST,ejected_below_floor,27272.42367047,2026-08-21|SEK,1000000.0
BIOEX.ST,ejected_below_floor,25528.801244799997,2026-08-21|SEK,1000000.0
0AH7.L,ejected_below_floor,5277.482590399999,2026-08-21|EUR,1000000.0
007460.KS,ejected_below_floor,281527.350355026,2026-08-21|KRW,1000000.0
MODEL.ST,ejected_below_floor,765.3042,2026-08-21|SEK,1000000.0
ORTI-A.ST,ejected_below_floor,119.91235520000001,2026-08-21|SEK,1000000.0
ORTI-B.ST,ejected_below_floor,1113.2184180000002,2026-08-21|SEK,1000000.0
88Q.DE,ejected_below_floor,991.2237299999999,2026-08-21|EUR,1000000.0
GUARD.ST,ejected_below_floor,4379.8243888,2026-08-21|SEK,1000000.0
JYD,ejected_below_floor,250321.8969,2026-08-21|USD,1000000.0
BYW.DE,ejected_below_floor,1855.99505,2026-08-21|EUR,1000000.0
BYW6.DE,ejected_below_floor,81236.82175629999,2026-08-21|EUR,1000000.0
EBUS.AS,ejected_below_floor,149732.34763032,2026-08-21|EUR,1000000.0
BIOSGN.ST,ejected_below_floor,19661.4270528,2026-08-21|SEK,1000000.0
VIVE.ST,ejected_below_floor,37701.7571448,2026-08-21|SEK,1000000.0
TNG.PA,ejected_below_floor,47163.68610112,2026-08-21|EUR,1000000.0
0MV8.L,ejected_below_floor,3013.3970595599994,2026-08-21|EUR,1000000.0
IBT-B.ST,ejected_below_floor,50584.476526,2026-08-21|SEK,1000000.0
CVX.PA,ejected_below_floor,352223.2932996,2026-08-21|EUR,1000000.0
ANOT.ST,ejected_below_floor,152068.025117624,2026-08-21|SEK,1000000.0
MDAI,ejected_below_floor,724350.4,2026-08-21|USD,1000000.0
0IYU.L,ejected_below_floor,1886.6928,2026-08-21|USD,1000000.0
AUMN.TO,ejected_below_floor,3413.18316,2026-08-21|CAD,1000000.0
COCH,ejected_below_floor,293098.5,2026-08-21|USD,1000000.0
ALZCUR.ST,ejected_below_floor,599375.7493404,2026-08-21|SEK,1000000.0
ALDVI.PA,ejected_below_floor,155389.56039792,2026-08-21|EUR,1000000.0
ENERS.ST,ejected_below_floor,5868.248664902,2026-08-21|SEK,1000000.0
SIMRIS-B.ST,ejected_below_floor,1875.3578489279998,2026-08-21|SEK,1000000.0
SYNACT.ST,ejected_below_floor,835964.306368,2026-08-21|SEK,1000000.0
JAN.L,ejected_below_floor,41676.030157299996,2026-08-21|GBp,1000000.0
0V9D.L,ejected_below_floor,204260.60950800002,2026-08-21|CAD,1000000.0
LOOP,ejected_below_floor,938576.701,2026-08-21|USD,1000000.0
BCTX,ejected_below_floor,668562.62,2026-08-21|USD,1000000.0
ITN.DE,ejected_below_floor,108.24792479999999,2026-08-21|EUR,1000000.0
PREM.L,ejected_below_floor,66652.68408896212,2026-08-21|GBp,1000000.0
ALMIB.PA,ejected_below_floor,174000.11983296,2026-08-21|EUR,1000000.0
RECY-B.ST,ejected_below_floor,5744.825201112,2026-08-21|SEK,1000000.0
QLIFE.ST,ejected_below_floor,14129.065876640001,2026-08-21|SEK,1000000.0
RRR.L,ejected_below_floor,11212.1273041288,2026-08-21|GBp,1000000.0
SAU.TO,ejected_below_floor,6958.9019100000005,2026-08-21|CAD,1000000.0
HEMO.L,ejected_below_floor,101823.2595072,2026-08-21|GBp,1000000.0
SZZL,ejected_below_floor,600310.7,2026-08-21|USD,1000000.0
HILB-B.ST,ejected_below_floor,97365.8488908,2026-08-21|SEK,1000000.0
HBC.OL,ejected_below_floor,23775.2955696,2026-08-21|NOK,1000000.0
0OCQ.L,ejected_below_floor,493.92194799999993,2026-08-21|EUR,1000000.0
FLUO.ST,ejected_below_floor,27371.69785,2026-08-21|SEK,1000000.0
BMV.L,ejected_below_floor,11125.518270867,2026-08-21|GBp,1000000.0
PYR.TO,ejected_below_floor,51667.95248,2026-08-21|CAD,1000000.0
RDZN,ejected_below_floor,788872.5,2026-08-21|USD,1000000.0
HUI.L,ejected_below_floor,9538.2759745,2026-08-21|GBp,1000000.0
ISOFOL.ST,ejected_below_floor,41417.402468,2026-08-21|SEK,1000000.0
ZIOC.L,ejected_below_floor,102479.87499904001,2026-08-21|GBp,1000000.0
ALSRS.PA,ejected_below_floor,25457.671782294,2026-08-21|EUR,1000000.0
PLUR,ejected_below_floor,44579.7,2026-08-21|USD,1000000.0
BCT.TO,ejected_below_floor,25110.003056,2026-08-21|CAD,1000000.0
POXEL.PA,ejected_below_floor,37381.754688064,2026-08-21|EUR,1000000.0
ALHPI.PA,ejected_below_floor,68603.445372192,2026-08-21|EUR,1000000.0
WSBN.L,ejected_below_floor,91906.1282062,2026-08-21|GBp,1000000.0
TESSIN.ST,ejected_below_floor,1775.6128236,2026-08-21|SEK,1000000.0
CALC,ejected_below_floor,772185.9519999999,2026-08-21|USD,1000000.0
PDSB,ejected_below_floor,281328.801,2026-08-21|USD,1000000.0
TENEO.ST,ejected_below_floor,74458.6669948,2026-08-21|SEK,1000000.0
AINO.ST,ejected_below_floor,1421.0163136600002,2026-08-21|SEK,1000000.0
SDST,ejected_below_floor,435439.8009,2026-08-21|USD,1000000.0
OMEX,ejected_below_floor,513042.054,2026-08-21|USD,1000000.0
ANNX.ST,ejected_below_floor,10857.24156,2026-08-21|SEK,1000000.0
VRTS.TO,ejected_below_floor,837.436184,2026-08-21|CAD,1000000.0
WYLD.ST,ejected_below_floor,387351.01613784,2026-08-21|SEK,1000000.0
EDT.TO,ejected_below_floor,53188.08292800001,2026-08-21|CAD,1000000.0
TPST,ejected_below_floor,220226.24000000002,2026-08-21|USD,1000000.0
NCOD.OL,ejected_below_floor,12052.38288,2026-08-21|NOK,1000000.0
RPLAN.ST,ejected_below_floor,653.1572153999999,2026-08-21|SEK,1000000.0
ORGC.ST,ejected_below_floor,4168.1091232,2026-08-21|SEK,1000000.0
RTG.TO,ejected_below_floor,3903.99168,2026-08-21|CAD,1000000.0
OXUR.BR,ejected_below_floor,3992.1596912399996,2026-08-21|EUR,1000000.0
MDNA.TO,ejected_below_floor,18949.668148,2026-08-21|CAD,1000000.0
NCF.TO,ejected_below_floor,20561.998990000004,2026-08-21|CAD,1000000.0
SLXN,ejected_below_floor,111648.53,2026-08-21|USD,1000000.0
HBP.TO,ejected_below_floor,1864.813032,2026-08-21|CAD,1000000.0
ETG.TO,ejected_below_floor,191061.10212,2026-08-21|CAD,1000000.0
PAT.L,ejected_below_floor,86712.9890424,2026-08-21|GBp,1000000.0
BU.TO,ejected_below_floor,4008.3776399999997,2026-08-21|CAD,1000000.0
FT.TO,ejected_below_floor,59121.282920000005,2026-08-21|CAD,1000000.0
LOYAL.ST,ejected_below_floor,1109.3446560000002,2026-08-21|SEK,1000000.0
SVA.TO,ejected_below_floor,9905.5,2026-08-21|CAD,1000000.0
DYA.TO,ejected_below_floor,9595.490268000001,2026-08-21|CAD,1000000.0
RVX.TO,ejected_below_floor,2406.6402800000005,2026-08-21|CAD,1000000.0
NYR.BR,ejected_below_floor,3450.0879287999996,2026-08-21|EUR,1000000.0
URU.L,ejected_below_floor,24960.06979977,2026-08-21|GBp,1000000.0
FINM.PA,ejected_below_floor,7970.697485999999,2026-08-21|EUR,1000000.0
SEED,ejected_below_floor,153567.6417,2026-08-21|USD,1000000.0
BKI.TO,ejected_below_floor,8172.250018000001,2026-08-21|CAD,1000000.0
ESM.TO,ejected_below_floor,45556.97938,2026-08-21|CAD,1000000.0
CCM,ejected_below_floor,391772.48000000004,2026-08-21|USD,1000000.0
0RH3.L,ejected_below_floor,2601.30672,2026-08-21|EUR,1000000.0
SNG.DE,ejected_below_floor,408595.63782239996,2026-08-21|EUR,1000000.0
GABA.ST,ejected_below_floor,20954.417841920003,2026-08-21|SEK,1000000.0
NSE.AS,ejected_below_floor,2059.03682936,2026-08-21|EUR,1000000.0
ALK.L,ejected_below_floor,202573.9498776,2026-08-21|GBp,1000000.0
ARCTIC.ST,ejected_below_floor,15646.235324928,2026-08-21|SEK,1000000.0
RAIN,ejected_below_floor,459123.41000000003,2026-08-21|USD,1000000.0
NRSN,ejected_below_floor,98476.2048,2026-08-21|USD,1000000.0
