run_id,source,date,price,marketCap,removal_reason
stock_CUR3K@844b3eaf1ea2,058820.KQ,2020-04-01,3975.0,112053878625.0,"vendor_contamination [058820.KQ 2020-03-31..2022-09-30: another issuer's statements served under this ticker (Chipotle Mexican Grill / CMG), labelled KRW]"
stock_CUR3K@844b3eaf1ea2,058820.KQ,2020-07-01,4435.0,126199339765.0,"vendor_contamination [058820.KQ 2020-03-31..2022-09-30: another issuer's statements served under this ticker (Chipotle Mexican Grill / CMG), labelled KRW]"
stock_CUR3K@844b3eaf1ea2,058820.KQ,2020-10-01,5780.0,165048177440.0,"vendor_contamination [058820.KQ 2020-03-31..2022-09-30: another issuer's statements served under this ticker (Chipotle Mexican Grill / CMG), labelled KRW]"
stock_CUR3K@844b3eaf1ea2,058820.KQ,2021-01-01,4385.0,125244466470.0,"vendor_contamination [058820.KQ 2020-03-31..2022-09-30: another issuer's statements served under this ticker (Chipotle Mexican Grill / CMG), labelled KRW]"
stock_CUR3K@844b3eaf1ea2,058820.KQ,2021-04-01,5270.0,150094390430.0,"vendor_contamination [058820.KQ 2020-03-31..2022-09-30: another issuer's statements served under this ticker (Chipotle Mexican Grill / CMG), labelled KRW]"
stock_CUR3K@844b3eaf1ea2,058820.KQ,2021-07-01,4055.0,115456802555.0,"vendor_contamination [058820.KQ 2020-03-31..2022-09-30: another issuer's statements served under this ticker (Chipotle Mexican Grill / CMG), labelled KRW]"
stock_CUR3K@844b3eaf1ea2,058820.KQ,2021-10-01,3835.0,109410061085.0,"vendor_contamination [058820.KQ 2020-03-31..2022-09-30: another issuer's statements served under this ticker (Chipotle Mexican Grill / CMG), labelled KRW]"
stock_CUR3K@844b3eaf1ea2,058820.KQ,2022-01-01,3485.0,98685971720.0,"vendor_contamination [058820.KQ 2020-03-31..2022-09-30: another issuer's statements served under this ticker (Chipotle Mexican Grill / CMG), labelled KRW]"
stock_CUR3K@844b3eaf1ea2,058820.KQ,2022-04-01,2500.0,70254592500.0,"vendor_contamination [058820.KQ 2020-03-31..2022-09-30: another issuer's statements served under this ticker (Chipotle Mexican Grill / CMG), labelled KRW]"
stock_CUR3K@844b3eaf1ea2,058820.KQ,2022-07-01,2245.0,62753501690.0,"vendor_contamination [058820.KQ 2020-03-31..2022-09-30: another issuer's statements served under this ticker (Chipotle Mexican Grill / CMG), labelled KRW]"
stock_CUR3K@844b3eaf1ea2,BMA,2020-04-01,1994.0,127498952200.0,"currency_excluded [ARS: reports in ARS -- IAS 29 hyperinflation regime, no admitted ARS->USD rate, and this vendor is demonstrably wrong on ARS in this panel | CURRENCY-SCOPED RULE (CEO 2026-08-08): every ARS reporter is removed, whether or not its own series looks damaged. Grounds, measured on the 2026-08-07 CUR3K panel: (1) VENDOR DEFECT, on BMA -- totalAssets 2.325e16 between 2.056e13 and 2.420e13 (961x break) and revenue 1.201e9 between 1.443e12 and 1.907e12 (1,588x break), with marketCap continuous through both, so no market-cap sanity check can see it; BMA's nominal revenue also rises 45.6x over the window. (2) NO USD VALUATION IS POSSIBLE -- ARS is refused by fx_rates.ABSTAIN_CURRENCIES and absent from carveOut.FX_TO_USD, so an ARS name has no marketCap_usd, sits in no band, and scores NEUTRAL on the size tilt while competing for the same slots. (3) NO PER-NAME CLEARANCE EXISTS -- separating a correctly IAS 29-restated series from a mishandled one needs a restatement-vintage audit this codebase does not perform. EXPLICITLY NOT CLAIMED OF EVERY ARS NAME: CRESY shows NO defect (worst adjacent ratio 5.0x vs BMA's 1,588x; 7.5x nominal rise vs BMA's 45.6x, i.e. BELOW Argentine inflation, which is what correct restatement looks like). CRESY is removed by this rule alone. Panel effect: 2 sources, 48 rows.] [ARS on 24/24 rows]"
stock_CUR3K@844b3eaf1ea2,BMA,2020-07-01,2076.0,132742138800.0,"currency_excluded [ARS: reports in ARS -- IAS 29 hyperinflation regime, no admitted ARS->USD rate, and this vendor is demonstrably wrong on ARS in this panel | CURRENCY-SCOPED RULE (CEO 2026-08-08): every ARS reporter is removed, whether or not its own series looks damaged. Grounds, measured on the 2026-08-07 CUR3K panel: (1) VENDOR DEFECT, on BMA -- totalAssets 2.325e16 between 2.056e13 and 2.420e13 (961x break) and revenue 1.201e9 between 1.443e12 and 1.907e12 (1,588x break), with marketCap continuous through both, so no market-cap sanity check can see it; BMA's nominal revenue also rises 45.6x over the window. (2) NO USD VALUATION IS POSSIBLE -- ARS is refused by fx_rates.ABSTAIN_CURRENCIES and absent from carveOut.FX_TO_USD, so an ARS name has no marketCap_usd, sits in no band, and scores NEUTRAL on the size tilt while competing for the same slots. (3) NO PER-NAME CLEARANCE EXISTS -- separating a correctly IAS 29-restated series from a mishandled one needs a restatement-vintage audit this codebase does not perform. EXPLICITLY NOT CLAIMED OF EVERY ARS NAME: CRESY shows NO defect (worst adjacent ratio 5.0x vs BMA's 1,588x; 7.5x nominal rise vs BMA's 45.6x, i.e. BELOW Argentine inflation, which is what correct restatement looks like). CRESY is removed by this rule alone. Panel effect: 2 sources, 48 rows.] [ARS on 24/24 rows]"
stock_CUR3K@844b3eaf1ea2,BMA,2020-10-01,2273.0,145244700000.0,"currency_excluded [ARS: reports in ARS -- IAS 29 hyperinflation regime, no admitted ARS->USD rate, and this vendor is demonstrably wrong on ARS in this panel | CURRENCY-SCOPED RULE (CEO 2026-08-08): every ARS reporter is removed, whether or not its own series looks damaged. Grounds, measured on the 2026-08-07 CUR3K panel: (1) VENDOR DEFECT, on BMA -- totalAssets 2.325e16 between 2.056e13 and 2.420e13 (961x break) and revenue 1.201e9 between 1.443e12 and 1.907e12 (1,588x break), with marketCap continuous through both, so no market-cap sanity check can see it; BMA's nominal revenue also rises 45.6x over the window. (2) NO USD VALUATION IS POSSIBLE -- ARS is refused by fx_rates.ABSTAIN_CURRENCIES and absent from carveOut.FX_TO_USD, so an ARS name has no marketCap_usd, sits in no band, and scores NEUTRAL on the size tilt while competing for the same slots. (3) NO PER-NAME CLEARANCE EXISTS -- separating a correctly IAS 29-restated series from a mishandled one needs a restatement-vintage audit this codebase does not perform. EXPLICITLY NOT CLAIMED OF EVERY ARS NAME: CRESY shows NO defect (worst adjacent ratio 5.0x vs BMA's 1,588x; 7.5x nominal rise vs BMA's 45.6x, i.e. BELOW Argentine inflation, which is what correct restatement looks like). CRESY is removed by this rule alone. Panel effect: 2 sources, 48 rows.] [ARS on 24/24 rows]"
stock_CUR3K@844b3eaf1ea2,BMA,2021-01-01,1969.0,127404735700.0,"currency_excluded [ARS: reports in ARS -- IAS 29 hyperinflation regime, no admitted ARS->USD rate, and this vendor is demonstrably wrong on ARS in this panel | CURRENCY-SCOPED RULE (CEO 2026-08-08): every ARS reporter is removed, whether or not its own series looks damaged. Grounds, measured on the 2026-08-07 CUR3K panel: (1) VENDOR DEFECT, on BMA -- totalAssets 2.325e16 between 2.056e13 and 2.420e13 (961x break) and revenue 1.201e9 between 1.443e12 and 1.907e12 (1,588x break), with marketCap continuous through both, so no market-cap sanity check can see it; BMA's nominal revenue also rises 45.6x over the window. (2) NO USD VALUATION IS POSSIBLE -- ARS is refused by fx_rates.ABSTAIN_CURRENCIES and absent from carveOut.FX_TO_USD, so an ARS name has no marketCap_usd, sits in no band, and scores NEUTRAL on the size tilt while competing for the same slots. (3) NO PER-NAME CLEARANCE EXISTS -- separating a correctly IAS 29-restated series from a mishandled one needs a restatement-vintage audit this codebase does not perform. EXPLICITLY NOT CLAIMED OF EVERY ARS NAME: CRESY shows NO defect (worst adjacent ratio 5.0x vs BMA's 1,588x; 7.5x nominal rise vs BMA's 45.6x, i.e. BELOW Argentine inflation, which is what correct restatement looks like). CRESY is removed by this rule alone. Panel effect: 2 sources, 48 rows.] [ARS on 24/24 rows]"
stock_CUR3K@844b3eaf1ea2,BMA,2021-04-01,2552.5,163210168250.0,"currency_excluded [ARS: reports in ARS -- IAS 29 hyperinflation regime, no admitted ARS->USD rate, and this vendor is demonstrably wrong on ARS in this panel | CURRENCY-SCOPED RULE (CEO 2026-08-08): every ARS reporter is removed, whether or not its own series looks damaged. Grounds, measured on the 2026-08-07 CUR3K panel: (1) VENDOR DEFECT, on BMA -- totalAssets 2.325e16 between 2.056e13 and 2.420e13 (961x break) and revenue 1.201e9 between 1.443e12 and 1.907e12 (1,588x break), with marketCap continuous through both, so no market-cap sanity check can see it; BMA's nominal revenue also rises 45.6x over the window. (2) NO USD VALUATION IS POSSIBLE -- ARS is refused by fx_rates.ABSTAIN_CURRENCIES and absent from carveOut.FX_TO_USD, so an ARS name has no marketCap_usd, sits in no band, and scores NEUTRAL on the size tilt while competing for the same slots. (3) NO PER-NAME CLEARANCE EXISTS -- separating a correctly IAS 29-restated series from a mishandled one needs a restatement-vintage audit this codebase does not perform. EXPLICITLY NOT CLAIMED OF EVERY ARS NAME: CRESY shows NO defect (worst adjacent ratio 5.0x vs BMA's 1,588x; 7.5x nominal rise vs BMA's 45.6x, i.e. BELOW Argentine inflation, which is what correct restatement looks like). CRESY is removed by this rule alone. Panel effect: 2 sources, 48 rows.] [ARS on 24/24 rows]"
stock_CUR3K@844b3eaf1ea2,BMA,2021-07-01,3282.5,209887317250.0,"currency_excluded [ARS: reports in ARS -- IAS 29 hyperinflation regime, no admitted ARS->USD rate, and this vendor is demonstrably wrong on ARS in this panel | CURRENCY-SCOPED RULE (CEO 2026-08-08): every ARS reporter is removed, whether or not its own series looks damaged. Grounds, measured on the 2026-08-07 CUR3K panel: (1) VENDOR DEFECT, on BMA -- totalAssets 2.325e16 between 2.056e13 and 2.420e13 (961x break) and revenue 1.201e9 between 1.443e12 and 1.907e12 (1,588x break), with marketCap continuous through both, so no market-cap sanity check can see it; BMA's nominal revenue also rises 45.6x over the window. (2) NO USD VALUATION IS POSSIBLE -- ARS is refused by fx_rates.ABSTAIN_CURRENCIES and absent from carveOut.FX_TO_USD, so an ARS name has no marketCap_usd, sits in no band, and scores NEUTRAL on the size tilt while competing for the same slots. (3) NO PER-NAME CLEARANCE EXISTS -- separating a correctly IAS 29-restated series from a mishandled one needs a restatement-vintage audit this codebase does not perform. EXPLICITLY NOT CLAIMED OF EVERY ARS NAME: CRESY shows NO defect (worst adjacent ratio 5.0x vs BMA's 1,588x; 7.5x nominal rise vs BMA's 45.6x, i.e. BELOW Argentine inflation, which is what correct restatement looks like). CRESY is removed by this rule alone. Panel effect: 2 sources, 48 rows.] [ARS on 24/24 rows]"
stock_CUR3K@844b3eaf1ea2,BMA,2021-10-01,2876.0,183776400000.0,"currency_excluded [ARS: reports in ARS -- IAS 29 hyperinflation regime, no admitted ARS->USD rate, and this vendor is demonstrably wrong on ARS in this panel | CURRENCY-SCOPED RULE (CEO 2026-08-08): every ARS reporter is removed, whether or not its own series looks damaged. Grounds, measured on the 2026-08-07 CUR3K panel: (1) VENDOR DEFECT, on BMA -- totalAssets 2.325e16 between 2.056e13 and 2.420e13 (961x break) and revenue 1.201e9 between 1.443e12 and 1.907e12 (1,588x break), with marketCap continuous through both, so no market-cap sanity check can see it; BMA's nominal revenue also rises 45.6x over the window. (2) NO USD VALUATION IS POSSIBLE -- ARS is refused by fx_rates.ABSTAIN_CURRENCIES and absent from carveOut.FX_TO_USD, so an ARS name has no marketCap_usd, sits in no band, and scores NEUTRAL on the size tilt while competing for the same slots. (3) NO PER-NAME CLEARANCE EXISTS -- separating a correctly IAS 29-restated series from a mishandled one needs a restatement-vintage audit this codebase does not perform. EXPLICITLY NOT CLAIMED OF EVERY ARS NAME: CRESY shows NO defect (worst adjacent ratio 5.0x vs BMA's 1,588x; 7.5x nominal rise vs BMA's 45.6x, i.e. BELOW Argentine inflation, which is what correct restatement looks like). CRESY is removed by this rule alone. Panel effect: 2 sources, 48 rows.] [ARS on 24/24 rows]"
stock_CUR3K@844b3eaf1ea2,BMA,2022-01-01,3289.5,210334906350.0,"currency_excluded [ARS: reports in ARS -- IAS 29 hyperinflation regime, no admitted ARS->USD rate, and this vendor is demonstrably wrong on ARS in this panel | CURRENCY-SCOPED RULE (CEO 2026-08-08): every ARS reporter is removed, whether or not its own series looks damaged. Grounds, measured on the 2026-08-07 CUR3K panel: (1) VENDOR DEFECT, on BMA -- totalAssets 2.325e16 between 2.056e13 and 2.420e13 (961x break) and revenue 1.201e9 between 1.443e12 and 1.907e12 (1,588x break), with marketCap continuous through both, so no market-cap sanity check can see it; BMA's nominal revenue also rises 45.6x over the window. (2) NO USD VALUATION IS POSSIBLE -- ARS is refused by fx_rates.ABSTAIN_CURRENCIES and absent from carveOut.FX_TO_USD, so an ARS name has no marketCap_usd, sits in no band, and scores NEUTRAL on the size tilt while competing for the same slots. (3) NO PER-NAME CLEARANCE EXISTS -- separating a correctly IAS 29-restated series from a mishandled one needs a restatement-vintage audit this codebase does not perform. EXPLICITLY NOT CLAIMED OF EVERY ARS NAME: CRESY shows NO defect (worst adjacent ratio 5.0x vs BMA's 1,588x; 7.5x nominal rise vs BMA's 45.6x, i.e. BELOW Argentine inflation, which is what correct restatement looks like). CRESY is removed by this rule alone. Panel effect: 2 sources, 48 rows.] [ARS on 24/24 rows]"
stock_CUR3K@844b3eaf1ea2,BMA,2022-04-01,2850.5,182264675650.0,"currency_excluded [ARS: reports in ARS -- IAS 29 hyperinflation regime, no admitted ARS->USD rate, and this vendor is demonstrably wrong on ARS in this panel | CURRENCY-SCOPED RULE (CEO 2026-08-08): every ARS reporter is removed, whether or not its own series looks damaged. Grounds, measured on the 2026-08-07 CUR3K panel: (1) VENDOR DEFECT, on BMA -- totalAssets 2.325e16 between 2.056e13 and 2.420e13 (961x break) and revenue 1.201e9 between 1.443e12 and 1.907e12 (1,588x break), with marketCap continuous through both, so no market-cap sanity check can see it; BMA's nominal revenue also rises 45.6x over the window. (2) NO USD VALUATION IS POSSIBLE -- ARS is refused by fx_rates.ABSTAIN_CURRENCIES and absent from carveOut.FX_TO_USD, so an ARS name has no marketCap_usd, sits in no band, and scores NEUTRAL on the size tilt while competing for the same slots. (3) NO PER-NAME CLEARANCE EXISTS -- separating a correctly IAS 29-restated series from a mishandled one needs a restatement-vintage audit this codebase does not perform. EXPLICITLY NOT CLAIMED OF EVERY ARS NAME: CRESY shows NO defect (worst adjacent ratio 5.0x vs BMA's 1,588x; 7.5x nominal rise vs BMA's 45.6x, i.e. BELOW Argentine inflation, which is what correct restatement looks like). CRESY is removed by this rule alone. Panel effect: 2 sources, 48 rows.] [ARS on 24/24 rows]"
stock_CUR3K@844b3eaf1ea2,BMA,2022-07-01,4373.0,279615304900.0,"currency_excluded [ARS: reports in ARS -- IAS 29 hyperinflation regime, no admitted ARS->USD rate, and this vendor is demonstrably wrong on ARS in this panel | CURRENCY-SCOPED RULE (CEO 2026-08-08): every ARS reporter is removed, whether or not its own series looks damaged. Grounds, measured on the 2026-08-07 CUR3K panel: (1) VENDOR DEFECT, on BMA -- totalAssets 2.325e16 between 2.056e13 and 2.420e13 (961x break) and revenue 1.201e9 between 1.443e12 and 1.907e12 (1,588x break), with marketCap continuous through both, so no market-cap sanity check can see it; BMA's nominal revenue also rises 45.6x over the window. (2) NO USD VALUATION IS POSSIBLE -- ARS is refused by fx_rates.ABSTAIN_CURRENCIES and absent from carveOut.FX_TO_USD, so an ARS name has no marketCap_usd, sits in no band, and scores NEUTRAL on the size tilt while competing for the same slots. (3) NO PER-NAME CLEARANCE EXISTS -- separating a correctly IAS 29-restated series from a mishandled one needs a restatement-vintage audit this codebase does not perform. EXPLICITLY NOT CLAIMED OF EVERY ARS NAME: CRESY shows NO defect (worst adjacent ratio 5.0x vs BMA's 1,588x; 7.5x nominal rise vs BMA's 45.6x, i.e. BELOW Argentine inflation, which is what correct restatement looks like). CRESY is removed by this rule alone. Panel effect: 2 sources, 48 rows.] [ARS on 24/24 rows]"
stock_CUR3K@844b3eaf1ea2,BMA,2022-10-01,5611.0,358774634300.0,"currency_excluded [ARS: reports in ARS -- IAS 29 hyperinflation regime, no admitted ARS->USD rate, and this vendor is demonstrably wrong on ARS in this panel | CURRENCY-SCOPED RULE (CEO 2026-08-08): every ARS reporter is removed, whether or not its own series looks damaged. Grounds, measured on the 2026-08-07 CUR3K panel: (1) VENDOR DEFECT, on BMA -- totalAssets 2.325e16 between 2.056e13 and 2.420e13 (961x break) and revenue 1.201e9 between 1.443e12 and 1.907e12 (1,588x break), with marketCap continuous through both, so no market-cap sanity check can see it; BMA's nominal revenue also rises 45.6x over the window. (2) NO USD VALUATION IS POSSIBLE -- ARS is refused by fx_rates.ABSTAIN_CURRENCIES and absent from carveOut.FX_TO_USD, so an ARS name has no marketCap_usd, sits in no band, and scores NEUTRAL on the size tilt while competing for the same slots. (3) NO PER-NAME CLEARANCE EXISTS -- separating a correctly IAS 29-restated series from a mishandled one needs a restatement-vintage audit this codebase does not perform. EXPLICITLY NOT CLAIMED OF EVERY ARS NAME: CRESY shows NO defect (worst adjacent ratio 5.0x vs BMA's 1,588x; 7.5x nominal rise vs BMA's 45.6x, i.e. BELOW Argentine inflation, which is what correct restatement looks like). CRESY is removed by this rule alone. Panel effect: 2 sources, 48 rows.] [ARS on 24/24 rows]"
stock_CUR3K@844b3eaf1ea2,BMA,2023-01-01,7207.5,460856919750.0,"currency_excluded [ARS: reports in ARS -- IAS 29 hyperinflation regime, no admitted ARS->USD rate, and this vendor is demonstrably wrong on ARS in this panel | CURRENCY-SCOPED RULE (CEO 2026-08-08): every ARS reporter is removed, whether or not its own series looks damaged. Grounds, measured on the 2026-08-07 CUR3K panel: (1) VENDOR DEFECT, on BMA -- totalAssets 2.325e16 between 2.056e13 and 2.420e13 (961x break) and revenue 1.201e9 between 1.443e12 and 1.907e12 (1,588x break), with marketCap continuous through both, so no market-cap sanity check can see it; BMA's nominal revenue also rises 45.6x over the window. (2) NO USD VALUATION IS POSSIBLE -- ARS is refused by fx_rates.ABSTAIN_CURRENCIES and absent from carveOut.FX_TO_USD, so an ARS name has no marketCap_usd, sits in no band, and scores NEUTRAL on the size tilt while competing for the same slots. (3) NO PER-NAME CLEARANCE EXISTS -- separating a correctly IAS 29-restated series from a mishandled one needs a restatement-vintage audit this codebase does not perform. EXPLICITLY NOT CLAIMED OF EVERY ARS NAME: CRESY shows NO defect (worst adjacent ratio 5.0x vs BMA's 1,588x; 7.5x nominal rise vs BMA's 45.6x, i.e. BELOW Argentine inflation, which is what correct restatement looks like). CRESY is removed by this rule alone. Panel effect: 2 sources, 48 rows.] [ARS on 24/24 rows]"
stock_CUR3K@844b3eaf1ea2,BMA,2023-04-01,14321.5,915735327950.0,"currency_excluded [ARS: reports in ARS -- IAS 29 hyperinflation regime, no admitted ARS->USD rate, and this vendor is demonstrably wrong on ARS in this panel | CURRENCY-SCOPED RULE (CEO 2026-08-08): every ARS reporter is removed, whether or not its own series looks damaged. Grounds, measured on the 2026-08-07 CUR3K panel: (1) VENDOR DEFECT, on BMA -- totalAssets 2.325e16 between 2.056e13 and 2.420e13 (961x break) and revenue 1.201e9 between 1.443e12 and 1.907e12 (1,588x break), with marketCap continuous through both, so no market-cap sanity check can see it; BMA's nominal revenue also rises 45.6x over the window. (2) NO USD VALUATION IS POSSIBLE -- ARS is refused by fx_rates.ABSTAIN_CURRENCIES and absent from carveOut.FX_TO_USD, so an ARS name has no marketCap_usd, sits in no band, and scores NEUTRAL on the size tilt while competing for the same slots. (3) NO PER-NAME CLEARANCE EXISTS -- separating a correctly IAS 29-restated series from a mishandled one needs a restatement-vintage audit this codebase does not perform. EXPLICITLY NOT CLAIMED OF EVERY ARS NAME: CRESY shows NO defect (worst adjacent ratio 5.0x vs BMA's 1,588x; 7.5x nominal rise vs BMA's 45.6x, i.e. BELOW Argentine inflation, which is what correct restatement looks like). CRESY is removed by this rule alone. Panel effect: 2 sources, 48 rows.] [ARS on 24/24 rows]"
stock_CUR3K@844b3eaf1ea2,BMA,2023-07-01,14675.5,938370548150.0,"currency_excluded [ARS: reports in ARS -- IAS 29 hyperinflation regime, no admitted ARS->USD rate, and this vendor is demonstrably wrong on ARS in this panel | CURRENCY-SCOPED RULE (CEO 2026-08-08): every ARS reporter is removed, whether or not its own series looks damaged. Grounds, measured on the 2026-08-07 CUR3K panel: (1) VENDOR DEFECT, on BMA -- totalAssets 2.325e16 between 2.056e13 and 2.420e13 (961x break) and revenue 1.201e9 between 1.443e12 and 1.907e12 (1,588x break), with marketCap continuous through both, so no market-cap sanity check can see it; BMA's nominal revenue also rises 45.6x over the window. (2) NO USD VALUATION IS POSSIBLE -- ARS is refused by fx_rates.ABSTAIN_CURRENCIES and absent from carveOut.FX_TO_USD, so an ARS name has no marketCap_usd, sits in no band, and scores NEUTRAL on the size tilt while competing for the same slots. (3) NO PER-NAME CLEARANCE EXISTS -- separating a correctly IAS 29-restated series from a mishandled one needs a restatement-vintage audit this codebase does not perform. EXPLICITLY NOT CLAIMED OF EVERY ARS NAME: CRESY shows NO defect (worst adjacent ratio 5.0x vs BMA's 1,588x; 7.5x nominal rise vs BMA's 45.6x, i.e. BELOW Argentine inflation, which is what correct restatement looks like). CRESY is removed by this rule alone. Panel effect: 2 sources, 48 rows.] [ARS on 24/24 rows]"
stock_CUR3K@844b3eaf1ea2,BMA,2023-10-01,26708.60472429119,1707232710000.0,"currency_excluded [ARS: reports in ARS -- IAS 29 hyperinflation regime, no admitted ARS->USD rate, and this vendor is demonstrably wrong on ARS in this panel | CURRENCY-SCOPED RULE (CEO 2026-08-08): every ARS reporter is removed, whether or not its own series looks damaged. Grounds, measured on the 2026-08-07 CUR3K panel: (1) VENDOR DEFECT, on BMA -- totalAssets 2.325e16 between 2.056e13 and 2.420e13 (961x break) and revenue 1.201e9 between 1.443e12 and 1.907e12 (1,588x break), with marketCap continuous through both, so no market-cap sanity check can see it; BMA's nominal revenue also rises 45.6x over the window. (2) NO USD VALUATION IS POSSIBLE -- ARS is refused by fx_rates.ABSTAIN_CURRENCIES and absent from carveOut.FX_TO_USD, so an ARS name has no marketCap_usd, sits in no band, and scores NEUTRAL on the size tilt while competing for the same slots. (3) NO PER-NAME CLEARANCE EXISTS -- separating a correctly IAS 29-restated series from a mishandled one needs a restatement-vintage audit this codebase does not perform. EXPLICITLY NOT CLAIMED OF EVERY ARS NAME: CRESY shows NO defect (worst adjacent ratio 5.0x vs BMA's 1,588x; 7.5x nominal rise vs BMA's 45.6x, i.e. BELOW Argentine inflation, which is what correct restatement looks like). CRESY is removed by this rule alone. Panel effect: 2 sources, 48 rows.] [ARS on 24/24 rows]"
stock_CUR3K@844b3eaf1ea2,BMA,2024-01-01,54021.5,3454204937950.0,"currency_excluded [ARS: reports in ARS -- IAS 29 hyperinflation regime, no admitted ARS->USD rate, and this vendor is demonstrably wrong on ARS in this panel | CURRENCY-SCOPED RULE (CEO 2026-08-08): every ARS reporter is removed, whether or not its own series looks damaged. Grounds, measured on the 2026-08-07 CUR3K panel: (1) VENDOR DEFECT, on BMA -- totalAssets 2.325e16 between 2.056e13 and 2.420e13 (961x break) and revenue 1.201e9 between 1.443e12 and 1.907e12 (1,588x break), with marketCap continuous through both, so no market-cap sanity check can see it; BMA's nominal revenue also rises 45.6x over the window. (2) NO USD VALUATION IS POSSIBLE -- ARS is refused by fx_rates.ABSTAIN_CURRENCIES and absent from carveOut.FX_TO_USD, so an ARS name has no marketCap_usd, sits in no band, and scores NEUTRAL on the size tilt while competing for the same slots. (3) NO PER-NAME CLEARANCE EXISTS -- separating a correctly IAS 29-restated series from a mishandled one needs a restatement-vintage audit this codebase does not perform. EXPLICITLY NOT CLAIMED OF EVERY ARS NAME: CRESY shows NO defect (worst adjacent ratio 5.0x vs BMA's 1,588x; 7.5x nominal rise vs BMA's 45.6x, i.e. BELOW Argentine inflation, which is what correct restatement looks like). CRESY is removed by this rule alone. Panel effect: 2 sources, 48 rows.] [ARS on 24/24 rows]"
stock_CUR3K@844b3eaf1ea2,BMA,2024-04-01,72246.0,4619503159800.0,"currency_excluded [ARS: reports in ARS -- IAS 29 hyperinflation regime, no admitted ARS->USD rate, and this vendor is demonstrably wrong on ARS in this panel | CURRENCY-SCOPED RULE (CEO 2026-08-08): every ARS reporter is removed, whether or not its own series looks damaged. Grounds, measured on the 2026-08-07 CUR3K panel: (1) VENDOR DEFECT, on BMA -- totalAssets 2.325e16 between 2.056e13 and 2.420e13 (961x break) and revenue 1.201e9 between 1.443e12 and 1.907e12 (1,588x break), with marketCap continuous through both, so no market-cap sanity check can see it; BMA's nominal revenue also rises 45.6x over the window. (2) NO USD VALUATION IS POSSIBLE -- ARS is refused by fx_rates.ABSTAIN_CURRENCIES and absent from carveOut.FX_TO_USD, so an ARS name has no marketCap_usd, sits in no band, and scores NEUTRAL on the size tilt while competing for the same slots. (3) NO PER-NAME CLEARANCE EXISTS -- separating a correctly IAS 29-restated series from a mishandled one needs a restatement-vintage audit this codebase does not perform. EXPLICITLY NOT CLAIMED OF EVERY ARS NAME: CRESY shows NO defect (worst adjacent ratio 5.0x vs BMA's 1,588x; 7.5x nominal rise vs BMA's 45.6x, i.e. BELOW Argentine inflation, which is what correct restatement looks like). CRESY is removed by this rule alone. Panel effect: 2 sources, 48 rows.] [ARS on 24/24 rows]"
stock_CUR3K@844b3eaf1ea2,BMA,2024-07-01,79000.0,5051362700000.0,"currency_excluded [ARS: reports in ARS -- IAS 29 hyperinflation regime, no admitted ARS->USD rate, and this vendor is demonstrably wrong on ARS in this panel | CURRENCY-SCOPED RULE (CEO 2026-08-08): every ARS reporter is removed, whether or not its own series looks damaged. Grounds, measured on the 2026-08-07 CUR3K panel: (1) VENDOR DEFECT, on BMA -- totalAssets 2.325e16 between 2.056e13 and 2.420e13 (961x break) and revenue 1.201e9 between 1.443e12 and 1.907e12 (1,588x break), with marketCap continuous through both, so no market-cap sanity check can see it; BMA's nominal revenue also rises 45.6x over the window. (2) NO USD VALUATION IS POSSIBLE -- ARS is refused by fx_rates.ABSTAIN_CURRENCIES and absent from carveOut.FX_TO_USD, so an ARS name has no marketCap_usd, sits in no band, and scores NEUTRAL on the size tilt while competing for the same slots. (3) NO PER-NAME CLEARANCE EXISTS -- separating a correctly IAS 29-restated series from a mishandled one needs a restatement-vintage audit this codebase does not perform. EXPLICITLY NOT CLAIMED OF EVERY ARS NAME: CRESY shows NO defect (worst adjacent ratio 5.0x vs BMA's 1,588x; 7.5x nominal rise vs BMA's 45.6x, i.e. BELOW Argentine inflation, which is what correct restatement looks like). CRESY is removed by this rule alone. Panel effect: 2 sources, 48 rows.] [ARS on 24/24 rows]"
stock_CUR3K@844b3eaf1ea2,BMA,2024-10-01,114500.0,7321278850000.0,"currency_excluded [ARS: reports in ARS -- IAS 29 hyperinflation regime, no admitted ARS->USD rate, and this vendor is demonstrably wrong on ARS in this panel | CURRENCY-SCOPED RULE (CEO 2026-08-08): every ARS reporter is removed, whether or not its own series looks damaged. Grounds, measured on the 2026-08-07 CUR3K panel: (1) VENDOR DEFECT, on BMA -- totalAssets 2.325e16 between 2.056e13 and 2.420e13 (961x break) and revenue 1.201e9 between 1.443e12 and 1.907e12 (1,588x break), with marketCap continuous through both, so no market-cap sanity check can see it; BMA's nominal revenue also rises 45.6x over the window. (2) NO USD VALUATION IS POSSIBLE -- ARS is refused by fx_rates.ABSTAIN_CURRENCIES and absent from carveOut.FX_TO_USD, so an ARS name has no marketCap_usd, sits in no band, and scores NEUTRAL on the size tilt while competing for the same slots. (3) NO PER-NAME CLEARANCE EXISTS -- separating a correctly IAS 29-restated series from a mishandled one needs a restatement-vintage audit this codebase does not perform. EXPLICITLY NOT CLAIMED OF EVERY ARS NAME: CRESY shows NO defect (worst adjacent ratio 5.0x vs BMA's 1,588x; 7.5x nominal rise vs BMA's 45.6x, i.e. BELOW Argentine inflation, which is what correct restatement looks like). CRESY is removed by this rule alone. Panel effect: 2 sources, 48 rows.] [ARS on 24/24 rows]"
stock_CUR3K@844b3eaf1ea2,BMA,2025-01-01,99300.0,6349371090000.0,"currency_excluded [ARS: reports in ARS -- IAS 29 hyperinflation regime, no admitted ARS->USD rate, and this vendor is demonstrably wrong on ARS in this panel | CURRENCY-SCOPED RULE (CEO 2026-08-08): every ARS reporter is removed, whether or not its own series looks damaged. Grounds, measured on the 2026-08-07 CUR3K panel: (1) VENDOR DEFECT, on BMA -- totalAssets 2.325e16 between 2.056e13 and 2.420e13 (961x break) and revenue 1.201e9 between 1.443e12 and 1.907e12 (1,588x break), with marketCap continuous through both, so no market-cap sanity check can see it; BMA's nominal revenue also rises 45.6x over the window. (2) NO USD VALUATION IS POSSIBLE -- ARS is refused by fx_rates.ABSTAIN_CURRENCIES and absent from carveOut.FX_TO_USD, so an ARS name has no marketCap_usd, sits in no band, and scores NEUTRAL on the size tilt while competing for the same slots. (3) NO PER-NAME CLEARANCE EXISTS -- separating a correctly IAS 29-restated series from a mishandled one needs a restatement-vintage audit this codebase does not perform. EXPLICITLY NOT CLAIMED OF EVERY ARS NAME: CRESY shows NO defect (worst adjacent ratio 5.0x vs BMA's 1,588x; 7.5x nominal rise vs BMA's 45.6x, i.e. BELOW Argentine inflation, which is what correct restatement looks like). CRESY is removed by this rule alone. Panel effect: 2 sources, 48 rows.] [ARS on 24/24 rows]"
stock_CUR3K@844b3eaf1ea2,BMA,2025-04-01,84100.0,5377463330000.0,"currency_excluded [ARS: reports in ARS -- IAS 29 hyperinflation regime, no admitted ARS->USD rate, and this vendor is demonstrably wrong on ARS in this panel | CURRENCY-SCOPED RULE (CEO 2026-08-08): every ARS reporter is removed, whether or not its own series looks damaged. Grounds, measured on the 2026-08-07 CUR3K panel: (1) VENDOR DEFECT, on BMA -- totalAssets 2.325e16 between 2.056e13 and 2.420e13 (961x break) and revenue 1.201e9 between 1.443e12 and 1.907e12 (1,588x break), with marketCap continuous through both, so no market-cap sanity check can see it; BMA's nominal revenue also rises 45.6x over the window. (2) NO USD VALUATION IS POSSIBLE -- ARS is refused by fx_rates.ABSTAIN_CURRENCIES and absent from carveOut.FX_TO_USD, so an ARS name has no marketCap_usd, sits in no band, and scores NEUTRAL on the size tilt while competing for the same slots. (3) NO PER-NAME CLEARANCE EXISTS -- separating a correctly IAS 29-restated series from a mishandled one needs a restatement-vintage audit this codebase does not perform. EXPLICITLY NOT CLAIMED OF EVERY ARS NAME: CRESY shows NO defect (worst adjacent ratio 5.0x vs BMA's 1,588x; 7.5x nominal rise vs BMA's 45.6x, i.e. BELOW Argentine inflation, which is what correct restatement looks like). CRESY is removed by this rule alone. Panel effect: 2 sources, 48 rows.] [ARS on 24/24 rows]"
stock_CUR3K@844b3eaf1ea2,BMA,2025-07-01,64450.0,4121016785000.0,"currency_excluded [ARS: reports in ARS -- IAS 29 hyperinflation regime, no admitted ARS->USD rate, and this vendor is demonstrably wrong on ARS in this panel | CURRENCY-SCOPED RULE (CEO 2026-08-08): every ARS reporter is removed, whether or not its own series looks damaged. Grounds, measured on the 2026-08-07 CUR3K panel: (1) VENDOR DEFECT, on BMA -- totalAssets 2.325e16 between 2.056e13 and 2.420e13 (961x break) and revenue 1.201e9 between 1.443e12 and 1.907e12 (1,588x break), with marketCap continuous through both, so no market-cap sanity check can see it; BMA's nominal revenue also rises 45.6x over the window. (2) NO USD VALUATION IS POSSIBLE -- ARS is refused by fx_rates.ABSTAIN_CURRENCIES and absent from carveOut.FX_TO_USD, so an ARS name has no marketCap_usd, sits in no band, and scores NEUTRAL on the size tilt while competing for the same slots. (3) NO PER-NAME CLEARANCE EXISTS -- separating a correctly IAS 29-restated series from a mishandled one needs a restatement-vintage audit this codebase does not perform. EXPLICITLY NOT CLAIMED OF EVERY ARS NAME: CRESY shows NO defect (worst adjacent ratio 5.0x vs BMA's 1,588x; 7.5x nominal rise vs BMA's 45.6x, i.e. BELOW Argentine inflation, which is what correct restatement looks like). CRESY is removed by this rule alone. Panel effect: 2 sources, 48 rows.] [ARS on 24/24 rows]"
stock_CUR3K@844b3eaf1ea2,BMA,2025-10-01,135700.0,8676834410000.0,"currency_excluded [ARS: reports in ARS -- IAS 29 hyperinflation regime, no admitted ARS->USD rate, and this vendor is demonstrably wrong on ARS in this panel | CURRENCY-SCOPED RULE (CEO 2026-08-08): every ARS reporter is removed, whether or not its own series looks damaged. Grounds, measured on the 2026-08-07 CUR3K panel: (1) VENDOR DEFECT, on BMA -- totalAssets 2.325e16 between 2.056e13 and 2.420e13 (961x break) and revenue 1.201e9 between 1.443e12 and 1.907e12 (1,588x break), with marketCap continuous through both, so no market-cap sanity check can see it; BMA's nominal revenue also rises 45.6x over the window. (2) NO USD VALUATION IS POSSIBLE -- ARS is refused by fx_rates.ABSTAIN_CURRENCIES and absent from carveOut.FX_TO_USD, so an ARS name has no marketCap_usd, sits in no band, and scores NEUTRAL on the size tilt while competing for the same slots. (3) NO PER-NAME CLEARANCE EXISTS -- separating a correctly IAS 29-restated series from a mishandled one needs a restatement-vintage audit this codebase does not perform. EXPLICITLY NOT CLAIMED OF EVERY ARS NAME: CRESY shows NO defect (worst adjacent ratio 5.0x vs BMA's 1,588x; 7.5x nominal rise vs BMA's 45.6x, i.e. BELOW Argentine inflation, which is what correct restatement looks like). CRESY is removed by this rule alone. Panel effect: 2 sources, 48 rows.] [ARS on 24/24 rows]"
stock_CUR3K@844b3eaf1ea2,BMA,2026-01-01,114100.0,7295439900000.0,"currency_excluded [ARS: reports in ARS -- IAS 29 hyperinflation regime, no admitted ARS->USD rate, and this vendor is demonstrably wrong on ARS in this panel | CURRENCY-SCOPED RULE (CEO 2026-08-08): every ARS reporter is removed, whether or not its own series looks damaged. Grounds, measured on the 2026-08-07 CUR3K panel: (1) VENDOR DEFECT, on BMA -- totalAssets 2.325e16 between 2.056e13 and 2.420e13 (961x break) and revenue 1.201e9 between 1.443e12 and 1.907e12 (1,588x break), with marketCap continuous through both, so no market-cap sanity check can see it; BMA's nominal revenue also rises 45.6x over the window. (2) NO USD VALUATION IS POSSIBLE -- ARS is refused by fx_rates.ABSTAIN_CURRENCIES and absent from carveOut.FX_TO_USD, so an ARS name has no marketCap_usd, sits in no band, and scores NEUTRAL on the size tilt while competing for the same slots. (3) NO PER-NAME CLEARANCE EXISTS -- separating a correctly IAS 29-restated series from a mishandled one needs a restatement-vintage audit this codebase does not perform. EXPLICITLY NOT CLAIMED OF EVERY ARS NAME: CRESY shows NO defect (worst adjacent ratio 5.0x vs BMA's 1,588x; 7.5x nominal rise vs BMA's 45.6x, i.e. BELOW Argentine inflation, which is what correct restatement looks like). CRESY is removed by this rule alone. Panel effect: 2 sources, 48 rows.] [ARS on 24/24 rows]"
stock_CUR3K@844b3eaf1ea2,CRESY,2020-04-01,306.70000118786794,15837601312.640001,"currency_excluded [ARS: reports in ARS -- IAS 29 hyperinflation regime, no admitted ARS->USD rate, and this vendor is demonstrably wrong on ARS in this panel | CURRENCY-SCOPED RULE (CEO 2026-08-08): every ARS reporter is removed, whether or not its own series looks damaged. Grounds, measured on the 2026-08-07 CUR3K panel: (1) VENDOR DEFECT, on BMA -- totalAssets 2.325e16 between 2.056e13 and 2.420e13 (961x break) and revenue 1.201e9 between 1.443e12 and 1.907e12 (1,588x break), with marketCap continuous through both, so no market-cap sanity check can see it; BMA's nominal revenue also rises 45.6x over the window. (2) NO USD VALUATION IS POSSIBLE -- ARS is refused by fx_rates.ABSTAIN_CURRENCIES and absent from carveOut.FX_TO_USD, so an ARS name has no marketCap_usd, sits in no band, and scores NEUTRAL on the size tilt while competing for the same slots. (3) NO PER-NAME CLEARANCE EXISTS -- separating a correctly IAS 29-restated series from a mishandled one needs a restatement-vintage audit this codebase does not perform. EXPLICITLY NOT CLAIMED OF EVERY ARS NAME: CRESY shows NO defect (worst adjacent ratio 5.0x vs BMA's 1,588x; 7.5x nominal rise vs BMA's 45.6x, i.e. BELOW Argentine inflation, which is what correct restatement looks like). CRESY is removed by this rule alone. Panel effect: 2 sources, 48 rows.] [ARS on 24/24 rows]"
stock_CUR3K@844b3eaf1ea2,CRESY,2020-07-01,388.00000224818405,20088746676.399998,"currency_excluded [ARS: reports in ARS -- IAS 29 hyperinflation regime, no admitted ARS->USD rate, and this vendor is demonstrably wrong on ARS in this panel | CURRENCY-SCOPED RULE (CEO 2026-08-08): every ARS reporter is removed, whether or not its own series looks damaged. Grounds, measured on the 2026-08-07 CUR3K panel: (1) VENDOR DEFECT, on BMA -- totalAssets 2.325e16 between 2.056e13 and 2.420e13 (961x break) and revenue 1.201e9 between 1.443e12 and 1.907e12 (1,588x break), with marketCap continuous through both, so no market-cap sanity check can see it; BMA's nominal revenue also rises 45.6x over the window. (2) NO USD VALUATION IS POSSIBLE -- ARS is refused by fx_rates.ABSTAIN_CURRENCIES and absent from carveOut.FX_TO_USD, so an ARS name has no marketCap_usd, sits in no band, and scores NEUTRAL on the size tilt while competing for the same slots. (3) NO PER-NAME CLEARANCE EXISTS -- separating a correctly IAS 29-restated series from a mishandled one needs a restatement-vintage audit this codebase does not perform. EXPLICITLY NOT CLAIMED OF EVERY ARS NAME: CRESY shows NO defect (worst adjacent ratio 5.0x vs BMA's 1,588x; 7.5x nominal rise vs BMA's 45.6x, i.e. BELOW Argentine inflation, which is what correct restatement looks like). CRESY is removed by this rule alone. Panel effect: 2 sources, 48 rows.] [ARS on 24/24 rows]"
stock_CUR3K@844b3eaf1ea2,CRESY,2020-10-01,624.9000084953697,32176352647.23,"currency_excluded [ARS: reports in ARS -- IAS 29 hyperinflation regime, no admitted ARS->USD rate, and this vendor is demonstrably wrong on ARS in this panel | CURRENCY-SCOPED RULE (CEO 2026-08-08): every ARS reporter is removed, whether or not its own series looks damaged. Grounds, measured on the 2026-08-07 CUR3K panel: (1) VENDOR DEFECT, on BMA -- totalAssets 2.325e16 between 2.056e13 and 2.420e13 (961x break) and revenue 1.201e9 between 1.443e12 and 1.907e12 (1,588x break), with marketCap continuous through both, so no market-cap sanity check can see it; BMA's nominal revenue also rises 45.6x over the window. (2) NO USD VALUATION IS POSSIBLE -- ARS is refused by fx_rates.ABSTAIN_CURRENCIES and absent from carveOut.FX_TO_USD, so an ARS name has no marketCap_usd, sits in no band, and scores NEUTRAL on the size tilt while competing for the same slots. (3) NO PER-NAME CLEARANCE EXISTS -- separating a correctly IAS 29-restated series from a mishandled one needs a restatement-vintage audit this codebase does not perform. EXPLICITLY NOT CLAIMED OF EVERY ARS NAME: CRESY shows NO defect (worst adjacent ratio 5.0x vs BMA's 1,588x; 7.5x nominal rise vs BMA's 45.6x, i.e. BELOW Argentine inflation, which is what correct restatement looks like). CRESY is removed by this rule alone. Panel effect: 2 sources, 48 rows.] [ARS on 24/24 rows]"
stock_CUR3K@844b3eaf1ea2,CRESY,2021-01-01,748.000011024477,45675963181.2,"currency_excluded [ARS: reports in ARS -- IAS 29 hyperinflation regime, no admitted ARS->USD rate, and this vendor is demonstrably wrong on ARS in this panel | CURRENCY-SCOPED RULE (CEO 2026-08-08): every ARS reporter is removed, whether or not its own series looks damaged. Grounds, measured on the 2026-08-07 CUR3K panel: (1) VENDOR DEFECT, on BMA -- totalAssets 2.325e16 between 2.056e13 and 2.420e13 (961x break) and revenue 1.201e9 between 1.443e12 and 1.907e12 (1,588x break), with marketCap continuous through both, so no market-cap sanity check can see it; BMA's nominal revenue also rises 45.6x over the window. (2) NO USD VALUATION IS POSSIBLE -- ARS is refused by fx_rates.ABSTAIN_CURRENCIES and absent from carveOut.FX_TO_USD, so an ARS name has no marketCap_usd, sits in no band, and scores NEUTRAL on the size tilt while competing for the same slots. (3) NO PER-NAME CLEARANCE EXISTS -- separating a correctly IAS 29-restated series from a mishandled one needs a restatement-vintage audit this codebase does not perform. EXPLICITLY NOT CLAIMED OF EVERY ARS NAME: CRESY shows NO defect (worst adjacent ratio 5.0x vs BMA's 1,588x; 7.5x nominal rise vs BMA's 45.6x, i.e. BELOW Argentine inflation, which is what correct restatement looks like). CRESY is removed by this rule alone. Panel effect: 2 sources, 48 rows.] [ARS on 24/24 rows]"
stock_CUR3K@844b3eaf1ea2,CRESY,2021-04-01,983.4000119166905,56807123440.98,"currency_excluded [ARS: reports in ARS -- IAS 29 hyperinflation regime, no admitted ARS->USD rate, and this vendor is demonstrably wrong on ARS in this panel | CURRENCY-SCOPED RULE (CEO 2026-08-08): every ARS reporter is removed, whether or not its own series looks damaged. Grounds, measured on the 2026-08-07 CUR3K panel: (1) VENDOR DEFECT, on BMA -- totalAssets 2.325e16 between 2.056e13 and 2.420e13 (961x break) and revenue 1.201e9 between 1.443e12 and 1.907e12 (1,588x break), with marketCap continuous through both, so no market-cap sanity check can see it; BMA's nominal revenue also rises 45.6x over the window. (2) NO USD VALUATION IS POSSIBLE -- ARS is refused by fx_rates.ABSTAIN_CURRENCIES and absent from carveOut.FX_TO_USD, so an ARS name has no marketCap_usd, sits in no band, and scores NEUTRAL on the size tilt while competing for the same slots. (3) NO PER-NAME CLEARANCE EXISTS -- separating a correctly IAS 29-restated series from a mishandled one needs a restatement-vintage audit this codebase does not perform. EXPLICITLY NOT CLAIMED OF EVERY ARS NAME: CRESY shows NO defect (worst adjacent ratio 5.0x vs BMA's 1,588x; 7.5x nominal rise vs BMA's 45.6x, i.e. BELOW Argentine inflation, which is what correct restatement looks like). CRESY is removed by this rule alone. Panel effect: 2 sources, 48 rows.] [ARS on 24/24 rows]"
stock_CUR3K@844b3eaf1ea2,CRESY,2021-07-01,919.0000060664098,55687699554.600006,"currency_excluded [ARS: reports in ARS -- IAS 29 hyperinflation regime, no admitted ARS->USD rate, and this vendor is demonstrably wrong on ARS in this panel | CURRENCY-SCOPED RULE (CEO 2026-08-08): every ARS reporter is removed, whether or not its own series looks damaged. Grounds, measured on the 2026-08-07 CUR3K panel: (1) VENDOR DEFECT, on BMA -- totalAssets 2.325e16 between 2.056e13 and 2.420e13 (961x break) and revenue 1.201e9 between 1.443e12 and 1.907e12 (1,588x break), with marketCap continuous through both, so no market-cap sanity check can see it; BMA's nominal revenue also rises 45.6x over the window. (2) NO USD VALUATION IS POSSIBLE -- ARS is refused by fx_rates.ABSTAIN_CURRENCIES and absent from carveOut.FX_TO_USD, so an ARS name has no marketCap_usd, sits in no band, and scores NEUTRAL on the size tilt while competing for the same slots. (3) NO PER-NAME CLEARANCE EXISTS -- separating a correctly IAS 29-restated series from a mishandled one needs a restatement-vintage audit this codebase does not perform. EXPLICITLY NOT CLAIMED OF EVERY ARS NAME: CRESY shows NO defect (worst adjacent ratio 5.0x vs BMA's 1,588x; 7.5x nominal rise vs BMA's 45.6x, i.e. BELOW Argentine inflation, which is what correct restatement looks like). CRESY is removed by this rule alone. Panel effect: 2 sources, 48 rows.] [ARS on 24/24 rows]"
stock_CUR3K@844b3eaf1ea2,CRESY,2021-10-01,952.9000015638782,58061966630.590004,"currency_excluded [ARS: reports in ARS -- IAS 29 hyperinflation regime, no admitted ARS->USD rate, and this vendor is demonstrably wrong on ARS in this panel | CURRENCY-SCOPED RULE (CEO 2026-08-08): every ARS reporter is removed, whether or not its own series looks damaged. Grounds, measured on the 2026-08-07 CUR3K panel: (1) VENDOR DEFECT, on BMA -- totalAssets 2.325e16 between 2.056e13 and 2.420e13 (961x break) and revenue 1.201e9 between 1.443e12 and 1.907e12 (1,588x break), with marketCap continuous through both, so no market-cap sanity check can see it; BMA's nominal revenue also rises 45.6x over the window. (2) NO USD VALUATION IS POSSIBLE -- ARS is refused by fx_rates.ABSTAIN_CURRENCIES and absent from carveOut.FX_TO_USD, so an ARS name has no marketCap_usd, sits in no band, and scores NEUTRAL on the size tilt while competing for the same slots. (3) NO PER-NAME CLEARANCE EXISTS -- separating a correctly IAS 29-restated series from a mishandled one needs a restatement-vintage audit this codebase does not perform. EXPLICITLY NOT CLAIMED OF EVERY ARS NAME: CRESY shows NO defect (worst adjacent ratio 5.0x vs BMA's 1,588x; 7.5x nominal rise vs BMA's 45.6x, i.e. BELOW Argentine inflation, which is what correct restatement looks like). CRESY is removed by this rule alone. Panel effect: 2 sources, 48 rows.] [ARS on 24/24 rows]"
stock_CUR3K@844b3eaf1ea2,CRESY,2022-01-01,1515.8000099571395,92301597879.92001,"currency_excluded [ARS: reports in ARS -- IAS 29 hyperinflation regime, no admitted ARS->USD rate, and this vendor is demonstrably wrong on ARS in this panel | CURRENCY-SCOPED RULE (CEO 2026-08-08): every ARS reporter is removed, whether or not its own series looks damaged. Grounds, measured on the 2026-08-07 CUR3K panel: (1) VENDOR DEFECT, on BMA -- totalAssets 2.325e16 between 2.056e13 and 2.420e13 (961x break) and revenue 1.201e9 between 1.443e12 and 1.907e12 (1,588x break), with marketCap continuous through both, so no market-cap sanity check can see it; BMA's nominal revenue also rises 45.6x over the window. (2) NO USD VALUATION IS POSSIBLE -- ARS is refused by fx_rates.ABSTAIN_CURRENCIES and absent from carveOut.FX_TO_USD, so an ARS name has no marketCap_usd, sits in no band, and scores NEUTRAL on the size tilt while competing for the same slots. (3) NO PER-NAME CLEARANCE EXISTS -- separating a correctly IAS 29-restated series from a mishandled one needs a restatement-vintage audit this codebase does not perform. EXPLICITLY NOT CLAIMED OF EVERY ARS NAME: CRESY shows NO defect (worst adjacent ratio 5.0x vs BMA's 1,588x; 7.5x nominal rise vs BMA's 45.6x, i.e. BELOW Argentine inflation, which is what correct restatement looks like). CRESY is removed by this rule alone. Panel effect: 2 sources, 48 rows.] [ARS on 24/24 rows]"
stock_CUR3K@844b3eaf1ea2,CRESY,2022-04-01,1244.1000145315045,85209886741.98,"currency_excluded [ARS: reports in ARS -- IAS 29 hyperinflation regime, no admitted ARS->USD rate, and this vendor is demonstrably wrong on ARS in this panel | CURRENCY-SCOPED RULE (CEO 2026-08-08): every ARS reporter is removed, whether or not its own series looks damaged. Grounds, measured on the 2026-08-07 CUR3K panel: (1) VENDOR DEFECT, on BMA -- totalAssets 2.325e16 between 2.056e13 and 2.420e13 (961x break) and revenue 1.201e9 between 1.443e12 and 1.907e12 (1,588x break), with marketCap continuous through both, so no market-cap sanity check can see it; BMA's nominal revenue also rises 45.6x over the window. (2) NO USD VALUATION IS POSSIBLE -- ARS is refused by fx_rates.ABSTAIN_CURRENCIES and absent from carveOut.FX_TO_USD, so an ARS name has no marketCap_usd, sits in no band, and scores NEUTRAL on the size tilt while competing for the same slots. (3) NO PER-NAME CLEARANCE EXISTS -- separating a correctly IAS 29-restated series from a mishandled one needs a restatement-vintage audit this codebase does not perform. EXPLICITLY NOT CLAIMED OF EVERY ARS NAME: CRESY shows NO defect (worst adjacent ratio 5.0x vs BMA's 1,588x; 7.5x nominal rise vs BMA's 45.6x, i.e. BELOW Argentine inflation, which is what correct restatement looks like). CRESY is removed by this rule alone. Panel effect: 2 sources, 48 rows.] [ARS on 24/24 rows]"
stock_CUR3K@844b3eaf1ea2,CRESY,2022-07-01,1645.7000119112636,113687706787.54999,"currency_excluded [ARS: reports in ARS -- IAS 29 hyperinflation regime, no admitted ARS->USD rate, and this vendor is demonstrably wrong on ARS in this panel | CURRENCY-SCOPED RULE (CEO 2026-08-08): every ARS reporter is removed, whether or not its own series looks damaged. Grounds, measured on the 2026-08-07 CUR3K panel: (1) VENDOR DEFECT, on BMA -- totalAssets 2.325e16 between 2.056e13 and 2.420e13 (961x break) and revenue 1.201e9 between 1.443e12 and 1.907e12 (1,588x break), with marketCap continuous through both, so no market-cap sanity check can see it; BMA's nominal revenue also rises 45.6x over the window. (2) NO USD VALUATION IS POSSIBLE -- ARS is refused by fx_rates.ABSTAIN_CURRENCIES and absent from carveOut.FX_TO_USD, so an ARS name has no marketCap_usd, sits in no band, and scores NEUTRAL on the size tilt while competing for the same slots. (3) NO PER-NAME CLEARANCE EXISTS -- separating a correctly IAS 29-restated series from a mishandled one needs a restatement-vintage audit this codebase does not perform. EXPLICITLY NOT CLAIMED OF EVERY ARS NAME: CRESY shows NO defect (worst adjacent ratio 5.0x vs BMA's 1,588x; 7.5x nominal rise vs BMA's 45.6x, i.e. BELOW Argentine inflation, which is what correct restatement looks like). CRESY is removed by this rule alone. Panel effect: 2 sources, 48 rows.] [ARS on 24/24 rows]"
stock_CUR3K@844b3eaf1ea2,CRESY,2022-10-01,2257.5000267484547,133368990672.75,"currency_excluded [ARS: reports in ARS -- IAS 29 hyperinflation regime, no admitted ARS->USD rate, and this vendor is demonstrably wrong on ARS in this panel | CURRENCY-SCOPED RULE (CEO 2026-08-08): every ARS reporter is removed, whether or not its own series looks damaged. Grounds, measured on the 2026-08-07 CUR3K panel: (1) VENDOR DEFECT, on BMA -- totalAssets 2.325e16 between 2.056e13 and 2.420e13 (961x break) and revenue 1.201e9 between 1.443e12 and 1.907e12 (1,588x break), with marketCap continuous through both, so no market-cap sanity check can see it; BMA's nominal revenue also rises 45.6x over the window. (2) NO USD VALUATION IS POSSIBLE -- ARS is refused by fx_rates.ABSTAIN_CURRENCIES and absent from carveOut.FX_TO_USD, so an ARS name has no marketCap_usd, sits in no band, and scores NEUTRAL on the size tilt while competing for the same slots. (3) NO PER-NAME CLEARANCE EXISTS -- separating a correctly IAS 29-restated series from a mishandled one needs a restatement-vintage audit this codebase does not perform. EXPLICITLY NOT CLAIMED OF EVERY ARS NAME: CRESY shows NO defect (worst adjacent ratio 5.0x vs BMA's 1,588x; 7.5x nominal rise vs BMA's 45.6x, i.e. BELOW Argentine inflation, which is what correct restatement looks like). CRESY is removed by this rule alone. Panel effect: 2 sources, 48 rows.] [ARS on 24/24 rows]"
stock_CUR3K@844b3eaf1ea2,CRESY,2023-01-01,2502.6000041640696,150405917394.06,"currency_excluded [ARS: reports in ARS -- IAS 29 hyperinflation regime, no admitted ARS->USD rate, and this vendor is demonstrably wrong on ARS in this panel | CURRENCY-SCOPED RULE (CEO 2026-08-08): every ARS reporter is removed, whether or not its own series looks damaged. Grounds, measured on the 2026-08-07 CUR3K panel: (1) VENDOR DEFECT, on BMA -- totalAssets 2.325e16 between 2.056e13 and 2.420e13 (961x break) and revenue 1.201e9 between 1.443e12 and 1.907e12 (1,588x break), with marketCap continuous through both, so no market-cap sanity check can see it; BMA's nominal revenue also rises 45.6x over the window. (2) NO USD VALUATION IS POSSIBLE -- ARS is refused by fx_rates.ABSTAIN_CURRENCIES and absent from carveOut.FX_TO_USD, so an ARS name has no marketCap_usd, sits in no band, and scores NEUTRAL on the size tilt while competing for the same slots. (3) NO PER-NAME CLEARANCE EXISTS -- separating a correctly IAS 29-restated series from a mishandled one needs a restatement-vintage audit this codebase does not perform. EXPLICITLY NOT CLAIMED OF EVERY ARS NAME: CRESY shows NO defect (worst adjacent ratio 5.0x vs BMA's 1,588x; 7.5x nominal rise vs BMA's 45.6x, i.e. BELOW Argentine inflation, which is what correct restatement looks like). CRESY is removed by this rule alone. Panel effect: 2 sources, 48 rows.] [ARS on 24/24 rows]"
stock_CUR3K@844b3eaf1ea2,CRESY,2023-04-01,3973.8000426760764,259015390319.46,"currency_excluded [ARS: reports in ARS -- IAS 29 hyperinflation regime, no admitted ARS->USD rate, and this vendor is demonstrably wrong on ARS in this panel | CURRENCY-SCOPED RULE (CEO 2026-08-08): every ARS reporter is removed, whether or not its own series looks damaged. Grounds, measured on the 2026-08-07 CUR3K panel: (1) VENDOR DEFECT, on BMA -- totalAssets 2.325e16 between 2.056e13 and 2.420e13 (961x break) and revenue 1.201e9 between 1.443e12 and 1.907e12 (1,588x break), with marketCap continuous through both, so no market-cap sanity check can see it; BMA's nominal revenue also rises 45.6x over the window. (2) NO USD VALUATION IS POSSIBLE -- ARS is refused by fx_rates.ABSTAIN_CURRENCIES and absent from carveOut.FX_TO_USD, so an ARS name has no marketCap_usd, sits in no band, and scores NEUTRAL on the size tilt while competing for the same slots. (3) NO PER-NAME CLEARANCE EXISTS -- separating a correctly IAS 29-restated series from a mishandled one needs a restatement-vintage audit this codebase does not perform. EXPLICITLY NOT CLAIMED OF EVERY ARS NAME: CRESY shows NO defect (worst adjacent ratio 5.0x vs BMA's 1,588x; 7.5x nominal rise vs BMA's 45.6x, i.e. BELOW Argentine inflation, which is what correct restatement looks like). CRESY is removed by this rule alone. Panel effect: 2 sources, 48 rows.] [ARS on 24/24 rows]"
stock_CUR3K@844b3eaf1ea2,CRESY,2023-07-01,5504.300041536095,437652868468.07996,"currency_excluded [ARS: reports in ARS -- IAS 29 hyperinflation regime, no admitted ARS->USD rate, and this vendor is demonstrably wrong on ARS in this panel | CURRENCY-SCOPED RULE (CEO 2026-08-08): every ARS reporter is removed, whether or not its own series looks damaged. Grounds, measured on the 2026-08-07 CUR3K panel: (1) VENDOR DEFECT, on BMA -- totalAssets 2.325e16 between 2.056e13 and 2.420e13 (961x break) and revenue 1.201e9 between 1.443e12 and 1.907e12 (1,588x break), with marketCap continuous through both, so no market-cap sanity check can see it; BMA's nominal revenue also rises 45.6x over the window. (2) NO USD VALUATION IS POSSIBLE -- ARS is refused by fx_rates.ABSTAIN_CURRENCIES and absent from carveOut.FX_TO_USD, so an ARS name has no marketCap_usd, sits in no band, and scores NEUTRAL on the size tilt while competing for the same slots. (3) NO PER-NAME CLEARANCE EXISTS -- separating a correctly IAS 29-restated series from a mishandled one needs a restatement-vintage audit this codebase does not perform. EXPLICITLY NOT CLAIMED OF EVERY ARS NAME: CRESY shows NO defect (worst adjacent ratio 5.0x vs BMA's 1,588x; 7.5x nominal rise vs BMA's 45.6x, i.e. BELOW Argentine inflation, which is what correct restatement looks like). CRESY is removed by this rule alone. Panel effect: 2 sources, 48 rows.] [ARS on 24/24 rows]"
stock_CUR3K@844b3eaf1ea2,CRESY,2023-10-01,9305.5,559285674850.0,"currency_excluded [ARS: reports in ARS -- IAS 29 hyperinflation regime, no admitted ARS->USD rate, and this vendor is demonstrably wrong on ARS in this panel | CURRENCY-SCOPED RULE (CEO 2026-08-08): every ARS reporter is removed, whether or not its own series looks damaged. Grounds, measured on the 2026-08-07 CUR3K panel: (1) VENDOR DEFECT, on BMA -- totalAssets 2.325e16 between 2.056e13 and 2.420e13 (961x break) and revenue 1.201e9 between 1.443e12 and 1.907e12 (1,588x break), with marketCap continuous through both, so no market-cap sanity check can see it; BMA's nominal revenue also rises 45.6x over the window. (2) NO USD VALUATION IS POSSIBLE -- ARS is refused by fx_rates.ABSTAIN_CURRENCIES and absent from carveOut.FX_TO_USD, so an ARS name has no marketCap_usd, sits in no band, and scores NEUTRAL on the size tilt while competing for the same slots. (3) NO PER-NAME CLEARANCE EXISTS -- separating a correctly IAS 29-restated series from a mishandled one needs a restatement-vintage audit this codebase does not perform. EXPLICITLY NOT CLAIMED OF EVERY ARS NAME: CRESY shows NO defect (worst adjacent ratio 5.0x vs BMA's 1,588x; 7.5x nominal rise vs BMA's 45.6x, i.e. BELOW Argentine inflation, which is what correct restatement looks like). CRESY is removed by this rule alone. Panel effect: 2 sources, 48 rows.] [ARS on 24/24 rows]"
stock_CUR3K@844b3eaf1ea2,CRESY,2024-01-01,9672.5,568972238250.0,"currency_excluded [ARS: reports in ARS -- IAS 29 hyperinflation regime, no admitted ARS->USD rate, and this vendor is demonstrably wrong on ARS in this panel | CURRENCY-SCOPED RULE (CEO 2026-08-08): every ARS reporter is removed, whether or not its own series looks damaged. Grounds, measured on the 2026-08-07 CUR3K panel: (1) VENDOR DEFECT, on BMA -- totalAssets 2.325e16 between 2.056e13 and 2.420e13 (961x break) and revenue 1.201e9 between 1.443e12 and 1.907e12 (1,588x break), with marketCap continuous through both, so no market-cap sanity check can see it; BMA's nominal revenue also rises 45.6x over the window. (2) NO USD VALUATION IS POSSIBLE -- ARS is refused by fx_rates.ABSTAIN_CURRENCIES and absent from carveOut.FX_TO_USD, so an ARS name has no marketCap_usd, sits in no band, and scores NEUTRAL on the size tilt while competing for the same slots. (3) NO PER-NAME CLEARANCE EXISTS -- separating a correctly IAS 29-restated series from a mishandled one needs a restatement-vintage audit this codebase does not perform. EXPLICITLY NOT CLAIMED OF EVERY ARS NAME: CRESY shows NO defect (worst adjacent ratio 5.0x vs BMA's 1,588x; 7.5x nominal rise vs BMA's 45.6x, i.e. BELOW Argentine inflation, which is what correct restatement looks like). CRESY is removed by this rule alone. Panel effect: 2 sources, 48 rows.] [ARS on 24/24 rows]"
stock_CUR3K@844b3eaf1ea2,CRESY,2024-04-01,11088.0,784387296000.0,"currency_excluded [ARS: reports in ARS -- IAS 29 hyperinflation regime, no admitted ARS->USD rate, and this vendor is demonstrably wrong on ARS in this panel | CURRENCY-SCOPED RULE (CEO 2026-08-08): every ARS reporter is removed, whether or not its own series looks damaged. Grounds, measured on the 2026-08-07 CUR3K panel: (1) VENDOR DEFECT, on BMA -- totalAssets 2.325e16 between 2.056e13 and 2.420e13 (961x break) and revenue 1.201e9 between 1.443e12 and 1.907e12 (1,588x break), with marketCap continuous through both, so no market-cap sanity check can see it; BMA's nominal revenue also rises 45.6x over the window. (2) NO USD VALUATION IS POSSIBLE -- ARS is refused by fx_rates.ABSTAIN_CURRENCIES and absent from carveOut.FX_TO_USD, so an ARS name has no marketCap_usd, sits in no band, and scores NEUTRAL on the size tilt while competing for the same slots. (3) NO PER-NAME CLEARANCE EXISTS -- separating a correctly IAS 29-restated series from a mishandled one needs a restatement-vintage audit this codebase does not perform. EXPLICITLY NOT CLAIMED OF EVERY ARS NAME: CRESY shows NO defect (worst adjacent ratio 5.0x vs BMA's 1,588x; 7.5x nominal rise vs BMA's 45.6x, i.e. BELOW Argentine inflation, which is what correct restatement looks like). CRESY is removed by this rule alone. Panel effect: 2 sources, 48 rows.] [ARS on 24/24 rows]"
stock_CUR3K@844b3eaf1ea2,CRESY,2024-07-01,10750.0,641521300000.0,"currency_excluded [ARS: reports in ARS -- IAS 29 hyperinflation regime, no admitted ARS->USD rate, and this vendor is demonstrably wrong on ARS in this panel | CURRENCY-SCOPED RULE (CEO 2026-08-08): every ARS reporter is removed, whether or not its own series looks damaged. Grounds, measured on the 2026-08-07 CUR3K panel: (1) VENDOR DEFECT, on BMA -- totalAssets 2.325e16 between 2.056e13 and 2.420e13 (961x break) and revenue 1.201e9 between 1.443e12 and 1.907e12 (1,588x break), with marketCap continuous through both, so no market-cap sanity check can see it; BMA's nominal revenue also rises 45.6x over the window. (2) NO USD VALUATION IS POSSIBLE -- ARS is refused by fx_rates.ABSTAIN_CURRENCIES and absent from carveOut.FX_TO_USD, so an ARS name has no marketCap_usd, sits in no band, and scores NEUTRAL on the size tilt while competing for the same slots. (3) NO PER-NAME CLEARANCE EXISTS -- separating a correctly IAS 29-restated series from a mishandled one needs a restatement-vintage audit this codebase does not perform. EXPLICITLY NOT CLAIMED OF EVERY ARS NAME: CRESY shows NO defect (worst adjacent ratio 5.0x vs BMA's 1,588x; 7.5x nominal rise vs BMA's 45.6x, i.e. BELOW Argentine inflation, which is what correct restatement looks like). CRESY is removed by this rule alone. Panel effect: 2 sources, 48 rows.] [ARS on 24/24 rows]"
stock_CUR3K@844b3eaf1ea2,CRESY,2024-10-01,14950.0,891028970000.0,"currency_excluded [ARS: reports in ARS -- IAS 29 hyperinflation regime, no admitted ARS->USD rate, and this vendor is demonstrably wrong on ARS in this panel | CURRENCY-SCOPED RULE (CEO 2026-08-08): every ARS reporter is removed, whether or not its own series looks damaged. Grounds, measured on the 2026-08-07 CUR3K panel: (1) VENDOR DEFECT, on BMA -- totalAssets 2.325e16 between 2.056e13 and 2.420e13 (961x break) and revenue 1.201e9 between 1.443e12 and 1.907e12 (1,588x break), with marketCap continuous through both, so no market-cap sanity check can see it; BMA's nominal revenue also rises 45.6x over the window. (2) NO USD VALUATION IS POSSIBLE -- ARS is refused by fx_rates.ABSTAIN_CURRENCIES and absent from carveOut.FX_TO_USD, so an ARS name has no marketCap_usd, sits in no band, and scores NEUTRAL on the size tilt while competing for the same slots. (3) NO PER-NAME CLEARANCE EXISTS -- separating a correctly IAS 29-restated series from a mishandled one needs a restatement-vintage audit this codebase does not perform. EXPLICITLY NOT CLAIMED OF EVERY ARS NAME: CRESY shows NO defect (worst adjacent ratio 5.0x vs BMA's 1,588x; 7.5x nominal rise vs BMA's 45.6x, i.e. BELOW Argentine inflation, which is what correct restatement looks like). CRESY is removed by this rule alone. Panel effect: 2 sources, 48 rows.] [ARS on 24/24 rows]"
stock_CUR3K@844b3eaf1ea2,CRESY,2025-01-01,14550.0,871038660000.0,"currency_excluded [ARS: reports in ARS -- IAS 29 hyperinflation regime, no admitted ARS->USD rate, and this vendor is demonstrably wrong on ARS in this panel | CURRENCY-SCOPED RULE (CEO 2026-08-08): every ARS reporter is removed, whether or not its own series looks damaged. Grounds, measured on the 2026-08-07 CUR3K panel: (1) VENDOR DEFECT, on BMA -- totalAssets 2.325e16 between 2.056e13 and 2.420e13 (961x break) and revenue 1.201e9 between 1.443e12 and 1.907e12 (1,588x break), with marketCap continuous through both, so no market-cap sanity check can see it; BMA's nominal revenue also rises 45.6x over the window. (2) NO USD VALUATION IS POSSIBLE -- ARS is refused by fx_rates.ABSTAIN_CURRENCIES and absent from carveOut.FX_TO_USD, so an ARS name has no marketCap_usd, sits in no band, and scores NEUTRAL on the size tilt while competing for the same slots. (3) NO PER-NAME CLEARANCE EXISTS -- separating a correctly IAS 29-restated series from a mishandled one needs a restatement-vintage audit this codebase does not perform. EXPLICITLY NOT CLAIMED OF EVERY ARS NAME: CRESY shows NO defect (worst adjacent ratio 5.0x vs BMA's 1,588x; 7.5x nominal rise vs BMA's 45.6x, i.e. BELOW Argentine inflation, which is what correct restatement looks like). CRESY is removed by this rule alone. Panel effect: 2 sources, 48 rows.] [ARS on 24/24 rows]"
stock_CUR3K@844b3eaf1ea2,CRESY,2025-04-01,11630.021878063386,701158900000.0,"currency_excluded [ARS: reports in ARS -- IAS 29 hyperinflation regime, no admitted ARS->USD rate, and this vendor is demonstrably wrong on ARS in this panel | CURRENCY-SCOPED RULE (CEO 2026-08-08): every ARS reporter is removed, whether or not its own series looks damaged. Grounds, measured on the 2026-08-07 CUR3K panel: (1) VENDOR DEFECT, on BMA -- totalAssets 2.325e16 between 2.056e13 and 2.420e13 (961x break) and revenue 1.201e9 between 1.443e12 and 1.907e12 (1,588x break), with marketCap continuous through both, so no market-cap sanity check can see it; BMA's nominal revenue also rises 45.6x over the window. (2) NO USD VALUATION IS POSSIBLE -- ARS is refused by fx_rates.ABSTAIN_CURRENCIES and absent from carveOut.FX_TO_USD, so an ARS name has no marketCap_usd, sits in no band, and scores NEUTRAL on the size tilt while competing for the same slots. (3) NO PER-NAME CLEARANCE EXISTS -- separating a correctly IAS 29-restated series from a mishandled one needs a restatement-vintage audit this codebase does not perform. EXPLICITLY NOT CLAIMED OF EVERY ARS NAME: CRESY shows NO defect (worst adjacent ratio 5.0x vs BMA's 1,588x; 7.5x nominal rise vs BMA's 45.6x, i.e. BELOW Argentine inflation, which is what correct restatement looks like). CRESY is removed by this rule alone. Panel effect: 2 sources, 48 rows.] [ARS on 24/24 rows]"
stock_CUR3K@844b3eaf1ea2,CRESY,2025-07-01,15756.304562185407,885245913000.0,"currency_excluded [ARS: reports in ARS -- IAS 29 hyperinflation regime, no admitted ARS->USD rate, and this vendor is demonstrably wrong on ARS in this panel | CURRENCY-SCOPED RULE (CEO 2026-08-08): every ARS reporter is removed, whether or not its own series looks damaged. Grounds, measured on the 2026-08-07 CUR3K panel: (1) VENDOR DEFECT, on BMA -- totalAssets 2.325e16 between 2.056e13 and 2.420e13 (961x break) and revenue 1.201e9 between 1.443e12 and 1.907e12 (1,588x break), with marketCap continuous through both, so no market-cap sanity check can see it; BMA's nominal revenue also rises 45.6x over the window. (2) NO USD VALUATION IS POSSIBLE -- ARS is refused by fx_rates.ABSTAIN_CURRENCIES and absent from carveOut.FX_TO_USD, so an ARS name has no marketCap_usd, sits in no band, and scores NEUTRAL on the size tilt while competing for the same slots. (3) NO PER-NAME CLEARANCE EXISTS -- separating a correctly IAS 29-restated series from a mishandled one needs a restatement-vintage audit this codebase does not perform. EXPLICITLY NOT CLAIMED OF EVERY ARS NAME: CRESY shows NO defect (worst adjacent ratio 5.0x vs BMA's 1,588x; 7.5x nominal rise vs BMA's 45.6x, i.e. BELOW Argentine inflation, which is what correct restatement looks like). CRESY is removed by this rule alone. Panel effect: 2 sources, 48 rows.] [ARS on 24/24 rows]"
stock_CUR3K@844b3eaf1ea2,CRESY,2025-10-01,18496.19315536839,1199925734000.0,"currency_excluded [ARS: reports in ARS -- IAS 29 hyperinflation regime, no admitted ARS->USD rate, and this vendor is demonstrably wrong on ARS in this panel | CURRENCY-SCOPED RULE (CEO 2026-08-08): every ARS reporter is removed, whether or not its own series looks damaged. Grounds, measured on the 2026-08-07 CUR3K panel: (1) VENDOR DEFECT, on BMA -- totalAssets 2.325e16 between 2.056e13 and 2.420e13 (961x break) and revenue 1.201e9 between 1.443e12 and 1.907e12 (1,588x break), with marketCap continuous through both, so no market-cap sanity check can see it; BMA's nominal revenue also rises 45.6x over the window. (2) NO USD VALUATION IS POSSIBLE -- ARS is refused by fx_rates.ABSTAIN_CURRENCIES and absent from carveOut.FX_TO_USD, so an ARS name has no marketCap_usd, sits in no band, and scores NEUTRAL on the size tilt while competing for the same slots. (3) NO PER-NAME CLEARANCE EXISTS -- separating a correctly IAS 29-restated series from a mishandled one needs a restatement-vintage audit this codebase does not perform. EXPLICITLY NOT CLAIMED OF EVERY ARS NAME: CRESY shows NO defect (worst adjacent ratio 5.0x vs BMA's 1,588x; 7.5x nominal rise vs BMA's 45.6x, i.e. BELOW Argentine inflation, which is what correct restatement looks like). CRESY is removed by this rule alone. Panel effect: 2 sources, 48 rows.] [ARS on 24/24 rows]"
stock_CUR3K@844b3eaf1ea2,CRESY,2026-01-01,18720.0,1198723968000.0,"currency_excluded [ARS: reports in ARS -- IAS 29 hyperinflation regime, no admitted ARS->USD rate, and this vendor is demonstrably wrong on ARS in this panel | CURRENCY-SCOPED RULE (CEO 2026-08-08): every ARS reporter is removed, whether or not its own series looks damaged. Grounds, measured on the 2026-08-07 CUR3K panel: (1) VENDOR DEFECT, on BMA -- totalAssets 2.325e16 between 2.056e13 and 2.420e13 (961x break) and revenue 1.201e9 between 1.443e12 and 1.907e12 (1,588x break), with marketCap continuous through both, so no market-cap sanity check can see it; BMA's nominal revenue also rises 45.6x over the window. (2) NO USD VALUATION IS POSSIBLE -- ARS is refused by fx_rates.ABSTAIN_CURRENCIES and absent from carveOut.FX_TO_USD, so an ARS name has no marketCap_usd, sits in no band, and scores NEUTRAL on the size tilt while competing for the same slots. (3) NO PER-NAME CLEARANCE EXISTS -- separating a correctly IAS 29-restated series from a mishandled one needs a restatement-vintage audit this codebase does not perform. EXPLICITLY NOT CLAIMED OF EVERY ARS NAME: CRESY shows NO defect (worst adjacent ratio 5.0x vs BMA's 1,588x; 7.5x nominal rise vs BMA's 45.6x, i.e. BELOW Argentine inflation, which is what correct restatement looks like). CRESY is removed by this rule alone. Panel effect: 2 sources, 48 rows.] [ARS on 24/24 rows]"
stock_CUR3K@844b3eaf1ea2,001230.KS,2020-04-01,1060.0,47901972400.0,data_before_corruption (corruption at 2023-10-01)
stock_CUR3K@844b3eaf1ea2,001230.KS,2020-07-01,1268.0,57301604720.0,data_before_corruption (corruption at 2023-10-01)
stock_CUR3K@844b3eaf1ea2,001230.KS,2020-10-01,1624.0,73389436960.0,data_before_corruption (corruption at 2023-10-01)
stock_CUR3K@844b3eaf1ea2,001230.KS,2021-01-01,2730.0,123370174200.0,data_before_corruption (corruption at 2023-10-01)
stock_CUR3K@844b3eaf1ea2,001230.KS,2021-04-01,4440.0,200645997600.0,data_before_corruption (corruption at 2023-10-01)
stock_CUR3K@844b3eaf1ea2,001230.KS,2021-07-01,3670.0,165849281800.0,data_before_corruption (corruption at 2023-10-01)
stock_CUR3K@844b3eaf1ea2,001230.KS,2021-10-01,3180.0,143705917200.0,data_before_corruption (corruption at 2023-10-01)
stock_CUR3K@844b3eaf1ea2,001230.KS,2022-01-01,3350.0,151388309000.0,data_before_corruption (corruption at 2023-10-01)
stock_CUR3K@844b3eaf1ea2,001230.KS,2022-04-01,2570.0,116139687800.0,data_before_corruption (corruption at 2023-10-01)
stock_CUR3K@844b3eaf1ea2,001230.KS,2022-07-01,2160.0,97611566400.0,data_before_corruption (corruption at 2023-10-01)
stock_CUR3K@844b3eaf1ea2,001230.KS,2022-10-01,2150.0,97159661000.0,data_before_corruption (corruption at 2023-10-01)
stock_CUR3K@844b3eaf1ea2,001230.KS,2023-01-01,2440.0,110264917600.0,data_before_corruption (corruption at 2023-10-01)
stock_CUR3K@844b3eaf1ea2,001230.KS,2023-04-01,3484.0,157443841360.0,data_before_corruption (corruption at 2023-10-01)
stock_CUR3K@844b3eaf1ea2,001230.KS,2023-07-01,2130.0,96255850200.0,data_before_corruption (corruption at 2023-10-01)
stock_CUR3K@844b3eaf1ea2,001230.KS,2023-10-01,1740.0,78632696700.0,data_before_corruption (corruption at 2023-10-01)
stock_CUR3K@844b3eaf1ea2,0A4V.L,2020-04-01,1010.013452771785,10767753.42,data_before_corruption (corruption at 2026-01-01)
stock_CUR3K@844b3eaf1ea2,0A4V.L,2020-07-01,2602.704015200073,28424130.55,data_before_corruption (corruption at 2026-01-01)
stock_CUR3K@844b3eaf1ea2,0A4V.L,2020-10-01,2300.077712274527,26140383.2,data_before_corruption (corruption at 2026-01-01)
stock_CUR3K@844b3eaf1ea2,0A4V.L,2021-01-01,3.4099134525468986,41380350.0,data_before_corruption (corruption at 2026-01-01)
stock_CUR3K@844b3eaf1ea2,0A4V.L,2021-04-01,4.400064972796828,57807200.00000001,data_before_corruption (corruption at 2026-01-01)
stock_CUR3K@844b3eaf1ea2,0A4V.L,2021-07-01,2.5380747340471657,34245750.0,data_before_corruption (corruption at 2026-01-01)
stock_CUR3K@844b3eaf1ea2,0A4V.L,2021-10-01,2.79,37644928.74,data_before_corruption (corruption at 2026-01-01)
stock_CUR3K@844b3eaf1ea2,0A4V.L,2022-01-01,3.0100432778771147,40613930.0,data_before_corruption (corruption at 2026-01-01)
stock_CUR3K@844b3eaf1ea2,0A4V.L,2022-04-01,1.699979521122812,24837000.0,data_before_corruption (corruption at 2026-01-01)
stock_CUR3K@844b3eaf1ea2,0A4V.L,2022-07-01,2.5599567968716306,38225920.0,data_before_corruption (corruption at 2026-01-01)
stock_CUR3K@844b3eaf1ea2,0A4V.L,2022-10-01,2.16,32334945.12,data_before_corruption (corruption at 2026-01-01)
stock_CUR3K@844b3eaf1ea2,0A4V.L,2023-01-01,4.250055750027435,66419000.0,data_before_corruption (corruption at 2026-01-01)
stock_CUR3K@844b3eaf1ea2,0A4V.L,2023-04-01,2.779978358386102,47852140.0,data_before_corruption (corruption at 2026-01-01)
stock_CUR3K@844b3eaf1ea2,0A4V.L,2023-07-01,2.26,38917618.099999994,data_before_corruption (corruption at 2026-01-01)
stock_CUR3K@844b3eaf1ea2,0A4V.L,2023-10-01,1.78,30651929.3,data_before_corruption (corruption at 2026-01-01)
stock_CUR3K@844b3eaf1ea2,0A4V.L,2024-01-01,1.25,21739517.5,data_before_corruption (corruption at 2026-01-01)
stock_CUR3K@844b3eaf1ea2,0A4V.L,2024-04-01,1.2800135159817352,22425836.8,data_before_corruption (corruption at 2026-01-01)
stock_CUR3K@844b3eaf1ea2,0A4V.L,2024-07-01,0.9534119601276245,18045600.0,data_before_corruption (corruption at 2026-01-01)
stock_CUR3K@844b3eaf1ea2,0A4V.L,2024-10-01,0.8999814554463135,17034300.0,data_before_corruption (corruption at 2026-01-01)
stock_CUR3K@844b3eaf1ea2,0A4V.L,2025-01-01,0.92,17537398.8,data_before_corruption (corruption at 2026-01-01)
stock_CUR3K@844b3eaf1ea2,0A4V.L,2025-04-01,0.72,13735720.799999999,data_before_corruption (corruption at 2026-01-01)
stock_CUR3K@844b3eaf1ea2,0A4V.L,2025-07-01,0.71,13663390.52,data_before_corruption (corruption at 2026-01-01)
stock_CUR3K@844b3eaf1ea2,0A4V.L,2025-10-01,0.66,13181788.620000001,data_before_corruption (corruption at 2026-01-01)
stock_CUR3K@844b3eaf1ea2,0A4V.L,2026-01-01,0.74,16652324.34,data_before_corruption (corruption at 2026-01-01)
stock_CUR3K@844b3eaf1ea2,0F6L.L,2014-10-01,24.359477804141065,2823840650.9670405,data_before_corruption (corruption at 2016-04-01)
stock_CUR3K@844b3eaf1ea2,0F6L.L,2015-04-01,7.819711183088416,906611590.538685,data_before_corruption (corruption at 2016-04-01)
stock_CUR3K@844b3eaf1ea2,0F6L.L,2015-10-01,3.2263703999999995,394200887.60091597,data_before_corruption (corruption at 2016-04-01)
stock_CUR3K@844b3eaf1ea2,0F6L.L,2016-04-01,0.0,0.0,data_before_corruption (corruption at 2016-04-01)
stock_CUR3K@844b3eaf1ea2,0FRI.L,2014-04-01,0.0,0.0,data_before_corruption (corruption at 2016-10-01)
stock_CUR3K@844b3eaf1ea2,0FRI.L,2014-10-01,0.0,0.0,data_before_corruption (corruption at 2016-10-01)
stock_CUR3K@844b3eaf1ea2,0FRI.L,2015-04-01,0.0,0.0,data_before_corruption (corruption at 2016-10-01)
stock_CUR3K@844b3eaf1ea2,0FRI.L,2015-10-01,0.0,0.0,data_before_corruption (corruption at 2016-10-01)
stock_CUR3K@844b3eaf1ea2,0FRI.L,2016-04-01,0.0,0.0,data_before_corruption (corruption at 2016-10-01)
stock_CUR3K@844b3eaf1ea2,0FRI.L,2016-10-01,0.0,0.0,data_before_corruption (corruption at 2016-10-01)
stock_CUR3K@844b3eaf1ea2,0QK3.L,2014-10-01,,,data_before_corruption (corruption at 2024-10-01)
stock_CUR3K@844b3eaf1ea2,0QK3.L,2015-04-01,,,data_before_corruption (corruption at 2024-10-01)
stock_CUR3K@844b3eaf1ea2,0QK3.L,2015-10-01,,,data_before_corruption (corruption at 2024-10-01)
stock_CUR3K@844b3eaf1ea2,0QK3.L,2016-04-01,,,data_before_corruption (corruption at 2024-10-01)
stock_CUR3K@844b3eaf1ea2,0QK3.L,2016-10-01,,,data_before_corruption (corruption at 2024-10-01)
stock_CUR3K@844b3eaf1ea2,0QK3.L,2017-04-01,0.0,0.0,data_before_corruption (corruption at 2024-10-01)
stock_CUR3K@844b3eaf1ea2,0QK3.L,2017-10-01,0.0,0.0,data_before_corruption (corruption at 2024-10-01)
stock_CUR3K@844b3eaf1ea2,0QK3.L,2018-04-01,0.0,0.0,data_before_corruption (corruption at 2024-10-01)
stock_CUR3K@844b3eaf1ea2,0QK3.L,2018-10-01,0.0,0.0,data_before_corruption (corruption at 2024-10-01)
stock_CUR3K@844b3eaf1ea2,0QK3.L,2019-04-01,0.0,0.0,data_before_corruption (corruption at 2024-10-01)
stock_CUR3K@844b3eaf1ea2,0QK3.L,2019-10-01,0.0,0.0,data_before_corruption (corruption at 2024-10-01)
stock_CUR3K@844b3eaf1ea2,0QK3.L,2020-04-01,28.057567289905432,1455574347.81,data_before_corruption (corruption at 2024-10-01)
stock_CUR3K@844b3eaf1ea2,0QK3.L,2020-10-01,53.79177471666108,3497138453.06,data_before_corruption (corruption at 2024-10-01)
stock_CUR3K@844b3eaf1ea2,0QK3.L,2021-04-01,54.8,4643391909.2,data_before_corruption (corruption at 2024-10-01)
stock_CUR3K@844b3eaf1ea2,0QK3.L,2021-10-01,45.12527412226442,4098975528.9,data_before_corruption (corruption at 2024-10-01)
stock_CUR3K@844b3eaf1ea2,0QK3.L,2022-04-01,30.24505859502901,2801647504.36,data_before_corruption (corruption at 2024-10-01)
stock_CUR3K@844b3eaf1ea2,0QK3.L,2022-10-01,36.45046296386477,3473052308.2599998,data_before_corruption (corruption at 2024-10-01)
stock_CUR3K@844b3eaf1ea2,0QK3.L,2023-04-01,40.76,4891200000.0,data_before_corruption (corruption at 2024-10-01)
stock_CUR3K@844b3eaf1ea2,0QK3.L,2023-10-01,31.480635329947585,4975138912.88,data_before_corruption (corruption at 2024-10-01)
stock_CUR3K@844b3eaf1ea2,0QK3.L,2024-04-01,31.115000054113043,5111750000.0,data_before_corruption (corruption at 2024-10-01)
stock_CUR3K@844b3eaf1ea2,0QK3.L,2024-10-01,0.0,0.0,data_before_corruption (corruption at 2024-10-01)
stock_CUR3K@844b3eaf1ea2,0QKP.L,2014-04-01,0.0,0.0,data_before_corruption (corruption at 2018-10-01)
stock_CUR3K@844b3eaf1ea2,0QKP.L,2014-10-01,0.0,0.0,data_before_corruption (corruption at 2018-10-01)
stock_CUR3K@844b3eaf1ea2,0QKP.L,2015-04-01,0.0,0.0,data_before_corruption (corruption at 2018-10-01)
stock_CUR3K@844b3eaf1ea2,0QKP.L,2015-10-01,0.0,0.0,data_before_corruption (corruption at 2018-10-01)
stock_CUR3K@844b3eaf1ea2,0QKP.L,2016-04-01,0.0,0.0,data_before_corruption (corruption at 2018-10-01)
stock_CUR3K@844b3eaf1ea2,0QKP.L,2016-10-01,0.0,0.0,data_before_corruption (corruption at 2018-10-01)
stock_CUR3K@844b3eaf1ea2,0QKP.L,2017-04-01,0.0,0.0,data_before_corruption (corruption at 2018-10-01)
stock_CUR3K@844b3eaf1ea2,0QKP.L,2017-10-01,0.0,0.0,data_before_corruption (corruption at 2018-10-01)
stock_CUR3K@844b3eaf1ea2,0QKP.L,2018-04-01,0.0,0.0,data_before_corruption (corruption at 2018-10-01)
stock_CUR3K@844b3eaf1ea2,0QKP.L,2018-10-01,0.0,0.0,data_before_corruption (corruption at 2018-10-01)
stock_CUR3K@844b3eaf1ea2,0QKR.L,2014-04-01,22.216661,423007780.35601497,data_before_corruption (corruption at 2018-10-01)
stock_CUR3K@844b3eaf1ea2,0QKR.L,2014-10-01,18.194040101940665,523202499.761768,data_before_corruption (corruption at 2018-10-01)
stock_CUR3K@844b3eaf1ea2,0QKR.L,2015-04-01,13.064282,318528320.103994,data_before_corruption (corruption at 2018-10-01)
stock_CUR3K@844b3eaf1ea2,0QKR.L,2015-10-01,10.099993196900785,344876407.9,data_before_corruption (corruption at 2018-10-01)
stock_CUR3K@844b3eaf1ea2,0QKR.L,2016-04-01,13.9,615075000.0,data_before_corruption (corruption at 2018-10-01)
stock_CUR3K@844b3eaf1ea2,0QKR.L,2016-10-01,0.0,0.0,data_before_corruption (corruption at 2018-10-01)
stock_CUR3K@844b3eaf1ea2,0QKR.L,2017-04-01,17.548869666847484,923129947.4,data_before_corruption (corruption at 2018-10-01)
stock_CUR3K@844b3eaf1ea2,0QKR.L,2017-10-01,0.0,0.0,data_before_corruption (corruption at 2018-10-01)
stock_CUR3K@844b3eaf1ea2,0QKR.L,2018-04-01,16.33983001091659,1149713511.36,data_before_corruption (corruption at 2018-10-01)
stock_CUR3K@844b3eaf1ea2,0QKR.L,2018-10-01,0.0,0.0,data_before_corruption (corruption at 2018-10-01)
stock_CUR3K@844b3eaf1ea2,0RHT.L,2013-10-01,,,data_before_corruption (corruption at 2016-10-01)
stock_CUR3K@844b3eaf1ea2,0RHT.L,2014-10-01,1623.8150396475771,368606014.0,data_before_corruption (corruption at 2016-10-01)
stock_CUR3K@844b3eaf1ea2,0RHT.L,2015-10-01,14.454355001401689,368606014.0,data_before_corruption (corruption at 2016-10-01)
stock_CUR3K@844b3eaf1ea2,0RHT.L,2016-04-01,15.000017057900395,382521135.0,data_before_corruption (corruption at 2016-10-01)
stock_CUR3K@844b3eaf1ea2,0RHT.L,2016-10-01,15.474999999999998,394633716.22499996,data_before_corruption (corruption at 2016-10-01)
stock_CUR3K@844b3eaf1ea2,0UNV.L,2020-07-01,173.53478981090797,9994042.08,data_before_corruption (corruption at 2024-10-01)
stock_CUR3K@844b3eaf1ea2,0UNV.L,2020-10-01,192.85999999999999,11104107.36,data_before_corruption (corruption at 2024-10-01)
stock_CUR3K@844b3eaf1ea2,0UNV.L,2021-01-01,462.87,30914624.43,data_before_corruption (corruption at 2024-10-01)
stock_CUR3K@844b3eaf1ea2,0UNV.L,2021-04-01,0.63645,51684831.599999994,data_before_corruption (corruption at 2024-10-01)
stock_CUR3K@844b3eaf1ea2,0UNV.L,2021-07-01,0.4821599999999999,39968653.199999996,data_before_corruption (corruption at 2024-10-01)
stock_CUR3K@844b3eaf1ea2,0UNV.L,2021-10-01,0.63645,53264500.5,data_before_corruption (corruption at 2024-10-01)
stock_CUR3K@844b3eaf1ea2,0UNV.L,2022-01-01,0.4243,41514360.6,data_before_corruption (corruption at 2024-10-01)
stock_CUR3K@844b3eaf1ea2,0UNV.L,2022-04-01,0.4228381316502415,43077057.5,data_before_corruption (corruption at 2024-10-01)
stock_CUR3K@844b3eaf1ea2,0UNV.L,2022-07-01,0.50145,51130850.699999996,data_before_corruption (corruption at 2024-10-01)
stock_CUR3K@844b3eaf1ea2,0UNV.L,2022-10-01,0.37609,38407062.98,data_before_corruption (corruption at 2024-10-01)
stock_CUR3K@844b3eaf1ea2,0UNV.L,2023-01-01,0.62681,76798014.82,data_before_corruption (corruption at 2024-10-01)
stock_CUR3K@844b3eaf1ea2,0UNV.L,2023-04-01,0.30719093742636366,37806295.86,data_before_corruption (corruption at 2024-10-01)
stock_CUR3K@844b3eaf1ea2,0UNV.L,2023-07-01,0.2893,36113897.6,data_before_corruption (corruption at 2024-10-01)
stock_CUR3K@844b3eaf1ea2,0UNV.L,2023-10-01,0.44359,55480244.89,data_before_corruption (corruption at 2024-10-01)
stock_CUR3K@844b3eaf1ea2,0UNV.L,2024-01-01,0.65,91440700.0,data_before_corruption (corruption at 2024-10-01)
stock_CUR3K@844b3eaf1ea2,0UNV.L,2024-04-01,0.5915460937198193,91875390.0,data_before_corruption (corruption at 2024-10-01)
stock_CUR3K@844b3eaf1ea2,0UNV.L,2024-07-01,0.7,108742900.0,data_before_corruption (corruption at 2024-10-01)
stock_CUR3K@844b3eaf1ea2,0UNV.L,2024-10-01,0.74,118257180.0,data_before_corruption (corruption at 2024-10-01)
stock_CUR3K@844b3eaf1ea2,0V46.L,2020-04-01,1561.2374128024878,381550811.3148,data_before_corruption (corruption at 2026-01-01)
stock_CUR3K@844b3eaf1ea2,0V46.L,2020-07-01,1590.8415505203454,392401749.376,data_before_corruption (corruption at 2026-01-01)
stock_CUR3K@844b3eaf1ea2,0V46.L,2020-10-01,1365.4973499391688,341199553.824,data_before_corruption (corruption at 2026-01-01)
stock_CUR3K@844b3eaf1ea2,0V46.L,2021-01-01,1153.909341870023,301543050.9455,data_before_corruption (corruption at 2026-01-01)
stock_CUR3K@844b3eaf1ea2,0V46.L,2021-04-01,1209.1454196261152,319196253.6,data_before_corruption (corruption at 2026-01-01)
stock_CUR3K@844b3eaf1ea2,0V46.L,2021-07-01,701.482304015931,188107390.198,data_before_corruption (corruption at 2026-01-01)
stock_CUR3K@844b3eaf1ea2,0V46.L,2021-10-01,766.8739801512188,219992371.81199998,data_before_corruption (corruption at 2026-01-01)
stock_CUR3K@844b3eaf1ea2,0V46.L,2022-01-01,743.256,215678769.336,data_before_corruption (corruption at 2026-01-01)
stock_CUR3K@844b3eaf1ea2,0V46.L,2022-04-01,426.5297986691427,135055542.391,data_before_corruption (corruption at 2026-01-01)
stock_CUR3K@844b3eaf1ea2,0V46.L,2022-07-01,296.26226048349173,93886399.13399999,data_before_corruption (corruption at 2026-01-01)
stock_CUR3K@844b3eaf1ea2,0V46.L,2022-10-01,413.0600484791323,131384074.92000002,data_before_corruption (corruption at 2026-01-01)
stock_CUR3K@844b3eaf1ea2,0V46.L,2023-01-01,456.66218706099806,145762003.48799998,data_before_corruption (corruption at 2026-01-01)
stock_CUR3K@844b3eaf1ea2,0V46.L,2023-04-01,331.9308006315631,105954967.008,data_before_corruption (corruption at 2026-01-01)
stock_CUR3K@844b3eaf1ea2,0V46.L,2023-07-01,206.1035348114586,66594525.34,data_before_corruption (corruption at 2026-01-01)
stock_CUR3K@844b3eaf1ea2,0V46.L,2023-10-01,233.7121,80370085.5085,data_before_corruption (corruption at 2026-01-01)
stock_CUR3K@844b3eaf1ea2,0V46.L,2024-01-01,230.67705393949967,84219961.7162574,data_before_corruption (corruption at 2026-01-01)
stock_CUR3K@844b3eaf1ea2,0V46.L,2024-04-01,213.94681725446006,80877031.64580001,data_before_corruption (corruption at 2026-01-01)
stock_CUR3K@844b3eaf1ea2,0V46.L,2024-07-01,251.27700000000002,98834782.41000001,data_before_corruption (corruption at 2026-01-01)
stock_CUR3K@844b3eaf1ea2,0V46.L,2024-10-01,144.28784381222576,65505526.788,data_before_corruption (corruption at 2026-01-01)
stock_CUR3K@844b3eaf1ea2,0V46.L,2025-01-01,225.52128041192537,90750439.80160001,data_before_corruption (corruption at 2026-01-01)
stock_CUR3K@844b3eaf1ea2,0V46.L,2025-04-01,165.68522649571264,104592278.61517501,data_before_corruption (corruption at 2026-01-01)
stock_CUR3K@844b3eaf1ea2,0V46.L,2025-07-01,0.45233999999999996,206298444.60917997,data_before_corruption (corruption at 2026-01-01)
stock_CUR3K@844b3eaf1ea2,0V46.L,2025-10-01,0.6044059999999999,310633865.33805996,data_before_corruption (corruption at 2026-01-01)
stock_CUR3K@844b3eaf1ea2,0V46.L,2026-01-01,0.8411364,436412567.7665676,data_before_corruption (corruption at 2026-01-01)
stock_CUR3K@844b3eaf1ea2,460860.KS,2020-04-01,1060.0,47901972400.0,data_before_corruption (corruption at 2023-10-01)
stock_CUR3K@844b3eaf1ea2,460860.KS,2020-07-01,1268.0,57301604720.0,data_before_corruption (corruption at 2023-10-01)
stock_CUR3K@844b3eaf1ea2,460860.KS,2020-10-01,1624.0,73389436960.0,data_before_corruption (corruption at 2023-10-01)
stock_CUR3K@844b3eaf1ea2,460860.KS,2021-01-01,2730.0,123370174200.0,data_before_corruption (corruption at 2023-10-01)
stock_CUR3K@844b3eaf1ea2,460860.KS,2021-04-01,4440.0,200645997600.0,data_before_corruption (corruption at 2023-10-01)
stock_CUR3K@844b3eaf1ea2,460860.KS,2021-07-01,3670.0,165849281800.0,data_before_corruption (corruption at 2023-10-01)
stock_CUR3K@844b3eaf1ea2,460860.KS,2021-10-01,3180.0,143705917200.0,data_before_corruption (corruption at 2023-10-01)
stock_CUR3K@844b3eaf1ea2,460860.KS,2022-01-01,3350.0,151388309000.0,data_before_corruption (corruption at 2023-10-01)
stock_CUR3K@844b3eaf1ea2,460860.KS,2022-04-01,2570.0,116139687800.0,data_before_corruption (corruption at 2023-10-01)
stock_CUR3K@844b3eaf1ea2,460860.KS,2022-07-01,2160.0,97611566400.0,data_before_corruption (corruption at 2023-10-01)
stock_CUR3K@844b3eaf1ea2,460860.KS,2022-10-01,2150.0,97159661000.0,data_before_corruption (corruption at 2023-10-01)
stock_CUR3K@844b3eaf1ea2,460860.KS,2023-01-01,2440.0,110264917600.0,data_before_corruption (corruption at 2023-10-01)
stock_CUR3K@844b3eaf1ea2,460860.KS,2023-04-01,3484.0,157443841360.0,data_before_corruption (corruption at 2023-10-01)
stock_CUR3K@844b3eaf1ea2,460860.KS,2023-07-01,2130.0,96255850200.0,data_before_corruption (corruption at 2023-10-01)
stock_CUR3K@844b3eaf1ea2,460860.KS,2023-10-01,1740.0,78632696700.0,data_before_corruption (corruption at 2023-10-01)
stock_CUR3K@844b3eaf1ea2,ACT.TO,2020-04-01,9.087549e-06,21.509992206726,data_before_corruption (corruption at 2022-10-01)
stock_CUR3K@844b3eaf1ea2,ACT.TO,2020-07-01,9.087549e-06,21.509992206726,data_before_corruption (corruption at 2022-10-01)
stock_CUR3K@844b3eaf1ea2,ACT.TO,2020-10-01,9.087549e-06,30.769095956748,data_before_corruption (corruption at 2022-10-01)
stock_CUR3K@844b3eaf1ea2,ACT.TO,2021-01-01,9.087549e-06,35.317414231248,data_before_corruption (corruption at 2022-10-01)
stock_CUR3K@844b3eaf1ea2,ACT.TO,2021-04-01,0.000311114233,3245.96057172822,data_before_corruption (corruption at 2022-10-01)
stock_CUR3K@844b3eaf1ea2,ACT.TO,2021-07-01,0.00012391731,658.90600813224,data_before_corruption (corruption at 2022-10-01)
stock_CUR3K@844b3eaf1ea2,ACT.TO,2021-10-01,0.00011788642800000001,667.864574049816,data_before_corruption (corruption at 2022-10-01)
stock_CUR3K@844b3eaf1ea2,ACT.TO,2022-01-01,66.88,499143631.35999995,data_before_corruption (corruption at 2022-10-01)
stock_CUR3K@844b3eaf1ea2,ACT.TO,2022-04-01,52.49,844734272.58,data_before_corruption (corruption at 2022-10-01)
stock_CUR3K@844b3eaf1ea2,ACT.TO,2022-07-01,0.0011379,18770.343240000002,data_before_corruption (corruption at 2022-10-01)
stock_CUR3K@844b3eaf1ea2,ACT.TO,2022-10-01,2.9575000000000005,50597528.11750001,data_before_corruption (corruption at 2022-10-01)
stock_CUR3K@844b3eaf1ea2,ADUR,2020-04-01,1.572919753036592e-05,21.509992206726,data_before_corruption (corruption at 2022-07-01)
stock_CUR3K@844b3eaf1ea2,ADUR,2020-07-01,5.243058175475056e-06,21.509992206726,data_before_corruption (corruption at 2022-07-01)
stock_CUR3K@844b3eaf1ea2,ADUR,2020-10-01,2.9491127440252114e-06,30.769095956748,data_before_corruption (corruption at 2022-07-01)
stock_CUR3K@844b3eaf1ea2,ADUR,2021-01-01,6.641977632132374e-06,35.317414231248,data_before_corruption (corruption at 2022-07-01)
stock_CUR3K@844b3eaf1ea2,ADUR,2021-04-01,0.0005729525297464504,3245.96057172822,data_before_corruption (corruption at 2022-07-01)
stock_CUR3K@844b3eaf1ea2,ADUR,2021-07-01,8.828647919200051e-05,658.90600813224,data_before_corruption (corruption at 2022-07-01)
stock_CUR3K@844b3eaf1ea2,ADUR,2021-10-01,4.149969123995128e-05,667.864574049816,data_before_corruption (corruption at 2022-07-01)
stock_CUR3K@844b3eaf1ea2,ADUR,2022-01-01,30.259198292878096,499143631.35999995,data_before_corruption (corruption at 2022-07-01)
stock_CUR3K@844b3eaf1ea2,ADUR,2022-04-01,49.37596171405201,844734272.58,data_before_corruption (corruption at 2022-07-01)
stock_CUR3K@844b3eaf1ea2,ADUR,2022-07-01,0.0010604263163508534,18770.343240000002,data_before_corruption (corruption at 2022-07-01)
stock_CUR3K@844b3eaf1ea2,AF.PA,2020-07-01,14.94,1266158187.36,data_before_corruption (corruption at 2021-01-01)
stock_CUR3K@844b3eaf1ea2,AF.PA,2020-10-01,25.820000000000004,2188200279.76,data_before_corruption (corruption at 2021-01-01)
stock_CUR3K@844b3eaf1ea2,AF.PA,2021-01-01,25.7,217.80304875999974,data_before_corruption (corruption at 2021-01-01)
stock_CUR3K@844b3eaf1ea2,AKAN,2020-10-01,504000.0,9104256000.0,data_before_corruption (corruption at 2023-04-01)
stock_CUR3K@844b3eaf1ea2,AKAN,2021-10-01,504000.0,8778672000.0,data_before_corruption (corruption at 2023-04-01)
stock_CUR3K@844b3eaf1ea2,AKAN,2022-04-01,38880.0,22472640.0,data_before_corruption (corruption at 2023-04-01)
stock_CUR3K@844b3eaf1ea2,AKAN,2022-10-01,7152.0,4956336.0,data_before_corruption (corruption at 2023-04-01)
stock_CUR3K@844b3eaf1ea2,AKAN,2023-04-01,3552.0,2862912.0,data_before_corruption (corruption at 2023-04-01)
stock_CUR3K@844b3eaf1ea2,ALAGP.PA,2018-04-01,8.021,18915186.368,data_before_corruption (corruption at 2020-10-01)
stock_CUR3K@844b3eaf1ea2,ALAGP.PA,2019-04-01,8.021,18915186.368,data_before_corruption (corruption at 2020-10-01)
stock_CUR3K@844b3eaf1ea2,ALAGP.PA,2019-10-01,10.2,24053721.599999998,data_before_corruption (corruption at 2020-10-01)
stock_CUR3K@844b3eaf1ea2,ALAGP.PA,2020-04-01,9.26,21810059.48,data_before_corruption (corruption at 2020-10-01)
stock_CUR3K@844b3eaf1ea2,ALAGP.PA,2020-10-01,9.35,2.2023999799999974,data_before_corruption (corruption at 2020-10-01)
stock_CUR3K@844b3eaf1ea2,ALCLA.PA,2013-04-01,21.2,48844800.0,data_before_corruption (corruption at 2025-10-01)
stock_CUR3K@844b3eaf1ea2,ALCLA.PA,2013-10-01,23.8,54835200.0,data_before_corruption (corruption at 2025-10-01)
stock_CUR3K@844b3eaf1ea2,ALCLA.PA,2014-04-01,27.6,63590.4,data_before_corruption (corruption at 2025-10-01)
stock_CUR3K@844b3eaf1ea2,ALCLA.PA,2014-10-01,21.0,48309912.0,data_before_corruption (corruption at 2025-10-01)
stock_CUR3K@844b3eaf1ea2,ALCLA.PA,2015-04-01,29.2,67275048.0,data_before_corruption (corruption at 2025-10-01)
stock_CUR3K@844b3eaf1ea2,ALCLA.PA,2015-10-01,34.5,79453500.0,data_before_corruption (corruption at 2025-10-01)
stock_CUR3K@844b3eaf1ea2,ALCLA.PA,2016-04-01,28.929999999999996,66598.19077999999,data_before_corruption (corruption at 2025-10-01)
stock_CUR3K@844b3eaf1ea2,ALCLA.PA,2016-10-01,28.4,65412470.4,data_before_corruption (corruption at 2025-10-01)
stock_CUR3K@844b3eaf1ea2,ALCLA.PA,2017-04-01,35.0,80670240.0,data_before_corruption (corruption at 2025-10-01)
stock_CUR3K@844b3eaf1ea2,ALCLA.PA,2017-10-01,35.0,80535980.0,data_before_corruption (corruption at 2025-10-01)
stock_CUR3K@844b3eaf1ea2,ALCLA.PA,2018-04-01,35.7,82233272.10000001,data_before_corruption (corruption at 2025-10-01)
stock_CUR3K@844b3eaf1ea2,ALCLA.PA,2018-10-01,30.0,68959770.0,data_before_corruption (corruption at 2025-10-01)
stock_CUR3K@844b3eaf1ea2,ALCLA.PA,2019-04-01,35.3,81296358.89999999,data_before_corruption (corruption at 2025-10-01)
stock_CUR3K@844b3eaf1ea2,ALCLA.PA,2019-10-01,35.0,80606260.0,data_before_corruption (corruption at 2025-10-01)
stock_CUR3K@844b3eaf1ea2,ALCLA.PA,2020-04-01,28.5,65601186.0,data_before_corruption (corruption at 2025-10-01)
stock_CUR3K@844b3eaf1ea2,ALCLA.PA,2020-10-01,36.7,84563956.5,data_before_corruption (corruption at 2025-10-01)
stock_CUR3K@844b3eaf1ea2,ALCLA.PA,2021-04-01,49.0,112147868.0,data_before_corruption (corruption at 2025-10-01)
stock_CUR3K@844b3eaf1ea2,ALCLA.PA,2021-10-01,76.0,173959440.0,data_before_corruption (corruption at 2025-10-01)
stock_CUR3K@844b3eaf1ea2,ALCLA.PA,2022-04-01,60.0,137671620.0,data_before_corruption (corruption at 2025-10-01)
stock_CUR3K@844b3eaf1ea2,ALCLA.PA,2022-10-01,59.60000000000001,136749041.20000002,data_before_corruption (corruption at 2025-10-01)
stock_CUR3K@844b3eaf1ea2,ALCLA.PA,2023-04-01,74.2,170342646.6,data_before_corruption (corruption at 2025-10-01)
stock_CUR3K@844b3eaf1ea2,ALCLA.PA,2023-10-01,123.5,281542332.5,data_before_corruption (corruption at 2025-10-01)
stock_CUR3K@844b3eaf1ea2,ALCLA.PA,2024-04-01,134.0,311915284.0,data_before_corruption (corruption at 2025-10-01)
stock_CUR3K@844b3eaf1ea2,ALCLA.PA,2025-10-01,1.24,65795640.0,data_before_corruption (corruption at 2025-10-01)
stock_CUR3K@844b3eaf1ea2,ALDBT.PA,2013-04-01,4232.237586809963,2660592.096,data_before_corruption (corruption at 2016-10-01)
stock_CUR3K@844b3eaf1ea2,ALDBT.PA,2014-04-01,69500.0,43691108.279999994,data_before_corruption (corruption at 2016-10-01)
stock_CUR3K@844b3eaf1ea2,ALDBT.PA,2015-04-01,39700.0,24260610.847000003,data_before_corruption (corruption at 2016-10-01)
stock_CUR3K@844b3eaf1ea2,ALDBT.PA,2015-10-01,16300.000000000002,9960905.713000001,data_before_corruption (corruption at 2016-10-01)
stock_CUR3K@844b3eaf1ea2,ALDBT.PA,2016-04-01,29900.0,21434597.184,data_before_corruption (corruption at 2016-10-01)
stock_CUR3K@844b3eaf1ea2,ALDBT.PA,2016-10-01,30750.0,30367373.444999997,data_before_corruption (corruption at 2016-10-01)
stock_CUR3K@844b3eaf1ea2,ALDRV.PA,2012-10-01,,,data_before_corruption (corruption at 2020-04-01)
stock_CUR3K@844b3eaf1ea2,ALDRV.PA,2013-10-01,,,data_before_corruption (corruption at 2020-04-01)
stock_CUR3K@844b3eaf1ea2,ALDRV.PA,2014-10-01,55.82,663701195.5,data_before_corruption (corruption at 2020-04-01)
stock_CUR3K@844b3eaf1ea2,ALDRV.PA,2015-10-01,169.98,1234919488.26,data_before_corruption (corruption at 2020-04-01)
stock_CUR3K@844b3eaf1ea2,ALDRV.PA,2016-04-01,118.35,1562093838.8999999,data_before_corruption (corruption at 2020-04-01)
stock_CUR3K@844b3eaf1ea2,ALDRV.PA,2016-10-01,101.44,1724581440.0,data_before_corruption (corruption at 2020-04-01)
stock_CUR3K@844b3eaf1ea2,ALDRV.PA,2017-04-01,72.96,1211136000.0,data_before_corruption (corruption at 2020-04-01)
stock_CUR3K@844b3eaf1ea2,ALDRV.PA,2017-10-01,64.87,1959203740.0000002,data_before_corruption (corruption at 2020-04-01)
stock_CUR3K@844b3eaf1ea2,ALDRV.PA,2018-04-01,56.22,1427819340.0,data_before_corruption (corruption at 2020-04-01)
stock_CUR3K@844b3eaf1ea2,ALDRV.PA,2018-10-01,18.38,721874500.0,data_before_corruption (corruption at 2020-04-01)
stock_CUR3K@844b3eaf1ea2,ALDRV.PA,2019-04-01,16.22,878678793.4399999,data_before_corruption (corruption at 2020-04-01)
stock_CUR3K@844b3eaf1ea2,ALDRV.PA,2019-10-01,8.78,564079116.14,data_before_corruption (corruption at 2020-04-01)
stock_CUR3K@844b3eaf1ea2,ALDRV.PA,2020-04-01,6.76,102.60298796799988,data_before_corruption (corruption at 2020-04-01)
stock_CUR3K@844b3eaf1ea2,ALJXR.PA,2014-10-01,9140412.0,63982884.0,data_before_corruption (corruption at 2021-04-01)
stock_CUR3K@844b3eaf1ea2,ALJXR.PA,2015-04-01,7934656.0,55542592.0,data_before_corruption (corruption at 2021-04-01)
stock_CUR3K@844b3eaf1ea2,ALJXR.PA,2015-10-01,,0.0,data_before_corruption (corruption at 2021-04-01)
stock_CUR3K@844b3eaf1ea2,ALJXR.PA,2016-04-01,,0.0,data_before_corruption (corruption at 2021-04-01)
stock_CUR3K@844b3eaf1ea2,ALJXR.PA,2016-10-01,,0.0,data_before_corruption (corruption at 2021-04-01)
stock_CUR3K@844b3eaf1ea2,ALJXR.PA,2017-04-01,,0.0,data_before_corruption (corruption at 2021-04-01)
stock_CUR3K@844b3eaf1ea2,ALJXR.PA,2017-10-01,,0.0,data_before_corruption (corruption at 2021-04-01)
stock_CUR3K@844b3eaf1ea2,ALJXR.PA,2018-04-01,,0.0,data_before_corruption (corruption at 2021-04-01)
stock_CUR3K@844b3eaf1ea2,ALJXR.PA,2018-10-01,,0.0,data_before_corruption (corruption at 2021-04-01)
stock_CUR3K@844b3eaf1ea2,ALJXR.PA,2019-04-01,784000.0,12428869.6,data_before_corruption (corruption at 2021-04-01)
stock_CUR3K@844b3eaf1ea2,ALJXR.PA,2019-10-01,428000.0,10075794.1405744,data_before_corruption (corruption at 2021-04-01)
stock_CUR3K@844b3eaf1ea2,ALJXR.PA,2020-04-01,185600.0,7145080.32,data_before_corruption (corruption at 2021-04-01)
stock_CUR3K@844b3eaf1ea2,ALJXR.PA,2020-10-01,136000.0,8602191.76,data_before_corruption (corruption at 2021-04-01)
stock_CUR3K@844b3eaf1ea2,ALJXR.PA,2021-04-01,27600.0,8510818.524,data_before_corruption (corruption at 2021-04-01)
stock_CUR3K@844b3eaf1ea2,ALKOM.PA,2018-04-01,,,data_before_corruption (corruption at 2022-10-01)
stock_CUR3K@844b3eaf1ea2,ALKOM.PA,2018-10-01,,,data_before_corruption (corruption at 2022-10-01)
stock_CUR3K@844b3eaf1ea2,ALKOM.PA,2019-04-01,,,data_before_corruption (corruption at 2022-10-01)
stock_CUR3K@844b3eaf1ea2,ALKOM.PA,2019-10-01,0.0,0.0,data_before_corruption (corruption at 2022-10-01)
stock_CUR3K@844b3eaf1ea2,ALKOM.PA,2020-04-01,0.0,0.0,data_before_corruption (corruption at 2022-10-01)
stock_CUR3K@844b3eaf1ea2,ALKOM.PA,2020-10-01,0.0,0.0,data_before_corruption (corruption at 2022-10-01)
stock_CUR3K@844b3eaf1ea2,ALKOM.PA,2021-04-01,0.0,0.0,data_before_corruption (corruption at 2022-10-01)
stock_CUR3K@844b3eaf1ea2,ALKOM.PA,2021-10-01,0.0,0.0,data_before_corruption (corruption at 2022-10-01)
stock_CUR3K@844b3eaf1ea2,ALKOM.PA,2022-04-01,0.0,0.0,data_before_corruption (corruption at 2022-10-01)
stock_CUR3K@844b3eaf1ea2,ALKOM.PA,2022-10-01,0.0,0.0,data_before_corruption (corruption at 2022-10-01)
stock_CUR3K@844b3eaf1ea2,ALNXT.PA,2014-04-01,0.8700000000000001,4241325.69,data_before_corruption (corruption at 2020-04-01)
stock_CUR3K@844b3eaf1ea2,ALNXT.PA,2014-10-01,0.65,2883183.5500000003,data_before_corruption (corruption at 2020-04-01)
stock_CUR3K@844b3eaf1ea2,ALNXT.PA,2015-04-01,0.54,3293423.2800000003,data_before_corruption (corruption at 2020-04-01)
stock_CUR3K@844b3eaf1ea2,ALNXT.PA,2015-10-01,0.65,4226565.2,data_before_corruption (corruption at 2020-04-01)
stock_CUR3K@844b3eaf1ea2,ALNXT.PA,2016-04-01,0.61,7144574.9799999995,data_before_corruption (corruption at 2020-04-01)
stock_CUR3K@844b3eaf1ea2,ALNXT.PA,2016-10-01,0.84,10167318.84,data_before_corruption (corruption at 2020-04-01)
stock_CUR3K@844b3eaf1ea2,ALNXT.PA,2017-04-01,1.06,16677791.96,data_before_corruption (corruption at 2020-04-01)
stock_CUR3K@844b3eaf1ea2,ALNXT.PA,2017-10-01,1.16,26368841.599999998,data_before_corruption (corruption at 2020-04-01)
stock_CUR3K@844b3eaf1ea2,ALNXT.PA,2018-04-01,0.909,18566930.394,data_before_corruption (corruption at 2020-04-01)
stock_CUR3K@844b3eaf1ea2,ALNXT.PA,2018-10-01,0.645,13045886.1,data_before_corruption (corruption at 2020-04-01)
stock_CUR3K@844b3eaf1ea2,ALNXT.PA,2019-04-01,0.668,12902621.068,data_before_corruption (corruption at 2020-04-01)
stock_CUR3K@844b3eaf1ea2,ALNXT.PA,2019-10-01,0.736,14865985.6,data_before_corruption (corruption at 2020-04-01)
stock_CUR3K@844b3eaf1ea2,ALNXT.PA,2020-04-01,0.57,1.1971522469999987,data_before_corruption (corruption at 2020-04-01)
stock_CUR3K@844b3eaf1ea2,ALPHI.PA,2014-04-01,0.0,0.0,data_before_corruption (corruption at 2021-10-01)
stock_CUR3K@844b3eaf1ea2,ALPHI.PA,2014-10-01,0.0,0.0,data_before_corruption (corruption at 2021-10-01)
stock_CUR3K@844b3eaf1ea2,ALPHI.PA,2015-04-01,0.0,0.0,data_before_corruption (corruption at 2021-10-01)
stock_CUR3K@844b3eaf1ea2,ALPHI.PA,2015-10-01,0.0,0.0,data_before_corruption (corruption at 2021-10-01)
stock_CUR3K@844b3eaf1ea2,ALPHI.PA,2016-04-01,0.0,0.0,data_before_corruption (corruption at 2021-10-01)
stock_CUR3K@844b3eaf1ea2,ALPHI.PA,2016-10-01,0.0,0.0,data_before_corruption (corruption at 2021-10-01)
stock_CUR3K@844b3eaf1ea2,ALPHI.PA,2017-04-01,0.0,0.0,data_before_corruption (corruption at 2021-10-01)
stock_CUR3K@844b3eaf1ea2,ALPHI.PA,2017-10-01,0.0,0.0,data_before_corruption (corruption at 2021-10-01)
stock_CUR3K@844b3eaf1ea2,ALPHI.PA,2018-04-01,0.0,0.0,data_before_corruption (corruption at 2021-10-01)
stock_CUR3K@844b3eaf1ea2,ALPHI.PA,2018-10-01,0.0,0.0,data_before_corruption (corruption at 2021-10-01)
stock_CUR3K@844b3eaf1ea2,ALPHI.PA,2019-04-01,0.0,0.0,data_before_corruption (corruption at 2021-10-01)
stock_CUR3K@844b3eaf1ea2,ALPHI.PA,2019-10-01,0.0,0.0,data_before_corruption (corruption at 2021-10-01)
stock_CUR3K@844b3eaf1ea2,ALPHI.PA,2020-04-01,0.0,0.0,data_before_corruption (corruption at 2021-10-01)
stock_CUR3K@844b3eaf1ea2,ALPHI.PA,2020-10-01,0.0,0.0,data_before_corruption (corruption at 2021-10-01)
stock_CUR3K@844b3eaf1ea2,ALPHI.PA,2021-04-01,0.0,0.0,data_before_corruption (corruption at 2021-10-01)
stock_CUR3K@844b3eaf1ea2,ALPHI.PA,2021-10-01,0.0,0.0,data_before_corruption (corruption at 2021-10-01)
stock_CUR3K@844b3eaf1ea2,ALRPD.PA,2019-04-01,194422.8,7055603412000.0,data_before_corruption (corruption at 2020-10-01)
stock_CUR3K@844b3eaf1ea2,ALRPD.PA,2019-07-01,193716.0,6658987500000.0,data_before_corruption (corruption at 2020-10-01)
stock_CUR3K@844b3eaf1ea2,ALRPD.PA,2019-10-01,191917.2,6597153750000.0,data_before_corruption (corruption at 2020-10-01)
stock_CUR3K@844b3eaf1ea2,ALRPD.PA,2020-04-01,195242.4,6337533.160368,data_before_corruption (corruption at 2020-10-01)
stock_CUR3K@844b3eaf1ea2,ALRPD.PA,2020-10-01,190350.0,7173495.158211899,data_before_corruption (corruption at 2020-10-01)
stock_CUR3K@844b3eaf1ea2,ALSPW.PA,2014-04-01,,,data_before_corruption (corruption at 2023-04-01)
stock_CUR3K@844b3eaf1ea2,ALSPW.PA,2014-10-01,520000000.0,45760000000.0,data_before_corruption (corruption at 2023-04-01)
stock_CUR3K@844b3eaf1ea2,ALSPW.PA,2015-04-01,,0.0,data_before_corruption (corruption at 2023-04-01)
stock_CUR3K@844b3eaf1ea2,ALSPW.PA,2015-10-01,,0.0,data_before_corruption (corruption at 2023-04-01)
stock_CUR3K@844b3eaf1ea2,ALSPW.PA,2016-04-01,,0.0,data_before_corruption (corruption at 2023-04-01)
stock_CUR3K@844b3eaf1ea2,ALSPW.PA,2016-10-01,,0.0,data_before_corruption (corruption at 2023-04-01)
stock_CUR3K@844b3eaf1ea2,ALSPW.PA,2017-04-01,,0.0,data_before_corruption (corruption at 2023-04-01)
stock_CUR3K@844b3eaf1ea2,ALSPW.PA,2017-10-01,,0.0,data_before_corruption (corruption at 2023-04-01)
stock_CUR3K@844b3eaf1ea2,ALSPW.PA,2018-04-01,,0.0,data_before_corruption (corruption at 2023-04-01)
stock_CUR3K@844b3eaf1ea2,ALSPW.PA,2018-10-01,,0.0,data_before_corruption (corruption at 2023-04-01)
stock_CUR3K@844b3eaf1ea2,ALSPW.PA,2019-04-01,,0.0,data_before_corruption (corruption at 2023-04-01)
stock_CUR3K@844b3eaf1ea2,ALSPW.PA,2019-10-01,599999.98,581387.1904204263,data_before_corruption (corruption at 2023-04-01)
stock_CUR3K@844b3eaf1ea2,ALSPW.PA,2020-04-01,280000.01,3683514.9315541,data_before_corruption (corruption at 2023-04-01)
stock_CUR3K@844b3eaf1ea2,ALSPW.PA,2020-10-01,96000.0,27159311.999999996,data_before_corruption (corruption at 2023-04-01)
stock_CUR3K@844b3eaf1ea2,ALSPW.PA,2021-04-01,127999.99999999999,18612599.04,data_before_corruption (corruption at 2023-04-01)
stock_CUR3K@844b3eaf1ea2,ALSPW.PA,2021-10-01,64000.0,11700166.368,data_before_corruption (corruption at 2023-04-01)
stock_CUR3K@844b3eaf1ea2,ALSPW.PA,2022-04-01,24000.0,5123615.28,data_before_corruption (corruption at 2023-04-01)
stock_CUR3K@844b3eaf1ea2,ALSPW.PA,2022-10-01,2100.0,447314.824677,data_before_corruption (corruption at 2023-04-01)
stock_CUR3K@844b3eaf1ea2,ALSPW.PA,2023-04-01,900.0,826006.5,data_before_corruption (corruption at 2023-04-01)
stock_CUR3K@844b3eaf1ea2,ATO.PA,2014-10-01,3656.72,4934743640.0,data_before_corruption (corruption at 2024-10-01)
stock_CUR3K@844b3eaf1ea2,ATO.PA,2015-04-01,3694.23,4985363385.0,data_before_corruption (corruption at 2024-10-01)
stock_CUR3K@844b3eaf1ea2,ATO.PA,2015-10-01,4271.69,5892796354.999999,data_before_corruption (corruption at 2024-10-01)
stock_CUR3K@844b3eaf1ea2,ATO.PA,2016-04-01,4110.64,5742564080.0,data_before_corruption (corruption at 2024-10-01)
stock_CUR3K@844b3eaf1ea2,ATO.PA,2016-10-01,5529.2,7724292400.0,data_before_corruption (corruption at 2024-10-01)
stock_CUR3K@844b3eaf1ea2,ATO.PA,2017-04-01,6778.45,9571171400.0,data_before_corruption (corruption at 2024-10-01)
stock_CUR3K@844b3eaf1ea2,ATO.PA,2017-10-01,6692.96,9470538400.0,data_before_corruption (corruption at 2024-10-01)
stock_CUR3K@844b3eaf1ea2,ATO.PA,2018-04-01,6450.28,9146497040.0,data_before_corruption (corruption at 2024-10-01)
stock_CUR3K@844b3eaf1ea2,ATO.PA,2018-10-01,3942.42,5669199960.0,data_before_corruption (corruption at 2024-10-01)
stock_CUR3K@844b3eaf1ea2,ATO.PA,2019-04-01,5576.5,8030160000.0,data_before_corruption (corruption at 2024-10-01)
stock_CUR3K@844b3eaf1ea2,ATO.PA,2019-10-01,5521.52,8072462240.000001,data_before_corruption (corruption at 2024-10-01)
stock_CUR3K@844b3eaf1ea2,ATO.PA,2020-04-01,5638.9,8255349599.999999,data_before_corruption (corruption at 2024-10-01)
stock_CUR3K@844b3eaf1ea2,ATO.PA,2020-10-01,5555.69,8177975679.999999,data_before_corruption (corruption at 2024-10-01)
stock_CUR3K@844b3eaf1ea2,ATO.PA,2021-04-01,3811.27,5621623250.0,data_before_corruption (corruption at 2024-10-01)
stock_CUR3K@844b3eaf1ea2,ATO.PA,2021-10-01,2777.85,4097328750.0,data_before_corruption (corruption at 2024-10-01)
stock_CUR3K@844b3eaf1ea2,ATO.PA,2022-04-01,949.85,1414326650.0,data_before_corruption (corruption at 2024-10-01)
stock_CUR3K@844b3eaf1ea2,ATO.PA,2022-10-01,669.54,997614600.0,data_before_corruption (corruption at 2024-10-01)
stock_CUR3K@844b3eaf1ea2,ATO.PA,2023-04-01,971.76,1445978880.0,data_before_corruption (corruption at 2024-10-01)
stock_CUR3K@844b3eaf1ea2,ATO.PA,2023-10-01,523.77,781988610.0,data_before_corruption (corruption at 2024-10-01)
stock_CUR3K@844b3eaf1ea2,ATO.PA,2024-04-01,73.0,109135000.0,data_before_corruption (corruption at 2024-10-01)
stock_CUR3K@844b3eaf1ea2,ATO.PA,2024-10-01,26.0,41147340.0,data_before_corruption (corruption at 2024-10-01)
stock_CUR3K@844b3eaf1ea2,BGEO.L,2020-04-01,10.7,507325380.9,data_before_corruption (corruption at 2025-10-01)
stock_CUR3K@844b3eaf1ea2,BGEO.L,2020-07-01,8.93,424114695.71,data_before_corruption (corruption at 2025-10-01)
stock_CUR3K@844b3eaf1ea2,BGEO.L,2020-10-01,12.2,578445761.4,data_before_corruption (corruption at 2025-10-01)
stock_CUR3K@844b3eaf1ea2,BGEO.L,2021-01-01,11.0,529434994.0,data_before_corruption (corruption at 2025-10-01)
stock_CUR3K@844b3eaf1ea2,BGEO.L,2021-04-01,13.440000000000001,642435198.72,data_before_corruption (corruption at 2025-10-01)
stock_CUR3K@844b3eaf1ea2,BGEO.L,2021-07-01,15.540000000000001,736807141.98,data_before_corruption (corruption at 2025-10-01)
stock_CUR3K@844b3eaf1ea2,BGEO.L,2021-10-01,16.68,790858631.16,data_before_corruption (corruption at 2025-10-01)
stock_CUR3K@844b3eaf1ea2,BGEO.L,2022-01-01,11.88,563273413.5600001,data_before_corruption (corruption at 2025-10-01)
stock_CUR3K@844b3eaf1ea2,BGEO.L,2022-04-01,13.06,619221446.22,data_before_corruption (corruption at 2025-10-01)
stock_CUR3K@844b3eaf1ea2,BGEO.L,2022-07-01,19.88,942582109.56,data_before_corruption (corruption at 2025-10-01)
stock_CUR3K@844b3eaf1ea2,BGEO.L,2022-10-01,26.050000000000004,1235123941.3500001,data_before_corruption (corruption at 2025-10-01)
stock_CUR3K@844b3eaf1ea2,BGEO.L,2023-01-01,27.5,1303873642.5,data_before_corruption (corruption at 2025-10-01)
stock_CUR3K@844b3eaf1ea2,BGEO.L,2023-04-01,29.25,1386847419.75,data_before_corruption (corruption at 2025-10-01)
stock_CUR3K@844b3eaf1ea2,BGEO.L,2023-07-01,36.9,1749561360.3,data_before_corruption (corruption at 2025-10-01)
stock_CUR3K@844b3eaf1ea2,BGEO.L,2023-10-01,40.05,1898914159.35,data_before_corruption (corruption at 2025-10-01)
stock_CUR3K@844b3eaf1ea2,BGEO.L,2024-01-01,50.0,2201944350.0,data_before_corruption (corruption at 2025-10-01)
stock_CUR3K@844b3eaf1ea2,BGEO.L,2024-04-01,41.0,1830388174.0,data_before_corruption (corruption at 2025-10-01)
stock_CUR3K@844b3eaf1ea2,BGEO.L,2024-07-01,36.75,1622475713.25,data_before_corruption (corruption at 2025-10-01)
stock_CUR3K@844b3eaf1ea2,BGEO.L,2024-10-01,47.1,2068520655.6000001,data_before_corruption (corruption at 2025-10-01)
stock_CUR3K@844b3eaf1ea2,BGEO.L,2025-01-01,54.6,2363079700.8,data_before_corruption (corruption at 2025-10-01)
stock_CUR3K@844b3eaf1ea2,BGEO.L,2025-04-01,70.8,3064213238.4,data_before_corruption (corruption at 2025-10-01)
stock_CUR3K@844b3eaf1ea2,BGEO.L,2025-07-01,76.5,3283175974.5,data_before_corruption (corruption at 2025-10-01)
stock_CUR3K@844b3eaf1ea2,BGEO.L,2025-10-01,93.0,3962637.0,data_before_corruption (corruption at 2025-10-01)
stock_CUR3K@844b3eaf1ea2,BNT,2020-10-01,0.20232155282346176,5629394.88576,data_before_corruption (corruption at 2021-01-01)
stock_CUR3K@844b3eaf1ea2,BNT,2021-01-01,56.344764,1567736713.536,data_before_corruption (corruption at 2021-01-01)
stock_CUR3K@844b3eaf1ea2,CHAI,2020-04-01,7856544.3264,4242533936.256,data_before_corruption (corruption at 2023-04-01)
stock_CUR3K@844b3eaf1ea2,CHAI,2020-07-01,3161029.0823999997,1934549798.4287999,data_before_corruption (corruption at 2023-04-01)
stock_CUR3K@844b3eaf1ea2,CHAI,2020-10-01,6924058.848,20183631541.920002,data_before_corruption (corruption at 2023-04-01)
stock_CUR3K@844b3eaf1ea2,CHAI,2021-01-01,6584288.256,19449987508.224,data_before_corruption (corruption at 2023-04-01)
stock_CUR3K@844b3eaf1ea2,CHAI,2021-04-01,5366328.3072,16152648204.671999,data_before_corruption (corruption at 2023-04-01)
stock_CUR3K@844b3eaf1ea2,CHAI,2021-07-01,2204033.328,6640752417.264001,data_before_corruption (corruption at 2023-04-01)
stock_CUR3K@844b3eaf1ea2,CHAI,2021-10-01,2357237.736,7411155441.984,data_before_corruption (corruption at 2023-04-01)
stock_CUR3K@844b3eaf1ea2,CHAI,2022-01-01,787695.3,6388208883.0,data_before_corruption (corruption at 2023-04-01)
stock_CUR3K@844b3eaf1ea2,CHAI,2022-04-01,707158.1664,6468375748.0608,data_before_corruption (corruption at 2023-04-01)
stock_CUR3K@844b3eaf1ea2,CHAI,2022-07-01,212548.64399999997,2196690235.74,data_before_corruption (corruption at 2023-04-01)
stock_CUR3K@844b3eaf1ea2,CHAI,2022-10-01,77112.0,15191064.0,data_before_corruption (corruption at 2023-04-01)
stock_CUR3K@844b3eaf1ea2,CHAI,2023-01-01,76860.0,2839131540.0,data_before_corruption (corruption at 2023-04-01)
stock_CUR3K@844b3eaf1ea2,CHAI,2023-04-01,27417.599999999995,10528358.399999999,data_before_corruption (corruption at 2023-04-01)
stock_CUR3K@844b3eaf1ea2,CNSP,2020-04-01,1925999.9999999998,35203505.04,data_before_corruption (corruption at 2024-04-01)
stock_CUR3K@844b3eaf1ea2,CNSP,2020-07-01,1584000.0,29011007.52,data_before_corruption (corruption at 2024-04-01)
stock_CUR3K@844b3eaf1ea2,CNSP,2020-10-01,1602000.0,30199793.661809996,data_before_corruption (corruption at 2024-04-01)
stock_CUR3K@844b3eaf1ea2,CNSP,2021-01-01,2151000.0,58947896.88,data_before_corruption (corruption at 2024-04-01)
stock_CUR3K@844b3eaf1ea2,CNSP,2021-04-01,1764000.0,49848117.48,data_before_corruption (corruption at 2024-04-01)
stock_CUR3K@844b3eaf1ea2,CNSP,2021-07-01,1341000.0,40891220.28,data_before_corruption (corruption at 2024-04-01)
stock_CUR3K@844b3eaf1ea2,CNSP,2021-10-01,632160.0,19998623.710326243,data_before_corruption (corruption at 2024-04-01)
stock_CUR3K@844b3eaf1ea2,CNSP,2022-01-01,306900.0,13651074.656999998,data_before_corruption (corruption at 2024-04-01)
stock_CUR3K@844b3eaf1ea2,CNSP,2022-04-01,252000.0,11209093.559999999,data_before_corruption (corruption at 2024-04-01)
stock_CUR3K@844b3eaf1ea2,CNSP,2022-07-01,161100.0,7165813.382999999,data_before_corruption (corruption at 2024-04-01)
stock_CUR3K@844b3eaf1ea2,CNSP,2022-10-01,72000.0,3457153.081872,data_before_corruption (corruption at 2024-04-01)
stock_CUR3K@844b3eaf1ea2,CNSP,2023-01-01,30000.0,1906494.0,data_before_corruption (corruption at 2024-04-01)
stock_CUR3K@844b3eaf1ea2,CNSP,2023-04-01,66900.0,8646416.91,data_before_corruption (corruption at 2024-04-01)
stock_CUR3K@844b3eaf1ea2,CNSP,2023-07-01,34200.0,4761858.546,data_before_corruption (corruption at 2024-04-01)
stock_CUR3K@844b3eaf1ea2,CNSP,2023-10-01,38100.0,7154990.90514705,data_before_corruption (corruption at 2024-04-01)
stock_CUR3K@844b3eaf1ea2,CNSP,2024-01-01,10794.0,3134822.2999800006,data_before_corruption (corruption at 2024-04-01)
stock_CUR3K@844b3eaf1ea2,CNSP,2024-04-01,852.0000000000001,534833.05716,data_before_corruption (corruption at 2024-04-01)
stock_CUR3K@844b3eaf1ea2,EAS2P.AS,2014-04-01,17.993122,125178149.754,data_before_corruption (corruption at 2015-10-01)
stock_CUR3K@844b3eaf1ea2,EAS2P.AS,2014-10-01,19.04673,135003222.24,data_before_corruption (corruption at 2015-10-01)
stock_CUR3K@844b3eaf1ea2,EAS2P.AS,2015-04-01,18.089342,130243262.39999999,data_before_corruption (corruption at 2015-10-01)
stock_CUR3K@844b3eaf1ea2,EAS2P.AS,2015-10-01,3.453332,25685883.416,data_before_corruption (corruption at 2015-10-01)
stock_CUR3K@844b3eaf1ea2,KXIN,2017-04-01,3898193.21,506765117.3,data_before_corruption (corruption at 2023-04-01)
stock_CUR3K@844b3eaf1ea2,KXIN,2017-10-01,3906289.15,761726384.25,data_before_corruption (corruption at 2023-04-01)
stock_CUR3K@844b3eaf1ea2,KXIN,2018-04-01,4003440.3800000004,780670874.1,data_before_corruption (corruption at 2023-04-01)
stock_CUR3K@844b3eaf1ea2,KXIN,2019-04-01,858169.2200000001,145030598.18,data_before_corruption (corruption at 2023-04-01)
stock_CUR3K@844b3eaf1ea2,KXIN,2019-10-01,756970.02,221035245.84,data_before_corruption (corruption at 2023-04-01)
stock_CUR3K@844b3eaf1ea2,KXIN,2020-04-01,344077.28,62966142.24,data_before_corruption (corruption at 2023-04-01)
stock_CUR3K@844b3eaf1ea2,KXIN,2020-10-01,1509892.0799999998,276310250.64,data_before_corruption (corruption at 2023-04-01)
stock_CUR3K@844b3eaf1ea2,KXIN,2021-04-01,935080.62,171119753.46,data_before_corruption (corruption at 2023-04-01)
stock_CUR3K@844b3eaf1ea2,KXIN,2021-10-01,461468.3599999999,176280913.51999998,data_before_corruption (corruption at 2023-04-01)
stock_CUR3K@844b3eaf1ea2,KXIN,2022-04-01,412892.74,173827843.54,data_before_corruption (corruption at 2023-04-01)
stock_CUR3K@844b3eaf1ea2,KXIN,2022-10-01,118686.42,67295200.14,data_before_corruption (corruption at 2023-04-01)
stock_CUR3K@844b3eaf1ea2,KXIN,2023-04-01,125487.01000000001,71904056.73,data_before_corruption (corruption at 2023-04-01)
stock_CUR3K@844b3eaf1ea2,LBG.L,2016-10-01,2.0,29902.0,data_before_corruption (corruption at 2017-10-01)
stock_CUR3K@844b3eaf1ea2,LBG.L,2017-04-01,2.0,29902.0,data_before_corruption (corruption at 2017-10-01)
stock_CUR3K@844b3eaf1ea2,LBG.L,2017-10-01,2.0,29902.0,data_before_corruption (corruption at 2017-10-01)
stock_CUR3K@844b3eaf1ea2,NEDSE.AS,2014-10-01,0.16,4589280.0,data_before_corruption (corruption at 2019-10-01)
stock_CUR3K@844b3eaf1ea2,NEDSE.AS,2015-04-01,0.16,5066880.0,data_before_corruption (corruption at 2019-10-01)
stock_CUR3K@844b3eaf1ea2,NEDSE.AS,2015-10-01,0.07,2065140.0000000002,data_before_corruption (corruption at 2019-10-01)
stock_CUR3K@844b3eaf1ea2,NEDSE.AS,2016-04-01,0.08,2399360.0,data_before_corruption (corruption at 2019-10-01)
stock_CUR3K@844b3eaf1ea2,NEDSE.AS,2016-10-01,0.09,2685060.0,data_before_corruption (corruption at 2019-10-01)
stock_CUR3K@844b3eaf1ea2,NEDSE.AS,2017-04-01,0.13,3889340.0,data_before_corruption (corruption at 2019-10-01)
stock_CUR3K@844b3eaf1ea2,NEDSE.AS,2017-10-01,0.274,8196580.946,data_before_corruption (corruption at 2019-10-01)
stock_CUR3K@844b3eaf1ea2,NEDSE.AS,2018-04-01,0.15,5086800.0,data_before_corruption (corruption at 2019-10-01)
stock_CUR3K@844b3eaf1ea2,NEDSE.AS,2018-10-01,0.153,5420790.0,data_before_corruption (corruption at 2019-10-01)
stock_CUR3K@844b3eaf1ea2,NEDSE.AS,2019-04-01,0.18,6102540.0,data_before_corruption (corruption at 2019-10-01)
stock_CUR3K@844b3eaf1ea2,NEDSE.AS,2019-10-01,0.151,6310711.743,data_before_corruption (corruption at 2019-10-01)
stock_CUR3K@844b3eaf1ea2,PNNT,2020-07-01,3.19,213873884.95,data_before_corruption (corruption at 2026-04-01)
stock_CUR3K@844b3eaf1ea2,PNNT,2020-10-01,4.61,309077934.05,data_before_corruption (corruption at 2026-04-01)
stock_CUR3K@844b3eaf1ea2,PNNT,2021-01-01,5.65,378804843.25,data_before_corruption (corruption at 2026-04-01)
stock_CUR3K@844b3eaf1ea2,PNNT,2021-04-01,6.68,447861301.4,data_before_corruption (corruption at 2026-04-01)
stock_CUR3K@844b3eaf1ea2,PNNT,2021-07-01,6.49,435122731.45,data_before_corruption (corruption at 2026-04-01)
stock_CUR3K@844b3eaf1ea2,PNNT,2021-10-01,6.93,464622577.65,data_before_corruption (corruption at 2026-04-01)
stock_CUR3K@844b3eaf1ea2,PNNT,2022-01-01,7.78,519293643.90000004,data_before_corruption (corruption at 2026-04-01)
stock_CUR3K@844b3eaf1ea2,PNNT,2022-04-01,6.18,407244899.94,data_before_corruption (corruption at 2026-04-01)
stock_CUR3K@844b3eaf1ea2,PNNT,2022-07-01,5.46,356125770.0,data_before_corruption (corruption at 2026-04-01)
stock_CUR3K@844b3eaf1ea2,PNNT,2022-10-01,5.75,375040875.0,data_before_corruption (corruption at 2026-04-01)
stock_CUR3K@844b3eaf1ea2,PNNT,2023-01-01,5.28,344385360.0,data_before_corruption (corruption at 2026-04-01)
stock_CUR3K@844b3eaf1ea2,PNNT,2023-04-01,5.89,384172305.0,data_before_corruption (corruption at 2026-04-01)
stock_CUR3K@844b3eaf1ea2,PNNT,2023-07-01,6.58,429177210.0,data_before_corruption (corruption at 2026-04-01)
stock_CUR3K@844b3eaf1ea2,PNNT,2023-10-01,6.91,450701295.0,data_before_corruption (corruption at 2026-04-01)
stock_CUR3K@844b3eaf1ea2,PNNT,2024-01-01,6.78,442222110.0,data_before_corruption (corruption at 2026-04-01)
stock_CUR3K@844b3eaf1ea2,PNNT,2024-04-01,7.53,491246914.02000004,data_before_corruption (corruption at 2026-04-01)
stock_CUR3K@844b3eaf1ea2,PNNT,2024-07-01,6.99,457425600.0,data_before_corruption (corruption at 2026-04-01)
stock_CUR3K@844b3eaf1ea2,PNNT,2024-10-01,7.08,462296345.52,data_before_corruption (corruption at 2026-04-01)
stock_CUR3K@844b3eaf1ea2,PNNT,2025-01-01,7.03,459031540.82,data_before_corruption (corruption at 2026-04-01)
stock_CUR3K@844b3eaf1ea2,PNNT,2025-04-01,6.84,446625282.96,data_before_corruption (corruption at 2026-04-01)
stock_CUR3K@844b3eaf1ea2,PNNT,2025-07-01,6.71,438136790.74,data_before_corruption (corruption at 2026-04-01)
stock_CUR3K@844b3eaf1ea2,PNNT,2025-10-01,5.96,381227138.6,data_before_corruption (corruption at 2026-04-01)
stock_CUR3K@844b3eaf1ea2,PNNT,2026-01-01,4.49,287199639.65000004,data_before_corruption (corruption at 2026-04-01)
stock_CUR3K@844b3eaf1ea2,PNNT,2026-04-01,0.0,0.0,data_before_corruption (corruption at 2026-04-01)
stock_CUR3K@844b3eaf1ea2,PPBT,2020-04-01,,,data_before_corruption (corruption at 2025-07-01)
stock_CUR3K@844b3eaf1ea2,PPBT,2020-07-01,6.138465773056669,272756.58816000004,data_before_corruption (corruption at 2025-07-01)
stock_CUR3K@844b3eaf1ea2,PPBT,2020-10-01,24.425821377773776,1085336.9471,data_before_corruption (corruption at 2025-07-01)
stock_CUR3K@844b3eaf1ea2,PPBT,2021-01-01,843.8484559830584,73319460.795,data_before_corruption (corruption at 2025-07-01)
stock_CUR3K@844b3eaf1ea2,PPBT,2021-04-01,971.5296599999998,85108912.80497998,data_before_corruption (corruption at 2025-07-01)
stock_CUR3K@844b3eaf1ea2,PPBT,2021-07-01,891.9213599999998,78098418.12431999,data_before_corruption (corruption at 2025-07-01)
stock_CUR3K@844b3eaf1ea2,PPBT,2021-10-01,769.1535872362007,78103701.0159,data_before_corruption (corruption at 2025-07-01)
stock_CUR3K@844b3eaf1ea2,PPBT,2022-01-01,804.1106367350751,71616505.639536,data_before_corruption (corruption at 2025-07-01)
stock_CUR3K@844b3eaf1ea2,PPBT,2022-04-01,475.6078517530864,42761901.95112,data_before_corruption (corruption at 2025-07-01)
stock_CUR3K@844b3eaf1ea2,PPBT,2022-07-01,376.4709007987429,34020545.89248,data_before_corruption (corruption at 2025-07-01)
stock_CUR3K@844b3eaf1ea2,PPBT,2022-10-01,291.30522201735454,26784641.2488297,data_before_corruption (corruption at 2025-07-01)
stock_CUR3K@844b3eaf1ea2,PPBT,2023-01-01,356.36672622524543,35349441.041186996,data_before_corruption (corruption at 2025-07-01)
stock_CUR3K@844b3eaf1ea2,PPBT,2023-04-01,293.51712653286614,30828690.834,data_before_corruption (corruption at 2025-07-01)
stock_CUR3K@844b3eaf1ea2,PPBT,2023-07-01,216.08306667371295,23592597.468636002,data_before_corruption (corruption at 2025-07-01)
stock_CUR3K@844b3eaf1ea2,PPBT,2023-10-01,175.8340467345211,22488119.57306484,data_before_corruption (corruption at 2025-07-01)
stock_CUR3K@844b3eaf1ea2,PPBT,2024-01-01,131.7145781907504,17856150.221585456,data_before_corruption (corruption at 2025-07-01)
stock_CUR3K@844b3eaf1ea2,PPBT,2024-04-01,79.26525139679218,10911971.568287998,data_before_corruption (corruption at 2025-07-01)
stock_CUR3K@844b3eaf1ea2,PPBT,2024-07-01,54.3524388408199,9418625.421848,data_before_corruption (corruption at 2025-07-01)
stock_CUR3K@844b3eaf1ea2,PPBT,2024-10-01,51.18063513003485,10502522.231858801,data_before_corruption (corruption at 2025-07-01)
stock_CUR3K@844b3eaf1ea2,PPBT,2025-01-01,27.548013637608207,7255375.447764149,data_before_corruption (corruption at 2025-07-01)
stock_CUR3K@844b3eaf1ea2,PPBT,2025-04-01,24.23851726560872,6634397.27632156,data_before_corruption (corruption at 2025-07-01)
stock_CUR3K@844b3eaf1ea2,PPBT,2025-07-01,0.05310988825110029,15120.3320752,data_before_corruption (corruption at 2025-07-01)
stock_CUR3K@844b3eaf1ea2,PROAC.PA,2012-04-01,0.20034769864038918,25699000.0,data_before_corruption (corruption at 2015-10-01)
stock_CUR3K@844b3eaf1ea2,PROAC.PA,2012-10-01,0.17014553095451185,21862850.0,data_before_corruption (corruption at 2015-10-01)
stock_CUR3K@844b3eaf1ea2,PROAC.PA,2013-04-01,0.17908323937638507,23031000.0,data_before_corruption (corruption at 2015-10-01)
stock_CUR3K@844b3eaf1ea2,PROAC.PA,2013-10-01,0.17985588120359516,23012560.0,data_before_corruption (corruption at 2015-10-01)
stock_CUR3K@844b3eaf1ea2,PROAC.PA,2014-04-01,0.14018305655694108,18976300.0,data_before_corruption (corruption at 2015-10-01)
stock_CUR3K@844b3eaf1ea2,PROAC.PA,2014-10-01,0.11966180973108562,16219560.0,data_before_corruption (corruption at 2015-10-01)
stock_CUR3K@844b3eaf1ea2,PROAC.PA,2015-04-01,0.150280772104792,20312400.0,data_before_corruption (corruption at 2015-10-01)
stock_CUR3K@844b3eaf1ea2,PROAC.PA,2015-10-01,0.0,0.0,data_before_corruption (corruption at 2015-10-01)
stock_CUR3K@844b3eaf1ea2,RCEL,2020-07-01,25.16,536065224.84,data_before_corruption (corruption at 2026-04-01)
stock_CUR3K@844b3eaf1ea2,RCEL,2020-10-01,18.58,401765521.84,data_before_corruption (corruption at 2026-04-01)
stock_CUR3K@844b3eaf1ea2,RCEL,2021-01-01,19.82,450594539.52,data_before_corruption (corruption at 2026-04-01)
stock_CUR3K@844b3eaf1ea2,RCEL,2021-04-01,20.52,510142343.76,data_before_corruption (corruption at 2026-04-01)
stock_CUR3K@844b3eaf1ea2,RCEL,2021-07-01,17.72,441323741.15999997,data_before_corruption (corruption at 2026-04-01)
stock_CUR3K@844b3eaf1ea2,RCEL,2021-10-01,11.98,291790618.42,data_before_corruption (corruption at 2026-04-01)
stock_CUR3K@844b3eaf1ea2,RCEL,2022-01-01,8.48,211474240.0,data_before_corruption (corruption at 2026-04-01)
stock_CUR3K@844b3eaf1ea2,RCEL,2022-04-01,4.75,118613589.5,data_before_corruption (corruption at 2026-04-01)
stock_CUR3K@844b3eaf1ea2,RCEL,2022-07-01,5.27,131787142.96,data_before_corruption (corruption at 2026-04-01)
stock_CUR3K@844b3eaf1ea2,RCEL,2022-10-01,6.6,165546598.79999998,data_before_corruption (corruption at 2026-04-01)
stock_CUR3K@844b3eaf1ea2,RCEL,2023-01-01,13.97,352073839.92,data_before_corruption (corruption at 2026-04-01)
stock_CUR3K@844b3eaf1ea2,RCEL,2023-04-01,17.01,429328674.81000006,data_before_corruption (corruption at 2026-04-01)
stock_CUR3K@844b3eaf1ea2,RCEL,2023-07-01,14.61,371120093.46,data_before_corruption (corruption at 2026-04-01)
stock_CUR3K@844b3eaf1ea2,RCEL,2023-10-01,13.72,349647669.28000003,data_before_corruption (corruption at 2026-04-01)
stock_CUR3K@844b3eaf1ea2,RCEL,2024-01-01,15.55,398667525.65000004,data_before_corruption (corruption at 2026-04-01)
stock_CUR3K@844b3eaf1ea2,RCEL,2024-04-01,7.72,198869346.16,data_before_corruption (corruption at 2026-04-01)
stock_CUR3K@844b3eaf1ea2,RCEL,2024-07-01,10.72,278547718.88,data_before_corruption (corruption at 2026-04-01)
stock_CUR3K@844b3eaf1ea2,RCEL,2024-10-01,12.800000000000002,334671795.20000005,data_before_corruption (corruption at 2026-04-01)
stock_CUR3K@844b3eaf1ea2,RCEL,2025-01-01,8.14,213704019.10000002,data_before_corruption (corruption at 2026-04-01)
stock_CUR3K@844b3eaf1ea2,RCEL,2025-04-01,5.289999999999999,139484328.92,data_before_corruption (corruption at 2026-04-01)
stock_CUR3K@844b3eaf1ea2,RCEL,2025-07-01,5.11,145090503.95000002,data_before_corruption (corruption at 2026-04-01)
stock_CUR3K@844b3eaf1ea2,RCEL,2025-10-01,3.45,104825517.60000001,data_before_corruption (corruption at 2026-04-01)
stock_CUR3K@844b3eaf1ea2,RCEL,2026-01-01,0.03855985422997496,1130009.6,data_before_corruption (corruption at 2026-04-01)
stock_CUR3K@844b3eaf1ea2,RCEL,2026-04-01,4.13,126997062.22,data_before_corruption (corruption at 2026-04-01)
stock_CUR3K@844b3eaf1ea2,SCNI,2020-04-01,2275.0,246550850.0,data_before_corruption (corruption at 2026-01-01)
stock_CUR3K@844b3eaf1ea2,SCNI,2020-07-01,3909.0,540563883.0,data_before_corruption (corruption at 2026-01-01)
stock_CUR3K@844b3eaf1ea2,SCNI,2020-10-01,281.0,31686403.0,data_before_corruption (corruption at 2026-01-01)
stock_CUR3K@844b3eaf1ea2,SCNI,2021-01-01,380.0,50429420.0,data_before_corruption (corruption at 2026-01-01)
stock_CUR3K@844b3eaf1ea2,SCNI,2021-04-01,287.0,41127100.0,data_before_corruption (corruption at 2026-01-01)
stock_CUR3K@844b3eaf1ea2,SCNI,2021-07-01,220.0,24876280.0,data_before_corruption (corruption at 2026-01-01)
stock_CUR3K@844b3eaf1ea2,SCNI,2021-10-01,235.0,17639805.0,data_before_corruption (corruption at 2026-01-01)
stock_CUR3K@844b3eaf1ea2,SCNI,2022-01-01,166.0,30905548.0,data_before_corruption (corruption at 2026-01-01)
stock_CUR3K@844b3eaf1ea2,SCNI,2022-04-01,116.5,21753462.5,data_before_corruption (corruption at 2026-01-01)
stock_CUR3K@844b3eaf1ea2,SCNI,2022-07-01,73.0,13635451.0,data_before_corruption (corruption at 2026-01-01)
stock_CUR3K@844b3eaf1ea2,SCNI,2022-10-01,29.6,5752878.4,data_before_corruption (corruption at 2026-01-01)
stock_CUR3K@844b3eaf1ea2,SCNI,2023-01-01,21.6,6326985.600000001,data_before_corruption (corruption at 2026-01-01)
stock_CUR3K@844b3eaf1ea2,SCNI,2023-04-01,14.1,4765278.3,data_before_corruption (corruption at 2026-01-01)
stock_CUR3K@844b3eaf1ea2,SCNI,2023-07-01,8.7,4082222.6999999997,data_before_corruption (corruption at 2026-01-01)
stock_CUR3K@844b3eaf1ea2,SCNI,2023-10-01,5.950000000000001,1328765.9000000001,data_before_corruption (corruption at 2026-01-01)
stock_CUR3K@844b3eaf1ea2,SCNI,2024-01-01,5.16,2613730.92,data_before_corruption (corruption at 2026-01-01)
stock_CUR3K@844b3eaf1ea2,SCNI,2024-04-01,2.94,1874552.82,data_before_corruption (corruption at 2026-01-01)
stock_CUR3K@844b3eaf1ea2,SCNI,2024-07-01,3.45,2910302.7,data_before_corruption (corruption at 2026-01-01)
stock_CUR3K@844b3eaf1ea2,SCNI,2024-10-01,3.3500000000000005,2701332.8000000003,data_before_corruption (corruption at 2026-01-01)
stock_CUR3K@844b3eaf1ea2,SCNI,2025-01-01,2.69,2169129.92,data_before_corruption (corruption at 2026-01-01)
stock_CUR3K@844b3eaf1ea2,SCNI,2025-04-01,2.28,3627897.2399999998,data_before_corruption (corruption at 2026-01-01)
stock_CUR3K@844b3eaf1ea2,SCNI,2025-07-01,1.26,2004890.58,data_before_corruption (corruption at 2026-01-01)
stock_CUR3K@844b3eaf1ea2,SCNI,2025-10-01,0.7121,1662657.3665,data_before_corruption (corruption at 2026-01-01)
stock_CUR3K@844b3eaf1ea2,SCNI,2026-01-01,0.5703842679704016,539.5835175,data_before_corruption (corruption at 2026-01-01)
stock_CUR3K@844b3eaf1ea2,SXTC,2020-01-01,107538484.0,1437251838660.0,data_before_corruption (corruption at 2026-01-01)
stock_CUR3K@844b3eaf1ea2,SXTC,2020-04-01,101240926.0,2913713850280.0,data_before_corruption (corruption at 2026-01-01)
stock_CUR3K@844b3eaf1ea2,SXTC,2020-07-01,47001287.0,1352697039860.0,data_before_corruption (corruption at 2026-01-01)
stock_CUR3K@844b3eaf1ea2,SXTC,2020-10-01,63109980.0,1816557664320.0,data_before_corruption (corruption at 2026-01-01)
stock_CUR3K@844b3eaf1ea2,SXTC,2021-01-01,88319412.0,2542185955008.0,data_before_corruption (corruption at 2026-01-01)
stock_CUR3K@844b3eaf1ea2,SXTC,2021-04-01,69599536.0,2164475970064.0,data_before_corruption (corruption at 2026-01-01)
stock_CUR3K@844b3eaf1ea2,SXTC,2021-07-01,49439671.0,1537524328429.0,data_before_corruption (corruption at 2026-01-01)
stock_CUR3K@844b3eaf1ea2,SXTC,2021-10-01,31214192.0,1625728761936.0,data_before_corruption (corruption at 2026-01-01)
stock_CUR3K@844b3eaf1ea2,SXTC,2022-01-01,13439910.0,699990832530.0,data_before_corruption (corruption at 2026-01-01)
stock_CUR3K@844b3eaf1ea2,SXTC,2022-04-01,4199972.0,429724335152.0,data_before_corruption (corruption at 2026-01-01)
stock_CUR3K@844b3eaf1ea2,SXTC,2022-07-01,1847988.0,189078740208.0,data_before_corruption (corruption at 2026-01-01)
stock_CUR3K@844b3eaf1ea2,SXTC,2022-10-01,1300791.2,561460505656.0,data_before_corruption (corruption at 2026-01-01)
stock_CUR3K@844b3eaf1ea2,SXTC,2023-01-01,680635.2,293782571376.0,data_before_corruption (corruption at 2026-01-01)
stock_CUR3K@844b3eaf1ea2,SXTC,2023-04-01,563996.0,282825382132.0,data_before_corruption (corruption at 2026-01-01)
stock_CUR3K@844b3eaf1ea2,SXTC,2023-07-01,295198.4,148032256052.80002,data_before_corruption (corruption at 2026-01-01)
stock_CUR3K@844b3eaf1ea2,SXTC,2023-10-01,381117.5999999999,330589790827.19995,data_before_corruption (corruption at 2026-01-01)
stock_CUR3K@844b3eaf1ea2,SXTC,2024-01-01,159359.2,196549972018.40002,data_before_corruption (corruption at 2026-01-01)
stock_CUR3K@844b3eaf1ea2,SXTC,2024-04-01,100789.6,40710935232.0,data_before_corruption (corruption at 2026-01-01)
stock_CUR3K@844b3eaf1ea2,SXTC,2024-07-01,70060.0,28298635200.0,data_before_corruption (corruption at 2026-01-01)
stock_CUR3K@844b3eaf1ea2,SXTC,2024-10-01,48777.6,119148263078.4,data_before_corruption (corruption at 2026-01-01)
stock_CUR3K@844b3eaf1ea2,SXTC,2025-01-01,29938.4,73130050665.6,data_before_corruption (corruption at 2026-01-01)
stock_CUR3K@844b3eaf1ea2,SXTC,2025-07-01,18840.0,14573079120.0,data_before_corruption (corruption at 2026-01-01)
stock_CUR3K@844b3eaf1ea2,SXTC,2025-10-01,19200.0,11246880000.0,data_before_corruption (corruption at 2026-01-01)
stock_CUR3K@844b3eaf1ea2,SXTC,2026-01-01,134.4,78728160.0,data_before_corruption (corruption at 2026-01-01)
stock_CUR3K@844b3eaf1ea2,TVC,2020-07-01,26.96,14154000.0,data_before_corruption (corruption at 2026-04-01)
stock_CUR3K@844b3eaf1ea2,TVC,2020-10-01,25.55,13413750.0,data_before_corruption (corruption at 2026-04-01)
stock_CUR3K@844b3eaf1ea2,TVC,2021-01-01,26.38,13849500.0,data_before_corruption (corruption at 2026-04-01)
stock_CUR3K@844b3eaf1ea2,TVC,2021-04-01,26.66,13996500.0,data_before_corruption (corruption at 2026-04-01)
stock_CUR3K@844b3eaf1ea2,TVC,2021-07-01,27.74,14563500.0,data_before_corruption (corruption at 2026-04-01)
stock_CUR3K@844b3eaf1ea2,TVC,2021-10-01,26.15,13728750.0,data_before_corruption (corruption at 2026-04-01)
stock_CUR3K@844b3eaf1ea2,TVC,2022-01-01,23.7,12442500.0,data_before_corruption (corruption at 2026-04-01)
stock_CUR3K@844b3eaf1ea2,TVC,2022-04-01,23.96,12579000.0,data_before_corruption (corruption at 2026-04-01)
stock_CUR3K@844b3eaf1ea2,TVC,2022-07-01,21.64,11361000.0,data_before_corruption (corruption at 2026-04-01)
stock_CUR3K@844b3eaf1ea2,TVC,2022-10-01,22.16,11634000.0,data_before_corruption (corruption at 2026-04-01)
stock_CUR3K@844b3eaf1ea2,TVC,2023-01-01,21.61,11345250.0,data_before_corruption (corruption at 2026-04-01)
stock_CUR3K@844b3eaf1ea2,TVC,2023-04-01,21.84,11466000.0,data_before_corruption (corruption at 2026-04-01)
stock_CUR3K@844b3eaf1ea2,TVC,2023-07-01,21.61,11345250.0,data_before_corruption (corruption at 2026-04-01)
stock_CUR3K@844b3eaf1ea2,TVC,2023-10-01,23.04,12096000.0,data_before_corruption (corruption at 2026-04-01)
stock_CUR3K@844b3eaf1ea2,TVC,2024-01-01,22.15,11628750.0,data_before_corruption (corruption at 2026-04-01)
stock_CUR3K@844b3eaf1ea2,TVC,2024-04-01,22.64,11886000.0,data_before_corruption (corruption at 2026-04-01)
stock_CUR3K@844b3eaf1ea2,TVC,2024-07-01,22.92,12033000.0,data_before_corruption (corruption at 2026-04-01)
stock_CUR3K@844b3eaf1ea2,TVC,2024-10-01,22.53,11828250.0,data_before_corruption (corruption at 2026-04-01)
stock_CUR3K@844b3eaf1ea2,TVC,2025-01-01,23.77,12479250.0,data_before_corruption (corruption at 2026-04-01)
stock_CUR3K@844b3eaf1ea2,TVC,2025-04-01,23.4,12285000.0,data_before_corruption (corruption at 2026-04-01)
stock_CUR3K@844b3eaf1ea2,TVC,2025-07-01,23.86,12526500.0,data_before_corruption (corruption at 2026-04-01)
stock_CUR3K@844b3eaf1ea2,TVC,2025-10-01,24.05,12626250.0,data_before_corruption (corruption at 2026-04-01)
stock_CUR3K@844b3eaf1ea2,TVC,2026-01-01,24.5,12862500.0,data_before_corruption (corruption at 2026-04-01)
stock_CUR3K@844b3eaf1ea2,TVC,2026-04-01,23.86,12526500.0,data_before_corruption (corruption at 2026-04-01)
stock_CUR3K@844b3eaf1ea2,VLK.AS,2013-04-01,,,data_before_corruption (corruption at 2019-04-01)
stock_CUR3K@844b3eaf1ea2,VLK.AS,2013-10-01,,,data_before_corruption (corruption at 2019-04-01)
stock_CUR3K@844b3eaf1ea2,VLK.AS,2014-04-01,18.0,7200000.0,data_before_corruption (corruption at 2019-04-01)
stock_CUR3K@844b3eaf1ea2,VLK.AS,2014-10-01,17.4,6959999.999999999,data_before_corruption (corruption at 2019-04-01)
stock_CUR3K@844b3eaf1ea2,VLK.AS,2015-04-01,22.34,912060904.74,data_before_corruption (corruption at 2019-04-01)
stock_CUR3K@844b3eaf1ea2,VLK.AS,2016-04-01,16.2,6638209.199999999,data_before_corruption (corruption at 2019-04-01)
stock_CUR3K@844b3eaf1ea2,VLK.AS,2017-04-01,24.3,9720000.0,data_before_corruption (corruption at 2019-04-01)
stock_CUR3K@844b3eaf1ea2,VLK.AS,2017-10-01,26.0,10400000.0,data_before_corruption (corruption at 2019-04-01)
stock_CUR3K@844b3eaf1ea2,VLK.AS,2018-04-01,24.2,9680000.0,data_before_corruption (corruption at 2019-04-01)
stock_CUR3K@844b3eaf1ea2,VLK.AS,2018-10-01,19.82,7928000.0,data_before_corruption (corruption at 2019-04-01)
stock_CUR3K@844b3eaf1ea2,VLK.AS,2019-04-01,19.9,7959999.999999999,data_before_corruption (corruption at 2019-04-01)
stock_CUR3K@844b3eaf1ea2,ZNB,2018-01-01,,0.0,data_before_corruption (corruption at 2024-10-01)
stock_CUR3K@844b3eaf1ea2,ZNB,2018-04-01,,0.0,data_before_corruption (corruption at 2024-10-01)
stock_CUR3K@844b3eaf1ea2,ZNB,2018-10-01,,0.0,data_before_corruption (corruption at 2024-10-01)
stock_CUR3K@844b3eaf1ea2,ZNB,2019-10-01,,0.0,data_before_corruption (corruption at 2024-10-01)
stock_CUR3K@844b3eaf1ea2,ZNB,2020-10-01,56000000.0,251091679.99999997,data_before_corruption (corruption at 2024-10-01)
stock_CUR3K@844b3eaf1ea2,ZNB,2021-04-01,82400000.0,909338384.0,data_before_corruption (corruption at 2024-10-01)
stock_CUR3K@844b3eaf1ea2,ZNB,2021-10-01,40000000.0,521999200.00000006,data_before_corruption (corruption at 2024-10-01)
stock_CUR3K@844b3eaf1ea2,ZNB,2022-04-01,10400000.0,161647155.78959998,data_before_corruption (corruption at 2024-10-01)
stock_CUR3K@844b3eaf1ea2,ZNB,2022-10-01,1820000.0000000002,1093062.8800000001,data_before_corruption (corruption at 2024-10-01)
stock_CUR3K@844b3eaf1ea2,ZNB,2023-04-01,2800000.0,181339340.0,data_before_corruption (corruption at 2024-10-01)
stock_CUR3K@844b3eaf1ea2,ZNB,2023-10-01,740000.0,72479277.8,data_before_corruption (corruption at 2024-10-01)
stock_CUR3K@844b3eaf1ea2,ZNB,2024-04-01,420000.0,88052806.8,data_before_corruption (corruption at 2024-10-01)
stock_CUR3K@844b3eaf1ea2,ZNB,2024-10-01,47400.0,17562060.24,data_before_corruption (corruption at 2024-10-01)
stock_CUR3K@844b3eaf1ea2,0QK3.L,2025-04-01,44.66103778295671,6346568520.0,insufficient_data_after_corruption (<8 periods)
stock_CUR3K@844b3eaf1ea2,0QK3.L,2025-10-01,44.962302587728246,6756717620.0,insufficient_data_after_corruption (<8 periods)
stock_CUR3K@844b3eaf1ea2,0QK3.L,2026-04-01,52.70708571428571,7378992000.0,insufficient_data_after_corruption (<8 periods)
stock_CUR3K@844b3eaf1ea2,0UNV.L,2025-01-01,0.9,154639800.0,insufficient_data_after_corruption (<8 periods)
stock_CUR3K@844b3eaf1ea2,0UNV.L,2025-04-01,0.79,146549740.0,insufficient_data_after_corruption (<8 periods)
stock_CUR3K@844b3eaf1ea2,0UNV.L,2025-07-01,1.02,191201040.0,insufficient_data_after_corruption (<8 periods)
stock_CUR3K@844b3eaf1ea2,0UNV.L,2025-10-01,0.95,182281250.0,insufficient_data_after_corruption (<8 periods)
stock_CUR3K@844b3eaf1ea2,0UNV.L,2026-01-01,0.9,194100300.0,insufficient_data_after_corruption (<8 periods)
stock_CUR3K@844b3eaf1ea2,0UNV.L,2026-04-01,0.6950684067181117,153123570.0,insufficient_data_after_corruption (<8 periods)
stock_CUR3K@844b3eaf1ea2,AKAN,2023-10-01,2064.0,2064000.0,insufficient_data_after_corruption (<8 periods)
stock_CUR3K@844b3eaf1ea2,AKAN,2024-04-01,271.2,2048373.5999999999,insufficient_data_after_corruption (<8 periods)
stock_CUR3K@844b3eaf1ea2,AKAN,2024-10-01,96.0,3144672.0,insufficient_data_after_corruption (<8 periods)
stock_CUR3K@844b3eaf1ea2,AKAN,2025-04-01,84.0,2914296.0,insufficient_data_after_corruption (<8 periods)
stock_CUR3K@844b3eaf1ea2,AKAN,2025-10-01,9.16,625802.04,insufficient_data_after_corruption (<8 periods)
stock_CUR3K@844b3eaf1ea2,ALKOM.PA,2023-04-01,1.07,12840615.25,insufficient_data_after_corruption (<8 periods)
stock_CUR3K@844b3eaf1ea2,ALKOM.PA,2023-10-01,1.0620715907362772,12745469.780000001,insufficient_data_after_corruption (<8 periods)
stock_CUR3K@844b3eaf1ea2,ALKOM.PA,2024-04-01,1.07,12733442.98,insufficient_data_after_corruption (<8 periods)
stock_CUR3K@844b3eaf1ea2,ALKOM.PA,2024-10-01,1.0049412678708654,12019418.14,insufficient_data_after_corruption (<8 periods)
stock_CUR3K@844b3eaf1ea2,ALKOM.PA,2025-04-01,1.0,11927825.0,insufficient_data_after_corruption (<8 periods)
stock_CUR3K@844b3eaf1ea2,ALKOM.PA,2025-10-01,0.88,10474078.56,insufficient_data_after_corruption (<8 periods)
stock_CUR3K@844b3eaf1ea2,ALSPW.PA,2023-10-01,6.4,457689.60000000003,insufficient_data_after_corruption (<8 periods)
stock_CUR3K@844b3eaf1ea2,ALSPW.PA,2024-04-01,0.58,161714094.32,insufficient_data_after_corruption (<8 periods)
stock_CUR3K@844b3eaf1ea2,ALSPW.PA,2024-10-01,0.0815,22723618.426,insufficient_data_after_corruption (<8 periods)
stock_CUR3K@844b3eaf1ea2,ALSPW.PA,2025-04-01,0.1224,4156117.0919999997,insufficient_data_after_corruption (<8 periods)
stock_CUR3K@844b3eaf1ea2,ALSPW.PA,2025-10-01,0.152,5408768.0,insufficient_data_after_corruption (<8 periods)
stock_CUR3K@844b3eaf1ea2,ATO.PA,2025-04-01,32.28,601364650.08,insufficient_data_after_corruption (<8 periods)
stock_CUR3K@844b3eaf1ea2,ATO.PA,2025-10-01,50.17,1015892330.0,insufficient_data_after_corruption (<8 periods)
stock_CUR3K@844b3eaf1ea2,ATO.PA,2026-04-01,33.64,660978433.04,insufficient_data_after_corruption (<8 periods)
stock_CUR3K@844b3eaf1ea2,BGEO.L,2026-01-01,92.8,3956668684.7999997,insufficient_data_after_corruption (<8 periods)
stock_CUR3K@844b3eaf1ea2,CNSP,2024-07-01,78.36,2896812.48,insufficient_data_after_corruption (<8 periods)
stock_CUR3K@844b3eaf1ea2,CNSP,2024-10-01,72.24,8509583.04,insufficient_data_after_corruption (<8 periods)
stock_CUR3K@844b3eaf1ea2,CNSP,2025-01-01,16.32,3708214.08,insufficient_data_after_corruption (<8 periods)
stock_CUR3K@844b3eaf1ea2,CNSP,2025-04-01,9.9,3664267.2,insufficient_data_after_corruption (<8 periods)
stock_CUR3K@844b3eaf1ea2,CNSP,2025-07-01,9.0,5029812.0,insufficient_data_after_corruption (<8 periods)
stock_CUR3K@844b3eaf1ea2,CNSP,2025-10-01,5.25,2327687.25,insufficient_data_after_corruption (<8 periods)
stock_CUR3K@844b3eaf1ea2,CNSP,2026-01-01,2.39,1616051.08,insufficient_data_after_corruption (<8 periods)
stock_CUR3K@844b3eaf1ea2,PPBT,2025-10-01,1506.55148950185,3615723.57480444,insufficient_data_after_corruption (<8 periods)
stock_CUR3K@844b3eaf1ea2,PPBT,2026-01-01,1270.900486985625,5905874.5630222,insufficient_data_after_corruption (<8 periods)
stock_CUR3K@844b3eaf1ea2,ZNB,2025-04-01,17200.0,188563600.0,insufficient_data_after_corruption (<8 periods)
stock_CUR3K@844b3eaf1ea2,ZNB,2025-10-01,464.0,132285240.0,insufficient_data_after_corruption (<8 periods)
stock_CUR3K@844b3eaf1ea2,016610.KS,2020-04-01,3175.0,131467225000.0,primary_input_absent [revenue impossible: < 0 (value=-6.9656e+10)]
stock_CUR3K@844b3eaf1ea2,016610.KS,2020-07-01,3885.0,161033250000.0,primary_input_absent [revenue impossible: < 0 (value=-6.9656e+10)]
stock_CUR3K@844b3eaf1ea2,016610.KS,2020-10-01,4655.0,192712345000.0,primary_input_absent [revenue impossible: < 0 (value=-6.9656e+10)]
stock_CUR3K@844b3eaf1ea2,016610.KS,2021-01-01,6050.0,250748300000.0,primary_input_absent [revenue impossible: < 0 (value=-6.9656e+10)]
stock_CUR3K@844b3eaf1ea2,016610.KS,2021-04-01,7240.0,299750480000.0,primary_input_absent [revenue impossible: < 0 (value=-6.9656e+10)]
stock_CUR3K@844b3eaf1ea2,016610.KS,2021-07-01,6680.0,276745720000.0,primary_input_absent [revenue impossible: < 0 (value=-6.9656e+10)]
stock_CUR3K@844b3eaf1ea2,016610.KS,2021-10-01,6580.0,272530440000.0,primary_input_absent [revenue impossible: < 0 (value=-6.9656e+10)]
stock_CUR3K@844b3eaf1ea2,016610.KS,2022-01-01,6690.0,275045970000.0,primary_input_absent [revenue impossible: < 0 (value=-6.9656e+10)]
stock_CUR3K@844b3eaf1ea2,016610.KS,2022-04-01,5000.0,204115000000.0,primary_input_absent [revenue impossible: < 0 (value=-6.9656e+10)]
stock_CUR3K@844b3eaf1ea2,016610.KS,2022-07-01,4370.0,178204230000.0,primary_input_absent [revenue impossible: < 0 (value=-6.9656e+10)]
stock_CUR3K@844b3eaf1ea2,016610.KS,2022-10-01,4050.0,165154950000.0,primary_input_absent [revenue impossible: < 0 (value=-6.9656e+10)]
stock_CUR3K@844b3eaf1ea2,016610.KS,2023-01-01,4015.0,163727685000.0,primary_input_absent [revenue impossible: < 0 (value=-6.9656e+10)]
stock_CUR3K@844b3eaf1ea2,016610.KS,2023-04-01,4045.0,164951055000.0,primary_input_absent [revenue impossible: < 0 (value=-6.9656e+10)]
stock_CUR3K@844b3eaf1ea2,016610.KS,2023-07-01,3915.0,159649785000.0,primary_input_absent [revenue impossible: < 0 (value=-6.9656e+10)]
stock_CUR3K@844b3eaf1ea2,016610.KS,2023-10-01,3840.0,156591360000.0,primary_input_absent [revenue impossible: < 0 (value=-6.9656e+10)]
stock_CUR3K@844b3eaf1ea2,016610.KS,2024-01-01,4195.0,171067905000.0,primary_input_absent [revenue impossible: < 0 (value=-6.9656e+10)]
stock_CUR3K@844b3eaf1ea2,016610.KS,2024-04-01,4330.0,176573070000.0,primary_input_absent [revenue impossible: < 0 (value=-6.9656e+10)]
stock_CUR3K@844b3eaf1ea2,016610.KS,2024-07-01,5570.0,227066620000.0,primary_input_absent [revenue impossible: < 0 (value=-6.9656e+10)]
stock_CUR3K@844b3eaf1ea2,016610.KS,2024-10-01,5170.0,207466930000.0,primary_input_absent [revenue impossible: < 0 (value=-6.9656e+10)]
stock_CUR3K@844b3eaf1ea2,016610.KS,2025-01-01,5340.0,214822860000.0,primary_input_absent [revenue impossible: < 0 (value=-6.9656e+10)]
stock_CUR3K@844b3eaf1ea2,016610.KS,2025-04-01,8290.0,332603090000.0,primary_input_absent [revenue impossible: < 0 (value=-6.9656e+10)]
stock_CUR3K@844b3eaf1ea2,016610.KS,2025-07-01,9640.0,386303720000.0,primary_input_absent [revenue impossible: < 0 (value=-6.9656e+10)]
stock_CUR3K@844b3eaf1ea2,016610.KS,2025-10-01,10850.0,251090700000.0,primary_input_absent [revenue impossible: < 0 (value=-6.9656e+10)]
stock_CUR3K@844b3eaf1ea2,016610.KS,2026-01-01,11950.0,480222700000.0,primary_input_absent [revenue impossible: < 0 (value=-6.9656e+10)]
stock_CUR3K@844b3eaf1ea2,0HV8.L,2014-04-01,46.550000000000004,1167874283.45,primary_input_absent [revenue impossible: < 0 (value=-6.7926e+07)]
stock_CUR3K@844b3eaf1ea2,0HV8.L,2014-10-01,49.99,1255697010.3600001,primary_input_absent [revenue impossible: < 0 (value=-6.7926e+07)]
stock_CUR3K@844b3eaf1ea2,0HV8.L,2015-04-01,73.0,1830998994.0,primary_input_absent [revenue impossible: < 0 (value=-6.7926e+07)]
stock_CUR3K@844b3eaf1ea2,0HV8.L,2015-10-01,68.0,1703408228.0,primary_input_absent [revenue impossible: < 0 (value=-6.7926e+07)]
stock_CUR3K@844b3eaf1ea2,0HV8.L,2016-04-01,62.9,1606237232.7,primary_input_absent [revenue impossible: < 0 (value=-6.7926e+07)]
stock_CUR3K@844b3eaf1ea2,0HV8.L,2016-10-01,72.25,1780471489.0,primary_input_absent [revenue impossible: < 0 (value=-6.7926e+07)]
stock_CUR3K@844b3eaf1ea2,0HV8.L,2017-04-01,89.12,2205170664.32,primary_input_absent [revenue impossible: < 0 (value=-6.7926e+07)]
stock_CUR3K@844b3eaf1ea2,0HV8.L,2017-10-01,100.4,2485833017.2000003,primary_input_absent [revenue impossible: < 0 (value=-6.7926e+07)]
stock_CUR3K@844b3eaf1ea2,0HV8.L,2018-04-01,105.8,2620565913.2,primary_input_absent [revenue impossible: < 0 (value=-6.7926e+07)]
stock_CUR3K@844b3eaf1ea2,0HV8.L,2018-10-01,80.2,1984528468.8,primary_input_absent [revenue impossible: < 0 (value=-6.7926e+07)]
stock_CUR3K@844b3eaf1ea2,0HV8.L,2019-04-01,95.60000000000001,2365270096.4,primary_input_absent [revenue impossible: < 0 (value=-6.7926e+07)]
stock_CUR3K@844b3eaf1ea2,0HV8.L,2019-10-01,104.0,2573614888.0,primary_input_absent [revenue impossible: < 0 (value=-6.7926e+07)]
stock_CUR3K@844b3eaf1ea2,0HV8.L,2020-04-01,67.0,1657889205.0,primary_input_absent [revenue impossible: < 0 (value=-6.7926e+07)]
stock_CUR3K@844b3eaf1ea2,0HV8.L,2020-10-01,94.6,2347717242.2,primary_input_absent [revenue impossible: < 0 (value=-6.7926e+07)]
stock_CUR3K@844b3eaf1ea2,0HV8.L,2021-04-01,113.4,2806467085.8,primary_input_absent [revenue impossible: < 0 (value=-6.7926e+07)]
stock_CUR3K@844b3eaf1ea2,0HV8.L,2021-10-01,124.0,3080091924.0,primary_input_absent [revenue impossible: < 0 (value=-6.7926e+07)]
stock_CUR3K@844b3eaf1ea2,0HV8.L,2022-04-01,86.5,2148023533.0,primary_input_absent [revenue impossible: < 0 (value=-6.7926e+07)]
stock_CUR3K@844b3eaf1ea2,0HV8.L,2022-10-01,89.0,2209303426.0,primary_input_absent [revenue impossible: < 0 (value=-6.7926e+07)]
stock_CUR3K@844b3eaf1ea2,0HV8.L,2023-04-01,102.2,2539191704.0,primary_input_absent [revenue impossible: < 0 (value=-6.7926e+07)]
stock_CUR3K@844b3eaf1ea2,0HV8.L,2023-10-01,101.39999999999999,2518790094.6,primary_input_absent [revenue impossible: < 0 (value=-6.7926e+07)]
stock_CUR3K@844b3eaf1ea2,0HV8.L,2024-04-01,90.7,2252383303.1,primary_input_absent [revenue impossible: < 0 (value=-6.7926e+07)]
stock_CUR3K@844b3eaf1ea2,0HV8.L,2024-10-01,72.75682352664083,1813288409.6999998,primary_input_absent [revenue impossible: < 0 (value=-6.7926e+07)]
stock_CUR3K@844b3eaf1ea2,0HV8.L,2025-04-01,73.6,1824934521.6,primary_input_absent [revenue impossible: < 0 (value=-6.7926e+07)]
stock_CUR3K@844b3eaf1ea2,0HV8.L,2025-10-01,75.8,1894242000.0,primary_input_absent [revenue impossible: < 0 (value=-6.7926e+07)]
stock_CUR3K@844b3eaf1ea2,0J66.L,2020-07-01,10.789982557316907,7609107999.999999,primary_input_absent [netCashProvidedByOperatingActivities NaN (value=NaN)]
stock_CUR3K@844b3eaf1ea2,0J66.L,2020-10-01,14.629914809215764,10318539000.0,primary_input_absent [netCashProvidedByOperatingActivities NaN (value=NaN)]
stock_CUR3K@844b3eaf1ea2,0J66.L,2021-01-01,16.499175406037416,11641818166.500002,primary_input_absent [netCashProvidedByOperatingActivities NaN (value=NaN)]
stock_CUR3K@844b3eaf1ea2,0J66.L,2021-04-01,17.09,12092884000.0,primary_input_absent [netCashProvidedByOperatingActivities NaN (value=NaN)]
stock_CUR3K@844b3eaf1ea2,0J66.L,2021-07-01,16.012046505112757,11430999999.999998,primary_input_absent [netCashProvidedByOperatingActivities NaN (value=NaN)]
stock_CUR3K@844b3eaf1ea2,0J66.L,2021-10-01,17.39,12416460000.0,primary_input_absent [netCashProvidedByOperatingActivities NaN (value=NaN)]
stock_CUR3K@844b3eaf1ea2,0J66.L,2022-01-01,19.43,13878849000.0,primary_input_absent [netCashProvidedByOperatingActivities NaN (value=NaN)]
stock_CUR3K@844b3eaf1ea2,0J66.L,2022-04-01,15.68,11208064000.0,primary_input_absent [netCashProvidedByOperatingActivities NaN (value=NaN)]
stock_CUR3K@844b3eaf1ea2,0J66.L,2022-07-01,15.88,11352612000.0,primary_input_absent [netCashProvidedByOperatingActivities NaN (value=NaN)]
stock_CUR3K@844b3eaf1ea2,0J66.L,2022-10-01,16.05,11475750000.0,primary_input_absent [netCashProvidedByOperatingActivities NaN (value=NaN)]
stock_CUR3K@844b3eaf1ea2,0J66.L,2023-01-01,16.49,11763965999.999998,primary_input_absent [netCashProvidedByOperatingActivities NaN (value=NaN)]
stock_CUR3K@844b3eaf1ea2,0J66.L,2023-04-01,16.83,11971178999.999998,primary_input_absent [netCashProvidedByOperatingActivities NaN (value=NaN)]
stock_CUR3K@844b3eaf1ea2,0J66.L,2023-07-01,16.07,11404879000.0,primary_input_absent [netCashProvidedByOperatingActivities NaN (value=NaN)]
stock_CUR3K@844b3eaf1ea2,0J66.L,2023-10-01,19.47,13716615000.0,primary_input_absent [netCashProvidedByOperatingActivities NaN (value=NaN)]
stock_CUR3K@844b3eaf1ea2,0J66.L,2024-01-01,20.71,14579840000.0,primary_input_absent [netCashProvidedByOperatingActivities NaN (value=NaN)]
stock_CUR3K@844b3eaf1ea2,0J66.L,2024-04-01,17.63,12416809000.0,primary_input_absent [netCashProvidedByOperatingActivities NaN (value=NaN)]
stock_CUR3K@844b3eaf1ea2,0J66.L,2024-07-01,17.6853759452133,12395680000.000002,primary_input_absent [netCashProvidedByOperatingActivities NaN (value=NaN)]
stock_CUR3K@844b3eaf1ea2,0J66.L,2024-10-01,17.52,12246480000.0,primary_input_absent [netCashProvidedByOperatingActivities NaN (value=NaN)]
stock_CUR3K@844b3eaf1ea2,0J66.L,2025-01-01,13.993985091930632,9915738000.0,primary_input_absent [netCashProvidedByOperatingActivities NaN (value=NaN)]
stock_CUR3K@844b3eaf1ea2,0J66.L,2025-04-01,15.36,10636800000.0,primary_input_absent [netCashProvidedByOperatingActivities NaN (value=NaN)]
stock_CUR3K@844b3eaf1ea2,0J66.L,2025-07-01,17.02,11786350000.0,primary_input_absent [netCashProvidedByOperatingActivities NaN (value=NaN)]
stock_CUR3K@844b3eaf1ea2,0J66.L,2025-10-01,17.853751635887743,12278025000.0,primary_input_absent [netCashProvidedByOperatingActivities NaN (value=NaN)]
stock_CUR3K@844b3eaf1ea2,0J66.L,2026-01-01,19.299345454545456,13268300000.0,primary_input_absent [netCashProvidedByOperatingActivities NaN (value=NaN)]
stock_CUR3K@844b3eaf1ea2,0J66.L,2026-04-01,23.973098262520075,16419175000.0,primary_input_absent [netCashProvidedByOperatingActivities NaN (value=NaN)]
stock_CUR3K@844b3eaf1ea2,0JQQ.L,2020-07-01,46.36602666666667,26080890000.0,primary_input_absent [netCashProvidedByOperatingActivities NaN (value=NaN)]
stock_CUR3K@844b3eaf1ea2,0JQQ.L,2020-10-01,49.78320544719844,28027960000.0,primary_input_absent [netCashProvidedByOperatingActivities NaN (value=NaN)]
stock_CUR3K@844b3eaf1ea2,0JQQ.L,2021-01-01,57.0,32091000000.0,primary_input_absent [netCashProvidedByOperatingActivities NaN (value=NaN)]
stock_CUR3K@844b3eaf1ea2,0JQQ.L,2021-04-01,60.6,34178400000.0,primary_input_absent [netCashProvidedByOperatingActivities NaN (value=NaN)]
stock_CUR3K@844b3eaf1ea2,0JQQ.L,2021-07-01,60.01,33845640000.0,primary_input_absent [netCashProvidedByOperatingActivities NaN (value=NaN)]
stock_CUR3K@844b3eaf1ea2,0JQQ.L,2021-10-01,67.59,37850400000.0,primary_input_absent [netCashProvidedByOperatingActivities NaN (value=NaN)]
stock_CUR3K@844b3eaf1ea2,0JQQ.L,2022-01-01,90.26,51087160000.0,primary_input_absent [netCashProvidedByOperatingActivities NaN (value=NaN)]
stock_CUR3K@844b3eaf1ea2,0JQQ.L,2022-04-01,77.6,43921600000.0,primary_input_absent [netCashProvidedByOperatingActivities NaN (value=NaN)]
stock_CUR3K@844b3eaf1ea2,0JQQ.L,2022-07-01,80.45,45132450000.0,primary_input_absent [netCashProvidedByOperatingActivities NaN (value=NaN)]
stock_CUR3K@844b3eaf1ea2,0JQQ.L,2022-10-01,92.85,50788950000.0,primary_input_absent [netCashProvidedByOperatingActivities NaN (value=NaN)]
stock_CUR3K@844b3eaf1ea2,0JQQ.L,2023-01-01,79.66,43813000000.0,primary_input_absent [netCashProvidedByOperatingActivities NaN (value=NaN)]
stock_CUR3K@844b3eaf1ea2,0JQQ.L,2023-04-01,75.56,41180200000.0,primary_input_absent [netCashProvidedByOperatingActivities NaN (value=NaN)]
stock_CUR3K@844b3eaf1ea2,0JQQ.L,2023-07-01,75.42,40726800000.0,primary_input_absent [netCashProvidedByOperatingActivities NaN (value=NaN)]
stock_CUR3K@844b3eaf1ea2,0JQQ.L,2023-10-01,72.22,37644107495.24,primary_input_absent [netCashProvidedByOperatingActivities NaN (value=NaN)]
stock_CUR3K@844b3eaf1ea2,0JQQ.L,2024-01-01,61.013060428849904,31299700000.0,primary_input_absent [netCashProvidedByOperatingActivities NaN (value=NaN)]
stock_CUR3K@844b3eaf1ea2,0JQQ.L,2024-04-01,61.122946696910574,30072489774.88,primary_input_absent [netCashProvidedByOperatingActivities NaN (value=NaN)]
stock_CUR3K@844b3eaf1ea2,0JQQ.L,2024-07-01,59.74,28794680000.0,primary_input_absent [netCashProvidedByOperatingActivities NaN (value=NaN)]
stock_CUR3K@844b3eaf1ea2,0JQQ.L,2024-10-01,50.52,24148560000.0,primary_input_absent [netCashProvidedByOperatingActivities NaN (value=NaN)]
stock_CUR3K@844b3eaf1ea2,0JQQ.L,2025-01-01,47.94978410518119,23188830000.0,primary_input_absent [netCashProvidedByOperatingActivities NaN (value=NaN)]
stock_CUR3K@844b3eaf1ea2,0JQQ.L,2025-04-01,52.78,25545520000.0,primary_input_absent [netCashProvidedByOperatingActivities NaN (value=NaN)]
stock_CUR3K@844b3eaf1ea2,0JQQ.L,2025-07-01,59.74,28914160000.0,primary_input_absent [netCashProvidedByOperatingActivities NaN (value=NaN)]
stock_CUR3K@844b3eaf1ea2,0JQQ.L,2025-10-01,57.96908333333333,27825160000.0,primary_input_absent [netCashProvidedByOperatingActivities NaN (value=NaN)]
stock_CUR3K@844b3eaf1ea2,0JQQ.L,2026-01-01,72.69,35181960000.0,primary_input_absent [netCashProvidedByOperatingActivities NaN (value=NaN)]
stock_CUR3K@844b3eaf1ea2,0JQQ.L,2026-04-01,76.4,37054000000.0,primary_input_absent [netCashProvidedByOperatingActivities NaN (value=NaN)]
stock_CUR3K@844b3eaf1ea2,0JXQ.L,2020-07-01,29.570187857979768,1954902270.0,primary_input_absent [netCashProvidedByOperatingActivities NaN (value=NaN)]
stock_CUR3K@844b3eaf1ea2,0JXQ.L,2020-10-01,32.259940166438604,2156774560.0,primary_input_absent [netCashProvidedByOperatingActivities NaN (value=NaN)]
stock_CUR3K@844b3eaf1ea2,0JXQ.L,2021-01-01,39.15024365821643,2667172050.0,primary_input_absent [netCashProvidedByOperatingActivities NaN (value=NaN)]
stock_CUR3K@844b3eaf1ea2,0JXQ.L,2021-04-01,41.09019011297184,2815281350.0,primary_input_absent [netCashProvidedByOperatingActivities NaN (value=NaN)]
stock_CUR3K@844b3eaf1ea2,0JXQ.L,2021-07-01,41.100103610704245,2836804200.0,primary_input_absent [netCashProvidedByOperatingActivities NaN (value=NaN)]
stock_CUR3K@844b3eaf1ea2,0JXQ.L,2021-10-01,44.859714183810254,3147287880.0,primary_input_absent [netCashProvidedByOperatingActivities NaN (value=NaN)]
stock_CUR3K@844b3eaf1ea2,0JXQ.L,2022-01-01,42.639806150264896,3057629120.0,primary_input_absent [netCashProvidedByOperatingActivities NaN (value=NaN)]
stock_CUR3K@844b3eaf1ea2,0JXQ.L,2022-04-01,38.530200259276974,2824441650.0,primary_input_absent [netCashProvidedByOperatingActivities NaN (value=NaN)]
stock_CUR3K@844b3eaf1ea2,0JXQ.L,2022-07-01,33.640214294580446,2524244680.0,primary_input_absent [netCashProvidedByOperatingActivities NaN (value=NaN)]
stock_CUR3K@844b3eaf1ea2,0JXQ.L,2022-10-01,36.949820954699106,2874783900.0,primary_input_absent [netCashProvidedByOperatingActivities NaN (value=NaN)]
stock_CUR3K@844b3eaf1ea2,0JXQ.L,2023-01-01,39.45990079469832,3139121920.0,primary_input_absent [netCashProvidedByOperatingActivities NaN (value=NaN)]
stock_CUR3K@844b3eaf1ea2,0JXQ.L,2023-04-01,40.03006885679105,3234744240.0,primary_input_absent [netCashProvidedByOperatingActivities NaN (value=NaN)]
stock_CUR3K@844b3eaf1ea2,0JXQ.L,2023-07-01,40.63011563526314,3369120860.0,primary_input_absent [netCashProvidedByOperatingActivities NaN (value=NaN)]
stock_CUR3K@844b3eaf1ea2,0JXQ.L,2023-10-01,43.22984590571607,3650470889.9999995,primary_input_absent [netCashProvidedByOperatingActivities NaN (value=NaN)]
stock_CUR3K@844b3eaf1ea2,0JXQ.L,2024-01-01,46.92025901786183,3994721880.0,primary_input_absent [netCashProvidedByOperatingActivities NaN (value=NaN)]
stock_CUR3K@844b3eaf1ea2,0JXQ.L,2024-04-01,50.49991446054817,4352797000.0,primary_input_absent [netCashProvidedByOperatingActivities NaN (value=NaN)]
stock_CUR3K@844b3eaf1ea2,0JXQ.L,2024-07-01,50.140267728161774,4385244400.0,primary_input_absent [netCashProvidedByOperatingActivities NaN (value=NaN)]
stock_CUR3K@844b3eaf1ea2,0JXQ.L,2024-10-01,58.579937713343604,5178823480.0,primary_input_absent [netCashProvidedByOperatingActivities NaN (value=NaN)]
stock_CUR3K@844b3eaf1ea2,0JXQ.L,2025-01-01,56.55994771882052,5017494160.0,primary_input_absent [netCashProvidedByOperatingActivities NaN (value=NaN)]
stock_CUR3K@844b3eaf1ea2,0JXQ.L,2025-04-01,59.1,5275170849.0,primary_input_absent [netCashProvidedByOperatingActivities NaN (value=NaN)]
stock_CUR3K@844b3eaf1ea2,0JXQ.L,2025-07-01,63.589999999999996,5672380552.41,primary_input_absent [netCashProvidedByOperatingActivities NaN (value=NaN)]
stock_CUR3K@844b3eaf1ea2,0JXQ.L,2025-10-01,60.39,5425444967.58,primary_input_absent [netCashProvidedByOperatingActivities NaN (value=NaN)]
stock_CUR3K@844b3eaf1ea2,0JXQ.L,2026-01-01,52.96,4801079320.16,primary_input_absent [netCashProvidedByOperatingActivities NaN (value=NaN)]
stock_CUR3K@844b3eaf1ea2,0JXQ.L,2026-04-01,51.16109628002748,4770957380.12,primary_input_absent [netCashProvidedByOperatingActivities NaN (value=NaN)]
stock_CUR3K@844b3eaf1ea2,0K5R.L,2020-07-01,8.42999762485844,1630849999.9999998,primary_input_absent [netCashProvidedByOperatingActivities NaN (value=NaN)]
stock_CUR3K@844b3eaf1ea2,0K5R.L,2020-10-01,9.812677579516107,1826520000.0,primary_input_absent [netCashProvidedByOperatingActivities NaN (value=NaN)]
stock_CUR3K@844b3eaf1ea2,0K5R.L,2021-01-01,14.155297297297297,2618730000.0,primary_input_absent [netCashProvidedByOperatingActivities NaN (value=NaN)]
stock_CUR3K@844b3eaf1ea2,0K5R.L,2021-04-01,19.33,3363419999.9999995,primary_input_absent [netCashProvidedByOperatingActivities NaN (value=NaN)]
stock_CUR3K@844b3eaf1ea2,0K5R.L,2021-07-01,19.73,3255450000.0,primary_input_absent [netCashProvidedByOperatingActivities NaN (value=NaN)]
stock_CUR3K@844b3eaf1ea2,0K5R.L,2021-10-01,20.85508579274924,3206318679.22,primary_input_absent [netCashProvidedByOperatingActivities NaN (value=NaN)]
stock_CUR3K@844b3eaf1ea2,0K5R.L,2022-01-01,17.04,2573040000.0,primary_input_absent [netCashProvidedByOperatingActivities NaN (value=NaN)]
stock_CUR3K@844b3eaf1ea2,0K5R.L,2022-04-01,13.99,2042540000.0,primary_input_absent [netCashProvidedByOperatingActivities NaN (value=NaN)]
stock_CUR3K@844b3eaf1ea2,0K5R.L,2022-07-01,14.69,2041910000.0,primary_input_absent [netCashProvidedByOperatingActivities NaN (value=NaN)]
stock_CUR3K@844b3eaf1ea2,0K5R.L,2022-10-01,16.45,2186392398.4,primary_input_absent [netCashProvidedByOperatingActivities NaN (value=NaN)]
stock_CUR3K@844b3eaf1ea2,0K5R.L,2023-01-01,15.99,2062710000.0,primary_input_absent [netCashProvidedByOperatingActivities NaN (value=NaN)]
stock_CUR3K@844b3eaf1ea2,0K5R.L,2023-04-01,18.58,2303920000.0,primary_input_absent [netCashProvidedByOperatingActivities NaN (value=NaN)]
stock_CUR3K@844b3eaf1ea2,0K5R.L,2023-07-01,17.22,2066399999.9999998,primary_input_absent [netCashProvidedByOperatingActivities NaN (value=NaN)]
stock_CUR3K@844b3eaf1ea2,0K5R.L,2023-10-01,20.01368917168265,2271640000.0,primary_input_absent [netCashProvidedByOperatingActivities NaN (value=NaN)]
stock_CUR3K@844b3eaf1ea2,0K5R.L,2024-01-01,17.03,1924390000.0000002,primary_input_absent [netCashProvidedByOperatingActivities NaN (value=NaN)]
stock_CUR3K@844b3eaf1ea2,0K5R.L,2024-04-01,14.23,1579530000.0,primary_input_absent [netCashProvidedByOperatingActivities NaN (value=NaN)]
stock_CUR3K@844b3eaf1ea2,0K5R.L,2024-07-01,15.59,1683720000.0,primary_input_absent [netCashProvidedByOperatingActivities NaN (value=NaN)]
stock_CUR3K@844b3eaf1ea2,0K5R.L,2024-10-01,14.060685932520608,1448610000.0,primary_input_absent [netCashProvidedByOperatingActivities NaN (value=NaN)]
stock_CUR3K@844b3eaf1ea2,0K5R.L,2025-01-01,12.8826,1288260000.0,primary_input_absent [netCashProvidedByOperatingActivities NaN (value=NaN)]
stock_CUR3K@844b3eaf1ea2,0K5R.L,2025-04-01,14.1,1410000000.0,primary_input_absent [netCashProvidedByOperatingActivities NaN (value=NaN)]
stock_CUR3K@844b3eaf1ea2,0K5R.L,2025-07-01,13.15,1299890650.0,primary_input_absent [netCashProvidedByOperatingActivities NaN (value=NaN)]
stock_CUR3K@844b3eaf1ea2,0K5R.L,2025-10-01,11.168384835051546,1083333329.0,primary_input_absent [netCashProvidedByOperatingActivities NaN (value=NaN)]
stock_CUR3K@844b3eaf1ea2,0K5R.L,2026-01-01,8.18,777100000.0,primary_input_absent [netCashProvidedByOperatingActivities NaN (value=NaN)]
stock_CUR3K@844b3eaf1ea2,0K5R.L,2026-04-01,8.731221582625036,808450000.0,primary_input_absent [netCashProvidedByOperatingActivities NaN (value=NaN)]
stock_CUR3K@844b3eaf1ea2,0R1E.L,2020-07-01,5966.0,7106878180000.0,primary_input_absent [netCashProvidedByOperatingActivities NaN (value=NaN)]
stock_CUR3K@844b3eaf1ea2,0R1E.L,2020-10-01,6582.957613803581,7841801260000.0,primary_input_absent [netCashProvidedByOperatingActivities NaN (value=NaN)]
stock_CUR3K@844b3eaf1ea2,0R1E.L,2021-01-01,6180.96020217529,7362930820000.0,primary_input_absent [netCashProvidedByOperatingActivities NaN (value=NaN)]
stock_CUR3K@844b3eaf1ea2,0R1E.L,2021-04-01,6462.0,7697663640000.0,primary_input_absent [netCashProvidedByOperatingActivities NaN (value=NaN)]
stock_CUR3K@844b3eaf1ea2,0R1E.L,2021-07-01,5430.740135938514,6430521250862.0,primary_input_absent [netCashProvidedByOperatingActivities NaN (value=NaN)]
stock_CUR3K@844b3eaf1ea2,0R1E.L,2021-10-01,5364.760792862863,6294057050000.0,primary_input_absent [netCashProvidedByOperatingActivities NaN (value=NaN)]
stock_CUR3K@844b3eaf1ea2,0R1E.L,2022-01-01,6167.0,7235260986716.0,primary_input_absent [netCashProvidedByOperatingActivities NaN (value=NaN)]
stock_CUR3K@844b3eaf1ea2,0R1E.L,2022-04-01,5868.0,6854821560000.0,primary_input_absent [netCashProvidedByOperatingActivities NaN (value=NaN)]
stock_CUR3K@844b3eaf1ea2,0R1E.L,2022-07-01,5853.8763059483235,6815261924000.0,primary_input_absent [netCashProvidedByOperatingActivities NaN (value=NaN)]
stock_CUR3K@844b3eaf1ea2,0R1E.L,2022-10-01,5532.0,6440517206760.0,primary_input_absent [netCashProvidedByOperatingActivities NaN (value=NaN)]
stock_CUR3K@844b3eaf1ea2,0R1E.L,2023-01-01,5131.0,5973660846160.0,primary_input_absent [netCashProvidedByOperatingActivities NaN (value=NaN)]
stock_CUR3K@844b3eaf1ea2,0R1E.L,2023-04-01,6542.0,7616386118000.0,primary_input_absent [netCashProvidedByOperatingActivities NaN (value=NaN)]
stock_CUR3K@844b3eaf1ea2,0R1E.L,2023-07-01,6230.001797981861,7253208970000.0,primary_input_absent [netCashProvidedByOperatingActivities NaN (value=NaN)]
stock_CUR3K@844b3eaf1ea2,0R1E.L,2023-10-01,7359.0,8567634801000.0,primary_input_absent [netCashProvidedByOperatingActivities NaN (value=NaN)]
stock_CUR3K@844b3eaf1ea2,0R1E.L,2024-01-01,8210.0,9558393980000.0,primary_input_absent [netCashProvidedByOperatingActivities NaN (value=NaN)]
stock_CUR3K@844b3eaf1ea2,0R1E.L,2024-04-01,8749.0,10185918262000.0,primary_input_absent [netCashProvidedByOperatingActivities NaN (value=NaN)]
stock_CUR3K@844b3eaf1ea2,0R1E.L,2024-07-01,7635.9868825198755,8890182456000.0,primary_input_absent [netCashProvidedByOperatingActivities NaN (value=NaN)]
stock_CUR3K@844b3eaf1ea2,0R1E.L,2024-10-01,9264.0,10785593472000.0,primary_input_absent [netCashProvidedByOperatingActivities NaN (value=NaN)]
stock_CUR3K@844b3eaf1ea2,0R1E.L,2025-01-01,10110.0,11770547280000.0,primary_input_absent [netCashProvidedByOperatingActivities NaN (value=NaN)]
stock_CUR3K@844b3eaf1ea2,0R1E.L,2025-04-01,13880.0,16159762240000.0,primary_input_absent [netCashProvidedByOperatingActivities NaN (value=NaN)]
stock_CUR3K@844b3eaf1ea2,0R1E.L,2025-07-01,12805.0,14908298080000.0,primary_input_absent [netCashProvidedByOperatingActivities NaN (value=NaN)]
stock_CUR3K@844b3eaf1ea2,0R1E.L,2025-10-01,10595.0,12335324105000.0,primary_input_absent [netCashProvidedByOperatingActivities NaN (value=NaN)]
stock_CUR3K@844b3eaf1ea2,0R1E.L,2026-01-01,8775.0,10164775725000.0,primary_input_absent [netCashProvidedByOperatingActivities NaN (value=NaN)]
stock_CUR3K@844b3eaf1ea2,0R1E.L,2026-04-01,6815.0,7856529635000.0,primary_input_absent [netCashProvidedByOperatingActivities NaN (value=NaN)]
stock_CUR3K@844b3eaf1ea2,0RA9.L,2013-10-01,,,primary_input_absent [revenue impossible: < 0 (value=-2.017e+06)]
stock_CUR3K@844b3eaf1ea2,0RA9.L,2014-10-01,25.11295704989154,173656098.0,primary_input_absent [revenue impossible: < 0 (value=-2.017e+06)]
stock_CUR3K@844b3eaf1ea2,0RA9.L,2015-04-01,20.299999,195373077.37571,primary_input_absent [revenue impossible: < 0 (value=-2.017e+06)]
stock_CUR3K@844b3eaf1ea2,0RA9.L,2015-10-01,14.149999999999999,139137431.1,primary_input_absent [revenue impossible: < 0 (value=-2.017e+06)]
stock_CUR3K@844b3eaf1ea2,0RA9.L,2016-04-01,4.59,44293458.69,primary_input_absent [revenue impossible: < 0 (value=-2.017e+06)]
stock_CUR3K@844b3eaf1ea2,0RA9.L,2016-10-01,6.3,61845090.3,primary_input_absent [revenue impossible: < 0 (value=-2.017e+06)]
stock_CUR3K@844b3eaf1ea2,0RA9.L,2017-04-01,13.02,126398029.8,primary_input_absent [revenue impossible: < 0 (value=-2.017e+06)]
stock_CUR3K@844b3eaf1ea2,0RA9.L,2017-10-01,8.63,87628717.95,primary_input_absent [revenue impossible: < 0 (value=-2.017e+06)]
stock_CUR3K@844b3eaf1ea2,0RA9.L,2018-04-01,6.84,68268548.88,primary_input_absent [revenue impossible: < 0 (value=-2.017e+06)]
stock_CUR3K@844b3eaf1ea2,0RA9.L,2018-10-01,11.84,123562145.28,primary_input_absent [revenue impossible: < 0 (value=-2.017e+06)]
stock_CUR3K@844b3eaf1ea2,0RA9.L,2019-04-01,7.659999999999999,78450188.74,primary_input_absent [revenue impossible: < 0 (value=-2.017e+06)]
stock_CUR3K@844b3eaf1ea2,0RA9.L,2019-10-01,22.549998999999996,274682191.76897097,primary_input_absent [revenue impossible: < 0 (value=-2.017e+06)]
stock_CUR3K@844b3eaf1ea2,0RA9.L,2020-04-01,20.799999,253992302.98883098,primary_input_absent [revenue impossible: < 0 (value=-2.017e+06)]
stock_CUR3K@844b3eaf1ea2,0RA9.L,2020-10-01,34.400002,492177031.014942,primary_input_absent [revenue impossible: < 0 (value=-2.017e+06)]
stock_CUR3K@844b3eaf1ea2,0RA9.L,2021-04-01,29.549999,433272043.687663,primary_input_absent [revenue impossible: < 0 (value=-2.017e+06)]
stock_CUR3K@844b3eaf1ea2,0RA9.L,2021-10-01,28.549999,478368109.294549,primary_input_absent [revenue impossible: < 0 (value=-2.017e+06)]
stock_CUR3K@844b3eaf1ea2,0RA9.L,2022-04-01,10.46,175451699.10000002,primary_input_absent [revenue impossible: < 0 (value=-2.017e+06)]
stock_CUR3K@844b3eaf1ea2,0RA9.L,2022-10-01,5.937382212649238,132410659.14,primary_input_absent [revenue impossible: < 0 (value=-2.017e+06)]
stock_CUR3K@844b3eaf1ea2,0RA9.L,2023-04-01,15.599999999999998,560099311.1999999,primary_input_absent [revenue impossible: < 0 (value=-2.017e+06)]
stock_CUR3K@844b3eaf1ea2,0RA9.L,2023-10-01,9.82,493241248.06,primary_input_absent [revenue impossible: < 0 (value=-2.017e+06)]
stock_CUR3K@844b3eaf1ea2,0RA9.L,2024-04-01,12.82,806615541.78,primary_input_absent [revenue impossible: < 0 (value=-2.017e+06)]
stock_CUR3K@844b3eaf1ea2,0RA9.L,2024-10-01,6.759992507568828,426941320.0,primary_input_absent [revenue impossible: < 0 (value=-2.017e+06)]
stock_CUR3K@844b3eaf1ea2,0RA9.L,2025-04-01,6.64,421040354.88,primary_input_absent [revenue impossible: < 0 (value=-2.017e+06)]
stock_CUR3K@844b3eaf1ea2,0RA9.L,2025-10-01,120.4,8371088726.0,primary_input_absent [revenue impossible: < 0 (value=-2.017e+06)]
stock_CUR3K@844b3eaf1ea2,ABVX.PA,2013-10-01,,,primary_input_absent [revenue impossible: < 0 (value=-2.017e+06)]
stock_CUR3K@844b3eaf1ea2,ABVX.PA,2014-10-01,21.0,173656098.0,primary_input_absent [revenue impossible: < 0 (value=-2.017e+06)]
stock_CUR3K@844b3eaf1ea2,ABVX.PA,2015-04-01,20.299999,195373077.37571,primary_input_absent [revenue impossible: < 0 (value=-2.017e+06)]
stock_CUR3K@844b3eaf1ea2,ABVX.PA,2015-10-01,14.149999999999999,139137431.1,primary_input_absent [revenue impossible: < 0 (value=-2.017e+06)]
stock_CUR3K@844b3eaf1ea2,ABVX.PA,2016-04-01,4.59,44293458.69,primary_input_absent [revenue impossible: < 0 (value=-2.017e+06)]
stock_CUR3K@844b3eaf1ea2,ABVX.PA,2016-10-01,6.3,61845090.3,primary_input_absent [revenue impossible: < 0 (value=-2.017e+06)]
stock_CUR3K@844b3eaf1ea2,ABVX.PA,2017-04-01,13.02,126398029.8,primary_input_absent [revenue impossible: < 0 (value=-2.017e+06)]
stock_CUR3K@844b3eaf1ea2,ABVX.PA,2017-10-01,8.63,87628717.95,primary_input_absent [revenue impossible: < 0 (value=-2.017e+06)]
stock_CUR3K@844b3eaf1ea2,ABVX.PA,2018-04-01,6.84,68268548.88,primary_input_absent [revenue impossible: < 0 (value=-2.017e+06)]
stock_CUR3K@844b3eaf1ea2,ABVX.PA,2018-10-01,11.84,123562145.28,primary_input_absent [revenue impossible: < 0 (value=-2.017e+06)]
stock_CUR3K@844b3eaf1ea2,ABVX.PA,2019-04-01,7.659999999999999,78450188.74,primary_input_absent [revenue impossible: < 0 (value=-2.017e+06)]
stock_CUR3K@844b3eaf1ea2,ABVX.PA,2019-10-01,22.549998999999996,274682191.76897097,primary_input_absent [revenue impossible: < 0 (value=-2.017e+06)]
stock_CUR3K@844b3eaf1ea2,ABVX.PA,2020-04-01,20.799999,253992302.98883098,primary_input_absent [revenue impossible: < 0 (value=-2.017e+06)]
stock_CUR3K@844b3eaf1ea2,ABVX.PA,2020-10-01,34.400002,492177031.014942,primary_input_absent [revenue impossible: < 0 (value=-2.017e+06)]
stock_CUR3K@844b3eaf1ea2,ABVX.PA,2021-04-01,29.549999,433272043.687663,primary_input_absent [revenue impossible: < 0 (value=-2.017e+06)]
stock_CUR3K@844b3eaf1ea2,ABVX.PA,2021-10-01,28.549999,478368109.294549,primary_input_absent [revenue impossible: < 0 (value=-2.017e+06)]
stock_CUR3K@844b3eaf1ea2,ABVX.PA,2022-04-01,10.46,175451699.10000002,primary_input_absent [revenue impossible: < 0 (value=-2.017e+06)]
stock_CUR3K@844b3eaf1ea2,ABVX.PA,2022-10-01,6.18,132410659.14,primary_input_absent [revenue impossible: < 0 (value=-2.017e+06)]
stock_CUR3K@844b3eaf1ea2,ABVX.PA,2023-04-01,15.599999999999998,560099311.1999999,primary_input_absent [revenue impossible: < 0 (value=-2.017e+06)]
stock_CUR3K@844b3eaf1ea2,ABVX.PA,2023-10-01,9.82,493241248.06,primary_input_absent [revenue impossible: < 0 (value=-2.017e+06)]
stock_CUR3K@844b3eaf1ea2,ABVX.PA,2024-04-01,12.82,806615541.78,primary_input_absent [revenue impossible: < 0 (value=-2.017e+06)]
stock_CUR3K@844b3eaf1ea2,ABVX.PA,2024-10-01,6.76,426941320.0,primary_input_absent [revenue impossible: < 0 (value=-2.017e+06)]
stock_CUR3K@844b3eaf1ea2,ABVX.PA,2025-04-01,6.64,421040354.88,primary_input_absent [revenue impossible: < 0 (value=-2.017e+06)]
stock_CUR3K@844b3eaf1ea2,ABVX.PA,2025-10-01,120.4,8371088726.0,primary_input_absent [revenue impossible: < 0 (value=-2.017e+06)]
stock_CUR3K@844b3eaf1ea2,ADOC.PA,2014-04-01,14.15,87899913.2,primary_input_absent [revenue impossible: < 0 (value=-724000)]
stock_CUR3K@844b3eaf1ea2,ADOC.PA,2014-10-01,48.25,299805765.75,primary_input_absent [revenue impossible: < 0 (value=-724000)]
stock_CUR3K@844b3eaf1ea2,ADOC.PA,2015-04-01,67.190002,464433285.04447603,primary_input_absent [revenue impossible: < 0 (value=-724000)]
stock_CUR3K@844b3eaf1ea2,ADOC.PA,2015-10-01,73.809998,530345280.999446,primary_input_absent [revenue impossible: < 0 (value=-724000)]
stock_CUR3K@844b3eaf1ea2,ADOC.PA,2016-04-01,45.540001,311784971.76639795,primary_input_absent [revenue impossible: < 0 (value=-724000)]
stock_CUR3K@844b3eaf1ea2,ADOC.PA,2016-10-01,61.0,384124930.0,primary_input_absent [revenue impossible: < 0 (value=-724000)]
stock_CUR3K@844b3eaf1ea2,ADOC.PA,2017-04-01,20.25,147177830.25,primary_input_absent [revenue impossible: < 0 (value=-724000)]
stock_CUR3K@844b3eaf1ea2,ADOC.PA,2017-10-01,14.66,100672800.16,primary_input_absent [revenue impossible: < 0 (value=-724000)]
stock_CUR3K@844b3eaf1ea2,ADOC.PA,2018-04-01,18.5,137637410.0,primary_input_absent [revenue impossible: < 0 (value=-724000)]
stock_CUR3K@844b3eaf1ea2,ADOC.PA,2018-10-01,16.540001,114427531.11823,primary_input_absent [revenue impossible: < 0 (value=-724000)]
stock_CUR3K@844b3eaf1ea2,ADOC.PA,2019-04-01,19.24,133415335.55999999,primary_input_absent [revenue impossible: < 0 (value=-724000)]
stock_CUR3K@844b3eaf1ea2,ADOC.PA,2019-10-01,9.9,68691397.5,primary_input_absent [revenue impossible: < 0 (value=-724000)]
stock_CUR3K@844b3eaf1ea2,ADOC.PA,2020-04-01,8.53,59468507.169999994,primary_input_absent [revenue impossible: < 0 (value=-724000)]
stock_CUR3K@844b3eaf1ea2,ADOC.PA,2020-10-01,8.3,57898177.2,primary_input_absent [revenue impossible: < 0 (value=-724000)]
stock_CUR3K@844b3eaf1ea2,ADOC.PA,2021-04-01,8.25,58488721.5,primary_input_absent [revenue impossible: < 0 (value=-724000)]
stock_CUR3K@844b3eaf1ea2,ADOC.PA,2021-10-01,8.1,57425290.199999996,primary_input_absent [revenue impossible: < 0 (value=-724000)]
stock_CUR3K@844b3eaf1ea2,ADOC.PA,2022-04-01,4.02,30889354.379999995,primary_input_absent [revenue impossible: < 0 (value=-724000)]
stock_CUR3K@844b3eaf1ea2,ADOC.PA,2022-10-01,3.97,34528467.59,primary_input_absent [revenue impossible: < 0 (value=-724000)]
stock_CUR3K@844b3eaf1ea2,ADOC.PA,2023-04-01,3.96,36230733.0,primary_input_absent [revenue impossible: < 0 (value=-724000)]
stock_CUR3K@844b3eaf1ea2,ADOC.PA,2023-10-01,11.54,153773385.0,primary_input_absent [revenue impossible: < 0 (value=-724000)]
stock_CUR3K@844b3eaf1ea2,ADOC.PA,2024-04-01,8.3,119046601.2,primary_input_absent [revenue impossible: < 0 (value=-724000)]
stock_CUR3K@844b3eaf1ea2,ADOC.PA,2024-10-01,6.01,92994238.50999999,primary_input_absent [revenue impossible: < 0 (value=-724000)]
stock_CUR3K@844b3eaf1ea2,ADOC.PA,2025-04-01,3.7,57251028.7,primary_input_absent [revenue impossible: < 0 (value=-724000)]
stock_CUR3K@844b3eaf1ea2,ADOC.PA,2025-10-01,6.7,131373600.0,primary_input_absent [revenue impossible: < 0 (value=-724000)]
stock_CUR3K@844b3eaf1ea2,ALCOG.PA,2014-04-01,5.8,15665968.2,primary_input_absent [netCashProvidedByOperatingActivities NaN (value=NaN)]
stock_CUR3K@844b3eaf1ea2,ALCOG.PA,2014-10-01,5.7,15655665.6,primary_input_absent [netCashProvidedByOperatingActivities NaN (value=NaN)]
stock_CUR3K@844b3eaf1ea2,ALCOG.PA,2015-04-01,5.05,13875137.6,primary_input_absent [netCashProvidedByOperatingActivities NaN (value=NaN)]
stock_CUR3K@844b3eaf1ea2,ALCOG.PA,2015-10-01,5.64,15494298.239999998,primary_input_absent [netCashProvidedByOperatingActivities NaN (value=NaN)]
stock_CUR3K@844b3eaf1ea2,ALCOG.PA,2016-04-01,5.45,15132202.950000001,primary_input_absent [netCashProvidedByOperatingActivities NaN (value=NaN)]
stock_CUR3K@844b3eaf1ea2,ALCOG.PA,2016-10-01,6.79,19433774.43,primary_input_absent [netCashProvidedByOperatingActivities NaN (value=NaN)]
stock_CUR3K@844b3eaf1ea2,ALCOG.PA,2017-04-01,5.72,17823863.2,primary_input_absent [netCashProvidedByOperatingActivities NaN (value=NaN)]
stock_CUR3K@844b3eaf1ea2,ALCOG.PA,2017-10-01,5.799999999999999,18168685.599999998,primary_input_absent [netCashProvidedByOperatingActivities NaN (value=NaN)]
stock_CUR3K@844b3eaf1ea2,ALCOG.PA,2018-04-01,5.65,20301094.1,primary_input_absent [netCashProvidedByOperatingActivities NaN (value=NaN)]
stock_CUR3K@844b3eaf1ea2,ALCOG.PA,2018-10-01,5.55,19018601.25,primary_input_absent [netCashProvidedByOperatingActivities NaN (value=NaN)]
stock_CUR3K@844b3eaf1ea2,ALCOG.PA,2019-04-01,5.26,18024836.5,primary_input_absent [netCashProvidedByOperatingActivities NaN (value=NaN)]
stock_CUR3K@844b3eaf1ea2,ALCOG.PA,2019-10-01,5.4,18504579.6,primary_input_absent [netCashProvidedByOperatingActivities NaN (value=NaN)]
stock_CUR3K@844b3eaf1ea2,ALCOG.PA,2020-04-01,5.7,19532811.3,primary_input_absent [netCashProvidedByOperatingActivities NaN (value=NaN)]
stock_CUR3K@844b3eaf1ea2,ALCOG.PA,2020-10-01,6.3,21588745.5,primary_input_absent [netCashProvidedByOperatingActivities NaN (value=NaN)]
stock_CUR3K@844b3eaf1ea2,ALCOG.PA,2021-04-01,6.86,23507765.68,primary_input_absent [netCashProvidedByOperatingActivities NaN (value=NaN)]
stock_CUR3K@844b3eaf1ea2,ALCOG.PA,2021-10-01,8.86,30361323.959999997,primary_input_absent [netCashProvidedByOperatingActivities NaN (value=NaN)]
stock_CUR3K@844b3eaf1ea2,ALCOG.PA,2022-04-01,12.25,41978006.0,primary_input_absent [netCashProvidedByOperatingActivities NaN (value=NaN)]
stock_CUR3K@844b3eaf1ea2,ALCOG.PA,2022-10-01,13.5,46261503.0,primary_input_absent [netCashProvidedByOperatingActivities NaN (value=NaN)]
stock_CUR3K@844b3eaf1ea2,ALCOG.PA,2023-04-01,11.5,39407901.0,primary_input_absent [netCashProvidedByOperatingActivities NaN (value=NaN)]
stock_CUR3K@844b3eaf1ea2,ALCOG.PA,2023-10-01,12.1,41463965.4,primary_input_absent [netCashProvidedByOperatingActivities NaN (value=NaN)]
stock_CUR3K@844b3eaf1ea2,ALCOG.PA,2024-04-01,5.9,20217966.6,primary_input_absent [netCashProvidedByOperatingActivities NaN (value=NaN)]
stock_CUR3K@844b3eaf1ea2,ALCOG.PA,2024-10-01,5.86,20080895.64,primary_input_absent [netCashProvidedByOperatingActivities NaN (value=NaN)]
stock_CUR3K@844b3eaf1ea2,ALCOG.PA,2025-04-01,5.0,17133870.0,primary_input_absent [netCashProvidedByOperatingActivities NaN (value=NaN)]
stock_CUR3K@844b3eaf1ea2,ALCOG.PA,2025-10-01,5.62,19259740.0,primary_input_absent [netCashProvidedByOperatingActivities NaN (value=NaN)]
stock_CUR3K@844b3eaf1ea2,ALDBL.PA,2013-10-01,3.81,5377555.92,primary_input_absent [netCashProvidedByOperatingActivities NaN (value=NaN)]
stock_CUR3K@844b3eaf1ea2,ALDBL.PA,2014-04-01,3.8,5363168.0,primary_input_absent [netCashProvidedByOperatingActivities NaN (value=NaN)]
stock_CUR3K@844b3eaf1ea2,ALDBL.PA,2014-10-01,3.1400000000000006,4422850.140000001,primary_input_absent [netCashProvidedByOperatingActivities NaN (value=NaN)]
stock_CUR3K@844b3eaf1ea2,ALDBL.PA,2015-04-01,3.3,4654442.1,primary_input_absent [netCashProvidedByOperatingActivities NaN (value=NaN)]
stock_CUR3K@844b3eaf1ea2,ALDBL.PA,2015-10-01,3.59,5061684.6,primary_input_absent [netCashProvidedByOperatingActivities NaN (value=NaN)]
stock_CUR3K@844b3eaf1ea2,ALDBL.PA,2016-04-01,3.3500000000000005,4717892.100000001,primary_input_absent [netCashProvidedByOperatingActivities NaN (value=NaN)]
stock_CUR3K@844b3eaf1ea2,ALDBL.PA,2016-10-01,3.4800000000000004,4801547.4,primary_input_absent [netCashProvidedByOperatingActivities NaN (value=NaN)]
stock_CUR3K@844b3eaf1ea2,ALDBL.PA,2017-04-01,3.6,5058486.0,primary_input_absent [netCashProvidedByOperatingActivities NaN (value=NaN)]
stock_CUR3K@844b3eaf1ea2,ALDBL.PA,2017-10-01,3.3,4631619.3,primary_input_absent [netCashProvidedByOperatingActivities NaN (value=NaN)]
stock_CUR3K@844b3eaf1ea2,ALDBL.PA,2018-04-01,3.2,4497657.600000001,primary_input_absent [netCashProvidedByOperatingActivities NaN (value=NaN)]
stock_CUR3K@844b3eaf1ea2,ALDBL.PA,2018-10-01,2.88,4046342.4,primary_input_absent [netCashProvidedByOperatingActivities NaN (value=NaN)]
stock_CUR3K@844b3eaf1ea2,ALDBL.PA,2019-04-01,3.3,4641846.0,primary_input_absent [netCashProvidedByOperatingActivities NaN (value=NaN)]
stock_CUR3K@844b3eaf1ea2,ALDBL.PA,2019-10-01,3.64,5142508.28,primary_input_absent [netCashProvidedByOperatingActivities NaN (value=NaN)]
stock_CUR3K@844b3eaf1ea2,ALDBL.PA,2020-04-01,2.74,3868600.5200000005,primary_input_absent [netCashProvidedByOperatingActivities NaN (value=NaN)]
stock_CUR3K@844b3eaf1ea2,ALDBL.PA,2020-10-01,2.7,3807942.3000000003,primary_input_absent [netCashProvidedByOperatingActivities NaN (value=NaN)]
stock_CUR3K@844b3eaf1ea2,ALDBL.PA,2021-04-01,3.3,4674473.1,primary_input_absent [netCashProvidedByOperatingActivities NaN (value=NaN)]
stock_CUR3K@844b3eaf1ea2,ALDBL.PA,2021-10-01,3.4599999999999995,5177153.02,primary_input_absent [netCashProvidedByOperatingActivities NaN (value=NaN)]
stock_CUR3K@844b3eaf1ea2,ALDBL.PA,2022-04-01,4.1,7397474.199999999,primary_input_absent [netCashProvidedByOperatingActivities NaN (value=NaN)]
stock_CUR3K@844b3eaf1ea2,ALDBL.PA,2022-10-01,3.8,6856195.6,primary_input_absent [netCashProvidedByOperatingActivities NaN (value=NaN)]
stock_CUR3K@844b3eaf1ea2,ALDBL.PA,2023-04-01,3.5,6314917.0,primary_input_absent [netCashProvidedByOperatingActivities NaN (value=NaN)]
stock_CUR3K@844b3eaf1ea2,ALDBL.PA,2023-10-01,3.4800000000000004,6333095.4,primary_input_absent [netCashProvidedByOperatingActivities NaN (value=NaN)]
stock_CUR3K@844b3eaf1ea2,ALDBL.PA,2024-04-01,3.2,5823539.2,primary_input_absent [netCashProvidedByOperatingActivities NaN (value=NaN)]
stock_CUR3K@844b3eaf1ea2,ALDBL.PA,2024-10-01,3.42,6223904.1,primary_input_absent [netCashProvidedByOperatingActivities NaN (value=NaN)]
stock_CUR3K@844b3eaf1ea2,ALDBL.PA,2025-10-01,3.22,5809723.640000001,primary_input_absent [netCashProvidedByOperatingActivities NaN (value=NaN)]
stock_CUR3K@844b3eaf1ea2,ALENO.PA,2018-10-01,,0.0,primary_input_absent [netCashProvidedByOperatingActivities NaN (value=NaN)]
stock_CUR3K@844b3eaf1ea2,ALENO.PA,2019-04-01,12.25,41382582.5,primary_input_absent [netCashProvidedByOperatingActivities NaN (value=NaN)]
stock_CUR3K@844b3eaf1ea2,ALENO.PA,2019-10-01,12.25,41382582.5,primary_input_absent [netCashProvidedByOperatingActivities NaN (value=NaN)]
stock_CUR3K@844b3eaf1ea2,ALENO.PA,2020-10-01,12.25,34839012.25,primary_input_absent [netCashProvidedByOperatingActivities NaN (value=NaN)]
stock_CUR3K@844b3eaf1ea2,ALENO.PA,2021-04-01,12.25,41382582.5,primary_input_absent [netCashProvidedByOperatingActivities NaN (value=NaN)]
stock_CUR3K@844b3eaf1ea2,ALENO.PA,2021-10-01,10.5,48746029.5,primary_input_absent [netCashProvidedByOperatingActivities NaN (value=NaN)]
stock_CUR3K@844b3eaf1ea2,ALENO.PA,2022-04-01,7.08,32868751.32,primary_input_absent [netCashProvidedByOperatingActivities NaN (value=NaN)]
stock_CUR3K@844b3eaf1ea2,ALENO.PA,2022-10-01,3.59,16666499.61,primary_input_absent [netCashProvidedByOperatingActivities NaN (value=NaN)]
stock_CUR3K@844b3eaf1ea2,ALENO.PA,2023-04-01,3.61,16722404.45,primary_input_absent [netCashProvidedByOperatingActivities NaN (value=NaN)]
stock_CUR3K@844b3eaf1ea2,ALENO.PA,2023-10-01,1.73,8013783.85,primary_input_absent [netCashProvidedByOperatingActivities NaN (value=NaN)]
stock_CUR3K@844b3eaf1ea2,ALENO.PA,2024-04-01,1.9,12112500.0,primary_input_absent [netCashProvidedByOperatingActivities NaN (value=NaN)]
stock_CUR3K@844b3eaf1ea2,ALENO.PA,2024-10-01,1.9300000000000002,12129142.9,primary_input_absent [netCashProvidedByOperatingActivities NaN (value=NaN)]
stock_CUR3K@844b3eaf1ea2,ALENO.PA,2025-04-01,3.0800000000000005,19356352.400000002,primary_input_absent [netCashProvidedByOperatingActivities NaN (value=NaN)]
stock_CUR3K@844b3eaf1ea2,ALENO.PA,2025-10-01,5.4,33901200.0,primary_input_absent [netCashProvidedByOperatingActivities NaN (value=NaN)]
stock_CUR3K@844b3eaf1ea2,ALIKO.PA,2019-10-01,3.9199999999999995,38058209.839999996,primary_input_absent [netCashProvidedByOperatingActivities NaN (value=NaN)]
stock_CUR3K@844b3eaf1ea2,ALIKO.PA,2020-04-01,3.9199999999999995,38058209.839999996,primary_input_absent [netCashProvidedByOperatingActivities NaN (value=NaN)]
stock_CUR3K@844b3eaf1ea2,ALIKO.PA,2020-10-01,3.9199999999999995,38058209.839999996,primary_input_absent [netCashProvidedByOperatingActivities NaN (value=NaN)]
stock_CUR3K@844b3eaf1ea2,ALIKO.PA,2021-04-01,3.9199999999999995,37168369.839999996,primary_input_absent [netCashProvidedByOperatingActivities NaN (value=NaN)]
stock_CUR3K@844b3eaf1ea2,ALIKO.PA,2021-10-01,2.9,27463081.2,primary_input_absent [netCashProvidedByOperatingActivities NaN (value=NaN)]
stock_CUR3K@844b3eaf1ea2,ALIKO.PA,2022-04-01,2.0,18963454.0,primary_input_absent [netCashProvidedByOperatingActivities NaN (value=NaN)]
stock_CUR3K@844b3eaf1ea2,ALIKO.PA,2022-10-01,1.45,13727479.15,primary_input_absent [netCashProvidedByOperatingActivities NaN (value=NaN)]
stock_CUR3K@844b3eaf1ea2,ALIKO.PA,2023-04-01,1.65,16120924.049999999,primary_input_absent [netCashProvidedByOperatingActivities NaN (value=NaN)]
stock_CUR3K@844b3eaf1ea2,ALIKO.PA,2023-10-01,1.56,16304285.4,primary_input_absent [netCashProvidedByOperatingActivities NaN (value=NaN)]
stock_CUR3K@844b3eaf1ea2,ALIKO.PA,2024-04-01,1.42,14983121.479999999,primary_input_absent [netCashProvidedByOperatingActivities NaN (value=NaN)]
stock_CUR3K@844b3eaf1ea2,ALIKO.PA,2024-10-01,1.49,16707553.27,primary_input_absent [netCashProvidedByOperatingActivities NaN (value=NaN)]
stock_CUR3K@844b3eaf1ea2,ALIKO.PA,2025-04-01,1.5199999999999998,21243322.4,primary_input_absent [netCashProvidedByOperatingActivities NaN (value=NaN)]
stock_CUR3K@844b3eaf1ea2,ALIKO.PA,2025-10-01,1.6,25321256.0,primary_input_absent [netCashProvidedByOperatingActivities NaN (value=NaN)]
stock_CUR3K@844b3eaf1ea2,ALINS.PA,2014-04-01,3.57,15087316.229999999,primary_input_absent [netCashProvidedByOperatingActivities NaN (value=NaN)]
stock_CUR3K@844b3eaf1ea2,ALINS.PA,2014-10-01,1.5,6334236.0,primary_input_absent [netCashProvidedByOperatingActivities NaN (value=NaN)]
stock_CUR3K@844b3eaf1ea2,ALINS.PA,2015-04-01,0.79,3334858.6,primary_input_absent [netCashProvidedByOperatingActivities NaN (value=NaN)]
stock_CUR3K@844b3eaf1ea2,ALINS.PA,2015-10-01,1.17,9615845.07,primary_input_absent [netCashProvidedByOperatingActivities NaN (value=NaN)]
stock_CUR3K@844b3eaf1ea2,ALINS.PA,2016-04-01,0.87,7347805.11,primary_input_absent [netCashProvidedByOperatingActivities NaN (value=NaN)]
stock_CUR3K@844b3eaf1ea2,ALINS.PA,2016-10-01,0.6,7144777.2,primary_input_absent [netCashProvidedByOperatingActivities NaN (value=NaN)]
stock_CUR3K@844b3eaf1ea2,ALINS.PA,2017-04-01,0.57,6833439.869999999,primary_input_absent [netCashProvidedByOperatingActivities NaN (value=NaN)]
stock_CUR3K@844b3eaf1ea2,ALINS.PA,2017-10-01,0.538,6453030.778000001,primary_input_absent [netCashProvidedByOperatingActivities NaN (value=NaN)]
stock_CUR3K@844b3eaf1ea2,ALINS.PA,2018-04-01,0.3695,5759073.1875,primary_input_absent [netCashProvidedByOperatingActivities NaN (value=NaN)]
stock_CUR3K@844b3eaf1ea2,ALINS.PA,2018-10-01,0.1958,4375291.7802,primary_input_absent [netCashProvidedByOperatingActivities NaN (value=NaN)]
stock_CUR3K@844b3eaf1ea2,ALINS.PA,2019-04-01,0.2795,5662698.2295,primary_input_absent [netCashProvidedByOperatingActivities NaN (value=NaN)]
stock_CUR3K@844b3eaf1ea2,ALINS.PA,2019-10-01,0.23999999999999996,5294587.4399999995,primary_input_absent [netCashProvidedByOperatingActivities NaN (value=NaN)]
stock_CUR3K@844b3eaf1ea2,ALINS.PA,2020-04-01,0.8527149999999999,19681457.783095,primary_input_absent [netCashProvidedByOperatingActivities NaN (value=NaN)]
stock_CUR3K@844b3eaf1ea2,ALINS.PA,2020-10-01,0.998064,23438347.339968,primary_input_absent [netCashProvidedByOperatingActivities NaN (value=NaN)]
stock_CUR3K@844b3eaf1ea2,ALINS.PA,2021-04-01,0.68,16963214.720000003,primary_input_absent [netCashProvidedByOperatingActivities NaN (value=NaN)]
stock_CUR3K@844b3eaf1ea2,ALINS.PA,2021-10-01,0.525,16446892.350000001,primary_input_absent [netCashProvidedByOperatingActivities NaN (value=NaN)]
stock_CUR3K@844b3eaf1ea2,ALINS.PA,2022-04-01,0.35,10951294.899999999,primary_input_absent [netCashProvidedByOperatingActivities NaN (value=NaN)]
stock_CUR3K@844b3eaf1ea2,ALINS.PA,2022-10-01,0.324,10150082.136,primary_input_absent [netCashProvidedByOperatingActivities NaN (value=NaN)]
stock_CUR3K@844b3eaf1ea2,ALINS.PA,2023-04-01,0.433,13544077.625,primary_input_absent [netCashProvidedByOperatingActivities NaN (value=NaN)]
stock_CUR3K@844b3eaf1ea2,ALINS.PA,2023-10-01,0.3449999999999999,17632091.639999997,primary_input_absent [netCashProvidedByOperatingActivities NaN (value=NaN)]
stock_CUR3K@844b3eaf1ea2,ALINS.PA,2024-04-01,0.272,14246614.72,primary_input_absent [netCashProvidedByOperatingActivities NaN (value=NaN)]
stock_CUR3K@844b3eaf1ea2,ALINS.PA,2024-10-01,0.231,12138148.176,primary_input_absent [netCashProvidedByOperatingActivities NaN (value=NaN)]
stock_CUR3K@844b3eaf1ea2,ALINS.PA,2025-04-01,0.29,15244726.379999999,primary_input_absent [netCashProvidedByOperatingActivities NaN (value=NaN)]
stock_CUR3K@844b3eaf1ea2,ALINS.PA,2025-10-01,0.229,12070361.0,primary_input_absent [netCashProvidedByOperatingActivities NaN (value=NaN)]
stock_CUR3K@844b3eaf1ea2,ALTME.PA,2014-10-01,2150.0,43113950.0,primary_input_absent [revenue impossible: < 0 (value=-27000)]
stock_CUR3K@844b3eaf1ea2,ALTME.PA,2015-10-01,2150.0,25800000.0,primary_input_absent [revenue impossible: < 0 (value=-27000)]
stock_CUR3K@844b3eaf1ea2,ALTME.PA,2016-04-01,2150.0,30100000.0,primary_input_absent [revenue impossible: < 0 (value=-27000)]
stock_CUR3K@844b3eaf1ea2,ALTME.PA,2016-10-01,2199.0,37383000.0,primary_input_absent [revenue impossible: < 0 (value=-27000)]
stock_CUR3K@844b3eaf1ea2,ALTME.PA,2017-04-01,1650.0,33000000.0,primary_input_absent [revenue impossible: < 0 (value=-27000)]
stock_CUR3K@844b3eaf1ea2,ALTME.PA,2017-10-01,625.0,13750000.0,primary_input_absent [revenue impossible: < 0 (value=-27000)]
stock_CUR3K@844b3eaf1ea2,ALTME.PA,2018-04-01,202.0,4646000.0,primary_input_absent [revenue impossible: < 0 (value=-27000)]
stock_CUR3K@844b3eaf1ea2,ALTME.PA,2018-10-01,102.0,5610000.0,primary_input_absent [revenue impossible: < 0 (value=-27000)]
stock_CUR3K@844b3eaf1ea2,ALTME.PA,2019-04-01,63.4,4755000.0,primary_input_absent [revenue impossible: < 0 (value=-27000)]
stock_CUR3K@844b3eaf1ea2,ALTME.PA,2019-10-01,58.2,9894000.0,primary_input_absent [revenue impossible: < 0 (value=-27000)]
stock_CUR3K@844b3eaf1ea2,ALTME.PA,2020-04-01,57.0,13053000.0,primary_input_absent [revenue impossible: < 0 (value=-27000)]
stock_CUR3K@844b3eaf1ea2,ALTME.PA,2020-10-01,56.2,23435400.0,primary_input_absent [revenue impossible: < 0 (value=-27000)]
stock_CUR3K@844b3eaf1ea2,ALTME.PA,2021-04-01,38.02,23192200.000000004,primary_input_absent [revenue impossible: < 0 (value=-27000)]
stock_CUR3K@844b3eaf1ea2,ALTME.PA,2021-10-01,23.4,16567199.999999998,primary_input_absent [revenue impossible: < 0 (value=-27000)]
stock_CUR3K@844b3eaf1ea2,ALTME.PA,2022-04-01,5.35,4815000.0,primary_input_absent [revenue impossible: < 0 (value=-27000)]
stock_CUR3K@844b3eaf1ea2,ALTME.PA,2022-10-01,1.22,1771440.0,primary_input_absent [revenue impossible: < 0 (value=-27000)]
stock_CUR3K@844b3eaf1ea2,ALTME.PA,2023-04-01,1.22,4105300.0,primary_input_absent [revenue impossible: < 0 (value=-27000)]
stock_CUR3K@844b3eaf1ea2,ALTME.PA,2023-10-01,0.23,1534330.0,primary_input_absent [revenue impossible: < 0 (value=-27000)]
stock_CUR3K@844b3eaf1ea2,ALTME.PA,2024-04-01,0.1482,4052973.6,primary_input_absent [revenue impossible: < 0 (value=-27000)]
stock_CUR3K@844b3eaf1ea2,ALTME.PA,2024-10-01,0.075,2051100.0,primary_input_absent [revenue impossible: < 0 (value=-27000)]
stock_CUR3K@844b3eaf1ea2,ALTME.PA,2025-04-01,0.08,7528047.28,primary_input_absent [revenue impossible: < 0 (value=-27000)]
stock_CUR3K@844b3eaf1ea2,ALTME.PA,2025-10-01,0.0652,6138626.878799999,primary_input_absent [revenue impossible: < 0 (value=-27000)]
stock_CUR3K@844b3eaf1ea2,ALUVI.PA,2014-10-01,,12870247.68,primary_input_absent [netCashProvidedByOperatingActivities NaN (value=NaN)]
stock_CUR3K@844b3eaf1ea2,ALUVI.PA,2015-10-01,5.58,12870247.68,primary_input_absent [netCashProvidedByOperatingActivities NaN (value=NaN)]
stock_CUR3K@844b3eaf1ea2,ALUVI.PA,2016-10-01,,14369872.68,primary_input_absent [netCashProvidedByOperatingActivities NaN (value=NaN)]
stock_CUR3K@844b3eaf1ea2,ALUVI.PA,2017-04-01,5.58,8220266.28,primary_input_absent [netCashProvidedByOperatingActivities NaN (value=NaN)]
stock_CUR3K@844b3eaf1ea2,ALUVI.PA,2017-10-01,5.4,19700550.0,primary_input_absent [netCashProvidedByOperatingActivities NaN (value=NaN)]
stock_CUR3K@844b3eaf1ea2,ALUVI.PA,2018-04-01,4.79,12265714.68,primary_input_absent [netCashProvidedByOperatingActivities NaN (value=NaN)]
stock_CUR3K@844b3eaf1ea2,ALUVI.PA,2018-10-01,3.8,9665486.2,primary_input_absent [netCashProvidedByOperatingActivities NaN (value=NaN)]
stock_CUR3K@844b3eaf1ea2,ALUVI.PA,2019-04-01,3.4400000000000004,8768800.8,primary_input_absent [netCashProvidedByOperatingActivities NaN (value=NaN)]
stock_CUR3K@844b3eaf1ea2,ALUVI.PA,2019-10-01,4.12,10541415.52,primary_input_absent [netCashProvidedByOperatingActivities NaN (value=NaN)]
stock_CUR3K@844b3eaf1ea2,ALUVI.PA,2020-04-01,9.15,23512260.900000002,primary_input_absent [netCashProvidedByOperatingActivities NaN (value=NaN)]
stock_CUR3K@844b3eaf1ea2,ALUVI.PA,2020-10-01,7.75,19913206.5,primary_input_absent [netCashProvidedByOperatingActivities NaN (value=NaN)]
stock_CUR3K@844b3eaf1ea2,ALUVI.PA,2021-04-01,9.35,23967799.349999998,primary_input_absent [netCashProvidedByOperatingActivities NaN (value=NaN)]
stock_CUR3K@844b3eaf1ea2,ALUVI.PA,2021-10-01,7.5600000000000005,19373422.32,primary_input_absent [netCashProvidedByOperatingActivities NaN (value=NaN)]
stock_CUR3K@844b3eaf1ea2,ALUVI.PA,2022-04-01,4.68,14548608.36,primary_input_absent [netCashProvidedByOperatingActivities NaN (value=NaN)]
stock_CUR3K@844b3eaf1ea2,ALUVI.PA,2022-10-01,3.3000000000000003,10250816.4,primary_input_absent [netCashProvidedByOperatingActivities NaN (value=NaN)]
stock_CUR3K@844b3eaf1ea2,ALUVI.PA,2023-04-01,4.58,14594980.66,primary_input_absent [netCashProvidedByOperatingActivities NaN (value=NaN)]
stock_CUR3K@844b3eaf1ea2,ALUVI.PA,2023-10-01,3.52,11170533.44,primary_input_absent [netCashProvidedByOperatingActivities NaN (value=NaN)]
stock_CUR3K@844b3eaf1ea2,ALUVI.PA,2024-04-01,2.7700000000000005,8827095.290000001,primary_input_absent [netCashProvidedByOperatingActivities NaN (value=NaN)]
stock_CUR3K@844b3eaf1ea2,ALUVI.PA,2024-10-01,2.72,8649736.0,primary_input_absent [netCashProvidedByOperatingActivities NaN (value=NaN)]
stock_CUR3K@844b3eaf1ea2,ALUVI.PA,2025-04-01,2.55,8134627.499999999,primary_input_absent [netCashProvidedByOperatingActivities NaN (value=NaN)]
stock_CUR3K@844b3eaf1ea2,ALUVI.PA,2025-10-01,2.93,9302750.0,primary_input_absent [netCashProvidedByOperatingActivities NaN (value=NaN)]
stock_CUR3K@844b3eaf1ea2,ALVIA.PA,2015-01-01,,,primary_input_absent [netCashProvidedByOperatingActivities NaN (value=NaN)]
stock_CUR3K@844b3eaf1ea2,ALVIA.PA,2015-07-01,,,primary_input_absent [netCashProvidedByOperatingActivities NaN (value=NaN)]
stock_CUR3K@844b3eaf1ea2,ALVIA.PA,2016-01-01,,,primary_input_absent [netCashProvidedByOperatingActivities NaN (value=NaN)]
stock_CUR3K@844b3eaf1ea2,ALVIA.PA,2016-07-01,,,primary_input_absent [netCashProvidedByOperatingActivities NaN (value=NaN)]
stock_CUR3K@844b3eaf1ea2,ALVIA.PA,2017-01-01,,,primary_input_absent [netCashProvidedByOperatingActivities NaN (value=NaN)]
stock_CUR3K@844b3eaf1ea2,ALVIA.PA,2017-07-01,,0.0,primary_input_absent [netCashProvidedByOperatingActivities NaN (value=NaN)]
stock_CUR3K@844b3eaf1ea2,ALVIA.PA,2018-01-01,,0.0,primary_input_absent [netCashProvidedByOperatingActivities NaN (value=NaN)]
stock_CUR3K@844b3eaf1ea2,ALVIA.PA,2018-07-01,,0.0,primary_input_absent [netCashProvidedByOperatingActivities NaN (value=NaN)]
stock_CUR3K@844b3eaf1ea2,ALVIA.PA,2019-01-01,20.0,7918440.0,primary_input_absent [netCashProvidedByOperatingActivities NaN (value=NaN)]
stock_CUR3K@844b3eaf1ea2,ALVIA.PA,2019-07-01,20.0,7918440.0,primary_input_absent [netCashProvidedByOperatingActivities NaN (value=NaN)]
stock_CUR3K@844b3eaf1ea2,ALVIA.PA,2020-01-01,,0.0,primary_input_absent [netCashProvidedByOperatingActivities NaN (value=NaN)]
stock_CUR3K@844b3eaf1ea2,ALVIA.PA,2020-07-01,9.2,3642482.4,primary_input_absent [netCashProvidedByOperatingActivities NaN (value=NaN)]
stock_CUR3K@844b3eaf1ea2,ALVIA.PA,2021-01-01,9.0,3563298.0,primary_input_absent [netCashProvidedByOperatingActivities NaN (value=NaN)]
stock_CUR3K@844b3eaf1ea2,ALVIA.PA,2021-07-01,8.9,3523705.8000000003,primary_input_absent [netCashProvidedByOperatingActivities NaN (value=NaN)]
stock_CUR3K@844b3eaf1ea2,ALVIA.PA,2022-01-01,14.5,5740869.0,primary_input_absent [netCashProvidedByOperatingActivities NaN (value=NaN)]
stock_CUR3K@844b3eaf1ea2,ALVIA.PA,2022-07-01,14.6,5780461.2,primary_input_absent [netCashProvidedByOperatingActivities NaN (value=NaN)]
stock_CUR3K@844b3eaf1ea2,ALVIA.PA,2023-01-01,13.3,5265762.600000001,primary_input_absent [netCashProvidedByOperatingActivities NaN (value=NaN)]
stock_CUR3K@844b3eaf1ea2,ALVIA.PA,2023-07-01,13.2,5226170.399999999,primary_input_absent [netCashProvidedByOperatingActivities NaN (value=NaN)]
stock_CUR3K@844b3eaf1ea2,ALVIA.PA,2024-01-01,14.5,5740869.0,primary_input_absent [netCashProvidedByOperatingActivities NaN (value=NaN)]
stock_CUR3K@844b3eaf1ea2,ALVIA.PA,2024-07-01,14.0,5542908.0,primary_input_absent [netCashProvidedByOperatingActivities NaN (value=NaN)]
stock_CUR3K@844b3eaf1ea2,ALVIA.PA,2025-01-01,13.0,5146986.0,primary_input_absent [netCashProvidedByOperatingActivities NaN (value=NaN)]
stock_CUR3K@844b3eaf1ea2,ALVIA.PA,2025-07-01,12.5,4949025.0,primary_input_absent [netCashProvidedByOperatingActivities NaN (value=NaN)]
stock_CUR3K@844b3eaf1ea2,ALVIA.PA,2026-01-01,11.9,4711471.8,primary_input_absent [netCashProvidedByOperatingActivities NaN (value=NaN)]
stock_CUR3K@844b3eaf1ea2,BAM.TO,2001-10-01,,,primary_input_absent [netCashProvidedByOperatingActivities NaN (value=NaN)]
stock_CUR3K@844b3eaf1ea2,BAM.TO,2021-01-01,26.06092894539829,10495400640.0,primary_input_absent [netCashProvidedByOperatingActivities NaN (value=NaN)]
stock_CUR3K@844b3eaf1ea2,BAM.TO,2021-10-01,,,primary_input_absent [netCashProvidedByOperatingActivities NaN (value=NaN)]
stock_CUR3K@844b3eaf1ea2,BAM.TO,2022-01-01,32.0,12887216000.0,primary_input_absent [netCashProvidedByOperatingActivities NaN (value=NaN)]
stock_CUR3K@844b3eaf1ea2,BAM.TO,2022-04-01,32.0,12887216000.0,primary_input_absent [netCashProvidedByOperatingActivities NaN (value=NaN)]
stock_CUR3K@844b3eaf1ea2,BAM.TO,2022-07-01,32.0,12887216000.0,primary_input_absent [netCashProvidedByOperatingActivities NaN (value=NaN)]
stock_CUR3K@844b3eaf1ea2,BAM.TO,2022-10-01,28.67,11358366149.36,primary_input_absent [netCashProvidedByOperatingActivities NaN (value=NaN)]
stock_CUR3K@844b3eaf1ea2,BAM.TO,2023-01-01,32.72,13193548372.32,primary_input_absent [netCashProvidedByOperatingActivities NaN (value=NaN)]
stock_CUR3K@844b3eaf1ea2,BAM.TO,2023-04-01,32.63,12794223000.000002,primary_input_absent [netCashProvidedByOperatingActivities NaN (value=NaN)]
stock_CUR3K@844b3eaf1ea2,BAM.TO,2023-07-01,33.34,13025938000.000002,primary_input_absent [netCashProvidedByOperatingActivities NaN (value=NaN)]
stock_CUR3K@844b3eaf1ea2,BAM.TO,2023-10-01,40.17,15616278146.820002,primary_input_absent [netCashProvidedByOperatingActivities NaN (value=NaN)]
stock_CUR3K@844b3eaf1ea2,BAM.TO,2024-01-01,41.94,66416184000.0,primary_input_absent [netCashProvidedByOperatingActivities NaN (value=NaN)]
stock_CUR3K@844b3eaf1ea2,BAM.TO,2024-04-01,37.5,60116250000.0,primary_input_absent [netCashProvidedByOperatingActivities NaN (value=NaN)]
stock_CUR3K@844b3eaf1ea2,BAM.TO,2024-07-01,47.42819747559535,76278770000.0,primary_input_absent [netCashProvidedByOperatingActivities NaN (value=NaN)]
stock_CUR3K@844b3eaf1ea2,BAM.TO,2024-10-01,37.719408849791705,60664125253.119995,primary_input_absent [netCashProvidedByOperatingActivities NaN (value=NaN)]
stock_CUR3K@844b3eaf1ea2,BAM.TO,2025-01-01,48.46167751599008,78192916672.05,primary_input_absent [netCashProvidedByOperatingActivities NaN (value=NaN)]
stock_CUR3K@844b3eaf1ea2,BAM.TO,2025-04-01,52.68301597693167,84956631564.40001,primary_input_absent [netCashProvidedByOperatingActivities NaN (value=NaN)]
stock_CUR3K@844b3eaf1ea2,BAM.TO,2025-07-01,56.80896275558725,91610133339.66,primary_input_absent [netCashProvidedByOperatingActivities NaN (value=NaN)]
stock_CUR3K@844b3eaf1ea2,BAM.TO,2025-10-01,51.98065236264418,83824000000.0,primary_input_absent [netCashProvidedByOperatingActivities NaN (value=NaN)]
stock_CUR3K@844b3eaf1ea2,BAM.TO,2026-01-01,43.9754267207854,71408925000.0,primary_input_absent [netCashProvidedByOperatingActivities NaN (value=NaN)]
stock_CUR3K@844b3eaf1ea2,BAM.TO,2026-04-01,44.63627932736626,72051525000.0,primary_input_absent [netCashProvidedByOperatingActivities NaN (value=NaN)]
stock_CUR3K@844b3eaf1ea2,BH,2020-07-01,89.01,156340724.4,primary_input_absent [netCashProvidedByOperatingActivities NaN (value=NaN)]
stock_CUR3K@844b3eaf1ea2,BH,2020-10-01,111.2,186582480.0,primary_input_absent [netCashProvidedByOperatingActivities NaN (value=NaN)]
stock_CUR3K@844b3eaf1ea2,BH,2021-01-01,132.76,213172068.2,primary_input_absent [netCashProvidedByOperatingActivities NaN (value=NaN)]
stock_CUR3K@844b3eaf1ea2,BH,2021-04-01,159.47,258190700.85,primary_input_absent [netCashProvidedByOperatingActivities NaN (value=NaN)]
stock_CUR3K@844b3eaf1ea2,BH,2021-07-01,171.81,271662535.8,primary_input_absent [netCashProvidedByOperatingActivities NaN (value=NaN)]
stock_CUR3K@844b3eaf1ea2,BH,2021-10-01,142.57,219467268.04999998,primary_input_absent [netCashProvidedByOperatingActivities NaN (value=NaN)]
stock_CUR3K@844b3eaf1ea2,BH,2022-01-01,144.61,220220784.60000002,primary_input_absent [netCashProvidedByOperatingActivities NaN (value=NaN)]
stock_CUR3K@844b3eaf1ea2,BH,2022-04-01,122.7,185226693.0,primary_input_absent [netCashProvidedByOperatingActivities NaN (value=NaN)]
stock_CUR3K@844b3eaf1ea2,BH,2022-07-01,115.6,169512950.0,primary_input_absent [netCashProvidedByOperatingActivities NaN (value=NaN)]
stock_CUR3K@844b3eaf1ea2,BH,2022-10-01,138.8,205183182.00000003,primary_input_absent [netCashProvidedByOperatingActivities NaN (value=NaN)]
stock_CUR3K@844b3eaf1ea2,BH,2023-01-01,169.2,246956705.99999997,primary_input_absent [netCashProvidedByOperatingActivities NaN (value=NaN)]
stock_CUR3K@844b3eaf1ea2,BH,2023-04-01,197.13999999999996,287522775.79999995,primary_input_absent [netCashProvidedByOperatingActivities NaN (value=NaN)]
stock_CUR3K@844b3eaf1ea2,BH,2023-07-01,166.0,239875810.0,primary_input_absent [netCashProvidedByOperatingActivities NaN (value=NaN)]
stock_CUR3K@844b3eaf1ea2,BH,2023-10-01,164.93,236177780.84,primary_input_absent [netCashProvidedByOperatingActivities NaN (value=NaN)]
stock_CUR3K@844b3eaf1ea2,BH,2024-01-01,198.41,281531885.4,primary_input_absent [netCashProvidedByOperatingActivities NaN (value=NaN)]
stock_CUR3K@844b3eaf1ea2,BH,2024-04-01,190.0,266342000.0,primary_input_absent [netCashProvidedByOperatingActivities NaN (value=NaN)]
stock_CUR3K@844b3eaf1ea2,BH,2024-07-01,172.01,240735735.45,primary_input_absent [netCashProvidedByOperatingActivities NaN (value=NaN)]
stock_CUR3K@844b3eaf1ea2,BH,2024-10-01,254.29000000000002,355890298.05,primary_input_absent [netCashProvidedByOperatingActivities NaN (value=NaN)]
stock_CUR3K@844b3eaf1ea2,BH,2025-01-01,216.54,492737636.15999997,primary_input_absent [netCashProvidedByOperatingActivities NaN (value=NaN)]
stock_CUR3K@844b3eaf1ea2,BH,2025-04-01,292.21,906715941.5999999,primary_input_absent [netCashProvidedByOperatingActivities NaN (value=NaN)]
stock_CUR3K@844b3eaf1ea2,BH,2025-07-01,323.65,1004273003.9999999,primary_input_absent [netCashProvidedByOperatingActivities NaN (value=NaN)]
stock_CUR3K@844b3eaf1ea2,BH,2025-10-01,332.43,1031516992.8000001,primary_input_absent [netCashProvidedByOperatingActivities NaN (value=NaN)]
stock_CUR3K@844b3eaf1ea2,BH,2026-01-01,329.59,1034589601.8,primary_input_absent [netCashProvidedByOperatingActivities NaN (value=NaN)]
stock_CUR3K@844b3eaf1ea2,BH,2026-04-01,426.03,1337316690.6,primary_input_absent [netCashProvidedByOperatingActivities NaN (value=NaN)]
stock_CUR3K@844b3eaf1ea2,BH-A,2020-07-01,89.01,156340724.4,primary_input_absent [netCashProvidedByOperatingActivities NaN (value=NaN)]
stock_CUR3K@844b3eaf1ea2,BH-A,2020-10-01,111.2,186582480.0,primary_input_absent [netCashProvidedByOperatingActivities NaN (value=NaN)]
stock_CUR3K@844b3eaf1ea2,BH-A,2021-01-01,132.76,213172068.2,primary_input_absent [netCashProvidedByOperatingActivities NaN (value=NaN)]
stock_CUR3K@844b3eaf1ea2,BH-A,2021-04-01,159.47,258190700.85,primary_input_absent [netCashProvidedByOperatingActivities NaN (value=NaN)]
stock_CUR3K@844b3eaf1ea2,BH-A,2021-07-01,171.81,271662535.8,primary_input_absent [netCashProvidedByOperatingActivities NaN (value=NaN)]
stock_CUR3K@844b3eaf1ea2,BH-A,2021-10-01,142.57,219467268.04999998,primary_input_absent [netCashProvidedByOperatingActivities NaN (value=NaN)]
stock_CUR3K@844b3eaf1ea2,BH-A,2022-01-01,144.61,220220784.60000002,primary_input_absent [netCashProvidedByOperatingActivities NaN (value=NaN)]
stock_CUR3K@844b3eaf1ea2,BH-A,2022-04-01,122.7,185226693.0,primary_input_absent [netCashProvidedByOperatingActivities NaN (value=NaN)]
stock_CUR3K@844b3eaf1ea2,BH-A,2022-07-01,115.6,169512950.0,primary_input_absent [netCashProvidedByOperatingActivities NaN (value=NaN)]
stock_CUR3K@844b3eaf1ea2,BH-A,2022-10-01,138.8,205183182.00000003,primary_input_absent [netCashProvidedByOperatingActivities NaN (value=NaN)]
stock_CUR3K@844b3eaf1ea2,BH-A,2023-01-01,169.2,246956705.99999997,primary_input_absent [netCashProvidedByOperatingActivities NaN (value=NaN)]
stock_CUR3K@844b3eaf1ea2,BH-A,2023-04-01,197.13999999999996,287522775.79999995,primary_input_absent [netCashProvidedByOperatingActivities NaN (value=NaN)]
stock_CUR3K@844b3eaf1ea2,BH-A,2023-07-01,166.0,239875810.0,primary_input_absent [netCashProvidedByOperatingActivities NaN (value=NaN)]
stock_CUR3K@844b3eaf1ea2,BH-A,2023-10-01,164.93,236177780.84,primary_input_absent [netCashProvidedByOperatingActivities NaN (value=NaN)]
stock_CUR3K@844b3eaf1ea2,BH-A,2024-01-01,198.41,281531885.4,primary_input_absent [netCashProvidedByOperatingActivities NaN (value=NaN)]
stock_CUR3K@844b3eaf1ea2,BH-A,2024-04-01,190.0,266342000.0,primary_input_absent [netCashProvidedByOperatingActivities NaN (value=NaN)]
stock_CUR3K@844b3eaf1ea2,BH-A,2024-07-01,172.01,240735735.45,primary_input_absent [netCashProvidedByOperatingActivities NaN (value=NaN)]
stock_CUR3K@844b3eaf1ea2,BH-A,2024-10-01,254.29000000000002,355890298.05,primary_input_absent [netCashProvidedByOperatingActivities NaN (value=NaN)]
stock_CUR3K@844b3eaf1ea2,BH-A,2025-01-01,216.54,492737636.15999997,primary_input_absent [netCashProvidedByOperatingActivities NaN (value=NaN)]
stock_CUR3K@844b3eaf1ea2,BH-A,2025-04-01,292.21,906715941.5999999,primary_input_absent [netCashProvidedByOperatingActivities NaN (value=NaN)]
stock_CUR3K@844b3eaf1ea2,BH-A,2025-07-01,323.65,1004273003.9999999,primary_input_absent [netCashProvidedByOperatingActivities NaN (value=NaN)]
stock_CUR3K@844b3eaf1ea2,BH-A,2025-10-01,332.43,1031516992.8000001,primary_input_absent [netCashProvidedByOperatingActivities NaN (value=NaN)]
stock_CUR3K@844b3eaf1ea2,BH-A,2026-01-01,329.59,1034589601.8,primary_input_absent [netCashProvidedByOperatingActivities NaN (value=NaN)]
stock_CUR3K@844b3eaf1ea2,BH-A,2026-04-01,426.03,1337316690.6,primary_input_absent [netCashProvidedByOperatingActivities NaN (value=NaN)]
stock_CUR3K@844b3eaf1ea2,BVFL,2020-07-01,15.79,106882510.0,primary_input_absent [netCashProvidedByOperatingActivities NaN (value=NaN)]
stock_CUR3K@844b3eaf1ea2,BVFL,2020-10-01,17.0,115073000.0,primary_input_absent [netCashProvidedByOperatingActivities NaN (value=NaN)]
stock_CUR3K@844b3eaf1ea2,BVFL,2021-01-01,18.25,128863250.0,primary_input_absent [netCashProvidedByOperatingActivities NaN (value=NaN)]
stock_CUR3K@844b3eaf1ea2,BVFL,2021-04-01,17.0,122468000.0,primary_input_absent [netCashProvidedByOperatingActivities NaN (value=NaN)]
stock_CUR3K@844b3eaf1ea2,BVFL,2021-07-01,20.0,141980000.0,primary_input_absent [netCashProvidedByOperatingActivities NaN (value=NaN)]
stock_CUR3K@844b3eaf1ea2,BVFL,2021-10-01,20.1,141624600.0,primary_input_absent [netCashProvidedByOperatingActivities NaN (value=NaN)]
stock_CUR3K@844b3eaf1ea2,BVFL,2022-01-01,20.4,150735600.0,primary_input_absent [netCashProvidedByOperatingActivities NaN (value=NaN)]
stock_CUR3K@844b3eaf1ea2,BVFL,2022-04-01,21.01,155705110.0,primary_input_absent [netCashProvidedByOperatingActivities NaN (value=NaN)]
stock_CUR3K@844b3eaf1ea2,BVFL,2022-07-01,22.0,175054000.0,primary_input_absent [netCashProvidedByOperatingActivities NaN (value=NaN)]
stock_CUR3K@844b3eaf1ea2,BVFL,2022-10-01,25.0,200725000.0,primary_input_absent [netCashProvidedByOperatingActivities NaN (value=NaN)]
stock_CUR3K@844b3eaf1ea2,BVFL,2023-01-01,23.5,187224500.0,primary_input_absent [netCashProvidedByOperatingActivities NaN (value=NaN)]
stock_CUR3K@844b3eaf1ea2,BVFL,2023-04-01,18.0,133740000.0,primary_input_absent [netCashProvidedByOperatingActivities NaN (value=NaN)]
stock_CUR3K@844b3eaf1ea2,BVFL,2023-07-01,10.08,106848000.0,primary_input_absent [netCashProvidedByOperatingActivities NaN (value=NaN)]
stock_CUR3K@844b3eaf1ea2,BVFL,2023-10-01,14.18,152378280.0,primary_input_absent [netCashProvidedByOperatingActivities NaN (value=NaN)]
stock_CUR3K@844b3eaf1ea2,BVFL,2024-01-01,10.39,111432750.0,primary_input_absent [netCashProvidedByOperatingActivities NaN (value=NaN)]
stock_CUR3K@844b3eaf1ea2,BVFL,2024-04-01,11.95,126931406.24999999,primary_input_absent [netCashProvidedByOperatingActivities NaN (value=NaN)]
stock_CUR3K@844b3eaf1ea2,BVFL,2024-07-01,15.35,165043200.0,primary_input_absent [netCashProvidedByOperatingActivities NaN (value=NaN)]
stock_CUR3K@844b3eaf1ea2,BVFL,2024-10-01,17.22,186647580.0,primary_input_absent [netCashProvidedByOperatingActivities NaN (value=NaN)]
stock_CUR3K@844b3eaf1ea2,BVFL,2025-01-01,15.26,152523700.0,primary_input_absent [netCashProvidedByOperatingActivities NaN (value=NaN)]
stock_CUR3K@844b3eaf1ea2,BVFL,2025-04-01,15.230000000000002,150145564.20000002,primary_input_absent [netCashProvidedByOperatingActivities NaN (value=NaN)]
stock_CUR3K@844b3eaf1ea2,BVFL,2025-07-01,16.12,146348112.04000002,primary_input_absent [netCashProvidedByOperatingActivities NaN (value=NaN)]
stock_CUR3K@844b3eaf1ea2,BVFL,2025-10-01,18.14,152885189.8,primary_input_absent [netCashProvidedByOperatingActivities NaN (value=NaN)]
stock_CUR3K@844b3eaf1ea2,BVFL,2026-01-01,19.14,160628775.12,primary_input_absent [netCashProvidedByOperatingActivities NaN (value=NaN)]
stock_CUR3K@844b3eaf1ea2,BVFL,2026-04-01,21.18,177749083.44,primary_input_absent [netCashProvidedByOperatingActivities NaN (value=NaN)]
stock_CUR3K@844b3eaf1ea2,CAVA,2022-10-01,43.78,59978600.0,primary_input_absent [netCashProvidedByOperatingActivities NaN (value=NaN)]
stock_CUR3K@844b3eaf1ea2,CAVA,2022-10-01,43.78,58096060.0,primary_input_absent [netCashProvidedByOperatingActivities NaN (value=NaN)]
stock_CUR3K@844b3eaf1ea2,CAVA,2023-04-01,43.78,72105660.0,primary_input_absent [netCashProvidedByOperatingActivities NaN (value=NaN)]
stock_CUR3K@844b3eaf1ea2,CAVA,2023-07-01,44.0,1376276000.0,primary_input_absent [netCashProvidedByOperatingActivities NaN (value=NaN)]
stock_CUR3K@844b3eaf1ea2,CAVA,2023-10-01,42.98,5039405000.0,primary_input_absent [netCashProvidedByOperatingActivities NaN (value=NaN)]
stock_CUR3K@844b3eaf1ea2,CAVA,2023-10-01,31.0,1468268500.0,primary_input_absent [netCashProvidedByOperatingActivities NaN (value=NaN)]
stock_CUR3K@844b3eaf1ea2,CAVA,2024-04-01,59.61,6793870920.0,primary_input_absent [netCashProvidedByOperatingActivities NaN (value=NaN)]
stock_CUR3K@844b3eaf1ea2,CAVA,2024-07-01,86.63,9887081900.0,primary_input_absent [netCashProvidedByOperatingActivities NaN (value=NaN)]
stock_CUR3K@844b3eaf1ea2,CAVA,2024-10-01,112.8,12942559200.0,primary_input_absent [netCashProvidedByOperatingActivities NaN (value=NaN)]
stock_CUR3K@844b3eaf1ea2,CAVA,2024-10-01,126.0,14418684000.0,primary_input_absent [netCashProvidedByOperatingActivities NaN (value=NaN)]
stock_CUR3K@844b3eaf1ea2,CAVA,2025-04-01,80.37,9284744250.0,primary_input_absent [netCashProvidedByOperatingActivities NaN (value=NaN)]
stock_CUR3K@844b3eaf1ea2,CAVA,2025-07-01,89.86,10404260380.0,primary_input_absent [netCashProvidedByOperatingActivities NaN (value=NaN)]
stock_CUR3K@844b3eaf1ea2,CAVA,2025-10-01,59.96,6957878320.0,primary_input_absent [netCashProvidedByOperatingActivities NaN (value=NaN)]
stock_CUR3K@844b3eaf1ea2,CAVA,2025-10-01,63.8,7398248000.0,primary_input_absent [netCashProvidedByOperatingActivities NaN (value=NaN)]
stock_CUR3K@844b3eaf1ea2,CAVA,2026-04-01,97.39,11330449990.0,primary_input_absent [netCashProvidedByOperatingActivities NaN (value=NaN)]
stock_CUR3K@844b3eaf1ea2,CAVA,2026-07-01,72.54,8458381620.000001,primary_input_absent [netCashProvidedByOperatingActivities NaN (value=NaN)]
stock_CUR3K@844b3eaf1ea2,CHAR.L,2014-04-01,0.315589095,63763198.699274994,primary_input_absent [revenue impossible: < 0 (value=-78000)]
stock_CUR3K@844b3eaf1ea2,CHAR.L,2014-10-01,0.136436124,33136923.616499998,primary_input_absent [revenue impossible: < 0 (value=-78000)]
stock_CUR3K@844b3eaf1ea2,CHAR.L,2015-04-01,0.13749050000000002,36065270.5455,primary_input_absent [revenue impossible: < 0 (value=-78000)]
stock_CUR3K@844b3eaf1ea2,CHAR.L,2015-10-01,0.08442009,22284371.1573,primary_input_absent [revenue impossible: < 0 (value=-78000)]
stock_CUR3K@844b3eaf1ea2,CHAR.L,2016-04-01,0.07026518400000001,18591465.034560002,primary_input_absent [revenue impossible: < 0 (value=-78000)]
stock_CUR3K@844b3eaf1ea2,CHAR.L,2016-10-01,0.099502293,26671987.647822,primary_input_absent [revenue impossible: < 0 (value=-78000)]
stock_CUR3K@844b3eaf1ea2,CHAR.L,2017-04-01,0.16348131999999999,43890156.94304,primary_input_absent [revenue impossible: < 0 (value=-78000)]
stock_CUR3K@844b3eaf1ea2,CHAR.L,2017-10-01,0.22435957499999998,60297533.21954999,primary_input_absent [revenue impossible: < 0 (value=-78000)]
stock_CUR3K@844b3eaf1ea2,CHAR.L,2018-04-01,0.1056248,33705296.1792,primary_input_absent [revenue impossible: < 0 (value=-78000)]
stock_CUR3K@844b3eaf1ea2,CHAR.L,2018-10-01,0.032102532,11794566.564396001,primary_input_absent [revenue impossible: < 0 (value=-78000)]
stock_CUR3K@844b3eaf1ea2,CHAR.L,2019-04-01,0.051435439,18897894.64299,primary_input_absent [revenue impossible: < 0 (value=-78000)]
stock_CUR3K@844b3eaf1ea2,CHAR.L,2019-10-01,0.042268138000000004,15537852.065076001,primary_input_absent [revenue impossible: < 0 (value=-78000)]
stock_CUR3K@844b3eaf1ea2,CHAR.L,2020-04-01,0.027030256000000003,10042307.739376001,primary_input_absent [revenue impossible: < 0 (value=-78000)]
stock_CUR3K@844b3eaf1ea2,CHAR.L,2020-10-01,0.11607685000000001,44955751.46705,primary_input_absent [revenue impossible: < 0 (value=-78000)]
stock_CUR3K@844b3eaf1ea2,CHAR.L,2021-04-01,0.073840986,28909262.905902,primary_input_absent [revenue impossible: < 0 (value=-78000)]
stock_CUR3K@844b3eaf1ea2,CHAR.L,2021-10-01,0.095402715,61860456.04401,primary_input_absent [revenue impossible: < 0 (value=-78000)]
stock_CUR3K@844b3eaf1ea2,CHAR.L,2022-04-01,0.21672212000000005,178175707.01468003,primary_input_absent [revenue impossible: < 0 (value=-78000)]
stock_CUR3K@844b3eaf1ea2,CHAR.L,2022-10-01,0.194700627,187006058.22096,primary_input_absent [revenue impossible: < 0 (value=-78000)]
stock_CUR3K@844b3eaf1ea2,CHAR.L,2023-04-01,0.21882732000000002,210528950.37096003,primary_input_absent [revenue impossible: < 0 (value=-78000)]
stock_CUR3K@844b3eaf1ea2,CHAR.L,2023-10-01,0.1264089,133176579.6882,primary_input_absent [revenue impossible: < 0 (value=-78000)]
stock_CUR3K@844b3eaf1ea2,CHAR.L,2024-04-01,0.093229026,100135339.017054,primary_input_absent [revenue impossible: < 0 (value=-78000)]
stock_CUR3K@844b3eaf1ea2,CHAR.L,2024-10-01,0.025022600000000002,28673504.8871348,primary_input_absent [revenue impossible: < 0 (value=-78000)]
stock_CUR3K@844b3eaf1ea2,CHAR.L,2025-04-01,0.020871424,25560958.450960126,primary_input_absent [revenue impossible: < 0 (value=-78000)]
stock_CUR3K@844b3eaf1ea2,CHAR.L,2025-10-01,0.019779437999999996,27933072.686682906,primary_input_absent [revenue impossible: < 0 (value=-78000)]
stock_CUR3K@844b3eaf1ea2,ECO.L,2020-04-01,0.4039776,74613742.8630048,primary_input_absent [revenue impossible: < 0 (value=-2.01812e+06)]
stock_CUR3K@844b3eaf1ea2,ECO.L,2020-07-01,0.3954988000000001,73047727.80923241,primary_input_absent [revenue impossible: < 0 (value=-2.01812e+06)]
stock_CUR3K@844b3eaf1ea2,ECO.L,2020-10-01,0.4050010499999999,74802771.74760914,primary_input_absent [revenue impossible: < 0 (value=-2.01812e+06)]
stock_CUR3K@844b3eaf1ea2,ECO.L,2021-01-01,0.3850318,71114496.7425914,primary_input_absent [revenue impossible: < 0 (value=-2.01812e+06)]
stock_CUR3K@844b3eaf1ea2,ECO.L,2021-04-01,0.49684539999999994,91766214.0630242,primary_input_absent [revenue impossible: < 0 (value=-2.01812e+06)]
stock_CUR3K@844b3eaf1ea2,ECO.L,2021-07-01,0.44391620000000004,88074698.69443701,primary_input_absent [revenue impossible: < 0 (value=-2.01812e+06)]
stock_CUR3K@844b3eaf1ea2,ECO.L,2021-10-01,0.3121991,62406613.2549276,primary_input_absent [revenue impossible: < 0 (value=-2.01812e+06)]
stock_CUR3K@844b3eaf1ea2,ECO.L,2022-01-01,0.599841,119904398.51187599,primary_input_absent [revenue impossible: < 0 (value=-2.01812e+06)]
stock_CUR3K@844b3eaf1ea2,ECO.L,2022-04-01,0.403577175,118512388.73439112,primary_input_absent [revenue impossible: < 0 (value=-2.01812e+06)]
stock_CUR3K@844b3eaf1ea2,ECO.L,2022-07-01,0.4936544,169800340.2107968,primary_input_absent [revenue impossible: < 0 (value=-2.01812e+06)]
stock_CUR3K@844b3eaf1ea2,ECO.L,2022-10-01,0.3027747,110620447.322055,primary_input_absent [revenue impossible: < 0 (value=-2.01812e+06)]
stock_CUR3K@844b3eaf1ea2,ECO.L,2023-01-01,0.3373731,123483026.4804405,primary_input_absent [revenue impossible: < 0 (value=-2.01812e+06)]
stock_CUR3K@844b3eaf1ea2,ECO.L,2023-04-01,0.24382475000000006,89568700.06383002,primary_input_absent [revenue impossible: < 0 (value=-2.01812e+06)]
stock_CUR3K@844b3eaf1ea2,ECO.L,2023-07-01,0.17385795,64226818.429710306,primary_input_absent [revenue impossible: < 0 (value=-2.01812e+06)]
stock_CUR3K@844b3eaf1ea2,ECO.L,2023-10-01,0.186299685,68963239.9792908,primary_input_absent [revenue impossible: < 0 (value=-2.01812e+06)]
stock_CUR3K@844b3eaf1ea2,ECO.L,2024-01-01,0.14465214999999998,53546418.68541199,primary_input_absent [revenue impossible: < 0 (value=-2.01812e+06)]
stock_CUR3K@844b3eaf1ea2,ECO.L,2024-04-01,0.223710144,82811607.25780992,primary_input_absent [revenue impossible: < 0 (value=-2.01812e+06)]
stock_CUR3K@844b3eaf1ea2,ECO.L,2024-07-01,0.20846816499999998,77169427.8008972,primary_input_absent [revenue impossible: < 0 (value=-2.01812e+06)]
stock_CUR3K@844b3eaf1ea2,ECO.L,2024-10-01,0.193400025,71591598.966342,primary_input_absent [revenue impossible: < 0 (value=-2.01812e+06)]
stock_CUR3K@844b3eaf1ea2,ECO.L,2025-01-01,0.16069278,59484237.7220304,primary_input_absent [revenue impossible: < 0 (value=-2.01812e+06)]
stock_CUR3K@844b3eaf1ea2,ECO.L,2025-04-01,0.18394776499999999,57986210.08382303,primary_input_absent [revenue impossible: < 0 (value=-2.01812e+06)]
stock_CUR3K@844b3eaf1ea2,ECO.L,2025-07-01,0.14593878,46004564.15687808,primary_input_absent [revenue impossible: < 0 (value=-2.01812e+06)]
stock_CUR3K@844b3eaf1ea2,ECO.L,2025-10-01,0.5390174,169915498.53968638,primary_input_absent [revenue impossible: < 0 (value=-2.01812e+06)]
stock_CUR3K@844b3eaf1ea2,ECO.L,2026-01-01,1.029896,331715550.628784,primary_input_absent [revenue impossible: < 0 (value=-2.01812e+06)]
stock_CUR3K@844b3eaf1ea2,EEM.PA,2014-04-01,3.75,12281250.0,primary_input_absent [revenue impossible: < 0 (value=-256000)]
stock_CUR3K@844b3eaf1ea2,EEM.PA,2014-10-01,2.63,8130868.55,primary_input_absent [revenue impossible: < 0 (value=-256000)]
stock_CUR3K@844b3eaf1ea2,EEM.PA,2015-04-01,3.22,10559378.200000001,primary_input_absent [revenue impossible: < 0 (value=-256000)]
stock_CUR3K@844b3eaf1ea2,EEM.PA,2015-10-01,3.55,10808422.299999999,primary_input_absent [revenue impossible: < 0 (value=-256000)]
stock_CUR3K@844b3eaf1ea2,EEM.PA,2016-04-01,3.04,9764480.0,primary_input_absent [revenue impossible: < 0 (value=-256000)]
stock_CUR3K@844b3eaf1ea2,EEM.PA,2016-10-01,3.32,11549201.0,primary_input_absent [revenue impossible: < 0 (value=-256000)]
stock_CUR3K@844b3eaf1ea2,EEM.PA,2017-04-01,5.75,18763152.75,primary_input_absent [revenue impossible: < 0 (value=-256000)]
stock_CUR3K@844b3eaf1ea2,EEM.PA,2017-10-01,6.25,29574062.5,primary_input_absent [revenue impossible: < 0 (value=-256000)]
stock_CUR3K@844b3eaf1ea2,EEM.PA,2018-04-01,4.74,22491300.0,primary_input_absent [revenue impossible: < 0 (value=-256000)]
stock_CUR3K@844b3eaf1ea2,EEM.PA,2018-10-01,3.18,22639844.64,primary_input_absent [revenue impossible: < 0 (value=-256000)]
stock_CUR3K@844b3eaf1ea2,EEM.PA,2019-04-01,2.82,16057077.18,primary_input_absent [revenue impossible: < 0 (value=-256000)]
stock_CUR3K@844b3eaf1ea2,EEM.PA,2019-10-01,3.4199999999999995,19473476.58,primary_input_absent [revenue impossible: < 0 (value=-256000)]
stock_CUR3K@844b3eaf1ea2,EEM.PA,2020-04-01,3.28,18676316.72,primary_input_absent [revenue impossible: < 0 (value=-256000)]
stock_CUR3K@844b3eaf1ea2,EEM.PA,2020-10-01,3.28,18676316.72,primary_input_absent [revenue impossible: < 0 (value=-256000)]
stock_CUR3K@844b3eaf1ea2,EEM.PA,2021-04-01,3.28,18676316.72,primary_input_absent [revenue impossible: < 0 (value=-256000)]
stock_CUR3K@844b3eaf1ea2,EEM.PA,2021-10-01,3.28,18676316.72,primary_input_absent [revenue impossible: < 0 (value=-256000)]
stock_CUR3K@844b3eaf1ea2,EEM.PA,2022-04-01,3.28,18676316.72,primary_input_absent [revenue impossible: < 0 (value=-256000)]
stock_CUR3K@844b3eaf1ea2,EEM.PA,2022-10-01,3.96,22532400.0,primary_input_absent [revenue impossible: < 0 (value=-256000)]
stock_CUR3K@844b3eaf1ea2,EEM.PA,2023-04-01,3.3,18790196.7,primary_input_absent [revenue impossible: < 0 (value=-256000)]
stock_CUR3K@844b3eaf1ea2,EEM.PA,2023-10-01,3.46,19633880.72,primary_input_absent [revenue impossible: < 0 (value=-256000)]
stock_CUR3K@844b3eaf1ea2,EEM.PA,2024-04-01,3.6399999999999997,20806782.36,primary_input_absent [revenue impossible: < 0 (value=-256000)]
stock_CUR3K@844b3eaf1ea2,EEM.PA,2024-10-01,3.98,22826864.14,primary_input_absent [revenue impossible: < 0 (value=-256000)]
stock_CUR3K@844b3eaf1ea2,EEM.PA,2025-04-01,3.52,20198812.48,primary_input_absent [revenue impossible: < 0 (value=-256000)]
stock_CUR3K@844b3eaf1ea2,EEM.PA,2025-10-01,2.86,16354335.139999999,primary_input_absent [revenue impossible: < 0 (value=-256000)]
stock_CUR3K@844b3eaf1ea2,ENTA,2020-07-01,45.78,918987720.0,primary_input_absent [netCashProvidedByOperatingActivities NaN (value=NaN)]
stock_CUR3K@844b3eaf1ea2,ENTA,2020-10-01,42.1,845915300.0,primary_input_absent [netCashProvidedByOperatingActivities NaN (value=NaN)]
stock_CUR3K@844b3eaf1ea2,ENTA,2021-01-01,49.32,994833720.0,primary_input_absent [netCashProvidedByOperatingActivities NaN (value=NaN)]
stock_CUR3K@844b3eaf1ea2,ENTA,2021-04-01,44.01,888484222.3499999,primary_input_absent [netCashProvidedByOperatingActivities NaN (value=NaN)]
stock_CUR3K@844b3eaf1ea2,ENTA,2021-07-01,56.81000000000001,1146294284.8500001,primary_input_absent [netCashProvidedByOperatingActivities NaN (value=NaN)]
stock_CUR3K@844b3eaf1ea2,ENTA,2021-10-01,74.78,1524614640.0,primary_input_absent [netCashProvidedByOperatingActivities NaN (value=NaN)]
stock_CUR3K@844b3eaf1ea2,ENTA,2022-01-01,71.18,1462820180.0000002,primary_input_absent [netCashProvidedByOperatingActivities NaN (value=NaN)]
stock_CUR3K@844b3eaf1ea2,ENTA,2022-04-01,47.27,978961700.0000001,primary_input_absent [netCashProvidedByOperatingActivities NaN (value=NaN)]
stock_CUR3K@844b3eaf1ea2,ENTA,2022-07-01,51.87,1068677610.0,primary_input_absent [netCashProvidedByOperatingActivities NaN (value=NaN)]
stock_CUR3K@844b3eaf1ea2,ENTA,2022-10-01,46.52,968360320.0000001,primary_input_absent [netCashProvidedByOperatingActivities NaN (value=NaN)]
stock_CUR3K@844b3eaf1ea2,ENTA,2023-01-01,40.44,850655400.0,primary_input_absent [netCashProvidedByOperatingActivities NaN (value=NaN)]
stock_CUR3K@844b3eaf1ea2,ENTA,2023-04-01,21.4,450555599.99999994,primary_input_absent [netCashProvidedByOperatingActivities NaN (value=NaN)]
stock_CUR3K@844b3eaf1ea2,ENTA,2023-07-01,11.17,235206690.0,primary_input_absent [netCashProvidedByOperatingActivities NaN (value=NaN)]
stock_CUR3K@844b3eaf1ea2,ENTA,2023-10-01,9.41,198438080.0,primary_input_absent [netCashProvidedByOperatingActivities NaN (value=NaN)]
stock_CUR3K@844b3eaf1ea2,ENTA,2024-01-01,17.02,360262340.0,primary_input_absent [netCashProvidedByOperatingActivities NaN (value=NaN)]
stock_CUR3K@844b3eaf1ea2,ENTA,2024-04-01,13.07,276822600.0,primary_input_absent [netCashProvidedByOperatingActivities NaN (value=NaN)]
stock_CUR3K@844b3eaf1ea2,ENTA,2024-07-01,10.36,219528400.0,primary_input_absent [netCashProvidedByOperatingActivities NaN (value=NaN)]
stock_CUR3K@844b3eaf1ea2,ENTA,2024-10-01,5.75,122118500.0,primary_input_absent [netCashProvidedByOperatingActivities NaN (value=NaN)]
stock_CUR3K@844b3eaf1ea2,ENTA,2025-01-01,5.52,117879599.99999999,primary_input_absent [netCashProvidedByOperatingActivities NaN (value=NaN)]
stock_CUR3K@844b3eaf1ea2,ENTA,2025-04-01,7.56,161194320.0,primary_input_absent [netCashProvidedByOperatingActivities NaN (value=NaN)]
stock_CUR3K@844b3eaf1ea2,ENTA,2025-07-01,11.97,255918600.0,primary_input_absent [netCashProvidedByOperatingActivities NaN (value=NaN)]
stock_CUR3K@844b3eaf1ea2,ENTA,2025-10-01,15.77,337162600.0,primary_input_absent [netCashProvidedByOperatingActivities NaN (value=NaN)]
stock_CUR3K@844b3eaf1ea2,ENTA,2026-01-01,12.63,270029400.0,primary_input_absent [netCashProvidedByOperatingActivities NaN (value=NaN)]
stock_CUR3K@844b3eaf1ea2,ENTA,2026-04-01,14.58,424132200.0,primary_input_absent [netCashProvidedByOperatingActivities NaN (value=NaN)]
stock_CUR3K@844b3eaf1ea2,EXO.AS,2014-04-01,66.12,14701517520.000002,primary_input_absent [revenue impossible: < 0 (value=-3.034e+09)]
stock_CUR3K@844b3eaf1ea2,EXO.AS,2014-10-01,66.12,14701517520.000002,primary_input_absent [revenue impossible: < 0 (value=-3.034e+09)]
stock_CUR3K@844b3eaf1ea2,EXO.AS,2015-04-01,66.12,14701517520.000002,primary_input_absent [revenue impossible: < 0 (value=-3.034e+09)]
stock_CUR3K@844b3eaf1ea2,EXO.AS,2015-10-01,66.12,14899877520.000002,primary_input_absent [revenue impossible: < 0 (value=-3.034e+09)]
stock_CUR3K@844b3eaf1ea2,EXO.AS,2016-04-01,66.12,15779471880.000002,primary_input_absent [revenue impossible: < 0 (value=-3.034e+09)]
stock_CUR3K@844b3eaf1ea2,EXO.AS,2016-10-01,66.12,15637942020.000002,primary_input_absent [revenue impossible: < 0 (value=-3.034e+09)]
stock_CUR3K@844b3eaf1ea2,EXO.AS,2017-04-01,66.12,15605774640.000002,primary_input_absent [revenue impossible: < 0 (value=-3.034e+09)]
stock_CUR3K@844b3eaf1ea2,EXO.AS,2017-10-01,66.12,15806382720.000002,primary_input_absent [revenue impossible: < 0 (value=-3.034e+09)]
stock_CUR3K@844b3eaf1ea2,EXO.AS,2018-04-01,66.12,15855972720.000002,primary_input_absent [revenue impossible: < 0 (value=-3.034e+09)]
stock_CUR3K@844b3eaf1ea2,EXO.AS,2018-10-01,66.12,15559755120.000002,primary_input_absent [revenue impossible: < 0 (value=-3.034e+09)]
stock_CUR3K@844b3eaf1ea2,EXO.AS,2019-04-01,66.12,15361791840.000002,primary_input_absent [revenue impossible: < 0 (value=-3.034e+09)]
stock_CUR3K@844b3eaf1ea2,EXO.AS,2019-10-01,66.12,15341889720.000002,primary_input_absent [revenue impossible: < 0 (value=-3.034e+09)]
stock_CUR3K@844b3eaf1ea2,EXO.AS,2020-04-01,66.12,15313392000.000002,primary_input_absent [revenue impossible: < 0 (value=-3.034e+09)]
stock_CUR3K@844b3eaf1ea2,EXO.AS,2020-10-01,66.12,14672358600.000002,primary_input_absent [revenue impossible: < 0 (value=-3.034e+09)]
stock_CUR3K@844b3eaf1ea2,EXO.AS,2021-04-01,66.12,15297787680.000002,primary_input_absent [revenue impossible: < 0 (value=-3.034e+09)]
stock_CUR3K@844b3eaf1ea2,EXO.AS,2021-10-01,66.12,13841891400.0,primary_input_absent [revenue impossible: < 0 (value=-3.034e+09)]
stock_CUR3K@844b3eaf1ea2,EXO.AS,2022-04-01,66.12,15329657520.000002,primary_input_absent [revenue impossible: < 0 (value=-3.034e+09)]
stock_CUR3K@844b3eaf1ea2,EXO.AS,2022-10-01,68.3,16027551200.0,primary_input_absent [revenue impossible: < 0 (value=-3.034e+09)]
stock_CUR3K@844b3eaf1ea2,EXO.AS,2023-04-01,81.68,18798978720.0,primary_input_absent [revenue impossible: < 0 (value=-3.034e+09)]
stock_CUR3K@844b3eaf1ea2,EXO.AS,2023-10-01,90.5,20414628000.0,primary_input_absent [revenue impossible: < 0 (value=-3.034e+09)]
stock_CUR3K@844b3eaf1ea2,EXO.AS,2024-04-01,97.7,21430983500.0,primary_input_absent [revenue impossible: < 0 (value=-3.034e+09)]
stock_CUR3K@844b3eaf1ea2,EXO.AS,2024-10-01,88.55,18645707850.0,primary_input_absent [revenue impossible: < 0 (value=-3.034e+09)]
stock_CUR3K@844b3eaf1ea2,EXO.AS,2025-04-01,85.6,17773045481.6,primary_input_absent [revenue impossible: < 0 (value=-3.034e+09)]
stock_CUR3K@844b3eaf1ea2,EXO.AS,2025-10-01,72.45,15042723658.2,primary_input_absent [revenue impossible: < 0 (value=-3.034e+09)]
stock_CUR3K@844b3eaf1ea2,FIH-U.TO,2020-07-01,6.84,1028871548.28,primary_input_absent [revenue impossible: < 0 (value=-1.11493e+08)]
stock_CUR3K@844b3eaf1ea2,FIH-U.TO,2020-10-01,9.6,1433982288.0,primary_input_absent [revenue impossible: < 0 (value=-1.11493e+08)]
stock_CUR3K@844b3eaf1ea2,FIH-U.TO,2021-01-01,12.44,1858202048.1999998,primary_input_absent [revenue impossible: < 0 (value=-1.11493e+08)]
stock_CUR3K@844b3eaf1ea2,FIH-U.TO,2021-04-01,13.5,2016710419.5,primary_input_absent [revenue impossible: < 0 (value=-1.11493e+08)]
stock_CUR3K@844b3eaf1ea2,FIH-U.TO,2021-07-01,13.1,1905498424.5,primary_input_absent [revenue impossible: < 0 (value=-1.11493e+08)]
stock_CUR3K@844b3eaf1ea2,FIH-U.TO,2021-10-01,12.61,1834224055.9499998,primary_input_absent [revenue impossible: < 0 (value=-1.11493e+08)]
stock_CUR3K@844b3eaf1ea2,FIH-U.TO,2022-01-01,12.29,1716612693.85,primary_input_absent [revenue impossible: < 0 (value=-1.11493e+08)]
stock_CUR3K@844b3eaf1ea2,FIH-U.TO,2022-04-01,10.71,1491945443.73,primary_input_absent [revenue impossible: < 0 (value=-1.11493e+08)]
stock_CUR3K@844b3eaf1ea2,FIH-U.TO,2022-07-01,9.48,1316025762.8400002,primary_input_absent [revenue impossible: < 0 (value=-1.11493e+08)]
stock_CUR3K@844b3eaf1ea2,FIH-U.TO,2022-10-01,12.28,1700476733.12,primary_input_absent [revenue impossible: < 0 (value=-1.11493e+08)]
stock_CUR3K@844b3eaf1ea2,FIH-U.TO,2023-01-01,13.56,1873984040.28,primary_input_absent [revenue impossible: < 0 (value=-1.11493e+08)]
stock_CUR3K@844b3eaf1ea2,FIH-U.TO,2023-04-01,14.01,1921909480.62,primary_input_absent [revenue impossible: < 0 (value=-1.11493e+08)]
stock_CUR3K@844b3eaf1ea2,FIH-U.TO,2023-07-01,13.05,1780825080.6000001,primary_input_absent [revenue impossible: < 0 (value=-1.11493e+08)]
stock_CUR3K@844b3eaf1ea2,FIH-U.TO,2023-10-01,15.2,2059055916.0,primary_input_absent [revenue impossible: < 0 (value=-1.11493e+08)]
stock_CUR3K@844b3eaf1ea2,FIH-U.TO,2024-01-01,14.82,2006123127.06,primary_input_absent [revenue impossible: < 0 (value=-1.11493e+08)]
stock_CUR3K@844b3eaf1ea2,FIH-U.TO,2024-04-01,14.35,1939437614.45,primary_input_absent [revenue impossible: < 0 (value=-1.11493e+08)]
stock_CUR3K@844b3eaf1ea2,FIH-U.TO,2024-07-01,15.07,2036747376.29,primary_input_absent [revenue impossible: < 0 (value=-1.11493e+08)]
stock_CUR3K@844b3eaf1ea2,FIH-U.TO,2024-10-01,16.01,2161262953.63,primary_input_absent [revenue impossible: < 0 (value=-1.11493e+08)]
stock_CUR3K@844b3eaf1ea2,FIH-U.TO,2025-01-01,17.0,2292270854.0,primary_input_absent [revenue impossible: < 0 (value=-1.11493e+08)]
stock_CUR3K@844b3eaf1ea2,FIH-U.TO,2025-04-01,18.59,2506180882.92,primary_input_absent [revenue impossible: < 0 (value=-1.11493e+08)]
stock_CUR3K@844b3eaf1ea2,FIH-U.TO,2025-07-01,17.25,2325484644.0,primary_input_absent [revenue impossible: < 0 (value=-1.11493e+08)]
stock_CUR3K@844b3eaf1ea2,FIH-U.TO,2025-10-01,17.29,1696068480.47,primary_input_absent [revenue impossible: < 0 (value=-1.11493e+08)]
stock_CUR3K@844b3eaf1ea2,FIH-U.TO,2026-01-01,16.05,2154211804.2000003,primary_input_absent [revenue impossible: < 0 (value=-1.11493e+08)]
stock_CUR3K@844b3eaf1ea2,FIH-U.TO,2026-04-01,18.3,1729167695.4,primary_input_absent [revenue impossible: < 0 (value=-1.11493e+08)]
stock_CUR3K@844b3eaf1ea2,FSDV.PA,2013-01-01,,,primary_input_absent [totalAssets impossible: <= 0 (value=0)]
stock_CUR3K@844b3eaf1ea2,FSDV.PA,2014-01-01,47.830002,5437840.757382,primary_input_absent [totalAssets impossible: <= 0 (value=0)]
stock_CUR3K@844b3eaf1ea2,FSDV.PA,2014-07-01,45.849998,5181049.774,primary_input_absent [totalAssets impossible: <= 0 (value=0)]
stock_CUR3K@844b3eaf1ea2,FSDV.PA,2015-01-01,49.5,5593500.0,primary_input_absent [totalAssets impossible: <= 0 (value=0)]
stock_CUR3K@844b3eaf1ea2,FSDV.PA,2015-07-01,43.700001,5156600.118,primary_input_absent [totalAssets impossible: <= 0 (value=0)]
stock_CUR3K@844b3eaf1ea2,FSDV.PA,2016-01-01,35.799999,3866399.892,primary_input_absent [totalAssets impossible: <= 0 (value=0)]
stock_CUR3K@844b3eaf1ea2,FSDV.PA,2016-07-01,49.990002,5648870.226,primary_input_absent [totalAssets impossible: <= 0 (value=0)]
stock_CUR3K@844b3eaf1ea2,FSDV.PA,2017-01-01,37.0,4181000.0,primary_input_absent [totalAssets impossible: <= 0 (value=0)]
stock_CUR3K@844b3eaf1ea2,FSDV.PA,2017-07-01,37.5,3750000.0,primary_input_absent [totalAssets impossible: <= 0 (value=0)]
stock_CUR3K@844b3eaf1ea2,FSDV.PA,2018-01-01,43.799999,5562599.873,primary_input_absent [totalAssets impossible: <= 0 (value=0)]
stock_CUR3K@844b3eaf1ea2,FSDV.PA,2018-07-01,48.599998,5525382.372618,primary_input_absent [totalAssets impossible: <= 0 (value=0)]
stock_CUR3K@844b3eaf1ea2,FSDV.PA,2019-01-01,35.0,3979185.0,primary_input_absent [totalAssets impossible: <= 0 (value=0)]
stock_CUR3K@844b3eaf1ea2,FSDV.PA,2019-07-01,36.599998,4161090.372618,primary_input_absent [totalAssets impossible: <= 0 (value=0)]
stock_CUR3K@844b3eaf1ea2,FSDV.PA,2020-01-01,30.0,3410730.0,primary_input_absent [totalAssets impossible: <= 0 (value=0)]
stock_CUR3K@844b3eaf1ea2,FSDV.PA,2020-07-01,33.0,3751803.0,primary_input_absent [totalAssets impossible: <= 0 (value=0)]
stock_CUR3K@844b3eaf1ea2,FSDV.PA,2021-01-01,33.0,3751803.0,primary_input_absent [totalAssets impossible: <= 0 (value=0)]
stock_CUR3K@844b3eaf1ea2,FSDV.PA,2021-07-01,39.400002,4479425.627382,primary_input_absent [totalAssets impossible: <= 0 (value=0)]
stock_CUR3K@844b3eaf1ea2,FSDV.PA,2022-01-01,24.0,2728584.0,primary_input_absent [totalAssets impossible: <= 0 (value=0)]
stock_CUR3K@844b3eaf1ea2,FSDV.PA,2023-01-01,20.0,2273820.0,primary_input_absent [totalAssets impossible: <= 0 (value=0)]
stock_CUR3K@844b3eaf1ea2,FSDV.PA,2023-07-01,20.0,2273820.0,primary_input_absent [totalAssets impossible: <= 0 (value=0)]
stock_CUR3K@844b3eaf1ea2,FSDV.PA,2024-01-01,21.4,2432987.4,primary_input_absent [totalAssets impossible: <= 0 (value=0)]
stock_CUR3K@844b3eaf1ea2,FSDV.PA,2024-07-01,16.2,1830600.0,primary_input_absent [totalAssets impossible: <= 0 (value=0)]
stock_CUR3K@844b3eaf1ea2,FSDV.PA,2025-01-01,14.2,1604600.0,primary_input_absent [totalAssets impossible: <= 0 (value=0)]
stock_CUR3K@844b3eaf1ea2,FSDV.PA,2025-10-01,18.2,1343687.8,primary_input_absent [totalAssets impossible: <= 0 (value=0)]
stock_CUR3K@844b3eaf1ea2,GEA.PA,2014-07-01,70.7,84610012.9,primary_input_absent [netCashProvidedByOperatingActivities NaN (value=NaN)]
stock_CUR3K@844b3eaf1ea2,GEA.PA,2015-01-01,76.0,90748256.0,primary_input_absent [netCashProvidedByOperatingActivities NaN (value=NaN)]
stock_CUR3K@844b3eaf1ea2,GEA.PA,2015-07-01,75.0,89726550.0,primary_input_absent [netCashProvidedByOperatingActivities NaN (value=NaN)]
stock_CUR3K@844b3eaf1ea2,GEA.PA,2016-01-01,75.0,89554125.0,primary_input_absent [netCashProvidedByOperatingActivities NaN (value=NaN)]
stock_CUR3K@844b3eaf1ea2,GEA.PA,2016-07-01,85.65,102620434.05000001,primary_input_absent [netCashProvidedByOperatingActivities NaN (value=NaN)]
stock_CUR3K@844b3eaf1ea2,GEA.PA,2017-01-01,88.0,105115296.0,primary_input_absent [netCashProvidedByOperatingActivities NaN (value=NaN)]
stock_CUR3K@844b3eaf1ea2,GEA.PA,2017-07-01,88.73,105995970.7,primary_input_absent [netCashProvidedByOperatingActivities NaN (value=NaN)]
stock_CUR3K@844b3eaf1ea2,GEA.PA,2018-01-01,101.0,120651974.0,primary_input_absent [netCashProvidedByOperatingActivities NaN (value=NaN)]
stock_CUR3K@844b3eaf1ea2,GEA.PA,2018-07-01,95.0,113886000.0,primary_input_absent [netCashProvidedByOperatingActivities NaN (value=NaN)]
stock_CUR3K@844b3eaf1ea2,GEA.PA,2019-01-01,86.0,102718142.0,primary_input_absent [netCashProvidedByOperatingActivities NaN (value=NaN)]
stock_CUR3K@844b3eaf1ea2,GEA.PA,2019-07-01,105.0,122268510.0,primary_input_absent [netCashProvidedByOperatingActivities NaN (value=NaN)]
stock_CUR3K@844b3eaf1ea2,GEA.PA,2020-01-01,89.0,103603832.0,primary_input_absent [netCashProvidedByOperatingActivities NaN (value=NaN)]
stock_CUR3K@844b3eaf1ea2,GEA.PA,2020-07-01,112.0,128249744.0,primary_input_absent [netCashProvidedByOperatingActivities NaN (value=NaN)]
stock_CUR3K@844b3eaf1ea2,GEA.PA,2021-01-01,105.0,115371480.0,primary_input_absent [netCashProvidedByOperatingActivities NaN (value=NaN)]
stock_CUR3K@844b3eaf1ea2,GEA.PA,2021-07-01,108.0,118678608.0,primary_input_absent [netCashProvidedByOperatingActivities NaN (value=NaN)]
stock_CUR3K@844b3eaf1ea2,GEA.PA,2022-01-01,93.0,102179844.0,primary_input_absent [netCashProvidedByOperatingActivities NaN (value=NaN)]
stock_CUR3K@844b3eaf1ea2,GEA.PA,2022-07-01,80.0,87874320.0,primary_input_absent [netCashProvidedByOperatingActivities NaN (value=NaN)]
stock_CUR3K@844b3eaf1ea2,GEA.PA,2023-01-01,86.0,94560268.0,primary_input_absent [netCashProvidedByOperatingActivities NaN (value=NaN)]
stock_CUR3K@844b3eaf1ea2,GEA.PA,2023-07-01,98.0,107643788.0,primary_input_absent [netCashProvidedByOperatingActivities NaN (value=NaN)]
stock_CUR3K@844b3eaf1ea2,GEA.PA,2024-01-01,96.5,105988362.5,primary_input_absent [netCashProvidedByOperatingActivities NaN (value=NaN)]
stock_CUR3K@844b3eaf1ea2,GEA.PA,2024-07-01,77.5,85100037.5,primary_input_absent [netCashProvidedByOperatingActivities NaN (value=NaN)]
stock_CUR3K@844b3eaf1ea2,GEA.PA,2025-01-01,87.0,95550273.0,primary_input_absent [netCashProvidedByOperatingActivities NaN (value=NaN)]
stock_CUR3K@844b3eaf1ea2,GEA.PA,2025-07-01,83.5,91706296.5,primary_input_absent [netCashProvidedByOperatingActivities NaN (value=NaN)]
stock_CUR3K@844b3eaf1ea2,GEA.PA,2026-01-01,95.5,105050000.0,primary_input_absent [netCashProvidedByOperatingActivities NaN (value=NaN)]
stock_CUR3K@844b3eaf1ea2,HST,2020-07-01,10.79,7609107999.999999,primary_input_absent [netCashProvidedByOperatingActivities NaN (value=NaN)]
stock_CUR3K@844b3eaf1ea2,HST,2020-10-01,14.63,10318539000.0,primary_input_absent [netCashProvidedByOperatingActivities NaN (value=NaN)]
stock_CUR3K@844b3eaf1ea2,HST,2021-01-01,16.85,11641818166.500002,primary_input_absent [netCashProvidedByOperatingActivities NaN (value=NaN)]
stock_CUR3K@844b3eaf1ea2,HST,2021-04-01,17.09,12092884000.0,primary_input_absent [netCashProvidedByOperatingActivities NaN (value=NaN)]
stock_CUR3K@844b3eaf1ea2,HST,2021-07-01,16.33,11430999999.999998,primary_input_absent [netCashProvidedByOperatingActivities NaN (value=NaN)]
stock_CUR3K@844b3eaf1ea2,HST,2021-10-01,17.39,12416460000.0,primary_input_absent [netCashProvidedByOperatingActivities NaN (value=NaN)]
stock_CUR3K@844b3eaf1ea2,HST,2022-01-01,19.43,13878849000.0,primary_input_absent [netCashProvidedByOperatingActivities NaN (value=NaN)]
stock_CUR3K@844b3eaf1ea2,HST,2022-04-01,15.68,11208064000.0,primary_input_absent [netCashProvidedByOperatingActivities NaN (value=NaN)]
stock_CUR3K@844b3eaf1ea2,HST,2022-07-01,15.88,11352612000.0,primary_input_absent [netCashProvidedByOperatingActivities NaN (value=NaN)]
stock_CUR3K@844b3eaf1ea2,HST,2022-10-01,16.05,11475750000.0,primary_input_absent [netCashProvidedByOperatingActivities NaN (value=NaN)]
stock_CUR3K@844b3eaf1ea2,HST,2023-01-01,16.49,11763965999.999998,primary_input_absent [netCashProvidedByOperatingActivities NaN (value=NaN)]
stock_CUR3K@844b3eaf1ea2,HST,2023-04-01,16.83,11971178999.999998,primary_input_absent [netCashProvidedByOperatingActivities NaN (value=NaN)]
stock_CUR3K@844b3eaf1ea2,HST,2023-07-01,16.07,11404879000.0,primary_input_absent [netCashProvidedByOperatingActivities NaN (value=NaN)]
stock_CUR3K@844b3eaf1ea2,HST,2023-10-01,19.47,13716615000.0,primary_input_absent [netCashProvidedByOperatingActivities NaN (value=NaN)]
stock_CUR3K@844b3eaf1ea2,HST,2024-01-01,20.71,14579840000.0,primary_input_absent [netCashProvidedByOperatingActivities NaN (value=NaN)]
stock_CUR3K@844b3eaf1ea2,HST,2024-04-01,17.63,12416809000.0,primary_input_absent [netCashProvidedByOperatingActivities NaN (value=NaN)]
stock_CUR3K@844b3eaf1ea2,HST,2024-07-01,17.6,12395680000.000002,primary_input_absent [netCashProvidedByOperatingActivities NaN (value=NaN)]
stock_CUR3K@844b3eaf1ea2,HST,2024-10-01,17.52,12246480000.0,primary_input_absent [netCashProvidedByOperatingActivities NaN (value=NaN)]
stock_CUR3K@844b3eaf1ea2,HST,2025-01-01,14.21,9915738000.0,primary_input_absent [netCashProvidedByOperatingActivities NaN (value=NaN)]
stock_CUR3K@844b3eaf1ea2,HST,2025-04-01,15.36,10636800000.0,primary_input_absent [netCashProvidedByOperatingActivities NaN (value=NaN)]
stock_CUR3K@844b3eaf1ea2,HST,2025-07-01,17.02,11786350000.0,primary_input_absent [netCashProvidedByOperatingActivities NaN (value=NaN)]
stock_CUR3K@844b3eaf1ea2,HST,2025-10-01,17.73,12278025000.0,primary_input_absent [netCashProvidedByOperatingActivities NaN (value=NaN)]
stock_CUR3K@844b3eaf1ea2,HST,2026-01-01,19.16,13268300000.0,primary_input_absent [netCashProvidedByOperatingActivities NaN (value=NaN)]
stock_CUR3K@844b3eaf1ea2,HST,2026-04-01,23.71,16419175000.0,primary_input_absent [netCashProvidedByOperatingActivities NaN (value=NaN)]
stock_CUR3K@844b3eaf1ea2,HYDRA.AS,2014-10-01,,0.0,primary_input_absent [netCashProvidedByOperatingActivities NaN (value=NaN)]
stock_CUR3K@844b3eaf1ea2,HYDRA.AS,2015-04-01,33.8,41308433.4,primary_input_absent [netCashProvidedByOperatingActivities NaN (value=NaN)]
stock_CUR3K@844b3eaf1ea2,HYDRA.AS,2015-10-01,32.0,39142624.0,primary_input_absent [netCashProvidedByOperatingActivities NaN (value=NaN)]
stock_CUR3K@844b3eaf1ea2,HYDRA.AS,2016-04-01,37.0,45226580.0,primary_input_absent [netCashProvidedByOperatingActivities NaN (value=NaN)]
stock_CUR3K@844b3eaf1ea2,HYDRA.AS,2016-10-01,44.3,56496853.199999996,primary_input_absent [netCashProvidedByOperatingActivities NaN (value=NaN)]
stock_CUR3K@844b3eaf1ea2,HYDRA.AS,2017-04-01,60.0,76517580.0,primary_input_absent [netCashProvidedByOperatingActivities NaN (value=NaN)]
stock_CUR3K@844b3eaf1ea2,HYDRA.AS,2017-10-01,55.029999999999994,70181574.99,primary_input_absent [netCashProvidedByOperatingActivities NaN (value=NaN)]
stock_CUR3K@844b3eaf1ea2,HYDRA.AS,2018-04-01,63.0,80948385.0,primary_input_absent [netCashProvidedByOperatingActivities NaN (value=NaN)]
stock_CUR3K@844b3eaf1ea2,HYDRA.AS,2018-10-01,63.0,80967285.0,primary_input_absent [netCashProvidedByOperatingActivities NaN (value=NaN)]
stock_CUR3K@844b3eaf1ea2,HYDRA.AS,2019-04-01,75.0,96613350.0,primary_input_absent [netCashProvidedByOperatingActivities NaN (value=NaN)]
stock_CUR3K@844b3eaf1ea2,HYDRA.AS,2019-10-01,68.5,88240193.0,primary_input_absent [netCashProvidedByOperatingActivities NaN (value=NaN)]
stock_CUR3K@844b3eaf1ea2,HYDRA.AS,2020-04-01,45.0,58024575.0,primary_input_absent [netCashProvidedByOperatingActivities NaN (value=NaN)]
stock_CUR3K@844b3eaf1ea2,HYDRA.AS,2020-10-01,54.0,69710976.0,primary_input_absent [netCashProvidedByOperatingActivities NaN (value=NaN)]
stock_CUR3K@844b3eaf1ea2,HYDRA.AS,2021-04-01,60.0,77567460.0,primary_input_absent [netCashProvidedByOperatingActivities NaN (value=NaN)]
stock_CUR3K@844b3eaf1ea2,HYDRA.AS,2021-10-01,74.5,96313972.5,primary_input_absent [netCashProvidedByOperatingActivities NaN (value=NaN)]
stock_CUR3K@844b3eaf1ea2,HYDRA.AS,2022-04-01,87.0,112474035.0,primary_input_absent [netCashProvidedByOperatingActivities NaN (value=NaN)]
stock_CUR3K@844b3eaf1ea2,HYDRA.AS,2022-10-01,73.0,94483535.0,primary_input_absent [netCashProvidedByOperatingActivities NaN (value=NaN)]
stock_CUR3K@844b3eaf1ea2,HYDRA.AS,2023-04-01,84.0,108914736.0,primary_input_absent [netCashProvidedByOperatingActivities NaN (value=NaN)]
stock_CUR3K@844b3eaf1ea2,HYDRA.AS,2023-10-01,90.0,116749080.0,primary_input_absent [netCashProvidedByOperatingActivities NaN (value=NaN)]
stock_CUR3K@844b3eaf1ea2,HYDRA.AS,2024-04-01,143.0,185749564.0,primary_input_absent [netCashProvidedByOperatingActivities NaN (value=NaN)]
stock_CUR3K@844b3eaf1ea2,HYDRA.AS,2024-10-01,160.0,207729120.0,primary_input_absent [netCashProvidedByOperatingActivities NaN (value=NaN)]
stock_CUR3K@844b3eaf1ea2,HYDRA.AS,2025-04-01,170.0,221042160.0,primary_input_absent [netCashProvidedByOperatingActivities NaN (value=NaN)]
stock_CUR3K@844b3eaf1ea2,HYDRA.AS,2025-10-01,171.0,221958000.0,primary_input_absent [netCashProvidedByOperatingActivities NaN (value=NaN)]
stock_CUR3K@844b3eaf1ea2,HYDRA.AS,2026-04-01,218.0,283683618.0,primary_input_absent [netCashProvidedByOperatingActivities NaN (value=NaN)]
stock_CUR3K@844b3eaf1ea2,ICMB,2020-07-01,3.63,50434221.75,primary_input_absent [revenue impossible: < 0 (value=-6.07778e+06)]
stock_CUR3K@844b3eaf1ea2,ICMB,2020-10-01,4.76,66188623.48,primary_input_absent [revenue impossible: < 0 (value=-6.07778e+06)]
stock_CUR3K@844b3eaf1ea2,ICMB,2021-01-01,5.62,78198652.62,primary_input_absent [revenue impossible: < 0 (value=-6.07778e+06)]
stock_CUR3K@844b3eaf1ea2,ICMB,2021-04-01,5.400000000000001,75106504.80000001,primary_input_absent [revenue impossible: < 0 (value=-6.07778e+06)]
stock_CUR3K@844b3eaf1ea2,ICMB,2021-07-01,5.45,76661716.5,primary_input_absent [revenue impossible: < 0 (value=-6.07778e+06)]
stock_CUR3K@844b3eaf1ea2,ICMB,2021-10-01,4.95,71200923.75,primary_input_absent [revenue impossible: < 0 (value=-6.07778e+06)]
stock_CUR3K@844b3eaf1ea2,ICMB,2022-01-01,5.1899999999999995,74658087.72,primary_input_absent [revenue impossible: < 0 (value=-6.07778e+06)]
stock_CUR3K@844b3eaf1ea2,ICMB,2022-04-01,4.24,58972514.88,primary_input_absent [revenue impossible: < 0 (value=-6.07778e+06)]
stock_CUR3K@844b3eaf1ea2,ICMB,2022-07-01,3.58,51504776.22,primary_input_absent [revenue impossible: < 0 (value=-6.07778e+06)]
stock_CUR3K@844b3eaf1ea2,ICMB,2022-10-01,3.53,50790494.26,primary_input_absent [revenue impossible: < 0 (value=-6.07778e+06)]
stock_CUR3K@844b3eaf1ea2,ICMB,2023-01-01,3.65,52523018.199999996,primary_input_absent [revenue impossible: < 0 (value=-6.07778e+06)]
stock_CUR3K@844b3eaf1ea2,ICMB,2023-04-01,3.62,52098225.5,primary_input_absent [revenue impossible: < 0 (value=-6.07778e+06)]
stock_CUR3K@844b3eaf1ea2,ICMB,2023-07-01,3.9899999999999998,57426928.86,primary_input_absent [revenue impossible: < 0 (value=-6.07778e+06)]
stock_CUR3K@844b3eaf1ea2,ICMB,2023-10-01,3.56,51242928.36,primary_input_absent [revenue impossible: < 0 (value=-6.07778e+06)]
stock_CUR3K@844b3eaf1ea2,ICMB,2024-01-01,3.16,45494365.160000004,primary_input_absent [revenue impossible: < 0 (value=-6.07778e+06)]
stock_CUR3K@844b3eaf1ea2,ICMB,2024-04-01,3.3799999999999994,48659159.379999995,primary_input_absent [revenue impossible: < 0 (value=-6.07778e+06)]
stock_CUR3K@844b3eaf1ea2,ICMB,2024-07-01,3.13,45083743.76,primary_input_absent [revenue impossible: < 0 (value=-6.07778e+06)]
stock_CUR3K@844b3eaf1ea2,ICMB,2024-10-01,3.03,43650919.32,primary_input_absent [revenue impossible: < 0 (value=-6.07778e+06)]
stock_CUR3K@844b3eaf1ea2,ICMB,2025-01-01,3.21,46265710.74,primary_input_absent [revenue impossible: < 0 (value=-6.07778e+06)]
stock_CUR3K@844b3eaf1ea2,ICMB,2025-04-01,2.79,40230139.95,primary_input_absent [revenue impossible: < 0 (value=-6.07778e+06)]
stock_CUR3K@844b3eaf1ea2,ICMB,2025-07-01,2.78,40118741.559999995,primary_input_absent [revenue impossible: < 0 (value=-6.07778e+06)]
stock_CUR3K@844b3eaf1ea2,ICMB,2025-10-01,2.701760584914586,38964245.400000006,primary_input_absent [revenue impossible: < 0 (value=-6.07778e+06)]
stock_CUR3K@844b3eaf1ea2,ICMB,2025-10-01,2.698240562359255,38938854.6,primary_input_absent [revenue impossible: < 0 (value=-6.07778e+06)]
stock_CUR3K@844b3eaf1ea2,ICMB,2026-01-01,1.62,23380604.64,primary_input_absent [revenue impossible: < 0 (value=-6.07778e+06)]
stock_CUR3K@844b3eaf1ea2,INGA.AS,2020-07-01,6.06,23629152000.0,primary_input_absent [netCashProvidedByOperatingActivities NaN (value=NaN)]
stock_CUR3K@844b3eaf1ea2,INGA.AS,2020-10-01,7.64,29794510268.76,primary_input_absent [netCashProvidedByOperatingActivities NaN (value=NaN)]
stock_CUR3K@844b3eaf1ea2,INGA.AS,2021-01-01,10.43,40681311000.61,primary_input_absent [netCashProvidedByOperatingActivities NaN (value=NaN)]
stock_CUR3K@844b3eaf1ea2,INGA.AS,2021-04-01,11.14,43483876000.0,primary_input_absent [netCashProvidedByOperatingActivities NaN (value=NaN)]
stock_CUR3K@844b3eaf1ea2,INGA.AS,2021-07-01,12.57,49065301871.28,primary_input_absent [netCashProvidedByOperatingActivities NaN (value=NaN)]
stock_CUR3K@844b3eaf1ea2,INGA.AS,2021-10-01,12.24,46215355080.96,primary_input_absent [netCashProvidedByOperatingActivities NaN (value=NaN)]
stock_CUR3K@844b3eaf1ea2,INGA.AS,2022-01-01,9.51,35792352050.64,primary_input_absent [netCashProvidedByOperatingActivities NaN (value=NaN)]
stock_CUR3K@844b3eaf1ea2,INGA.AS,2022-04-01,9.43,35296490000.0,primary_input_absent [netCashProvidedByOperatingActivities NaN (value=NaN)]
stock_CUR3K@844b3eaf1ea2,INGA.AS,2022-07-01,8.86,33008815999.999996,primary_input_absent [netCashProvidedByOperatingActivities NaN (value=NaN)]
stock_CUR3K@844b3eaf1ea2,INGA.AS,2022-10-01,11.39,41222060092.08,primary_input_absent [netCashProvidedByOperatingActivities NaN (value=NaN)]
stock_CUR3K@844b3eaf1ea2,INGA.AS,2023-01-01,10.93,39550205000.0,primary_input_absent [netCashProvidedByOperatingActivities NaN (value=NaN)]
stock_CUR3K@844b3eaf1ea2,INGA.AS,2023-04-01,12.34,44510380000.0,primary_input_absent [netCashProvidedByOperatingActivities NaN (value=NaN)]
stock_CUR3K@844b3eaf1ea2,INGA.AS,2023-07-01,12.55,44651645000.0,primary_input_absent [netCashProvidedByOperatingActivities NaN (value=NaN)]
stock_CUR3K@844b3eaf1ea2,INGA.AS,2023-10-01,13.53,46825977000.0,primary_input_absent [netCashProvidedByOperatingActivities NaN (value=NaN)]
stock_CUR3K@844b3eaf1ea2,INGA.AS,2024-01-01,15.34,50430250000.0,primary_input_absent [netCashProvidedByOperatingActivities NaN (value=NaN)]
stock_CUR3K@844b3eaf1ea2,INGA.AS,2024-04-01,16.36,53585544000.0,primary_input_absent [netCashProvidedByOperatingActivities NaN (value=NaN)]
stock_CUR3K@844b3eaf1ea2,INGA.AS,2024-07-01,16.27,52073762000.0,primary_input_absent [netCashProvidedByOperatingActivities NaN (value=NaN)]
stock_CUR3K@844b3eaf1ea2,INGA.AS,2024-10-01,15.13,47356900000.0,primary_input_absent [netCashProvidedByOperatingActivities NaN (value=NaN)]
stock_CUR3K@844b3eaf1ea2,INGA.AS,2025-01-01,17.99,55692452549.99999,primary_input_absent [netCashProvidedByOperatingActivities NaN (value=NaN)]
stock_CUR3K@844b3eaf1ea2,INGA.AS,2025-04-01,18.63,56122875000.0,primary_input_absent [netCashProvidedByOperatingActivities NaN (value=NaN)]
stock_CUR3K@844b3eaf1ea2,INGA.AS,2025-07-01,22.08,65363423999.99999,primary_input_absent [netCashProvidedByOperatingActivities NaN (value=NaN)]
stock_CUR3K@844b3eaf1ea2,INGA.AS,2025-10-01,24.01,70013160000.0,primary_input_absent [netCashProvidedByOperatingActivities NaN (value=NaN)]
stock_CUR3K@844b3eaf1ea2,INGA.AS,2026-01-01,22.105,63887871000.0,primary_input_absent [netCashProvidedByOperatingActivities NaN (value=NaN)]
stock_CUR3K@844b3eaf1ea2,INGA.AS,2026-04-01,27.67,79376929000.0,primary_input_absent [netCashProvidedByOperatingActivities NaN (value=NaN)]
stock_CUR3K@844b3eaf1ea2,IPH.PA,2014-04-01,8.93,424832998.12,primary_input_absent [revenue impossible: < 0 (value=-2.073e+06)]
stock_CUR3K@844b3eaf1ea2,IPH.PA,2014-10-01,7.9,418442728.6,primary_input_absent [revenue impossible: < 0 (value=-2.073e+06)]
stock_CUR3K@844b3eaf1ea2,IPH.PA,2015-04-01,13.14,704919779.82,primary_input_absent [revenue impossible: < 0 (value=-2.073e+06)]
stock_CUR3K@844b3eaf1ea2,IPH.PA,2015-10-01,13.75,943445263.75,primary_input_absent [revenue impossible: < 0 (value=-2.073e+06)]
stock_CUR3K@844b3eaf1ea2,IPH.PA,2016-04-01,10.44,551754000.0,primary_input_absent [revenue impossible: < 0 (value=-2.073e+06)]
stock_CUR3K@844b3eaf1ea2,IPH.PA,2016-10-01,14.61,809601388.9499999,primary_input_absent [revenue impossible: < 0 (value=-2.073e+06)]
stock_CUR3K@844b3eaf1ea2,IPH.PA,2017-04-01,10.930000000000001,589729308.58,primary_input_absent [revenue impossible: < 0 (value=-2.073e+06)]
stock_CUR3K@844b3eaf1ea2,IPH.PA,2017-10-01,4.822,262463287.53800002,primary_input_absent [revenue impossible: < 0 (value=-2.073e+06)]
stock_CUR3K@844b3eaf1ea2,IPH.PA,2018-04-01,4.666,268762906.48,primary_input_absent [revenue impossible: < 0 (value=-2.073e+06)]
stock_CUR3K@844b3eaf1ea2,IPH.PA,2018-10-01,7.435,452034899.53,primary_input_absent [revenue impossible: < 0 (value=-2.073e+06)]
stock_CUR3K@844b3eaf1ea2,IPH.PA,2019-04-01,5.69,364089341.58000004,primary_input_absent [revenue impossible: < 0 (value=-2.073e+06)]
stock_CUR3K@844b3eaf1ea2,IPH.PA,2019-10-01,5.96,391809273.56,primary_input_absent [revenue impossible: < 0 (value=-2.073e+06)]
stock_CUR3K@844b3eaf1ea2,IPH.PA,2020-04-01,5.545,437456805.4,primary_input_absent [revenue impossible: < 0 (value=-2.073e+06)]
stock_CUR3K@844b3eaf1ea2,IPH.PA,2020-10-01,3.462,210924212.55600002,primary_input_absent [revenue impossible: < 0 (value=-2.073e+06)]
stock_CUR3K@844b3eaf1ea2,IPH.PA,2021-04-01,2.704,164742654.752,primary_input_absent [revenue impossible: < 0 (value=-2.073e+06)]
stock_CUR3K@844b3eaf1ea2,IPH.PA,2021-10-01,4.448,270996793.02400005,primary_input_absent [revenue impossible: < 0 (value=-2.073e+06)]
stock_CUR3K@844b3eaf1ea2,IPH.PA,2022-04-01,2.564,156213079.432,primary_input_absent [revenue impossible: < 0 (value=-2.073e+06)]
stock_CUR3K@844b3eaf1ea2,IPH.PA,2022-10-01,3.29,200445020.02,primary_input_absent [revenue impossible: < 0 (value=-2.073e+06)]
stock_CUR3K@844b3eaf1ea2,IPH.PA,2023-04-01,2.88,175465549.44,primary_input_absent [revenue impossible: < 0 (value=-2.073e+06)]
stock_CUR3K@844b3eaf1ea2,IPH.PA,2023-10-01,2.62,159624909.56,primary_input_absent [revenue impossible: < 0 (value=-2.073e+06)]
stock_CUR3K@844b3eaf1ea2,IPH.PA,2024-04-01,1.98,120632565.24,primary_input_absent [revenue impossible: < 0 (value=-2.073e+06)]
stock_CUR3K@844b3eaf1ea2,IPH.PA,2024-10-01,1.9300000000000002,117586288.34,primary_input_absent [revenue impossible: < 0 (value=-2.073e+06)]
stock_CUR3K@844b3eaf1ea2,IPH.PA,2025-04-01,1.52,129772038.32000001,primary_input_absent [revenue impossible: < 0 (value=-2.073e+06)]
stock_CUR3K@844b3eaf1ea2,IPH.PA,2025-10-01,1.6,146249600.0,primary_input_absent [revenue impossible: < 0 (value=-2.073e+06)]
stock_CUR3K@844b3eaf1ea2,IPHA,2014-04-01,8.93,424832998.12,primary_input_absent [revenue impossible: < 0 (value=-2.073e+06)]
stock_CUR3K@844b3eaf1ea2,IPHA,2014-10-01,7.9,418442728.6,primary_input_absent [revenue impossible: < 0 (value=-2.073e+06)]
stock_CUR3K@844b3eaf1ea2,IPHA,2015-04-01,13.14,704919779.82,primary_input_absent [revenue impossible: < 0 (value=-2.073e+06)]
stock_CUR3K@844b3eaf1ea2,IPHA,2015-10-01,13.75,943445263.75,primary_input_absent [revenue impossible: < 0 (value=-2.073e+06)]
stock_CUR3K@844b3eaf1ea2,IPHA,2016-04-01,10.44,551754000.0,primary_input_absent [revenue impossible: < 0 (value=-2.073e+06)]
stock_CUR3K@844b3eaf1ea2,IPHA,2016-10-01,14.61,809601388.9499999,primary_input_absent [revenue impossible: < 0 (value=-2.073e+06)]
stock_CUR3K@844b3eaf1ea2,IPHA,2017-04-01,10.930000000000001,589729308.58,primary_input_absent [revenue impossible: < 0 (value=-2.073e+06)]
stock_CUR3K@844b3eaf1ea2,IPHA,2017-10-01,4.822,262463287.53800002,primary_input_absent [revenue impossible: < 0 (value=-2.073e+06)]
stock_CUR3K@844b3eaf1ea2,IPHA,2018-04-01,4.666,268762906.48,primary_input_absent [revenue impossible: < 0 (value=-2.073e+06)]
stock_CUR3K@844b3eaf1ea2,IPHA,2018-10-01,7.435,452034899.53,primary_input_absent [revenue impossible: < 0 (value=-2.073e+06)]
stock_CUR3K@844b3eaf1ea2,IPHA,2019-04-01,5.69,364089341.58000004,primary_input_absent [revenue impossible: < 0 (value=-2.073e+06)]
stock_CUR3K@844b3eaf1ea2,IPHA,2019-10-01,5.96,391809273.56,primary_input_absent [revenue impossible: < 0 (value=-2.073e+06)]
stock_CUR3K@844b3eaf1ea2,IPHA,2020-04-01,5.545,437456805.4,primary_input_absent [revenue impossible: < 0 (value=-2.073e+06)]
stock_CUR3K@844b3eaf1ea2,IPHA,2020-10-01,2.672126679433296,210924212.55600002,primary_input_absent [revenue impossible: < 0 (value=-2.073e+06)]
stock_CUR3K@844b3eaf1ea2,IPHA,2021-04-01,2.0854040694775464,164742654.752,primary_input_absent [revenue impossible: < 0 (value=-2.073e+06)]
stock_CUR3K@844b3eaf1ea2,IPHA,2021-10-01,3.4069379305765204,270996793.02400005,primary_input_absent [revenue impossible: < 0 (value=-2.073e+06)]
stock_CUR3K@844b3eaf1ea2,IPHA,2022-04-01,1.959151173030712,156213079.432,primary_input_absent [revenue impossible: < 0 (value=-2.073e+06)]
stock_CUR3K@844b3eaf1ea2,IPHA,2022-10-01,2.4995172304127315,200445020.02,primary_input_absent [revenue impossible: < 0 (value=-2.073e+06)]
stock_CUR3K@844b3eaf1ea2,IPHA,2023-04-01,2.1845838452706183,175465549.44,primary_input_absent [revenue impossible: < 0 (value=-2.073e+06)]
stock_CUR3K@844b3eaf1ea2,IPHA,2023-10-01,1.9807719094530418,159624909.56,primary_input_absent [revenue impossible: < 0 (value=-2.073e+06)]
stock_CUR3K@844b3eaf1ea2,IPHA,2024-04-01,1.510094286063935,120632565.24,primary_input_absent [revenue impossible: < 0 (value=-2.073e+06)]
stock_CUR3K@844b3eaf1ea2,IPHA,2024-10-01,1.4507512256329271,117586288.34,primary_input_absent [revenue impossible: < 0 (value=-2.073e+06)]
stock_CUR3K@844b3eaf1ea2,IPHA,2025-04-01,1.52,129772038.32000001,primary_input_absent [revenue impossible: < 0 (value=-2.073e+06)]
stock_CUR3K@844b3eaf1ea2,IPHA,2025-10-01,1.5998949809653,146249600.0,primary_input_absent [revenue impossible: < 0 (value=-2.073e+06)]
stock_CUR3K@844b3eaf1ea2,LIT.L,2016-04-01,1.057736925,34406743.648031995,primary_input_absent [revenue impossible: < 0 (value=-2.55087e+07)]
stock_CUR3K@844b3eaf1ea2,LIT.L,2016-10-01,1.0143126,36887704.115157,primary_input_absent [revenue impossible: < 0 (value=-2.55087e+07)]
stock_CUR3K@844b3eaf1ea2,LIT.L,2017-04-01,1.0029366,57238315.8822252,primary_input_absent [revenue impossible: < 0 (value=-2.55087e+07)]
stock_CUR3K@844b3eaf1ea2,LIT.L,2017-10-01,1.025030925,57500954.79354,primary_input_absent [revenue impossible: < 0 (value=-2.55087e+07)]
stock_CUR3K@844b3eaf1ea2,LIT.L,2018-04-01,1.0559594250000002,61264325.516268834,primary_input_absent [revenue impossible: < 0 (value=-2.55087e+07)]
stock_CUR3K@844b3eaf1ea2,LIT.L,2018-10-01,1.27518285,82766204.4954417,primary_input_absent [revenue impossible: < 0 (value=-2.55087e+07)]
stock_CUR3K@844b3eaf1ea2,LIT.L,2019-04-01,1.83897548,204920458.2307928,primary_input_absent [revenue impossible: < 0 (value=-2.55087e+07)]
stock_CUR3K@844b3eaf1ea2,LIT.L,2019-10-01,1.3029131999999999,146084207.1147984,primary_input_absent [revenue impossible: < 0 (value=-2.55087e+07)]
stock_CUR3K@844b3eaf1ea2,LIT.L,2020-04-01,1.00936886,112123455.61136982,primary_input_absent [revenue impossible: < 0 (value=-2.55087e+07)]
stock_CUR3K@844b3eaf1ea2,LIT.L,2020-10-01,1.1703912,122274997.28740561,primary_input_absent [revenue impossible: < 0 (value=-2.55087e+07)]
stock_CUR3K@844b3eaf1ea2,LIT.L,2021-04-01,2.4695663999999997,292487010.84674394,primary_input_absent [revenue impossible: < 0 (value=-2.55087e+07)]
stock_CUR3K@844b3eaf1ea2,LIT.L,2021-10-01,1.8648723,212685769.1547228,primary_input_absent [revenue impossible: < 0 (value=-2.55087e+07)]
stock_CUR3K@844b3eaf1ea2,LIT.L,2022-04-01,1.6664507999999998,176670218.04258958,primary_input_absent [revenue impossible: < 0 (value=-2.55087e+07)]
stock_CUR3K@844b3eaf1ea2,LIT.L,2022-10-01,1.2216036,129960269.6675136,primary_input_absent [revenue impossible: < 0 (value=-2.55087e+07)]
stock_CUR3K@844b3eaf1ea2,LIT.L,2023-04-01,1.57772088,182463820.51310351,primary_input_absent [revenue impossible: < 0 (value=-2.55087e+07)]
stock_CUR3K@844b3eaf1ea2,LIT.L,2023-10-01,1.847736,211546915.85412002,primary_input_absent [revenue impossible: < 0 (value=-2.55087e+07)]
stock_CUR3K@844b3eaf1ea2,LIT.L,2024-04-01,2.0691143,227514453.56019157,primary_input_absent [revenue impossible: < 0 (value=-2.55087e+07)]
stock_CUR3K@844b3eaf1ea2,LIT.L,2024-10-01,2.03207528,209691831.44867328,primary_input_absent [revenue impossible: < 0 (value=-2.55087e+07)]
stock_CUR3K@844b3eaf1ea2,LIT.L,2025-04-01,0.5838476,59952571.2149084,primary_input_absent [revenue impossible: < 0 (value=-2.55087e+07)]
stock_CUR3K@844b3eaf1ea2,LIT.L,2025-10-01,0.15243454799999998,15686118.934879173,primary_input_absent [revenue impossible: < 0 (value=-2.55087e+07)]
stock_CUR3K@844b3eaf1ea2,LITE,2020-07-01,74.2,5587260000.0,primary_input_absent [netCashProvidedByOperatingActivities NaN (value=NaN)]
stock_CUR3K@844b3eaf1ea2,LITE,2020-10-01,98.3,7431480000.0,primary_input_absent [netCashProvidedByOperatingActivities NaN (value=NaN)]
stock_CUR3K@844b3eaf1ea2,LITE,2021-04-01,82.03,6135844000.0,primary_input_absent [netCashProvidedByOperatingActivities NaN (value=NaN)]
stock_CUR3K@844b3eaf1ea2,LITE,2021-04-01,92.57,7016805999.999999,primary_input_absent [netCashProvidedByOperatingActivities NaN (value=NaN)]
stock_CUR3K@844b3eaf1ea2,LITE,2021-10-01,85.37,6206399000.0,primary_input_absent [netCashProvidedByOperatingActivities NaN (value=NaN)]
stock_CUR3K@844b3eaf1ea2,LITE,2022-01-01,105.77,7647171000.0,primary_input_absent [netCashProvidedByOperatingActivities NaN (value=NaN)]
stock_CUR3K@844b3eaf1ea2,LITE,2022-04-01,79.42,5472038000.0,primary_input_absent [netCashProvidedByOperatingActivities NaN (value=NaN)]
stock_CUR3K@844b3eaf1ea2,LITE,2022-04-01,95.5,6780500000.0,primary_input_absent [netCashProvidedByOperatingActivities NaN (value=NaN)]
stock_CUR3K@844b3eaf1ea2,LITE,2022-10-01,52.17,3563211000.0,primary_input_absent [netCashProvidedByOperatingActivities NaN (value=NaN)]
stock_CUR3K@844b3eaf1ea2,LITE,2022-10-01,68.57,4669617000.0,primary_input_absent [netCashProvidedByOperatingActivities NaN (value=NaN)]
stock_CUR3K@844b3eaf1ea2,LITE,2023-04-01,56.73,3874659000.0,primary_input_absent [netCashProvidedByOperatingActivities NaN (value=NaN)]
stock_CUR3K@844b3eaf1ea2,LITE,2023-04-01,54.01,3705086000.0,primary_input_absent [netCashProvidedByOperatingActivities NaN (value=NaN)]
stock_CUR3K@844b3eaf1ea2,LITE,2023-07-01,45.18,3013506000.0,primary_input_absent [netCashProvidedByOperatingActivities NaN (value=NaN)]
stock_CUR3K@844b3eaf1ea2,LITE,2023-10-01,52.42,3554076000.0,primary_input_absent [netCashProvidedByOperatingActivities NaN (value=NaN)]
stock_CUR3K@844b3eaf1ea2,LITE,2024-01-01,47.35,3234005000.0,primary_input_absent [netCashProvidedByOperatingActivities NaN (value=NaN)]
stock_CUR3K@844b3eaf1ea2,LITE,2024-04-01,50.92,3452376000.0,primary_input_absent [netCashProvidedByOperatingActivities NaN (value=NaN)]
stock_CUR3K@844b3eaf1ea2,LITE,2024-07-01,64.53,4407399000.0,primary_input_absent [netCashProvidedByOperatingActivities NaN (value=NaN)]
stock_CUR3K@844b3eaf1ea2,LITE,2024-10-01,84.36,5812404000.0,primary_input_absent [netCashProvidedByOperatingActivities NaN (value=NaN)]
stock_CUR3K@844b3eaf1ea2,LITE,2025-01-01,62.58,4336794000.0,primary_input_absent [netCashProvidedByOperatingActivities NaN (value=NaN)]
stock_CUR3K@844b3eaf1ea2,LITE,2025-04-01,94.75,6594600000.0,primary_input_absent [netCashProvidedByOperatingActivities NaN (value=NaN)]
stock_CUR3K@844b3eaf1ea2,LITE,2025-07-01,160.75,11300725000.0,primary_input_absent [netCashProvidedByOperatingActivities NaN (value=NaN)]
stock_CUR3K@844b3eaf1ea2,LITE,2025-10-01,390.77,27783747000.0,primary_input_absent [netCashProvidedByOperatingActivities NaN (value=NaN)]
stock_CUR3K@844b3eaf1ea2,LITE,2026-01-01,702.73,50245195000.0,primary_input_absent [netCashProvidedByOperatingActivities NaN (value=NaN)]
stock_CUR3K@844b3eaf1ea2,LITE,2026-04-01,816.98,69116508000.0,primary_input_absent [netCashProvidedByOperatingActivities NaN (value=NaN)]
stock_CUR3K@844b3eaf1ea2,NEDSE.AS,2020-04-01,0.129,5238142.782000001,primary_input_absent [netCashProvidedByOperatingActivities NaN (value=NaN)]
stock_CUR3K@844b3eaf1ea2,NEDSE.AS,2020-10-01,0.145,11890000.0,primary_input_absent [netCashProvidedByOperatingActivities NaN (value=NaN)]
stock_CUR3K@844b3eaf1ea2,NEDSE.AS,2021-04-01,0.164,6660723.0600000005,primary_input_absent [netCashProvidedByOperatingActivities NaN (value=NaN)]
stock_CUR3K@844b3eaf1ea2,NEDSE.AS,2021-10-01,0.183,18300000.0,primary_input_absent [netCashProvidedByOperatingActivities NaN (value=NaN)]
stock_CUR3K@844b3eaf1ea2,NEDSE.AS,2022-04-01,0.138,13800000.000000002,primary_input_absent [netCashProvidedByOperatingActivities NaN (value=NaN)]
stock_CUR3K@844b3eaf1ea2,NEDSE.AS,2022-10-01,0.131,13100000.0,primary_input_absent [netCashProvidedByOperatingActivities NaN (value=NaN)]
stock_CUR3K@844b3eaf1ea2,NEDSE.AS,2023-04-01,0.122,12200000.0,primary_input_absent [netCashProvidedByOperatingActivities NaN (value=NaN)]
stock_CUR3K@844b3eaf1ea2,NEDSE.AS,2023-10-01,0.099,9900000.0,primary_input_absent [netCashProvidedByOperatingActivities NaN (value=NaN)]
stock_CUR3K@844b3eaf1ea2,NEDSE.AS,2024-04-01,0.08,8000000.0,primary_input_absent [netCashProvidedByOperatingActivities NaN (value=NaN)]
stock_CUR3K@844b3eaf1ea2,NEDSE.AS,2024-10-01,0.0675,6749999.9325,primary_input_absent [netCashProvidedByOperatingActivities NaN (value=NaN)]
stock_CUR3K@844b3eaf1ea2,NEDSE.AS,2025-04-01,0.077,4258100.0,primary_input_absent [netCashProvidedByOperatingActivities NaN (value=NaN)]
stock_CUR3K@844b3eaf1ea2,NEDSE.AS,2025-10-01,0.17,17000000.0,primary_input_absent [netCashProvidedByOperatingActivities NaN (value=NaN)]
stock_CUR3K@844b3eaf1ea2,NEDSE.AS,2026-04-01,0.073,7300000.0,primary_input_absent [netCashProvidedByOperatingActivities NaN (value=NaN)]
stock_CUR3K@844b3eaf1ea2,NWG,2020-07-01,4.5684,12901499661.599998,primary_input_absent [netCashProvidedByOperatingActivities NaN (value=NaN)]
stock_CUR3K@844b3eaf1ea2,NWG,2020-10-01,7.296518221521568,20304710776.0,primary_input_absent [netCashProvidedByOperatingActivities NaN (value=NaN)]
stock_CUR3K@844b3eaf1ea2,NWG,2021-01-01,8.454,23858276452.5,primary_input_absent [netCashProvidedByOperatingActivities NaN (value=NaN)]
stock_CUR3K@844b3eaf1ea2,NWG,2021-04-01,8.7532,23896238188.3,primary_input_absent [netCashProvidedByOperatingActivities NaN (value=NaN)]
stock_CUR3K@844b3eaf1ea2,NWG,2021-07-01,9.687999999999999,25911556285.999996,primary_input_absent [netCashProvidedByOperatingActivities NaN (value=NaN)]
stock_CUR3K@844b3eaf1ea2,NWG,2021-10-01,9.837830464463304,25777152247.8,primary_input_absent [netCashProvidedByOperatingActivities NaN (value=NaN)]
stock_CUR3K@844b3eaf1ea2,NWG,2022-01-01,9.3004,24140852971.6,primary_input_absent [netCashProvidedByOperatingActivities NaN (value=NaN)]
stock_CUR3K@844b3eaf1ea2,NWG,2022-04-01,8.298519440218561,22386583953.100002,primary_input_absent [netCashProvidedByOperatingActivities NaN (value=NaN)]
stock_CUR3K@844b3eaf1ea2,NWG,2022-07-01,9.822173190389657,24167714967.0,primary_input_absent [netCashProvidedByOperatingActivities NaN (value=NaN)]
stock_CUR3K@844b3eaf1ea2,NWG,2022-10-01,10.417670939219489,25548275375.999996,primary_input_absent [netCashProvidedByOperatingActivities NaN (value=NaN)]
stock_CUR3K@844b3eaf1ea2,NWG,2023-01-01,10.544,25255516000.0,primary_input_absent [netCashProvidedByOperatingActivities NaN (value=NaN)]
stock_CUR3K@844b3eaf1ea2,NWG,2023-04-01,9.632,22127567112.0,primary_input_absent [netCashProvidedByOperatingActivities NaN (value=NaN)]
stock_CUR3K@844b3eaf1ea2,NWG,2023-07-01,9.112633810271593,20828184394.999996,primary_input_absent [netCashProvidedByOperatingActivities NaN (value=NaN)]
stock_CUR3K@844b3eaf1ea2,NWG,2023-10-01,8.776,24133039028.0,primary_input_absent [netCashProvidedByOperatingActivities NaN (value=NaN)]
stock_CUR3K@844b3eaf1ea2,NWG,2024-01-01,10.684000000000001,29379830102.000004,primary_input_absent [netCashProvidedByOperatingActivities NaN (value=NaN)]
stock_CUR3K@844b3eaf1ea2,NWG,2024-04-01,12.599970916692019,27293943600.0,primary_input_absent [netCashProvidedByOperatingActivities NaN (value=NaN)]
stock_CUR3K@844b3eaf1ea2,NWG,2024-07-01,13.755999999999998,28585164022.999996,primary_input_absent [netCashProvidedByOperatingActivities NaN (value=NaN)]
stock_CUR3K@844b3eaf1ea2,NWG,2024-10-01,15.783696441446443,32798746123.0,primary_input_absent [netCashProvidedByOperatingActivities NaN (value=NaN)]
stock_CUR3K@844b3eaf1ea2,NWG,2025-01-01,18.048686833171978,36446706000.0,primary_input_absent [netCashProvidedByOperatingActivities NaN (value=NaN)]
stock_CUR3K@844b3eaf1ea2,NWG,2025-04-01,20.45856034922042,41313096134.0,primary_input_absent [netCashProvidedByOperatingActivities NaN (value=NaN)]
stock_CUR3K@844b3eaf1ea2,NWG,2025-07-01,10.440675767231326,21065911360.0,primary_input_absent [netCashProvidedByOperatingActivities NaN (value=NaN)]
stock_CUR3K@844b3eaf1ea2,NWG,2025-10-01,26.07199674333991,52181458946.0,primary_input_absent [netCashProvidedByOperatingActivities NaN (value=NaN)]
stock_CUR3K@844b3eaf1ea2,NWG,2026-01-01,22.128,44256000000.0,primary_input_absent [netCashProvidedByOperatingActivities NaN (value=NaN)]
stock_CUR3K@844b3eaf1ea2,NWG,2026-04-01,26.68,53194077080.0,primary_input_absent [netCashProvidedByOperatingActivities NaN (value=NaN)]
stock_CUR3K@844b3eaf1ea2,NWG.L,2020-07-01,1.1421,12901499661.599998,primary_input_absent [netCashProvidedByOperatingActivities NaN (value=NaN)]
stock_CUR3K@844b3eaf1ea2,NWG.L,2020-10-01,1.8055,20304710776.0,primary_input_absent [netCashProvidedByOperatingActivities NaN (value=NaN)]
stock_CUR3K@844b3eaf1ea2,NWG.L,2021-01-01,2.1135,23858276452.5,primary_input_absent [netCashProvidedByOperatingActivities NaN (value=NaN)]
stock_CUR3K@844b3eaf1ea2,NWG.L,2021-04-01,2.1883,23896238188.3,primary_input_absent [netCashProvidedByOperatingActivities NaN (value=NaN)]
stock_CUR3K@844b3eaf1ea2,NWG.L,2021-07-01,2.4219999999999997,25911556285.999996,primary_input_absent [netCashProvidedByOperatingActivities NaN (value=NaN)]
stock_CUR3K@844b3eaf1ea2,NWG.L,2021-10-01,2.4306,25777152247.8,primary_input_absent [netCashProvidedByOperatingActivities NaN (value=NaN)]
stock_CUR3K@844b3eaf1ea2,NWG.L,2022-01-01,2.3251,24140852971.6,primary_input_absent [netCashProvidedByOperatingActivities NaN (value=NaN)]
stock_CUR3K@844b3eaf1ea2,NWG.L,2022-04-01,2.3509,22386583953.100002,primary_input_absent [netCashProvidedByOperatingActivities NaN (value=NaN)]
stock_CUR3K@844b3eaf1ea2,NWG.L,2022-07-01,2.259,24167714967.0,primary_input_absent [netCashProvidedByOperatingActivities NaN (value=NaN)]
stock_CUR3K@844b3eaf1ea2,NWG.L,2022-10-01,2.6519999999999997,25548275375.999996,primary_input_absent [netCashProvidedByOperatingActivities NaN (value=NaN)]
stock_CUR3K@844b3eaf1ea2,NWG.L,2023-01-01,2.636,25255516000.0,primary_input_absent [netCashProvidedByOperatingActivities NaN (value=NaN)]
stock_CUR3K@844b3eaf1ea2,NWG.L,2023-04-01,2.408,22127567112.0,primary_input_absent [netCashProvidedByOperatingActivities NaN (value=NaN)]
stock_CUR3K@844b3eaf1ea2,NWG.L,2023-07-01,2.3569999999999998,20828184394.999996,primary_input_absent [netCashProvidedByOperatingActivities NaN (value=NaN)]
stock_CUR3K@844b3eaf1ea2,NWG.L,2023-10-01,2.194,24133039028.0,primary_input_absent [netCashProvidedByOperatingActivities NaN (value=NaN)]
stock_CUR3K@844b3eaf1ea2,NWG.L,2024-01-01,2.6710000000000003,29379830102.000004,primary_input_absent [netCashProvidedByOperatingActivities NaN (value=NaN)]
stock_CUR3K@844b3eaf1ea2,NWG.L,2024-04-01,3.15,27293943600.0,primary_input_absent [netCashProvidedByOperatingActivities NaN (value=NaN)]
stock_CUR3K@844b3eaf1ea2,NWG.L,2024-07-01,3.4389999999999996,28585164022.999996,primary_input_absent [netCashProvidedByOperatingActivities NaN (value=NaN)]
stock_CUR3K@844b3eaf1ea2,NWG.L,2024-10-01,4.021,32798746123.0,primary_input_absent [netCashProvidedByOperatingActivities NaN (value=NaN)]
stock_CUR3K@844b3eaf1ea2,NWG.L,2025-01-01,4.518,36446706000.0,primary_input_absent [netCashProvidedByOperatingActivities NaN (value=NaN)]
stock_CUR3K@844b3eaf1ea2,NWG.L,2025-04-01,5.114,41313096134.0,primary_input_absent [netCashProvidedByOperatingActivities NaN (value=NaN)]
stock_CUR3K@844b3eaf1ea2,NWG.L,2025-07-01,5.216,21065911360.0,primary_input_absent [netCashProvidedByOperatingActivities NaN (value=NaN)]
stock_CUR3K@844b3eaf1ea2,NWG.L,2025-10-01,6.518,52181458946.0,primary_input_absent [netCashProvidedByOperatingActivities NaN (value=NaN)]
stock_CUR3K@844b3eaf1ea2,NWG.L,2026-01-01,5.532,44256000000.0,primary_input_absent [netCashProvidedByOperatingActivities NaN (value=NaN)]
stock_CUR3K@844b3eaf1ea2,NWG.L,2026-04-01,6.67,53194077080.0,primary_input_absent [netCashProvidedByOperatingActivities NaN (value=NaN)]
stock_CUR3K@844b3eaf1ea2,PEUG.PA,2014-04-01,46.550000000000004,1167874283.45,primary_input_absent [revenue impossible: < 0 (value=-6.7926e+07)]
stock_CUR3K@844b3eaf1ea2,PEUG.PA,2014-10-01,49.99,1255697010.3600001,primary_input_absent [revenue impossible: < 0 (value=-6.7926e+07)]
stock_CUR3K@844b3eaf1ea2,PEUG.PA,2015-04-01,73.0,1830998994.0,primary_input_absent [revenue impossible: < 0 (value=-6.7926e+07)]
stock_CUR3K@844b3eaf1ea2,PEUG.PA,2015-10-01,68.0,1703408228.0,primary_input_absent [revenue impossible: < 0 (value=-6.7926e+07)]
stock_CUR3K@844b3eaf1ea2,PEUG.PA,2016-04-01,62.9,1606237232.7,primary_input_absent [revenue impossible: < 0 (value=-6.7926e+07)]
stock_CUR3K@844b3eaf1ea2,PEUG.PA,2016-10-01,72.25,1780471489.0,primary_input_absent [revenue impossible: < 0 (value=-6.7926e+07)]
stock_CUR3K@844b3eaf1ea2,PEUG.PA,2017-04-01,89.12,2205170664.32,primary_input_absent [revenue impossible: < 0 (value=-6.7926e+07)]
stock_CUR3K@844b3eaf1ea2,PEUG.PA,2017-10-01,100.4,2485833017.2000003,primary_input_absent [revenue impossible: < 0 (value=-6.7926e+07)]
stock_CUR3K@844b3eaf1ea2,PEUG.PA,2018-04-01,105.8,2620565913.2,primary_input_absent [revenue impossible: < 0 (value=-6.7926e+07)]
stock_CUR3K@844b3eaf1ea2,PEUG.PA,2018-10-01,80.2,1984528468.8,primary_input_absent [revenue impossible: < 0 (value=-6.7926e+07)]
stock_CUR3K@844b3eaf1ea2,PEUG.PA,2019-04-01,95.60000000000001,2365270096.4,primary_input_absent [revenue impossible: < 0 (value=-6.7926e+07)]
stock_CUR3K@844b3eaf1ea2,PEUG.PA,2019-10-01,104.0,2573614888.0,primary_input_absent [revenue impossible: < 0 (value=-6.7926e+07)]
stock_CUR3K@844b3eaf1ea2,PEUG.PA,2020-04-01,67.0,1657889205.0,primary_input_absent [revenue impossible: < 0 (value=-6.7926e+07)]
stock_CUR3K@844b3eaf1ea2,PEUG.PA,2020-10-01,94.6,2347717242.2,primary_input_absent [revenue impossible: < 0 (value=-6.7926e+07)]
stock_CUR3K@844b3eaf1ea2,PEUG.PA,2021-04-01,113.4,2806467085.8,primary_input_absent [revenue impossible: < 0 (value=-6.7926e+07)]
stock_CUR3K@844b3eaf1ea2,PEUG.PA,2021-10-01,124.0,3080091924.0,primary_input_absent [revenue impossible: < 0 (value=-6.7926e+07)]
stock_CUR3K@844b3eaf1ea2,PEUG.PA,2022-04-01,86.5,2148023533.0,primary_input_absent [revenue impossible: < 0 (value=-6.7926e+07)]
stock_CUR3K@844b3eaf1ea2,PEUG.PA,2022-10-01,89.0,2209303426.0,primary_input_absent [revenue impossible: < 0 (value=-6.7926e+07)]
stock_CUR3K@844b3eaf1ea2,PEUG.PA,2023-04-01,102.2,2539191704.0,primary_input_absent [revenue impossible: < 0 (value=-6.7926e+07)]
stock_CUR3K@844b3eaf1ea2,PEUG.PA,2023-10-01,101.39999999999999,2518790094.6,primary_input_absent [revenue impossible: < 0 (value=-6.7926e+07)]
stock_CUR3K@844b3eaf1ea2,PEUG.PA,2024-04-01,90.7,2252383303.1,primary_input_absent [revenue impossible: < 0 (value=-6.7926e+07)]
stock_CUR3K@844b3eaf1ea2,PEUG.PA,2024-10-01,73.1,1813288409.6999998,primary_input_absent [revenue impossible: < 0 (value=-6.7926e+07)]
stock_CUR3K@844b3eaf1ea2,PEUG.PA,2025-04-01,73.6,1824934521.6,primary_input_absent [revenue impossible: < 0 (value=-6.7926e+07)]
stock_CUR3K@844b3eaf1ea2,PEUG.PA,2025-10-01,75.8,1894242000.0,primary_input_absent [revenue impossible: < 0 (value=-6.7926e+07)]
stock_CUR3K@844b3eaf1ea2,PNP.TO,2020-07-01,2.56,12078131.200000001,primary_input_absent [revenue impossible: < 0 (value=-1.397e+06)]
stock_CUR3K@844b3eaf1ea2,PNP.TO,2020-10-01,3.04,13748700.96,primary_input_absent [revenue impossible: < 0 (value=-1.397e+06)]
stock_CUR3K@844b3eaf1ea2,PNP.TO,2021-01-01,4.68,21422110.32,primary_input_absent [revenue impossible: < 0 (value=-1.397e+06)]
stock_CUR3K@844b3eaf1ea2,PNP.TO,2021-04-01,4.0,28888608.0,primary_input_absent [revenue impossible: < 0 (value=-1.397e+06)]
stock_CUR3K@844b3eaf1ea2,PNP.TO,2021-07-01,4.59,43086330.0,primary_input_absent [revenue impossible: < 0 (value=-1.397e+06)]
stock_CUR3K@844b3eaf1ea2,PNP.TO,2021-10-01,5.45,50270898.1,primary_input_absent [revenue impossible: < 0 (value=-1.397e+06)]
stock_CUR3K@844b3eaf1ea2,PNP.TO,2022-01-01,4.49,42147630.0,primary_input_absent [revenue impossible: < 0 (value=-1.397e+06)]
stock_CUR3K@844b3eaf1ea2,PNP.TO,2022-04-01,3.19,29944530.0,primary_input_absent [revenue impossible: < 0 (value=-1.397e+06)]
stock_CUR3K@844b3eaf1ea2,PNP.TO,2022-07-01,3.08,28079334.36,primary_input_absent [revenue impossible: < 0 (value=-1.397e+06)]
stock_CUR3K@844b3eaf1ea2,PNP.TO,2022-10-01,3.99,37454130.0,primary_input_absent [revenue impossible: < 0 (value=-1.397e+06)]
stock_CUR3K@844b3eaf1ea2,PNP.TO,2023-01-01,3.58,33605460.0,primary_input_absent [revenue impossible: < 0 (value=-1.397e+06)]
stock_CUR3K@844b3eaf1ea2,PNP.TO,2023-04-01,4.0,37548000.0,primary_input_absent [revenue impossible: < 0 (value=-1.397e+06)]
stock_CUR3K@844b3eaf1ea2,PNP.TO,2023-07-01,4.06,38111220.0,primary_input_absent [revenue impossible: < 0 (value=-1.397e+06)]
stock_CUR3K@844b3eaf1ea2,PNP.TO,2023-10-01,3.6,33793200.0,primary_input_absent [revenue impossible: < 0 (value=-1.397e+06)]
stock_CUR3K@844b3eaf1ea2,PNP.TO,2024-01-01,5.7,53505900.0,primary_input_absent [revenue impossible: < 0 (value=-1.397e+06)]
stock_CUR3K@844b3eaf1ea2,PNP.TO,2024-04-01,6.17,57917790.0,primary_input_absent [revenue impossible: < 0 (value=-1.397e+06)]
stock_CUR3K@844b3eaf1ea2,PNP.TO,2024-07-01,7.5,70402500.0,primary_input_absent [revenue impossible: < 0 (value=-1.397e+06)]
stock_CUR3K@844b3eaf1ea2,PNP.TO,2024-10-01,11.0,103257000.0,primary_input_absent [revenue impossible: < 0 (value=-1.397e+06)]
stock_CUR3K@844b3eaf1ea2,PNP.TO,2025-01-01,15.0,140805000.0,primary_input_absent [revenue impossible: < 0 (value=-1.397e+06)]
stock_CUR3K@844b3eaf1ea2,PNP.TO,2025-04-01,16.88,158452560.0,primary_input_absent [revenue impossible: < 0 (value=-1.397e+06)]
stock_CUR3K@844b3eaf1ea2,PNP.TO,2025-07-01,12.46,116962020.00000001,primary_input_absent [revenue impossible: < 0 (value=-1.397e+06)]
stock_CUR3K@844b3eaf1ea2,PNP.TO,2025-10-01,11.05,103726350.0,primary_input_absent [revenue impossible: < 0 (value=-1.397e+06)]
stock_CUR3K@844b3eaf1ea2,PNP.TO,2026-01-01,8.37,78569190.0,primary_input_absent [revenue impossible: < 0 (value=-1.397e+06)]
stock_CUR3K@844b3eaf1ea2,PNP.TO,2026-04-01,9.01,84576870.0,primary_input_absent [revenue impossible: < 0 (value=-1.397e+06)]
stock_CUR3K@844b3eaf1ea2,PRC.PA,2014-04-01,14.2,94088916.0,primary_input_absent [netCashProvidedByOperatingActivities NaN (value=NaN)]
stock_CUR3K@844b3eaf1ea2,PRC.PA,2014-10-01,13.1,87136261.3,primary_input_absent [netCashProvidedByOperatingActivities NaN (value=NaN)]
stock_CUR3K@844b3eaf1ea2,PRC.PA,2015-04-01,13.789999999999997,91725412.30999999,primary_input_absent [netCashProvidedByOperatingActivities NaN (value=NaN)]
stock_CUR3K@844b3eaf1ea2,PRC.PA,2015-10-01,13.09,87117981.72,primary_input_absent [netCashProvidedByOperatingActivities NaN (value=NaN)]
stock_CUR3K@844b3eaf1ea2,PRC.PA,2016-04-01,9.72,64511678.88,primary_input_absent [netCashProvidedByOperatingActivities NaN (value=NaN)]
stock_CUR3K@844b3eaf1ea2,PRC.PA,2016-10-01,11.5,76730748.5,primary_input_absent [netCashProvidedByOperatingActivities NaN (value=NaN)]
stock_CUR3K@844b3eaf1ea2,PRC.PA,2017-04-01,16.9,112220393.99999999,primary_input_absent [netCashProvidedByOperatingActivities NaN (value=NaN)]
stock_CUR3K@844b3eaf1ea2,PRC.PA,2017-10-01,17.0,113267736.0,primary_input_absent [netCashProvidedByOperatingActivities NaN (value=NaN)]
stock_CUR3K@844b3eaf1ea2,PRC.PA,2018-04-01,14.34,95462914.38,primary_input_absent [netCashProvidedByOperatingActivities NaN (value=NaN)]
stock_CUR3K@844b3eaf1ea2,PRC.PA,2018-10-01,14.36,95436287.16,primary_input_absent [netCashProvidedByOperatingActivities NaN (value=NaN)]
stock_CUR3K@844b3eaf1ea2,PRC.PA,2019-04-01,12.9,85804543.5,primary_input_absent [netCashProvidedByOperatingActivities NaN (value=NaN)]
stock_CUR3K@844b3eaf1ea2,PRC.PA,2019-10-01,9.51,63255907.65,primary_input_absent [netCashProvidedByOperatingActivities NaN (value=NaN)]
stock_CUR3K@844b3eaf1ea2,PRC.PA,2020-04-01,7.82,52014847.300000004,primary_input_absent [netCashProvidedByOperatingActivities NaN (value=NaN)]
stock_CUR3K@844b3eaf1ea2,PRC.PA,2020-10-01,7.34,48822120.1,primary_input_absent [netCashProvidedByOperatingActivities NaN (value=NaN)]
stock_CUR3K@844b3eaf1ea2,PRC.PA,2021-04-01,5.54,36849393.1,primary_input_absent [netCashProvidedByOperatingActivities NaN (value=NaN)]
stock_CUR3K@844b3eaf1ea2,PRC.PA,2021-10-01,10.780000000000001,71703331.7,primary_input_absent [netCashProvidedByOperatingActivities NaN (value=NaN)]
stock_CUR3K@844b3eaf1ea2,PRC.PA,2022-04-01,6.82,45363332.300000004,primary_input_absent [netCashProvidedByOperatingActivities NaN (value=NaN)]
stock_CUR3K@844b3eaf1ea2,PRC.PA,2022-10-01,7.1,47225756.5,primary_input_absent [netCashProvidedByOperatingActivities NaN (value=NaN)]
stock_CUR3K@844b3eaf1ea2,PRC.PA,2023-04-01,7.09,47159241.35,primary_input_absent [netCashProvidedByOperatingActivities NaN (value=NaN)]
stock_CUR3K@844b3eaf1ea2,PRC.PA,2023-10-01,5.07,33723181.050000004,primary_input_absent [netCashProvidedByOperatingActivities NaN (value=NaN)]
stock_CUR3K@844b3eaf1ea2,PRC.PA,2024-04-01,4.54,30208025.0,primary_input_absent [netCashProvidedByOperatingActivities NaN (value=NaN)]
stock_CUR3K@844b3eaf1ea2,PRC.PA,2024-10-01,4.17,27749827.95,primary_input_absent [netCashProvidedByOperatingActivities NaN (value=NaN)]
stock_CUR3K@844b3eaf1ea2,PRC.PA,2025-04-01,4.29,28534999.35,primary_input_absent [netCashProvidedByOperatingActivities NaN (value=NaN)]
stock_CUR3K@844b3eaf1ea2,PRC.PA,2025-10-01,3.54,23546363.1,primary_input_absent [netCashProvidedByOperatingActivities NaN (value=NaN)]
stock_CUR3K@844b3eaf1ea2,PSDL.L,2014-04-01,1.8722999999999999,94762967.0436,primary_input_absent [revenue impossible: < 0 (value=-5.822e+06)]
stock_CUR3K@844b3eaf1ea2,PSDL.L,2014-10-01,1.9309500000000004,90947743.06905001,primary_input_absent [revenue impossible: < 0 (value=-5.822e+06)]
stock_CUR3K@844b3eaf1ea2,PSDL.L,2015-04-01,2.034272625,123605533.40629724,primary_input_absent [revenue impossible: < 0 (value=-5.822e+06)]
stock_CUR3K@844b3eaf1ea2,PSDL.L,2015-10-01,2.1136283999999996,169320739.92710757,primary_input_absent [revenue impossible: < 0 (value=-5.822e+06)]
stock_CUR3K@844b3eaf1ea2,PSDL.L,2016-04-01,2.371556425,205715579.84120622,primary_input_absent [revenue impossible: < 0 (value=-5.822e+06)]
stock_CUR3K@844b3eaf1ea2,PSDL.L,2016-10-01,2.7247595374999998,266455142.51705095,primary_input_absent [revenue impossible: < 0 (value=-5.822e+06)]
stock_CUR3K@844b3eaf1ea2,PSDL.L,2017-04-01,3.3487206250000003,328419965.26659065,primary_input_absent [revenue impossible: < 0 (value=-5.822e+06)]
stock_CUR3K@844b3eaf1ea2,PSDL.L,2017-10-01,4.3525503,447761125.725984,primary_input_absent [revenue impossible: < 0 (value=-5.822e+06)]
stock_CUR3K@844b3eaf1ea2,PSDL.L,2018-04-01,3.898914000000001,374100798.3000001,primary_input_absent [revenue impossible: < 0 (value=-5.822e+06)]
stock_CUR3K@844b3eaf1ea2,PSDL.L,2018-10-01,3.9488944,398520637.9477312,primary_input_absent [revenue impossible: < 0 (value=-5.822e+06)]
stock_CUR3K@844b3eaf1ea2,PSDL.L,2019-04-01,3.272663500000001,329726542.0594901,primary_input_absent [revenue impossible: < 0 (value=-5.822e+06)]
stock_CUR3K@844b3eaf1ea2,PSDL.L,2019-10-01,3.7804480000000003,390760850.988928,primary_input_absent [revenue impossible: < 0 (value=-5.822e+06)]
stock_CUR3K@844b3eaf1ea2,PSDL.L,2020-04-01,3.2592467999999997,329564170.08716875,primary_input_absent [revenue impossible: < 0 (value=-5.822e+06)]
stock_CUR3K@844b3eaf1ea2,PSDL.L,2020-10-01,3.545328,348174385.409136,primary_input_absent [revenue impossible: < 0 (value=-5.822e+06)]
stock_CUR3K@844b3eaf1ea2,PSDL.L,2021-04-01,4.6525395000000005,447851591.25420004,primary_input_absent [revenue impossible: < 0 (value=-5.822e+06)]
stock_CUR3K@844b3eaf1ea2,PSDL.L,2021-10-01,4.7297126,452358638.03167623,primary_input_absent [revenue impossible: < 0 (value=-5.822e+06)]
stock_CUR3K@844b3eaf1ea2,PSDL.L,2022-04-01,3.6693288,339804306.6257808,primary_input_absent [revenue impossible: < 0 (value=-5.822e+06)]
stock_CUR3K@844b3eaf1ea2,PSDL.L,2022-10-01,2.7903589999999996,254429322.85470697,primary_input_absent [revenue impossible: < 0 (value=-5.822e+06)]
stock_CUR3K@844b3eaf1ea2,PSDL.L,2023-04-01,2.1644075999999997,197827242.06896037,primary_input_absent [revenue impossible: < 0 (value=-5.822e+06)]
stock_CUR3K@844b3eaf1ea2,PSDL.L,2023-10-01,1.9487559000000003,178949187.53166002,primary_input_absent [revenue impossible: < 0 (value=-5.822e+06)]
stock_CUR3K@844b3eaf1ea2,PSDL.L,2024-04-01,1.8538695,170237128.446,primary_input_absent [revenue impossible: < 0 (value=-5.822e+06)]
stock_CUR3K@844b3eaf1ea2,PSDL.L,2024-10-01,2.044760025,187766223.57569999,primary_input_absent [revenue impossible: < 0 (value=-5.822e+06)]
stock_CUR3K@844b3eaf1ea2,PSDL.L,2025-04-01,1.9300215,177230653.1391165,primary_input_absent [revenue impossible: < 0 (value=-5.822e+06)]
stock_CUR3K@844b3eaf1ea2,PSDL.L,2025-10-01,1.9321221,177423547.7312151,primary_input_absent [revenue impossible: < 0 (value=-5.822e+06)]
stock_CUR3K@844b3eaf1ea2,REINA.AS,2014-07-01,17.0,3330301224.0,primary_input_absent [revenue impossible: < 0 (value=-5.5e+07)]
stock_CUR3K@844b3eaf1ea2,REINA.AS,2015-01-01,17.0,3330301445.0,primary_input_absent [revenue impossible: < 0 (value=-5.5e+07)]
stock_CUR3K@844b3eaf1ea2,REINA.AS,2015-07-01,17.0,3330308891.0,primary_input_absent [revenue impossible: < 0 (value=-5.5e+07)]
stock_CUR3K@844b3eaf1ea2,REINA.AS,2016-01-01,17.0,3330301870.0,primary_input_absent [revenue impossible: < 0 (value=-5.5e+07)]
stock_CUR3K@844b3eaf1ea2,REINA.AS,2016-07-01,17.0,3327439019.0,primary_input_absent [revenue impossible: < 0 (value=-5.5e+07)]
stock_CUR3K@844b3eaf1ea2,REINA.AS,2017-01-01,17.0,3330301921.0,primary_input_absent [revenue impossible: < 0 (value=-5.5e+07)]
stock_CUR3K@844b3eaf1ea2,REINA.AS,2017-07-01,17.0,3330136970.0,primary_input_absent [revenue impossible: < 0 (value=-5.5e+07)]
stock_CUR3K@844b3eaf1ea2,REINA.AS,2018-01-01,15.7,3075631899.7,primary_input_absent [revenue impossible: < 0 (value=-5.5e+07)]
stock_CUR3K@844b3eaf1ea2,REINA.AS,2018-07-01,16.2,3173584827.6,primary_input_absent [revenue impossible: < 0 (value=-5.5e+07)]
stock_CUR3K@844b3eaf1ea2,REINA.AS,2019-01-01,14.700000000000001,2850338040.9,primary_input_absent [revenue impossible: < 0 (value=-5.5e+07)]
stock_CUR3K@844b3eaf1ea2,REINA.AS,2019-07-01,16.85,3198130000.0000005,primary_input_absent [revenue impossible: < 0 (value=-5.5e+07)]
stock_CUR3K@844b3eaf1ea2,REINA.AS,2020-01-01,14.0,2570401512.0,primary_input_absent [revenue impossible: < 0 (value=-5.5e+07)]
stock_CUR3K@844b3eaf1ea2,REINA.AS,2020-07-01,14.71,5422107529.84,primary_input_absent [revenue impossible: < 0 (value=-5.5e+07)]
stock_CUR3K@844b3eaf1ea2,REINA.AS,2021-01-01,17.08,6295688922.32,primary_input_absent [revenue impossible: < 0 (value=-5.5e+07)]
stock_CUR3K@844b3eaf1ea2,REINA.AS,2021-07-01,16.3,3004090391.2000003,primary_input_absent [revenue impossible: < 0 (value=-5.5e+07)]
stock_CUR3K@844b3eaf1ea2,REINA.AS,2022-01-01,20.0,3686000000.0,primary_input_absent [revenue impossible: < 0 (value=-5.5e+07)]
stock_CUR3K@844b3eaf1ea2,REINA.AS,2022-07-01,14.9,5456382711.8,primary_input_absent [revenue impossible: < 0 (value=-5.5e+07)]
stock_CUR3K@844b3eaf1ea2,REINA.AS,2023-01-01,19.0,6874202470.0,primary_input_absent [revenue impossible: < 0 (value=-5.5e+07)]
stock_CUR3K@844b3eaf1ea2,REINA.AS,2023-07-01,19.6,3563280490.0000005,primary_input_absent [revenue impossible: < 0 (value=-5.5e+07)]
stock_CUR3K@844b3eaf1ea2,REINA.AS,2024-01-01,22.2,4035960555.0,primary_input_absent [revenue impossible: < 0 (value=-5.5e+07)]
stock_CUR3K@844b3eaf1ea2,REINA.AS,2024-07-01,25.4,4617720914.4,primary_input_absent [revenue impossible: < 0 (value=-5.5e+07)]
stock_CUR3K@844b3eaf1ea2,REINA.AS,2025-01-01,22.6,4108314060.8,primary_input_absent [revenue impossible: < 0 (value=-5.5e+07)]
stock_CUR3K@844b3eaf1ea2,REINA.AS,2025-07-01,25.2,224492259.6,primary_input_absent [revenue impossible: < 0 (value=-5.5e+07)]
stock_CUR3K@844b3eaf1ea2,REINA.AS,2026-01-01,27.6,5017237572.0,primary_input_absent [revenue impossible: < 0 (value=-5.5e+07)]
stock_CUR3K@844b3eaf1ea2,SIGHT.PA,2013-04-01,,,primary_input_absent [revenue impossible: < 0 (value=-47000)]
stock_CUR3K@844b3eaf1ea2,SIGHT.PA,2013-10-01,,,primary_input_absent [revenue impossible: < 0 (value=-47000)]
stock_CUR3K@844b3eaf1ea2,SIGHT.PA,2014-10-01,8.15,71350772.4,primary_input_absent [revenue impossible: < 0 (value=-47000)]
stock_CUR3K@844b3eaf1ea2,SIGHT.PA,2015-04-01,8.15,73221727.15,primary_input_absent [revenue impossible: < 0 (value=-47000)]
stock_CUR3K@844b3eaf1ea2,SIGHT.PA,2015-10-01,8.15,109985056.85000001,primary_input_absent [revenue impossible: < 0 (value=-47000)]
stock_CUR3K@844b3eaf1ea2,SIGHT.PA,2016-10-01,7.75,146447185.25,primary_input_absent [revenue impossible: < 0 (value=-47000)]
stock_CUR3K@844b3eaf1ea2,SIGHT.PA,2017-04-01,4.83,95653020.54,primary_input_absent [revenue impossible: < 0 (value=-47000)]
stock_CUR3K@844b3eaf1ea2,SIGHT.PA,2017-10-01,6.159999999999999,148661091.04,primary_input_absent [revenue impossible: < 0 (value=-47000)]
stock_CUR3K@844b3eaf1ea2,SIGHT.PA,2018-04-01,2.67,64705375.41,primary_input_absent [revenue impossible: < 0 (value=-47000)]
stock_CUR3K@844b3eaf1ea2,SIGHT.PA,2018-10-01,3.33,81893597.76,primary_input_absent [revenue impossible: < 0 (value=-47000)]
stock_CUR3K@844b3eaf1ea2,SIGHT.PA,2019-04-01,1.446,39896233.176,primary_input_absent [revenue impossible: < 0 (value=-47000)]
stock_CUR3K@844b3eaf1ea2,SIGHT.PA,2019-10-01,2.485,73256453.13,primary_input_absent [revenue impossible: < 0 (value=-47000)]
stock_CUR3K@844b3eaf1ea2,SIGHT.PA,2020-04-01,2.87,93930169.34,primary_input_absent [revenue impossible: < 0 (value=-47000)]
stock_CUR3K@844b3eaf1ea2,SIGHT.PA,2020-10-01,7.13,264120582.79999998,primary_input_absent [revenue impossible: < 0 (value=-47000)]
stock_CUR3K@844b3eaf1ea2,SIGHT.PA,2021-04-01,8.045,352447507.95,primary_input_absent [revenue impossible: < 0 (value=-47000)]
stock_CUR3K@844b3eaf1ea2,SIGHT.PA,2021-10-01,5.56,258494263.43999997,primary_input_absent [revenue impossible: < 0 (value=-47000)]
stock_CUR3K@844b3eaf1ea2,SIGHT.PA,2022-04-01,2.236,103582469.69200002,primary_input_absent [revenue impossible: < 0 (value=-47000)]
stock_CUR3K@844b3eaf1ea2,SIGHT.PA,2022-10-01,3.362,155781036.926,primary_input_absent [revenue impossible: < 0 (value=-47000)]
stock_CUR3K@844b3eaf1ea2,SIGHT.PA,2023-04-01,0.748,34462971.268,primary_input_absent [revenue impossible: < 0 (value=-47000)]
stock_CUR3K@844b3eaf1ea2,SIGHT.PA,2023-10-01,0.4600000000000001,23257235.220000003,primary_input_absent [revenue impossible: < 0 (value=-47000)]
stock_CUR3K@844b3eaf1ea2,SIGHT.PA,2024-04-01,0.322,26645334.814,primary_input_absent [revenue impossible: < 0 (value=-47000)]
stock_CUR3K@844b3eaf1ea2,SIGHT.PA,2024-10-01,0.27,29389986.540000003,primary_input_absent [revenue impossible: < 0 (value=-47000)]
stock_CUR3K@844b3eaf1ea2,SIGHT.PA,2025-04-01,0.2015,25846936.154000003,primary_input_absent [revenue impossible: < 0 (value=-47000)]
stock_CUR3K@844b3eaf1ea2,SIGHT.PA,2025-10-01,0.1044,19746424.8,primary_input_absent [revenue impossible: < 0 (value=-47000)]
stock_CUR3K@844b3eaf1ea2,SYY,2020-07-01,62.01,31570990384.05,primary_input_absent [netCashProvidedByOperatingActivities NaN (value=NaN)]
stock_CUR3K@844b3eaf1ea2,SYY,2020-10-01,72.42,36934689124.68,primary_input_absent [netCashProvidedByOperatingActivities NaN (value=NaN)]
stock_CUR3K@844b3eaf1ea2,SYY,2021-01-01,80.63,41210853322.1,primary_input_absent [netCashProvidedByOperatingActivities NaN (value=NaN)]
stock_CUR3K@844b3eaf1ea2,SYY,2021-04-01,77.75,39840961179.5,primary_input_absent [netCashProvidedByOperatingActivities NaN (value=NaN)]
stock_CUR3K@844b3eaf1ea2,SYY,2021-10-01,80.82,41421548534.939995,primary_input_absent [netCashProvidedByOperatingActivities NaN (value=NaN)]
stock_CUR3K@844b3eaf1ea2,SYY,2022-01-01,78.55,40142537620.0,primary_input_absent [netCashProvidedByOperatingActivities NaN (value=NaN)]
stock_CUR3K@844b3eaf1ea2,SYY,2022-04-01,84.71,43252413673.92,primary_input_absent [netCashProvidedByOperatingActivities NaN (value=NaN)]
stock_CUR3K@844b3eaf1ea2,SYY,2022-04-01,82.41,41894619983.189995,primary_input_absent [netCashProvidedByOperatingActivities NaN (value=NaN)]
stock_CUR3K@844b3eaf1ea2,SYY,2022-10-01,76.45,38806761259.200005,primary_input_absent [netCashProvidedByOperatingActivities NaN (value=NaN)]
stock_CUR3K@844b3eaf1ea2,SYY,2022-10-01,70.71,35890881108.96,primary_input_absent [netCashProvidedByOperatingActivities NaN (value=NaN)]
stock_CUR3K@844b3eaf1ea2,SYY,2023-04-01,74.2,37585743176.8,primary_input_absent [netCashProvidedByOperatingActivities NaN (value=NaN)]
stock_CUR3K@844b3eaf1ea2,SYY,2023-04-01,77.23,39210981979.25,primary_input_absent [netCashProvidedByOperatingActivities NaN (value=NaN)]
stock_CUR3K@844b3eaf1ea2,SYY,2023-07-01,66.05,33363604796.6,primary_input_absent [netCashProvidedByOperatingActivities NaN (value=NaN)]
stock_CUR3K@844b3eaf1ea2,SYY,2023-10-01,73.13,36880382851.29,primary_input_absent [netCashProvidedByOperatingActivities NaN (value=NaN)]
stock_CUR3K@844b3eaf1ea2,SYY,2024-01-01,80.57,40256196627.85,primary_input_absent [netCashProvidedByOperatingActivities NaN (value=NaN)]
stock_CUR3K@844b3eaf1ea2,SYY,2024-04-01,71.39,35513963169.85,primary_input_absent [netCashProvidedByOperatingActivities NaN (value=NaN)]
stock_CUR3K@844b3eaf1ea2,SYY,2024-07-01,77.66,38210570404.82,primary_input_absent [netCashProvidedByOperatingActivities NaN (value=NaN)]
stock_CUR3K@844b3eaf1ea2,SYY,2024-10-01,76.95,37759254730.65,primary_input_absent [netCashProvidedByOperatingActivities NaN (value=NaN)]
stock_CUR3K@844b3eaf1ea2,SYY,2025-01-01,74.1,36125186206.2,primary_input_absent [netCashProvidedByOperatingActivities NaN (value=NaN)]
stock_CUR3K@844b3eaf1ea2,SYY,2025-04-01,75.01,36179990055.560005,primary_input_absent [netCashProvidedByOperatingActivities NaN (value=NaN)]
stock_CUR3K@844b3eaf1ea2,SYY,2025-07-01,81.94,39229691089.2,primary_input_absent [netCashProvidedByOperatingActivities NaN (value=NaN)]
stock_CUR3K@844b3eaf1ea2,SYY,2025-10-01,74.23,35581876071.69,primary_input_absent [netCashProvidedByOperatingActivities NaN (value=NaN)]
stock_CUR3K@844b3eaf1ea2,SYY,2026-01-01,81.8,39210406357.799995,primary_input_absent [netCashProvidedByOperatingActivities NaN (value=NaN)]
stock_CUR3K@844b3eaf1ea2,SYY,2026-04-01,82.82,39680552760.0,primary_input_absent [netCashProvidedByOperatingActivities NaN (value=NaN)]
stock_CUR3K@844b3eaf1ea2,TAL,2020-04-01,,,primary_input_absent [netCashProvidedByOperatingActivities NaN (value=NaN)]
stock_CUR3K@844b3eaf1ea2,TAL,2020-07-01,73.81000030630024,5216310601.236893,primary_input_absent [netCashProvidedByOperatingActivities NaN (value=NaN)]
stock_CUR3K@844b3eaf1ea2,TAL,2020-10-01,70.0600003699704,4584848959.15151,primary_input_absent [netCashProvidedByOperatingActivities NaN (value=NaN)]
stock_CUR3K@844b3eaf1ea2,TAL,2021-01-01,79.7900003414713,5587681675.623183,primary_input_absent [netCashProvidedByOperatingActivities NaN (value=NaN)]
stock_CUR3K@844b3eaf1ea2,TAL,2021-07-01,5.320000022088555,375919016.6408098,primary_input_absent [netCashProvidedByOperatingActivities NaN (value=NaN)]
stock_CUR3K@844b3eaf1ea2,TAL,2021-10-01,5.180000021319804,366964871.5303512,primary_input_absent [netCashProvidedByOperatingActivities NaN (value=NaN)]
stock_CUR3K@844b3eaf1ea2,TAL,2022-01-01,2.84000001162974,201490187.98509806,primary_input_absent [netCashProvidedByOperatingActivities NaN (value=NaN)]
stock_CUR3K@844b3eaf1ea2,TAL,2022-04-01,4.1000000167697985,290982491.09017503,primary_input_absent [netCashProvidedByOperatingActivities NaN (value=NaN)]
stock_CUR3K@844b3eaf1ea2,TAL,2022-07-01,5.780000024966083,403648434.5635156,primary_input_absent [netCashProvidedByOperatingActivities NaN (value=NaN)]
stock_CUR3K@844b3eaf1ea2,TAL,2022-10-01,5.9700000257879795,416911244.4308875,primary_input_absent [netCashProvidedByOperatingActivities NaN (value=NaN)]
stock_CUR3K@844b3eaf1ea2,TAL,2023-01-01,7.030000032396882,481230771.58769226,primary_input_absent [netCashProvidedByOperatingActivities NaN (value=NaN)]
stock_CUR3K@844b3eaf1ea2,TAL,2023-04-01,5.4300000235648005,378667888.01332104,primary_input_absent [netCashProvidedByOperatingActivities NaN (value=NaN)]
stock_CUR3K@844b3eaf1ea2,TAL,2023-07-01,7.050000036015501,466622222.8337777,primary_input_absent [netCashProvidedByOperatingActivities NaN (value=NaN)]
stock_CUR3K@844b3eaf1ea2,TAL,2023-10-01,12.53000006497184,825139961.2486002,primary_input_absent [netCashProvidedByOperatingActivities NaN (value=NaN)]
stock_CUR3K@844b3eaf1ea2,TAL,2024-01-01,14.63000006200462,1027518728.1248126,primary_input_absent [netCashProvidedByOperatingActivities NaN (value=NaN)]
stock_CUR3K@844b3eaf1ea2,TAL,2024-04-01,11.36000005717776,755658104.4434189,primary_input_absent [netCashProvidedByOperatingActivities NaN (value=NaN)]
stock_CUR3K@844b3eaf1ea2,TAL,2024-07-01,8.040000038474838,543778640.9622134,primary_input_absent [netCashProvidedByOperatingActivities NaN (value=NaN)]
stock_CUR3K@844b3eaf1ea2,TAL,2024-10-01,9.93000004431306,686601204.0339879,primary_input_absent [netCashProvidedByOperatingActivities NaN (value=NaN)]
stock_CUR3K@844b3eaf1ea2,TAL,2025-01-01,12.920000125846144,872659857.9400679,primary_input_absent [netCashProvidedByOperatingActivities NaN (value=NaN)]
stock_CUR3K@844b3eaf1ea2,TAL,2025-04-01,9.830000031480095,1985489868.7184343,primary_input_absent [netCashProvidedByOperatingActivities NaN (value=NaN)]
stock_CUR3K@844b3eaf1ea2,TAL,2025-07-01,10.620000005678154,2016200533.4979942,primary_input_absent [netCashProvidedByOperatingActivities NaN (value=NaN)]
stock_CUR3K@844b3eaf1ea2,TAL,2025-10-01,11.120000029007441,2057857453.1280916,primary_input_absent [netCashProvidedByOperatingActivities NaN (value=NaN)]
stock_CUR3K@844b3eaf1ea2,TAL,2026-01-01,10.530000008765247,1944166190.1283379,primary_input_absent [netCashProvidedByOperatingActivities NaN (value=NaN)]
stock_CUR3K@844b3eaf1ea2,TAL,2026-04-01,10.060000026685822,1855208456.4612486,primary_input_absent [netCashProvidedByOperatingActivities NaN (value=NaN)]
stock_CUR3K@844b3eaf1ea2,TFG.AS,2020-04-01,,,primary_input_absent [revenue impossible: < 0 (value=-1.314e+08)]
stock_CUR3K@844b3eaf1ea2,TFG.AS,2020-07-01,8.6,965688883.0,primary_input_absent [revenue impossible: < 0 (value=-1.314e+08)]
stock_CUR3K@844b3eaf1ea2,TFG.AS,2020-10-01,7.528546437662574,845376000.0,primary_input_absent [revenue impossible: < 0 (value=-1.314e+08)]
stock_CUR3K@844b3eaf1ea2,TFG.AS,2021-01-01,9.79,975940624.9999999,primary_input_absent [revenue impossible: < 0 (value=-1.314e+08)]
stock_CUR3K@844b3eaf1ea2,TFG.AS,2021-04-01,8.615423197492163,858850000.0,primary_input_absent [revenue impossible: < 0 (value=-1.314e+08)]
stock_CUR3K@844b3eaf1ea2,TFG.AS,2021-07-01,9.18,926027643.78,primary_input_absent [revenue impossible: < 0 (value=-1.314e+08)]
stock_CUR3K@844b3eaf1ea2,TFG.AS,2021-10-01,7.624579773013133,769125451.1999999,primary_input_absent [revenue impossible: < 0 (value=-1.314e+08)]
stock_CUR3K@844b3eaf1ea2,TFG.AS,2022-01-01,8.95,798340456.4499999,primary_input_absent [revenue impossible: < 0 (value=-1.314e+08)]
stock_CUR3K@844b3eaf1ea2,TFG.AS,2022-04-01,10.299994110989916,918760000.0000001,primary_input_absent [revenue impossible: < 0 (value=-1.314e+08)]
stock_CUR3K@844b3eaf1ea2,TFG.AS,2022-07-01,9.5,877800532.0,primary_input_absent [revenue impossible: < 0 (value=-1.314e+08)]
stock_CUR3K@844b3eaf1ea2,TFG.AS,2022-10-01,9.55,882420534.8000001,primary_input_absent [revenue impossible: < 0 (value=-1.314e+08)]
stock_CUR3K@844b3eaf1ea2,TFG.AS,2023-01-01,10.45,978499993.3499999,primary_input_absent [revenue impossible: < 0 (value=-1.314e+08)]
stock_CUR3K@844b3eaf1ea2,TFG.AS,2023-04-01,9.9,926999993.7,primary_input_absent [revenue impossible: < 0 (value=-1.314e+08)]
stock_CUR3K@844b3eaf1ea2,TFG.AS,2023-07-01,9.9,896105370.6,primary_input_absent [revenue impossible: < 0 (value=-1.314e+08)]
stock_CUR3K@844b3eaf1ea2,TFG.AS,2023-10-01,10.05,909682724.7,primary_input_absent [revenue impossible: < 0 (value=-1.314e+08)]
stock_CUR3K@844b3eaf1ea2,TFG.AS,2024-01-01,9.8,879277716.8000001,primary_input_absent [revenue impossible: < 0 (value=-1.314e+08)]
stock_CUR3K@844b3eaf1ea2,TFG.AS,2024-04-01,9.734935659636406,873440000.0000001,primary_input_absent [revenue impossible: < 0 (value=-1.314e+08)]
stock_CUR3K@844b3eaf1ea2,TFG.AS,2024-07-01,10.05,888998357.4000001,primary_input_absent [revenue impossible: < 0 (value=-1.314e+08)]
stock_CUR3K@844b3eaf1ea2,TFG.AS,2024-10-01,14.0,1148000000.0,primary_input_absent [revenue impossible: < 0 (value=-1.314e+08)]
stock_CUR3K@844b3eaf1ea2,TFG.AS,2025-01-01,14.8,1393635902.4,primary_input_absent [revenue impossible: < 0 (value=-1.314e+08)]
stock_CUR3K@844b3eaf1ea2,TFG.AS,2025-04-01,17.431852795847753,1511341637.4,primary_input_absent [revenue impossible: < 0 (value=-1.314e+08)]
stock_CUR3K@844b3eaf1ea2,TFG.AS,2025-07-01,19.15,1878756020.6,primary_input_absent [revenue impossible: < 0 (value=-1.314e+08)]
stock_CUR3K@844b3eaf1ea2,TFG.AS,2025-10-01,17.35,1452195000.0,primary_input_absent [revenue impossible: < 0 (value=-1.314e+08)]
stock_CUR3K@844b3eaf1ea2,TFG.AS,2026-04-01,13.050010776583711,1153620952.65,primary_input_absent [revenue impossible: < 0 (value=-1.314e+08)]
stock_CUR3K@844b3eaf1ea2,TFGS.L,2020-04-01,,,primary_input_absent [revenue impossible: < 0 (value=-1.32237e+08)]
stock_CUR3K@844b3eaf1ea2,TFGS.L,2020-07-01,8.6,965688883.0,primary_input_absent [revenue impossible: < 0 (value=-1.32237e+08)]
stock_CUR3K@844b3eaf1ea2,TFGS.L,2020-10-01,9.52,845376000.0,primary_input_absent [revenue impossible: < 0 (value=-1.32237e+08)]
stock_CUR3K@844b3eaf1ea2,TFGS.L,2021-01-01,9.79,975940624.9999999,primary_input_absent [revenue impossible: < 0 (value=-1.32237e+08)]
stock_CUR3K@844b3eaf1ea2,TFGS.L,2021-04-01,9.65,858850000.0,primary_input_absent [revenue impossible: < 0 (value=-1.32237e+08)]
stock_CUR3K@844b3eaf1ea2,TFGS.L,2021-07-01,9.18,926027643.78,primary_input_absent [revenue impossible: < 0 (value=-1.32237e+08)]
stock_CUR3K@844b3eaf1ea2,TFGS.L,2021-10-01,8.6,769125451.1999999,primary_input_absent [revenue impossible: < 0 (value=-1.32237e+08)]
stock_CUR3K@844b3eaf1ea2,TFGS.L,2022-01-01,8.95,798340456.4499999,primary_input_absent [revenue impossible: < 0 (value=-1.32237e+08)]
stock_CUR3K@844b3eaf1ea2,TFGS.L,2022-04-01,10.3,918760000.0000001,primary_input_absent [revenue impossible: < 0 (value=-1.32237e+08)]
stock_CUR3K@844b3eaf1ea2,TFGS.L,2022-07-01,9.5,877800532.0,primary_input_absent [revenue impossible: < 0 (value=-1.32237e+08)]
stock_CUR3K@844b3eaf1ea2,TFGS.L,2022-10-01,9.55,882420534.8000001,primary_input_absent [revenue impossible: < 0 (value=-1.32237e+08)]
stock_CUR3K@844b3eaf1ea2,TFGS.L,2023-01-01,10.45,978499993.3499999,primary_input_absent [revenue impossible: < 0 (value=-1.32237e+08)]
stock_CUR3K@844b3eaf1ea2,TFGS.L,2023-04-01,9.9,926999993.7,primary_input_absent [revenue impossible: < 0 (value=-1.32237e+08)]
stock_CUR3K@844b3eaf1ea2,TFGS.L,2023-07-01,9.9,896105370.6,primary_input_absent [revenue impossible: < 0 (value=-1.32237e+08)]
stock_CUR3K@844b3eaf1ea2,TFGS.L,2023-10-01,10.05,909682724.7,primary_input_absent [revenue impossible: < 0 (value=-1.32237e+08)]
stock_CUR3K@844b3eaf1ea2,TFGS.L,2024-01-01,9.8,879277716.8000001,primary_input_absent [revenue impossible: < 0 (value=-1.32237e+08)]
stock_CUR3K@844b3eaf1ea2,TFGS.L,2024-04-01,9.734935659636406,873440000.0000001,primary_input_absent [revenue impossible: < 0 (value=-1.32237e+08)]
stock_CUR3K@844b3eaf1ea2,TFGS.L,2024-07-01,10.05,888998357.4000001,primary_input_absent [revenue impossible: < 0 (value=-1.32237e+08)]
stock_CUR3K@844b3eaf1ea2,TFGS.L,2024-10-01,12.977976735235753,1148000000.0,primary_input_absent [revenue impossible: < 0 (value=-1.32237e+08)]
stock_CUR3K@844b3eaf1ea2,TFGS.L,2025-01-01,14.8,1393635902.4,primary_input_absent [revenue impossible: < 0 (value=-1.32237e+08)]
stock_CUR3K@844b3eaf1ea2,TFGS.L,2025-04-01,16.05,1511341637.4,primary_input_absent [revenue impossible: < 0 (value=-1.32237e+08)]
stock_CUR3K@844b3eaf1ea2,TFGS.L,2025-07-01,19.15,1878756020.6,primary_input_absent [revenue impossible: < 0 (value=-1.32237e+08)]
stock_CUR3K@844b3eaf1ea2,TFGS.L,2025-10-01,23.373920322599197,1452195000.0,primary_input_absent [revenue impossible: < 0 (value=-1.32237e+08)]
stock_CUR3K@844b3eaf1ea2,TFGS.L,2026-04-01,17.30039929589134,1153620952.65,primary_input_absent [revenue impossible: < 0 (value=-1.32237e+08)]
