run_id,source,date,price,marketCap,removal_reason
stock_CUR3K@844b3eaf1ea2,058820.KQ,2020-01-01,3680.0,104114011680.0,"vendor_contamination [058820.KQ 2020-03-31..2022-09-30: another issuer's statements served under this ticker (Chipotle Mexican Grill / CMG), labelled KRW]"
stock_CUR3K@844b3eaf1ea2,058820.KQ,2020-04-01,3975.0,112053878625.0,"vendor_contamination [058820.KQ 2020-03-31..2022-09-30: another issuer's statements served under this ticker (Chipotle Mexican Grill / CMG), labelled KRW]"
stock_CUR3K@844b3eaf1ea2,058820.KQ,2020-07-01,4435.0,126199339765.0,"vendor_contamination [058820.KQ 2020-03-31..2022-09-30: another issuer's statements served under this ticker (Chipotle Mexican Grill / CMG), labelled KRW]"
stock_CUR3K@844b3eaf1ea2,058820.KQ,2020-10-01,5780.0,165048177440.0,"vendor_contamination [058820.KQ 2020-03-31..2022-09-30: another issuer's statements served under this ticker (Chipotle Mexican Grill / CMG), labelled KRW]"
stock_CUR3K@844b3eaf1ea2,058820.KQ,2021-01-01,4385.0,125244466470.0,"vendor_contamination [058820.KQ 2020-03-31..2022-09-30: another issuer's statements served under this ticker (Chipotle Mexican Grill / CMG), labelled KRW]"
stock_CUR3K@844b3eaf1ea2,058820.KQ,2021-04-01,5270.0,150094390430.0,"vendor_contamination [058820.KQ 2020-03-31..2022-09-30: another issuer's statements served under this ticker (Chipotle Mexican Grill / CMG), labelled KRW]"
stock_CUR3K@844b3eaf1ea2,058820.KQ,2021-07-01,4055.0,115456802555.0,"vendor_contamination [058820.KQ 2020-03-31..2022-09-30: another issuer's statements served under this ticker (Chipotle Mexican Grill / CMG), labelled KRW]"
stock_CUR3K@844b3eaf1ea2,058820.KQ,2021-10-01,3835.0,109410061085.0,"vendor_contamination [058820.KQ 2020-03-31..2022-09-30: another issuer's statements served under this ticker (Chipotle Mexican Grill / CMG), labelled KRW]"
stock_CUR3K@844b3eaf1ea2,058820.KQ,2022-01-01,3485.0,98685971720.0,"vendor_contamination [058820.KQ 2020-03-31..2022-09-30: another issuer's statements served under this ticker (Chipotle Mexican Grill / CMG), labelled KRW]"
stock_CUR3K@844b3eaf1ea2,058820.KQ,2022-04-01,2500.0,70254592500.0,"vendor_contamination [058820.KQ 2020-03-31..2022-09-30: another issuer's statements served under this ticker (Chipotle Mexican Grill / CMG), labelled KRW]"
stock_CUR3K@844b3eaf1ea2,058820.KQ,2022-07-01,2245.0,62753501690.0,"vendor_contamination [058820.KQ 2020-03-31..2022-09-30: another issuer's statements served under this ticker (Chipotle Mexican Grill / CMG), labelled KRW]"
stock_CUR3K@844b3eaf1ea2,BMA,2006-04-01,62.000000634575926,4240312165.4,"currency_excluded [ARS: reports in ARS -- IAS 29 hyperinflation regime, no admitted ARS->USD rate, and this vendor is demonstrably wrong on ARS in this panel | CURRENCY-SCOPED RULE (CEO 2026-08-08): every ARS reporter is removed, whether or not its own series looks damaged. Grounds, measured on the 2026-08-07 CUR3K panel: (1) VENDOR DEFECT, on BMA -- totalAssets 2.325e16 between 2.056e13 and 2.420e13 (961x break) and revenue 1.201e9 between 1.443e12 and 1.907e12 (1,588x break), with marketCap continuous through both, so no market-cap sanity check can see it; BMA's nominal revenue also rises 45.6x over the window. (2) NO USD VALUATION IS POSSIBLE -- ARS is refused by fx_rates.ABSTAIN_CURRENCIES and absent from carveOut.FX_TO_USD, so an ARS name has no marketCap_usd, sits in no band, and scores NEUTRAL on the size tilt while competing for the same slots. (3) NO PER-NAME CLEARANCE EXISTS -- separating a correctly IAS 29-restated series from a mishandled one needs a restatement-vintage audit this codebase does not perform. EXPLICITLY NOT CLAIMED OF EVERY ARS NAME: CRESY shows NO defect (worst adjacent ratio 5.0x vs BMA's 1,588x; 7.5x nominal rise vs BMA's 45.6x, i.e. BELOW Argentine inflation, which is what correct restatement looks like). CRESY is removed by this rule alone. Panel effect: 2 sources, 48 rows.] [ARS on 80/80 rows]"
stock_CUR3K@844b3eaf1ea2,BMA,2006-07-01,66.20000009677044,4528696924.42,"currency_excluded [ARS: reports in ARS -- IAS 29 hyperinflation regime, no admitted ARS->USD rate, and this vendor is demonstrably wrong on ARS in this panel | CURRENCY-SCOPED RULE (CEO 2026-08-08): every ARS reporter is removed, whether or not its own series looks damaged. Grounds, measured on the 2026-08-07 CUR3K panel: (1) VENDOR DEFECT, on BMA -- totalAssets 2.325e16 between 2.056e13 and 2.420e13 (961x break) and revenue 1.201e9 between 1.443e12 and 1.907e12 (1,588x break), with marketCap continuous through both, so no market-cap sanity check can see it; BMA's nominal revenue also rises 45.6x over the window. (2) NO USD VALUATION IS POSSIBLE -- ARS is refused by fx_rates.ABSTAIN_CURRENCIES and absent from carveOut.FX_TO_USD, so an ARS name has no marketCap_usd, sits in no band, and scores NEUTRAL on the size tilt while competing for the same slots. (3) NO PER-NAME CLEARANCE EXISTS -- separating a correctly IAS 29-restated series from a mishandled one needs a restatement-vintage audit this codebase does not perform. EXPLICITLY NOT CLAIMED OF EVERY ARS NAME: CRESY shows NO defect (worst adjacent ratio 5.0x vs BMA's 1,588x; 7.5x nominal rise vs BMA's 45.6x, i.e. BELOW Argentine inflation, which is what correct restatement looks like). CRESY is removed by this rule alone. Panel effect: 2 sources, 48 rows.] [ARS on 80/80 rows]"
stock_CUR3K@844b3eaf1ea2,BMA,2006-10-01,93.50000097189135,6296562898.45,"currency_excluded [ARS: reports in ARS -- IAS 29 hyperinflation regime, no admitted ARS->USD rate, and this vendor is demonstrably wrong on ARS in this panel | CURRENCY-SCOPED RULE (CEO 2026-08-08): every ARS reporter is removed, whether or not its own series looks damaged. Grounds, measured on the 2026-08-07 CUR3K panel: (1) VENDOR DEFECT, on BMA -- totalAssets 2.325e16 between 2.056e13 and 2.420e13 (961x break) and revenue 1.201e9 between 1.443e12 and 1.907e12 (1,588x break), with marketCap continuous through both, so no market-cap sanity check can see it; BMA's nominal revenue also rises 45.6x over the window. (2) NO USD VALUATION IS POSSIBLE -- ARS is refused by fx_rates.ABSTAIN_CURRENCIES and absent from carveOut.FX_TO_USD, so an ARS name has no marketCap_usd, sits in no band, and scores NEUTRAL on the size tilt while competing for the same slots. (3) NO PER-NAME CLEARANCE EXISTS -- separating a correctly IAS 29-restated series from a mishandled one needs a restatement-vintage audit this codebase does not perform. EXPLICITLY NOT CLAIMED OF EVERY ARS NAME: CRESY shows NO defect (worst adjacent ratio 5.0x vs BMA's 1,588x; 7.5x nominal rise vs BMA's 45.6x, i.e. BELOW Argentine inflation, which is what correct restatement looks like). CRESY is removed by this rule alone. Panel effect: 2 sources, 48 rows.] [ARS on 80/80 rows]"
stock_CUR3K@844b3eaf1ea2,BMA,2007-01-01,104.80000091877791,7172379805.280001,"currency_excluded [ARS: reports in ARS -- IAS 29 hyperinflation regime, no admitted ARS->USD rate, and this vendor is demonstrably wrong on ARS in this panel | CURRENCY-SCOPED RULE (CEO 2026-08-08): every ARS reporter is removed, whether or not its own series looks damaged. Grounds, measured on the 2026-08-07 CUR3K panel: (1) VENDOR DEFECT, on BMA -- totalAssets 2.325e16 between 2.056e13 and 2.420e13 (961x break) and revenue 1.201e9 between 1.443e12 and 1.907e12 (1,588x break), with marketCap continuous through both, so no market-cap sanity check can see it; BMA's nominal revenue also rises 45.6x over the window. (2) NO USD VALUATION IS POSSIBLE -- ARS is refused by fx_rates.ABSTAIN_CURRENCIES and absent from carveOut.FX_TO_USD, so an ARS name has no marketCap_usd, sits in no band, and scores NEUTRAL on the size tilt while competing for the same slots. (3) NO PER-NAME CLEARANCE EXISTS -- separating a correctly IAS 29-restated series from a mishandled one needs a restatement-vintage audit this codebase does not perform. EXPLICITLY NOT CLAIMED OF EVERY ARS NAME: CRESY shows NO defect (worst adjacent ratio 5.0x vs BMA's 1,588x; 7.5x nominal rise vs BMA's 45.6x, i.e. BELOW Argentine inflation, which is what correct restatement looks like). CRESY is removed by this rule alone. Panel effect: 2 sources, 48 rows.] [ARS on 80/80 rows]"
stock_CUR3K@844b3eaf1ea2,BMA,2007-04-01,100.40000029359621,6866682320.079999,"currency_excluded [ARS: reports in ARS -- IAS 29 hyperinflation regime, no admitted ARS->USD rate, and this vendor is demonstrably wrong on ARS in this panel | CURRENCY-SCOPED RULE (CEO 2026-08-08): every ARS reporter is removed, whether or not its own series looks damaged. Grounds, measured on the 2026-08-07 CUR3K panel: (1) VENDOR DEFECT, on BMA -- totalAssets 2.325e16 between 2.056e13 and 2.420e13 (961x break) and revenue 1.201e9 between 1.443e12 and 1.907e12 (1,588x break), with marketCap continuous through both, so no market-cap sanity check can see it; BMA's nominal revenue also rises 45.6x over the window. (2) NO USD VALUATION IS POSSIBLE -- ARS is refused by fx_rates.ABSTAIN_CURRENCIES and absent from carveOut.FX_TO_USD, so an ARS name has no marketCap_usd, sits in no band, and scores NEUTRAL on the size tilt while competing for the same slots. (3) NO PER-NAME CLEARANCE EXISTS -- separating a correctly IAS 29-restated series from a mishandled one needs a restatement-vintage audit this codebase does not perform. EXPLICITLY NOT CLAIMED OF EVERY ARS NAME: CRESY shows NO defect (worst adjacent ratio 5.0x vs BMA's 1,588x; 7.5x nominal rise vs BMA's 45.6x, i.e. BELOW Argentine inflation, which is what correct restatement looks like). CRESY is removed by this rule alone. Panel effect: 2 sources, 48 rows.] [ARS on 80/80 rows]"
stock_CUR3K@844b3eaf1ea2,BMA,2007-07-01,95.60000000000001,6539255195.6,"currency_excluded [ARS: reports in ARS -- IAS 29 hyperinflation regime, no admitted ARS->USD rate, and this vendor is demonstrably wrong on ARS in this panel | CURRENCY-SCOPED RULE (CEO 2026-08-08): every ARS reporter is removed, whether or not its own series looks damaged. Grounds, measured on the 2026-08-07 CUR3K panel: (1) VENDOR DEFECT, on BMA -- totalAssets 2.325e16 between 2.056e13 and 2.420e13 (961x break) and revenue 1.201e9 between 1.443e12 and 1.907e12 (1,588x break), with marketCap continuous through both, so no market-cap sanity check can see it; BMA's nominal revenue also rises 45.6x over the window. (2) NO USD VALUATION IS POSSIBLE -- ARS is refused by fx_rates.ABSTAIN_CURRENCIES and absent from carveOut.FX_TO_USD, so an ARS name has no marketCap_usd, sits in no band, and scores NEUTRAL on the size tilt while competing for the same slots. (3) NO PER-NAME CLEARANCE EXISTS -- separating a correctly IAS 29-restated series from a mishandled one needs a restatement-vintage audit this codebase does not perform. EXPLICITLY NOT CLAIMED OF EVERY ARS NAME: CRESY shows NO defect (worst adjacent ratio 5.0x vs BMA's 1,588x; 7.5x nominal rise vs BMA's 45.6x, i.e. BELOW Argentine inflation, which is what correct restatement looks like). CRESY is removed by this rule alone. Panel effect: 2 sources, 48 rows.] [ARS on 80/80 rows]"
stock_CUR3K@844b3eaf1ea2,BMA,2007-10-01,75.7000007747467,5177618736.59,"currency_excluded [ARS: reports in ARS -- IAS 29 hyperinflation regime, no admitted ARS->USD rate, and this vendor is demonstrably wrong on ARS in this panel | CURRENCY-SCOPED RULE (CEO 2026-08-08): every ARS reporter is removed, whether or not its own series looks damaged. Grounds, measured on the 2026-08-07 CUR3K panel: (1) VENDOR DEFECT, on BMA -- totalAssets 2.325e16 between 2.056e13 and 2.420e13 (961x break) and revenue 1.201e9 between 1.443e12 and 1.907e12 (1,588x break), with marketCap continuous through both, so no market-cap sanity check can see it; BMA's nominal revenue also rises 45.6x over the window. (2) NO USD VALUATION IS POSSIBLE -- ARS is refused by fx_rates.ABSTAIN_CURRENCIES and absent from carveOut.FX_TO_USD, so an ARS name has no marketCap_usd, sits in no band, and scores NEUTRAL on the size tilt while competing for the same slots. (3) NO PER-NAME CLEARANCE EXISTS -- separating a correctly IAS 29-restated series from a mishandled one needs a restatement-vintage audit this codebase does not perform. EXPLICITLY NOT CLAIMED OF EVERY ARS NAME: CRESY shows NO defect (worst adjacent ratio 5.0x vs BMA's 1,588x; 7.5x nominal rise vs BMA's 45.6x, i.e. BELOW Argentine inflation, which is what correct restatement looks like). CRESY is removed by this rule alone. Panel effect: 2 sources, 48 rows.] [ARS on 80/80 rows]"
stock_CUR3K@844b3eaf1ea2,BMA,2008-01-01,81.30000035658992,5560749050.490001,"currency_excluded [ARS: reports in ARS -- IAS 29 hyperinflation regime, no admitted ARS->USD rate, and this vendor is demonstrably wrong on ARS in this panel | CURRENCY-SCOPED RULE (CEO 2026-08-08): every ARS reporter is removed, whether or not its own series looks damaged. Grounds, measured on the 2026-08-07 CUR3K panel: (1) VENDOR DEFECT, on BMA -- totalAssets 2.325e16 between 2.056e13 and 2.420e13 (961x break) and revenue 1.201e9 between 1.443e12 and 1.907e12 (1,588x break), with marketCap continuous through both, so no market-cap sanity check can see it; BMA's nominal revenue also rises 45.6x over the window. (2) NO USD VALUATION IS POSSIBLE -- ARS is refused by fx_rates.ABSTAIN_CURRENCIES and absent from carveOut.FX_TO_USD, so an ARS name has no marketCap_usd, sits in no band, and scores NEUTRAL on the size tilt while competing for the same slots. (3) NO PER-NAME CLEARANCE EXISTS -- separating a correctly IAS 29-restated series from a mishandled one needs a restatement-vintage audit this codebase does not perform. EXPLICITLY NOT CLAIMED OF EVERY ARS NAME: CRESY shows NO defect (worst adjacent ratio 5.0x vs BMA's 1,588x; 7.5x nominal rise vs BMA's 45.6x, i.e. BELOW Argentine inflation, which is what correct restatement looks like). CRESY is removed by this rule alone. Panel effect: 2 sources, 48 rows.] [ARS on 80/80 rows]"
stock_CUR3K@844b3eaf1ea2,BMA,2008-04-01,54.20000063390431,3707360855.56,"currency_excluded [ARS: reports in ARS -- IAS 29 hyperinflation regime, no admitted ARS->USD rate, and this vendor is demonstrably wrong on ARS in this panel | CURRENCY-SCOPED RULE (CEO 2026-08-08): every ARS reporter is removed, whether or not its own series looks damaged. Grounds, measured on the 2026-08-07 CUR3K panel: (1) VENDOR DEFECT, on BMA -- totalAssets 2.325e16 between 2.056e13 and 2.420e13 (961x break) and revenue 1.201e9 between 1.443e12 and 1.907e12 (1,588x break), with marketCap continuous through both, so no market-cap sanity check can see it; BMA's nominal revenue also rises 45.6x over the window. (2) NO USD VALUATION IS POSSIBLE -- ARS is refused by fx_rates.ABSTAIN_CURRENCIES and absent from carveOut.FX_TO_USD, so an ARS name has no marketCap_usd, sits in no band, and scores NEUTRAL on the size tilt while competing for the same slots. (3) NO PER-NAME CLEARANCE EXISTS -- separating a correctly IAS 29-restated series from a mishandled one needs a restatement-vintage audit this codebase does not perform. EXPLICITLY NOT CLAIMED OF EVERY ARS NAME: CRESY shows NO defect (worst adjacent ratio 5.0x vs BMA's 1,588x; 7.5x nominal rise vs BMA's 45.6x, i.e. BELOW Argentine inflation, which is what correct restatement looks like). CRESY is removed by this rule alone. Panel effect: 2 sources, 48 rows.] [ARS on 80/80 rows]"
stock_CUR3K@844b3eaf1ea2,BMA,2008-07-01,60.40000044152827,4131287006.6,"currency_excluded [ARS: reports in ARS -- IAS 29 hyperinflation regime, no admitted ARS->USD rate, and this vendor is demonstrably wrong on ARS in this panel | CURRENCY-SCOPED RULE (CEO 2026-08-08): every ARS reporter is removed, whether or not its own series looks damaged. Grounds, measured on the 2026-08-07 CUR3K panel: (1) VENDOR DEFECT, on BMA -- totalAssets 2.325e16 between 2.056e13 and 2.420e13 (961x break) and revenue 1.201e9 between 1.443e12 and 1.907e12 (1,588x break), with marketCap continuous through both, so no market-cap sanity check can see it; BMA's nominal revenue also rises 45.6x over the window. (2) NO USD VALUATION IS POSSIBLE -- ARS is refused by fx_rates.ABSTAIN_CURRENCIES and absent from carveOut.FX_TO_USD, so an ARS name has no marketCap_usd, sits in no band, and scores NEUTRAL on the size tilt while competing for the same slots. (3) NO PER-NAME CLEARANCE EXISTS -- separating a correctly IAS 29-restated series from a mishandled one needs a restatement-vintage audit this codebase does not perform. EXPLICITLY NOT CLAIMED OF EVERY ARS NAME: CRESY shows NO defect (worst adjacent ratio 5.0x vs BMA's 1,588x; 7.5x nominal rise vs BMA's 45.6x, i.e. BELOW Argentine inflation, which is what correct restatement looks like). CRESY is removed by this rule alone. Panel effect: 2 sources, 48 rows.] [ARS on 80/80 rows]"
stock_CUR3K@844b3eaf1ea2,BMA,2008-10-01,40.00000046785599,2735884632.0,"currency_excluded [ARS: reports in ARS -- IAS 29 hyperinflation regime, no admitted ARS->USD rate, and this vendor is demonstrably wrong on ARS in this panel | CURRENCY-SCOPED RULE (CEO 2026-08-08): every ARS reporter is removed, whether or not its own series looks damaged. Grounds, measured on the 2026-08-07 CUR3K panel: (1) VENDOR DEFECT, on BMA -- totalAssets 2.325e16 between 2.056e13 and 2.420e13 (961x break) and revenue 1.201e9 between 1.443e12 and 1.907e12 (1,588x break), with marketCap continuous through both, so no market-cap sanity check can see it; BMA's nominal revenue also rises 45.6x over the window. (2) NO USD VALUATION IS POSSIBLE -- ARS is refused by fx_rates.ABSTAIN_CURRENCIES and absent from carveOut.FX_TO_USD, so an ARS name has no marketCap_usd, sits in no band, and scores NEUTRAL on the size tilt while competing for the same slots. (3) NO PER-NAME CLEARANCE EXISTS -- separating a correctly IAS 29-restated series from a mishandled one needs a restatement-vintage audit this codebase does not perform. EXPLICITLY NOT CLAIMED OF EVERY ARS NAME: CRESY shows NO defect (worst adjacent ratio 5.0x vs BMA's 1,588x; 7.5x nominal rise vs BMA's 45.6x, i.e. BELOW Argentine inflation, which is what correct restatement looks like). CRESY is removed by this rule alone. Panel effect: 2 sources, 48 rows.] [ARS on 80/80 rows]"
stock_CUR3K@844b3eaf1ea2,BMA,2009-01-01,38.4,2282519040.0,"currency_excluded [ARS: reports in ARS -- IAS 29 hyperinflation regime, no admitted ARS->USD rate, and this vendor is demonstrably wrong on ARS in this panel | CURRENCY-SCOPED RULE (CEO 2026-08-08): every ARS reporter is removed, whether or not its own series looks damaged. Grounds, measured on the 2026-08-07 CUR3K panel: (1) VENDOR DEFECT, on BMA -- totalAssets 2.325e16 between 2.056e13 and 2.420e13 (961x break) and revenue 1.201e9 between 1.443e12 and 1.907e12 (1,588x break), with marketCap continuous through both, so no market-cap sanity check can see it; BMA's nominal revenue also rises 45.6x over the window. (2) NO USD VALUATION IS POSSIBLE -- ARS is refused by fx_rates.ABSTAIN_CURRENCIES and absent from carveOut.FX_TO_USD, so an ARS name has no marketCap_usd, sits in no band, and scores NEUTRAL on the size tilt while competing for the same slots. (3) NO PER-NAME CLEARANCE EXISTS -- separating a correctly IAS 29-restated series from a mishandled one needs a restatement-vintage audit this codebase does not perform. EXPLICITLY NOT CLAIMED OF EVERY ARS NAME: CRESY shows NO defect (worst adjacent ratio 5.0x vs BMA's 1,588x; 7.5x nominal rise vs BMA's 45.6x, i.e. BELOW Argentine inflation, which is what correct restatement looks like). CRESY is removed by this rule alone. Panel effect: 2 sources, 48 rows.] [ARS on 80/80 rows]"
stock_CUR3K@844b3eaf1ea2,BMA,2009-04-01,61.90000041386332,3703261365.1600003,"currency_excluded [ARS: reports in ARS -- IAS 29 hyperinflation regime, no admitted ARS->USD rate, and this vendor is demonstrably wrong on ARS in this panel | CURRENCY-SCOPED RULE (CEO 2026-08-08): every ARS reporter is removed, whether or not its own series looks damaged. Grounds, measured on the 2026-08-07 CUR3K panel: (1) VENDOR DEFECT, on BMA -- totalAssets 2.325e16 between 2.056e13 and 2.420e13 (961x break) and revenue 1.201e9 between 1.443e12 and 1.907e12 (1,588x break), with marketCap continuous through both, so no market-cap sanity check can see it; BMA's nominal revenue also rises 45.6x over the window. (2) NO USD VALUATION IS POSSIBLE -- ARS is refused by fx_rates.ABSTAIN_CURRENCIES and absent from carveOut.FX_TO_USD, so an ARS name has no marketCap_usd, sits in no band, and scores NEUTRAL on the size tilt while competing for the same slots. (3) NO PER-NAME CLEARANCE EXISTS -- separating a correctly IAS 29-restated series from a mishandled one needs a restatement-vintage audit this codebase does not perform. EXPLICITLY NOT CLAIMED OF EVERY ARS NAME: CRESY shows NO defect (worst adjacent ratio 5.0x vs BMA's 1,588x; 7.5x nominal rise vs BMA's 45.6x, i.e. BELOW Argentine inflation, which is what correct restatement looks like). CRESY is removed by this rule alone. Panel effect: 2 sources, 48 rows.] [ARS on 80/80 rows]"
stock_CUR3K@844b3eaf1ea2,BMA,2009-07-01,91.60000061243747,5480108902.24,"currency_excluded [ARS: reports in ARS -- IAS 29 hyperinflation regime, no admitted ARS->USD rate, and this vendor is demonstrably wrong on ARS in this panel | CURRENCY-SCOPED RULE (CEO 2026-08-08): every ARS reporter is removed, whether or not its own series looks damaged. Grounds, measured on the 2026-08-07 CUR3K panel: (1) VENDOR DEFECT, on BMA -- totalAssets 2.325e16 between 2.056e13 and 2.420e13 (961x break) and revenue 1.201e9 between 1.443e12 and 1.907e12 (1,588x break), with marketCap continuous through both, so no market-cap sanity check can see it; BMA's nominal revenue also rises 45.6x over the window. (2) NO USD VALUATION IS POSSIBLE -- ARS is refused by fx_rates.ABSTAIN_CURRENCIES and absent from carveOut.FX_TO_USD, so an ARS name has no marketCap_usd, sits in no band, and scores NEUTRAL on the size tilt while competing for the same slots. (3) NO PER-NAME CLEARANCE EXISTS -- separating a correctly IAS 29-restated series from a mishandled one needs a restatement-vintage audit this codebase does not perform. EXPLICITLY NOT CLAIMED OF EVERY ARS NAME: CRESY shows NO defect (worst adjacent ratio 5.0x vs BMA's 1,588x; 7.5x nominal rise vs BMA's 45.6x, i.e. BELOW Argentine inflation, which is what correct restatement looks like). CRESY is removed by this rule alone. Panel effect: 2 sources, 48 rows.] [ARS on 80/80 rows]"
stock_CUR3K@844b3eaf1ea2,BMA,2009-10-01,107.50000071874484,6431350513.0,"currency_excluded [ARS: reports in ARS -- IAS 29 hyperinflation regime, no admitted ARS->USD rate, and this vendor is demonstrably wrong on ARS in this panel | CURRENCY-SCOPED RULE (CEO 2026-08-08): every ARS reporter is removed, whether or not its own series looks damaged. Grounds, measured on the 2026-08-07 CUR3K panel: (1) VENDOR DEFECT, on BMA -- totalAssets 2.325e16 between 2.056e13 and 2.420e13 (961x break) and revenue 1.201e9 between 1.443e12 and 1.907e12 (1,588x break), with marketCap continuous through both, so no market-cap sanity check can see it; BMA's nominal revenue also rises 45.6x over the window. (2) NO USD VALUATION IS POSSIBLE -- ARS is refused by fx_rates.ABSTAIN_CURRENCIES and absent from carveOut.FX_TO_USD, so an ARS name has no marketCap_usd, sits in no band, and scores NEUTRAL on the size tilt while competing for the same slots. (3) NO PER-NAME CLEARANCE EXISTS -- separating a correctly IAS 29-restated series from a mishandled one needs a restatement-vintage audit this codebase does not perform. EXPLICITLY NOT CLAIMED OF EVERY ARS NAME: CRESY shows NO defect (worst adjacent ratio 5.0x vs BMA's 1,588x; 7.5x nominal rise vs BMA's 45.6x, i.e. BELOW Argentine inflation, which is what correct restatement looks like). CRESY is removed by this rule alone. Panel effect: 2 sources, 48 rows.] [ARS on 80/80 rows]"
stock_CUR3K@844b3eaf1ea2,BMA,2010-01-01,112.8000013113571,6791962408.559999,"currency_excluded [ARS: reports in ARS -- IAS 29 hyperinflation regime, no admitted ARS->USD rate, and this vendor is demonstrably wrong on ARS in this panel | CURRENCY-SCOPED RULE (CEO 2026-08-08): every ARS reporter is removed, whether or not its own series looks damaged. Grounds, measured on the 2026-08-07 CUR3K panel: (1) VENDOR DEFECT, on BMA -- totalAssets 2.325e16 between 2.056e13 and 2.420e13 (961x break) and revenue 1.201e9 between 1.443e12 and 1.907e12 (1,588x break), with marketCap continuous through both, so no market-cap sanity check can see it; BMA's nominal revenue also rises 45.6x over the window. (2) NO USD VALUATION IS POSSIBLE -- ARS is refused by fx_rates.ABSTAIN_CURRENCIES and absent from carveOut.FX_TO_USD, so an ARS name has no marketCap_usd, sits in no band, and scores NEUTRAL on the size tilt while competing for the same slots. (3) NO PER-NAME CLEARANCE EXISTS -- separating a correctly IAS 29-restated series from a mishandled one needs a restatement-vintage audit this codebase does not perform. EXPLICITLY NOT CLAIMED OF EVERY ARS NAME: CRESY shows NO defect (worst adjacent ratio 5.0x vs BMA's 1,588x; 7.5x nominal rise vs BMA's 45.6x, i.e. BELOW Argentine inflation, which is what correct restatement looks like). CRESY is removed by this rule alone. Panel effect: 2 sources, 48 rows.] [ARS on 80/80 rows]"
stock_CUR3K@844b3eaf1ea2,BMA,2010-04-01,115.8,6972595920.0,"currency_excluded [ARS: reports in ARS -- IAS 29 hyperinflation regime, no admitted ARS->USD rate, and this vendor is demonstrably wrong on ARS in this panel | CURRENCY-SCOPED RULE (CEO 2026-08-08): every ARS reporter is removed, whether or not its own series looks damaged. Grounds, measured on the 2026-08-07 CUR3K panel: (1) VENDOR DEFECT, on BMA -- totalAssets 2.325e16 between 2.056e13 and 2.420e13 (961x break) and revenue 1.201e9 between 1.443e12 and 1.907e12 (1,588x break), with marketCap continuous through both, so no market-cap sanity check can see it; BMA's nominal revenue also rises 45.6x over the window. (2) NO USD VALUATION IS POSSIBLE -- ARS is refused by fx_rates.ABSTAIN_CURRENCIES and absent from carveOut.FX_TO_USD, so an ARS name has no marketCap_usd, sits in no band, and scores NEUTRAL on the size tilt while competing for the same slots. (3) NO PER-NAME CLEARANCE EXISTS -- separating a correctly IAS 29-restated series from a mishandled one needs a restatement-vintage audit this codebase does not perform. EXPLICITLY NOT CLAIMED OF EVERY ARS NAME: CRESY shows NO defect (worst adjacent ratio 5.0x vs BMA's 1,588x; 7.5x nominal rise vs BMA's 45.6x, i.e. BELOW Argentine inflation, which is what correct restatement looks like). CRESY is removed by this rule alone. Panel effect: 2 sources, 48 rows.] [ARS on 80/80 rows]"
stock_CUR3K@844b3eaf1ea2,BMA,2010-07-01,179.70000208910344,10820174156.189999,"currency_excluded [ARS: reports in ARS -- IAS 29 hyperinflation regime, no admitted ARS->USD rate, and this vendor is demonstrably wrong on ARS in this panel | CURRENCY-SCOPED RULE (CEO 2026-08-08): every ARS reporter is removed, whether or not its own series looks damaged. Grounds, measured on the 2026-08-07 CUR3K panel: (1) VENDOR DEFECT, on BMA -- totalAssets 2.325e16 between 2.056e13 and 2.420e13 (961x break) and revenue 1.201e9 between 1.443e12 and 1.907e12 (1,588x break), with marketCap continuous through both, so no market-cap sanity check can see it; BMA's nominal revenue also rises 45.6x over the window. (2) NO USD VALUATION IS POSSIBLE -- ARS is refused by fx_rates.ABSTAIN_CURRENCIES and absent from carveOut.FX_TO_USD, so an ARS name has no marketCap_usd, sits in no band, and scores NEUTRAL on the size tilt while competing for the same slots. (3) NO PER-NAME CLEARANCE EXISTS -- separating a correctly IAS 29-restated series from a mishandled one needs a restatement-vintage audit this codebase does not perform. EXPLICITLY NOT CLAIMED OF EVERY ARS NAME: CRESY shows NO defect (worst adjacent ratio 5.0x vs BMA's 1,588x; 7.5x nominal rise vs BMA's 45.6x, i.e. BELOW Argentine inflation, which is what correct restatement looks like). CRESY is removed by this rule alone. Panel effect: 2 sources, 48 rows.] [ARS on 80/80 rows]"
stock_CUR3K@844b3eaf1ea2,BMA,2010-10-01,194.70000226348603,11723360646.689999,"currency_excluded [ARS: reports in ARS -- IAS 29 hyperinflation regime, no admitted ARS->USD rate, and this vendor is demonstrably wrong on ARS in this panel | CURRENCY-SCOPED RULE (CEO 2026-08-08): every ARS reporter is removed, whether or not its own series looks damaged. Grounds, measured on the 2026-08-07 CUR3K panel: (1) VENDOR DEFECT, on BMA -- totalAssets 2.325e16 between 2.056e13 and 2.420e13 (961x break) and revenue 1.201e9 between 1.443e12 and 1.907e12 (1,588x break), with marketCap continuous through both, so no market-cap sanity check can see it; BMA's nominal revenue also rises 45.6x over the window. (2) NO USD VALUATION IS POSSIBLE -- ARS is refused by fx_rates.ABSTAIN_CURRENCIES and absent from carveOut.FX_TO_USD, so an ARS name has no marketCap_usd, sits in no band, and scores NEUTRAL on the size tilt while competing for the same slots. (3) NO PER-NAME CLEARANCE EXISTS -- separating a correctly IAS 29-restated series from a mishandled one needs a restatement-vintage audit this codebase does not perform. EXPLICITLY NOT CLAIMED OF EVERY ARS NAME: CRESY shows NO defect (worst adjacent ratio 5.0x vs BMA's 1,588x; 7.5x nominal rise vs BMA's 45.6x, i.e. BELOW Argentine inflation, which is what correct restatement looks like). CRESY is removed by this rule alone. Panel effect: 2 sources, 48 rows.] [ARS on 80/80 rows]"
stock_CUR3K@844b3eaf1ea2,BMA,2011-01-01,169.70000197284838,10218049829.189999,"currency_excluded [ARS: reports in ARS -- IAS 29 hyperinflation regime, no admitted ARS->USD rate, and this vendor is demonstrably wrong on ARS in this panel | CURRENCY-SCOPED RULE (CEO 2026-08-08): every ARS reporter is removed, whether or not its own series looks damaged. Grounds, measured on the 2026-08-07 CUR3K panel: (1) VENDOR DEFECT, on BMA -- totalAssets 2.325e16 between 2.056e13 and 2.420e13 (961x break) and revenue 1.201e9 between 1.443e12 and 1.907e12 (1,588x break), with marketCap continuous through both, so no market-cap sanity check can see it; BMA's nominal revenue also rises 45.6x over the window. (2) NO USD VALUATION IS POSSIBLE -- ARS is refused by fx_rates.ABSTAIN_CURRENCIES and absent from carveOut.FX_TO_USD, so an ARS name has no marketCap_usd, sits in no band, and scores NEUTRAL on the size tilt while competing for the same slots. (3) NO PER-NAME CLEARANCE EXISTS -- separating a correctly IAS 29-restated series from a mishandled one needs a restatement-vintage audit this codebase does not perform. EXPLICITLY NOT CLAIMED OF EVERY ARS NAME: CRESY shows NO defect (worst adjacent ratio 5.0x vs BMA's 1,588x; 7.5x nominal rise vs BMA's 45.6x, i.e. BELOW Argentine inflation, which is what correct restatement looks like). CRESY is removed by this rule alone. Panel effect: 2 sources, 48 rows.] [ARS on 80/80 rows]"
stock_CUR3K@844b3eaf1ea2,BMA,2011-04-01,160.3,9652047720.0,"currency_excluded [ARS: reports in ARS -- IAS 29 hyperinflation regime, no admitted ARS->USD rate, and this vendor is demonstrably wrong on ARS in this panel | CURRENCY-SCOPED RULE (CEO 2026-08-08): every ARS reporter is removed, whether or not its own series looks damaged. Grounds, measured on the 2026-08-07 CUR3K panel: (1) VENDOR DEFECT, on BMA -- totalAssets 2.325e16 between 2.056e13 and 2.420e13 (961x break) and revenue 1.201e9 between 1.443e12 and 1.907e12 (1,588x break), with marketCap continuous through both, so no market-cap sanity check can see it; BMA's nominal revenue also rises 45.6x over the window. (2) NO USD VALUATION IS POSSIBLE -- ARS is refused by fx_rates.ABSTAIN_CURRENCIES and absent from carveOut.FX_TO_USD, so an ARS name has no marketCap_usd, sits in no band, and scores NEUTRAL on the size tilt while competing for the same slots. (3) NO PER-NAME CLEARANCE EXISTS -- separating a correctly IAS 29-restated series from a mishandled one needs a restatement-vintage audit this codebase does not perform. EXPLICITLY NOT CLAIMED OF EVERY ARS NAME: CRESY shows NO defect (worst adjacent ratio 5.0x vs BMA's 1,588x; 7.5x nominal rise vs BMA's 45.6x, i.e. BELOW Argentine inflation, which is what correct restatement looks like). CRESY is removed by this rule alone. Panel effect: 2 sources, 48 rows.] [ARS on 80/80 rows]"
stock_CUR3K@844b3eaf1ea2,BMA,2011-07-01,95.9,5726419160.0,"currency_excluded [ARS: reports in ARS -- IAS 29 hyperinflation regime, no admitted ARS->USD rate, and this vendor is demonstrably wrong on ARS in this panel | CURRENCY-SCOPED RULE (CEO 2026-08-08): every ARS reporter is removed, whether or not its own series looks damaged. Grounds, measured on the 2026-08-07 CUR3K panel: (1) VENDOR DEFECT, on BMA -- totalAssets 2.325e16 between 2.056e13 and 2.420e13 (961x break) and revenue 1.201e9 between 1.443e12 and 1.907e12 (1,588x break), with marketCap continuous through both, so no market-cap sanity check can see it; BMA's nominal revenue also rises 45.6x over the window. (2) NO USD VALUATION IS POSSIBLE -- ARS is refused by fx_rates.ABSTAIN_CURRENCIES and absent from carveOut.FX_TO_USD, so an ARS name has no marketCap_usd, sits in no band, and scores NEUTRAL on the size tilt while competing for the same slots. (3) NO PER-NAME CLEARANCE EXISTS -- separating a correctly IAS 29-restated series from a mishandled one needs a restatement-vintage audit this codebase does not perform. EXPLICITLY NOT CLAIMED OF EVERY ARS NAME: CRESY shows NO defect (worst adjacent ratio 5.0x vs BMA's 1,588x; 7.5x nominal rise vs BMA's 45.6x, i.e. BELOW Argentine inflation, which is what correct restatement looks like). CRESY is removed by this rule alone. Panel effect: 2 sources, 48 rows.] [ARS on 80/80 rows]"
stock_CUR3K@844b3eaf1ea2,BMA,2011-10-01,94.40000111598187,5589653646.88,"currency_excluded [ARS: reports in ARS -- IAS 29 hyperinflation regime, no admitted ARS->USD rate, and this vendor is demonstrably wrong on ARS in this panel | CURRENCY-SCOPED RULE (CEO 2026-08-08): every ARS reporter is removed, whether or not its own series looks damaged. Grounds, measured on the 2026-08-07 CUR3K panel: (1) VENDOR DEFECT, on BMA -- totalAssets 2.325e16 between 2.056e13 and 2.420e13 (961x break) and revenue 1.201e9 between 1.443e12 and 1.907e12 (1,588x break), with marketCap continuous through both, so no market-cap sanity check can see it; BMA's nominal revenue also rises 45.6x over the window. (2) NO USD VALUATION IS POSSIBLE -- ARS is refused by fx_rates.ABSTAIN_CURRENCIES and absent from carveOut.FX_TO_USD, so an ARS name has no marketCap_usd, sits in no band, and scores NEUTRAL on the size tilt while competing for the same slots. (3) NO PER-NAME CLEARANCE EXISTS -- separating a correctly IAS 29-restated series from a mishandled one needs a restatement-vintage audit this codebase does not perform. EXPLICITLY NOT CLAIMED OF EVERY ARS NAME: CRESY shows NO defect (worst adjacent ratio 5.0x vs BMA's 1,588x; 7.5x nominal rise vs BMA's 45.6x, i.e. BELOW Argentine inflation, which is what correct restatement looks like). CRESY is removed by this rule alone. Panel effect: 2 sources, 48 rows.] [ARS on 80/80 rows]"
stock_CUR3K@844b3eaf1ea2,BMA,2012-01-01,102.30000120937441,6057431865.21,"currency_excluded [ARS: reports in ARS -- IAS 29 hyperinflation regime, no admitted ARS->USD rate, and this vendor is demonstrably wrong on ARS in this panel | CURRENCY-SCOPED RULE (CEO 2026-08-08): every ARS reporter is removed, whether or not its own series looks damaged. Grounds, measured on the 2026-08-07 CUR3K panel: (1) VENDOR DEFECT, on BMA -- totalAssets 2.325e16 between 2.056e13 and 2.420e13 (961x break) and revenue 1.201e9 between 1.443e12 and 1.907e12 (1,588x break), with marketCap continuous through both, so no market-cap sanity check can see it; BMA's nominal revenue also rises 45.6x over the window. (2) NO USD VALUATION IS POSSIBLE -- ARS is refused by fx_rates.ABSTAIN_CURRENCIES and absent from carveOut.FX_TO_USD, so an ARS name has no marketCap_usd, sits in no band, and scores NEUTRAL on the size tilt while competing for the same slots. (3) NO PER-NAME CLEARANCE EXISTS -- separating a correctly IAS 29-restated series from a mishandled one needs a restatement-vintage audit this codebase does not perform. EXPLICITLY NOT CLAIMED OF EVERY ARS NAME: CRESY shows NO defect (worst adjacent ratio 5.0x vs BMA's 1,588x; 7.5x nominal rise vs BMA's 45.6x, i.e. BELOW Argentine inflation, which is what correct restatement looks like). CRESY is removed by this rule alone. Panel effect: 2 sources, 48 rows.] [ARS on 80/80 rows]"
stock_CUR3K@844b3eaf1ea2,BMA,2012-04-01,84.9,5027132760.0,"currency_excluded [ARS: reports in ARS -- IAS 29 hyperinflation regime, no admitted ARS->USD rate, and this vendor is demonstrably wrong on ARS in this panel | CURRENCY-SCOPED RULE (CEO 2026-08-08): every ARS reporter is removed, whether or not its own series looks damaged. Grounds, measured on the 2026-08-07 CUR3K panel: (1) VENDOR DEFECT, on BMA -- totalAssets 2.325e16 between 2.056e13 and 2.420e13 (961x break) and revenue 1.201e9 between 1.443e12 and 1.907e12 (1,588x break), with marketCap continuous through both, so no market-cap sanity check can see it; BMA's nominal revenue also rises 45.6x over the window. (2) NO USD VALUATION IS POSSIBLE -- ARS is refused by fx_rates.ABSTAIN_CURRENCIES and absent from carveOut.FX_TO_USD, so an ARS name has no marketCap_usd, sits in no band, and scores NEUTRAL on the size tilt while competing for the same slots. (3) NO PER-NAME CLEARANCE EXISTS -- separating a correctly IAS 29-restated series from a mishandled one needs a restatement-vintage audit this codebase does not perform. EXPLICITLY NOT CLAIMED OF EVERY ARS NAME: CRESY shows NO defect (worst adjacent ratio 5.0x vs BMA's 1,588x; 7.5x nominal rise vs BMA's 45.6x, i.e. BELOW Argentine inflation, which is what correct restatement looks like). CRESY is removed by this rule alone. Panel effect: 2 sources, 48 rows.] [ARS on 80/80 rows]"
stock_CUR3K@844b3eaf1ea2,BMA,2012-07-01,88.6,5178670000.0,"currency_excluded [ARS: reports in ARS -- IAS 29 hyperinflation regime, no admitted ARS->USD rate, and this vendor is demonstrably wrong on ARS in this panel | CURRENCY-SCOPED RULE (CEO 2026-08-08): every ARS reporter is removed, whether or not its own series looks damaged. Grounds, measured on the 2026-08-07 CUR3K panel: (1) VENDOR DEFECT, on BMA -- totalAssets 2.325e16 between 2.056e13 and 2.420e13 (961x break) and revenue 1.201e9 between 1.443e12 and 1.907e12 (1,588x break), with marketCap continuous through both, so no market-cap sanity check can see it; BMA's nominal revenue also rises 45.6x over the window. (2) NO USD VALUATION IS POSSIBLE -- ARS is refused by fx_rates.ABSTAIN_CURRENCIES and absent from carveOut.FX_TO_USD, so an ARS name has no marketCap_usd, sits in no band, and scores NEUTRAL on the size tilt while competing for the same slots. (3) NO PER-NAME CLEARANCE EXISTS -- separating a correctly IAS 29-restated series from a mishandled one needs a restatement-vintage audit this codebase does not perform. EXPLICITLY NOT CLAIMED OF EVERY ARS NAME: CRESY shows NO defect (worst adjacent ratio 5.0x vs BMA's 1,588x; 7.5x nominal rise vs BMA's 45.6x, i.e. BELOW Argentine inflation, which is what correct restatement looks like). CRESY is removed by this rule alone. Panel effect: 2 sources, 48 rows.] [ARS on 80/80 rows]"
stock_CUR3K@844b3eaf1ea2,BMA,2012-10-01,127.8,7597710000.0,"currency_excluded [ARS: reports in ARS -- IAS 29 hyperinflation regime, no admitted ARS->USD rate, and this vendor is demonstrably wrong on ARS in this panel | CURRENCY-SCOPED RULE (CEO 2026-08-08): every ARS reporter is removed, whether or not its own series looks damaged. Grounds, measured on the 2026-08-07 CUR3K panel: (1) VENDOR DEFECT, on BMA -- totalAssets 2.325e16 between 2.056e13 and 2.420e13 (961x break) and revenue 1.201e9 between 1.443e12 and 1.907e12 (1,588x break), with marketCap continuous through both, so no market-cap sanity check can see it; BMA's nominal revenue also rises 45.6x over the window. (2) NO USD VALUATION IS POSSIBLE -- ARS is refused by fx_rates.ABSTAIN_CURRENCIES and absent from carveOut.FX_TO_USD, so an ARS name has no marketCap_usd, sits in no band, and scores NEUTRAL on the size tilt while competing for the same slots. (3) NO PER-NAME CLEARANCE EXISTS -- separating a correctly IAS 29-restated series from a mishandled one needs a restatement-vintage audit this codebase does not perform. EXPLICITLY NOT CLAIMED OF EVERY ARS NAME: CRESY shows NO defect (worst adjacent ratio 5.0x vs BMA's 1,588x; 7.5x nominal rise vs BMA's 45.6x, i.e. BELOW Argentine inflation, which is what correct restatement looks like). CRESY is removed by this rule alone. Panel effect: 2 sources, 48 rows.] [ARS on 80/80 rows]"
stock_CUR3K@844b3eaf1ea2,BMA,2013-01-01,121.8,7333870320.0,"currency_excluded [ARS: reports in ARS -- IAS 29 hyperinflation regime, no admitted ARS->USD rate, and this vendor is demonstrably wrong on ARS in this panel | CURRENCY-SCOPED RULE (CEO 2026-08-08): every ARS reporter is removed, whether or not its own series looks damaged. Grounds, measured on the 2026-08-07 CUR3K panel: (1) VENDOR DEFECT, on BMA -- totalAssets 2.325e16 between 2.056e13 and 2.420e13 (961x break) and revenue 1.201e9 between 1.443e12 and 1.907e12 (1,588x break), with marketCap continuous through both, so no market-cap sanity check can see it; BMA's nominal revenue also rises 45.6x over the window. (2) NO USD VALUATION IS POSSIBLE -- ARS is refused by fx_rates.ABSTAIN_CURRENCIES and absent from carveOut.FX_TO_USD, so an ARS name has no marketCap_usd, sits in no band, and scores NEUTRAL on the size tilt while competing for the same slots. (3) NO PER-NAME CLEARANCE EXISTS -- separating a correctly IAS 29-restated series from a mishandled one needs a restatement-vintage audit this codebase does not perform. EXPLICITLY NOT CLAIMED OF EVERY ARS NAME: CRESY shows NO defect (worst adjacent ratio 5.0x vs BMA's 1,588x; 7.5x nominal rise vs BMA's 45.6x, i.e. BELOW Argentine inflation, which is what correct restatement looks like). CRESY is removed by this rule alone. Panel effect: 2 sources, 48 rows.] [ARS on 80/80 rows]"
stock_CUR3K@844b3eaf1ea2,BMA,2013-04-01,110.3,6447035000.0,"currency_excluded [ARS: reports in ARS -- IAS 29 hyperinflation regime, no admitted ARS->USD rate, and this vendor is demonstrably wrong on ARS in this panel | CURRENCY-SCOPED RULE (CEO 2026-08-08): every ARS reporter is removed, whether or not its own series looks damaged. Grounds, measured on the 2026-08-07 CUR3K panel: (1) VENDOR DEFECT, on BMA -- totalAssets 2.325e16 between 2.056e13 and 2.420e13 (961x break) and revenue 1.201e9 between 1.443e12 and 1.907e12 (1,588x break), with marketCap continuous through both, so no market-cap sanity check can see it; BMA's nominal revenue also rises 45.6x over the window. (2) NO USD VALUATION IS POSSIBLE -- ARS is refused by fx_rates.ABSTAIN_CURRENCIES and absent from carveOut.FX_TO_USD, so an ARS name has no marketCap_usd, sits in no band, and scores NEUTRAL on the size tilt while competing for the same slots. (3) NO PER-NAME CLEARANCE EXISTS -- separating a correctly IAS 29-restated series from a mishandled one needs a restatement-vintage audit this codebase does not perform. EXPLICITLY NOT CLAIMED OF EVERY ARS NAME: CRESY shows NO defect (worst adjacent ratio 5.0x vs BMA's 1,588x; 7.5x nominal rise vs BMA's 45.6x, i.e. BELOW Argentine inflation, which is what correct restatement looks like). CRESY is removed by this rule alone. Panel effect: 2 sources, 48 rows.] [ARS on 80/80 rows]"
stock_CUR3K@844b3eaf1ea2,BMA,2013-07-01,209.20000000000005,12227740000.000002,"currency_excluded [ARS: reports in ARS -- IAS 29 hyperinflation regime, no admitted ARS->USD rate, and this vendor is demonstrably wrong on ARS in this panel | CURRENCY-SCOPED RULE (CEO 2026-08-08): every ARS reporter is removed, whether or not its own series looks damaged. Grounds, measured on the 2026-08-07 CUR3K panel: (1) VENDOR DEFECT, on BMA -- totalAssets 2.325e16 between 2.056e13 and 2.420e13 (961x break) and revenue 1.201e9 between 1.443e12 and 1.907e12 (1,588x break), with marketCap continuous through both, so no market-cap sanity check can see it; BMA's nominal revenue also rises 45.6x over the window. (2) NO USD VALUATION IS POSSIBLE -- ARS is refused by fx_rates.ABSTAIN_CURRENCIES and absent from carveOut.FX_TO_USD, so an ARS name has no marketCap_usd, sits in no band, and scores NEUTRAL on the size tilt while competing for the same slots. (3) NO PER-NAME CLEARANCE EXISTS -- separating a correctly IAS 29-restated series from a mishandled one needs a restatement-vintage audit this codebase does not perform. EXPLICITLY NOT CLAIMED OF EVERY ARS NAME: CRESY shows NO defect (worst adjacent ratio 5.0x vs BMA's 1,588x; 7.5x nominal rise vs BMA's 45.6x, i.e. BELOW Argentine inflation, which is what correct restatement looks like). CRESY is removed by this rule alone. Panel effect: 2 sources, 48 rows.] [ARS on 80/80 rows]"
stock_CUR3K@844b3eaf1ea2,BMA,2013-10-01,207.7,12140065000.0,"currency_excluded [ARS: reports in ARS -- IAS 29 hyperinflation regime, no admitted ARS->USD rate, and this vendor is demonstrably wrong on ARS in this panel | CURRENCY-SCOPED RULE (CEO 2026-08-08): every ARS reporter is removed, whether or not its own series looks damaged. Grounds, measured on the 2026-08-07 CUR3K panel: (1) VENDOR DEFECT, on BMA -- totalAssets 2.325e16 between 2.056e13 and 2.420e13 (961x break) and revenue 1.201e9 between 1.443e12 and 1.907e12 (1,588x break), with marketCap continuous through both, so no market-cap sanity check can see it; BMA's nominal revenue also rises 45.6x over the window. (2) NO USD VALUATION IS POSSIBLE -- ARS is refused by fx_rates.ABSTAIN_CURRENCIES and absent from carveOut.FX_TO_USD, so an ARS name has no marketCap_usd, sits in no band, and scores NEUTRAL on the size tilt while competing for the same slots. (3) NO PER-NAME CLEARANCE EXISTS -- separating a correctly IAS 29-restated series from a mishandled one needs a restatement-vintage audit this codebase does not perform. EXPLICITLY NOT CLAIMED OF EVERY ARS NAME: CRESY shows NO defect (worst adjacent ratio 5.0x vs BMA's 1,588x; 7.5x nominal rise vs BMA's 45.6x, i.e. BELOW Argentine inflation, which is what correct restatement looks like). CRESY is removed by this rule alone. Panel effect: 2 sources, 48 rows.] [ARS on 80/80 rows]"
stock_CUR3K@844b3eaf1ea2,BMA,2014-01-01,276.6,16656907320.0,"currency_excluded [ARS: reports in ARS -- IAS 29 hyperinflation regime, no admitted ARS->USD rate, and this vendor is demonstrably wrong on ARS in this panel | CURRENCY-SCOPED RULE (CEO 2026-08-08): every ARS reporter is removed, whether or not its own series looks damaged. Grounds, measured on the 2026-08-07 CUR3K panel: (1) VENDOR DEFECT, on BMA -- totalAssets 2.325e16 between 2.056e13 and 2.420e13 (961x break) and revenue 1.201e9 between 1.443e12 and 1.907e12 (1,588x break), with marketCap continuous through both, so no market-cap sanity check can see it; BMA's nominal revenue also rises 45.6x over the window. (2) NO USD VALUATION IS POSSIBLE -- ARS is refused by fx_rates.ABSTAIN_CURRENCIES and absent from carveOut.FX_TO_USD, so an ARS name has no marketCap_usd, sits in no band, and scores NEUTRAL on the size tilt while competing for the same slots. (3) NO PER-NAME CLEARANCE EXISTS -- separating a correctly IAS 29-restated series from a mishandled one needs a restatement-vintage audit this codebase does not perform. EXPLICITLY NOT CLAIMED OF EVERY ARS NAME: CRESY shows NO defect (worst adjacent ratio 5.0x vs BMA's 1,588x; 7.5x nominal rise vs BMA's 45.6x, i.e. BELOW Argentine inflation, which is what correct restatement looks like). CRESY is removed by this rule alone. Panel effect: 2 sources, 48 rows.] [ARS on 80/80 rows]"
stock_CUR3K@844b3eaf1ea2,BMA,2014-04-01,369.5,21597275000.0,"currency_excluded [ARS: reports in ARS -- IAS 29 hyperinflation regime, no admitted ARS->USD rate, and this vendor is demonstrably wrong on ARS in this panel | CURRENCY-SCOPED RULE (CEO 2026-08-08): every ARS reporter is removed, whether or not its own series looks damaged. Grounds, measured on the 2026-08-07 CUR3K panel: (1) VENDOR DEFECT, on BMA -- totalAssets 2.325e16 between 2.056e13 and 2.420e13 (961x break) and revenue 1.201e9 between 1.443e12 and 1.907e12 (1,588x break), with marketCap continuous through both, so no market-cap sanity check can see it; BMA's nominal revenue also rises 45.6x over the window. (2) NO USD VALUATION IS POSSIBLE -- ARS is refused by fx_rates.ABSTAIN_CURRENCIES and absent from carveOut.FX_TO_USD, so an ARS name has no marketCap_usd, sits in no band, and scores NEUTRAL on the size tilt while competing for the same slots. (3) NO PER-NAME CLEARANCE EXISTS -- separating a correctly IAS 29-restated series from a mishandled one needs a restatement-vintage audit this codebase does not perform. EXPLICITLY NOT CLAIMED OF EVERY ARS NAME: CRESY shows NO defect (worst adjacent ratio 5.0x vs BMA's 1,588x; 7.5x nominal rise vs BMA's 45.6x, i.e. BELOW Argentine inflation, which is what correct restatement looks like). CRESY is removed by this rule alone. Panel effect: 2 sources, 48 rows.] [ARS on 80/80 rows]"
stock_CUR3K@844b3eaf1ea2,BMA,2014-07-01,564.2,32977490000.0,"currency_excluded [ARS: reports in ARS -- IAS 29 hyperinflation regime, no admitted ARS->USD rate, and this vendor is demonstrably wrong on ARS in this panel | CURRENCY-SCOPED RULE (CEO 2026-08-08): every ARS reporter is removed, whether or not its own series looks damaged. Grounds, measured on the 2026-08-07 CUR3K panel: (1) VENDOR DEFECT, on BMA -- totalAssets 2.325e16 between 2.056e13 and 2.420e13 (961x break) and revenue 1.201e9 between 1.443e12 and 1.907e12 (1,588x break), with marketCap continuous through both, so no market-cap sanity check can see it; BMA's nominal revenue also rises 45.6x over the window. (2) NO USD VALUATION IS POSSIBLE -- ARS is refused by fx_rates.ABSTAIN_CURRENCIES and absent from carveOut.FX_TO_USD, so an ARS name has no marketCap_usd, sits in no band, and scores NEUTRAL on the size tilt while competing for the same slots. (3) NO PER-NAME CLEARANCE EXISTS -- separating a correctly IAS 29-restated series from a mishandled one needs a restatement-vintage audit this codebase does not perform. EXPLICITLY NOT CLAIMED OF EVERY ARS NAME: CRESY shows NO defect (worst adjacent ratio 5.0x vs BMA's 1,588x; 7.5x nominal rise vs BMA's 45.6x, i.e. BELOW Argentine inflation, which is what correct restatement looks like). CRESY is removed by this rule alone. Panel effect: 2 sources, 48 rows.] [ARS on 80/80 rows]"
stock_CUR3K@844b3eaf1ea2,BMA,2014-10-01,494.3,28891835000.0,"currency_excluded [ARS: reports in ARS -- IAS 29 hyperinflation regime, no admitted ARS->USD rate, and this vendor is demonstrably wrong on ARS in this panel | CURRENCY-SCOPED RULE (CEO 2026-08-08): every ARS reporter is removed, whether or not its own series looks damaged. Grounds, measured on the 2026-08-07 CUR3K panel: (1) VENDOR DEFECT, on BMA -- totalAssets 2.325e16 between 2.056e13 and 2.420e13 (961x break) and revenue 1.201e9 between 1.443e12 and 1.907e12 (1,588x break), with marketCap continuous through both, so no market-cap sanity check can see it; BMA's nominal revenue also rises 45.6x over the window. (2) NO USD VALUATION IS POSSIBLE -- ARS is refused by fx_rates.ABSTAIN_CURRENCIES and absent from carveOut.FX_TO_USD, so an ARS name has no marketCap_usd, sits in no band, and scores NEUTRAL on the size tilt while competing for the same slots. (3) NO PER-NAME CLEARANCE EXISTS -- separating a correctly IAS 29-restated series from a mishandled one needs a restatement-vintage audit this codebase does not perform. EXPLICITLY NOT CLAIMED OF EVERY ARS NAME: CRESY shows NO defect (worst adjacent ratio 5.0x vs BMA's 1,588x; 7.5x nominal rise vs BMA's 45.6x, i.e. BELOW Argentine inflation, which is what correct restatement looks like). CRESY is removed by this rule alone. Panel effect: 2 sources, 48 rows.] [ARS on 80/80 rows]"
stock_CUR3K@844b3eaf1ea2,BMA,2015-01-01,698.5,41365309700.0,"currency_excluded [ARS: reports in ARS -- IAS 29 hyperinflation regime, no admitted ARS->USD rate, and this vendor is demonstrably wrong on ARS in this panel | CURRENCY-SCOPED RULE (CEO 2026-08-08): every ARS reporter is removed, whether or not its own series looks damaged. Grounds, measured on the 2026-08-07 CUR3K panel: (1) VENDOR DEFECT, on BMA -- totalAssets 2.325e16 between 2.056e13 and 2.420e13 (961x break) and revenue 1.201e9 between 1.443e12 and 1.907e12 (1,588x break), with marketCap continuous through both, so no market-cap sanity check can see it; BMA's nominal revenue also rises 45.6x over the window. (2) NO USD VALUATION IS POSSIBLE -- ARS is refused by fx_rates.ABSTAIN_CURRENCIES and absent from carveOut.FX_TO_USD, so an ARS name has no marketCap_usd, sits in no band, and scores NEUTRAL on the size tilt while competing for the same slots. (3) NO PER-NAME CLEARANCE EXISTS -- separating a correctly IAS 29-restated series from a mishandled one needs a restatement-vintage audit this codebase does not perform. EXPLICITLY NOT CLAIMED OF EVERY ARS NAME: CRESY shows NO defect (worst adjacent ratio 5.0x vs BMA's 1,588x; 7.5x nominal rise vs BMA's 45.6x, i.e. BELOW Argentine inflation, which is what correct restatement looks like). CRESY is removed by this rule alone. Panel effect: 2 sources, 48 rows.] [ARS on 80/80 rows]"
stock_CUR3K@844b3eaf1ea2,BMA,2015-04-01,595.1,34783595000.0,"currency_excluded [ARS: reports in ARS -- IAS 29 hyperinflation regime, no admitted ARS->USD rate, and this vendor is demonstrably wrong on ARS in this panel | CURRENCY-SCOPED RULE (CEO 2026-08-08): every ARS reporter is removed, whether or not its own series looks damaged. Grounds, measured on the 2026-08-07 CUR3K panel: (1) VENDOR DEFECT, on BMA -- totalAssets 2.325e16 between 2.056e13 and 2.420e13 (961x break) and revenue 1.201e9 between 1.443e12 and 1.907e12 (1,588x break), with marketCap continuous through both, so no market-cap sanity check can see it; BMA's nominal revenue also rises 45.6x over the window. (2) NO USD VALUATION IS POSSIBLE -- ARS is refused by fx_rates.ABSTAIN_CURRENCIES and absent from carveOut.FX_TO_USD, so an ARS name has no marketCap_usd, sits in no band, and scores NEUTRAL on the size tilt while competing for the same slots. (3) NO PER-NAME CLEARANCE EXISTS -- separating a correctly IAS 29-restated series from a mishandled one needs a restatement-vintage audit this codebase does not perform. EXPLICITLY NOT CLAIMED OF EVERY ARS NAME: CRESY shows NO defect (worst adjacent ratio 5.0x vs BMA's 1,588x; 7.5x nominal rise vs BMA's 45.6x, i.e. BELOW Argentine inflation, which is what correct restatement looks like). CRESY is removed by this rule alone. Panel effect: 2 sources, 48 rows.] [ARS on 80/80 rows]"
stock_CUR3K@844b3eaf1ea2,BMA,2015-07-01,545.7,31896165000.0,"currency_excluded [ARS: reports in ARS -- IAS 29 hyperinflation regime, no admitted ARS->USD rate, and this vendor is demonstrably wrong on ARS in this panel | CURRENCY-SCOPED RULE (CEO 2026-08-08): every ARS reporter is removed, whether or not its own series looks damaged. Grounds, measured on the 2026-08-07 CUR3K panel: (1) VENDOR DEFECT, on BMA -- totalAssets 2.325e16 between 2.056e13 and 2.420e13 (961x break) and revenue 1.201e9 between 1.443e12 and 1.907e12 (1,588x break), with marketCap continuous through both, so no market-cap sanity check can see it; BMA's nominal revenue also rises 45.6x over the window. (2) NO USD VALUATION IS POSSIBLE -- ARS is refused by fx_rates.ABSTAIN_CURRENCIES and absent from carveOut.FX_TO_USD, so an ARS name has no marketCap_usd, sits in no band, and scores NEUTRAL on the size tilt while competing for the same slots. (3) NO PER-NAME CLEARANCE EXISTS -- separating a correctly IAS 29-restated series from a mishandled one needs a restatement-vintage audit this codebase does not perform. EXPLICITLY NOT CLAIMED OF EVERY ARS NAME: CRESY shows NO defect (worst adjacent ratio 5.0x vs BMA's 1,588x; 7.5x nominal rise vs BMA's 45.6x, i.e. BELOW Argentine inflation, which is what correct restatement looks like). CRESY is removed by this rule alone. Panel effect: 2 sources, 48 rows.] [ARS on 80/80 rows]"
stock_CUR3K@844b3eaf1ea2,BMA,2015-10-01,798.8,46689860000.0,"currency_excluded [ARS: reports in ARS -- IAS 29 hyperinflation regime, no admitted ARS->USD rate, and this vendor is demonstrably wrong on ARS in this panel | CURRENCY-SCOPED RULE (CEO 2026-08-08): every ARS reporter is removed, whether or not its own series looks damaged. Grounds, measured on the 2026-08-07 CUR3K panel: (1) VENDOR DEFECT, on BMA -- totalAssets 2.325e16 between 2.056e13 and 2.420e13 (961x break) and revenue 1.201e9 between 1.443e12 and 1.907e12 (1,588x break), with marketCap continuous through both, so no market-cap sanity check can see it; BMA's nominal revenue also rises 45.6x over the window. (2) NO USD VALUATION IS POSSIBLE -- ARS is refused by fx_rates.ABSTAIN_CURRENCIES and absent from carveOut.FX_TO_USD, so an ARS name has no marketCap_usd, sits in no band, and scores NEUTRAL on the size tilt while competing for the same slots. (3) NO PER-NAME CLEARANCE EXISTS -- separating a correctly IAS 29-restated series from a mishandled one needs a restatement-vintage audit this codebase does not perform. EXPLICITLY NOT CLAIMED OF EVERY ARS NAME: CRESY shows NO defect (worst adjacent ratio 5.0x vs BMA's 1,588x; 7.5x nominal rise vs BMA's 45.6x, i.e. BELOW Argentine inflation, which is what correct restatement looks like). CRESY is removed by this rule alone. Panel effect: 2 sources, 48 rows.] [ARS on 80/80 rows]"
stock_CUR3K@844b3eaf1ea2,BMA,2016-01-01,941.6,55761740320.0,"currency_excluded [ARS: reports in ARS -- IAS 29 hyperinflation regime, no admitted ARS->USD rate, and this vendor is demonstrably wrong on ARS in this panel | CURRENCY-SCOPED RULE (CEO 2026-08-08): every ARS reporter is removed, whether or not its own series looks damaged. Grounds, measured on the 2026-08-07 CUR3K panel: (1) VENDOR DEFECT, on BMA -- totalAssets 2.325e16 between 2.056e13 and 2.420e13 (961x break) and revenue 1.201e9 between 1.443e12 and 1.907e12 (1,588x break), with marketCap continuous through both, so no market-cap sanity check can see it; BMA's nominal revenue also rises 45.6x over the window. (2) NO USD VALUATION IS POSSIBLE -- ARS is refused by fx_rates.ABSTAIN_CURRENCIES and absent from carveOut.FX_TO_USD, so an ARS name has no marketCap_usd, sits in no band, and scores NEUTRAL on the size tilt while competing for the same slots. (3) NO PER-NAME CLEARANCE EXISTS -- separating a correctly IAS 29-restated series from a mishandled one needs a restatement-vintage audit this codebase does not perform. EXPLICITLY NOT CLAIMED OF EVERY ARS NAME: CRESY shows NO defect (worst adjacent ratio 5.0x vs BMA's 1,588x; 7.5x nominal rise vs BMA's 45.6x, i.e. BELOW Argentine inflation, which is what correct restatement looks like). CRESY is removed by this rule alone. Panel effect: 2 sources, 48 rows.] [ARS on 80/80 rows]"
stock_CUR3K@844b3eaf1ea2,BMA,2016-04-01,1119.3000000000002,65423085000.00001,"currency_excluded [ARS: reports in ARS -- IAS 29 hyperinflation regime, no admitted ARS->USD rate, and this vendor is demonstrably wrong on ARS in this panel | CURRENCY-SCOPED RULE (CEO 2026-08-08): every ARS reporter is removed, whether or not its own series looks damaged. Grounds, measured on the 2026-08-07 CUR3K panel: (1) VENDOR DEFECT, on BMA -- totalAssets 2.325e16 between 2.056e13 and 2.420e13 (961x break) and revenue 1.201e9 between 1.443e12 and 1.907e12 (1,588x break), with marketCap continuous through both, so no market-cap sanity check can see it; BMA's nominal revenue also rises 45.6x over the window. (2) NO USD VALUATION IS POSSIBLE -- ARS is refused by fx_rates.ABSTAIN_CURRENCIES and absent from carveOut.FX_TO_USD, so an ARS name has no marketCap_usd, sits in no band, and scores NEUTRAL on the size tilt while competing for the same slots. (3) NO PER-NAME CLEARANCE EXISTS -- separating a correctly IAS 29-restated series from a mishandled one needs a restatement-vintage audit this codebase does not perform. EXPLICITLY NOT CLAIMED OF EVERY ARS NAME: CRESY shows NO defect (worst adjacent ratio 5.0x vs BMA's 1,588x; 7.5x nominal rise vs BMA's 45.6x, i.e. BELOW Argentine inflation, which is what correct restatement looks like). CRESY is removed by this rule alone. Panel effect: 2 sources, 48 rows.] [ARS on 80/80 rows]"
stock_CUR3K@844b3eaf1ea2,BMA,2016-07-01,1187.7,69499571970.0,"currency_excluded [ARS: reports in ARS -- IAS 29 hyperinflation regime, no admitted ARS->USD rate, and this vendor is demonstrably wrong on ARS in this panel | CURRENCY-SCOPED RULE (CEO 2026-08-08): every ARS reporter is removed, whether or not its own series looks damaged. Grounds, measured on the 2026-08-07 CUR3K panel: (1) VENDOR DEFECT, on BMA -- totalAssets 2.325e16 between 2.056e13 and 2.420e13 (961x break) and revenue 1.201e9 between 1.443e12 and 1.907e12 (1,588x break), with marketCap continuous through both, so no market-cap sanity check can see it; BMA's nominal revenue also rises 45.6x over the window. (2) NO USD VALUATION IS POSSIBLE -- ARS is refused by fx_rates.ABSTAIN_CURRENCIES and absent from carveOut.FX_TO_USD, so an ARS name has no marketCap_usd, sits in no band, and scores NEUTRAL on the size tilt while competing for the same slots. (3) NO PER-NAME CLEARANCE EXISTS -- separating a correctly IAS 29-restated series from a mishandled one needs a restatement-vintage audit this codebase does not perform. EXPLICITLY NOT CLAIMED OF EVERY ARS NAME: CRESY shows NO defect (worst adjacent ratio 5.0x vs BMA's 1,588x; 7.5x nominal rise vs BMA's 45.6x, i.e. BELOW Argentine inflation, which is what correct restatement looks like). CRESY is removed by this rule alone. Panel effect: 2 sources, 48 rows.] [ARS on 80/80 rows]"
stock_CUR3K@844b3eaf1ea2,BMA,2016-10-01,611.3,35730485000.0,"currency_excluded [ARS: reports in ARS -- IAS 29 hyperinflation regime, no admitted ARS->USD rate, and this vendor is demonstrably wrong on ARS in this panel | CURRENCY-SCOPED RULE (CEO 2026-08-08): every ARS reporter is removed, whether or not its own series looks damaged. Grounds, measured on the 2026-08-07 CUR3K panel: (1) VENDOR DEFECT, on BMA -- totalAssets 2.325e16 between 2.056e13 and 2.420e13 (961x break) and revenue 1.201e9 between 1.443e12 and 1.907e12 (1,588x break), with marketCap continuous through both, so no market-cap sanity check can see it; BMA's nominal revenue also rises 45.6x over the window. (2) NO USD VALUATION IS POSSIBLE -- ARS is refused by fx_rates.ABSTAIN_CURRENCIES and absent from carveOut.FX_TO_USD, so an ARS name has no marketCap_usd, sits in no band, and scores NEUTRAL on the size tilt while competing for the same slots. (3) NO PER-NAME CLEARANCE EXISTS -- separating a correctly IAS 29-restated series from a mishandled one needs a restatement-vintage audit this codebase does not perform. EXPLICITLY NOT CLAIMED OF EVERY ARS NAME: CRESY shows NO defect (worst adjacent ratio 5.0x vs BMA's 1,588x; 7.5x nominal rise vs BMA's 45.6x, i.e. BELOW Argentine inflation, which is what correct restatement looks like). CRESY is removed by this rule alone. Panel effect: 2 sources, 48 rows.] [ARS on 80/80 rows]"
stock_CUR3K@844b3eaf1ea2,BMA,2017-01-01,1333.0,77922247900.0,"currency_excluded [ARS: reports in ARS -- IAS 29 hyperinflation regime, no admitted ARS->USD rate, and this vendor is demonstrably wrong on ARS in this panel | CURRENCY-SCOPED RULE (CEO 2026-08-08): every ARS reporter is removed, whether or not its own series looks damaged. Grounds, measured on the 2026-08-07 CUR3K panel: (1) VENDOR DEFECT, on BMA -- totalAssets 2.325e16 between 2.056e13 and 2.420e13 (961x break) and revenue 1.201e9 between 1.443e12 and 1.907e12 (1,588x break), with marketCap continuous through both, so no market-cap sanity check can see it; BMA's nominal revenue also rises 45.6x over the window. (2) NO USD VALUATION IS POSSIBLE -- ARS is refused by fx_rates.ABSTAIN_CURRENCIES and absent from carveOut.FX_TO_USD, so an ARS name has no marketCap_usd, sits in no band, and scores NEUTRAL on the size tilt while competing for the same slots. (3) NO PER-NAME CLEARANCE EXISTS -- separating a correctly IAS 29-restated series from a mishandled one needs a restatement-vintage audit this codebase does not perform. EXPLICITLY NOT CLAIMED OF EVERY ARS NAME: CRESY shows NO defect (worst adjacent ratio 5.0x vs BMA's 1,588x; 7.5x nominal rise vs BMA's 45.6x, i.e. BELOW Argentine inflation, which is what correct restatement looks like). CRESY is removed by this rule alone. Panel effect: 2 sources, 48 rows.] [ARS on 80/80 rows]"
stock_CUR3K@844b3eaf1ea2,BMA,2017-04-01,1530.0,90931113000.0,"currency_excluded [ARS: reports in ARS -- IAS 29 hyperinflation regime, no admitted ARS->USD rate, and this vendor is demonstrably wrong on ARS in this panel | CURRENCY-SCOPED RULE (CEO 2026-08-08): every ARS reporter is removed, whether or not its own series looks damaged. Grounds, measured on the 2026-08-07 CUR3K panel: (1) VENDOR DEFECT, on BMA -- totalAssets 2.325e16 between 2.056e13 and 2.420e13 (961x break) and revenue 1.201e9 between 1.443e12 and 1.907e12 (1,588x break), with marketCap continuous through both, so no market-cap sanity check can see it; BMA's nominal revenue also rises 45.6x over the window. (2) NO USD VALUATION IS POSSIBLE -- ARS is refused by fx_rates.ABSTAIN_CURRENCIES and absent from carveOut.FX_TO_USD, so an ARS name has no marketCap_usd, sits in no band, and scores NEUTRAL on the size tilt while competing for the same slots. (3) NO PER-NAME CLEARANCE EXISTS -- separating a correctly IAS 29-restated series from a mishandled one needs a restatement-vintage audit this codebase does not perform. EXPLICITLY NOT CLAIMED OF EVERY ARS NAME: CRESY shows NO defect (worst adjacent ratio 5.0x vs BMA's 1,588x; 7.5x nominal rise vs BMA's 45.6x, i.e. BELOW Argentine inflation, which is what correct restatement looks like). CRESY is removed by this rule alone. Panel effect: 2 sources, 48 rows.] [ARS on 80/80 rows]"
stock_CUR3K@844b3eaf1ea2,BMA,2017-07-01,2033.0,135848109500.0,"currency_excluded [ARS: reports in ARS -- IAS 29 hyperinflation regime, no admitted ARS->USD rate, and this vendor is demonstrably wrong on ARS in this panel | CURRENCY-SCOPED RULE (CEO 2026-08-08): every ARS reporter is removed, whether or not its own series looks damaged. Grounds, measured on the 2026-08-07 CUR3K panel: (1) VENDOR DEFECT, on BMA -- totalAssets 2.325e16 between 2.056e13 and 2.420e13 (961x break) and revenue 1.201e9 between 1.443e12 and 1.907e12 (1,588x break), with marketCap continuous through both, so no market-cap sanity check can see it; BMA's nominal revenue also rises 45.6x over the window. (2) NO USD VALUATION IS POSSIBLE -- ARS is refused by fx_rates.ABSTAIN_CURRENCIES and absent from carveOut.FX_TO_USD, so an ARS name has no marketCap_usd, sits in no band, and scores NEUTRAL on the size tilt while competing for the same slots. (3) NO PER-NAME CLEARANCE EXISTS -- separating a correctly IAS 29-restated series from a mishandled one needs a restatement-vintage audit this codebase does not perform. EXPLICITLY NOT CLAIMED OF EVERY ARS NAME: CRESY shows NO defect (worst adjacent ratio 5.0x vs BMA's 1,588x; 7.5x nominal rise vs BMA's 45.6x, i.e. BELOW Argentine inflation, which is what correct restatement looks like). CRESY is removed by this rule alone. Panel effect: 2 sources, 48 rows.] [ARS on 80/80 rows]"
stock_CUR3K@844b3eaf1ea2,BMA,2017-10-01,1303.6000000000001,87245646120.00002,"currency_excluded [ARS: reports in ARS -- IAS 29 hyperinflation regime, no admitted ARS->USD rate, and this vendor is demonstrably wrong on ARS in this panel | CURRENCY-SCOPED RULE (CEO 2026-08-08): every ARS reporter is removed, whether or not its own series looks damaged. Grounds, measured on the 2026-08-07 CUR3K panel: (1) VENDOR DEFECT, on BMA -- totalAssets 2.325e16 between 2.056e13 and 2.420e13 (961x break) and revenue 1.201e9 between 1.443e12 and 1.907e12 (1,588x break), with marketCap continuous through both, so no market-cap sanity check can see it; BMA's nominal revenue also rises 45.6x over the window. (2) NO USD VALUATION IS POSSIBLE -- ARS is refused by fx_rates.ABSTAIN_CURRENCIES and absent from carveOut.FX_TO_USD, so an ARS name has no marketCap_usd, sits in no band, and scores NEUTRAL on the size tilt while competing for the same slots. (3) NO PER-NAME CLEARANCE EXISTS -- separating a correctly IAS 29-restated series from a mishandled one needs a restatement-vintage audit this codebase does not perform. EXPLICITLY NOT CLAIMED OF EVERY ARS NAME: CRESY shows NO defect (worst adjacent ratio 5.0x vs BMA's 1,588x; 7.5x nominal rise vs BMA's 45.6x, i.e. BELOW Argentine inflation, which is what correct restatement looks like). CRESY is removed by this rule alone. Panel effect: 2 sources, 48 rows.] [ARS on 80/80 rows]"
stock_CUR3K@844b3eaf1ea2,BMA,2018-01-01,2210.0,149683742000.0,"currency_excluded [ARS: reports in ARS -- IAS 29 hyperinflation regime, no admitted ARS->USD rate, and this vendor is demonstrably wrong on ARS in this panel | CURRENCY-SCOPED RULE (CEO 2026-08-08): every ARS reporter is removed, whether or not its own series looks damaged. Grounds, measured on the 2026-08-07 CUR3K panel: (1) VENDOR DEFECT, on BMA -- totalAssets 2.325e16 between 2.056e13 and 2.420e13 (961x break) and revenue 1.201e9 between 1.443e12 and 1.907e12 (1,588x break), with marketCap continuous through both, so no market-cap sanity check can see it; BMA's nominal revenue also rises 45.6x over the window. (2) NO USD VALUATION IS POSSIBLE -- ARS is refused by fx_rates.ABSTAIN_CURRENCIES and absent from carveOut.FX_TO_USD, so an ARS name has no marketCap_usd, sits in no band, and scores NEUTRAL on the size tilt while competing for the same slots. (3) NO PER-NAME CLEARANCE EXISTS -- separating a correctly IAS 29-restated series from a mishandled one needs a restatement-vintage audit this codebase does not perform. EXPLICITLY NOT CLAIMED OF EVERY ARS NAME: CRESY shows NO defect (worst adjacent ratio 5.0x vs BMA's 1,588x; 7.5x nominal rise vs BMA's 45.6x, i.e. BELOW Argentine inflation, which is what correct restatement looks like). CRESY is removed by this rule alone. Panel effect: 2 sources, 48 rows.] [ARS on 80/80 rows]"
stock_CUR3K@844b3eaf1ea2,BMA,2018-04-01,1685.0,112838215500.0,"currency_excluded [ARS: reports in ARS -- IAS 29 hyperinflation regime, no admitted ARS->USD rate, and this vendor is demonstrably wrong on ARS in this panel | CURRENCY-SCOPED RULE (CEO 2026-08-08): every ARS reporter is removed, whether or not its own series looks damaged. Grounds, measured on the 2026-08-07 CUR3K panel: (1) VENDOR DEFECT, on BMA -- totalAssets 2.325e16 between 2.056e13 and 2.420e13 (961x break) and revenue 1.201e9 between 1.443e12 and 1.907e12 (1,588x break), with marketCap continuous through both, so no market-cap sanity check can see it; BMA's nominal revenue also rises 45.6x over the window. (2) NO USD VALUATION IS POSSIBLE -- ARS is refused by fx_rates.ABSTAIN_CURRENCIES and absent from carveOut.FX_TO_USD, so an ARS name has no marketCap_usd, sits in no band, and scores NEUTRAL on the size tilt while competing for the same slots. (3) NO PER-NAME CLEARANCE EXISTS -- separating a correctly IAS 29-restated series from a mishandled one needs a restatement-vintage audit this codebase does not perform. EXPLICITLY NOT CLAIMED OF EVERY ARS NAME: CRESY shows NO defect (worst adjacent ratio 5.0x vs BMA's 1,588x; 7.5x nominal rise vs BMA's 45.6x, i.e. BELOW Argentine inflation, which is what correct restatement looks like). CRESY is removed by this rule alone. Panel effect: 2 sources, 48 rows.] [ARS on 80/80 rows]"
stock_CUR3K@844b3eaf1ea2,BMA,2018-07-01,1662.0,110053152600.0,"currency_excluded [ARS: reports in ARS -- IAS 29 hyperinflation regime, no admitted ARS->USD rate, and this vendor is demonstrably wrong on ARS in this panel | CURRENCY-SCOPED RULE (CEO 2026-08-08): every ARS reporter is removed, whether or not its own series looks damaged. Grounds, measured on the 2026-08-07 CUR3K panel: (1) VENDOR DEFECT, on BMA -- totalAssets 2.325e16 between 2.056e13 and 2.420e13 (961x break) and revenue 1.201e9 between 1.443e12 and 1.907e12 (1,588x break), with marketCap continuous through both, so no market-cap sanity check can see it; BMA's nominal revenue also rises 45.6x over the window. (2) NO USD VALUATION IS POSSIBLE -- ARS is refused by fx_rates.ABSTAIN_CURRENCIES and absent from carveOut.FX_TO_USD, so an ARS name has no marketCap_usd, sits in no band, and scores NEUTRAL on the size tilt while competing for the same slots. (3) NO PER-NAME CLEARANCE EXISTS -- separating a correctly IAS 29-restated series from a mishandled one needs a restatement-vintage audit this codebase does not perform. EXPLICITLY NOT CLAIMED OF EVERY ARS NAME: CRESY shows NO defect (worst adjacent ratio 5.0x vs BMA's 1,588x; 7.5x nominal rise vs BMA's 45.6x, i.e. BELOW Argentine inflation, which is what correct restatement looks like). CRESY is removed by this rule alone. Panel effect: 2 sources, 48 rows.] [ARS on 80/80 rows]"
stock_CUR3K@844b3eaf1ea2,BMA,2018-10-01,975.9,63272866860.0,"currency_excluded [ARS: reports in ARS -- IAS 29 hyperinflation regime, no admitted ARS->USD rate, and this vendor is demonstrably wrong on ARS in this panel | CURRENCY-SCOPED RULE (CEO 2026-08-08): every ARS reporter is removed, whether or not its own series looks damaged. Grounds, measured on the 2026-08-07 CUR3K panel: (1) VENDOR DEFECT, on BMA -- totalAssets 2.325e16 between 2.056e13 and 2.420e13 (961x break) and revenue 1.201e9 between 1.443e12 and 1.907e12 (1,588x break), with marketCap continuous through both, so no market-cap sanity check can see it; BMA's nominal revenue also rises 45.6x over the window. (2) NO USD VALUATION IS POSSIBLE -- ARS is refused by fx_rates.ABSTAIN_CURRENCIES and absent from carveOut.FX_TO_USD, so an ARS name has no marketCap_usd, sits in no band, and scores NEUTRAL on the size tilt while competing for the same slots. (3) NO PER-NAME CLEARANCE EXISTS -- separating a correctly IAS 29-restated series from a mishandled one needs a restatement-vintage audit this codebase does not perform. EXPLICITLY NOT CLAIMED OF EVERY ARS NAME: CRESY shows NO defect (worst adjacent ratio 5.0x vs BMA's 1,588x; 7.5x nominal rise vs BMA's 45.6x, i.e. BELOW Argentine inflation, which is what correct restatement looks like). CRESY is removed by this rule alone. Panel effect: 2 sources, 48 rows.] [ARS on 80/80 rows]"
stock_CUR3K@844b3eaf1ea2,BMA,2019-01-01,2010.0,128439000000.0,"currency_excluded [ARS: reports in ARS -- IAS 29 hyperinflation regime, no admitted ARS->USD rate, and this vendor is demonstrably wrong on ARS in this panel | CURRENCY-SCOPED RULE (CEO 2026-08-08): every ARS reporter is removed, whether or not its own series looks damaged. Grounds, measured on the 2026-08-07 CUR3K panel: (1) VENDOR DEFECT, on BMA -- totalAssets 2.325e16 between 2.056e13 and 2.420e13 (961x break) and revenue 1.201e9 between 1.443e12 and 1.907e12 (1,588x break), with marketCap continuous through both, so no market-cap sanity check can see it; BMA's nominal revenue also rises 45.6x over the window. (2) NO USD VALUATION IS POSSIBLE -- ARS is refused by fx_rates.ABSTAIN_CURRENCIES and absent from carveOut.FX_TO_USD, so an ARS name has no marketCap_usd, sits in no band, and scores NEUTRAL on the size tilt while competing for the same slots. (3) NO PER-NAME CLEARANCE EXISTS -- separating a correctly IAS 29-restated series from a mishandled one needs a restatement-vintage audit this codebase does not perform. EXPLICITLY NOT CLAIMED OF EVERY ARS NAME: CRESY shows NO defect (worst adjacent ratio 5.0x vs BMA's 1,588x; 7.5x nominal rise vs BMA's 45.6x, i.e. BELOW Argentine inflation, which is what correct restatement looks like). CRESY is removed by this rule alone. Panel effect: 2 sources, 48 rows.] [ARS on 80/80 rows]"
stock_CUR3K@844b3eaf1ea2,BMA,2019-04-01,3037.0,194185172600.0,"currency_excluded [ARS: reports in ARS -- IAS 29 hyperinflation regime, no admitted ARS->USD rate, and this vendor is demonstrably wrong on ARS in this panel | CURRENCY-SCOPED RULE (CEO 2026-08-08): every ARS reporter is removed, whether or not its own series looks damaged. Grounds, measured on the 2026-08-07 CUR3K panel: (1) VENDOR DEFECT, on BMA -- totalAssets 2.325e16 between 2.056e13 and 2.420e13 (961x break) and revenue 1.201e9 between 1.443e12 and 1.907e12 (1,588x break), with marketCap continuous through both, so no market-cap sanity check can see it; BMA's nominal revenue also rises 45.6x over the window. (2) NO USD VALUATION IS POSSIBLE -- ARS is refused by fx_rates.ABSTAIN_CURRENCIES and absent from carveOut.FX_TO_USD, so an ARS name has no marketCap_usd, sits in no band, and scores NEUTRAL on the size tilt while competing for the same slots. (3) NO PER-NAME CLEARANCE EXISTS -- separating a correctly IAS 29-restated series from a mishandled one needs a restatement-vintage audit this codebase does not perform. EXPLICITLY NOT CLAIMED OF EVERY ARS NAME: CRESY shows NO defect (worst adjacent ratio 5.0x vs BMA's 1,588x; 7.5x nominal rise vs BMA's 45.6x, i.e. BELOW Argentine inflation, which is what correct restatement looks like). CRESY is removed by this rule alone. Panel effect: 2 sources, 48 rows.] [ARS on 80/80 rows]"
stock_CUR3K@844b3eaf1ea2,BMA,2019-07-01,1659.5,106108098100.0,"currency_excluded [ARS: reports in ARS -- IAS 29 hyperinflation regime, no admitted ARS->USD rate, and this vendor is demonstrably wrong on ARS in this panel | CURRENCY-SCOPED RULE (CEO 2026-08-08): every ARS reporter is removed, whether or not its own series looks damaged. Grounds, measured on the 2026-08-07 CUR3K panel: (1) VENDOR DEFECT, on BMA -- totalAssets 2.325e16 between 2.056e13 and 2.420e13 (961x break) and revenue 1.201e9 between 1.443e12 and 1.907e12 (1,588x break), with marketCap continuous through both, so no market-cap sanity check can see it; BMA's nominal revenue also rises 45.6x over the window. (2) NO USD VALUATION IS POSSIBLE -- ARS is refused by fx_rates.ABSTAIN_CURRENCIES and absent from carveOut.FX_TO_USD, so an ARS name has no marketCap_usd, sits in no band, and scores NEUTRAL on the size tilt while competing for the same slots. (3) NO PER-NAME CLEARANCE EXISTS -- separating a correctly IAS 29-restated series from a mishandled one needs a restatement-vintage audit this codebase does not perform. EXPLICITLY NOT CLAIMED OF EVERY ARS NAME: CRESY shows NO defect (worst adjacent ratio 5.0x vs BMA's 1,588x; 7.5x nominal rise vs BMA's 45.6x, i.e. BELOW Argentine inflation, which is what correct restatement looks like). CRESY is removed by this rule alone. Panel effect: 2 sources, 48 rows.] [ARS on 80/80 rows]"
stock_CUR3K@844b3eaf1ea2,BMA,2019-10-01,2736.0,174830400000.0,"currency_excluded [ARS: reports in ARS -- IAS 29 hyperinflation regime, no admitted ARS->USD rate, and this vendor is demonstrably wrong on ARS in this panel | CURRENCY-SCOPED RULE (CEO 2026-08-08): every ARS reporter is removed, whether or not its own series looks damaged. Grounds, measured on the 2026-08-07 CUR3K panel: (1) VENDOR DEFECT, on BMA -- totalAssets 2.325e16 between 2.056e13 and 2.420e13 (961x break) and revenue 1.201e9 between 1.443e12 and 1.907e12 (1,588x break), with marketCap continuous through both, so no market-cap sanity check can see it; BMA's nominal revenue also rises 45.6x over the window. (2) NO USD VALUATION IS POSSIBLE -- ARS is refused by fx_rates.ABSTAIN_CURRENCIES and absent from carveOut.FX_TO_USD, so an ARS name has no marketCap_usd, sits in no band, and scores NEUTRAL on the size tilt while competing for the same slots. (3) NO PER-NAME CLEARANCE EXISTS -- separating a correctly IAS 29-restated series from a mishandled one needs a restatement-vintage audit this codebase does not perform. EXPLICITLY NOT CLAIMED OF EVERY ARS NAME: CRESY shows NO defect (worst adjacent ratio 5.0x vs BMA's 1,588x; 7.5x nominal rise vs BMA's 45.6x, i.e. BELOW Argentine inflation, which is what correct restatement looks like). CRESY is removed by this rule alone. Panel effect: 2 sources, 48 rows.] [ARS on 80/80 rows]"
stock_CUR3K@844b3eaf1ea2,BMA,2020-01-01,1396.5,89291930700.0,"currency_excluded [ARS: reports in ARS -- IAS 29 hyperinflation regime, no admitted ARS->USD rate, and this vendor is demonstrably wrong on ARS in this panel | CURRENCY-SCOPED RULE (CEO 2026-08-08): every ARS reporter is removed, whether or not its own series looks damaged. Grounds, measured on the 2026-08-07 CUR3K panel: (1) VENDOR DEFECT, on BMA -- totalAssets 2.325e16 between 2.056e13 and 2.420e13 (961x break) and revenue 1.201e9 between 1.443e12 and 1.907e12 (1,588x break), with marketCap continuous through both, so no market-cap sanity check can see it; BMA's nominal revenue also rises 45.6x over the window. (2) NO USD VALUATION IS POSSIBLE -- ARS is refused by fx_rates.ABSTAIN_CURRENCIES and absent from carveOut.FX_TO_USD, so an ARS name has no marketCap_usd, sits in no band, and scores NEUTRAL on the size tilt while competing for the same slots. (3) NO PER-NAME CLEARANCE EXISTS -- separating a correctly IAS 29-restated series from a mishandled one needs a restatement-vintage audit this codebase does not perform. EXPLICITLY NOT CLAIMED OF EVERY ARS NAME: CRESY shows NO defect (worst adjacent ratio 5.0x vs BMA's 1,588x; 7.5x nominal rise vs BMA's 45.6x, i.e. BELOW Argentine inflation, which is what correct restatement looks like). CRESY is removed by this rule alone. Panel effect: 2 sources, 48 rows.] [ARS on 80/80 rows]"
stock_CUR3K@844b3eaf1ea2,BMA,2020-04-01,1994.0,127498952200.0,"currency_excluded [ARS: reports in ARS -- IAS 29 hyperinflation regime, no admitted ARS->USD rate, and this vendor is demonstrably wrong on ARS in this panel | CURRENCY-SCOPED RULE (CEO 2026-08-08): every ARS reporter is removed, whether or not its own series looks damaged. Grounds, measured on the 2026-08-07 CUR3K panel: (1) VENDOR DEFECT, on BMA -- totalAssets 2.325e16 between 2.056e13 and 2.420e13 (961x break) and revenue 1.201e9 between 1.443e12 and 1.907e12 (1,588x break), with marketCap continuous through both, so no market-cap sanity check can see it; BMA's nominal revenue also rises 45.6x over the window. (2) NO USD VALUATION IS POSSIBLE -- ARS is refused by fx_rates.ABSTAIN_CURRENCIES and absent from carveOut.FX_TO_USD, so an ARS name has no marketCap_usd, sits in no band, and scores NEUTRAL on the size tilt while competing for the same slots. (3) NO PER-NAME CLEARANCE EXISTS -- separating a correctly IAS 29-restated series from a mishandled one needs a restatement-vintage audit this codebase does not perform. EXPLICITLY NOT CLAIMED OF EVERY ARS NAME: CRESY shows NO defect (worst adjacent ratio 5.0x vs BMA's 1,588x; 7.5x nominal rise vs BMA's 45.6x, i.e. BELOW Argentine inflation, which is what correct restatement looks like). CRESY is removed by this rule alone. Panel effect: 2 sources, 48 rows.] [ARS on 80/80 rows]"
stock_CUR3K@844b3eaf1ea2,BMA,2020-07-01,2076.0,132742138800.0,"currency_excluded [ARS: reports in ARS -- IAS 29 hyperinflation regime, no admitted ARS->USD rate, and this vendor is demonstrably wrong on ARS in this panel | CURRENCY-SCOPED RULE (CEO 2026-08-08): every ARS reporter is removed, whether or not its own series looks damaged. Grounds, measured on the 2026-08-07 CUR3K panel: (1) VENDOR DEFECT, on BMA -- totalAssets 2.325e16 between 2.056e13 and 2.420e13 (961x break) and revenue 1.201e9 between 1.443e12 and 1.907e12 (1,588x break), with marketCap continuous through both, so no market-cap sanity check can see it; BMA's nominal revenue also rises 45.6x over the window. (2) NO USD VALUATION IS POSSIBLE -- ARS is refused by fx_rates.ABSTAIN_CURRENCIES and absent from carveOut.FX_TO_USD, so an ARS name has no marketCap_usd, sits in no band, and scores NEUTRAL on the size tilt while competing for the same slots. (3) NO PER-NAME CLEARANCE EXISTS -- separating a correctly IAS 29-restated series from a mishandled one needs a restatement-vintage audit this codebase does not perform. EXPLICITLY NOT CLAIMED OF EVERY ARS NAME: CRESY shows NO defect (worst adjacent ratio 5.0x vs BMA's 1,588x; 7.5x nominal rise vs BMA's 45.6x, i.e. BELOW Argentine inflation, which is what correct restatement looks like). CRESY is removed by this rule alone. Panel effect: 2 sources, 48 rows.] [ARS on 80/80 rows]"
stock_CUR3K@844b3eaf1ea2,BMA,2020-10-01,2273.0,145244700000.0,"currency_excluded [ARS: reports in ARS -- IAS 29 hyperinflation regime, no admitted ARS->USD rate, and this vendor is demonstrably wrong on ARS in this panel | CURRENCY-SCOPED RULE (CEO 2026-08-08): every ARS reporter is removed, whether or not its own series looks damaged. Grounds, measured on the 2026-08-07 CUR3K panel: (1) VENDOR DEFECT, on BMA -- totalAssets 2.325e16 between 2.056e13 and 2.420e13 (961x break) and revenue 1.201e9 between 1.443e12 and 1.907e12 (1,588x break), with marketCap continuous through both, so no market-cap sanity check can see it; BMA's nominal revenue also rises 45.6x over the window. (2) NO USD VALUATION IS POSSIBLE -- ARS is refused by fx_rates.ABSTAIN_CURRENCIES and absent from carveOut.FX_TO_USD, so an ARS name has no marketCap_usd, sits in no band, and scores NEUTRAL on the size tilt while competing for the same slots. (3) NO PER-NAME CLEARANCE EXISTS -- separating a correctly IAS 29-restated series from a mishandled one needs a restatement-vintage audit this codebase does not perform. EXPLICITLY NOT CLAIMED OF EVERY ARS NAME: CRESY shows NO defect (worst adjacent ratio 5.0x vs BMA's 1,588x; 7.5x nominal rise vs BMA's 45.6x, i.e. BELOW Argentine inflation, which is what correct restatement looks like). CRESY is removed by this rule alone. Panel effect: 2 sources, 48 rows.] [ARS on 80/80 rows]"
stock_CUR3K@844b3eaf1ea2,BMA,2021-01-01,1969.0,127404735700.0,"currency_excluded [ARS: reports in ARS -- IAS 29 hyperinflation regime, no admitted ARS->USD rate, and this vendor is demonstrably wrong on ARS in this panel | CURRENCY-SCOPED RULE (CEO 2026-08-08): every ARS reporter is removed, whether or not its own series looks damaged. Grounds, measured on the 2026-08-07 CUR3K panel: (1) VENDOR DEFECT, on BMA -- totalAssets 2.325e16 between 2.056e13 and 2.420e13 (961x break) and revenue 1.201e9 between 1.443e12 and 1.907e12 (1,588x break), with marketCap continuous through both, so no market-cap sanity check can see it; BMA's nominal revenue also rises 45.6x over the window. (2) NO USD VALUATION IS POSSIBLE -- ARS is refused by fx_rates.ABSTAIN_CURRENCIES and absent from carveOut.FX_TO_USD, so an ARS name has no marketCap_usd, sits in no band, and scores NEUTRAL on the size tilt while competing for the same slots. (3) NO PER-NAME CLEARANCE EXISTS -- separating a correctly IAS 29-restated series from a mishandled one needs a restatement-vintage audit this codebase does not perform. EXPLICITLY NOT CLAIMED OF EVERY ARS NAME: CRESY shows NO defect (worst adjacent ratio 5.0x vs BMA's 1,588x; 7.5x nominal rise vs BMA's 45.6x, i.e. BELOW Argentine inflation, which is what correct restatement looks like). CRESY is removed by this rule alone. Panel effect: 2 sources, 48 rows.] [ARS on 80/80 rows]"
stock_CUR3K@844b3eaf1ea2,BMA,2021-04-01,2552.5,163210168250.0,"currency_excluded [ARS: reports in ARS -- IAS 29 hyperinflation regime, no admitted ARS->USD rate, and this vendor is demonstrably wrong on ARS in this panel | CURRENCY-SCOPED RULE (CEO 2026-08-08): every ARS reporter is removed, whether or not its own series looks damaged. Grounds, measured on the 2026-08-07 CUR3K panel: (1) VENDOR DEFECT, on BMA -- totalAssets 2.325e16 between 2.056e13 and 2.420e13 (961x break) and revenue 1.201e9 between 1.443e12 and 1.907e12 (1,588x break), with marketCap continuous through both, so no market-cap sanity check can see it; BMA's nominal revenue also rises 45.6x over the window. (2) NO USD VALUATION IS POSSIBLE -- ARS is refused by fx_rates.ABSTAIN_CURRENCIES and absent from carveOut.FX_TO_USD, so an ARS name has no marketCap_usd, sits in no band, and scores NEUTRAL on the size tilt while competing for the same slots. (3) NO PER-NAME CLEARANCE EXISTS -- separating a correctly IAS 29-restated series from a mishandled one needs a restatement-vintage audit this codebase does not perform. EXPLICITLY NOT CLAIMED OF EVERY ARS NAME: CRESY shows NO defect (worst adjacent ratio 5.0x vs BMA's 1,588x; 7.5x nominal rise vs BMA's 45.6x, i.e. BELOW Argentine inflation, which is what correct restatement looks like). CRESY is removed by this rule alone. Panel effect: 2 sources, 48 rows.] [ARS on 80/80 rows]"
stock_CUR3K@844b3eaf1ea2,BMA,2021-07-01,3282.5,209887317250.0,"currency_excluded [ARS: reports in ARS -- IAS 29 hyperinflation regime, no admitted ARS->USD rate, and this vendor is demonstrably wrong on ARS in this panel | CURRENCY-SCOPED RULE (CEO 2026-08-08): every ARS reporter is removed, whether or not its own series looks damaged. Grounds, measured on the 2026-08-07 CUR3K panel: (1) VENDOR DEFECT, on BMA -- totalAssets 2.325e16 between 2.056e13 and 2.420e13 (961x break) and revenue 1.201e9 between 1.443e12 and 1.907e12 (1,588x break), with marketCap continuous through both, so no market-cap sanity check can see it; BMA's nominal revenue also rises 45.6x over the window. (2) NO USD VALUATION IS POSSIBLE -- ARS is refused by fx_rates.ABSTAIN_CURRENCIES and absent from carveOut.FX_TO_USD, so an ARS name has no marketCap_usd, sits in no band, and scores NEUTRAL on the size tilt while competing for the same slots. (3) NO PER-NAME CLEARANCE EXISTS -- separating a correctly IAS 29-restated series from a mishandled one needs a restatement-vintage audit this codebase does not perform. EXPLICITLY NOT CLAIMED OF EVERY ARS NAME: CRESY shows NO defect (worst adjacent ratio 5.0x vs BMA's 1,588x; 7.5x nominal rise vs BMA's 45.6x, i.e. BELOW Argentine inflation, which is what correct restatement looks like). CRESY is removed by this rule alone. Panel effect: 2 sources, 48 rows.] [ARS on 80/80 rows]"
stock_CUR3K@844b3eaf1ea2,BMA,2021-10-01,2876.0,183776400000.0,"currency_excluded [ARS: reports in ARS -- IAS 29 hyperinflation regime, no admitted ARS->USD rate, and this vendor is demonstrably wrong on ARS in this panel | CURRENCY-SCOPED RULE (CEO 2026-08-08): every ARS reporter is removed, whether or not its own series looks damaged. Grounds, measured on the 2026-08-07 CUR3K panel: (1) VENDOR DEFECT, on BMA -- totalAssets 2.325e16 between 2.056e13 and 2.420e13 (961x break) and revenue 1.201e9 between 1.443e12 and 1.907e12 (1,588x break), with marketCap continuous through both, so no market-cap sanity check can see it; BMA's nominal revenue also rises 45.6x over the window. (2) NO USD VALUATION IS POSSIBLE -- ARS is refused by fx_rates.ABSTAIN_CURRENCIES and absent from carveOut.FX_TO_USD, so an ARS name has no marketCap_usd, sits in no band, and scores NEUTRAL on the size tilt while competing for the same slots. (3) NO PER-NAME CLEARANCE EXISTS -- separating a correctly IAS 29-restated series from a mishandled one needs a restatement-vintage audit this codebase does not perform. EXPLICITLY NOT CLAIMED OF EVERY ARS NAME: CRESY shows NO defect (worst adjacent ratio 5.0x vs BMA's 1,588x; 7.5x nominal rise vs BMA's 45.6x, i.e. BELOW Argentine inflation, which is what correct restatement looks like). CRESY is removed by this rule alone. Panel effect: 2 sources, 48 rows.] [ARS on 80/80 rows]"
stock_CUR3K@844b3eaf1ea2,BMA,2022-01-01,3289.5,210334906350.0,"currency_excluded [ARS: reports in ARS -- IAS 29 hyperinflation regime, no admitted ARS->USD rate, and this vendor is demonstrably wrong on ARS in this panel | CURRENCY-SCOPED RULE (CEO 2026-08-08): every ARS reporter is removed, whether or not its own series looks damaged. Grounds, measured on the 2026-08-07 CUR3K panel: (1) VENDOR DEFECT, on BMA -- totalAssets 2.325e16 between 2.056e13 and 2.420e13 (961x break) and revenue 1.201e9 between 1.443e12 and 1.907e12 (1,588x break), with marketCap continuous through both, so no market-cap sanity check can see it; BMA's nominal revenue also rises 45.6x over the window. (2) NO USD VALUATION IS POSSIBLE -- ARS is refused by fx_rates.ABSTAIN_CURRENCIES and absent from carveOut.FX_TO_USD, so an ARS name has no marketCap_usd, sits in no band, and scores NEUTRAL on the size tilt while competing for the same slots. (3) NO PER-NAME CLEARANCE EXISTS -- separating a correctly IAS 29-restated series from a mishandled one needs a restatement-vintage audit this codebase does not perform. EXPLICITLY NOT CLAIMED OF EVERY ARS NAME: CRESY shows NO defect (worst adjacent ratio 5.0x vs BMA's 1,588x; 7.5x nominal rise vs BMA's 45.6x, i.e. BELOW Argentine inflation, which is what correct restatement looks like). CRESY is removed by this rule alone. Panel effect: 2 sources, 48 rows.] [ARS on 80/80 rows]"
stock_CUR3K@844b3eaf1ea2,BMA,2022-04-01,2850.5,182264675650.0,"currency_excluded [ARS: reports in ARS -- IAS 29 hyperinflation regime, no admitted ARS->USD rate, and this vendor is demonstrably wrong on ARS in this panel | CURRENCY-SCOPED RULE (CEO 2026-08-08): every ARS reporter is removed, whether or not its own series looks damaged. Grounds, measured on the 2026-08-07 CUR3K panel: (1) VENDOR DEFECT, on BMA -- totalAssets 2.325e16 between 2.056e13 and 2.420e13 (961x break) and revenue 1.201e9 between 1.443e12 and 1.907e12 (1,588x break), with marketCap continuous through both, so no market-cap sanity check can see it; BMA's nominal revenue also rises 45.6x over the window. (2) NO USD VALUATION IS POSSIBLE -- ARS is refused by fx_rates.ABSTAIN_CURRENCIES and absent from carveOut.FX_TO_USD, so an ARS name has no marketCap_usd, sits in no band, and scores NEUTRAL on the size tilt while competing for the same slots. (3) NO PER-NAME CLEARANCE EXISTS -- separating a correctly IAS 29-restated series from a mishandled one needs a restatement-vintage audit this codebase does not perform. EXPLICITLY NOT CLAIMED OF EVERY ARS NAME: CRESY shows NO defect (worst adjacent ratio 5.0x vs BMA's 1,588x; 7.5x nominal rise vs BMA's 45.6x, i.e. BELOW Argentine inflation, which is what correct restatement looks like). CRESY is removed by this rule alone. Panel effect: 2 sources, 48 rows.] [ARS on 80/80 rows]"
stock_CUR3K@844b3eaf1ea2,BMA,2022-07-01,4373.0,279615304900.0,"currency_excluded [ARS: reports in ARS -- IAS 29 hyperinflation regime, no admitted ARS->USD rate, and this vendor is demonstrably wrong on ARS in this panel | CURRENCY-SCOPED RULE (CEO 2026-08-08): every ARS reporter is removed, whether or not its own series looks damaged. Grounds, measured on the 2026-08-07 CUR3K panel: (1) VENDOR DEFECT, on BMA -- totalAssets 2.325e16 between 2.056e13 and 2.420e13 (961x break) and revenue 1.201e9 between 1.443e12 and 1.907e12 (1,588x break), with marketCap continuous through both, so no market-cap sanity check can see it; BMA's nominal revenue also rises 45.6x over the window. (2) NO USD VALUATION IS POSSIBLE -- ARS is refused by fx_rates.ABSTAIN_CURRENCIES and absent from carveOut.FX_TO_USD, so an ARS name has no marketCap_usd, sits in no band, and scores NEUTRAL on the size tilt while competing for the same slots. (3) NO PER-NAME CLEARANCE EXISTS -- separating a correctly IAS 29-restated series from a mishandled one needs a restatement-vintage audit this codebase does not perform. EXPLICITLY NOT CLAIMED OF EVERY ARS NAME: CRESY shows NO defect (worst adjacent ratio 5.0x vs BMA's 1,588x; 7.5x nominal rise vs BMA's 45.6x, i.e. BELOW Argentine inflation, which is what correct restatement looks like). CRESY is removed by this rule alone. Panel effect: 2 sources, 48 rows.] [ARS on 80/80 rows]"
stock_CUR3K@844b3eaf1ea2,BMA,2022-10-01,5611.0,358774634300.0,"currency_excluded [ARS: reports in ARS -- IAS 29 hyperinflation regime, no admitted ARS->USD rate, and this vendor is demonstrably wrong on ARS in this panel | CURRENCY-SCOPED RULE (CEO 2026-08-08): every ARS reporter is removed, whether or not its own series looks damaged. Grounds, measured on the 2026-08-07 CUR3K panel: (1) VENDOR DEFECT, on BMA -- totalAssets 2.325e16 between 2.056e13 and 2.420e13 (961x break) and revenue 1.201e9 between 1.443e12 and 1.907e12 (1,588x break), with marketCap continuous through both, so no market-cap sanity check can see it; BMA's nominal revenue also rises 45.6x over the window. (2) NO USD VALUATION IS POSSIBLE -- ARS is refused by fx_rates.ABSTAIN_CURRENCIES and absent from carveOut.FX_TO_USD, so an ARS name has no marketCap_usd, sits in no band, and scores NEUTRAL on the size tilt while competing for the same slots. (3) NO PER-NAME CLEARANCE EXISTS -- separating a correctly IAS 29-restated series from a mishandled one needs a restatement-vintage audit this codebase does not perform. EXPLICITLY NOT CLAIMED OF EVERY ARS NAME: CRESY shows NO defect (worst adjacent ratio 5.0x vs BMA's 1,588x; 7.5x nominal rise vs BMA's 45.6x, i.e. BELOW Argentine inflation, which is what correct restatement looks like). CRESY is removed by this rule alone. Panel effect: 2 sources, 48 rows.] [ARS on 80/80 rows]"
stock_CUR3K@844b3eaf1ea2,BMA,2023-01-01,7207.5,460856919750.0,"currency_excluded [ARS: reports in ARS -- IAS 29 hyperinflation regime, no admitted ARS->USD rate, and this vendor is demonstrably wrong on ARS in this panel | CURRENCY-SCOPED RULE (CEO 2026-08-08): every ARS reporter is removed, whether or not its own series looks damaged. Grounds, measured on the 2026-08-07 CUR3K panel: (1) VENDOR DEFECT, on BMA -- totalAssets 2.325e16 between 2.056e13 and 2.420e13 (961x break) and revenue 1.201e9 between 1.443e12 and 1.907e12 (1,588x break), with marketCap continuous through both, so no market-cap sanity check can see it; BMA's nominal revenue also rises 45.6x over the window. (2) NO USD VALUATION IS POSSIBLE -- ARS is refused by fx_rates.ABSTAIN_CURRENCIES and absent from carveOut.FX_TO_USD, so an ARS name has no marketCap_usd, sits in no band, and scores NEUTRAL on the size tilt while competing for the same slots. (3) NO PER-NAME CLEARANCE EXISTS -- separating a correctly IAS 29-restated series from a mishandled one needs a restatement-vintage audit this codebase does not perform. EXPLICITLY NOT CLAIMED OF EVERY ARS NAME: CRESY shows NO defect (worst adjacent ratio 5.0x vs BMA's 1,588x; 7.5x nominal rise vs BMA's 45.6x, i.e. BELOW Argentine inflation, which is what correct restatement looks like). CRESY is removed by this rule alone. Panel effect: 2 sources, 48 rows.] [ARS on 80/80 rows]"
stock_CUR3K@844b3eaf1ea2,BMA,2023-04-01,14321.5,915735327950.0,"currency_excluded [ARS: reports in ARS -- IAS 29 hyperinflation regime, no admitted ARS->USD rate, and this vendor is demonstrably wrong on ARS in this panel | CURRENCY-SCOPED RULE (CEO 2026-08-08): every ARS reporter is removed, whether or not its own series looks damaged. Grounds, measured on the 2026-08-07 CUR3K panel: (1) VENDOR DEFECT, on BMA -- totalAssets 2.325e16 between 2.056e13 and 2.420e13 (961x break) and revenue 1.201e9 between 1.443e12 and 1.907e12 (1,588x break), with marketCap continuous through both, so no market-cap sanity check can see it; BMA's nominal revenue also rises 45.6x over the window. (2) NO USD VALUATION IS POSSIBLE -- ARS is refused by fx_rates.ABSTAIN_CURRENCIES and absent from carveOut.FX_TO_USD, so an ARS name has no marketCap_usd, sits in no band, and scores NEUTRAL on the size tilt while competing for the same slots. (3) NO PER-NAME CLEARANCE EXISTS -- separating a correctly IAS 29-restated series from a mishandled one needs a restatement-vintage audit this codebase does not perform. EXPLICITLY NOT CLAIMED OF EVERY ARS NAME: CRESY shows NO defect (worst adjacent ratio 5.0x vs BMA's 1,588x; 7.5x nominal rise vs BMA's 45.6x, i.e. BELOW Argentine inflation, which is what correct restatement looks like). CRESY is removed by this rule alone. Panel effect: 2 sources, 48 rows.] [ARS on 80/80 rows]"
stock_CUR3K@844b3eaf1ea2,BMA,2023-07-01,14675.5,938370548150.0,"currency_excluded [ARS: reports in ARS -- IAS 29 hyperinflation regime, no admitted ARS->USD rate, and this vendor is demonstrably wrong on ARS in this panel | CURRENCY-SCOPED RULE (CEO 2026-08-08): every ARS reporter is removed, whether or not its own series looks damaged. Grounds, measured on the 2026-08-07 CUR3K panel: (1) VENDOR DEFECT, on BMA -- totalAssets 2.325e16 between 2.056e13 and 2.420e13 (961x break) and revenue 1.201e9 between 1.443e12 and 1.907e12 (1,588x break), with marketCap continuous through both, so no market-cap sanity check can see it; BMA's nominal revenue also rises 45.6x over the window. (2) NO USD VALUATION IS POSSIBLE -- ARS is refused by fx_rates.ABSTAIN_CURRENCIES and absent from carveOut.FX_TO_USD, so an ARS name has no marketCap_usd, sits in no band, and scores NEUTRAL on the size tilt while competing for the same slots. (3) NO PER-NAME CLEARANCE EXISTS -- separating a correctly IAS 29-restated series from a mishandled one needs a restatement-vintage audit this codebase does not perform. EXPLICITLY NOT CLAIMED OF EVERY ARS NAME: CRESY shows NO defect (worst adjacent ratio 5.0x vs BMA's 1,588x; 7.5x nominal rise vs BMA's 45.6x, i.e. BELOW Argentine inflation, which is what correct restatement looks like). CRESY is removed by this rule alone. Panel effect: 2 sources, 48 rows.] [ARS on 80/80 rows]"
stock_CUR3K@844b3eaf1ea2,BMA,2023-10-01,26708.60472429119,1707232710000.0,"currency_excluded [ARS: reports in ARS -- IAS 29 hyperinflation regime, no admitted ARS->USD rate, and this vendor is demonstrably wrong on ARS in this panel | CURRENCY-SCOPED RULE (CEO 2026-08-08): every ARS reporter is removed, whether or not its own series looks damaged. Grounds, measured on the 2026-08-07 CUR3K panel: (1) VENDOR DEFECT, on BMA -- totalAssets 2.325e16 between 2.056e13 and 2.420e13 (961x break) and revenue 1.201e9 between 1.443e12 and 1.907e12 (1,588x break), with marketCap continuous through both, so no market-cap sanity check can see it; BMA's nominal revenue also rises 45.6x over the window. (2) NO USD VALUATION IS POSSIBLE -- ARS is refused by fx_rates.ABSTAIN_CURRENCIES and absent from carveOut.FX_TO_USD, so an ARS name has no marketCap_usd, sits in no band, and scores NEUTRAL on the size tilt while competing for the same slots. (3) NO PER-NAME CLEARANCE EXISTS -- separating a correctly IAS 29-restated series from a mishandled one needs a restatement-vintage audit this codebase does not perform. EXPLICITLY NOT CLAIMED OF EVERY ARS NAME: CRESY shows NO defect (worst adjacent ratio 5.0x vs BMA's 1,588x; 7.5x nominal rise vs BMA's 45.6x, i.e. BELOW Argentine inflation, which is what correct restatement looks like). CRESY is removed by this rule alone. Panel effect: 2 sources, 48 rows.] [ARS on 80/80 rows]"
stock_CUR3K@844b3eaf1ea2,BMA,2024-01-01,54021.5,3454204937950.0,"currency_excluded [ARS: reports in ARS -- IAS 29 hyperinflation regime, no admitted ARS->USD rate, and this vendor is demonstrably wrong on ARS in this panel | CURRENCY-SCOPED RULE (CEO 2026-08-08): every ARS reporter is removed, whether or not its own series looks damaged. Grounds, measured on the 2026-08-07 CUR3K panel: (1) VENDOR DEFECT, on BMA -- totalAssets 2.325e16 between 2.056e13 and 2.420e13 (961x break) and revenue 1.201e9 between 1.443e12 and 1.907e12 (1,588x break), with marketCap continuous through both, so no market-cap sanity check can see it; BMA's nominal revenue also rises 45.6x over the window. (2) NO USD VALUATION IS POSSIBLE -- ARS is refused by fx_rates.ABSTAIN_CURRENCIES and absent from carveOut.FX_TO_USD, so an ARS name has no marketCap_usd, sits in no band, and scores NEUTRAL on the size tilt while competing for the same slots. (3) NO PER-NAME CLEARANCE EXISTS -- separating a correctly IAS 29-restated series from a mishandled one needs a restatement-vintage audit this codebase does not perform. EXPLICITLY NOT CLAIMED OF EVERY ARS NAME: CRESY shows NO defect (worst adjacent ratio 5.0x vs BMA's 1,588x; 7.5x nominal rise vs BMA's 45.6x, i.e. BELOW Argentine inflation, which is what correct restatement looks like). CRESY is removed by this rule alone. Panel effect: 2 sources, 48 rows.] [ARS on 80/80 rows]"
stock_CUR3K@844b3eaf1ea2,BMA,2024-04-01,72246.0,4619503159800.0,"currency_excluded [ARS: reports in ARS -- IAS 29 hyperinflation regime, no admitted ARS->USD rate, and this vendor is demonstrably wrong on ARS in this panel | CURRENCY-SCOPED RULE (CEO 2026-08-08): every ARS reporter is removed, whether or not its own series looks damaged. Grounds, measured on the 2026-08-07 CUR3K panel: (1) VENDOR DEFECT, on BMA -- totalAssets 2.325e16 between 2.056e13 and 2.420e13 (961x break) and revenue 1.201e9 between 1.443e12 and 1.907e12 (1,588x break), with marketCap continuous through both, so no market-cap sanity check can see it; BMA's nominal revenue also rises 45.6x over the window. (2) NO USD VALUATION IS POSSIBLE -- ARS is refused by fx_rates.ABSTAIN_CURRENCIES and absent from carveOut.FX_TO_USD, so an ARS name has no marketCap_usd, sits in no band, and scores NEUTRAL on the size tilt while competing for the same slots. (3) NO PER-NAME CLEARANCE EXISTS -- separating a correctly IAS 29-restated series from a mishandled one needs a restatement-vintage audit this codebase does not perform. EXPLICITLY NOT CLAIMED OF EVERY ARS NAME: CRESY shows NO defect (worst adjacent ratio 5.0x vs BMA's 1,588x; 7.5x nominal rise vs BMA's 45.6x, i.e. BELOW Argentine inflation, which is what correct restatement looks like). CRESY is removed by this rule alone. Panel effect: 2 sources, 48 rows.] [ARS on 80/80 rows]"
stock_CUR3K@844b3eaf1ea2,BMA,2024-07-01,79000.0,5051362700000.0,"currency_excluded [ARS: reports in ARS -- IAS 29 hyperinflation regime, no admitted ARS->USD rate, and this vendor is demonstrably wrong on ARS in this panel | CURRENCY-SCOPED RULE (CEO 2026-08-08): every ARS reporter is removed, whether or not its own series looks damaged. Grounds, measured on the 2026-08-07 CUR3K panel: (1) VENDOR DEFECT, on BMA -- totalAssets 2.325e16 between 2.056e13 and 2.420e13 (961x break) and revenue 1.201e9 between 1.443e12 and 1.907e12 (1,588x break), with marketCap continuous through both, so no market-cap sanity check can see it; BMA's nominal revenue also rises 45.6x over the window. (2) NO USD VALUATION IS POSSIBLE -- ARS is refused by fx_rates.ABSTAIN_CURRENCIES and absent from carveOut.FX_TO_USD, so an ARS name has no marketCap_usd, sits in no band, and scores NEUTRAL on the size tilt while competing for the same slots. (3) NO PER-NAME CLEARANCE EXISTS -- separating a correctly IAS 29-restated series from a mishandled one needs a restatement-vintage audit this codebase does not perform. EXPLICITLY NOT CLAIMED OF EVERY ARS NAME: CRESY shows NO defect (worst adjacent ratio 5.0x vs BMA's 1,588x; 7.5x nominal rise vs BMA's 45.6x, i.e. BELOW Argentine inflation, which is what correct restatement looks like). CRESY is removed by this rule alone. Panel effect: 2 sources, 48 rows.] [ARS on 80/80 rows]"
stock_CUR3K@844b3eaf1ea2,BMA,2024-10-01,114500.0,7321278850000.0,"currency_excluded [ARS: reports in ARS -- IAS 29 hyperinflation regime, no admitted ARS->USD rate, and this vendor is demonstrably wrong on ARS in this panel | CURRENCY-SCOPED RULE (CEO 2026-08-08): every ARS reporter is removed, whether or not its own series looks damaged. Grounds, measured on the 2026-08-07 CUR3K panel: (1) VENDOR DEFECT, on BMA -- totalAssets 2.325e16 between 2.056e13 and 2.420e13 (961x break) and revenue 1.201e9 between 1.443e12 and 1.907e12 (1,588x break), with marketCap continuous through both, so no market-cap sanity check can see it; BMA's nominal revenue also rises 45.6x over the window. (2) NO USD VALUATION IS POSSIBLE -- ARS is refused by fx_rates.ABSTAIN_CURRENCIES and absent from carveOut.FX_TO_USD, so an ARS name has no marketCap_usd, sits in no band, and scores NEUTRAL on the size tilt while competing for the same slots. (3) NO PER-NAME CLEARANCE EXISTS -- separating a correctly IAS 29-restated series from a mishandled one needs a restatement-vintage audit this codebase does not perform. EXPLICITLY NOT CLAIMED OF EVERY ARS NAME: CRESY shows NO defect (worst adjacent ratio 5.0x vs BMA's 1,588x; 7.5x nominal rise vs BMA's 45.6x, i.e. BELOW Argentine inflation, which is what correct restatement looks like). CRESY is removed by this rule alone. Panel effect: 2 sources, 48 rows.] [ARS on 80/80 rows]"
stock_CUR3K@844b3eaf1ea2,BMA,2025-01-01,99300.0,6349371090000.0,"currency_excluded [ARS: reports in ARS -- IAS 29 hyperinflation regime, no admitted ARS->USD rate, and this vendor is demonstrably wrong on ARS in this panel | CURRENCY-SCOPED RULE (CEO 2026-08-08): every ARS reporter is removed, whether or not its own series looks damaged. Grounds, measured on the 2026-08-07 CUR3K panel: (1) VENDOR DEFECT, on BMA -- totalAssets 2.325e16 between 2.056e13 and 2.420e13 (961x break) and revenue 1.201e9 between 1.443e12 and 1.907e12 (1,588x break), with marketCap continuous through both, so no market-cap sanity check can see it; BMA's nominal revenue also rises 45.6x over the window. (2) NO USD VALUATION IS POSSIBLE -- ARS is refused by fx_rates.ABSTAIN_CURRENCIES and absent from carveOut.FX_TO_USD, so an ARS name has no marketCap_usd, sits in no band, and scores NEUTRAL on the size tilt while competing for the same slots. (3) NO PER-NAME CLEARANCE EXISTS -- separating a correctly IAS 29-restated series from a mishandled one needs a restatement-vintage audit this codebase does not perform. EXPLICITLY NOT CLAIMED OF EVERY ARS NAME: CRESY shows NO defect (worst adjacent ratio 5.0x vs BMA's 1,588x; 7.5x nominal rise vs BMA's 45.6x, i.e. BELOW Argentine inflation, which is what correct restatement looks like). CRESY is removed by this rule alone. Panel effect: 2 sources, 48 rows.] [ARS on 80/80 rows]"
stock_CUR3K@844b3eaf1ea2,BMA,2025-04-01,84100.0,5377463330000.0,"currency_excluded [ARS: reports in ARS -- IAS 29 hyperinflation regime, no admitted ARS->USD rate, and this vendor is demonstrably wrong on ARS in this panel | CURRENCY-SCOPED RULE (CEO 2026-08-08): every ARS reporter is removed, whether or not its own series looks damaged. Grounds, measured on the 2026-08-07 CUR3K panel: (1) VENDOR DEFECT, on BMA -- totalAssets 2.325e16 between 2.056e13 and 2.420e13 (961x break) and revenue 1.201e9 between 1.443e12 and 1.907e12 (1,588x break), with marketCap continuous through both, so no market-cap sanity check can see it; BMA's nominal revenue also rises 45.6x over the window. (2) NO USD VALUATION IS POSSIBLE -- ARS is refused by fx_rates.ABSTAIN_CURRENCIES and absent from carveOut.FX_TO_USD, so an ARS name has no marketCap_usd, sits in no band, and scores NEUTRAL on the size tilt while competing for the same slots. (3) NO PER-NAME CLEARANCE EXISTS -- separating a correctly IAS 29-restated series from a mishandled one needs a restatement-vintage audit this codebase does not perform. EXPLICITLY NOT CLAIMED OF EVERY ARS NAME: CRESY shows NO defect (worst adjacent ratio 5.0x vs BMA's 1,588x; 7.5x nominal rise vs BMA's 45.6x, i.e. BELOW Argentine inflation, which is what correct restatement looks like). CRESY is removed by this rule alone. Panel effect: 2 sources, 48 rows.] [ARS on 80/80 rows]"
stock_CUR3K@844b3eaf1ea2,BMA,2025-07-01,64450.0,4121016785000.0,"currency_excluded [ARS: reports in ARS -- IAS 29 hyperinflation regime, no admitted ARS->USD rate, and this vendor is demonstrably wrong on ARS in this panel | CURRENCY-SCOPED RULE (CEO 2026-08-08): every ARS reporter is removed, whether or not its own series looks damaged. Grounds, measured on the 2026-08-07 CUR3K panel: (1) VENDOR DEFECT, on BMA -- totalAssets 2.325e16 between 2.056e13 and 2.420e13 (961x break) and revenue 1.201e9 between 1.443e12 and 1.907e12 (1,588x break), with marketCap continuous through both, so no market-cap sanity check can see it; BMA's nominal revenue also rises 45.6x over the window. (2) NO USD VALUATION IS POSSIBLE -- ARS is refused by fx_rates.ABSTAIN_CURRENCIES and absent from carveOut.FX_TO_USD, so an ARS name has no marketCap_usd, sits in no band, and scores NEUTRAL on the size tilt while competing for the same slots. (3) NO PER-NAME CLEARANCE EXISTS -- separating a correctly IAS 29-restated series from a mishandled one needs a restatement-vintage audit this codebase does not perform. EXPLICITLY NOT CLAIMED OF EVERY ARS NAME: CRESY shows NO defect (worst adjacent ratio 5.0x vs BMA's 1,588x; 7.5x nominal rise vs BMA's 45.6x, i.e. BELOW Argentine inflation, which is what correct restatement looks like). CRESY is removed by this rule alone. Panel effect: 2 sources, 48 rows.] [ARS on 80/80 rows]"
stock_CUR3K@844b3eaf1ea2,BMA,2025-10-01,135700.0,8676834410000.0,"currency_excluded [ARS: reports in ARS -- IAS 29 hyperinflation regime, no admitted ARS->USD rate, and this vendor is demonstrably wrong on ARS in this panel | CURRENCY-SCOPED RULE (CEO 2026-08-08): every ARS reporter is removed, whether or not its own series looks damaged. Grounds, measured on the 2026-08-07 CUR3K panel: (1) VENDOR DEFECT, on BMA -- totalAssets 2.325e16 between 2.056e13 and 2.420e13 (961x break) and revenue 1.201e9 between 1.443e12 and 1.907e12 (1,588x break), with marketCap continuous through both, so no market-cap sanity check can see it; BMA's nominal revenue also rises 45.6x over the window. (2) NO USD VALUATION IS POSSIBLE -- ARS is refused by fx_rates.ABSTAIN_CURRENCIES and absent from carveOut.FX_TO_USD, so an ARS name has no marketCap_usd, sits in no band, and scores NEUTRAL on the size tilt while competing for the same slots. (3) NO PER-NAME CLEARANCE EXISTS -- separating a correctly IAS 29-restated series from a mishandled one needs a restatement-vintage audit this codebase does not perform. EXPLICITLY NOT CLAIMED OF EVERY ARS NAME: CRESY shows NO defect (worst adjacent ratio 5.0x vs BMA's 1,588x; 7.5x nominal rise vs BMA's 45.6x, i.e. BELOW Argentine inflation, which is what correct restatement looks like). CRESY is removed by this rule alone. Panel effect: 2 sources, 48 rows.] [ARS on 80/80 rows]"
stock_CUR3K@844b3eaf1ea2,BMA,2026-01-01,114100.0,7295439900000.0,"currency_excluded [ARS: reports in ARS -- IAS 29 hyperinflation regime, no admitted ARS->USD rate, and this vendor is demonstrably wrong on ARS in this panel | CURRENCY-SCOPED RULE (CEO 2026-08-08): every ARS reporter is removed, whether or not its own series looks damaged. Grounds, measured on the 2026-08-07 CUR3K panel: (1) VENDOR DEFECT, on BMA -- totalAssets 2.325e16 between 2.056e13 and 2.420e13 (961x break) and revenue 1.201e9 between 1.443e12 and 1.907e12 (1,588x break), with marketCap continuous through both, so no market-cap sanity check can see it; BMA's nominal revenue also rises 45.6x over the window. (2) NO USD VALUATION IS POSSIBLE -- ARS is refused by fx_rates.ABSTAIN_CURRENCIES and absent from carveOut.FX_TO_USD, so an ARS name has no marketCap_usd, sits in no band, and scores NEUTRAL on the size tilt while competing for the same slots. (3) NO PER-NAME CLEARANCE EXISTS -- separating a correctly IAS 29-restated series from a mishandled one needs a restatement-vintage audit this codebase does not perform. EXPLICITLY NOT CLAIMED OF EVERY ARS NAME: CRESY shows NO defect (worst adjacent ratio 5.0x vs BMA's 1,588x; 7.5x nominal rise vs BMA's 45.6x, i.e. BELOW Argentine inflation, which is what correct restatement looks like). CRESY is removed by this rule alone. Panel effect: 2 sources, 48 rows.] [ARS on 80/80 rows]"
stock_CUR3K@844b3eaf1ea2,CRESY,2006-01-01,37.100000187477306,734174203.91,"currency_excluded [ARS: reports in ARS -- IAS 29 hyperinflation regime, no admitted ARS->USD rate, and this vendor is demonstrably wrong on ARS in this panel | CURRENCY-SCOPED RULE (CEO 2026-08-08): every ARS reporter is removed, whether or not its own series looks damaged. Grounds, measured on the 2026-08-07 CUR3K panel: (1) VENDOR DEFECT, on BMA -- totalAssets 2.325e16 between 2.056e13 and 2.420e13 (961x break) and revenue 1.201e9 between 1.443e12 and 1.907e12 (1,588x break), with marketCap continuous through both, so no market-cap sanity check can see it; BMA's nominal revenue also rises 45.6x over the window. (2) NO USD VALUATION IS POSSIBLE -- ARS is refused by fx_rates.ABSTAIN_CURRENCIES and absent from carveOut.FX_TO_USD, so an ARS name has no marketCap_usd, sits in no band, and scores NEUTRAL on the size tilt while competing for the same slots. (3) NO PER-NAME CLEARANCE EXISTS -- separating a correctly IAS 29-restated series from a mishandled one needs a restatement-vintage audit this codebase does not perform. EXPLICITLY NOT CLAIMED OF EVERY ARS NAME: CRESY shows NO defect (worst adjacent ratio 5.0x vs BMA's 1,588x; 7.5x nominal rise vs BMA's 45.6x, i.e. BELOW Argentine inflation, which is what correct restatement looks like). CRESY is removed by this rule alone. Panel effect: 2 sources, 48 rows.] [ARS on 80/80 rows]"
stock_CUR3K@844b3eaf1ea2,CRESY,2006-04-01,35.4,713620068.6,"currency_excluded [ARS: reports in ARS -- IAS 29 hyperinflation regime, no admitted ARS->USD rate, and this vendor is demonstrably wrong on ARS in this panel | CURRENCY-SCOPED RULE (CEO 2026-08-08): every ARS reporter is removed, whether or not its own series looks damaged. Grounds, measured on the 2026-08-07 CUR3K panel: (1) VENDOR DEFECT, on BMA -- totalAssets 2.325e16 between 2.056e13 and 2.420e13 (961x break) and revenue 1.201e9 between 1.443e12 and 1.907e12 (1,588x break), with marketCap continuous through both, so no market-cap sanity check can see it; BMA's nominal revenue also rises 45.6x over the window. (2) NO USD VALUATION IS POSSIBLE -- ARS is refused by fx_rates.ABSTAIN_CURRENCIES and absent from carveOut.FX_TO_USD, so an ARS name has no marketCap_usd, sits in no band, and scores NEUTRAL on the size tilt while competing for the same slots. (3) NO PER-NAME CLEARANCE EXISTS -- separating a correctly IAS 29-restated series from a mishandled one needs a restatement-vintage audit this codebase does not perform. EXPLICITLY NOT CLAIMED OF EVERY ARS NAME: CRESY shows NO defect (worst adjacent ratio 5.0x vs BMA's 1,588x; 7.5x nominal rise vs BMA's 45.6x, i.e. BELOW Argentine inflation, which is what correct restatement looks like). CRESY is removed by this rule alone. Panel effect: 2 sources, 48 rows.] [ARS on 80/80 rows]"
stock_CUR3K@844b3eaf1ea2,CRESY,2006-07-01,35.50000054269844,928876826.1999999,"currency_excluded [ARS: reports in ARS -- IAS 29 hyperinflation regime, no admitted ARS->USD rate, and this vendor is demonstrably wrong on ARS in this panel | CURRENCY-SCOPED RULE (CEO 2026-08-08): every ARS reporter is removed, whether or not its own series looks damaged. Grounds, measured on the 2026-08-07 CUR3K panel: (1) VENDOR DEFECT, on BMA -- totalAssets 2.325e16 between 2.056e13 and 2.420e13 (961x break) and revenue 1.201e9 between 1.443e12 and 1.907e12 (1,588x break), with marketCap continuous through both, so no market-cap sanity check can see it; BMA's nominal revenue also rises 45.6x over the window. (2) NO USD VALUATION IS POSSIBLE -- ARS is refused by fx_rates.ABSTAIN_CURRENCIES and absent from carveOut.FX_TO_USD, so an ARS name has no marketCap_usd, sits in no band, and scores NEUTRAL on the size tilt while competing for the same slots. (3) NO PER-NAME CLEARANCE EXISTS -- separating a correctly IAS 29-restated series from a mishandled one needs a restatement-vintage audit this codebase does not perform. EXPLICITLY NOT CLAIMED OF EVERY ARS NAME: CRESY shows NO defect (worst adjacent ratio 5.0x vs BMA's 1,588x; 7.5x nominal rise vs BMA's 45.6x, i.e. BELOW Argentine inflation, which is what correct restatement looks like). CRESY is removed by this rule alone. Panel effect: 2 sources, 48 rows.] [ARS on 80/80 rows]"
stock_CUR3K@844b3eaf1ea2,CRESY,2006-10-01,45.80000087166586,1203236325.9,"currency_excluded [ARS: reports in ARS -- IAS 29 hyperinflation regime, no admitted ARS->USD rate, and this vendor is demonstrably wrong on ARS in this panel | CURRENCY-SCOPED RULE (CEO 2026-08-08): every ARS reporter is removed, whether or not its own series looks damaged. Grounds, measured on the 2026-08-07 CUR3K panel: (1) VENDOR DEFECT, on BMA -- totalAssets 2.325e16 between 2.056e13 and 2.420e13 (961x break) and revenue 1.201e9 between 1.443e12 and 1.907e12 (1,588x break), with marketCap continuous through both, so no market-cap sanity check can see it; BMA's nominal revenue also rises 45.6x over the window. (2) NO USD VALUATION IS POSSIBLE -- ARS is refused by fx_rates.ABSTAIN_CURRENCIES and absent from carveOut.FX_TO_USD, so an ARS name has no marketCap_usd, sits in no band, and scores NEUTRAL on the size tilt while competing for the same slots. (3) NO PER-NAME CLEARANCE EXISTS -- separating a correctly IAS 29-restated series from a mishandled one needs a restatement-vintage audit this codebase does not perform. EXPLICITLY NOT CLAIMED OF EVERY ARS NAME: CRESY shows NO defect (worst adjacent ratio 5.0x vs BMA's 1,588x; 7.5x nominal rise vs BMA's 45.6x, i.e. BELOW Argentine inflation, which is what correct restatement looks like). CRESY is removed by this rule alone. Panel effect: 2 sources, 48 rows.] [ARS on 80/80 rows]"
stock_CUR3K@844b3eaf1ea2,CRESY,2007-01-01,52.90000118025951,1422607515.64,"currency_excluded [ARS: reports in ARS -- IAS 29 hyperinflation regime, no admitted ARS->USD rate, and this vendor is demonstrably wrong on ARS in this panel | CURRENCY-SCOPED RULE (CEO 2026-08-08): every ARS reporter is removed, whether or not its own series looks damaged. Grounds, measured on the 2026-08-07 CUR3K panel: (1) VENDOR DEFECT, on BMA -- totalAssets 2.325e16 between 2.056e13 and 2.420e13 (961x break) and revenue 1.201e9 between 1.443e12 and 1.907e12 (1,588x break), with marketCap continuous through both, so no market-cap sanity check can see it; BMA's nominal revenue also rises 45.6x over the window. (2) NO USD VALUATION IS POSSIBLE -- ARS is refused by fx_rates.ABSTAIN_CURRENCIES and absent from carveOut.FX_TO_USD, so an ARS name has no marketCap_usd, sits in no band, and scores NEUTRAL on the size tilt while competing for the same slots. (3) NO PER-NAME CLEARANCE EXISTS -- separating a correctly IAS 29-restated series from a mishandled one needs a restatement-vintage audit this codebase does not perform. EXPLICITLY NOT CLAIMED OF EVERY ARS NAME: CRESY shows NO defect (worst adjacent ratio 5.0x vs BMA's 1,588x; 7.5x nominal rise vs BMA's 45.6x, i.e. BELOW Argentine inflation, which is what correct restatement looks like). CRESY is removed by this rule alone. Panel effect: 2 sources, 48 rows.] [ARS on 80/80 rows]"
stock_CUR3K@844b3eaf1ea2,CRESY,2007-04-01,,0.0,"currency_excluded [ARS: reports in ARS -- IAS 29 hyperinflation regime, no admitted ARS->USD rate, and this vendor is demonstrably wrong on ARS in this panel | CURRENCY-SCOPED RULE (CEO 2026-08-08): every ARS reporter is removed, whether or not its own series looks damaged. Grounds, measured on the 2026-08-07 CUR3K panel: (1) VENDOR DEFECT, on BMA -- totalAssets 2.325e16 between 2.056e13 and 2.420e13 (961x break) and revenue 1.201e9 between 1.443e12 and 1.907e12 (1,588x break), with marketCap continuous through both, so no market-cap sanity check can see it; BMA's nominal revenue also rises 45.6x over the window. (2) NO USD VALUATION IS POSSIBLE -- ARS is refused by fx_rates.ABSTAIN_CURRENCIES and absent from carveOut.FX_TO_USD, so an ARS name has no marketCap_usd, sits in no band, and scores NEUTRAL on the size tilt while competing for the same slots. (3) NO PER-NAME CLEARANCE EXISTS -- separating a correctly IAS 29-restated series from a mishandled one needs a restatement-vintage audit this codebase does not perform. EXPLICITLY NOT CLAIMED OF EVERY ARS NAME: CRESY shows NO defect (worst adjacent ratio 5.0x vs BMA's 1,588x; 7.5x nominal rise vs BMA's 45.6x, i.e. BELOW Argentine inflation, which is what correct restatement looks like). CRESY is removed by this rule alone. Panel effect: 2 sources, 48 rows.] [ARS on 80/80 rows]"
stock_CUR3K@844b3eaf1ea2,CRESY,2007-07-01,64.80000123363594,2382654378.96,"currency_excluded [ARS: reports in ARS -- IAS 29 hyperinflation regime, no admitted ARS->USD rate, and this vendor is demonstrably wrong on ARS in this panel | CURRENCY-SCOPED RULE (CEO 2026-08-08): every ARS reporter is removed, whether or not its own series looks damaged. Grounds, measured on the 2026-08-07 CUR3K panel: (1) VENDOR DEFECT, on BMA -- totalAssets 2.325e16 between 2.056e13 and 2.420e13 (961x break) and revenue 1.201e9 between 1.443e12 and 1.907e12 (1,588x break), with marketCap continuous through both, so no market-cap sanity check can see it; BMA's nominal revenue also rises 45.6x over the window. (2) NO USD VALUATION IS POSSIBLE -- ARS is refused by fx_rates.ABSTAIN_CURRENCIES and absent from carveOut.FX_TO_USD, so an ARS name has no marketCap_usd, sits in no band, and scores NEUTRAL on the size tilt while competing for the same slots. (3) NO PER-NAME CLEARANCE EXISTS -- separating a correctly IAS 29-restated series from a mishandled one needs a restatement-vintage audit this codebase does not perform. EXPLICITLY NOT CLAIMED OF EVERY ARS NAME: CRESY shows NO defect (worst adjacent ratio 5.0x vs BMA's 1,588x; 7.5x nominal rise vs BMA's 45.6x, i.e. BELOW Argentine inflation, which is what correct restatement looks like). CRESY is removed by this rule alone. Panel effect: 2 sources, 48 rows.] [ARS on 80/80 rows]"
stock_CUR3K@844b3eaf1ea2,CRESY,2007-10-01,52.500000999473556,1930391279.25,"currency_excluded [ARS: reports in ARS -- IAS 29 hyperinflation regime, no admitted ARS->USD rate, and this vendor is demonstrably wrong on ARS in this panel | CURRENCY-SCOPED RULE (CEO 2026-08-08): every ARS reporter is removed, whether or not its own series looks damaged. Grounds, measured on the 2026-08-07 CUR3K panel: (1) VENDOR DEFECT, on BMA -- totalAssets 2.325e16 between 2.056e13 and 2.420e13 (961x break) and revenue 1.201e9 between 1.443e12 and 1.907e12 (1,588x break), with marketCap continuous through both, so no market-cap sanity check can see it; BMA's nominal revenue also rises 45.6x over the window. (2) NO USD VALUATION IS POSSIBLE -- ARS is refused by fx_rates.ABSTAIN_CURRENCIES and absent from carveOut.FX_TO_USD, so an ARS name has no marketCap_usd, sits in no band, and scores NEUTRAL on the size tilt while competing for the same slots. (3) NO PER-NAME CLEARANCE EXISTS -- separating a correctly IAS 29-restated series from a mishandled one needs a restatement-vintage audit this codebase does not perform. EXPLICITLY NOT CLAIMED OF EVERY ARS NAME: CRESY shows NO defect (worst adjacent ratio 5.0x vs BMA's 1,588x; 7.5x nominal rise vs BMA's 45.6x, i.e. BELOW Argentine inflation, which is what correct restatement looks like). CRESY is removed by this rule alone. Panel effect: 2 sources, 48 rows.] [ARS on 80/80 rows]"
stock_CUR3K@844b3eaf1ea2,CRESY,2008-01-01,43.100000820520194,1584759316.87,"currency_excluded [ARS: reports in ARS -- IAS 29 hyperinflation regime, no admitted ARS->USD rate, and this vendor is demonstrably wrong on ARS in this panel | CURRENCY-SCOPED RULE (CEO 2026-08-08): every ARS reporter is removed, whether or not its own series looks damaged. Grounds, measured on the 2026-08-07 CUR3K panel: (1) VENDOR DEFECT, on BMA -- totalAssets 2.325e16 between 2.056e13 and 2.420e13 (961x break) and revenue 1.201e9 between 1.443e12 and 1.907e12 (1,588x break), with marketCap continuous through both, so no market-cap sanity check can see it; BMA's nominal revenue also rises 45.6x over the window. (2) NO USD VALUATION IS POSSIBLE -- ARS is refused by fx_rates.ABSTAIN_CURRENCIES and absent from carveOut.FX_TO_USD, so an ARS name has no marketCap_usd, sits in no band, and scores NEUTRAL on the size tilt while competing for the same slots. (3) NO PER-NAME CLEARANCE EXISTS -- separating a correctly IAS 29-restated series from a mishandled one needs a restatement-vintage audit this codebase does not perform. EXPLICITLY NOT CLAIMED OF EVERY ARS NAME: CRESY shows NO defect (worst adjacent ratio 5.0x vs BMA's 1,588x; 7.5x nominal rise vs BMA's 45.6x, i.e. BELOW Argentine inflation, which is what correct restatement looks like). CRESY is removed by this rule alone. Panel effect: 2 sources, 48 rows.] [ARS on 80/80 rows]"
stock_CUR3K@844b3eaf1ea2,CRESY,2008-04-01,41.8,2155888754.7999997,"currency_excluded [ARS: reports in ARS -- IAS 29 hyperinflation regime, no admitted ARS->USD rate, and this vendor is demonstrably wrong on ARS in this panel | CURRENCY-SCOPED RULE (CEO 2026-08-08): every ARS reporter is removed, whether or not its own series looks damaged. Grounds, measured on the 2026-08-07 CUR3K panel: (1) VENDOR DEFECT, on BMA -- totalAssets 2.325e16 between 2.056e13 and 2.420e13 (961x break) and revenue 1.201e9 between 1.443e12 and 1.907e12 (1,588x break), with marketCap continuous through both, so no market-cap sanity check can see it; BMA's nominal revenue also rises 45.6x over the window. (2) NO USD VALUATION IS POSSIBLE -- ARS is refused by fx_rates.ABSTAIN_CURRENCIES and absent from carveOut.FX_TO_USD, so an ARS name has no marketCap_usd, sits in no band, and scores NEUTRAL on the size tilt while competing for the same slots. (3) NO PER-NAME CLEARANCE EXISTS -- separating a correctly IAS 29-restated series from a mishandled one needs a restatement-vintage audit this codebase does not perform. EXPLICITLY NOT CLAIMED OF EVERY ARS NAME: CRESY shows NO defect (worst adjacent ratio 5.0x vs BMA's 1,588x; 7.5x nominal rise vs BMA's 45.6x, i.e. BELOW Argentine inflation, which is what correct restatement looks like). CRESY is removed by this rule alone. Panel effect: 2 sources, 48 rows.] [ARS on 80/80 rows]"
stock_CUR3K@844b3eaf1ea2,CRESY,2008-07-01,27.9,1658663063.1,"currency_excluded [ARS: reports in ARS -- IAS 29 hyperinflation regime, no admitted ARS->USD rate, and this vendor is demonstrably wrong on ARS in this panel | CURRENCY-SCOPED RULE (CEO 2026-08-08): every ARS reporter is removed, whether or not its own series looks damaged. Grounds, measured on the 2026-08-07 CUR3K panel: (1) VENDOR DEFECT, on BMA -- totalAssets 2.325e16 between 2.056e13 and 2.420e13 (961x break) and revenue 1.201e9 between 1.443e12 and 1.907e12 (1,588x break), with marketCap continuous through both, so no market-cap sanity check can see it; BMA's nominal revenue also rises 45.6x over the window. (2) NO USD VALUATION IS POSSIBLE -- ARS is refused by fx_rates.ABSTAIN_CURRENCIES and absent from carveOut.FX_TO_USD, so an ARS name has no marketCap_usd, sits in no band, and scores NEUTRAL on the size tilt while competing for the same slots. (3) NO PER-NAME CLEARANCE EXISTS -- separating a correctly IAS 29-restated series from a mishandled one needs a restatement-vintage audit this codebase does not perform. EXPLICITLY NOT CLAIMED OF EVERY ARS NAME: CRESY shows NO defect (worst adjacent ratio 5.0x vs BMA's 1,588x; 7.5x nominal rise vs BMA's 45.6x, i.e. BELOW Argentine inflation, which is what correct restatement looks like). CRESY is removed by this rule alone. Panel effect: 2 sources, 48 rows.] [ARS on 80/80 rows]"
stock_CUR3K@844b3eaf1ea2,CRESY,2008-10-01,26.30000008994075,1538101485.06,"currency_excluded [ARS: reports in ARS -- IAS 29 hyperinflation regime, no admitted ARS->USD rate, and this vendor is demonstrably wrong on ARS in this panel | CURRENCY-SCOPED RULE (CEO 2026-08-08): every ARS reporter is removed, whether or not its own series looks damaged. Grounds, measured on the 2026-08-07 CUR3K panel: (1) VENDOR DEFECT, on BMA -- totalAssets 2.325e16 between 2.056e13 and 2.420e13 (961x break) and revenue 1.201e9 between 1.443e12 and 1.907e12 (1,588x break), with marketCap continuous through both, so no market-cap sanity check can see it; BMA's nominal revenue also rises 45.6x over the window. (2) NO USD VALUATION IS POSSIBLE -- ARS is refused by fx_rates.ABSTAIN_CURRENCIES and absent from carveOut.FX_TO_USD, so an ARS name has no marketCap_usd, sits in no band, and scores NEUTRAL on the size tilt while competing for the same slots. (3) NO PER-NAME CLEARANCE EXISTS -- separating a correctly IAS 29-restated series from a mishandled one needs a restatement-vintage audit this codebase does not perform. EXPLICITLY NOT CLAIMED OF EVERY ARS NAME: CRESY shows NO defect (worst adjacent ratio 5.0x vs BMA's 1,588x; 7.5x nominal rise vs BMA's 45.6x, i.e. BELOW Argentine inflation, which is what correct restatement looks like). CRESY is removed by this rule alone. Panel effect: 2 sources, 48 rows.] [ARS on 80/80 rows]"
stock_CUR3K@844b3eaf1ea2,CRESY,2009-01-01,24.300000377073687,1409382380.0700002,"currency_excluded [ARS: reports in ARS -- IAS 29 hyperinflation regime, no admitted ARS->USD rate, and this vendor is demonstrably wrong on ARS in this panel | CURRENCY-SCOPED RULE (CEO 2026-08-08): every ARS reporter is removed, whether or not its own series looks damaged. Grounds, measured on the 2026-08-07 CUR3K panel: (1) VENDOR DEFECT, on BMA -- totalAssets 2.325e16 between 2.056e13 and 2.420e13 (961x break) and revenue 1.201e9 between 1.443e12 and 1.907e12 (1,588x break), with marketCap continuous through both, so no market-cap sanity check can see it; BMA's nominal revenue also rises 45.6x over the window. (2) NO USD VALUATION IS POSSIBLE -- ARS is refused by fx_rates.ABSTAIN_CURRENCIES and absent from carveOut.FX_TO_USD, so an ARS name has no marketCap_usd, sits in no band, and scores NEUTRAL on the size tilt while competing for the same slots. (3) NO PER-NAME CLEARANCE EXISTS -- separating a correctly IAS 29-restated series from a mishandled one needs a restatement-vintage audit this codebase does not perform. EXPLICITLY NOT CLAIMED OF EVERY ARS NAME: CRESY shows NO defect (worst adjacent ratio 5.0x vs BMA's 1,588x; 7.5x nominal rise vs BMA's 45.6x, i.e. BELOW Argentine inflation, which is what correct restatement looks like). CRESY is removed by this rule alone. Panel effect: 2 sources, 48 rows.] [ARS on 80/80 rows]"
stock_CUR3K@844b3eaf1ea2,CRESY,2009-04-01,31.60000017138682,1747905724.68,"currency_excluded [ARS: reports in ARS -- IAS 29 hyperinflation regime, no admitted ARS->USD rate, and this vendor is demonstrably wrong on ARS in this panel | CURRENCY-SCOPED RULE (CEO 2026-08-08): every ARS reporter is removed, whether or not its own series looks damaged. Grounds, measured on the 2026-08-07 CUR3K panel: (1) VENDOR DEFECT, on BMA -- totalAssets 2.325e16 between 2.056e13 and 2.420e13 (961x break) and revenue 1.201e9 between 1.443e12 and 1.907e12 (1,588x break), with marketCap continuous through both, so no market-cap sanity check can see it; BMA's nominal revenue also rises 45.6x over the window. (2) NO USD VALUATION IS POSSIBLE -- ARS is refused by fx_rates.ABSTAIN_CURRENCIES and absent from carveOut.FX_TO_USD, so an ARS name has no marketCap_usd, sits in no band, and scores NEUTRAL on the size tilt while competing for the same slots. (3) NO PER-NAME CLEARANCE EXISTS -- separating a correctly IAS 29-restated series from a mishandled one needs a restatement-vintage audit this codebase does not perform. EXPLICITLY NOT CLAIMED OF EVERY ARS NAME: CRESY shows NO defect (worst adjacent ratio 5.0x vs BMA's 1,588x; 7.5x nominal rise vs BMA's 45.6x, i.e. BELOW Argentine inflation, which is what correct restatement looks like). CRESY is removed by this rule alone. Panel effect: 2 sources, 48 rows.] [ARS on 80/80 rows]"
stock_CUR3K@844b3eaf1ea2,CRESY,2009-07-01,40.50000007625489,2151009314.5499997,"currency_excluded [ARS: reports in ARS -- IAS 29 hyperinflation regime, no admitted ARS->USD rate, and this vendor is demonstrably wrong on ARS in this panel | CURRENCY-SCOPED RULE (CEO 2026-08-08): every ARS reporter is removed, whether or not its own series looks damaged. Grounds, measured on the 2026-08-07 CUR3K panel: (1) VENDOR DEFECT, on BMA -- totalAssets 2.325e16 between 2.056e13 and 2.420e13 (961x break) and revenue 1.201e9 between 1.443e12 and 1.907e12 (1,588x break), with marketCap continuous through both, so no market-cap sanity check can see it; BMA's nominal revenue also rises 45.6x over the window. (2) NO USD VALUATION IS POSSIBLE -- ARS is refused by fx_rates.ABSTAIN_CURRENCIES and absent from carveOut.FX_TO_USD, so an ARS name has no marketCap_usd, sits in no band, and scores NEUTRAL on the size tilt while competing for the same slots. (3) NO PER-NAME CLEARANCE EXISTS -- separating a correctly IAS 29-restated series from a mishandled one needs a restatement-vintage audit this codebase does not perform. EXPLICITLY NOT CLAIMED OF EVERY ARS NAME: CRESY shows NO defect (worst adjacent ratio 5.0x vs BMA's 1,588x; 7.5x nominal rise vs BMA's 45.6x, i.e. BELOW Argentine inflation, which is what correct restatement looks like). CRESY is removed by this rule alone. Panel effect: 2 sources, 48 rows.] [ARS on 80/80 rows]"
stock_CUR3K@844b3eaf1ea2,CRESY,2009-10-01,49.60000045962948,2676242672.8,"currency_excluded [ARS: reports in ARS -- IAS 29 hyperinflation regime, no admitted ARS->USD rate, and this vendor is demonstrably wrong on ARS in this panel | CURRENCY-SCOPED RULE (CEO 2026-08-08): every ARS reporter is removed, whether or not its own series looks damaged. Grounds, measured on the 2026-08-07 CUR3K panel: (1) VENDOR DEFECT, on BMA -- totalAssets 2.325e16 between 2.056e13 and 2.420e13 (961x break) and revenue 1.201e9 between 1.443e12 and 1.907e12 (1,588x break), with marketCap continuous through both, so no market-cap sanity check can see it; BMA's nominal revenue also rises 45.6x over the window. (2) NO USD VALUATION IS POSSIBLE -- ARS is refused by fx_rates.ABSTAIN_CURRENCIES and absent from carveOut.FX_TO_USD, so an ARS name has no marketCap_usd, sits in no band, and scores NEUTRAL on the size tilt while competing for the same slots. (3) NO PER-NAME CLEARANCE EXISTS -- separating a correctly IAS 29-restated series from a mishandled one needs a restatement-vintage audit this codebase does not perform. EXPLICITLY NOT CLAIMED OF EVERY ARS NAME: CRESY shows NO defect (worst adjacent ratio 5.0x vs BMA's 1,588x; 7.5x nominal rise vs BMA's 45.6x, i.e. BELOW Argentine inflation, which is what correct restatement looks like). CRESY is removed by this rule alone. Panel effect: 2 sources, 48 rows.] [ARS on 80/80 rows]"
stock_CUR3K@844b3eaf1ea2,CRESY,2010-01-01,48.500000713509586,2637385758.2999997,"currency_excluded [ARS: reports in ARS -- IAS 29 hyperinflation regime, no admitted ARS->USD rate, and this vendor is demonstrably wrong on ARS in this panel | CURRENCY-SCOPED RULE (CEO 2026-08-08): every ARS reporter is removed, whether or not its own series looks damaged. Grounds, measured on the 2026-08-07 CUR3K panel: (1) VENDOR DEFECT, on BMA -- totalAssets 2.325e16 between 2.056e13 and 2.420e13 (961x break) and revenue 1.201e9 between 1.443e12 and 1.907e12 (1,588x break), with marketCap continuous through both, so no market-cap sanity check can see it; BMA's nominal revenue also rises 45.6x over the window. (2) NO USD VALUATION IS POSSIBLE -- ARS is refused by fx_rates.ABSTAIN_CURRENCIES and absent from carveOut.FX_TO_USD, so an ARS name has no marketCap_usd, sits in no band, and scores NEUTRAL on the size tilt while competing for the same slots. (3) NO PER-NAME CLEARANCE EXISTS -- separating a correctly IAS 29-restated series from a mishandled one needs a restatement-vintage audit this codebase does not perform. EXPLICITLY NOT CLAIMED OF EVERY ARS NAME: CRESY shows NO defect (worst adjacent ratio 5.0x vs BMA's 1,588x; 7.5x nominal rise vs BMA's 45.6x, i.e. BELOW Argentine inflation, which is what correct restatement looks like). CRESY is removed by this rule alone. Panel effect: 2 sources, 48 rows.] [ARS on 80/80 rows]"
stock_CUR3K@844b3eaf1ea2,CRESY,2010-04-01,44.0,2436087412.0,"currency_excluded [ARS: reports in ARS -- IAS 29 hyperinflation regime, no admitted ARS->USD rate, and this vendor is demonstrably wrong on ARS in this panel | CURRENCY-SCOPED RULE (CEO 2026-08-08): every ARS reporter is removed, whether or not its own series looks damaged. Grounds, measured on the 2026-08-07 CUR3K panel: (1) VENDOR DEFECT, on BMA -- totalAssets 2.325e16 between 2.056e13 and 2.420e13 (961x break) and revenue 1.201e9 between 1.443e12 and 1.907e12 (1,588x break), with marketCap continuous through both, so no market-cap sanity check can see it; BMA's nominal revenue also rises 45.6x over the window. (2) NO USD VALUATION IS POSSIBLE -- ARS is refused by fx_rates.ABSTAIN_CURRENCIES and absent from carveOut.FX_TO_USD, so an ARS name has no marketCap_usd, sits in no band, and scores NEUTRAL on the size tilt while competing for the same slots. (3) NO PER-NAME CLEARANCE EXISTS -- separating a correctly IAS 29-restated series from a mishandled one needs a restatement-vintage audit this codebase does not perform. EXPLICITLY NOT CLAIMED OF EVERY ARS NAME: CRESY shows NO defect (worst adjacent ratio 5.0x vs BMA's 1,588x; 7.5x nominal rise vs BMA's 45.6x, i.e. BELOW Argentine inflation, which is what correct restatement looks like). CRESY is removed by this rule alone. Panel effect: 2 sources, 48 rows.] [ARS on 80/80 rows]"
stock_CUR3K@844b3eaf1ea2,CRESY,2010-07-01,57.600000926879915,3221543571.8399997,"currency_excluded [ARS: reports in ARS -- IAS 29 hyperinflation regime, no admitted ARS->USD rate, and this vendor is demonstrably wrong on ARS in this panel | CURRENCY-SCOPED RULE (CEO 2026-08-08): every ARS reporter is removed, whether or not its own series looks damaged. Grounds, measured on the 2026-08-07 CUR3K panel: (1) VENDOR DEFECT, on BMA -- totalAssets 2.325e16 between 2.056e13 and 2.420e13 (961x break) and revenue 1.201e9 between 1.443e12 and 1.907e12 (1,588x break), with marketCap continuous through both, so no market-cap sanity check can see it; BMA's nominal revenue also rises 45.6x over the window. (2) NO USD VALUATION IS POSSIBLE -- ARS is refused by fx_rates.ABSTAIN_CURRENCIES and absent from carveOut.FX_TO_USD, so an ARS name has no marketCap_usd, sits in no band, and scores NEUTRAL on the size tilt while competing for the same slots. (3) NO PER-NAME CLEARANCE EXISTS -- separating a correctly IAS 29-restated series from a mishandled one needs a restatement-vintage audit this codebase does not perform. EXPLICITLY NOT CLAIMED OF EVERY ARS NAME: CRESY shows NO defect (worst adjacent ratio 5.0x vs BMA's 1,588x; 7.5x nominal rise vs BMA's 45.6x, i.e. BELOW Argentine inflation, which is what correct restatement looks like). CRESY is removed by this rule alone. Panel effect: 2 sources, 48 rows.] [ARS on 80/80 rows]"
stock_CUR3K@844b3eaf1ea2,CRESY,2010-10-01,66.40000035616202,3713725526.3199997,"currency_excluded [ARS: reports in ARS -- IAS 29 hyperinflation regime, no admitted ARS->USD rate, and this vendor is demonstrably wrong on ARS in this panel | CURRENCY-SCOPED RULE (CEO 2026-08-08): every ARS reporter is removed, whether or not its own series looks damaged. Grounds, measured on the 2026-08-07 CUR3K panel: (1) VENDOR DEFECT, on BMA -- totalAssets 2.325e16 between 2.056e13 and 2.420e13 (961x break) and revenue 1.201e9 between 1.443e12 and 1.907e12 (1,588x break), with marketCap continuous through both, so no market-cap sanity check can see it; BMA's nominal revenue also rises 45.6x over the window. (2) NO USD VALUATION IS POSSIBLE -- ARS is refused by fx_rates.ABSTAIN_CURRENCIES and absent from carveOut.FX_TO_USD, so an ARS name has no marketCap_usd, sits in no band, and scores NEUTRAL on the size tilt while competing for the same slots. (3) NO PER-NAME CLEARANCE EXISTS -- separating a correctly IAS 29-restated series from a mishandled one needs a restatement-vintage audit this codebase does not perform. EXPLICITLY NOT CLAIMED OF EVERY ARS NAME: CRESY shows NO defect (worst adjacent ratio 5.0x vs BMA's 1,588x; 7.5x nominal rise vs BMA's 45.6x, i.e. BELOW Argentine inflation, which is what correct restatement looks like). CRESY is removed by this rule alone. Panel effect: 2 sources, 48 rows.] [ARS on 80/80 rows]"
stock_CUR3K@844b3eaf1ea2,CRESY,2011-01-01,68.70000012283296,3842364488.67,"currency_excluded [ARS: reports in ARS -- IAS 29 hyperinflation regime, no admitted ARS->USD rate, and this vendor is demonstrably wrong on ARS in this panel | CURRENCY-SCOPED RULE (CEO 2026-08-08): every ARS reporter is removed, whether or not its own series looks damaged. Grounds, measured on the 2026-08-07 CUR3K panel: (1) VENDOR DEFECT, on BMA -- totalAssets 2.325e16 between 2.056e13 and 2.420e13 (961x break) and revenue 1.201e9 between 1.443e12 and 1.907e12 (1,588x break), with marketCap continuous through both, so no market-cap sanity check can see it; BMA's nominal revenue also rises 45.6x over the window. (2) NO USD VALUATION IS POSSIBLE -- ARS is refused by fx_rates.ABSTAIN_CURRENCIES and absent from carveOut.FX_TO_USD, so an ARS name has no marketCap_usd, sits in no band, and scores NEUTRAL on the size tilt while competing for the same slots. (3) NO PER-NAME CLEARANCE EXISTS -- separating a correctly IAS 29-restated series from a mishandled one needs a restatement-vintage audit this codebase does not perform. EXPLICITLY NOT CLAIMED OF EVERY ARS NAME: CRESY shows NO defect (worst adjacent ratio 5.0x vs BMA's 1,588x; 7.5x nominal rise vs BMA's 45.6x, i.e. BELOW Argentine inflation, which is what correct restatement looks like). CRESY is removed by this rule alone. Panel effect: 2 sources, 48 rows.] [ARS on 80/80 rows]"
stock_CUR3K@844b3eaf1ea2,CRESY,2011-04-01,62.60000100733551,3501200966.54,"currency_excluded [ARS: reports in ARS -- IAS 29 hyperinflation regime, no admitted ARS->USD rate, and this vendor is demonstrably wrong on ARS in this panel | CURRENCY-SCOPED RULE (CEO 2026-08-08): every ARS reporter is removed, whether or not its own series looks damaged. Grounds, measured on the 2026-08-07 CUR3K panel: (1) VENDOR DEFECT, on BMA -- totalAssets 2.325e16 between 2.056e13 and 2.420e13 (961x break) and revenue 1.201e9 between 1.443e12 and 1.907e12 (1,588x break), with marketCap continuous through both, so no market-cap sanity check can see it; BMA's nominal revenue also rises 45.6x over the window. (2) NO USD VALUATION IS POSSIBLE -- ARS is refused by fx_rates.ABSTAIN_CURRENCIES and absent from carveOut.FX_TO_USD, so an ARS name has no marketCap_usd, sits in no band, and scores NEUTRAL on the size tilt while competing for the same slots. (3) NO PER-NAME CLEARANCE EXISTS -- separating a correctly IAS 29-restated series from a mishandled one needs a restatement-vintage audit this codebase does not perform. EXPLICITLY NOT CLAIMED OF EVERY ARS NAME: CRESY shows NO defect (worst adjacent ratio 5.0x vs BMA's 1,588x; 7.5x nominal rise vs BMA's 45.6x, i.e. BELOW Argentine inflation, which is what correct restatement looks like). CRESY is removed by this rule alone. Panel effect: 2 sources, 48 rows.] [ARS on 80/80 rows]"
stock_CUR3K@844b3eaf1ea2,CRESY,2011-07-01,47.6000007659598,2662259855.64,"currency_excluded [ARS: reports in ARS -- IAS 29 hyperinflation regime, no admitted ARS->USD rate, and this vendor is demonstrably wrong on ARS in this panel | CURRENCY-SCOPED RULE (CEO 2026-08-08): every ARS reporter is removed, whether or not its own series looks damaged. Grounds, measured on the 2026-08-07 CUR3K panel: (1) VENDOR DEFECT, on BMA -- totalAssets 2.325e16 between 2.056e13 and 2.420e13 (961x break) and revenue 1.201e9 between 1.443e12 and 1.907e12 (1,588x break), with marketCap continuous through both, so no market-cap sanity check can see it; BMA's nominal revenue also rises 45.6x over the window. (2) NO USD VALUATION IS POSSIBLE -- ARS is refused by fx_rates.ABSTAIN_CURRENCIES and absent from carveOut.FX_TO_USD, so an ARS name has no marketCap_usd, sits in no band, and scores NEUTRAL on the size tilt while competing for the same slots. (3) NO PER-NAME CLEARANCE EXISTS -- separating a correctly IAS 29-restated series from a mishandled one needs a restatement-vintage audit this codebase does not perform. EXPLICITLY NOT CLAIMED OF EVERY ARS NAME: CRESY shows NO defect (worst adjacent ratio 5.0x vs BMA's 1,588x; 7.5x nominal rise vs BMA's 45.6x, i.e. BELOW Argentine inflation, which is what correct restatement looks like). CRESY is removed by this rule alone. Panel effect: 2 sources, 48 rows.] [ARS on 80/80 rows]"
stock_CUR3K@844b3eaf1ea2,CRESY,2011-10-01,47.800000000000004,2643321310.2000003,"currency_excluded [ARS: reports in ARS -- IAS 29 hyperinflation regime, no admitted ARS->USD rate, and this vendor is demonstrably wrong on ARS in this panel | CURRENCY-SCOPED RULE (CEO 2026-08-08): every ARS reporter is removed, whether or not its own series looks damaged. Grounds, measured on the 2026-08-07 CUR3K panel: (1) VENDOR DEFECT, on BMA -- totalAssets 2.325e16 between 2.056e13 and 2.420e13 (961x break) and revenue 1.201e9 between 1.443e12 and 1.907e12 (1,588x break), with marketCap continuous through both, so no market-cap sanity check can see it; BMA's nominal revenue also rises 45.6x over the window. (2) NO USD VALUATION IS POSSIBLE -- ARS is refused by fx_rates.ABSTAIN_CURRENCIES and absent from carveOut.FX_TO_USD, so an ARS name has no marketCap_usd, sits in no band, and scores NEUTRAL on the size tilt while competing for the same slots. (3) NO PER-NAME CLEARANCE EXISTS -- separating a correctly IAS 29-restated series from a mishandled one needs a restatement-vintage audit this codebase does not perform. EXPLICITLY NOT CLAIMED OF EVERY ARS NAME: CRESY shows NO defect (worst adjacent ratio 5.0x vs BMA's 1,588x; 7.5x nominal rise vs BMA's 45.6x, i.e. BELOW Argentine inflation, which is what correct restatement looks like). CRESY is removed by this rule alone. Panel effect: 2 sources, 48 rows.] [ARS on 80/80 rows]"
stock_CUR3K@844b3eaf1ea2,CRESY,2012-01-01,58.4,3134732186.4,"currency_excluded [ARS: reports in ARS -- IAS 29 hyperinflation regime, no admitted ARS->USD rate, and this vendor is demonstrably wrong on ARS in this panel | CURRENCY-SCOPED RULE (CEO 2026-08-08): every ARS reporter is removed, whether or not its own series looks damaged. Grounds, measured on the 2026-08-07 CUR3K panel: (1) VENDOR DEFECT, on BMA -- totalAssets 2.325e16 between 2.056e13 and 2.420e13 (961x break) and revenue 1.201e9 between 1.443e12 and 1.907e12 (1,588x break), with marketCap continuous through both, so no market-cap sanity check can see it; BMA's nominal revenue also rises 45.6x over the window. (2) NO USD VALUATION IS POSSIBLE -- ARS is refused by fx_rates.ABSTAIN_CURRENCIES and absent from carveOut.FX_TO_USD, so an ARS name has no marketCap_usd, sits in no band, and scores NEUTRAL on the size tilt while competing for the same slots. (3) NO PER-NAME CLEARANCE EXISTS -- separating a correctly IAS 29-restated series from a mishandled one needs a restatement-vintage audit this codebase does not perform. EXPLICITLY NOT CLAIMED OF EVERY ARS NAME: CRESY shows NO defect (worst adjacent ratio 5.0x vs BMA's 1,588x; 7.5x nominal rise vs BMA's 45.6x, i.e. BELOW Argentine inflation, which is what correct restatement looks like). CRESY is removed by this rule alone. Panel effect: 2 sources, 48 rows.] [ARS on 80/80 rows]"
stock_CUR3K@844b3eaf1ea2,CRESY,2012-04-01,,0.0,"currency_excluded [ARS: reports in ARS -- IAS 29 hyperinflation regime, no admitted ARS->USD rate, and this vendor is demonstrably wrong on ARS in this panel | CURRENCY-SCOPED RULE (CEO 2026-08-08): every ARS reporter is removed, whether or not its own series looks damaged. Grounds, measured on the 2026-08-07 CUR3K panel: (1) VENDOR DEFECT, on BMA -- totalAssets 2.325e16 between 2.056e13 and 2.420e13 (961x break) and revenue 1.201e9 between 1.443e12 and 1.907e12 (1,588x break), with marketCap continuous through both, so no market-cap sanity check can see it; BMA's nominal revenue also rises 45.6x over the window. (2) NO USD VALUATION IS POSSIBLE -- ARS is refused by fx_rates.ABSTAIN_CURRENCIES and absent from carveOut.FX_TO_USD, so an ARS name has no marketCap_usd, sits in no band, and scores NEUTRAL on the size tilt while competing for the same slots. (3) NO PER-NAME CLEARANCE EXISTS -- separating a correctly IAS 29-restated series from a mishandled one needs a restatement-vintage audit this codebase does not perform. EXPLICITLY NOT CLAIMED OF EVERY ARS NAME: CRESY shows NO defect (worst adjacent ratio 5.0x vs BMA's 1,588x; 7.5x nominal rise vs BMA's 45.6x, i.e. BELOW Argentine inflation, which is what correct restatement looks like). CRESY is removed by this rule alone. Panel effect: 2 sources, 48 rows.] [ARS on 80/80 rows]"
stock_CUR3K@844b3eaf1ea2,CRESY,2012-07-01,46.2,2865155462.4,"currency_excluded [ARS: reports in ARS -- IAS 29 hyperinflation regime, no admitted ARS->USD rate, and this vendor is demonstrably wrong on ARS in this panel | CURRENCY-SCOPED RULE (CEO 2026-08-08): every ARS reporter is removed, whether or not its own series looks damaged. Grounds, measured on the 2026-08-07 CUR3K panel: (1) VENDOR DEFECT, on BMA -- totalAssets 2.325e16 between 2.056e13 and 2.420e13 (961x break) and revenue 1.201e9 between 1.443e12 and 1.907e12 (1,588x break), with marketCap continuous through both, so no market-cap sanity check can see it; BMA's nominal revenue also rises 45.6x over the window. (2) NO USD VALUATION IS POSSIBLE -- ARS is refused by fx_rates.ABSTAIN_CURRENCIES and absent from carveOut.FX_TO_USD, so an ARS name has no marketCap_usd, sits in no band, and scores NEUTRAL on the size tilt while competing for the same slots. (3) NO PER-NAME CLEARANCE EXISTS -- separating a correctly IAS 29-restated series from a mishandled one needs a restatement-vintage audit this codebase does not perform. EXPLICITLY NOT CLAIMED OF EVERY ARS NAME: CRESY shows NO defect (worst adjacent ratio 5.0x vs BMA's 1,588x; 7.5x nominal rise vs BMA's 45.6x, i.e. BELOW Argentine inflation, which is what correct restatement looks like). CRESY is removed by this rule alone. Panel effect: 2 sources, 48 rows.] [ARS on 80/80 rows]"
stock_CUR3K@844b3eaf1ea2,CRESY,2012-10-01,51.200000733307164,2859854837.76,"currency_excluded [ARS: reports in ARS -- IAS 29 hyperinflation regime, no admitted ARS->USD rate, and this vendor is demonstrably wrong on ARS in this panel | CURRENCY-SCOPED RULE (CEO 2026-08-08): every ARS reporter is removed, whether or not its own series looks damaged. Grounds, measured on the 2026-08-07 CUR3K panel: (1) VENDOR DEFECT, on BMA -- totalAssets 2.325e16 between 2.056e13 and 2.420e13 (961x break) and revenue 1.201e9 between 1.443e12 and 1.907e12 (1,588x break), with marketCap continuous through both, so no market-cap sanity check can see it; BMA's nominal revenue also rises 45.6x over the window. (2) NO USD VALUATION IS POSSIBLE -- ARS is refused by fx_rates.ABSTAIN_CURRENCIES and absent from carveOut.FX_TO_USD, so an ARS name has no marketCap_usd, sits in no band, and scores NEUTRAL on the size tilt while competing for the same slots. (3) NO PER-NAME CLEARANCE EXISTS -- separating a correctly IAS 29-restated series from a mishandled one needs a restatement-vintage audit this codebase does not perform. EXPLICITLY NOT CLAIMED OF EVERY ARS NAME: CRESY shows NO defect (worst adjacent ratio 5.0x vs BMA's 1,588x; 7.5x nominal rise vs BMA's 45.6x, i.e. BELOW Argentine inflation, which is what correct restatement looks like). CRESY is removed by this rule alone. Panel effect: 2 sources, 48 rows.] [ARS on 80/80 rows]"
stock_CUR3K@844b3eaf1ea2,CRESY,2013-01-01,69.10000103407491,3693976186.28,"currency_excluded [ARS: reports in ARS -- IAS 29 hyperinflation regime, no admitted ARS->USD rate, and this vendor is demonstrably wrong on ARS in this panel | CURRENCY-SCOPED RULE (CEO 2026-08-08): every ARS reporter is removed, whether or not its own series looks damaged. Grounds, measured on the 2026-08-07 CUR3K panel: (1) VENDOR DEFECT, on BMA -- totalAssets 2.325e16 between 2.056e13 and 2.420e13 (961x break) and revenue 1.201e9 between 1.443e12 and 1.907e12 (1,588x break), with marketCap continuous through both, so no market-cap sanity check can see it; BMA's nominal revenue also rises 45.6x over the window. (2) NO USD VALUATION IS POSSIBLE -- ARS is refused by fx_rates.ABSTAIN_CURRENCIES and absent from carveOut.FX_TO_USD, so an ARS name has no marketCap_usd, sits in no band, and scores NEUTRAL on the size tilt while competing for the same slots. (3) NO PER-NAME CLEARANCE EXISTS -- separating a correctly IAS 29-restated series from a mishandled one needs a restatement-vintage audit this codebase does not perform. EXPLICITLY NOT CLAIMED OF EVERY ARS NAME: CRESY shows NO defect (worst adjacent ratio 5.0x vs BMA's 1,588x; 7.5x nominal rise vs BMA's 45.6x, i.e. BELOW Argentine inflation, which is what correct restatement looks like). CRESY is removed by this rule alone. Panel effect: 2 sources, 48 rows.] [ARS on 80/80 rows]"
stock_CUR3K@844b3eaf1ea2,CRESY,2013-04-01,52.10000009580949,2833132828.11,"currency_excluded [ARS: reports in ARS -- IAS 29 hyperinflation regime, no admitted ARS->USD rate, and this vendor is demonstrably wrong on ARS in this panel | CURRENCY-SCOPED RULE (CEO 2026-08-08): every ARS reporter is removed, whether or not its own series looks damaged. Grounds, measured on the 2026-08-07 CUR3K panel: (1) VENDOR DEFECT, on BMA -- totalAssets 2.325e16 between 2.056e13 and 2.420e13 (961x break) and revenue 1.201e9 between 1.443e12 and 1.907e12 (1,588x break), with marketCap continuous through both, so no market-cap sanity check can see it; BMA's nominal revenue also rises 45.6x over the window. (2) NO USD VALUATION IS POSSIBLE -- ARS is refused by fx_rates.ABSTAIN_CURRENCIES and absent from carveOut.FX_TO_USD, so an ARS name has no marketCap_usd, sits in no band, and scores NEUTRAL on the size tilt while competing for the same slots. (3) NO PER-NAME CLEARANCE EXISTS -- separating a correctly IAS 29-restated series from a mishandled one needs a restatement-vintage audit this codebase does not perform. EXPLICITLY NOT CLAIMED OF EVERY ARS NAME: CRESY shows NO defect (worst adjacent ratio 5.0x vs BMA's 1,588x; 7.5x nominal rise vs BMA's 45.6x, i.e. BELOW Argentine inflation, which is what correct restatement looks like). CRESY is removed by this rule alone. Panel effect: 2 sources, 48 rows.] [ARS on 80/80 rows]"
stock_CUR3K@844b3eaf1ea2,CRESY,2013-07-01,70.9,3906993066.5,"currency_excluded [ARS: reports in ARS -- IAS 29 hyperinflation regime, no admitted ARS->USD rate, and this vendor is demonstrably wrong on ARS in this panel | CURRENCY-SCOPED RULE (CEO 2026-08-08): every ARS reporter is removed, whether or not its own series looks damaged. Grounds, measured on the 2026-08-07 CUR3K panel: (1) VENDOR DEFECT, on BMA -- totalAssets 2.325e16 between 2.056e13 and 2.420e13 (961x break) and revenue 1.201e9 between 1.443e12 and 1.907e12 (1,588x break), with marketCap continuous through both, so no market-cap sanity check can see it; BMA's nominal revenue also rises 45.6x over the window. (2) NO USD VALUATION IS POSSIBLE -- ARS is refused by fx_rates.ABSTAIN_CURRENCIES and absent from carveOut.FX_TO_USD, so an ARS name has no marketCap_usd, sits in no band, and scores NEUTRAL on the size tilt while competing for the same slots. (3) NO PER-NAME CLEARANCE EXISTS -- separating a correctly IAS 29-restated series from a mishandled one needs a restatement-vintage audit this codebase does not perform. EXPLICITLY NOT CLAIMED OF EVERY ARS NAME: CRESY shows NO defect (worst adjacent ratio 5.0x vs BMA's 1,588x; 7.5x nominal rise vs BMA's 45.6x, i.e. BELOW Argentine inflation, which is what correct restatement looks like). CRESY is removed by this rule alone. Panel effect: 2 sources, 48 rows.] [ARS on 80/80 rows]"
stock_CUR3K@844b3eaf1ea2,CRESY,2013-10-01,79.50000014327448,4411287978.45,"currency_excluded [ARS: reports in ARS -- IAS 29 hyperinflation regime, no admitted ARS->USD rate, and this vendor is demonstrably wrong on ARS in this panel | CURRENCY-SCOPED RULE (CEO 2026-08-08): every ARS reporter is removed, whether or not its own series looks damaged. Grounds, measured on the 2026-08-07 CUR3K panel: (1) VENDOR DEFECT, on BMA -- totalAssets 2.325e16 between 2.056e13 and 2.420e13 (961x break) and revenue 1.201e9 between 1.443e12 and 1.907e12 (1,588x break), with marketCap continuous through both, so no market-cap sanity check can see it; BMA's nominal revenue also rises 45.6x over the window. (2) NO USD VALUATION IS POSSIBLE -- ARS is refused by fx_rates.ABSTAIN_CURRENCIES and absent from carveOut.FX_TO_USD, so an ARS name has no marketCap_usd, sits in no band, and scores NEUTRAL on the size tilt while competing for the same slots. (3) NO PER-NAME CLEARANCE EXISTS -- separating a correctly IAS 29-restated series from a mishandled one needs a restatement-vintage audit this codebase does not perform. EXPLICITLY NOT CLAIMED OF EVERY ARS NAME: CRESY shows NO defect (worst adjacent ratio 5.0x vs BMA's 1,588x; 7.5x nominal rise vs BMA's 45.6x, i.e. BELOW Argentine inflation, which is what correct restatement looks like). CRESY is removed by this rule alone. Panel effect: 2 sources, 48 rows.] [ARS on 80/80 rows]"
stock_CUR3K@844b3eaf1ea2,CRESY,2014-01-01,82.60000118303068,4613750187.48,"currency_excluded [ARS: reports in ARS -- IAS 29 hyperinflation regime, no admitted ARS->USD rate, and this vendor is demonstrably wrong on ARS in this panel | CURRENCY-SCOPED RULE (CEO 2026-08-08): every ARS reporter is removed, whether or not its own series looks damaged. Grounds, measured on the 2026-08-07 CUR3K panel: (1) VENDOR DEFECT, on BMA -- totalAssets 2.325e16 between 2.056e13 and 2.420e13 (961x break) and revenue 1.201e9 between 1.443e12 and 1.907e12 (1,588x break), with marketCap continuous through both, so no market-cap sanity check can see it; BMA's nominal revenue also rises 45.6x over the window. (2) NO USD VALUATION IS POSSIBLE -- ARS is refused by fx_rates.ABSTAIN_CURRENCIES and absent from carveOut.FX_TO_USD, so an ARS name has no marketCap_usd, sits in no band, and scores NEUTRAL on the size tilt while competing for the same slots. (3) NO PER-NAME CLEARANCE EXISTS -- separating a correctly IAS 29-restated series from a mishandled one needs a restatement-vintage audit this codebase does not perform. EXPLICITLY NOT CLAIMED OF EVERY ARS NAME: CRESY shows NO defect (worst adjacent ratio 5.0x vs BMA's 1,588x; 7.5x nominal rise vs BMA's 45.6x, i.e. BELOW Argentine inflation, which is what correct restatement looks like). CRESY is removed by this rule alone. Panel effect: 2 sources, 48 rows.] [ARS on 80/80 rows]"
stock_CUR3K@844b3eaf1ea2,CRESY,2014-04-01,116.70000063028252,6482278919.01,"currency_excluded [ARS: reports in ARS -- IAS 29 hyperinflation regime, no admitted ARS->USD rate, and this vendor is demonstrably wrong on ARS in this panel | CURRENCY-SCOPED RULE (CEO 2026-08-08): every ARS reporter is removed, whether or not its own series looks damaged. Grounds, measured on the 2026-08-07 CUR3K panel: (1) VENDOR DEFECT, on BMA -- totalAssets 2.325e16 between 2.056e13 and 2.420e13 (961x break) and revenue 1.201e9 between 1.443e12 and 1.907e12 (1,588x break), with marketCap continuous through both, so no market-cap sanity check can see it; BMA's nominal revenue also rises 45.6x over the window. (2) NO USD VALUATION IS POSSIBLE -- ARS is refused by fx_rates.ABSTAIN_CURRENCIES and absent from carveOut.FX_TO_USD, so an ARS name has no marketCap_usd, sits in no band, and scores NEUTRAL on the size tilt while competing for the same slots. (3) NO PER-NAME CLEARANCE EXISTS -- separating a correctly IAS 29-restated series from a mishandled one needs a restatement-vintage audit this codebase does not perform. EXPLICITLY NOT CLAIMED OF EVERY ARS NAME: CRESY shows NO defect (worst adjacent ratio 5.0x vs BMA's 1,588x; 7.5x nominal rise vs BMA's 45.6x, i.e. BELOW Argentine inflation, which is what correct restatement looks like). CRESY is removed by this rule alone. Panel effect: 2 sources, 48 rows.] [ARS on 80/80 rows]"
stock_CUR3K@844b3eaf1ea2,CRESY,2014-07-01,147.3,8005433444.1,"currency_excluded [ARS: reports in ARS -- IAS 29 hyperinflation regime, no admitted ARS->USD rate, and this vendor is demonstrably wrong on ARS in this panel | CURRENCY-SCOPED RULE (CEO 2026-08-08): every ARS reporter is removed, whether or not its own series looks damaged. Grounds, measured on the 2026-08-07 CUR3K panel: (1) VENDOR DEFECT, on BMA -- totalAssets 2.325e16 between 2.056e13 and 2.420e13 (961x break) and revenue 1.201e9 between 1.443e12 and 1.907e12 (1,588x break), with marketCap continuous through both, so no market-cap sanity check can see it; BMA's nominal revenue also rises 45.6x over the window. (2) NO USD VALUATION IS POSSIBLE -- ARS is refused by fx_rates.ABSTAIN_CURRENCIES and absent from carveOut.FX_TO_USD, so an ARS name has no marketCap_usd, sits in no band, and scores NEUTRAL on the size tilt while competing for the same slots. (3) NO PER-NAME CLEARANCE EXISTS -- separating a correctly IAS 29-restated series from a mishandled one needs a restatement-vintage audit this codebase does not perform. EXPLICITLY NOT CLAIMED OF EVERY ARS NAME: CRESY shows NO defect (worst adjacent ratio 5.0x vs BMA's 1,588x; 7.5x nominal rise vs BMA's 45.6x, i.e. BELOW Argentine inflation, which is what correct restatement looks like). CRESY is removed by this rule alone. Panel effect: 2 sources, 48 rows.] [ARS on 80/80 rows]"
stock_CUR3K@844b3eaf1ea2,CRESY,2014-10-01,112.30000163061342,6187261798.84,"currency_excluded [ARS: reports in ARS -- IAS 29 hyperinflation regime, no admitted ARS->USD rate, and this vendor is demonstrably wrong on ARS in this panel | CURRENCY-SCOPED RULE (CEO 2026-08-08): every ARS reporter is removed, whether or not its own series looks damaged. Grounds, measured on the 2026-08-07 CUR3K panel: (1) VENDOR DEFECT, on BMA -- totalAssets 2.325e16 between 2.056e13 and 2.420e13 (961x break) and revenue 1.201e9 between 1.443e12 and 1.907e12 (1,588x break), with marketCap continuous through both, so no market-cap sanity check can see it; BMA's nominal revenue also rises 45.6x over the window. (2) NO USD VALUATION IS POSSIBLE -- ARS is refused by fx_rates.ABSTAIN_CURRENCIES and absent from carveOut.FX_TO_USD, so an ARS name has no marketCap_usd, sits in no band, and scores NEUTRAL on the size tilt while competing for the same slots. (3) NO PER-NAME CLEARANCE EXISTS -- separating a correctly IAS 29-restated series from a mishandled one needs a restatement-vintage audit this codebase does not perform. EXPLICITLY NOT CLAIMED OF EVERY ARS NAME: CRESY shows NO defect (worst adjacent ratio 5.0x vs BMA's 1,588x; 7.5x nominal rise vs BMA's 45.6x, i.e. BELOW Argentine inflation, which is what correct restatement looks like). CRESY is removed by this rule alone. Panel effect: 2 sources, 48 rows.] [ARS on 80/80 rows]"
stock_CUR3K@844b3eaf1ea2,CRESY,2015-01-01,147.70000161129633,8123381042.42,"currency_excluded [ARS: reports in ARS -- IAS 29 hyperinflation regime, no admitted ARS->USD rate, and this vendor is demonstrably wrong on ARS in this panel | CURRENCY-SCOPED RULE (CEO 2026-08-08): every ARS reporter is removed, whether or not its own series looks damaged. Grounds, measured on the 2026-08-07 CUR3K panel: (1) VENDOR DEFECT, on BMA -- totalAssets 2.325e16 between 2.056e13 and 2.420e13 (961x break) and revenue 1.201e9 between 1.443e12 and 1.907e12 (1,588x break), with marketCap continuous through both, so no market-cap sanity check can see it; BMA's nominal revenue also rises 45.6x over the window. (2) NO USD VALUATION IS POSSIBLE -- ARS is refused by fx_rates.ABSTAIN_CURRENCIES and absent from carveOut.FX_TO_USD, so an ARS name has no marketCap_usd, sits in no band, and scores NEUTRAL on the size tilt while competing for the same slots. (3) NO PER-NAME CLEARANCE EXISTS -- separating a correctly IAS 29-restated series from a mishandled one needs a restatement-vintage audit this codebase does not perform. EXPLICITLY NOT CLAIMED OF EVERY ARS NAME: CRESY shows NO defect (worst adjacent ratio 5.0x vs BMA's 1,588x; 7.5x nominal rise vs BMA's 45.6x, i.e. BELOW Argentine inflation, which is what correct restatement looks like). CRESY is removed by this rule alone. Panel effect: 2 sources, 48 rows.] [ARS on 80/80 rows]"
stock_CUR3K@844b3eaf1ea2,CRESY,2015-04-01,147.3000005387252,8055049416.360001,"currency_excluded [ARS: reports in ARS -- IAS 29 hyperinflation regime, no admitted ARS->USD rate, and this vendor is demonstrably wrong on ARS in this panel | CURRENCY-SCOPED RULE (CEO 2026-08-08): every ARS reporter is removed, whether or not its own series looks damaged. Grounds, measured on the 2026-08-07 CUR3K panel: (1) VENDOR DEFECT, on BMA -- totalAssets 2.325e16 between 2.056e13 and 2.420e13 (961x break) and revenue 1.201e9 between 1.443e12 and 1.907e12 (1,588x break), with marketCap continuous through both, so no market-cap sanity check can see it; BMA's nominal revenue also rises 45.6x over the window. (2) NO USD VALUATION IS POSSIBLE -- ARS is refused by fx_rates.ABSTAIN_CURRENCIES and absent from carveOut.FX_TO_USD, so an ARS name has no marketCap_usd, sits in no band, and scores NEUTRAL on the size tilt while competing for the same slots. (3) NO PER-NAME CLEARANCE EXISTS -- separating a correctly IAS 29-restated series from a mishandled one needs a restatement-vintage audit this codebase does not perform. EXPLICITLY NOT CLAIMED OF EVERY ARS NAME: CRESY shows NO defect (worst adjacent ratio 5.0x vs BMA's 1,588x; 7.5x nominal rise vs BMA's 45.6x, i.e. BELOW Argentine inflation, which is what correct restatement looks like). CRESY is removed by this rule alone. Panel effect: 2 sources, 48 rows.] [ARS on 80/80 rows]"
stock_CUR3K@844b3eaf1ea2,CRESY,2015-07-01,120.30000043509756,6652342566.96,"currency_excluded [ARS: reports in ARS -- IAS 29 hyperinflation regime, no admitted ARS->USD rate, and this vendor is demonstrably wrong on ARS in this panel | CURRENCY-SCOPED RULE (CEO 2026-08-08): every ARS reporter is removed, whether or not its own series looks damaged. Grounds, measured on the 2026-08-07 CUR3K panel: (1) VENDOR DEFECT, on BMA -- totalAssets 2.325e16 between 2.056e13 and 2.420e13 (961x break) and revenue 1.201e9 between 1.443e12 and 1.907e12 (1,588x break), with marketCap continuous through both, so no market-cap sanity check can see it; BMA's nominal revenue also rises 45.6x over the window. (2) NO USD VALUATION IS POSSIBLE -- ARS is refused by fx_rates.ABSTAIN_CURRENCIES and absent from carveOut.FX_TO_USD, so an ARS name has no marketCap_usd, sits in no band, and scores NEUTRAL on the size tilt while competing for the same slots. (3) NO PER-NAME CLEARANCE EXISTS -- separating a correctly IAS 29-restated series from a mishandled one needs a restatement-vintage audit this codebase does not perform. EXPLICITLY NOT CLAIMED OF EVERY ARS NAME: CRESY shows NO defect (worst adjacent ratio 5.0x vs BMA's 1,588x; 7.5x nominal rise vs BMA's 45.6x, i.e. BELOW Argentine inflation, which is what correct restatement looks like). CRESY is removed by this rule alone. Panel effect: 2 sources, 48 rows.] [ARS on 80/80 rows]"
stock_CUR3K@844b3eaf1ea2,CRESY,2016-01-01,159.90000147709418,8654834145.75,"currency_excluded [ARS: reports in ARS -- IAS 29 hyperinflation regime, no admitted ARS->USD rate, and this vendor is demonstrably wrong on ARS in this panel | CURRENCY-SCOPED RULE (CEO 2026-08-08): every ARS reporter is removed, whether or not its own series looks damaged. Grounds, measured on the 2026-08-07 CUR3K panel: (1) VENDOR DEFECT, on BMA -- totalAssets 2.325e16 between 2.056e13 and 2.420e13 (961x break) and revenue 1.201e9 between 1.443e12 and 1.907e12 (1,588x break), with marketCap continuous through both, so no market-cap sanity check can see it; BMA's nominal revenue also rises 45.6x over the window. (2) NO USD VALUATION IS POSSIBLE -- ARS is refused by fx_rates.ABSTAIN_CURRENCIES and absent from carveOut.FX_TO_USD, so an ARS name has no marketCap_usd, sits in no band, and scores NEUTRAL on the size tilt while competing for the same slots. (3) NO PER-NAME CLEARANCE EXISTS -- separating a correctly IAS 29-restated series from a mishandled one needs a restatement-vintage audit this codebase does not perform. EXPLICITLY NOT CLAIMED OF EVERY ARS NAME: CRESY shows NO defect (worst adjacent ratio 5.0x vs BMA's 1,588x; 7.5x nominal rise vs BMA's 45.6x, i.e. BELOW Argentine inflation, which is what correct restatement looks like). CRESY is removed by this rule alone. Panel effect: 2 sources, 48 rows.] [ARS on 80/80 rows]"
stock_CUR3K@844b3eaf1ea2,CRESY,2016-04-01,191.30000068823045,10634719604.16,"currency_excluded [ARS: reports in ARS -- IAS 29 hyperinflation regime, no admitted ARS->USD rate, and this vendor is demonstrably wrong on ARS in this panel | CURRENCY-SCOPED RULE (CEO 2026-08-08): every ARS reporter is removed, whether or not its own series looks damaged. Grounds, measured on the 2026-08-07 CUR3K panel: (1) VENDOR DEFECT, on BMA -- totalAssets 2.325e16 between 2.056e13 and 2.420e13 (961x break) and revenue 1.201e9 between 1.443e12 and 1.907e12 (1,588x break), with marketCap continuous through both, so no market-cap sanity check can see it; BMA's nominal revenue also rises 45.6x over the window. (2) NO USD VALUATION IS POSSIBLE -- ARS is refused by fx_rates.ABSTAIN_CURRENCIES and absent from carveOut.FX_TO_USD, so an ARS name has no marketCap_usd, sits in no band, and scores NEUTRAL on the size tilt while competing for the same slots. (3) NO PER-NAME CLEARANCE EXISTS -- separating a correctly IAS 29-restated series from a mishandled one needs a restatement-vintage audit this codebase does not perform. EXPLICITLY NOT CLAIMED OF EVERY ARS NAME: CRESY shows NO defect (worst adjacent ratio 5.0x vs BMA's 1,588x; 7.5x nominal rise vs BMA's 45.6x, i.e. BELOW Argentine inflation, which is what correct restatement looks like). CRESY is removed by this rule alone. Panel effect: 2 sources, 48 rows.] [ARS on 80/80 rows]"
stock_CUR3K@844b3eaf1ea2,CRESY,2016-07-01,244.70000173293997,13821157488.18,"currency_excluded [ARS: reports in ARS -- IAS 29 hyperinflation regime, no admitted ARS->USD rate, and this vendor is demonstrably wrong on ARS in this panel | CURRENCY-SCOPED RULE (CEO 2026-08-08): every ARS reporter is removed, whether or not its own series looks damaged. Grounds, measured on the 2026-08-07 CUR3K panel: (1) VENDOR DEFECT, on BMA -- totalAssets 2.325e16 between 2.056e13 and 2.420e13 (961x break) and revenue 1.201e9 between 1.443e12 and 1.907e12 (1,588x break), with marketCap continuous through both, so no market-cap sanity check can see it; BMA's nominal revenue also rises 45.6x over the window. (2) NO USD VALUATION IS POSSIBLE -- ARS is refused by fx_rates.ABSTAIN_CURRENCIES and absent from carveOut.FX_TO_USD, so an ARS name has no marketCap_usd, sits in no band, and scores NEUTRAL on the size tilt while competing for the same slots. (3) NO PER-NAME CLEARANCE EXISTS -- separating a correctly IAS 29-restated series from a mishandled one needs a restatement-vintage audit this codebase does not perform. EXPLICITLY NOT CLAIMED OF EVERY ARS NAME: CRESY shows NO defect (worst adjacent ratio 5.0x vs BMA's 1,588x; 7.5x nominal rise vs BMA's 45.6x, i.e. BELOW Argentine inflation, which is what correct restatement looks like). CRESY is removed by this rule alone. Panel effect: 2 sources, 48 rows.] [ARS on 80/80 rows]"
stock_CUR3K@844b3eaf1ea2,CRESY,2016-10-01,221.70000080856377,12157579101.84,"currency_excluded [ARS: reports in ARS -- IAS 29 hyperinflation regime, no admitted ARS->USD rate, and this vendor is demonstrably wrong on ARS in this panel | CURRENCY-SCOPED RULE (CEO 2026-08-08): every ARS reporter is removed, whether or not its own series looks damaged. Grounds, measured on the 2026-08-07 CUR3K panel: (1) VENDOR DEFECT, on BMA -- totalAssets 2.325e16 between 2.056e13 and 2.420e13 (961x break) and revenue 1.201e9 between 1.443e12 and 1.907e12 (1,588x break), with marketCap continuous through both, so no market-cap sanity check can see it; BMA's nominal revenue also rises 45.6x over the window. (2) NO USD VALUATION IS POSSIBLE -- ARS is refused by fx_rates.ABSTAIN_CURRENCIES and absent from carveOut.FX_TO_USD, so an ARS name has no marketCap_usd, sits in no band, and scores NEUTRAL on the size tilt while competing for the same slots. (3) NO PER-NAME CLEARANCE EXISTS -- separating a correctly IAS 29-restated series from a mishandled one needs a restatement-vintage audit this codebase does not perform. EXPLICITLY NOT CLAIMED OF EVERY ARS NAME: CRESY shows NO defect (worst adjacent ratio 5.0x vs BMA's 1,588x; 7.5x nominal rise vs BMA's 45.6x, i.e. BELOW Argentine inflation, which is what correct restatement looks like). CRESY is removed by this rule alone. Panel effect: 2 sources, 48 rows.] [ARS on 80/80 rows]"
stock_CUR3K@844b3eaf1ea2,CRESY,2017-01-01,277.8000018323079,16847133885.12,"currency_excluded [ARS: reports in ARS -- IAS 29 hyperinflation regime, no admitted ARS->USD rate, and this vendor is demonstrably wrong on ARS in this panel | CURRENCY-SCOPED RULE (CEO 2026-08-08): every ARS reporter is removed, whether or not its own series looks damaged. Grounds, measured on the 2026-08-07 CUR3K panel: (1) VENDOR DEFECT, on BMA -- totalAssets 2.325e16 between 2.056e13 and 2.420e13 (961x break) and revenue 1.201e9 between 1.443e12 and 1.907e12 (1,588x break), with marketCap continuous through both, so no market-cap sanity check can see it; BMA's nominal revenue also rises 45.6x over the window. (2) NO USD VALUATION IS POSSIBLE -- ARS is refused by fx_rates.ABSTAIN_CURRENCIES and absent from carveOut.FX_TO_USD, so an ARS name has no marketCap_usd, sits in no band, and scores NEUTRAL on the size tilt while competing for the same slots. (3) NO PER-NAME CLEARANCE EXISTS -- separating a correctly IAS 29-restated series from a mishandled one needs a restatement-vintage audit this codebase does not perform. EXPLICITLY NOT CLAIMED OF EVERY ARS NAME: CRESY shows NO defect (worst adjacent ratio 5.0x vs BMA's 1,588x; 7.5x nominal rise vs BMA's 45.6x, i.e. BELOW Argentine inflation, which is what correct restatement looks like). CRESY is removed by this rule alone. Panel effect: 2 sources, 48 rows.] [ARS on 80/80 rows]"
stock_CUR3K@844b3eaf1ea2,CRESY,2017-04-01,291.40000054014837,15720487733.74,"currency_excluded [ARS: reports in ARS -- IAS 29 hyperinflation regime, no admitted ARS->USD rate, and this vendor is demonstrably wrong on ARS in this panel | CURRENCY-SCOPED RULE (CEO 2026-08-08): every ARS reporter is removed, whether or not its own series looks damaged. Grounds, measured on the 2026-08-07 CUR3K panel: (1) VENDOR DEFECT, on BMA -- totalAssets 2.325e16 between 2.056e13 and 2.420e13 (961x break) and revenue 1.201e9 between 1.443e12 and 1.907e12 (1,588x break), with marketCap continuous through both, so no market-cap sanity check can see it; BMA's nominal revenue also rises 45.6x over the window. (2) NO USD VALUATION IS POSSIBLE -- ARS is refused by fx_rates.ABSTAIN_CURRENCIES and absent from carveOut.FX_TO_USD, so an ARS name has no marketCap_usd, sits in no band, and scores NEUTRAL on the size tilt while competing for the same slots. (3) NO PER-NAME CLEARANCE EXISTS -- separating a correctly IAS 29-restated series from a mishandled one needs a restatement-vintage audit this codebase does not perform. EXPLICITLY NOT CLAIMED OF EVERY ARS NAME: CRESY shows NO defect (worst adjacent ratio 5.0x vs BMA's 1,588x; 7.5x nominal rise vs BMA's 45.6x, i.e. BELOW Argentine inflation, which is what correct restatement looks like). CRESY is removed by this rule alone. Panel effect: 2 sources, 48 rows.] [ARS on 80/80 rows]"
stock_CUR3K@844b3eaf1ea2,CRESY,2017-07-01,293.2000026591957,16163955179.8,"currency_excluded [ARS: reports in ARS -- IAS 29 hyperinflation regime, no admitted ARS->USD rate, and this vendor is demonstrably wrong on ARS in this panel | CURRENCY-SCOPED RULE (CEO 2026-08-08): every ARS reporter is removed, whether or not its own series looks damaged. Grounds, measured on the 2026-08-07 CUR3K panel: (1) VENDOR DEFECT, on BMA -- totalAssets 2.325e16 between 2.056e13 and 2.420e13 (961x break) and revenue 1.201e9 between 1.443e12 and 1.907e12 (1,588x break), with marketCap continuous through both, so no market-cap sanity check can see it; BMA's nominal revenue also rises 45.6x over the window. (2) NO USD VALUATION IS POSSIBLE -- ARS is refused by fx_rates.ABSTAIN_CURRENCIES and absent from carveOut.FX_TO_USD, so an ARS name has no marketCap_usd, sits in no band, and scores NEUTRAL on the size tilt while competing for the same slots. (3) NO PER-NAME CLEARANCE EXISTS -- separating a correctly IAS 29-restated series from a mishandled one needs a restatement-vintage audit this codebase does not perform. EXPLICITLY NOT CLAIMED OF EVERY ARS NAME: CRESY shows NO defect (worst adjacent ratio 5.0x vs BMA's 1,588x; 7.5x nominal rise vs BMA's 45.6x, i.e. BELOW Argentine inflation, which is what correct restatement looks like). CRESY is removed by this rule alone. Panel effect: 2 sources, 48 rows.] [ARS on 80/80 rows]"
stock_CUR3K@844b3eaf1ea2,CRESY,2017-10-01,374.20000492117936,19917573223.74,"currency_excluded [ARS: reports in ARS -- IAS 29 hyperinflation regime, no admitted ARS->USD rate, and this vendor is demonstrably wrong on ARS in this panel | CURRENCY-SCOPED RULE (CEO 2026-08-08): every ARS reporter is removed, whether or not its own series looks damaged. Grounds, measured on the 2026-08-07 CUR3K panel: (1) VENDOR DEFECT, on BMA -- totalAssets 2.325e16 between 2.056e13 and 2.420e13 (961x break) and revenue 1.201e9 between 1.443e12 and 1.907e12 (1,588x break), with marketCap continuous through both, so no market-cap sanity check can see it; BMA's nominal revenue also rises 45.6x over the window. (2) NO USD VALUATION IS POSSIBLE -- ARS is refused by fx_rates.ABSTAIN_CURRENCIES and absent from carveOut.FX_TO_USD, so an ARS name has no marketCap_usd, sits in no band, and scores NEUTRAL on the size tilt while competing for the same slots. (3) NO PER-NAME CLEARANCE EXISTS -- separating a correctly IAS 29-restated series from a mishandled one needs a restatement-vintage audit this codebase does not perform. EXPLICITLY NOT CLAIMED OF EVERY ARS NAME: CRESY shows NO defect (worst adjacent ratio 5.0x vs BMA's 1,588x; 7.5x nominal rise vs BMA's 45.6x, i.e. BELOW Argentine inflation, which is what correct restatement looks like). CRESY is removed by this rule alone. Panel effect: 2 sources, 48 rows.] [ARS on 80/80 rows]"
stock_CUR3K@844b3eaf1ea2,CRESY,2018-01-01,377.8000021325595,20079089344.54,"currency_excluded [ARS: reports in ARS -- IAS 29 hyperinflation regime, no admitted ARS->USD rate, and this vendor is demonstrably wrong on ARS in this panel | CURRENCY-SCOPED RULE (CEO 2026-08-08): every ARS reporter is removed, whether or not its own series looks damaged. Grounds, measured on the 2026-08-07 CUR3K panel: (1) VENDOR DEFECT, on BMA -- totalAssets 2.325e16 between 2.056e13 and 2.420e13 (961x break) and revenue 1.201e9 between 1.443e12 and 1.907e12 (1,588x break), with marketCap continuous through both, so no market-cap sanity check can see it; BMA's nominal revenue also rises 45.6x over the window. (2) NO USD VALUATION IS POSSIBLE -- ARS is refused by fx_rates.ABSTAIN_CURRENCIES and absent from carveOut.FX_TO_USD, so an ARS name has no marketCap_usd, sits in no band, and scores NEUTRAL on the size tilt while competing for the same slots. (3) NO PER-NAME CLEARANCE EXISTS -- separating a correctly IAS 29-restated series from a mishandled one needs a restatement-vintage audit this codebase does not perform. EXPLICITLY NOT CLAIMED OF EVERY ARS NAME: CRESY shows NO defect (worst adjacent ratio 5.0x vs BMA's 1,588x; 7.5x nominal rise vs BMA's 45.6x, i.e. BELOW Argentine inflation, which is what correct restatement looks like). CRESY is removed by this rule alone. Panel effect: 2 sources, 48 rows.] [ARS on 80/80 rows]"
stock_CUR3K@844b3eaf1ea2,CRESY,2018-04-01,382.3000051260852,19958174768.91,"currency_excluded [ARS: reports in ARS -- IAS 29 hyperinflation regime, no admitted ARS->USD rate, and this vendor is demonstrably wrong on ARS in this panel | CURRENCY-SCOPED RULE (CEO 2026-08-08): every ARS reporter is removed, whether or not its own series looks damaged. Grounds, measured on the 2026-08-07 CUR3K panel: (1) VENDOR DEFECT, on BMA -- totalAssets 2.325e16 between 2.056e13 and 2.420e13 (961x break) and revenue 1.201e9 between 1.443e12 and 1.907e12 (1,588x break), with marketCap continuous through both, so no market-cap sanity check can see it; BMA's nominal revenue also rises 45.6x over the window. (2) NO USD VALUATION IS POSSIBLE -- ARS is refused by fx_rates.ABSTAIN_CURRENCIES and absent from carveOut.FX_TO_USD, so an ARS name has no marketCap_usd, sits in no band, and scores NEUTRAL on the size tilt while competing for the same slots. (3) NO PER-NAME CLEARANCE EXISTS -- separating a correctly IAS 29-restated series from a mishandled one needs a restatement-vintage audit this codebase does not perform. EXPLICITLY NOT CLAIMED OF EVERY ARS NAME: CRESY shows NO defect (worst adjacent ratio 5.0x vs BMA's 1,588x; 7.5x nominal rise vs BMA's 45.6x, i.e. BELOW Argentine inflation, which is what correct restatement looks like). CRESY is removed by this rule alone. Panel effect: 2 sources, 48 rows.] [ARS on 80/80 rows]"
stock_CUR3K@844b3eaf1ea2,CRESY,2018-07-01,491.40000000000003,24960896906.4,"currency_excluded [ARS: reports in ARS -- IAS 29 hyperinflation regime, no admitted ARS->USD rate, and this vendor is demonstrably wrong on ARS in this panel | CURRENCY-SCOPED RULE (CEO 2026-08-08): every ARS reporter is removed, whether or not its own series looks damaged. Grounds, measured on the 2026-08-07 CUR3K panel: (1) VENDOR DEFECT, on BMA -- totalAssets 2.325e16 between 2.056e13 and 2.420e13 (961x break) and revenue 1.201e9 between 1.443e12 and 1.907e12 (1,588x break), with marketCap continuous through both, so no market-cap sanity check can see it; BMA's nominal revenue also rises 45.6x over the window. (2) NO USD VALUATION IS POSSIBLE -- ARS is refused by fx_rates.ABSTAIN_CURRENCIES and absent from carveOut.FX_TO_USD, so an ARS name has no marketCap_usd, sits in no band, and scores NEUTRAL on the size tilt while competing for the same slots. (3) NO PER-NAME CLEARANCE EXISTS -- separating a correctly IAS 29-restated series from a mishandled one needs a restatement-vintage audit this codebase does not perform. EXPLICITLY NOT CLAIMED OF EVERY ARS NAME: CRESY shows NO defect (worst adjacent ratio 5.0x vs BMA's 1,588x; 7.5x nominal rise vs BMA's 45.6x, i.e. BELOW Argentine inflation, which is what correct restatement looks like). CRESY is removed by this rule alone. Panel effect: 2 sources, 48 rows.] [ARS on 80/80 rows]"
stock_CUR3K@844b3eaf1ea2,CRESY,2018-10-01,423.800001690184,21252886495.36,"currency_excluded [ARS: reports in ARS -- IAS 29 hyperinflation regime, no admitted ARS->USD rate, and this vendor is demonstrably wrong on ARS in this panel | CURRENCY-SCOPED RULE (CEO 2026-08-08): every ARS reporter is removed, whether or not its own series looks damaged. Grounds, measured on the 2026-08-07 CUR3K panel: (1) VENDOR DEFECT, on BMA -- totalAssets 2.325e16 between 2.056e13 and 2.420e13 (961x break) and revenue 1.201e9 between 1.443e12 and 1.907e12 (1,588x break), with marketCap continuous through both, so no market-cap sanity check can see it; BMA's nominal revenue also rises 45.6x over the window. (2) NO USD VALUATION IS POSSIBLE -- ARS is refused by fx_rates.ABSTAIN_CURRENCIES and absent from carveOut.FX_TO_USD, so an ARS name has no marketCap_usd, sits in no band, and scores NEUTRAL on the size tilt while competing for the same slots. (3) NO PER-NAME CLEARANCE EXISTS -- separating a correctly IAS 29-restated series from a mishandled one needs a restatement-vintage audit this codebase does not perform. EXPLICITLY NOT CLAIMED OF EVERY ARS NAME: CRESY shows NO defect (worst adjacent ratio 5.0x vs BMA's 1,588x; 7.5x nominal rise vs BMA's 45.6x, i.e. BELOW Argentine inflation, which is what correct restatement looks like). CRESY is removed by this rule alone. Panel effect: 2 sources, 48 rows.] [ARS on 80/80 rows]"
stock_CUR3K@844b3eaf1ea2,CRESY,2019-01-01,479.0000018478177,24833726355.8,"currency_excluded [ARS: reports in ARS -- IAS 29 hyperinflation regime, no admitted ARS->USD rate, and this vendor is demonstrably wrong on ARS in this panel | CURRENCY-SCOPED RULE (CEO 2026-08-08): every ARS reporter is removed, whether or not its own series looks damaged. Grounds, measured on the 2026-08-07 CUR3K panel: (1) VENDOR DEFECT, on BMA -- totalAssets 2.325e16 between 2.056e13 and 2.420e13 (961x break) and revenue 1.201e9 between 1.443e12 and 1.907e12 (1,588x break), with marketCap continuous through both, so no market-cap sanity check can see it; BMA's nominal revenue also rises 45.6x over the window. (2) NO USD VALUATION IS POSSIBLE -- ARS is refused by fx_rates.ABSTAIN_CURRENCIES and absent from carveOut.FX_TO_USD, so an ARS name has no marketCap_usd, sits in no band, and scores NEUTRAL on the size tilt while competing for the same slots. (3) NO PER-NAME CLEARANCE EXISTS -- separating a correctly IAS 29-restated series from a mishandled one needs a restatement-vintage audit this codebase does not perform. EXPLICITLY NOT CLAIMED OF EVERY ARS NAME: CRESY shows NO defect (worst adjacent ratio 5.0x vs BMA's 1,588x; 7.5x nominal rise vs BMA's 45.6x, i.e. BELOW Argentine inflation, which is what correct restatement looks like). CRESY is removed by this rule alone. Panel effect: 2 sources, 48 rows.] [ARS on 80/80 rows]"
stock_CUR3K@844b3eaf1ea2,CRESY,2019-04-01,459.10000088809824,23733050129.809998,"currency_excluded [ARS: reports in ARS -- IAS 29 hyperinflation regime, no admitted ARS->USD rate, and this vendor is demonstrably wrong on ARS in this panel | CURRENCY-SCOPED RULE (CEO 2026-08-08): every ARS reporter is removed, whether or not its own series looks damaged. Grounds, measured on the 2026-08-07 CUR3K panel: (1) VENDOR DEFECT, on BMA -- totalAssets 2.325e16 between 2.056e13 and 2.420e13 (961x break) and revenue 1.201e9 between 1.443e12 and 1.907e12 (1,588x break), with marketCap continuous through both, so no market-cap sanity check can see it; BMA's nominal revenue also rises 45.6x over the window. (2) NO USD VALUATION IS POSSIBLE -- ARS is refused by fx_rates.ABSTAIN_CURRENCIES and absent from carveOut.FX_TO_USD, so an ARS name has no marketCap_usd, sits in no band, and scores NEUTRAL on the size tilt while competing for the same slots. (3) NO PER-NAME CLEARANCE EXISTS -- separating a correctly IAS 29-restated series from a mishandled one needs a restatement-vintage audit this codebase does not perform. EXPLICITLY NOT CLAIMED OF EVERY ARS NAME: CRESY shows NO defect (worst adjacent ratio 5.0x vs BMA's 1,588x; 7.5x nominal rise vs BMA's 45.6x, i.e. BELOW Argentine inflation, which is what correct restatement looks like). CRESY is removed by this rule alone. Panel effect: 2 sources, 48 rows.] [ARS on 80/80 rows]"
stock_CUR3K@844b3eaf1ea2,CRESY,2019-07-01,350.10000069796234,17561120714.91,"currency_excluded [ARS: reports in ARS -- IAS 29 hyperinflation regime, no admitted ARS->USD rate, and this vendor is demonstrably wrong on ARS in this panel | CURRENCY-SCOPED RULE (CEO 2026-08-08): every ARS reporter is removed, whether or not its own series looks damaged. Grounds, measured on the 2026-08-07 CUR3K panel: (1) VENDOR DEFECT, on BMA -- totalAssets 2.325e16 between 2.056e13 and 2.420e13 (961x break) and revenue 1.201e9 between 1.443e12 and 1.907e12 (1,588x break), with marketCap continuous through both, so no market-cap sanity check can see it; BMA's nominal revenue also rises 45.6x over the window. (2) NO USD VALUATION IS POSSIBLE -- ARS is refused by fx_rates.ABSTAIN_CURRENCIES and absent from carveOut.FX_TO_USD, so an ARS name has no marketCap_usd, sits in no band, and scores NEUTRAL on the size tilt while competing for the same slots. (3) NO PER-NAME CLEARANCE EXISTS -- separating a correctly IAS 29-restated series from a mishandled one needs a restatement-vintage audit this codebase does not perform. EXPLICITLY NOT CLAIMED OF EVERY ARS NAME: CRESY shows NO defect (worst adjacent ratio 5.0x vs BMA's 1,588x; 7.5x nominal rise vs BMA's 45.6x, i.e. BELOW Argentine inflation, which is what correct restatement looks like). CRESY is removed by this rule alone. Panel effect: 2 sources, 48 rows.] [ARS on 80/80 rows]"
stock_CUR3K@844b3eaf1ea2,CRESY,2019-10-01,508.20000301431355,25704084820.26,"currency_excluded [ARS: reports in ARS -- IAS 29 hyperinflation regime, no admitted ARS->USD rate, and this vendor is demonstrably wrong on ARS in this panel | CURRENCY-SCOPED RULE (CEO 2026-08-08): every ARS reporter is removed, whether or not its own series looks damaged. Grounds, measured on the 2026-08-07 CUR3K panel: (1) VENDOR DEFECT, on BMA -- totalAssets 2.325e16 between 2.056e13 and 2.420e13 (961x break) and revenue 1.201e9 between 1.443e12 and 1.907e12 (1,588x break), with marketCap continuous through both, so no market-cap sanity check can see it; BMA's nominal revenue also rises 45.6x over the window. (2) NO USD VALUATION IS POSSIBLE -- ARS is refused by fx_rates.ABSTAIN_CURRENCIES and absent from carveOut.FX_TO_USD, so an ARS name has no marketCap_usd, sits in no band, and scores NEUTRAL on the size tilt while competing for the same slots. (3) NO PER-NAME CLEARANCE EXISTS -- separating a correctly IAS 29-restated series from a mishandled one needs a restatement-vintage audit this codebase does not perform. EXPLICITLY NOT CLAIMED OF EVERY ARS NAME: CRESY shows NO defect (worst adjacent ratio 5.0x vs BMA's 1,588x; 7.5x nominal rise vs BMA's 45.6x, i.e. BELOW Argentine inflation, which is what correct restatement looks like). CRESY is removed by this rule alone. Panel effect: 2 sources, 48 rows.] [ARS on 80/80 rows]"
stock_CUR3K@844b3eaf1ea2,CRESY,2020-01-01,280.500001625298,14522921244.15,"currency_excluded [ARS: reports in ARS -- IAS 29 hyperinflation regime, no admitted ARS->USD rate, and this vendor is demonstrably wrong on ARS in this panel | CURRENCY-SCOPED RULE (CEO 2026-08-08): every ARS reporter is removed, whether or not its own series looks damaged. Grounds, measured on the 2026-08-07 CUR3K panel: (1) VENDOR DEFECT, on BMA -- totalAssets 2.325e16 between 2.056e13 and 2.420e13 (961x break) and revenue 1.201e9 between 1.443e12 and 1.907e12 (1,588x break), with marketCap continuous through both, so no market-cap sanity check can see it; BMA's nominal revenue also rises 45.6x over the window. (2) NO USD VALUATION IS POSSIBLE -- ARS is refused by fx_rates.ABSTAIN_CURRENCIES and absent from carveOut.FX_TO_USD, so an ARS name has no marketCap_usd, sits in no band, and scores NEUTRAL on the size tilt while competing for the same slots. (3) NO PER-NAME CLEARANCE EXISTS -- separating a correctly IAS 29-restated series from a mishandled one needs a restatement-vintage audit this codebase does not perform. EXPLICITLY NOT CLAIMED OF EVERY ARS NAME: CRESY shows NO defect (worst adjacent ratio 5.0x vs BMA's 1,588x; 7.5x nominal rise vs BMA's 45.6x, i.e. BELOW Argentine inflation, which is what correct restatement looks like). CRESY is removed by this rule alone. Panel effect: 2 sources, 48 rows.] [ARS on 80/80 rows]"
stock_CUR3K@844b3eaf1ea2,CRESY,2020-04-01,306.70000118786794,15837601312.640001,"currency_excluded [ARS: reports in ARS -- IAS 29 hyperinflation regime, no admitted ARS->USD rate, and this vendor is demonstrably wrong on ARS in this panel | CURRENCY-SCOPED RULE (CEO 2026-08-08): every ARS reporter is removed, whether or not its own series looks damaged. Grounds, measured on the 2026-08-07 CUR3K panel: (1) VENDOR DEFECT, on BMA -- totalAssets 2.325e16 between 2.056e13 and 2.420e13 (961x break) and revenue 1.201e9 between 1.443e12 and 1.907e12 (1,588x break), with marketCap continuous through both, so no market-cap sanity check can see it; BMA's nominal revenue also rises 45.6x over the window. (2) NO USD VALUATION IS POSSIBLE -- ARS is refused by fx_rates.ABSTAIN_CURRENCIES and absent from carveOut.FX_TO_USD, so an ARS name has no marketCap_usd, sits in no band, and scores NEUTRAL on the size tilt while competing for the same slots. (3) NO PER-NAME CLEARANCE EXISTS -- separating a correctly IAS 29-restated series from a mishandled one needs a restatement-vintage audit this codebase does not perform. EXPLICITLY NOT CLAIMED OF EVERY ARS NAME: CRESY shows NO defect (worst adjacent ratio 5.0x vs BMA's 1,588x; 7.5x nominal rise vs BMA's 45.6x, i.e. BELOW Argentine inflation, which is what correct restatement looks like). CRESY is removed by this rule alone. Panel effect: 2 sources, 48 rows.] [ARS on 80/80 rows]"
stock_CUR3K@844b3eaf1ea2,CRESY,2020-07-01,388.00000224818405,20088746676.399998,"currency_excluded [ARS: reports in ARS -- IAS 29 hyperinflation regime, no admitted ARS->USD rate, and this vendor is demonstrably wrong on ARS in this panel | CURRENCY-SCOPED RULE (CEO 2026-08-08): every ARS reporter is removed, whether or not its own series looks damaged. Grounds, measured on the 2026-08-07 CUR3K panel: (1) VENDOR DEFECT, on BMA -- totalAssets 2.325e16 between 2.056e13 and 2.420e13 (961x break) and revenue 1.201e9 between 1.443e12 and 1.907e12 (1,588x break), with marketCap continuous through both, so no market-cap sanity check can see it; BMA's nominal revenue also rises 45.6x over the window. (2) NO USD VALUATION IS POSSIBLE -- ARS is refused by fx_rates.ABSTAIN_CURRENCIES and absent from carveOut.FX_TO_USD, so an ARS name has no marketCap_usd, sits in no band, and scores NEUTRAL on the size tilt while competing for the same slots. (3) NO PER-NAME CLEARANCE EXISTS -- separating a correctly IAS 29-restated series from a mishandled one needs a restatement-vintage audit this codebase does not perform. EXPLICITLY NOT CLAIMED OF EVERY ARS NAME: CRESY shows NO defect (worst adjacent ratio 5.0x vs BMA's 1,588x; 7.5x nominal rise vs BMA's 45.6x, i.e. BELOW Argentine inflation, which is what correct restatement looks like). CRESY is removed by this rule alone. Panel effect: 2 sources, 48 rows.] [ARS on 80/80 rows]"
stock_CUR3K@844b3eaf1ea2,CRESY,2020-10-01,624.9000084953697,32176352647.23,"currency_excluded [ARS: reports in ARS -- IAS 29 hyperinflation regime, no admitted ARS->USD rate, and this vendor is demonstrably wrong on ARS in this panel | CURRENCY-SCOPED RULE (CEO 2026-08-08): every ARS reporter is removed, whether or not its own series looks damaged. Grounds, measured on the 2026-08-07 CUR3K panel: (1) VENDOR DEFECT, on BMA -- totalAssets 2.325e16 between 2.056e13 and 2.420e13 (961x break) and revenue 1.201e9 between 1.443e12 and 1.907e12 (1,588x break), with marketCap continuous through both, so no market-cap sanity check can see it; BMA's nominal revenue also rises 45.6x over the window. (2) NO USD VALUATION IS POSSIBLE -- ARS is refused by fx_rates.ABSTAIN_CURRENCIES and absent from carveOut.FX_TO_USD, so an ARS name has no marketCap_usd, sits in no band, and scores NEUTRAL on the size tilt while competing for the same slots. (3) NO PER-NAME CLEARANCE EXISTS -- separating a correctly IAS 29-restated series from a mishandled one needs a restatement-vintage audit this codebase does not perform. EXPLICITLY NOT CLAIMED OF EVERY ARS NAME: CRESY shows NO defect (worst adjacent ratio 5.0x vs BMA's 1,588x; 7.5x nominal rise vs BMA's 45.6x, i.e. BELOW Argentine inflation, which is what correct restatement looks like). CRESY is removed by this rule alone. Panel effect: 2 sources, 48 rows.] [ARS on 80/80 rows]"
stock_CUR3K@844b3eaf1ea2,CRESY,2021-01-01,748.000011024477,45675963181.2,"currency_excluded [ARS: reports in ARS -- IAS 29 hyperinflation regime, no admitted ARS->USD rate, and this vendor is demonstrably wrong on ARS in this panel | CURRENCY-SCOPED RULE (CEO 2026-08-08): every ARS reporter is removed, whether or not its own series looks damaged. Grounds, measured on the 2026-08-07 CUR3K panel: (1) VENDOR DEFECT, on BMA -- totalAssets 2.325e16 between 2.056e13 and 2.420e13 (961x break) and revenue 1.201e9 between 1.443e12 and 1.907e12 (1,588x break), with marketCap continuous through both, so no market-cap sanity check can see it; BMA's nominal revenue also rises 45.6x over the window. (2) NO USD VALUATION IS POSSIBLE -- ARS is refused by fx_rates.ABSTAIN_CURRENCIES and absent from carveOut.FX_TO_USD, so an ARS name has no marketCap_usd, sits in no band, and scores NEUTRAL on the size tilt while competing for the same slots. (3) NO PER-NAME CLEARANCE EXISTS -- separating a correctly IAS 29-restated series from a mishandled one needs a restatement-vintage audit this codebase does not perform. EXPLICITLY NOT CLAIMED OF EVERY ARS NAME: CRESY shows NO defect (worst adjacent ratio 5.0x vs BMA's 1,588x; 7.5x nominal rise vs BMA's 45.6x, i.e. BELOW Argentine inflation, which is what correct restatement looks like). CRESY is removed by this rule alone. Panel effect: 2 sources, 48 rows.] [ARS on 80/80 rows]"
stock_CUR3K@844b3eaf1ea2,CRESY,2021-04-01,983.4000119166905,56807123440.98,"currency_excluded [ARS: reports in ARS -- IAS 29 hyperinflation regime, no admitted ARS->USD rate, and this vendor is demonstrably wrong on ARS in this panel | CURRENCY-SCOPED RULE (CEO 2026-08-08): every ARS reporter is removed, whether or not its own series looks damaged. Grounds, measured on the 2026-08-07 CUR3K panel: (1) VENDOR DEFECT, on BMA -- totalAssets 2.325e16 between 2.056e13 and 2.420e13 (961x break) and revenue 1.201e9 between 1.443e12 and 1.907e12 (1,588x break), with marketCap continuous through both, so no market-cap sanity check can see it; BMA's nominal revenue also rises 45.6x over the window. (2) NO USD VALUATION IS POSSIBLE -- ARS is refused by fx_rates.ABSTAIN_CURRENCIES and absent from carveOut.FX_TO_USD, so an ARS name has no marketCap_usd, sits in no band, and scores NEUTRAL on the size tilt while competing for the same slots. (3) NO PER-NAME CLEARANCE EXISTS -- separating a correctly IAS 29-restated series from a mishandled one needs a restatement-vintage audit this codebase does not perform. EXPLICITLY NOT CLAIMED OF EVERY ARS NAME: CRESY shows NO defect (worst adjacent ratio 5.0x vs BMA's 1,588x; 7.5x nominal rise vs BMA's 45.6x, i.e. BELOW Argentine inflation, which is what correct restatement looks like). CRESY is removed by this rule alone. Panel effect: 2 sources, 48 rows.] [ARS on 80/80 rows]"
stock_CUR3K@844b3eaf1ea2,CRESY,2021-07-01,919.0000060664098,55687699554.600006,"currency_excluded [ARS: reports in ARS -- IAS 29 hyperinflation regime, no admitted ARS->USD rate, and this vendor is demonstrably wrong on ARS in this panel | CURRENCY-SCOPED RULE (CEO 2026-08-08): every ARS reporter is removed, whether or not its own series looks damaged. Grounds, measured on the 2026-08-07 CUR3K panel: (1) VENDOR DEFECT, on BMA -- totalAssets 2.325e16 between 2.056e13 and 2.420e13 (961x break) and revenue 1.201e9 between 1.443e12 and 1.907e12 (1,588x break), with marketCap continuous through both, so no market-cap sanity check can see it; BMA's nominal revenue also rises 45.6x over the window. (2) NO USD VALUATION IS POSSIBLE -- ARS is refused by fx_rates.ABSTAIN_CURRENCIES and absent from carveOut.FX_TO_USD, so an ARS name has no marketCap_usd, sits in no band, and scores NEUTRAL on the size tilt while competing for the same slots. (3) NO PER-NAME CLEARANCE EXISTS -- separating a correctly IAS 29-restated series from a mishandled one needs a restatement-vintage audit this codebase does not perform. EXPLICITLY NOT CLAIMED OF EVERY ARS NAME: CRESY shows NO defect (worst adjacent ratio 5.0x vs BMA's 1,588x; 7.5x nominal rise vs BMA's 45.6x, i.e. BELOW Argentine inflation, which is what correct restatement looks like). CRESY is removed by this rule alone. Panel effect: 2 sources, 48 rows.] [ARS on 80/80 rows]"
stock_CUR3K@844b3eaf1ea2,CRESY,2021-10-01,952.9000015638782,58061966630.590004,"currency_excluded [ARS: reports in ARS -- IAS 29 hyperinflation regime, no admitted ARS->USD rate, and this vendor is demonstrably wrong on ARS in this panel | CURRENCY-SCOPED RULE (CEO 2026-08-08): every ARS reporter is removed, whether or not its own series looks damaged. Grounds, measured on the 2026-08-07 CUR3K panel: (1) VENDOR DEFECT, on BMA -- totalAssets 2.325e16 between 2.056e13 and 2.420e13 (961x break) and revenue 1.201e9 between 1.443e12 and 1.907e12 (1,588x break), with marketCap continuous through both, so no market-cap sanity check can see it; BMA's nominal revenue also rises 45.6x over the window. (2) NO USD VALUATION IS POSSIBLE -- ARS is refused by fx_rates.ABSTAIN_CURRENCIES and absent from carveOut.FX_TO_USD, so an ARS name has no marketCap_usd, sits in no band, and scores NEUTRAL on the size tilt while competing for the same slots. (3) NO PER-NAME CLEARANCE EXISTS -- separating a correctly IAS 29-restated series from a mishandled one needs a restatement-vintage audit this codebase does not perform. EXPLICITLY NOT CLAIMED OF EVERY ARS NAME: CRESY shows NO defect (worst adjacent ratio 5.0x vs BMA's 1,588x; 7.5x nominal rise vs BMA's 45.6x, i.e. BELOW Argentine inflation, which is what correct restatement looks like). CRESY is removed by this rule alone. Panel effect: 2 sources, 48 rows.] [ARS on 80/80 rows]"
stock_CUR3K@844b3eaf1ea2,CRESY,2022-01-01,1515.8000099571395,92301597879.92001,"currency_excluded [ARS: reports in ARS -- IAS 29 hyperinflation regime, no admitted ARS->USD rate, and this vendor is demonstrably wrong on ARS in this panel | CURRENCY-SCOPED RULE (CEO 2026-08-08): every ARS reporter is removed, whether or not its own series looks damaged. Grounds, measured on the 2026-08-07 CUR3K panel: (1) VENDOR DEFECT, on BMA -- totalAssets 2.325e16 between 2.056e13 and 2.420e13 (961x break) and revenue 1.201e9 between 1.443e12 and 1.907e12 (1,588x break), with marketCap continuous through both, so no market-cap sanity check can see it; BMA's nominal revenue also rises 45.6x over the window. (2) NO USD VALUATION IS POSSIBLE -- ARS is refused by fx_rates.ABSTAIN_CURRENCIES and absent from carveOut.FX_TO_USD, so an ARS name has no marketCap_usd, sits in no band, and scores NEUTRAL on the size tilt while competing for the same slots. (3) NO PER-NAME CLEARANCE EXISTS -- separating a correctly IAS 29-restated series from a mishandled one needs a restatement-vintage audit this codebase does not perform. EXPLICITLY NOT CLAIMED OF EVERY ARS NAME: CRESY shows NO defect (worst adjacent ratio 5.0x vs BMA's 1,588x; 7.5x nominal rise vs BMA's 45.6x, i.e. BELOW Argentine inflation, which is what correct restatement looks like). CRESY is removed by this rule alone. Panel effect: 2 sources, 48 rows.] [ARS on 80/80 rows]"
stock_CUR3K@844b3eaf1ea2,CRESY,2022-04-01,1244.1000145315045,85209886741.98,"currency_excluded [ARS: reports in ARS -- IAS 29 hyperinflation regime, no admitted ARS->USD rate, and this vendor is demonstrably wrong on ARS in this panel | CURRENCY-SCOPED RULE (CEO 2026-08-08): every ARS reporter is removed, whether or not its own series looks damaged. Grounds, measured on the 2026-08-07 CUR3K panel: (1) VENDOR DEFECT, on BMA -- totalAssets 2.325e16 between 2.056e13 and 2.420e13 (961x break) and revenue 1.201e9 between 1.443e12 and 1.907e12 (1,588x break), with marketCap continuous through both, so no market-cap sanity check can see it; BMA's nominal revenue also rises 45.6x over the window. (2) NO USD VALUATION IS POSSIBLE -- ARS is refused by fx_rates.ABSTAIN_CURRENCIES and absent from carveOut.FX_TO_USD, so an ARS name has no marketCap_usd, sits in no band, and scores NEUTRAL on the size tilt while competing for the same slots. (3) NO PER-NAME CLEARANCE EXISTS -- separating a correctly IAS 29-restated series from a mishandled one needs a restatement-vintage audit this codebase does not perform. EXPLICITLY NOT CLAIMED OF EVERY ARS NAME: CRESY shows NO defect (worst adjacent ratio 5.0x vs BMA's 1,588x; 7.5x nominal rise vs BMA's 45.6x, i.e. BELOW Argentine inflation, which is what correct restatement looks like). CRESY is removed by this rule alone. Panel effect: 2 sources, 48 rows.] [ARS on 80/80 rows]"
stock_CUR3K@844b3eaf1ea2,CRESY,2022-07-01,1645.7000119112636,113687706787.54999,"currency_excluded [ARS: reports in ARS -- IAS 29 hyperinflation regime, no admitted ARS->USD rate, and this vendor is demonstrably wrong on ARS in this panel | CURRENCY-SCOPED RULE (CEO 2026-08-08): every ARS reporter is removed, whether or not its own series looks damaged. Grounds, measured on the 2026-08-07 CUR3K panel: (1) VENDOR DEFECT, on BMA -- totalAssets 2.325e16 between 2.056e13 and 2.420e13 (961x break) and revenue 1.201e9 between 1.443e12 and 1.907e12 (1,588x break), with marketCap continuous through both, so no market-cap sanity check can see it; BMA's nominal revenue also rises 45.6x over the window. (2) NO USD VALUATION IS POSSIBLE -- ARS is refused by fx_rates.ABSTAIN_CURRENCIES and absent from carveOut.FX_TO_USD, so an ARS name has no marketCap_usd, sits in no band, and scores NEUTRAL on the size tilt while competing for the same slots. (3) NO PER-NAME CLEARANCE EXISTS -- separating a correctly IAS 29-restated series from a mishandled one needs a restatement-vintage audit this codebase does not perform. EXPLICITLY NOT CLAIMED OF EVERY ARS NAME: CRESY shows NO defect (worst adjacent ratio 5.0x vs BMA's 1,588x; 7.5x nominal rise vs BMA's 45.6x, i.e. BELOW Argentine inflation, which is what correct restatement looks like). CRESY is removed by this rule alone. Panel effect: 2 sources, 48 rows.] [ARS on 80/80 rows]"
stock_CUR3K@844b3eaf1ea2,CRESY,2022-10-01,2257.5000267484547,133368990672.75,"currency_excluded [ARS: reports in ARS -- IAS 29 hyperinflation regime, no admitted ARS->USD rate, and this vendor is demonstrably wrong on ARS in this panel | CURRENCY-SCOPED RULE (CEO 2026-08-08): every ARS reporter is removed, whether or not its own series looks damaged. Grounds, measured on the 2026-08-07 CUR3K panel: (1) VENDOR DEFECT, on BMA -- totalAssets 2.325e16 between 2.056e13 and 2.420e13 (961x break) and revenue 1.201e9 between 1.443e12 and 1.907e12 (1,588x break), with marketCap continuous through both, so no market-cap sanity check can see it; BMA's nominal revenue also rises 45.6x over the window. (2) NO USD VALUATION IS POSSIBLE -- ARS is refused by fx_rates.ABSTAIN_CURRENCIES and absent from carveOut.FX_TO_USD, so an ARS name has no marketCap_usd, sits in no band, and scores NEUTRAL on the size tilt while competing for the same slots. (3) NO PER-NAME CLEARANCE EXISTS -- separating a correctly IAS 29-restated series from a mishandled one needs a restatement-vintage audit this codebase does not perform. EXPLICITLY NOT CLAIMED OF EVERY ARS NAME: CRESY shows NO defect (worst adjacent ratio 5.0x vs BMA's 1,588x; 7.5x nominal rise vs BMA's 45.6x, i.e. BELOW Argentine inflation, which is what correct restatement looks like). CRESY is removed by this rule alone. Panel effect: 2 sources, 48 rows.] [ARS on 80/80 rows]"
stock_CUR3K@844b3eaf1ea2,CRESY,2023-01-01,2502.6000041640696,150405917394.06,"currency_excluded [ARS: reports in ARS -- IAS 29 hyperinflation regime, no admitted ARS->USD rate, and this vendor is demonstrably wrong on ARS in this panel | CURRENCY-SCOPED RULE (CEO 2026-08-08): every ARS reporter is removed, whether or not its own series looks damaged. Grounds, measured on the 2026-08-07 CUR3K panel: (1) VENDOR DEFECT, on BMA -- totalAssets 2.325e16 between 2.056e13 and 2.420e13 (961x break) and revenue 1.201e9 between 1.443e12 and 1.907e12 (1,588x break), with marketCap continuous through both, so no market-cap sanity check can see it; BMA's nominal revenue also rises 45.6x over the window. (2) NO USD VALUATION IS POSSIBLE -- ARS is refused by fx_rates.ABSTAIN_CURRENCIES and absent from carveOut.FX_TO_USD, so an ARS name has no marketCap_usd, sits in no band, and scores NEUTRAL on the size tilt while competing for the same slots. (3) NO PER-NAME CLEARANCE EXISTS -- separating a correctly IAS 29-restated series from a mishandled one needs a restatement-vintage audit this codebase does not perform. EXPLICITLY NOT CLAIMED OF EVERY ARS NAME: CRESY shows NO defect (worst adjacent ratio 5.0x vs BMA's 1,588x; 7.5x nominal rise vs BMA's 45.6x, i.e. BELOW Argentine inflation, which is what correct restatement looks like). CRESY is removed by this rule alone. Panel effect: 2 sources, 48 rows.] [ARS on 80/80 rows]"
stock_CUR3K@844b3eaf1ea2,CRESY,2023-04-01,3973.8000426760764,259015390319.46,"currency_excluded [ARS: reports in ARS -- IAS 29 hyperinflation regime, no admitted ARS->USD rate, and this vendor is demonstrably wrong on ARS in this panel | CURRENCY-SCOPED RULE (CEO 2026-08-08): every ARS reporter is removed, whether or not its own series looks damaged. Grounds, measured on the 2026-08-07 CUR3K panel: (1) VENDOR DEFECT, on BMA -- totalAssets 2.325e16 between 2.056e13 and 2.420e13 (961x break) and revenue 1.201e9 between 1.443e12 and 1.907e12 (1,588x break), with marketCap continuous through both, so no market-cap sanity check can see it; BMA's nominal revenue also rises 45.6x over the window. (2) NO USD VALUATION IS POSSIBLE -- ARS is refused by fx_rates.ABSTAIN_CURRENCIES and absent from carveOut.FX_TO_USD, so an ARS name has no marketCap_usd, sits in no band, and scores NEUTRAL on the size tilt while competing for the same slots. (3) NO PER-NAME CLEARANCE EXISTS -- separating a correctly IAS 29-restated series from a mishandled one needs a restatement-vintage audit this codebase does not perform. EXPLICITLY NOT CLAIMED OF EVERY ARS NAME: CRESY shows NO defect (worst adjacent ratio 5.0x vs BMA's 1,588x; 7.5x nominal rise vs BMA's 45.6x, i.e. BELOW Argentine inflation, which is what correct restatement looks like). CRESY is removed by this rule alone. Panel effect: 2 sources, 48 rows.] [ARS on 80/80 rows]"
stock_CUR3K@844b3eaf1ea2,CRESY,2023-07-01,5504.300041536095,437652868468.07996,"currency_excluded [ARS: reports in ARS -- IAS 29 hyperinflation regime, no admitted ARS->USD rate, and this vendor is demonstrably wrong on ARS in this panel | CURRENCY-SCOPED RULE (CEO 2026-08-08): every ARS reporter is removed, whether or not its own series looks damaged. Grounds, measured on the 2026-08-07 CUR3K panel: (1) VENDOR DEFECT, on BMA -- totalAssets 2.325e16 between 2.056e13 and 2.420e13 (961x break) and revenue 1.201e9 between 1.443e12 and 1.907e12 (1,588x break), with marketCap continuous through both, so no market-cap sanity check can see it; BMA's nominal revenue also rises 45.6x over the window. (2) NO USD VALUATION IS POSSIBLE -- ARS is refused by fx_rates.ABSTAIN_CURRENCIES and absent from carveOut.FX_TO_USD, so an ARS name has no marketCap_usd, sits in no band, and scores NEUTRAL on the size tilt while competing for the same slots. (3) NO PER-NAME CLEARANCE EXISTS -- separating a correctly IAS 29-restated series from a mishandled one needs a restatement-vintage audit this codebase does not perform. EXPLICITLY NOT CLAIMED OF EVERY ARS NAME: CRESY shows NO defect (worst adjacent ratio 5.0x vs BMA's 1,588x; 7.5x nominal rise vs BMA's 45.6x, i.e. BELOW Argentine inflation, which is what correct restatement looks like). CRESY is removed by this rule alone. Panel effect: 2 sources, 48 rows.] [ARS on 80/80 rows]"
stock_CUR3K@844b3eaf1ea2,CRESY,2023-10-01,9305.5,559285674850.0,"currency_excluded [ARS: reports in ARS -- IAS 29 hyperinflation regime, no admitted ARS->USD rate, and this vendor is demonstrably wrong on ARS in this panel | CURRENCY-SCOPED RULE (CEO 2026-08-08): every ARS reporter is removed, whether or not its own series looks damaged. Grounds, measured on the 2026-08-07 CUR3K panel: (1) VENDOR DEFECT, on BMA -- totalAssets 2.325e16 between 2.056e13 and 2.420e13 (961x break) and revenue 1.201e9 between 1.443e12 and 1.907e12 (1,588x break), with marketCap continuous through both, so no market-cap sanity check can see it; BMA's nominal revenue also rises 45.6x over the window. (2) NO USD VALUATION IS POSSIBLE -- ARS is refused by fx_rates.ABSTAIN_CURRENCIES and absent from carveOut.FX_TO_USD, so an ARS name has no marketCap_usd, sits in no band, and scores NEUTRAL on the size tilt while competing for the same slots. (3) NO PER-NAME CLEARANCE EXISTS -- separating a correctly IAS 29-restated series from a mishandled one needs a restatement-vintage audit this codebase does not perform. EXPLICITLY NOT CLAIMED OF EVERY ARS NAME: CRESY shows NO defect (worst adjacent ratio 5.0x vs BMA's 1,588x; 7.5x nominal rise vs BMA's 45.6x, i.e. BELOW Argentine inflation, which is what correct restatement looks like). CRESY is removed by this rule alone. Panel effect: 2 sources, 48 rows.] [ARS on 80/80 rows]"
stock_CUR3K@844b3eaf1ea2,CRESY,2024-01-01,9672.5,568972238250.0,"currency_excluded [ARS: reports in ARS -- IAS 29 hyperinflation regime, no admitted ARS->USD rate, and this vendor is demonstrably wrong on ARS in this panel | CURRENCY-SCOPED RULE (CEO 2026-08-08): every ARS reporter is removed, whether or not its own series looks damaged. Grounds, measured on the 2026-08-07 CUR3K panel: (1) VENDOR DEFECT, on BMA -- totalAssets 2.325e16 between 2.056e13 and 2.420e13 (961x break) and revenue 1.201e9 between 1.443e12 and 1.907e12 (1,588x break), with marketCap continuous through both, so no market-cap sanity check can see it; BMA's nominal revenue also rises 45.6x over the window. (2) NO USD VALUATION IS POSSIBLE -- ARS is refused by fx_rates.ABSTAIN_CURRENCIES and absent from carveOut.FX_TO_USD, so an ARS name has no marketCap_usd, sits in no band, and scores NEUTRAL on the size tilt while competing for the same slots. (3) NO PER-NAME CLEARANCE EXISTS -- separating a correctly IAS 29-restated series from a mishandled one needs a restatement-vintage audit this codebase does not perform. EXPLICITLY NOT CLAIMED OF EVERY ARS NAME: CRESY shows NO defect (worst adjacent ratio 5.0x vs BMA's 1,588x; 7.5x nominal rise vs BMA's 45.6x, i.e. BELOW Argentine inflation, which is what correct restatement looks like). CRESY is removed by this rule alone. Panel effect: 2 sources, 48 rows.] [ARS on 80/80 rows]"
stock_CUR3K@844b3eaf1ea2,CRESY,2024-04-01,11088.0,784387296000.0,"currency_excluded [ARS: reports in ARS -- IAS 29 hyperinflation regime, no admitted ARS->USD rate, and this vendor is demonstrably wrong on ARS in this panel | CURRENCY-SCOPED RULE (CEO 2026-08-08): every ARS reporter is removed, whether or not its own series looks damaged. Grounds, measured on the 2026-08-07 CUR3K panel: (1) VENDOR DEFECT, on BMA -- totalAssets 2.325e16 between 2.056e13 and 2.420e13 (961x break) and revenue 1.201e9 between 1.443e12 and 1.907e12 (1,588x break), with marketCap continuous through both, so no market-cap sanity check can see it; BMA's nominal revenue also rises 45.6x over the window. (2) NO USD VALUATION IS POSSIBLE -- ARS is refused by fx_rates.ABSTAIN_CURRENCIES and absent from carveOut.FX_TO_USD, so an ARS name has no marketCap_usd, sits in no band, and scores NEUTRAL on the size tilt while competing for the same slots. (3) NO PER-NAME CLEARANCE EXISTS -- separating a correctly IAS 29-restated series from a mishandled one needs a restatement-vintage audit this codebase does not perform. EXPLICITLY NOT CLAIMED OF EVERY ARS NAME: CRESY shows NO defect (worst adjacent ratio 5.0x vs BMA's 1,588x; 7.5x nominal rise vs BMA's 45.6x, i.e. BELOW Argentine inflation, which is what correct restatement looks like). CRESY is removed by this rule alone. Panel effect: 2 sources, 48 rows.] [ARS on 80/80 rows]"
stock_CUR3K@844b3eaf1ea2,CRESY,2024-07-01,10750.0,641521300000.0,"currency_excluded [ARS: reports in ARS -- IAS 29 hyperinflation regime, no admitted ARS->USD rate, and this vendor is demonstrably wrong on ARS in this panel | CURRENCY-SCOPED RULE (CEO 2026-08-08): every ARS reporter is removed, whether or not its own series looks damaged. Grounds, measured on the 2026-08-07 CUR3K panel: (1) VENDOR DEFECT, on BMA -- totalAssets 2.325e16 between 2.056e13 and 2.420e13 (961x break) and revenue 1.201e9 between 1.443e12 and 1.907e12 (1,588x break), with marketCap continuous through both, so no market-cap sanity check can see it; BMA's nominal revenue also rises 45.6x over the window. (2) NO USD VALUATION IS POSSIBLE -- ARS is refused by fx_rates.ABSTAIN_CURRENCIES and absent from carveOut.FX_TO_USD, so an ARS name has no marketCap_usd, sits in no band, and scores NEUTRAL on the size tilt while competing for the same slots. (3) NO PER-NAME CLEARANCE EXISTS -- separating a correctly IAS 29-restated series from a mishandled one needs a restatement-vintage audit this codebase does not perform. EXPLICITLY NOT CLAIMED OF EVERY ARS NAME: CRESY shows NO defect (worst adjacent ratio 5.0x vs BMA's 1,588x; 7.5x nominal rise vs BMA's 45.6x, i.e. BELOW Argentine inflation, which is what correct restatement looks like). CRESY is removed by this rule alone. Panel effect: 2 sources, 48 rows.] [ARS on 80/80 rows]"
stock_CUR3K@844b3eaf1ea2,CRESY,2024-10-01,14950.0,891028970000.0,"currency_excluded [ARS: reports in ARS -- IAS 29 hyperinflation regime, no admitted ARS->USD rate, and this vendor is demonstrably wrong on ARS in this panel | CURRENCY-SCOPED RULE (CEO 2026-08-08): every ARS reporter is removed, whether or not its own series looks damaged. Grounds, measured on the 2026-08-07 CUR3K panel: (1) VENDOR DEFECT, on BMA -- totalAssets 2.325e16 between 2.056e13 and 2.420e13 (961x break) and revenue 1.201e9 between 1.443e12 and 1.907e12 (1,588x break), with marketCap continuous through both, so no market-cap sanity check can see it; BMA's nominal revenue also rises 45.6x over the window. (2) NO USD VALUATION IS POSSIBLE -- ARS is refused by fx_rates.ABSTAIN_CURRENCIES and absent from carveOut.FX_TO_USD, so an ARS name has no marketCap_usd, sits in no band, and scores NEUTRAL on the size tilt while competing for the same slots. (3) NO PER-NAME CLEARANCE EXISTS -- separating a correctly IAS 29-restated series from a mishandled one needs a restatement-vintage audit this codebase does not perform. EXPLICITLY NOT CLAIMED OF EVERY ARS NAME: CRESY shows NO defect (worst adjacent ratio 5.0x vs BMA's 1,588x; 7.5x nominal rise vs BMA's 45.6x, i.e. BELOW Argentine inflation, which is what correct restatement looks like). CRESY is removed by this rule alone. Panel effect: 2 sources, 48 rows.] [ARS on 80/80 rows]"
stock_CUR3K@844b3eaf1ea2,CRESY,2025-01-01,14550.0,871038660000.0,"currency_excluded [ARS: reports in ARS -- IAS 29 hyperinflation regime, no admitted ARS->USD rate, and this vendor is demonstrably wrong on ARS in this panel | CURRENCY-SCOPED RULE (CEO 2026-08-08): every ARS reporter is removed, whether or not its own series looks damaged. Grounds, measured on the 2026-08-07 CUR3K panel: (1) VENDOR DEFECT, on BMA -- totalAssets 2.325e16 between 2.056e13 and 2.420e13 (961x break) and revenue 1.201e9 between 1.443e12 and 1.907e12 (1,588x break), with marketCap continuous through both, so no market-cap sanity check can see it; BMA's nominal revenue also rises 45.6x over the window. (2) NO USD VALUATION IS POSSIBLE -- ARS is refused by fx_rates.ABSTAIN_CURRENCIES and absent from carveOut.FX_TO_USD, so an ARS name has no marketCap_usd, sits in no band, and scores NEUTRAL on the size tilt while competing for the same slots. (3) NO PER-NAME CLEARANCE EXISTS -- separating a correctly IAS 29-restated series from a mishandled one needs a restatement-vintage audit this codebase does not perform. EXPLICITLY NOT CLAIMED OF EVERY ARS NAME: CRESY shows NO defect (worst adjacent ratio 5.0x vs BMA's 1,588x; 7.5x nominal rise vs BMA's 45.6x, i.e. BELOW Argentine inflation, which is what correct restatement looks like). CRESY is removed by this rule alone. Panel effect: 2 sources, 48 rows.] [ARS on 80/80 rows]"
stock_CUR3K@844b3eaf1ea2,CRESY,2025-04-01,11630.021878063386,701158900000.0,"currency_excluded [ARS: reports in ARS -- IAS 29 hyperinflation regime, no admitted ARS->USD rate, and this vendor is demonstrably wrong on ARS in this panel | CURRENCY-SCOPED RULE (CEO 2026-08-08): every ARS reporter is removed, whether or not its own series looks damaged. Grounds, measured on the 2026-08-07 CUR3K panel: (1) VENDOR DEFECT, on BMA -- totalAssets 2.325e16 between 2.056e13 and 2.420e13 (961x break) and revenue 1.201e9 between 1.443e12 and 1.907e12 (1,588x break), with marketCap continuous through both, so no market-cap sanity check can see it; BMA's nominal revenue also rises 45.6x over the window. (2) NO USD VALUATION IS POSSIBLE -- ARS is refused by fx_rates.ABSTAIN_CURRENCIES and absent from carveOut.FX_TO_USD, so an ARS name has no marketCap_usd, sits in no band, and scores NEUTRAL on the size tilt while competing for the same slots. (3) NO PER-NAME CLEARANCE EXISTS -- separating a correctly IAS 29-restated series from a mishandled one needs a restatement-vintage audit this codebase does not perform. EXPLICITLY NOT CLAIMED OF EVERY ARS NAME: CRESY shows NO defect (worst adjacent ratio 5.0x vs BMA's 1,588x; 7.5x nominal rise vs BMA's 45.6x, i.e. BELOW Argentine inflation, which is what correct restatement looks like). CRESY is removed by this rule alone. Panel effect: 2 sources, 48 rows.] [ARS on 80/80 rows]"
stock_CUR3K@844b3eaf1ea2,CRESY,2025-07-01,15756.304562185407,885245913000.0,"currency_excluded [ARS: reports in ARS -- IAS 29 hyperinflation regime, no admitted ARS->USD rate, and this vendor is demonstrably wrong on ARS in this panel | CURRENCY-SCOPED RULE (CEO 2026-08-08): every ARS reporter is removed, whether or not its own series looks damaged. Grounds, measured on the 2026-08-07 CUR3K panel: (1) VENDOR DEFECT, on BMA -- totalAssets 2.325e16 between 2.056e13 and 2.420e13 (961x break) and revenue 1.201e9 between 1.443e12 and 1.907e12 (1,588x break), with marketCap continuous through both, so no market-cap sanity check can see it; BMA's nominal revenue also rises 45.6x over the window. (2) NO USD VALUATION IS POSSIBLE -- ARS is refused by fx_rates.ABSTAIN_CURRENCIES and absent from carveOut.FX_TO_USD, so an ARS name has no marketCap_usd, sits in no band, and scores NEUTRAL on the size tilt while competing for the same slots. (3) NO PER-NAME CLEARANCE EXISTS -- separating a correctly IAS 29-restated series from a mishandled one needs a restatement-vintage audit this codebase does not perform. EXPLICITLY NOT CLAIMED OF EVERY ARS NAME: CRESY shows NO defect (worst adjacent ratio 5.0x vs BMA's 1,588x; 7.5x nominal rise vs BMA's 45.6x, i.e. BELOW Argentine inflation, which is what correct restatement looks like). CRESY is removed by this rule alone. Panel effect: 2 sources, 48 rows.] [ARS on 80/80 rows]"
stock_CUR3K@844b3eaf1ea2,CRESY,2025-10-01,18496.19315536839,1199925734000.0,"currency_excluded [ARS: reports in ARS -- IAS 29 hyperinflation regime, no admitted ARS->USD rate, and this vendor is demonstrably wrong on ARS in this panel | CURRENCY-SCOPED RULE (CEO 2026-08-08): every ARS reporter is removed, whether or not its own series looks damaged. Grounds, measured on the 2026-08-07 CUR3K panel: (1) VENDOR DEFECT, on BMA -- totalAssets 2.325e16 between 2.056e13 and 2.420e13 (961x break) and revenue 1.201e9 between 1.443e12 and 1.907e12 (1,588x break), with marketCap continuous through both, so no market-cap sanity check can see it; BMA's nominal revenue also rises 45.6x over the window. (2) NO USD VALUATION IS POSSIBLE -- ARS is refused by fx_rates.ABSTAIN_CURRENCIES and absent from carveOut.FX_TO_USD, so an ARS name has no marketCap_usd, sits in no band, and scores NEUTRAL on the size tilt while competing for the same slots. (3) NO PER-NAME CLEARANCE EXISTS -- separating a correctly IAS 29-restated series from a mishandled one needs a restatement-vintage audit this codebase does not perform. EXPLICITLY NOT CLAIMED OF EVERY ARS NAME: CRESY shows NO defect (worst adjacent ratio 5.0x vs BMA's 1,588x; 7.5x nominal rise vs BMA's 45.6x, i.e. BELOW Argentine inflation, which is what correct restatement looks like). CRESY is removed by this rule alone. Panel effect: 2 sources, 48 rows.] [ARS on 80/80 rows]"
stock_CUR3K@844b3eaf1ea2,CRESY,2026-01-01,18720.0,1198723968000.0,"currency_excluded [ARS: reports in ARS -- IAS 29 hyperinflation regime, no admitted ARS->USD rate, and this vendor is demonstrably wrong on ARS in this panel | CURRENCY-SCOPED RULE (CEO 2026-08-08): every ARS reporter is removed, whether or not its own series looks damaged. Grounds, measured on the 2026-08-07 CUR3K panel: (1) VENDOR DEFECT, on BMA -- totalAssets 2.325e16 between 2.056e13 and 2.420e13 (961x break) and revenue 1.201e9 between 1.443e12 and 1.907e12 (1,588x break), with marketCap continuous through both, so no market-cap sanity check can see it; BMA's nominal revenue also rises 45.6x over the window. (2) NO USD VALUATION IS POSSIBLE -- ARS is refused by fx_rates.ABSTAIN_CURRENCIES and absent from carveOut.FX_TO_USD, so an ARS name has no marketCap_usd, sits in no band, and scores NEUTRAL on the size tilt while competing for the same slots. (3) NO PER-NAME CLEARANCE EXISTS -- separating a correctly IAS 29-restated series from a mishandled one needs a restatement-vintage audit this codebase does not perform. EXPLICITLY NOT CLAIMED OF EVERY ARS NAME: CRESY shows NO defect (worst adjacent ratio 5.0x vs BMA's 1,588x; 7.5x nominal rise vs BMA's 45.6x, i.e. BELOW Argentine inflation, which is what correct restatement looks like). CRESY is removed by this rule alone. Panel effect: 2 sources, 48 rows.] [ARS on 80/80 rows]"
stock_CUR3K@844b3eaf1ea2,001230.KS,2007-01-01,4605.69,208133618172.59998,data_before_corruption (corruption at 2023-10-01)
stock_CUR3K@844b3eaf1ea2,001230.KS,2007-04-01,5323.11,240554215379.4,data_before_corruption (corruption at 2023-10-01)
stock_CUR3K@844b3eaf1ea2,001230.KS,2007-07-01,9140.52,413065034680.80005,data_before_corruption (corruption at 2023-10-01)
stock_CUR3K@844b3eaf1ea2,001230.KS,2008-01-01,6864.24,310198712289.6,data_before_corruption (corruption at 2023-10-01)
stock_CUR3K@844b3eaf1ea2,001230.KS,2008-04-01,7989.1,361031743114.0,data_before_corruption (corruption at 2023-10-01)
stock_CUR3K@844b3eaf1ea2,001230.KS,2008-07-01,6377.1,288184592634.0,data_before_corruption (corruption at 2023-10-01)
stock_CUR3K@844b3eaf1ea2,001230.KS,2009-01-01,4499.4,203330315675.99997,data_before_corruption (corruption at 2023-10-01)
stock_CUR3K@844b3eaf1ea2,001230.KS,2009-04-01,4579.12,206932905524.8,data_before_corruption (corruption at 2023-10-01)
stock_CUR3K@844b3eaf1ea2,001230.KS,2009-07-01,4835.97,218540095723.80002,data_before_corruption (corruption at 2023-10-01)
stock_CUR3K@844b3eaf1ea2,001230.KS,2010-01-01,4074.2600000000007,184118009500.40002,data_before_corruption (corruption at 2023-10-01)
stock_CUR3K@844b3eaf1ea2,001230.KS,2010-04-01,3897.12,176112957244.8,data_before_corruption (corruption at 2023-10-01)
stock_CUR3K@844b3eaf1ea2,001230.KS,2010-07-01,4835.97,218540095723.80002,data_before_corruption (corruption at 2023-10-01)
stock_CUR3K@844b3eaf1ea2,001230.KS,2011-01-01,6997.1,316202727434.0,data_before_corruption (corruption at 2023-10-01)
stock_CUR3K@844b3eaf1ea2,001230.KS,2011-04-01,7262.81,328210305817.4,data_before_corruption (corruption at 2023-10-01)
stock_CUR3K@844b3eaf1ea2,001230.KS,2011-07-01,4012.2600000000007,181316196020.40002,data_before_corruption (corruption at 2023-10-01)
stock_CUR3K@844b3eaf1ea2,001230.KS,2011-10-01,3631.41,164105378861.4,data_before_corruption (corruption at 2023-10-01)
stock_CUR3K@844b3eaf1ea2,001230.KS,2012-01-01,3835.12,173311143764.8,data_before_corruption (corruption at 2023-10-01)
stock_CUR3K@844b3eaf1ea2,001230.KS,2012-04-01,2710.27,122478564845.8,data_before_corruption (corruption at 2023-10-01)
stock_CUR3K@844b3eaf1ea2,001230.KS,2012-07-01,2931.7,132485106117.99998,data_before_corruption (corruption at 2023-10-01)
stock_CUR3K@844b3eaf1ea2,001230.KS,2012-10-01,2515.41,113672736221.4,data_before_corruption (corruption at 2023-10-01)
stock_CUR3K@844b3eaf1ea2,001230.KS,2013-01-01,2178.84,98462956173.6,data_before_corruption (corruption at 2023-10-01)
stock_CUR3K@844b3eaf1ea2,001230.KS,2013-04-01,1939.7,87656090438.0,data_before_corruption (corruption at 2023-10-01)
stock_CUR3K@844b3eaf1ea2,001230.KS,2013-07-01,2621.7,118476038717.99998,data_before_corruption (corruption at 2023-10-01)
stock_CUR3K@844b3eaf1ea2,001230.KS,2013-10-01,2329.41,105267295781.4,data_before_corruption (corruption at 2023-10-01)
stock_CUR3K@844b3eaf1ea2,001230.KS,2014-01-01,2205.42,99664120726.8,data_before_corruption (corruption at 2023-10-01)
stock_CUR3K@844b3eaf1ea2,001230.KS,2014-04-01,1400.0,63266756000.0,data_before_corruption (corruption at 2023-10-01)
stock_CUR3K@844b3eaf1ea2,001230.KS,2014-07-01,1248.0,56397793920.0,data_before_corruption (corruption at 2023-10-01)
stock_CUR3K@844b3eaf1ea2,001230.KS,2014-10-01,1172.0,52963312880.0,data_before_corruption (corruption at 2023-10-01)
stock_CUR3K@844b3eaf1ea2,001230.KS,2015-01-01,1202.0,54319029080.0,data_before_corruption (corruption at 2023-10-01)
stock_CUR3K@844b3eaf1ea2,001230.KS,2015-04-01,1052.0,47540448080.0,data_before_corruption (corruption at 2023-10-01)
stock_CUR3K@844b3eaf1ea2,001230.KS,2015-07-01,1426.0,64441710040.0,data_before_corruption (corruption at 2023-10-01)
stock_CUR3K@844b3eaf1ea2,001230.KS,2015-10-01,1150.0,51969121000.0,data_before_corruption (corruption at 2023-10-01)
stock_CUR3K@844b3eaf1ea2,001230.KS,2016-01-01,1370.0,61911039800.0,data_before_corruption (corruption at 2023-10-01)
stock_CUR3K@844b3eaf1ea2,001230.KS,2016-04-01,1618.0,73118293720.0,data_before_corruption (corruption at 2023-10-01)
stock_CUR3K@844b3eaf1ea2,001230.KS,2016-07-01,1580.0,71401053200.0,data_before_corruption (corruption at 2023-10-01)
stock_CUR3K@844b3eaf1ea2,001230.KS,2016-10-01,2210.0,99871093400.0,data_before_corruption (corruption at 2023-10-01)
stock_CUR3K@844b3eaf1ea2,001230.KS,2017-01-01,2560.0,115687782400.0,data_before_corruption (corruption at 2023-10-01)
stock_CUR3K@844b3eaf1ea2,001230.KS,2017-04-01,2930.0,132408282200.0,data_before_corruption (corruption at 2023-10-01)
stock_CUR3K@844b3eaf1ea2,001230.KS,2017-07-01,2140.0,96707755600.0,data_before_corruption (corruption at 2023-10-01)
stock_CUR3K@844b3eaf1ea2,001230.KS,2017-10-01,2210.0,99871093400.0,data_before_corruption (corruption at 2023-10-01)
stock_CUR3K@844b3eaf1ea2,001230.KS,2018-01-01,2020.0,91284890800.0,data_before_corruption (corruption at 2023-10-01)
stock_CUR3K@844b3eaf1ea2,001230.KS,2018-04-01,1688.0,76281631520.0,data_before_corruption (corruption at 2023-10-01)
stock_CUR3K@844b3eaf1ea2,001230.KS,2018-07-01,1826.0,82517926040.0,data_before_corruption (corruption at 2023-10-01)
stock_CUR3K@844b3eaf1ea2,001230.KS,2018-10-01,1412.0,63809042480.0,data_before_corruption (corruption at 2023-10-01)
stock_CUR3K@844b3eaf1ea2,001230.KS,2019-01-01,1532.0,69231907280.0,data_before_corruption (corruption at 2023-10-01)
stock_CUR3K@844b3eaf1ea2,001230.KS,2019-04-01,1356.0,61278372240.0,data_before_corruption (corruption at 2023-10-01)
stock_CUR3K@844b3eaf1ea2,001230.KS,2019-07-01,1300.0,58747702000.0,data_before_corruption (corruption at 2023-10-01)
stock_CUR3K@844b3eaf1ea2,001230.KS,2019-10-01,1190.0,53776742600.0,data_before_corruption (corruption at 2023-10-01)
stock_CUR3K@844b3eaf1ea2,001230.KS,2020-01-01,734.0,33169856360.0,data_before_corruption (corruption at 2023-10-01)
stock_CUR3K@844b3eaf1ea2,001230.KS,2020-04-01,1060.0,47901972400.0,data_before_corruption (corruption at 2023-10-01)
stock_CUR3K@844b3eaf1ea2,001230.KS,2020-07-01,1268.0,57301604720.0,data_before_corruption (corruption at 2023-10-01)
stock_CUR3K@844b3eaf1ea2,001230.KS,2020-10-01,1624.0,73389436960.0,data_before_corruption (corruption at 2023-10-01)
stock_CUR3K@844b3eaf1ea2,001230.KS,2021-01-01,2730.0,123370174200.0,data_before_corruption (corruption at 2023-10-01)
stock_CUR3K@844b3eaf1ea2,001230.KS,2021-04-01,4440.0,200645997600.0,data_before_corruption (corruption at 2023-10-01)
stock_CUR3K@844b3eaf1ea2,001230.KS,2021-07-01,3670.0,165849281800.0,data_before_corruption (corruption at 2023-10-01)
stock_CUR3K@844b3eaf1ea2,001230.KS,2021-10-01,3180.0,143705917200.0,data_before_corruption (corruption at 2023-10-01)
stock_CUR3K@844b3eaf1ea2,001230.KS,2022-01-01,3350.0,151388309000.0,data_before_corruption (corruption at 2023-10-01)
stock_CUR3K@844b3eaf1ea2,001230.KS,2022-04-01,2570.0,116139687800.0,data_before_corruption (corruption at 2023-10-01)
stock_CUR3K@844b3eaf1ea2,001230.KS,2022-07-01,2160.0,97611566400.0,data_before_corruption (corruption at 2023-10-01)
stock_CUR3K@844b3eaf1ea2,001230.KS,2022-10-01,2150.0,97159661000.0,data_before_corruption (corruption at 2023-10-01)
stock_CUR3K@844b3eaf1ea2,001230.KS,2023-01-01,2440.0,110264917600.0,data_before_corruption (corruption at 2023-10-01)
stock_CUR3K@844b3eaf1ea2,001230.KS,2023-04-01,3484.0,157443841360.0,data_before_corruption (corruption at 2023-10-01)
stock_CUR3K@844b3eaf1ea2,001230.KS,2023-07-01,2130.0,96255850200.0,data_before_corruption (corruption at 2023-10-01)
stock_CUR3K@844b3eaf1ea2,001230.KS,2023-10-01,1740.0,78632696700.0,data_before_corruption (corruption at 2023-10-01)
stock_CUR3K@844b3eaf1ea2,001260.KS,2007-01-01,191801.27,12158090704.029999,data_before_corruption (corruption at 2012-10-01)
stock_CUR3K@844b3eaf1ea2,001260.KS,2007-04-01,471699.31,29900547561.59,data_before_corruption (corruption at 2012-10-01)
stock_CUR3K@844b3eaf1ea2,001260.KS,2007-07-01,568813.88,36069625758.56,data_before_corruption (corruption at 2012-10-01)
stock_CUR3K@844b3eaf1ea2,001260.KS,2007-10-01,484975.44,30753262601.28,data_before_corruption (corruption at 2012-10-01)
stock_CUR3K@844b3eaf1ea2,001260.KS,2008-01-01,549515.88,40921898067.72,data_before_corruption (corruption at 2012-10-01)
stock_CUR3K@844b3eaf1ea2,001260.KS,2008-04-01,4351871.0,324458094276.0,data_before_corruption (corruption at 2012-10-01)
stock_CUR3K@844b3eaf1ea2,001260.KS,2008-07-01,787393.56,58884439991.04,data_before_corruption (corruption at 2012-10-01)
stock_CUR3K@844b3eaf1ea2,001260.KS,2008-10-01,560580.0,41922414720.0,data_before_corruption (corruption at 2012-10-01)
stock_CUR3K@844b3eaf1ea2,001260.KS,2009-01-01,378022.69,29490306092.28,data_before_corruption (corruption at 2012-10-01)
stock_CUR3K@844b3eaf1ea2,001260.KS,2009-04-01,434000.0,25592112000.0,data_before_corruption (corruption at 2012-10-01)
stock_CUR3K@844b3eaf1ea2,001260.KS,2009-07-01,410000.0,24176880000.0,data_before_corruption (corruption at 2012-10-01)
stock_CUR3K@844b3eaf1ea2,001260.KS,2010-01-01,275600.0,490843600.0,data_before_corruption (corruption at 2012-10-01)
stock_CUR3K@844b3eaf1ea2,001260.KS,2010-04-01,130800.0,232954800.0,data_before_corruption (corruption at 2012-10-01)
stock_CUR3K@844b3eaf1ea2,001260.KS,2010-07-01,124800.0,222268800.0,data_before_corruption (corruption at 2012-10-01)
stock_CUR3K@844b3eaf1ea2,001260.KS,2011-01-01,81800.0,193620600.0,data_before_corruption (corruption at 2012-10-01)
stock_CUR3K@844b3eaf1ea2,001260.KS,2011-04-01,92000.0,217764000.0,data_before_corruption (corruption at 2012-10-01)
stock_CUR3K@844b3eaf1ea2,001260.KS,2011-07-01,57400.0,135865800.0,data_before_corruption (corruption at 2012-10-01)
stock_CUR3K@844b3eaf1ea2,001260.KS,2012-01-01,46800.0,110775600.0,data_before_corruption (corruption at 2012-10-01)
stock_CUR3K@844b3eaf1ea2,001260.KS,2012-10-01,36000.0,85212000.0,data_before_corruption (corruption at 2012-10-01)
stock_CUR3K@844b3eaf1ea2,0A4V.L,2012-07-01,3436.2179487179487,6432600.0,data_before_corruption (corruption at 2026-01-01)
stock_CUR3K@844b3eaf1ea2,0A4V.L,2012-10-01,1500.4644670050761,2955915.0,data_before_corruption (corruption at 2026-01-01)
stock_CUR3K@844b3eaf1ea2,0A4V.L,2013-01-01,950.3443047337278,1927298.25,data_before_corruption (corruption at 2026-01-01)
stock_CUR3K@844b3eaf1ea2,0A4V.L,2013-04-01,1250.6160670280926,2537500.0,data_before_corruption (corruption at 2026-01-01)
stock_CUR3K@844b3eaf1ea2,0A4V.L,2013-07-01,3700.0,9923400.0,data_before_corruption (corruption at 2026-01-01)
stock_CUR3K@844b3eaf1ea2,0A4V.L,2013-10-01,3600.19166132136,11225397.6,data_before_corruption (corruption at 2026-01-01)
stock_CUR3K@844b3eaf1ea2,0A4V.L,2014-01-01,4200.0671894604775,13389814.200000001,data_before_corruption (corruption at 2026-01-01)
stock_CUR3K@844b3eaf1ea2,0A4V.L,2014-04-01,2150.42825203252,6877069.55,data_before_corruption (corruption at 2026-01-01)
stock_CUR3K@844b3eaf1ea2,0A4V.L,2014-07-01,2973.7909516380655,9531000.0,data_before_corruption (corruption at 2026-01-01)
stock_CUR3K@844b3eaf1ea2,0A4V.L,2014-10-01,1900.3616224648986,6090659.0,data_before_corruption (corruption at 2026-01-01)
stock_CUR3K@844b3eaf1ea2,0A4V.L,2015-01-01,3100.8248059608823,9987756.700000001,data_before_corruption (corruption at 2026-01-01)
stock_CUR3K@844b3eaf1ea2,0A4V.L,2015-04-01,3300.361299765808,11274034.2,data_before_corruption (corruption at 2026-01-01)
stock_CUR3K@844b3eaf1ea2,0A4V.L,2015-07-01,3200.0,13961600.0,data_before_corruption (corruption at 2026-01-01)
stock_CUR3K@844b3eaf1ea2,0A4V.L,2015-10-01,3500.32833158447,16679064.5,data_before_corruption (corruption at 2026-01-01)
stock_CUR3K@844b3eaf1ea2,0A4V.L,2016-01-01,3250.0,15486250.0,data_before_corruption (corruption at 2026-01-01)
stock_CUR3K@844b3eaf1ea2,0A4V.L,2016-04-01,3550.0,19709600.0,data_before_corruption (corruption at 2026-01-01)
stock_CUR3K@844b3eaf1ea2,0A4V.L,2016-07-01,3126.9341999356084,19424515.25,data_before_corruption (corruption at 2026-01-01)
stock_CUR3K@844b3eaf1ea2,0A4V.L,2016-10-01,5500.378718024986,36984546.5,data_before_corruption (corruption at 2026-01-01)
stock_CUR3K@844b3eaf1ea2,0A4V.L,2017-01-01,3150.2358636715726,24401727.0,data_before_corruption (corruption at 2026-01-01)
stock_CUR3K@844b3eaf1ea2,0A4V.L,2017-04-01,3150.337572365882,24487573.95,data_before_corruption (corruption at 2026-01-01)
stock_CUR3K@844b3eaf1ea2,0A4V.L,2017-07-01,3842.851667305481,30078000.0,data_before_corruption (corruption at 2026-01-01)
stock_CUR3K@844b3eaf1ea2,0A4V.L,2017-10-01,3200.4056280897453,25248000.0,data_before_corruption (corruption at 2026-01-01)
stock_CUR3K@844b3eaf1ea2,0A4V.L,2018-01-01,2800.347999005717,22531600.0,data_before_corruption (corruption at 2026-01-01)
stock_CUR3K@844b3eaf1ea2,0A4V.L,2018-04-01,2250.0,18958500.0,data_before_corruption (corruption at 2026-01-01)
stock_CUR3K@844b3eaf1ea2,0A4V.L,2018-07-01,1328.4142745361055,11883994.1,data_before_corruption (corruption at 2026-01-01)
stock_CUR3K@844b3eaf1ea2,0A4V.L,2018-10-01,800.0149576669803,6803327.2,data_before_corruption (corruption at 2026-01-01)
stock_CUR3K@844b3eaf1ea2,0A4V.L,2019-01-01,800.0538802144023,6866062.4,data_before_corruption (corruption at 2026-01-01)
stock_CUR3K@844b3eaf1ea2,0A4V.L,2019-04-01,550.037151810585,4739120.100000001,data_before_corruption (corruption at 2026-01-01)
stock_CUR3K@844b3eaf1ea2,0A4V.L,2019-07-01,511.7837385740402,4479131.28,data_before_corruption (corruption at 2026-01-01)
stock_CUR3K@844b3eaf1ea2,0A4V.L,2019-10-01,850.0,9061850.0,data_before_corruption (corruption at 2026-01-01)
stock_CUR3K@844b3eaf1ea2,0A4V.L,2020-01-01,400.0053278304099,4264456.8,data_before_corruption (corruption at 2026-01-01)
stock_CUR3K@844b3eaf1ea2,0A4V.L,2020-04-01,1010.013452771785,10767753.42,data_before_corruption (corruption at 2026-01-01)
stock_CUR3K@844b3eaf1ea2,0A4V.L,2020-07-01,2602.704015200073,28424130.55,data_before_corruption (corruption at 2026-01-01)
stock_CUR3K@844b3eaf1ea2,0A4V.L,2020-10-01,2300.077712274527,26140383.2,data_before_corruption (corruption at 2026-01-01)
stock_CUR3K@844b3eaf1ea2,0A4V.L,2021-01-01,3.4099134525468986,41380350.0,data_before_corruption (corruption at 2026-01-01)
stock_CUR3K@844b3eaf1ea2,0A4V.L,2021-04-01,4.400064972796828,57807200.00000001,data_before_corruption (corruption at 2026-01-01)
stock_CUR3K@844b3eaf1ea2,0A4V.L,2021-07-01,2.5380747340471657,34245750.0,data_before_corruption (corruption at 2026-01-01)
stock_CUR3K@844b3eaf1ea2,0A4V.L,2021-10-01,2.79,37644928.74,data_before_corruption (corruption at 2026-01-01)
stock_CUR3K@844b3eaf1ea2,0A4V.L,2022-01-01,3.0100432778771147,40613930.0,data_before_corruption (corruption at 2026-01-01)
stock_CUR3K@844b3eaf1ea2,0A4V.L,2022-04-01,1.699979521122812,24837000.0,data_before_corruption (corruption at 2026-01-01)
stock_CUR3K@844b3eaf1ea2,0A4V.L,2022-07-01,2.5599567968716306,38225920.0,data_before_corruption (corruption at 2026-01-01)
stock_CUR3K@844b3eaf1ea2,0A4V.L,2022-10-01,2.16,32334945.12,data_before_corruption (corruption at 2026-01-01)
stock_CUR3K@844b3eaf1ea2,0A4V.L,2023-01-01,4.250055750027435,66419000.0,data_before_corruption (corruption at 2026-01-01)
stock_CUR3K@844b3eaf1ea2,0A4V.L,2023-04-01,2.779978358386102,47852140.0,data_before_corruption (corruption at 2026-01-01)
stock_CUR3K@844b3eaf1ea2,0A4V.L,2023-07-01,2.26,38917618.099999994,data_before_corruption (corruption at 2026-01-01)
stock_CUR3K@844b3eaf1ea2,0A4V.L,2023-10-01,1.78,30651929.3,data_before_corruption (corruption at 2026-01-01)
stock_CUR3K@844b3eaf1ea2,0A4V.L,2024-01-01,1.25,21739517.5,data_before_corruption (corruption at 2026-01-01)
stock_CUR3K@844b3eaf1ea2,0A4V.L,2024-04-01,1.2800135159817352,22425836.8,data_before_corruption (corruption at 2026-01-01)
stock_CUR3K@844b3eaf1ea2,0A4V.L,2024-07-01,0.9534119601276245,18045600.0,data_before_corruption (corruption at 2026-01-01)
stock_CUR3K@844b3eaf1ea2,0A4V.L,2024-10-01,0.8999814554463135,17034300.0,data_before_corruption (corruption at 2026-01-01)
stock_CUR3K@844b3eaf1ea2,0A4V.L,2025-01-01,0.92,17537398.8,data_before_corruption (corruption at 2026-01-01)
stock_CUR3K@844b3eaf1ea2,0A4V.L,2025-04-01,0.72,13735720.799999999,data_before_corruption (corruption at 2026-01-01)
stock_CUR3K@844b3eaf1ea2,0A4V.L,2025-07-01,0.71,13663390.52,data_before_corruption (corruption at 2026-01-01)
stock_CUR3K@844b3eaf1ea2,0A4V.L,2025-10-01,0.66,13181788.620000001,data_before_corruption (corruption at 2026-01-01)
stock_CUR3K@844b3eaf1ea2,0A4V.L,2026-01-01,0.74,16652324.34,data_before_corruption (corruption at 2026-01-01)
stock_CUR3K@844b3eaf1ea2,0F6L.L,2012-10-01,19.187939262006932,3871575525.9679365,data_before_corruption (corruption at 2016-04-01)
stock_CUR3K@844b3eaf1ea2,0F6L.L,2013-04-01,14.9308947,1695741516.8442702,data_before_corruption (corruption at 2016-04-01)
stock_CUR3K@844b3eaf1ea2,0F6L.L,2013-10-01,16.754047999999997,2761206085.2281594,data_before_corruption (corruption at 2016-04-01)
stock_CUR3K@844b3eaf1ea2,0F6L.L,2014-04-01,41.70184365600059,5155651016.79408,data_before_corruption (corruption at 2016-04-01)
stock_CUR3K@844b3eaf1ea2,0F6L.L,2014-10-01,24.359477804141065,2823840650.9670405,data_before_corruption (corruption at 2016-04-01)
stock_CUR3K@844b3eaf1ea2,0F6L.L,2015-04-01,7.819711183088416,906611590.538685,data_before_corruption (corruption at 2016-04-01)
stock_CUR3K@844b3eaf1ea2,0F6L.L,2015-10-01,3.2263703999999995,394200887.60091597,data_before_corruption (corruption at 2016-04-01)
stock_CUR3K@844b3eaf1ea2,0F6L.L,2016-04-01,0.0,0.0,data_before_corruption (corruption at 2016-04-01)
stock_CUR3K@844b3eaf1ea2,0FRI.L,2004-10-01,,,data_before_corruption (corruption at 2016-10-01)
stock_CUR3K@844b3eaf1ea2,0FRI.L,2005-10-01,,,data_before_corruption (corruption at 2016-10-01)
stock_CUR3K@844b3eaf1ea2,0FRI.L,2006-10-01,,,data_before_corruption (corruption at 2016-10-01)
stock_CUR3K@844b3eaf1ea2,0FRI.L,2007-10-01,,,data_before_corruption (corruption at 2016-10-01)
stock_CUR3K@844b3eaf1ea2,0FRI.L,2008-10-01,,,data_before_corruption (corruption at 2016-10-01)
stock_CUR3K@844b3eaf1ea2,0FRI.L,2009-10-01,,0.0,data_before_corruption (corruption at 2016-10-01)
stock_CUR3K@844b3eaf1ea2,0FRI.L,2010-10-01,,0.0,data_before_corruption (corruption at 2016-10-01)
stock_CUR3K@844b3eaf1ea2,0FRI.L,2011-10-01,,0.0,data_before_corruption (corruption at 2016-10-01)
stock_CUR3K@844b3eaf1ea2,0FRI.L,2012-10-01,0.0,0.0,data_before_corruption (corruption at 2016-10-01)
stock_CUR3K@844b3eaf1ea2,0FRI.L,2013-04-01,0.0,0.0,data_before_corruption (corruption at 2016-10-01)
stock_CUR3K@844b3eaf1ea2,0FRI.L,2013-10-01,0.0,0.0,data_before_corruption (corruption at 2016-10-01)
stock_CUR3K@844b3eaf1ea2,0FRI.L,2014-04-01,0.0,0.0,data_before_corruption (corruption at 2016-10-01)
stock_CUR3K@844b3eaf1ea2,0FRI.L,2014-10-01,0.0,0.0,data_before_corruption (corruption at 2016-10-01)
stock_CUR3K@844b3eaf1ea2,0FRI.L,2015-04-01,0.0,0.0,data_before_corruption (corruption at 2016-10-01)
stock_CUR3K@844b3eaf1ea2,0FRI.L,2015-10-01,0.0,0.0,data_before_corruption (corruption at 2016-10-01)
stock_CUR3K@844b3eaf1ea2,0FRI.L,2016-04-01,0.0,0.0,data_before_corruption (corruption at 2016-10-01)
stock_CUR3K@844b3eaf1ea2,0FRI.L,2016-10-01,0.0,0.0,data_before_corruption (corruption at 2016-10-01)
stock_CUR3K@844b3eaf1ea2,0GJS.L,2004-07-01,,7918000.0,data_before_corruption (corruption at 2014-10-01)
stock_CUR3K@844b3eaf1ea2,0GJS.L,2005-07-01,,11069918.64,data_before_corruption (corruption at 2014-10-01)
stock_CUR3K@844b3eaf1ea2,0GJS.L,2006-07-01,,17484000.0,data_before_corruption (corruption at 2014-10-01)
stock_CUR3K@844b3eaf1ea2,0GJS.L,2007-10-01,,17860000.0,data_before_corruption (corruption at 2014-10-01)
stock_CUR3K@844b3eaf1ea2,0GJS.L,2008-10-01,,5076000.0,data_before_corruption (corruption at 2014-10-01)
stock_CUR3K@844b3eaf1ea2,0GJS.L,2009-10-01,,9353000.0,data_before_corruption (corruption at 2014-10-01)
stock_CUR3K@844b3eaf1ea2,0GJS.L,2010-10-01,,5405000.0,data_before_corruption (corruption at 2014-10-01)
stock_CUR3K@844b3eaf1ea2,0GJS.L,2011-10-01,,8084000.0,data_before_corruption (corruption at 2014-10-01)
stock_CUR3K@844b3eaf1ea2,0GJS.L,2012-04-01,2.175104276595745,10222990.100000001,data_before_corruption (corruption at 2014-10-01)
stock_CUR3K@844b3eaf1ea2,0GJS.L,2012-10-01,2.3653238695502563,11067090.2,data_before_corruption (corruption at 2014-10-01)
stock_CUR3K@844b3eaf1ea2,0GJS.L,2014-04-01,0.00235,9952250.0,data_before_corruption (corruption at 2014-10-01)
stock_CUR3K@844b3eaf1ea2,0GJS.L,2014-10-01,0.00189,8006040.0,data_before_corruption (corruption at 2014-10-01)
stock_CUR3K@844b3eaf1ea2,0HSU.L,2015-01-01,2483.5785423925668,384905002.5,data_before_corruption (corruption at 2015-10-01)
stock_CUR3K@844b3eaf1ea2,0HSU.L,2015-10-01,0.0,0.0,data_before_corruption (corruption at 2015-10-01)
stock_CUR3K@844b3eaf1ea2,0JQQ.L,2012-10-01,0.0,0.0,data_before_corruption (corruption at 2012-10-01)
stock_CUR3K@844b3eaf1ea2,0O0E.L,2005-01-01,,0.0,data_before_corruption (corruption at 2012-07-01)
stock_CUR3K@844b3eaf1ea2,0O0E.L,2006-01-01,,0.0,data_before_corruption (corruption at 2012-07-01)
stock_CUR3K@844b3eaf1ea2,0O0E.L,2007-01-01,,0.0,data_before_corruption (corruption at 2012-07-01)
stock_CUR3K@844b3eaf1ea2,0O0E.L,2008-01-01,,0.0,data_before_corruption (corruption at 2012-07-01)
stock_CUR3K@844b3eaf1ea2,0O0E.L,2009-01-01,,55149627.0,data_before_corruption (corruption at 2012-07-01)
stock_CUR3K@844b3eaf1ea2,0O0E.L,2010-01-01,,87233290.95,data_before_corruption (corruption at 2012-07-01)
stock_CUR3K@844b3eaf1ea2,0O0E.L,2011-01-01,,103689920.96,data_before_corruption (corruption at 2012-07-01)
stock_CUR3K@844b3eaf1ea2,0O0E.L,2012-01-01,,108566025.72,data_before_corruption (corruption at 2012-07-01)
stock_CUR3K@844b3eaf1ea2,0O0E.L,2012-07-01,0.0,0.0,data_before_corruption (corruption at 2012-07-01)
stock_CUR3K@844b3eaf1ea2,0QK3.L,2012-10-01,0.0,0.0,data_before_corruption (corruption at 2024-10-01)
stock_CUR3K@844b3eaf1ea2,0QK3.L,2013-04-01,0.0,0.0,data_before_corruption (corruption at 2024-10-01)
stock_CUR3K@844b3eaf1ea2,0QK3.L,2013-10-01,0.0,0.0,data_before_corruption (corruption at 2024-10-01)
stock_CUR3K@844b3eaf1ea2,0QK3.L,2014-04-01,0.0,0.0,data_before_corruption (corruption at 2024-10-01)
stock_CUR3K@844b3eaf1ea2,0QK3.L,2014-10-01,0.0,0.0,data_before_corruption (corruption at 2024-10-01)
stock_CUR3K@844b3eaf1ea2,0QK3.L,2015-04-01,0.0,0.0,data_before_corruption (corruption at 2024-10-01)
stock_CUR3K@844b3eaf1ea2,0QK3.L,2015-10-01,0.0,0.0,data_before_corruption (corruption at 2024-10-01)
stock_CUR3K@844b3eaf1ea2,0QK3.L,2016-04-01,0.0,0.0,data_before_corruption (corruption at 2024-10-01)
stock_CUR3K@844b3eaf1ea2,0QK3.L,2016-10-01,0.0,0.0,data_before_corruption (corruption at 2024-10-01)
stock_CUR3K@844b3eaf1ea2,0QK3.L,2017-04-01,0.0,0.0,data_before_corruption (corruption at 2024-10-01)
stock_CUR3K@844b3eaf1ea2,0QK3.L,2017-10-01,0.0,0.0,data_before_corruption (corruption at 2024-10-01)
stock_CUR3K@844b3eaf1ea2,0QK3.L,2018-04-01,0.0,0.0,data_before_corruption (corruption at 2024-10-01)
stock_CUR3K@844b3eaf1ea2,0QK3.L,2018-10-01,0.0,0.0,data_before_corruption (corruption at 2024-10-01)
stock_CUR3K@844b3eaf1ea2,0QK3.L,2019-04-01,0.0,0.0,data_before_corruption (corruption at 2024-10-01)
stock_CUR3K@844b3eaf1ea2,0QK3.L,2019-10-01,0.0,0.0,data_before_corruption (corruption at 2024-10-01)
stock_CUR3K@844b3eaf1ea2,0QK3.L,2020-04-01,28.057567289905432,1455574347.81,data_before_corruption (corruption at 2024-10-01)
stock_CUR3K@844b3eaf1ea2,0QK3.L,2020-10-01,53.79177471666108,3497138453.06,data_before_corruption (corruption at 2024-10-01)
stock_CUR3K@844b3eaf1ea2,0QK3.L,2021-04-01,54.8,4643391909.2,data_before_corruption (corruption at 2024-10-01)
stock_CUR3K@844b3eaf1ea2,0QK3.L,2021-10-01,45.12527412226442,4098975528.9,data_before_corruption (corruption at 2024-10-01)
stock_CUR3K@844b3eaf1ea2,0QK3.L,2022-04-01,30.24505859502901,2801647504.36,data_before_corruption (corruption at 2024-10-01)
stock_CUR3K@844b3eaf1ea2,0QK3.L,2022-10-01,36.45046296386477,3473052308.2599998,data_before_corruption (corruption at 2024-10-01)
stock_CUR3K@844b3eaf1ea2,0QK3.L,2023-04-01,40.76,4891200000.0,data_before_corruption (corruption at 2024-10-01)
stock_CUR3K@844b3eaf1ea2,0QK3.L,2023-10-01,31.480635329947585,4975138912.88,data_before_corruption (corruption at 2024-10-01)
stock_CUR3K@844b3eaf1ea2,0QK3.L,2024-04-01,31.115000054113043,5111750000.0,data_before_corruption (corruption at 2024-10-01)
stock_CUR3K@844b3eaf1ea2,0QK3.L,2024-10-01,0.0,0.0,data_before_corruption (corruption at 2024-10-01)
stock_CUR3K@844b3eaf1ea2,0QKP.L,2012-10-01,0.0,0.0,data_before_corruption (corruption at 2018-10-01)
stock_CUR3K@844b3eaf1ea2,0QKP.L,2013-04-01,0.0,0.0,data_before_corruption (corruption at 2018-10-01)
stock_CUR3K@844b3eaf1ea2,0QKP.L,2013-10-01,0.0,0.0,data_before_corruption (corruption at 2018-10-01)
stock_CUR3K@844b3eaf1ea2,0QKP.L,2014-04-01,0.0,0.0,data_before_corruption (corruption at 2018-10-01)
stock_CUR3K@844b3eaf1ea2,0QKP.L,2014-10-01,0.0,0.0,data_before_corruption (corruption at 2018-10-01)
stock_CUR3K@844b3eaf1ea2,0QKP.L,2015-04-01,0.0,0.0,data_before_corruption (corruption at 2018-10-01)
stock_CUR3K@844b3eaf1ea2,0QKP.L,2015-10-01,0.0,0.0,data_before_corruption (corruption at 2018-10-01)
stock_CUR3K@844b3eaf1ea2,0QKP.L,2016-04-01,0.0,0.0,data_before_corruption (corruption at 2018-10-01)
stock_CUR3K@844b3eaf1ea2,0QKP.L,2016-10-01,0.0,0.0,data_before_corruption (corruption at 2018-10-01)
stock_CUR3K@844b3eaf1ea2,0QKP.L,2017-04-01,0.0,0.0,data_before_corruption (corruption at 2018-10-01)
stock_CUR3K@844b3eaf1ea2,0QKP.L,2017-10-01,0.0,0.0,data_before_corruption (corruption at 2018-10-01)
stock_CUR3K@844b3eaf1ea2,0QKP.L,2018-04-01,0.0,0.0,data_before_corruption (corruption at 2018-10-01)
stock_CUR3K@844b3eaf1ea2,0QKP.L,2018-10-01,0.0,0.0,data_before_corruption (corruption at 2018-10-01)
stock_CUR3K@844b3eaf1ea2,0QKR.L,2012-10-01,23.435532728667305,415465897.586394,data_before_corruption (corruption at 2018-10-01)
stock_CUR3K@844b3eaf1ea2,0QKR.L,2013-04-01,18.895233,335821612.75752604,data_before_corruption (corruption at 2018-10-01)
stock_CUR3K@844b3eaf1ea2,0QKR.L,2013-10-01,23.213081817363555,410767832.11777496,data_before_corruption (corruption at 2018-10-01)
stock_CUR3K@844b3eaf1ea2,0QKR.L,2014-04-01,22.216661,423007780.35601497,data_before_corruption (corruption at 2018-10-01)
stock_CUR3K@844b3eaf1ea2,0QKR.L,2014-10-01,18.194040101940665,523202499.761768,data_before_corruption (corruption at 2018-10-01)
stock_CUR3K@844b3eaf1ea2,0QKR.L,2015-04-01,13.064282,318528320.103994,data_before_corruption (corruption at 2018-10-01)
stock_CUR3K@844b3eaf1ea2,0QKR.L,2015-10-01,10.099993196900785,344876407.9,data_before_corruption (corruption at 2018-10-01)
stock_CUR3K@844b3eaf1ea2,0QKR.L,2016-04-01,13.9,615075000.0,data_before_corruption (corruption at 2018-10-01)
stock_CUR3K@844b3eaf1ea2,0QKR.L,2016-10-01,0.0,0.0,data_before_corruption (corruption at 2018-10-01)
stock_CUR3K@844b3eaf1ea2,0QKR.L,2017-04-01,17.548869666847484,923129947.4,data_before_corruption (corruption at 2018-10-01)
stock_CUR3K@844b3eaf1ea2,0QKR.L,2017-10-01,0.0,0.0,data_before_corruption (corruption at 2018-10-01)
stock_CUR3K@844b3eaf1ea2,0QKR.L,2018-04-01,16.33983001091659,1149713511.36,data_before_corruption (corruption at 2018-10-01)
stock_CUR3K@844b3eaf1ea2,0QKR.L,2018-10-01,0.0,0.0,data_before_corruption (corruption at 2018-10-01)
stock_CUR3K@844b3eaf1ea2,0QPF.L,2012-10-01,94.72,568942784.0,data_before_corruption (corruption at 2013-04-01)
stock_CUR3K@844b3eaf1ea2,0QPF.L,2013-04-01,0.0,0.0,data_before_corruption (corruption at 2013-04-01)
stock_CUR3K@844b3eaf1ea2,0R3M.L,2012-10-01,35505.28580032979,143858399.720343,data_before_corruption (corruption at 2018-04-01)
stock_CUR3K@844b3eaf1ea2,0R3M.L,2013-10-01,19.720958641187426,83909188.408573,data_before_corruption (corruption at 2018-04-01)
stock_CUR3K@844b3eaf1ea2,0R3M.L,2014-04-01,19.609381,83434425.68518199,data_before_corruption (corruption at 2018-04-01)
stock_CUR3K@844b3eaf1ea2,0R3M.L,2014-10-01,18.775982,102697317.683002,data_before_corruption (corruption at 2018-04-01)
stock_CUR3K@844b3eaf1ea2,0R3M.L,2015-04-01,20.589848999999997,139496226.975,data_before_corruption (corruption at 2018-04-01)
stock_CUR3K@844b3eaf1ea2,0R3M.L,2015-10-01,24.016588,167350467.17455998,data_before_corruption (corruption at 2018-04-01)
stock_CUR3K@844b3eaf1ea2,0R3M.L,2016-04-01,18.1877,135711670.3456,data_before_corruption (corruption at 2018-04-01)
stock_CUR3K@844b3eaf1ea2,0R3M.L,2016-10-01,17.672955,137443772.79594,data_before_corruption (corruption at 2018-04-01)
stock_CUR3K@844b3eaf1ea2,0R3M.L,2017-04-01,16.373833,133029664.67582402,data_before_corruption (corruption at 2018-04-01)
stock_CUR3K@844b3eaf1ea2,0R3M.L,2017-10-01,10.491018,86574901.949184,data_before_corruption (corruption at 2018-04-01)
stock_CUR3K@844b3eaf1ea2,0R3M.L,2018-04-01,3.921876,32190840.567396,data_before_corruption (corruption at 2018-04-01)
stock_CUR3K@844b3eaf1ea2,0RA9.L,2013-10-01,0.021,145215.0,data_before_corruption (corruption at 2014-10-01)
stock_CUR3K@844b3eaf1ea2,0RA9.L,2014-10-01,25.11295704989154,173656098.0,data_before_corruption (corruption at 2014-10-01)
stock_CUR3K@844b3eaf1ea2,0RFX.L,2012-10-01,0.0,0.0,data_before_corruption (corruption at 2012-10-01)
stock_CUR3K@844b3eaf1ea2,0RHT.L,2012-10-01,,368606014.0,data_before_corruption (corruption at 2016-10-01)
stock_CUR3K@844b3eaf1ea2,0RHT.L,2013-10-01,,368606014.0,data_before_corruption (corruption at 2016-10-01)
stock_CUR3K@844b3eaf1ea2,0RHT.L,2014-10-01,1623.8150396475771,368606014.0,data_before_corruption (corruption at 2016-10-01)
stock_CUR3K@844b3eaf1ea2,0RHT.L,2015-10-01,14.454355001401689,368606014.0,data_before_corruption (corruption at 2016-10-01)
stock_CUR3K@844b3eaf1ea2,0RHT.L,2016-04-01,15.000017057900395,382521135.0,data_before_corruption (corruption at 2016-10-01)
stock_CUR3K@844b3eaf1ea2,0RHT.L,2016-10-01,15.474999999999998,394633716.22499996,data_before_corruption (corruption at 2016-10-01)
stock_CUR3K@844b3eaf1ea2,0UNV.L,2012-10-01,212.15,4679604.7,data_before_corruption (corruption at 2021-01-01)
stock_CUR3K@844b3eaf1ea2,0UNV.L,2013-01-01,231.44000000000003,5105103.5200000005,data_before_corruption (corruption at 2021-01-01)
stock_CUR3K@844b3eaf1ea2,0UNV.L,2013-04-01,151.6970607712292,2977965.0,data_before_corruption (corruption at 2021-01-01)
stock_CUR3K@844b3eaf1ea2,0UNV.L,2013-07-01,96.432,2127289.92,data_before_corruption (corruption at 2021-01-01)
stock_CUR3K@844b3eaf1ea2,0UNV.L,2013-10-01,125.36,2766820.56,data_before_corruption (corruption at 2021-01-01)
stock_CUR3K@844b3eaf1ea2,0UNV.L,2014-01-01,212.15,4681726.2,data_before_corruption (corruption at 2021-01-01)
stock_CUR3K@844b3eaf1ea2,0UNV.L,2014-04-01,212.13077393629072,4681514.05,data_before_corruption (corruption at 2021-01-01)
stock_CUR3K@844b3eaf1ea2,0UNV.L,2014-07-01,154.29000000000002,3404871.72,data_before_corruption (corruption at 2021-01-01)
stock_CUR3K@844b3eaf1ea2,0UNV.L,2014-10-01,125.36,2766444.48,data_before_corruption (corruption at 2021-01-01)
stock_CUR3K@844b3eaf1ea2,0UNV.L,2015-01-01,0.17358,3831778.5000000005,data_before_corruption (corruption at 2021-01-01)
stock_CUR3K@844b3eaf1ea2,0UNV.L,2015-04-01,0.23144,5107417.92,data_before_corruption (corruption at 2021-01-01)
stock_CUR3K@844b3eaf1ea2,0UNV.L,2015-07-01,0.135,2979180.0,data_before_corruption (corruption at 2021-01-01)
stock_CUR3K@844b3eaf1ea2,0UNV.L,2015-10-01,0.10608,2340973.44,data_before_corruption (corruption at 2021-01-01)
stock_CUR3K@844b3eaf1ea2,0UNV.L,2016-01-01,0.16393,3617607.2399999998,data_before_corruption (corruption at 2021-01-01)
stock_CUR3K@844b3eaf1ea2,0UNV.L,2016-04-01,0.36064354987986114,8105103.14,data_before_corruption (corruption at 2021-01-01)
stock_CUR3K@844b3eaf1ea2,0UNV.L,2016-07-01,1.0899542266829045,25955080.000000004,data_before_corruption (corruption at 2021-01-01)
stock_CUR3K@844b3eaf1ea2,0UNV.L,2016-10-01,0.50145,13550181.899999999,data_before_corruption (corruption at 2021-01-01)
stock_CUR3K@844b3eaf1ea2,0UNV.L,2017-01-01,0.61717,16848741.0,data_before_corruption (corruption at 2021-01-01)
stock_CUR3K@844b3eaf1ea2,0UNV.L,2017-04-01,426.9918025751073,11640223.53,data_before_corruption (corruption at 2021-01-01)
stock_CUR3K@844b3eaf1ea2,0UNV.L,2017-07-01,0.39537,10810997.28,data_before_corruption (corruption at 2021-01-01)
stock_CUR3K@844b3eaf1ea2,0UNV.L,2017-10-01,0.31823,8716001.47,data_before_corruption (corruption at 2021-01-01)
stock_CUR3K@844b3eaf1ea2,0UNV.L,2018-01-01,0.40501,11092818.889999999,data_before_corruption (corruption at 2021-01-01)
stock_CUR3K@844b3eaf1ea2,0UNV.L,2018-04-01,0.29976143996999355,8791103.75,data_before_corruption (corruption at 2021-01-01)
stock_CUR3K@844b3eaf1ea2,0UNV.L,2018-07-01,0.32787,9935772.48,data_before_corruption (corruption at 2021-01-01)
stock_CUR3K@844b3eaf1ea2,0UNV.L,2018-10-01,298.9303744727436,9283880.639999999,data_before_corruption (corruption at 2021-01-01)
stock_CUR3K@844b3eaf1ea2,0UNV.L,2019-01-01,0.31823,10336428.63,data_before_corruption (corruption at 2021-01-01)
stock_CUR3K@844b3eaf1ea2,0UNV.L,2019-04-01,298.8893854306962,10208268.069999998,data_before_corruption (corruption at 2021-01-01)
stock_CUR3K@844b3eaf1ea2,0UNV.L,2019-07-01,270.01,11775406.11,data_before_corruption (corruption at 2021-01-01)
stock_CUR3K@844b3eaf1ea2,0UNV.L,2019-10-01,125.36,5840397.04,data_before_corruption (corruption at 2021-01-01)
stock_CUR3K@844b3eaf1ea2,0UNV.L,2020-01-01,192.85608342471872,9496619.26,data_before_corruption (corruption at 2021-01-01)
stock_CUR3K@844b3eaf1ea2,0UNV.L,2020-04-01,142.52880707151004,8247571.95,data_before_corruption (corruption at 2021-01-01)
stock_CUR3K@844b3eaf1ea2,0UNV.L,2020-07-01,173.53478981090797,9994042.08,data_before_corruption (corruption at 2021-01-01)
stock_CUR3K@844b3eaf1ea2,0UNV.L,2020-10-01,192.85999999999999,11104107.36,data_before_corruption (corruption at 2021-01-01)
stock_CUR3K@844b3eaf1ea2,0UNV.L,2021-01-01,462.87,30914624.43,data_before_corruption (corruption at 2021-01-01)
stock_CUR3K@844b3eaf1ea2,0V46.L,2012-10-01,2363.501029182653,182956251.16799998,data_before_corruption (corruption at 2026-01-01)
stock_CUR3K@844b3eaf1ea2,0V46.L,2013-01-01,1661.6366237234065,141681108.3584,data_before_corruption (corruption at 2026-01-01)
stock_CUR3K@844b3eaf1ea2,0V46.L,2013-04-01,770.4550286957823,66913248.7872,data_before_corruption (corruption at 2026-01-01)
stock_CUR3K@844b3eaf1ea2,0V46.L,2013-07-01,1066.0578940232099,92964512.5904,data_before_corruption (corruption at 2026-01-01)
stock_CUR3K@844b3eaf1ea2,0V46.L,2013-10-01,808.7721255697103,72755522.872,data_before_corruption (corruption at 2026-01-01)
stock_CUR3K@844b3eaf1ea2,0V46.L,2014-01-01,1284.5034370719557,115533377.14399998,data_before_corruption (corruption at 2026-01-01)
stock_CUR3K@844b3eaf1ea2,0V46.L,2014-04-01,1368.1526820531292,140551693.18,data_before_corruption (corruption at 2026-01-01)
stock_CUR3K@844b3eaf1ea2,0V46.L,2014-07-01,919.5311963709794,96082734.24000001,data_before_corruption (corruption at 2026-01-01)
stock_CUR3K@844b3eaf1ea2,0V46.L,2014-10-01,765.1123475053772,82099615.336717,data_before_corruption (corruption at 2026-01-01)
stock_CUR3K@844b3eaf1ea2,0V46.L,2015-01-01,630.7823600145415,67669700.8,data_before_corruption (corruption at 2026-01-01)
stock_CUR3K@844b3eaf1ea2,0V46.L,2015-04-01,496.1147513748299,53226167.216,data_before_corruption (corruption at 2026-01-01)
stock_CUR3K@844b3eaf1ea2,0V46.L,2015-07-01,262.52521523610744,28175256.199999996,data_before_corruption (corruption at 2026-01-01)
stock_CUR3K@844b3eaf1ea2,0V46.L,2015-10-01,223.882,24032613.29,data_before_corruption (corruption at 2026-01-01)
stock_CUR3K@844b3eaf1ea2,0V46.L,2016-01-01,377.24430426679925,42509397.182000004,data_before_corruption (corruption at 2026-01-01)
stock_CUR3K@844b3eaf1ea2,0V46.L,2016-04-01,571.2018583828888,71610434.581746,data_before_corruption (corruption at 2026-01-01)
stock_CUR3K@844b3eaf1ea2,0V46.L,2016-07-01,556.2290573744438,69995864.58,data_before_corruption (corruption at 2026-01-01)
stock_CUR3K@844b3eaf1ea2,0V46.L,2016-10-01,334.44,46142017.92,data_before_corruption (corruption at 2026-01-01)
stock_CUR3K@844b3eaf1ea2,0V46.L,2017-01-01,428.1212952530064,64258865.811,data_before_corruption (corruption at 2026-01-01)
stock_CUR3K@844b3eaf1ea2,0V46.L,2017-04-01,308.27180057317264,46361304.36000001,data_before_corruption (corruption at 2026-01-01)
stock_CUR3K@844b3eaf1ea2,0V46.L,2017-07-01,384.7654462865866,57972609.792,data_before_corruption (corruption at 2026-01-01)
stock_CUR3K@844b3eaf1ea2,0V46.L,2017-10-01,403.15638339475566,60823397.25,data_before_corruption (corruption at 2026-01-01)
stock_CUR3K@844b3eaf1ea2,0V46.L,2018-01-01,349.00843076877743,59221495.574999996,data_before_corruption (corruption at 2026-01-01)
stock_CUR3K@844b3eaf1ea2,0V46.L,2018-04-01,334.651419567796,59248695.228800006,data_before_corruption (corruption at 2026-01-01)
stock_CUR3K@844b3eaf1ea2,0V46.L,2018-07-01,280.3497205473884,49658906.7,data_before_corruption (corruption at 2026-01-01)
stock_CUR3K@844b3eaf1ea2,0V46.L,2018-10-01,227.149235181217,46747994.048,data_before_corruption (corruption at 2026-01-01)
stock_CUR3K@844b3eaf1ea2,0V46.L,2019-01-01,247.2121898729348,51066127.637672395,data_before_corruption (corruption at 2026-01-01)
stock_CUR3K@844b3eaf1ea2,0V46.L,2019-04-01,397.2154288374335,82428159.7152,data_before_corruption (corruption at 2026-01-01)
stock_CUR3K@844b3eaf1ea2,0V46.L,2019-07-01,528.3493878054793,113166098.67527999,data_before_corruption (corruption at 2026-01-01)
stock_CUR3K@844b3eaf1ea2,0V46.L,2019-10-01,838.646,200087517.264,data_before_corruption (corruption at 2026-01-01)
stock_CUR3K@844b3eaf1ea2,0V46.L,2020-01-01,617.9045537272833,149466168.3102,data_before_corruption (corruption at 2026-01-01)
stock_CUR3K@844b3eaf1ea2,0V46.L,2020-04-01,1561.2374128024878,381550811.3148,data_before_corruption (corruption at 2026-01-01)
stock_CUR3K@844b3eaf1ea2,0V46.L,2020-07-01,1590.8415505203454,392401749.376,data_before_corruption (corruption at 2026-01-01)
stock_CUR3K@844b3eaf1ea2,0V46.L,2020-10-01,1365.4973499391688,341199553.824,data_before_corruption (corruption at 2026-01-01)
stock_CUR3K@844b3eaf1ea2,0V46.L,2021-01-01,1153.909341870023,301543050.9455,data_before_corruption (corruption at 2026-01-01)
stock_CUR3K@844b3eaf1ea2,0V46.L,2021-04-01,1209.1454196261152,319196253.6,data_before_corruption (corruption at 2026-01-01)
stock_CUR3K@844b3eaf1ea2,0V46.L,2021-07-01,701.482304015931,188107390.198,data_before_corruption (corruption at 2026-01-01)
stock_CUR3K@844b3eaf1ea2,0V46.L,2021-10-01,766.8739801512188,219992371.81199998,data_before_corruption (corruption at 2026-01-01)
stock_CUR3K@844b3eaf1ea2,0V46.L,2022-01-01,743.256,215678769.336,data_before_corruption (corruption at 2026-01-01)
stock_CUR3K@844b3eaf1ea2,0V46.L,2022-04-01,426.5297986691427,135055542.391,data_before_corruption (corruption at 2026-01-01)
stock_CUR3K@844b3eaf1ea2,0V46.L,2022-07-01,296.26226048349173,93886399.13399999,data_before_corruption (corruption at 2026-01-01)
stock_CUR3K@844b3eaf1ea2,0V46.L,2022-10-01,413.0600484791323,131384074.92000002,data_before_corruption (corruption at 2026-01-01)
stock_CUR3K@844b3eaf1ea2,0V46.L,2023-01-01,456.66218706099806,145762003.48799998,data_before_corruption (corruption at 2026-01-01)
stock_CUR3K@844b3eaf1ea2,0V46.L,2023-04-01,331.9308006315631,105954967.008,data_before_corruption (corruption at 2026-01-01)
stock_CUR3K@844b3eaf1ea2,0V46.L,2023-07-01,206.1035348114586,66594525.34,data_before_corruption (corruption at 2026-01-01)
stock_CUR3K@844b3eaf1ea2,0V46.L,2023-10-01,233.7121,80370085.5085,data_before_corruption (corruption at 2026-01-01)
stock_CUR3K@844b3eaf1ea2,0V46.L,2024-01-01,230.67705393949967,84219961.7162574,data_before_corruption (corruption at 2026-01-01)
stock_CUR3K@844b3eaf1ea2,0V46.L,2024-04-01,213.94681725446006,80877031.64580001,data_before_corruption (corruption at 2026-01-01)
stock_CUR3K@844b3eaf1ea2,0V46.L,2024-07-01,251.27700000000002,98834782.41000001,data_before_corruption (corruption at 2026-01-01)
stock_CUR3K@844b3eaf1ea2,0V46.L,2024-10-01,144.28784381222576,65505526.788,data_before_corruption (corruption at 2026-01-01)
stock_CUR3K@844b3eaf1ea2,0V46.L,2025-01-01,225.52128041192537,90750439.80160001,data_before_corruption (corruption at 2026-01-01)
stock_CUR3K@844b3eaf1ea2,0V46.L,2025-04-01,165.68522649571264,104592278.61517501,data_before_corruption (corruption at 2026-01-01)
stock_CUR3K@844b3eaf1ea2,0V46.L,2025-07-01,0.45233999999999996,206298444.60917997,data_before_corruption (corruption at 2026-01-01)
stock_CUR3K@844b3eaf1ea2,0V46.L,2025-10-01,0.6044059999999999,310633865.33805996,data_before_corruption (corruption at 2026-01-01)
stock_CUR3K@844b3eaf1ea2,0V46.L,2026-01-01,0.8411364,436412567.7665676,data_before_corruption (corruption at 2026-01-01)
stock_CUR3K@844b3eaf1ea2,0V9D.L,2012-10-01,,,data_before_corruption (corruption at 2017-01-01)
stock_CUR3K@844b3eaf1ea2,0V9D.L,2013-01-01,329.99259840696493,21377580.51,data_before_corruption (corruption at 2017-01-01)
stock_CUR3K@844b3eaf1ea2,0V9D.L,2013-04-01,329.9972374007532,27514509.66,data_before_corruption (corruption at 2017-01-01)
stock_CUR3K@844b3eaf1ea2,0V9D.L,2013-07-01,0.32999112867454333,24550350.0,data_before_corruption (corruption at 2017-01-01)
stock_CUR3K@844b3eaf1ea2,0V9D.L,2013-10-01,0.1811338900290815,45717107.04,data_before_corruption (corruption at 2017-01-01)
stock_CUR3K@844b3eaf1ea2,0V9D.L,2014-01-01,0.33,46999260.0,data_before_corruption (corruption at 2017-01-01)
stock_CUR3K@844b3eaf1ea2,0V9D.L,2014-04-01,0.3299985473421927,51651372.63,data_before_corruption (corruption at 2017-01-01)
stock_CUR3K@844b3eaf1ea2,0V9D.L,2014-07-01,0.4199843018930657,60632713.68,data_before_corruption (corruption at 2017-01-01)
stock_CUR3K@844b3eaf1ea2,0V9D.L,2014-10-01,0.4557900346715999,74405900.0,data_before_corruption (corruption at 2017-01-01)
stock_CUR3K@844b3eaf1ea2,0V9D.L,2015-01-01,0.5199256509372782,101818600.0,data_before_corruption (corruption at 2017-01-01)
stock_CUR3K@844b3eaf1ea2,0V9D.L,2015-04-01,0.7800037284716612,163177560.0,data_before_corruption (corruption at 2017-01-01)
stock_CUR3K@844b3eaf1ea2,0V9D.L,2015-07-01,0.6199755369057343,157128460.0,data_before_corruption (corruption at 2017-01-01)
stock_CUR3K@844b3eaf1ea2,0V9D.L,2015-10-01,0.796918760245511,209039760.0,data_before_corruption (corruption at 2017-01-01)
stock_CUR3K@844b3eaf1ea2,0V9D.L,2016-01-01,1749.713521201456,508083562.0,data_before_corruption (corruption at 2017-01-01)
stock_CUR3K@844b3eaf1ea2,0V9D.L,2016-04-01,2659.9559918866244,803883920.0,data_before_corruption (corruption at 2017-01-01)
stock_CUR3K@844b3eaf1ea2,0V9D.L,2016-07-01,1999.9209444503003,607144000.0,data_before_corruption (corruption at 2017-01-01)
stock_CUR3K@844b3eaf1ea2,0V9D.L,2016-10-01,2329.96944552813,710708250.0,data_before_corruption (corruption at 2017-01-01)
stock_CUR3K@844b3eaf1ea2,0V9D.L,2017-01-01,3149.989718952051,965122200.0,data_before_corruption (corruption at 2017-01-01)
stock_CUR3K@844b3eaf1ea2,460860.KS,2007-01-01,4605.69,208133618172.59998,data_before_corruption (corruption at 2023-10-01)
stock_CUR3K@844b3eaf1ea2,460860.KS,2007-04-01,5323.11,240554215379.4,data_before_corruption (corruption at 2023-10-01)
stock_CUR3K@844b3eaf1ea2,460860.KS,2007-07-01,9140.52,413065034680.80005,data_before_corruption (corruption at 2023-10-01)
stock_CUR3K@844b3eaf1ea2,460860.KS,2008-01-01,6864.24,310198712289.6,data_before_corruption (corruption at 2023-10-01)
stock_CUR3K@844b3eaf1ea2,460860.KS,2008-04-01,7989.1,361031743114.0,data_before_corruption (corruption at 2023-10-01)
stock_CUR3K@844b3eaf1ea2,460860.KS,2008-07-01,6377.1,288184592634.0,data_before_corruption (corruption at 2023-10-01)
stock_CUR3K@844b3eaf1ea2,460860.KS,2009-01-01,4499.4,203330315675.99997,data_before_corruption (corruption at 2023-10-01)
stock_CUR3K@844b3eaf1ea2,460860.KS,2009-04-01,4579.12,206932905524.8,data_before_corruption (corruption at 2023-10-01)
stock_CUR3K@844b3eaf1ea2,460860.KS,2009-07-01,4835.97,218540095723.80002,data_before_corruption (corruption at 2023-10-01)
stock_CUR3K@844b3eaf1ea2,460860.KS,2010-01-01,4074.2600000000007,184118009500.40002,data_before_corruption (corruption at 2023-10-01)
stock_CUR3K@844b3eaf1ea2,460860.KS,2010-04-01,3897.12,176112957244.8,data_before_corruption (corruption at 2023-10-01)
stock_CUR3K@844b3eaf1ea2,460860.KS,2010-07-01,4835.97,218540095723.80002,data_before_corruption (corruption at 2023-10-01)
stock_CUR3K@844b3eaf1ea2,460860.KS,2011-01-01,6997.1,316202727434.0,data_before_corruption (corruption at 2023-10-01)
stock_CUR3K@844b3eaf1ea2,460860.KS,2011-04-01,7262.81,328210305817.4,data_before_corruption (corruption at 2023-10-01)
stock_CUR3K@844b3eaf1ea2,460860.KS,2011-07-01,4012.2600000000007,181316196020.40002,data_before_corruption (corruption at 2023-10-01)
stock_CUR3K@844b3eaf1ea2,460860.KS,2011-10-01,3631.41,164105378861.4,data_before_corruption (corruption at 2023-10-01)
stock_CUR3K@844b3eaf1ea2,460860.KS,2012-01-01,3835.12,173311143764.8,data_before_corruption (corruption at 2023-10-01)
stock_CUR3K@844b3eaf1ea2,460860.KS,2012-04-01,2710.27,122478564845.8,data_before_corruption (corruption at 2023-10-01)
stock_CUR3K@844b3eaf1ea2,460860.KS,2012-07-01,2931.7,132485106117.99998,data_before_corruption (corruption at 2023-10-01)
stock_CUR3K@844b3eaf1ea2,460860.KS,2012-10-01,2515.41,113672736221.4,data_before_corruption (corruption at 2023-10-01)
stock_CUR3K@844b3eaf1ea2,460860.KS,2013-01-01,2178.84,98462956173.6,data_before_corruption (corruption at 2023-10-01)
stock_CUR3K@844b3eaf1ea2,460860.KS,2013-04-01,1939.7,87656090438.0,data_before_corruption (corruption at 2023-10-01)
stock_CUR3K@844b3eaf1ea2,460860.KS,2013-07-01,2621.7,118476038717.99998,data_before_corruption (corruption at 2023-10-01)
stock_CUR3K@844b3eaf1ea2,460860.KS,2013-10-01,2329.41,105267295781.4,data_before_corruption (corruption at 2023-10-01)
stock_CUR3K@844b3eaf1ea2,460860.KS,2014-01-01,2205.42,99664120726.8,data_before_corruption (corruption at 2023-10-01)
stock_CUR3K@844b3eaf1ea2,460860.KS,2014-04-01,1400.0,63266756000.0,data_before_corruption (corruption at 2023-10-01)
stock_CUR3K@844b3eaf1ea2,460860.KS,2014-07-01,1248.0,56397793920.0,data_before_corruption (corruption at 2023-10-01)
stock_CUR3K@844b3eaf1ea2,460860.KS,2014-10-01,1172.0,52963312880.0,data_before_corruption (corruption at 2023-10-01)
stock_CUR3K@844b3eaf1ea2,460860.KS,2015-01-01,1202.0,54319029080.0,data_before_corruption (corruption at 2023-10-01)
stock_CUR3K@844b3eaf1ea2,460860.KS,2015-04-01,1052.0,47540448080.0,data_before_corruption (corruption at 2023-10-01)
stock_CUR3K@844b3eaf1ea2,460860.KS,2015-07-01,1426.0,64441710040.0,data_before_corruption (corruption at 2023-10-01)
stock_CUR3K@844b3eaf1ea2,460860.KS,2015-10-01,1150.0,51969121000.0,data_before_corruption (corruption at 2023-10-01)
stock_CUR3K@844b3eaf1ea2,460860.KS,2016-01-01,1370.0,61911039800.0,data_before_corruption (corruption at 2023-10-01)
stock_CUR3K@844b3eaf1ea2,460860.KS,2016-04-01,1618.0,73118293720.0,data_before_corruption (corruption at 2023-10-01)
stock_CUR3K@844b3eaf1ea2,460860.KS,2016-07-01,1580.0,71401053200.0,data_before_corruption (corruption at 2023-10-01)
stock_CUR3K@844b3eaf1ea2,460860.KS,2016-10-01,2210.0,99871093400.0,data_before_corruption (corruption at 2023-10-01)
stock_CUR3K@844b3eaf1ea2,460860.KS,2017-01-01,2560.0,115687782400.0,data_before_corruption (corruption at 2023-10-01)
stock_CUR3K@844b3eaf1ea2,460860.KS,2017-04-01,2930.0,132408282200.0,data_before_corruption (corruption at 2023-10-01)
stock_CUR3K@844b3eaf1ea2,460860.KS,2017-07-01,2140.0,96707755600.0,data_before_corruption (corruption at 2023-10-01)
stock_CUR3K@844b3eaf1ea2,460860.KS,2017-10-01,2210.0,99871093400.0,data_before_corruption (corruption at 2023-10-01)
stock_CUR3K@844b3eaf1ea2,460860.KS,2018-01-01,2020.0,91284890800.0,data_before_corruption (corruption at 2023-10-01)
stock_CUR3K@844b3eaf1ea2,460860.KS,2018-04-01,1688.0,76281631520.0,data_before_corruption (corruption at 2023-10-01)
stock_CUR3K@844b3eaf1ea2,460860.KS,2018-07-01,1826.0,82517926040.0,data_before_corruption (corruption at 2023-10-01)
stock_CUR3K@844b3eaf1ea2,460860.KS,2018-10-01,1412.0,63809042480.0,data_before_corruption (corruption at 2023-10-01)
stock_CUR3K@844b3eaf1ea2,460860.KS,2019-01-01,1532.0,69231907280.0,data_before_corruption (corruption at 2023-10-01)
stock_CUR3K@844b3eaf1ea2,460860.KS,2019-04-01,1356.0,61278372240.0,data_before_corruption (corruption at 2023-10-01)
stock_CUR3K@844b3eaf1ea2,460860.KS,2019-07-01,1300.0,58747702000.0,data_before_corruption (corruption at 2023-10-01)
stock_CUR3K@844b3eaf1ea2,460860.KS,2019-10-01,1190.0,53776742600.0,data_before_corruption (corruption at 2023-10-01)
stock_CUR3K@844b3eaf1ea2,460860.KS,2020-01-01,734.0,33169856360.0,data_before_corruption (corruption at 2023-10-01)
stock_CUR3K@844b3eaf1ea2,460860.KS,2020-04-01,1060.0,47901972400.0,data_before_corruption (corruption at 2023-10-01)
stock_CUR3K@844b3eaf1ea2,460860.KS,2020-07-01,1268.0,57301604720.0,data_before_corruption (corruption at 2023-10-01)
stock_CUR3K@844b3eaf1ea2,460860.KS,2020-10-01,1624.0,73389436960.0,data_before_corruption (corruption at 2023-10-01)
stock_CUR3K@844b3eaf1ea2,460860.KS,2021-01-01,2730.0,123370174200.0,data_before_corruption (corruption at 2023-10-01)
stock_CUR3K@844b3eaf1ea2,460860.KS,2021-04-01,4440.0,200645997600.0,data_before_corruption (corruption at 2023-10-01)
stock_CUR3K@844b3eaf1ea2,460860.KS,2021-07-01,3670.0,165849281800.0,data_before_corruption (corruption at 2023-10-01)
stock_CUR3K@844b3eaf1ea2,460860.KS,2021-10-01,3180.0,143705917200.0,data_before_corruption (corruption at 2023-10-01)
stock_CUR3K@844b3eaf1ea2,460860.KS,2022-01-01,3350.0,151388309000.0,data_before_corruption (corruption at 2023-10-01)
stock_CUR3K@844b3eaf1ea2,460860.KS,2022-04-01,2570.0,116139687800.0,data_before_corruption (corruption at 2023-10-01)
stock_CUR3K@844b3eaf1ea2,460860.KS,2022-07-01,2160.0,97611566400.0,data_before_corruption (corruption at 2023-10-01)
stock_CUR3K@844b3eaf1ea2,460860.KS,2022-10-01,2150.0,97159661000.0,data_before_corruption (corruption at 2023-10-01)
stock_CUR3K@844b3eaf1ea2,460860.KS,2023-01-01,2440.0,110264917600.0,data_before_corruption (corruption at 2023-10-01)
stock_CUR3K@844b3eaf1ea2,460860.KS,2023-04-01,3484.0,157443841360.0,data_before_corruption (corruption at 2023-10-01)
stock_CUR3K@844b3eaf1ea2,460860.KS,2023-07-01,2130.0,96255850200.0,data_before_corruption (corruption at 2023-10-01)
stock_CUR3K@844b3eaf1ea2,460860.KS,2023-10-01,1740.0,78632696700.0,data_before_corruption (corruption at 2023-10-01)
stock_CUR3K@844b3eaf1ea2,ACHV,2006-07-01,185724.0,172537596.0,data_before_corruption (corruption at 2008-04-01)
stock_CUR3K@844b3eaf1ea2,ACHV,2006-10-01,241956.0,225019080.0,data_before_corruption (corruption at 2008-04-01)
stock_CUR3K@844b3eaf1ea2,ACHV,2007-01-01,199188.0,185244840.0,data_before_corruption (corruption at 2008-04-01)
stock_CUR3K@844b3eaf1ea2,ACHV,2007-04-01,209088.0,194870016.0,data_before_corruption (corruption at 2008-04-01)
stock_CUR3K@844b3eaf1ea2,ACHV,2007-07-01,24552.0,22907016.0,data_before_corruption (corruption at 2008-04-01)
stock_CUR3K@844b3eaf1ea2,ACHV,2007-10-01,17424.0,16274016.0,data_before_corruption (corruption at 2008-04-01)
stock_CUR3K@844b3eaf1ea2,ACHV,2008-01-01,14256.0,13329360.0,data_before_corruption (corruption at 2008-04-01)
stock_CUR3K@844b3eaf1ea2,ACHV,2008-04-01,12672.0,11860992.0,data_before_corruption (corruption at 2008-04-01)
stock_CUR3K@844b3eaf1ea2,ACT.TO,2018-07-01,2.9535238e-05,69.909140429812,data_before_corruption (corruption at 2022-10-01)
stock_CUR3K@844b3eaf1ea2,ACT.TO,2018-10-01,2.9535238e-05,69.909140429812,data_before_corruption (corruption at 2022-10-01)
stock_CUR3K@844b3eaf1ea2,ACT.TO,2019-01-01,6.491111e-06,15.364290968113998,data_before_corruption (corruption at 2022-10-01)
stock_CUR3K@844b3eaf1ea2,ACT.TO,2019-04-01,6.491111e-06,15.364290968113998,data_before_corruption (corruption at 2022-10-01)
stock_CUR3K@844b3eaf1ea2,ACT.TO,2019-07-01,5.192911e-06,12.291485321314,data_before_corruption (corruption at 2022-10-01)
stock_CUR3K@844b3eaf1ea2,ACT.TO,2019-10-01,3.894674e-06,9.218592096476,data_before_corruption (corruption at 2022-10-01)
stock_CUR3K@844b3eaf1ea2,ACT.TO,2020-01-01,9.087549e-06,21.509992206726,data_before_corruption (corruption at 2022-10-01)
stock_CUR3K@844b3eaf1ea2,ACT.TO,2020-04-01,9.087549e-06,21.509992206726,data_before_corruption (corruption at 2022-10-01)
stock_CUR3K@844b3eaf1ea2,ACT.TO,2020-07-01,9.087549e-06,21.509992206726,data_before_corruption (corruption at 2022-10-01)
stock_CUR3K@844b3eaf1ea2,ACT.TO,2020-10-01,9.087549e-06,30.769095956748,data_before_corruption (corruption at 2022-10-01)
stock_CUR3K@844b3eaf1ea2,ACT.TO,2021-01-01,9.087549e-06,35.317414231248,data_before_corruption (corruption at 2022-10-01)
stock_CUR3K@844b3eaf1ea2,ACT.TO,2021-04-01,0.000311114233,3245.96057172822,data_before_corruption (corruption at 2022-10-01)
stock_CUR3K@844b3eaf1ea2,ACT.TO,2021-07-01,0.00012391731,658.90600813224,data_before_corruption (corruption at 2022-10-01)
stock_CUR3K@844b3eaf1ea2,ACT.TO,2021-10-01,0.00011788642800000001,667.864574049816,data_before_corruption (corruption at 2022-10-01)
stock_CUR3K@844b3eaf1ea2,ACT.TO,2022-01-01,66.88,499143631.35999995,data_before_corruption (corruption at 2022-10-01)
stock_CUR3K@844b3eaf1ea2,ACT.TO,2022-04-01,52.49,844734272.58,data_before_corruption (corruption at 2022-10-01)
stock_CUR3K@844b3eaf1ea2,ACT.TO,2022-07-01,0.0011379,18770.343240000002,data_before_corruption (corruption at 2022-10-01)
stock_CUR3K@844b3eaf1ea2,ACT.TO,2022-10-01,2.9575000000000005,50597528.11750001,data_before_corruption (corruption at 2022-10-01)
stock_CUR3K@844b3eaf1ea2,ADP.PA,2004-04-01,0.01,853615.0,data_before_corruption (corruption at 2004-10-01)
stock_CUR3K@844b3eaf1ea2,ADP.PA,2004-10-01,45.5,3883948250.0,data_before_corruption (corruption at 2004-10-01)
stock_CUR3K@844b3eaf1ea2,ADUR,2018-07-01,2.9535238e-05,69.909140429812,data_before_corruption (corruption at 2022-07-01)
stock_CUR3K@844b3eaf1ea2,ADUR,2018-10-01,2.9535238e-05,69.909140429812,data_before_corruption (corruption at 2022-07-01)
stock_CUR3K@844b3eaf1ea2,ADUR,2019-01-01,6.491111e-06,15.364290968113998,data_before_corruption (corruption at 2022-07-01)
stock_CUR3K@844b3eaf1ea2,ADUR,2019-04-01,6.491111e-06,15.364290968113998,data_before_corruption (corruption at 2022-07-01)
stock_CUR3K@844b3eaf1ea2,ADUR,2019-07-01,5.192911e-06,12.291485321314,data_before_corruption (corruption at 2022-07-01)
stock_CUR3K@844b3eaf1ea2,ADUR,2019-10-01,3.894674e-06,9.218592096476,data_before_corruption (corruption at 2022-07-01)
stock_CUR3K@844b3eaf1ea2,ADUR,2020-01-01,1.572919753036592e-05,21.509992206726,data_before_corruption (corruption at 2022-07-01)
stock_CUR3K@844b3eaf1ea2,ADUR,2020-04-01,1.572919753036592e-05,21.509992206726,data_before_corruption (corruption at 2022-07-01)
stock_CUR3K@844b3eaf1ea2,ADUR,2020-07-01,5.243058175475056e-06,21.509992206726,data_before_corruption (corruption at 2022-07-01)
stock_CUR3K@844b3eaf1ea2,ADUR,2020-10-01,2.9491127440252114e-06,30.769095956748,data_before_corruption (corruption at 2022-07-01)
stock_CUR3K@844b3eaf1ea2,ADUR,2021-01-01,6.641977632132374e-06,35.317414231248,data_before_corruption (corruption at 2022-07-01)
stock_CUR3K@844b3eaf1ea2,ADUR,2021-04-01,0.0005729525297464504,3245.96057172822,data_before_corruption (corruption at 2022-07-01)
stock_CUR3K@844b3eaf1ea2,ADUR,2021-07-01,8.828647919200051e-05,658.90600813224,data_before_corruption (corruption at 2022-07-01)
stock_CUR3K@844b3eaf1ea2,ADUR,2021-10-01,4.149969123995128e-05,667.864574049816,data_before_corruption (corruption at 2022-07-01)
stock_CUR3K@844b3eaf1ea2,ADUR,2022-01-01,30.259198292878096,499143631.35999995,data_before_corruption (corruption at 2022-07-01)
stock_CUR3K@844b3eaf1ea2,ADUR,2022-04-01,49.37596171405201,844734272.58,data_before_corruption (corruption at 2022-07-01)
stock_CUR3K@844b3eaf1ea2,ADUR,2022-07-01,0.0010604263163508534,18770.343240000002,data_before_corruption (corruption at 2022-07-01)
stock_CUR3K@844b3eaf1ea2,AF.PA,2004-01-01,,,data_before_corruption (corruption at 2021-01-01)
stock_CUR3K@844b3eaf1ea2,AF.PA,2004-07-01,,,data_before_corruption (corruption at 2021-01-01)
stock_CUR3K@844b3eaf1ea2,AF.PA,2005-01-01,69.95,3699843735.4500003,data_before_corruption (corruption at 2021-01-01)
stock_CUR3K@844b3eaf1ea2,AF.PA,2005-04-01,63.35,3383666607.65,data_before_corruption (corruption at 2021-01-01)
stock_CUR3K@844b3eaf1ea2,AF.PA,2005-07-01,70.15,3653488673.9500003,data_before_corruption (corruption at 2021-01-01)
stock_CUR3K@844b3eaf1ea2,AF.PA,2005-10-01,91.24,4873334511.16,data_before_corruption (corruption at 2021-01-01)
stock_CUR3K@844b3eaf1ea2,AF.PA,2006-01-01,97.98999999999998,5175969279.969999,data_before_corruption (corruption at 2021-01-01)
stock_CUR3K@844b3eaf1ea2,AF.PA,2006-04-01,92.7,4951316409.3,data_before_corruption (corruption at 2021-01-01)
stock_CUR3K@844b3eaf1ea2,AF.PA,2006-07-01,119.93,6405731022.570001,data_before_corruption (corruption at 2021-01-01)
stock_CUR3K@844b3eaf1ea2,AF.PA,2006-10-01,164.72,8798067302.48,data_before_corruption (corruption at 2021-01-01)
stock_CUR3K@844b3eaf1ea2,AF.PA,2007-01-01,172.23,9084154750.289999,data_before_corruption (corruption at 2021-01-01)
stock_CUR3K@844b3eaf1ea2,AF.PA,2007-04-01,174.44999999999996,9201247147.349998,data_before_corruption (corruption at 2021-01-01)
stock_CUR3K@844b3eaf1ea2,AF.PA,2007-07-01,138.39,7642096050.329999,data_before_corruption (corruption at 2021-01-01)
stock_CUR3K@844b3eaf1ea2,AF.PA,2010-01-01,59.03000000000001,3442028379.4500003,data_before_corruption (corruption at 2021-01-01)
stock_CUR3K@844b3eaf1ea2,AF.PA,2010-04-01,49.55,2892353658.75,data_before_corruption (corruption at 2021-01-01)
stock_CUR3K@844b3eaf1ea2,AF.PA,2010-07-01,56.74,3316899940.98,data_before_corruption (corruption at 2021-01-01)
stock_CUR3K@844b3eaf1ea2,AF.PA,2010-10-01,68.67,4014302413.59,data_before_corruption (corruption at 2021-01-01)
stock_CUR3K@844b3eaf1ea2,AF.PA,2011-01-01,59.26,3462039186.06,data_before_corruption (corruption at 2021-01-01)
stock_CUR3K@844b3eaf1ea2,AF.PA,2011-04-01,53.39,3112585371.87,data_before_corruption (corruption at 2021-01-01)
stock_CUR3K@844b3eaf1ea2,AF.PA,2011-07-01,27.959999999999997,1635211018.32,data_before_corruption (corruption at 2021-01-01)
stock_CUR3K@844b3eaf1ea2,AF.PA,2012-04-01,18.959999999999997,1112932300.56,data_before_corruption (corruption at 2021-01-01)
stock_CUR3K@844b3eaf1ea2,AF.PA,2012-07-01,26.2,1537669249.2,data_before_corruption (corruption at 2021-01-01)
stock_CUR3K@844b3eaf1ea2,AF.PA,2012-10-01,36.35,2130709229.75,data_before_corruption (corruption at 2021-01-01)
stock_CUR3K@844b3eaf1ea2,AF.PA,2013-01-01,37.5,2196339600.0,data_before_corruption (corruption at 2021-01-01)
stock_CUR3K@844b3eaf1ea2,AF.PA,2013-04-01,35.11,2051089194.06,data_before_corruption (corruption at 2021-01-01)
stock_CUR3K@844b3eaf1ea2,AF.PA,2013-07-01,37.11,2162356503.96,data_before_corruption (corruption at 2021-01-01)
stock_CUR3K@844b3eaf1ea2,AF.PA,2013-10-01,38.26,2247820644.18,data_before_corruption (corruption at 2021-01-01)
stock_CUR3K@844b3eaf1ea2,AF.PA,2014-01-01,55.02,3235491264.6000004,data_before_corruption (corruption at 2021-01-01)
stock_CUR3K@844b3eaf1ea2,AF.PA,2014-04-01,46.41,2726662312.9199996,data_before_corruption (corruption at 2021-01-01)
stock_CUR3K@844b3eaf1ea2,AF.PA,2014-07-01,37.44,2199660353.2799997,data_before_corruption (corruption at 2021-01-01)
stock_CUR3K@844b3eaf1ea2,AF.PA,2014-10-01,40.17,2360052254.04,data_before_corruption (corruption at 2021-01-01)
stock_CUR3K@844b3eaf1ea2,AF.PA,2015-01-01,41.28,2420803968.96,data_before_corruption (corruption at 2021-01-01)
stock_CUR3K@844b3eaf1ea2,AF.PA,2015-04-01,31.77,1864964477.97,data_before_corruption (corruption at 2021-01-01)
stock_CUR3K@844b3eaf1ea2,AF.PA,2015-07-01,31.42,1844418756.6200001,data_before_corruption (corruption at 2021-01-01)
stock_CUR3K@844b3eaf1ea2,AF.PA,2015-10-01,35.27,2070421691.4700003,data_before_corruption (corruption at 2021-01-01)
stock_CUR3K@844b3eaf1ea2,AF.PA,2016-01-01,42.17,2400001263.59,data_before_corruption (corruption at 2021-01-01)
stock_CUR3K@844b3eaf1ea2,AF.PA,2016-04-01,28.850000000000005,1679629199.5500002,data_before_corruption (corruption at 2021-01-01)
stock_CUR3K@844b3eaf1ea2,AF.PA,2016-07-01,24.12,1435772884.68,data_before_corruption (corruption at 2021-01-01)
stock_CUR3K@844b3eaf1ea2,AF.PA,2016-10-01,26.09,1547094708.11,data_before_corruption (corruption at 2021-01-01)
stock_CUR3K@844b3eaf1ea2,AF.PA,2017-01-01,35.8,2122881968.1999998,data_before_corruption (corruption at 2021-01-01)
stock_CUR3K@844b3eaf1ea2,AF.PA,2017-04-01,62.97,3734018925.63,data_before_corruption (corruption at 2021-01-01)
stock_CUR3K@844b3eaf1ea2,AF.PA,2017-07-01,67.28,3989594939.12,data_before_corruption (corruption at 2021-01-01)
stock_CUR3K@844b3eaf1ea2,AF.PA,2017-10-01,68.49,5805245823.12,data_before_corruption (corruption at 2021-01-01)
stock_CUR3K@844b3eaf1ea2,AF.PA,2018-01-01,45.44,3851516574.72,data_before_corruption (corruption at 2021-01-01)
stock_CUR3K@844b3eaf1ea2,AF.PA,2018-04-01,35.22,2985264387.36,data_before_corruption (corruption at 2021-01-01)
stock_CUR3K@844b3eaf1ea2,AF.PA,2018-07-01,43.44,3681995598.72,data_before_corruption (corruption at 2021-01-01)
stock_CUR3K@844b3eaf1ea2,AF.PA,2018-10-01,47.81,4052398931.28,data_before_corruption (corruption at 2021-01-01)
stock_CUR3K@844b3eaf1ea2,AF.PA,2019-01-01,50.46,4277014224.48,data_before_corruption (corruption at 2021-01-01)
stock_CUR3K@844b3eaf1ea2,AF.PA,2019-04-01,43.05,3648939008.3999996,data_before_corruption (corruption at 2021-01-01)
stock_CUR3K@844b3eaf1ea2,AF.PA,2019-07-01,48.43,4104950433.84,data_before_corruption (corruption at 2021-01-01)
stock_CUR3K@844b3eaf1ea2,AF.PA,2019-10-01,50.05,4241714677.2,data_before_corruption (corruption at 2021-01-01)
stock_CUR3K@844b3eaf1ea2,AF.PA,2020-01-01,25.710000000000004,2178910776.2400002,data_before_corruption (corruption at 2021-01-01)
stock_CUR3K@844b3eaf1ea2,AF.PA,2020-04-01,20.34,1723805724.96,data_before_corruption (corruption at 2021-01-01)
stock_CUR3K@844b3eaf1ea2,AF.PA,2020-07-01,14.94,1266158187.36,data_before_corruption (corruption at 2021-01-01)
stock_CUR3K@844b3eaf1ea2,AF.PA,2020-10-01,25.820000000000004,2188200279.76,data_before_corruption (corruption at 2021-01-01)
stock_CUR3K@844b3eaf1ea2,AF.PA,2021-01-01,25.7,217.80304875999974,data_before_corruption (corruption at 2021-01-01)
stock_CUR3K@844b3eaf1ea2,AKAN,2020-10-01,504000.0,9104256000.0,data_before_corruption (corruption at 2023-04-01)
stock_CUR3K@844b3eaf1ea2,AKAN,2021-10-01,504000.0,8778672000.0,data_before_corruption (corruption at 2023-04-01)
stock_CUR3K@844b3eaf1ea2,AKAN,2022-04-01,38880.0,22472640.0,data_before_corruption (corruption at 2023-04-01)
stock_CUR3K@844b3eaf1ea2,AKAN,2022-10-01,7152.0,4956336.0,data_before_corruption (corruption at 2023-04-01)
stock_CUR3K@844b3eaf1ea2,AKAN,2023-04-01,3552.0,2862912.0,data_before_corruption (corruption at 2023-04-01)
stock_CUR3K@844b3eaf1ea2,ALAGP.PA,2018-04-01,8.021,18915186.368,data_before_corruption (corruption at 2020-10-01)
stock_CUR3K@844b3eaf1ea2,ALAGP.PA,2019-04-01,8.021,18915186.368,data_before_corruption (corruption at 2020-10-01)
stock_CUR3K@844b3eaf1ea2,ALAGP.PA,2019-10-01,10.2,24053721.599999998,data_before_corruption (corruption at 2020-10-01)
stock_CUR3K@844b3eaf1ea2,ALAGP.PA,2020-04-01,9.26,21810059.48,data_before_corruption (corruption at 2020-10-01)
stock_CUR3K@844b3eaf1ea2,ALAGP.PA,2020-10-01,9.35,2.2023999799999974,data_before_corruption (corruption at 2020-10-01)
stock_CUR3K@844b3eaf1ea2,ALAR,2014-01-01,104.58605337599998,53861.817488639994,data_before_corruption (corruption at 2016-04-01)
stock_CUR3K@844b3eaf1ea2,ALAR,2014-07-01,122.13173266690487,62897.842323456,data_before_corruption (corruption at 2016-04-01)
stock_CUR3K@844b3eaf1ea2,ALAR,2014-10-01,115.2996288126757,59379.30883852799,data_before_corruption (corruption at 2016-04-01)
stock_CUR3K@844b3eaf1ea2,ALAR,2015-01-01,35.956174360000006,39407.96709856,data_before_corruption (corruption at 2016-04-01)
stock_CUR3K@844b3eaf1ea2,ALAR,2015-04-01,37.950966617202866,63605.820050432005,data_before_corruption (corruption at 2016-04-01)
stock_CUR3K@844b3eaf1ea2,ALAR,2015-10-01,36.812561089442625,121260.576228624,data_before_corruption (corruption at 2016-04-01)
stock_CUR3K@844b3eaf1ea2,ALAR,2016-01-01,38.07425430569109,41044.046141535,data_before_corruption (corruption at 2016-04-01)
stock_CUR3K@844b3eaf1ea2,ALAR,2016-04-01,8252.454630532544,9762653.82792,data_before_corruption (corruption at 2016-04-01)
stock_CUR3K@844b3eaf1ea2,ALCAF.PA,2009-01-01,10.25,79670995.0,data_before_corruption (corruption at 2011-07-01)
stock_CUR3K@844b3eaf1ea2,ALCAF.PA,2009-07-01,16.3,126696314.0,data_before_corruption (corruption at 2011-07-01)
stock_CUR3K@844b3eaf1ea2,ALCAF.PA,2010-07-01,16.3,126696314.0,data_before_corruption (corruption at 2011-07-01)
stock_CUR3K@844b3eaf1ea2,ALCAF.PA,2011-01-01,12.65,98325667.0,data_before_corruption (corruption at 2011-07-01)
stock_CUR3K@844b3eaf1ea2,ALCAF.PA,2011-07-01,0.0,0.0,data_before_corruption (corruption at 2011-07-01)
stock_CUR3K@844b3eaf1ea2,ALCLA.PA,2004-10-01,,0.0,data_before_corruption (corruption at 2025-10-01)
stock_CUR3K@844b3eaf1ea2,ALCLA.PA,2005-10-01,,0.0,data_before_corruption (corruption at 2025-10-01)
stock_CUR3K@844b3eaf1ea2,ALCLA.PA,2006-10-01,,0.0,data_before_corruption (corruption at 2025-10-01)
stock_CUR3K@844b3eaf1ea2,ALCLA.PA,2007-10-01,,0.0,data_before_corruption (corruption at 2025-10-01)
stock_CUR3K@844b3eaf1ea2,ALCLA.PA,2008-10-01,,0.0,data_before_corruption (corruption at 2025-10-01)
stock_CUR3K@844b3eaf1ea2,ALCLA.PA,2009-10-01,13.75,31170988.75,data_before_corruption (corruption at 2025-10-01)
stock_CUR3K@844b3eaf1ea2,ALCLA.PA,2010-04-01,16.01,36925480.010000005,data_before_corruption (corruption at 2025-10-01)
stock_CUR3K@844b3eaf1ea2,ALCLA.PA,2010-10-01,17.26,39808481.260000005,data_before_corruption (corruption at 2025-10-01)
stock_CUR3K@844b3eaf1ea2,ALCLA.PA,2011-04-01,28.61,65897727.71,data_before_corruption (corruption at 2025-10-01)
stock_CUR3K@844b3eaf1ea2,ALCLA.PA,2011-10-01,17.5,40307942.5,data_before_corruption (corruption at 2025-10-01)
stock_CUR3K@844b3eaf1ea2,ALCLA.PA,2012-04-01,19.49,44902601.70999999,data_before_corruption (corruption at 2025-10-01)
stock_CUR3K@844b3eaf1ea2,ALCLA.PA,2012-10-01,18.81,43335963.989999995,data_before_corruption (corruption at 2025-10-01)
stock_CUR3K@844b3eaf1ea2,ALCLA.PA,2013-04-01,21.2,48844800.0,data_before_corruption (corruption at 2025-10-01)
stock_CUR3K@844b3eaf1ea2,ALCLA.PA,2013-10-01,23.8,54835200.0,data_before_corruption (corruption at 2025-10-01)
stock_CUR3K@844b3eaf1ea2,ALCLA.PA,2014-04-01,27.6,63590.4,data_before_corruption (corruption at 2025-10-01)
stock_CUR3K@844b3eaf1ea2,ALCLA.PA,2014-10-01,21.0,48309912.0,data_before_corruption (corruption at 2025-10-01)
stock_CUR3K@844b3eaf1ea2,ALCLA.PA,2015-04-01,29.2,67275048.0,data_before_corruption (corruption at 2025-10-01)
stock_CUR3K@844b3eaf1ea2,ALCLA.PA,2015-10-01,34.5,79453500.0,data_before_corruption (corruption at 2025-10-01)
stock_CUR3K@844b3eaf1ea2,ALCLA.PA,2016-04-01,28.929999999999996,66598.19077999999,data_before_corruption (corruption at 2025-10-01)
stock_CUR3K@844b3eaf1ea2,ALCLA.PA,2016-10-01,28.4,65412470.4,data_before_corruption (corruption at 2025-10-01)
stock_CUR3K@844b3eaf1ea2,ALCLA.PA,2017-04-01,35.0,80670240.0,data_before_corruption (corruption at 2025-10-01)
stock_CUR3K@844b3eaf1ea2,ALCLA.PA,2017-10-01,35.0,80535980.0,data_before_corruption (corruption at 2025-10-01)
stock_CUR3K@844b3eaf1ea2,ALCLA.PA,2018-04-01,35.7,82233272.10000001,data_before_corruption (corruption at 2025-10-01)
stock_CUR3K@844b3eaf1ea2,ALCLA.PA,2018-10-01,30.0,68959770.0,data_before_corruption (corruption at 2025-10-01)
stock_CUR3K@844b3eaf1ea2,ALCLA.PA,2019-04-01,35.3,81296358.89999999,data_before_corruption (corruption at 2025-10-01)
stock_CUR3K@844b3eaf1ea2,ALCLA.PA,2019-10-01,35.0,80606260.0,data_before_corruption (corruption at 2025-10-01)
stock_CUR3K@844b3eaf1ea2,ALCLA.PA,2020-04-01,28.5,65601186.0,data_before_corruption (corruption at 2025-10-01)
stock_CUR3K@844b3eaf1ea2,ALCLA.PA,2020-10-01,36.7,84563956.5,data_before_corruption (corruption at 2025-10-01)
stock_CUR3K@844b3eaf1ea2,ALCLA.PA,2021-04-01,49.0,112147868.0,data_before_corruption (corruption at 2025-10-01)
stock_CUR3K@844b3eaf1ea2,ALCLA.PA,2021-10-01,76.0,173959440.0,data_before_corruption (corruption at 2025-10-01)
stock_CUR3K@844b3eaf1ea2,ALCLA.PA,2022-04-01,60.0,137671620.0,data_before_corruption (corruption at 2025-10-01)
stock_CUR3K@844b3eaf1ea2,ALCLA.PA,2022-10-01,59.60000000000001,136749041.20000002,data_before_corruption (corruption at 2025-10-01)
stock_CUR3K@844b3eaf1ea2,ALCLA.PA,2023-04-01,74.2,170342646.6,data_before_corruption (corruption at 2025-10-01)
stock_CUR3K@844b3eaf1ea2,ALCLA.PA,2023-10-01,123.5,281542332.5,data_before_corruption (corruption at 2025-10-01)
stock_CUR3K@844b3eaf1ea2,ALCLA.PA,2024-04-01,134.0,311915284.0,data_before_corruption (corruption at 2025-10-01)
stock_CUR3K@844b3eaf1ea2,ALCLA.PA,2025-10-01,1.24,65795640.0,data_before_corruption (corruption at 2025-10-01)
stock_CUR3K@844b3eaf1ea2,ALDBT.PA,2013-04-01,4232.237586809963,2660592.096,data_before_corruption (corruption at 2016-10-01)
stock_CUR3K@844b3eaf1ea2,ALDBT.PA,2014-04-01,69500.0,43691108.279999994,data_before_corruption (corruption at 2016-10-01)
stock_CUR3K@844b3eaf1ea2,ALDBT.PA,2015-04-01,39700.0,24260610.847000003,data_before_corruption (corruption at 2016-10-01)
stock_CUR3K@844b3eaf1ea2,ALDBT.PA,2015-10-01,16300.000000000002,9960905.713000001,data_before_corruption (corruption at 2016-10-01)
stock_CUR3K@844b3eaf1ea2,ALDBT.PA,2016-04-01,29900.0,21434597.184,data_before_corruption (corruption at 2016-10-01)
stock_CUR3K@844b3eaf1ea2,ALDBT.PA,2016-10-01,30750.0,30367373.444999997,data_before_corruption (corruption at 2016-10-01)
stock_CUR3K@844b3eaf1ea2,ALDRV.PA,2012-10-01,,642291713.6,data_before_corruption (corruption at 2020-04-01)
stock_CUR3K@844b3eaf1ea2,ALDRV.PA,2013-10-01,,642291713.6,data_before_corruption (corruption at 2020-04-01)
stock_CUR3K@844b3eaf1ea2,ALDRV.PA,2014-10-01,55.82,663701195.5,data_before_corruption (corruption at 2020-04-01)
stock_CUR3K@844b3eaf1ea2,ALDRV.PA,2015-10-01,169.98,1234919488.26,data_before_corruption (corruption at 2020-04-01)
stock_CUR3K@844b3eaf1ea2,ALDRV.PA,2016-04-01,118.35,1562093838.8999999,data_before_corruption (corruption at 2020-04-01)
stock_CUR3K@844b3eaf1ea2,ALDRV.PA,2016-10-01,101.44,1724581440.0,data_before_corruption (corruption at 2020-04-01)
stock_CUR3K@844b3eaf1ea2,ALDRV.PA,2017-04-01,72.96,1211136000.0,data_before_corruption (corruption at 2020-04-01)
stock_CUR3K@844b3eaf1ea2,ALDRV.PA,2017-10-01,64.87,1959203740.0000002,data_before_corruption (corruption at 2020-04-01)
stock_CUR3K@844b3eaf1ea2,ALDRV.PA,2018-04-01,56.22,1427819340.0,data_before_corruption (corruption at 2020-04-01)
stock_CUR3K@844b3eaf1ea2,ALDRV.PA,2018-10-01,18.38,721874500.0,data_before_corruption (corruption at 2020-04-01)
stock_CUR3K@844b3eaf1ea2,ALDRV.PA,2019-04-01,16.22,878678793.4399999,data_before_corruption (corruption at 2020-04-01)
stock_CUR3K@844b3eaf1ea2,ALDRV.PA,2019-10-01,8.78,564079116.14,data_before_corruption (corruption at 2020-04-01)
stock_CUR3K@844b3eaf1ea2,ALDRV.PA,2020-04-01,6.76,102.60298796799988,data_before_corruption (corruption at 2020-04-01)
stock_CUR3K@844b3eaf1ea2,ALJXR.PA,2004-10-01,,0.0,data_before_corruption (corruption at 2021-04-01)
stock_CUR3K@844b3eaf1ea2,ALJXR.PA,2005-10-01,,0.0,data_before_corruption (corruption at 2021-04-01)
stock_CUR3K@844b3eaf1ea2,ALJXR.PA,2006-10-01,,0.0,data_before_corruption (corruption at 2021-04-01)
stock_CUR3K@844b3eaf1ea2,ALJXR.PA,2007-10-01,,0.0,data_before_corruption (corruption at 2021-04-01)
stock_CUR3K@844b3eaf1ea2,ALJXR.PA,2008-10-01,11283605.0,22567210.0,data_before_corruption (corruption at 2021-04-01)
stock_CUR3K@844b3eaf1ea2,ALJXR.PA,2009-10-01,11397198.0,45588792.0,data_before_corruption (corruption at 2021-04-01)
stock_CUR3K@844b3eaf1ea2,ALJXR.PA,2010-04-01,14009845.0,70049225.0,data_before_corruption (corruption at 2021-04-01)
stock_CUR3K@844b3eaf1ea2,ALJXR.PA,2010-10-01,15675880.0,78379400.0,data_before_corruption (corruption at 2021-04-01)
stock_CUR3K@844b3eaf1ea2,ALJXR.PA,2011-04-01,41812524.0,250875144.0,data_before_corruption (corruption at 2021-04-01)
stock_CUR3K@844b3eaf1ea2,ALJXR.PA,2011-10-01,25865422.0,155192532.0,data_before_corruption (corruption at 2021-04-01)
stock_CUR3K@844b3eaf1ea2,ALJXR.PA,2012-04-01,16452742.0,98716452.0,data_before_corruption (corruption at 2021-04-01)
stock_CUR3K@844b3eaf1ea2,ALJXR.PA,2012-10-01,14391287.0,86347722.0,data_before_corruption (corruption at 2021-04-01)
stock_CUR3K@844b3eaf1ea2,ALJXR.PA,2013-04-01,,0.0,data_before_corruption (corruption at 2021-04-01)
stock_CUR3K@844b3eaf1ea2,ALJXR.PA,2013-10-01,,0.0,data_before_corruption (corruption at 2021-04-01)
stock_CUR3K@844b3eaf1ea2,ALJXR.PA,2014-04-01,11901984.0,83313888.0,data_before_corruption (corruption at 2021-04-01)
stock_CUR3K@844b3eaf1ea2,ALJXR.PA,2014-10-01,9140412.0,63982884.0,data_before_corruption (corruption at 2021-04-01)
stock_CUR3K@844b3eaf1ea2,ALJXR.PA,2015-04-01,7934656.0,55542592.0,data_before_corruption (corruption at 2021-04-01)
stock_CUR3K@844b3eaf1ea2,ALJXR.PA,2015-10-01,,0.0,data_before_corruption (corruption at 2021-04-01)
stock_CUR3K@844b3eaf1ea2,ALJXR.PA,2016-04-01,,0.0,data_before_corruption (corruption at 2021-04-01)
stock_CUR3K@844b3eaf1ea2,ALJXR.PA,2016-10-01,,0.0,data_before_corruption (corruption at 2021-04-01)
stock_CUR3K@844b3eaf1ea2,ALJXR.PA,2017-04-01,,0.0,data_before_corruption (corruption at 2021-04-01)
stock_CUR3K@844b3eaf1ea2,ALJXR.PA,2017-10-01,,0.0,data_before_corruption (corruption at 2021-04-01)
stock_CUR3K@844b3eaf1ea2,ALJXR.PA,2018-04-01,,0.0,data_before_corruption (corruption at 2021-04-01)
stock_CUR3K@844b3eaf1ea2,ALJXR.PA,2018-10-01,,0.0,data_before_corruption (corruption at 2021-04-01)
stock_CUR3K@844b3eaf1ea2,ALJXR.PA,2019-04-01,784000.0,12428869.6,data_before_corruption (corruption at 2021-04-01)
stock_CUR3K@844b3eaf1ea2,ALJXR.PA,2019-10-01,428000.0,10075794.1405744,data_before_corruption (corruption at 2021-04-01)
stock_CUR3K@844b3eaf1ea2,ALJXR.PA,2020-04-01,185600.0,7145080.32,data_before_corruption (corruption at 2021-04-01)
stock_CUR3K@844b3eaf1ea2,ALJXR.PA,2020-10-01,136000.0,8602191.76,data_before_corruption (corruption at 2021-04-01)
stock_CUR3K@844b3eaf1ea2,ALJXR.PA,2021-04-01,27600.0,8510818.524,data_before_corruption (corruption at 2021-04-01)
stock_CUR3K@844b3eaf1ea2,ALKOM.PA,2018-04-01,,,data_before_corruption (corruption at 2022-10-01)
stock_CUR3K@844b3eaf1ea2,ALKOM.PA,2018-10-01,,,data_before_corruption (corruption at 2022-10-01)
stock_CUR3K@844b3eaf1ea2,ALKOM.PA,2019-04-01,,,data_before_corruption (corruption at 2022-10-01)
stock_CUR3K@844b3eaf1ea2,ALKOM.PA,2019-10-01,0.0,0.0,data_before_corruption (corruption at 2022-10-01)
stock_CUR3K@844b3eaf1ea2,ALKOM.PA,2020-04-01,0.0,0.0,data_before_corruption (corruption at 2022-10-01)
stock_CUR3K@844b3eaf1ea2,ALKOM.PA,2020-10-01,0.0,0.0,data_before_corruption (corruption at 2022-10-01)
stock_CUR3K@844b3eaf1ea2,ALKOM.PA,2021-04-01,0.0,0.0,data_before_corruption (corruption at 2022-10-01)
stock_CUR3K@844b3eaf1ea2,ALKOM.PA,2021-10-01,0.0,0.0,data_before_corruption (corruption at 2022-10-01)
stock_CUR3K@844b3eaf1ea2,ALKOM.PA,2022-04-01,0.0,0.0,data_before_corruption (corruption at 2022-10-01)
stock_CUR3K@844b3eaf1ea2,ALKOM.PA,2022-10-01,0.0,0.0,data_before_corruption (corruption at 2022-10-01)
stock_CUR3K@844b3eaf1ea2,ALNXT.PA,2004-10-01,,0.0,data_before_corruption (corruption at 2020-04-01)
stock_CUR3K@844b3eaf1ea2,ALNXT.PA,2005-10-01,,0.0,data_before_corruption (corruption at 2020-04-01)
stock_CUR3K@844b3eaf1ea2,ALNXT.PA,2006-10-01,,68852826.6,data_before_corruption (corruption at 2020-04-01)
stock_CUR3K@844b3eaf1ea2,ALNXT.PA,2007-10-01,,35407695.96,data_before_corruption (corruption at 2020-04-01)
stock_CUR3K@844b3eaf1ea2,ALNXT.PA,2008-10-01,1.99,7988811.22,data_before_corruption (corruption at 2020-04-01)
stock_CUR3K@844b3eaf1ea2,ALNXT.PA,2009-10-01,2.13,8576830.53,data_before_corruption (corruption at 2020-04-01)
stock_CUR3K@844b3eaf1ea2,ALNXT.PA,2010-04-01,1.67,6867484.22,data_before_corruption (corruption at 2020-04-01)
stock_CUR3K@844b3eaf1ea2,ALNXT.PA,2010-10-01,2.1,8635758.6,data_before_corruption (corruption at 2020-04-01)
stock_CUR3K@844b3eaf1ea2,ALNXT.PA,2011-04-01,1.98,8205048.72,data_before_corruption (corruption at 2020-04-01)
stock_CUR3K@844b3eaf1ea2,ALNXT.PA,2011-10-01,1.73,7169057.72,data_before_corruption (corruption at 2020-04-01)
stock_CUR3K@844b3eaf1ea2,ALNXT.PA,2012-04-01,1.9,8044531.6,data_before_corruption (corruption at 2020-04-01)
stock_CUR3K@844b3eaf1ea2,ALNXT.PA,2012-10-01,2.1,8702324.4,data_before_corruption (corruption at 2020-04-01)
stock_CUR3K@844b3eaf1ea2,ALNXT.PA,2013-04-01,1.35,5594351.4,data_before_corruption (corruption at 2020-04-01)
stock_CUR3K@844b3eaf1ea2,ALNXT.PA,2013-10-01,0.9500000000000001,4213849.45,data_before_corruption (corruption at 2020-04-01)
stock_CUR3K@844b3eaf1ea2,ALNXT.PA,2014-04-01,0.8700000000000001,4241325.69,data_before_corruption (corruption at 2020-04-01)
stock_CUR3K@844b3eaf1ea2,ALNXT.PA,2014-10-01,0.65,2883183.5500000003,data_before_corruption (corruption at 2020-04-01)
stock_CUR3K@844b3eaf1ea2,ALNXT.PA,2015-04-01,0.54,3293423.2800000003,data_before_corruption (corruption at 2020-04-01)
stock_CUR3K@844b3eaf1ea2,ALNXT.PA,2015-10-01,0.65,4226565.2,data_before_corruption (corruption at 2020-04-01)
stock_CUR3K@844b3eaf1ea2,ALNXT.PA,2016-04-01,0.61,7144574.9799999995,data_before_corruption (corruption at 2020-04-01)
stock_CUR3K@844b3eaf1ea2,ALNXT.PA,2016-10-01,0.84,10167318.84,data_before_corruption (corruption at 2020-04-01)
stock_CUR3K@844b3eaf1ea2,ALNXT.PA,2017-04-01,1.06,16677791.96,data_before_corruption (corruption at 2020-04-01)
stock_CUR3K@844b3eaf1ea2,ALNXT.PA,2017-10-01,1.16,26368841.599999998,data_before_corruption (corruption at 2020-04-01)
stock_CUR3K@844b3eaf1ea2,ALNXT.PA,2018-04-01,0.909,18566930.394,data_before_corruption (corruption at 2020-04-01)
stock_CUR3K@844b3eaf1ea2,ALNXT.PA,2018-10-01,0.645,13045886.1,data_before_corruption (corruption at 2020-04-01)
stock_CUR3K@844b3eaf1ea2,ALNXT.PA,2019-04-01,0.668,12902621.068,data_before_corruption (corruption at 2020-04-01)
stock_CUR3K@844b3eaf1ea2,ALNXT.PA,2019-10-01,0.736,14865985.6,data_before_corruption (corruption at 2020-04-01)
stock_CUR3K@844b3eaf1ea2,ALNXT.PA,2020-04-01,0.57,1.1971522469999987,data_before_corruption (corruption at 2020-04-01)
stock_CUR3K@844b3eaf1ea2,ALPHI.PA,2012-10-01,,,data_before_corruption (corruption at 2021-10-01)
stock_CUR3K@844b3eaf1ea2,ALPHI.PA,2013-10-01,0.0,0.0,data_before_corruption (corruption at 2021-10-01)
stock_CUR3K@844b3eaf1ea2,ALPHI.PA,2014-04-01,0.0,0.0,data_before_corruption (corruption at 2021-10-01)
stock_CUR3K@844b3eaf1ea2,ALPHI.PA,2014-10-01,0.0,0.0,data_before_corruption (corruption at 2021-10-01)
stock_CUR3K@844b3eaf1ea2,ALPHI.PA,2015-04-01,0.0,0.0,data_before_corruption (corruption at 2021-10-01)
stock_CUR3K@844b3eaf1ea2,ALPHI.PA,2015-10-01,0.0,0.0,data_before_corruption (corruption at 2021-10-01)
stock_CUR3K@844b3eaf1ea2,ALPHI.PA,2016-04-01,0.0,0.0,data_before_corruption (corruption at 2021-10-01)
stock_CUR3K@844b3eaf1ea2,ALPHI.PA,2016-10-01,0.0,0.0,data_before_corruption (corruption at 2021-10-01)
stock_CUR3K@844b3eaf1ea2,ALPHI.PA,2017-04-01,0.0,0.0,data_before_corruption (corruption at 2021-10-01)
stock_CUR3K@844b3eaf1ea2,ALPHI.PA,2017-10-01,0.0,0.0,data_before_corruption (corruption at 2021-10-01)
stock_CUR3K@844b3eaf1ea2,ALPHI.PA,2018-04-01,0.0,0.0,data_before_corruption (corruption at 2021-10-01)
stock_CUR3K@844b3eaf1ea2,ALPHI.PA,2018-10-01,0.0,0.0,data_before_corruption (corruption at 2021-10-01)
stock_CUR3K@844b3eaf1ea2,ALPHI.PA,2019-04-01,0.0,0.0,data_before_corruption (corruption at 2021-10-01)
stock_CUR3K@844b3eaf1ea2,ALPHI.PA,2019-10-01,0.0,0.0,data_before_corruption (corruption at 2021-10-01)
stock_CUR3K@844b3eaf1ea2,ALPHI.PA,2020-04-01,0.0,0.0,data_before_corruption (corruption at 2021-10-01)
stock_CUR3K@844b3eaf1ea2,ALPHI.PA,2020-10-01,0.0,0.0,data_before_corruption (corruption at 2021-10-01)
stock_CUR3K@844b3eaf1ea2,ALPHI.PA,2021-04-01,0.0,0.0,data_before_corruption (corruption at 2021-10-01)
stock_CUR3K@844b3eaf1ea2,ALPHI.PA,2021-10-01,0.0,0.0,data_before_corruption (corruption at 2021-10-01)
stock_CUR3K@844b3eaf1ea2,ALRPD.PA,2013-04-01,169670.4,8794356172800.0,data_before_corruption (corruption at 2020-10-01)
stock_CUR3K@844b3eaf1ea2,ALRPD.PA,2014-04-01,174148.8,9080118432000.0,data_before_corruption (corruption at 2020-10-01)
stock_CUR3K@844b3eaf1ea2,ALRPD.PA,2014-07-01,173208.0,4029684120000.0,data_before_corruption (corruption at 2020-10-01)
stock_CUR3K@844b3eaf1ea2,ALRPD.PA,2014-10-01,177868.8,4138117631999.9995,data_before_corruption (corruption at 2020-10-01)
stock_CUR3K@844b3eaf1ea2,ALRPD.PA,2015-01-01,169288.80000000002,3938503932000.0005,data_before_corruption (corruption at 2020-10-01)
stock_CUR3K@844b3eaf1ea2,ALRPD.PA,2015-04-01,173353.19999999998,4033062197999.9995,data_before_corruption (corruption at 2020-10-01)
stock_CUR3K@844b3eaf1ea2,ALRPD.PA,2015-07-01,191005.2,4443735978000.0,data_before_corruption (corruption at 2020-10-01)
stock_CUR3K@844b3eaf1ea2,ALRPD.PA,2015-10-01,178869.6,4161401244000.0,data_before_corruption (corruption at 2020-10-01)
stock_CUR3K@844b3eaf1ea2,ALRPD.PA,2016-01-01,178285.2,4147805178000.0005,data_before_corruption (corruption at 2020-10-01)
stock_CUR3K@844b3eaf1ea2,ALRPD.PA,2016-04-01,178813.2,4159910284800.0005,data_before_corruption (corruption at 2020-10-01)
stock_CUR3K@844b3eaf1ea2,ALRPD.PA,2016-07-01,176028.0,4095291420000.0,data_before_corruption (corruption at 2020-10-01)
stock_CUR3K@844b3eaf1ea2,ALRPD.PA,2016-10-01,175110.0,4073934150000.0,data_before_corruption (corruption at 2020-10-01)
stock_CUR3K@844b3eaf1ea2,ALRPD.PA,2017-01-01,167570.4,3898525356000.0,data_before_corruption (corruption at 2020-10-01)
stock_CUR3K@844b3eaf1ea2,ALRPD.PA,2017-04-01,178257.59999999998,4147163063999.9995,data_before_corruption (corruption at 2020-10-01)
stock_CUR3K@844b3eaf1ea2,ALRPD.PA,2017-07-01,180805.2,4206252172800.0005,data_before_corruption (corruption at 2020-10-01)
stock_CUR3K@844b3eaf1ea2,ALRPD.PA,2017-10-01,184611.6,4294804262400.0,data_before_corruption (corruption at 2020-10-01)
stock_CUR3K@844b3eaf1ea2,ALRPD.PA,2018-01-01,192447.6,8016212330400.0,data_before_corruption (corruption at 2020-10-01)
stock_CUR3K@844b3eaf1ea2,ALRPD.PA,2018-04-01,189213.6,7881692508000.0,data_before_corruption (corruption at 2020-10-01)
stock_CUR3K@844b3eaf1ea2,ALRPD.PA,2018-07-01,192294.0,6241863240000.0,data_before_corruption (corruption at 2020-10-01)
stock_CUR3K@844b3eaf1ea2,ALRPD.PA,2018-10-01,195001.2,6329738952000.0,data_before_corruption (corruption at 2020-10-01)
stock_CUR3K@844b3eaf1ea2,ALRPD.PA,2019-01-01,189176.4,6865211556000.0,data_before_corruption (corruption at 2020-10-01)
stock_CUR3K@844b3eaf1ea2,ALRPD.PA,2019-04-01,194422.8,7055603412000.0,data_before_corruption (corruption at 2020-10-01)
stock_CUR3K@844b3eaf1ea2,ALRPD.PA,2019-07-01,193716.0,6658987500000.0,data_before_corruption (corruption at 2020-10-01)
stock_CUR3K@844b3eaf1ea2,ALRPD.PA,2019-10-01,191917.2,6597153750000.0,data_before_corruption (corruption at 2020-10-01)
stock_CUR3K@844b3eaf1ea2,ALRPD.PA,2020-04-01,195242.4,6337533.160368,data_before_corruption (corruption at 2020-10-01)
stock_CUR3K@844b3eaf1ea2,ALRPD.PA,2020-10-01,190350.0,7173495.158211899,data_before_corruption (corruption at 2020-10-01)
stock_CUR3K@844b3eaf1ea2,ALSPW.PA,2011-10-01,,55760000000.0,data_before_corruption (corruption at 2023-04-01)
stock_CUR3K@844b3eaf1ea2,ALSPW.PA,2012-10-01,656000000.0,55104000000.0,data_before_corruption (corruption at 2023-04-01)
stock_CUR3K@844b3eaf1ea2,ALSPW.PA,2013-04-01,768000000.0,65280000000.0,data_before_corruption (corruption at 2023-04-01)
stock_CUR3K@844b3eaf1ea2,ALSPW.PA,2013-10-01,782400000.0,68851200000.0,data_before_corruption (corruption at 2023-04-01)
stock_CUR3K@844b3eaf1ea2,ALSPW.PA,2014-04-01,684000000.0,60192000000.0,data_before_corruption (corruption at 2023-04-01)
stock_CUR3K@844b3eaf1ea2,ALSPW.PA,2014-10-01,520000000.0,45760000000.0,data_before_corruption (corruption at 2023-04-01)
stock_CUR3K@844b3eaf1ea2,ALSPW.PA,2015-04-01,,0.0,data_before_corruption (corruption at 2023-04-01)
stock_CUR3K@844b3eaf1ea2,ALSPW.PA,2015-10-01,,0.0,data_before_corruption (corruption at 2023-04-01)
stock_CUR3K@844b3eaf1ea2,ALSPW.PA,2016-04-01,,0.0,data_before_corruption (corruption at 2023-04-01)
stock_CUR3K@844b3eaf1ea2,ALSPW.PA,2016-10-01,,0.0,data_before_corruption (corruption at 2023-04-01)
stock_CUR3K@844b3eaf1ea2,ALSPW.PA,2017-04-01,,0.0,data_before_corruption (corruption at 2023-04-01)
stock_CUR3K@844b3eaf1ea2,ALSPW.PA,2017-10-01,,0.0,data_before_corruption (corruption at 2023-04-01)
stock_CUR3K@844b3eaf1ea2,ALSPW.PA,2018-04-01,,0.0,data_before_corruption (corruption at 2023-04-01)
stock_CUR3K@844b3eaf1ea2,ALSPW.PA,2018-10-01,,0.0,data_before_corruption (corruption at 2023-04-01)
stock_CUR3K@844b3eaf1ea2,ALSPW.PA,2019-04-01,,0.0,data_before_corruption (corruption at 2023-04-01)
stock_CUR3K@844b3eaf1ea2,ALSPW.PA,2019-10-01,599999.98,581387.1904204263,data_before_corruption (corruption at 2023-04-01)
stock_CUR3K@844b3eaf1ea2,ALSPW.PA,2020-04-01,280000.01,3683514.9315541,data_before_corruption (corruption at 2023-04-01)
stock_CUR3K@844b3eaf1ea2,ALSPW.PA,2020-10-01,96000.0,27159311.999999996,data_before_corruption (corruption at 2023-04-01)
stock_CUR3K@844b3eaf1ea2,ALSPW.PA,2021-04-01,127999.99999999999,18612599.04,data_before_corruption (corruption at 2023-04-01)
stock_CUR3K@844b3eaf1ea2,ALSPW.PA,2021-10-01,64000.0,11700166.368,data_before_corruption (corruption at 2023-04-01)
stock_CUR3K@844b3eaf1ea2,ALSPW.PA,2022-04-01,24000.0,5123615.28,data_before_corruption (corruption at 2023-04-01)
stock_CUR3K@844b3eaf1ea2,ALSPW.PA,2022-10-01,2100.0,447314.824677,data_before_corruption (corruption at 2023-04-01)
stock_CUR3K@844b3eaf1ea2,ALSPW.PA,2023-04-01,900.0,826006.5,data_before_corruption (corruption at 2023-04-01)
stock_CUR3K@844b3eaf1ea2,ARIS,2006-10-01,133.54433405560002,1738747.2294039123,data_before_corruption (corruption at 2017-04-01)
stock_CUR3K@844b3eaf1ea2,ARIS,2007-01-01,187.9730535456,2447409.157163712,data_before_corruption (corruption at 2017-04-01)
stock_CUR3K@844b3eaf1ea2,ARIS,2007-04-01,229.57534581540003,2278994.457909476,data_before_corruption (corruption at 2017-04-01)
stock_CUR3K@844b3eaf1ea2,ARIS,2007-07-01,263.529934452,2616061.6593050044,data_before_corruption (corruption at 2017-04-01)
stock_CUR3K@844b3eaf1ea2,ARIS,2007-10-01,218.62389972000003,2170279.4525204403,data_before_corruption (corruption at 2017-04-01)
stock_CUR3K@844b3eaf1ea2,ARIS,2008-01-01,205.5683404254,2040676.9154029458,data_before_corruption (corruption at 2017-04-01)
stock_CUR3K@844b3eaf1ea2,ARIS,2008-04-01,193.5950300344,1921817.8631514888,data_before_corruption (corruption at 2017-04-01)
stock_CUR3K@844b3eaf1ea2,ARIS,2008-07-01,190.5335453733,1891426.504920749,data_before_corruption (corruption at 2017-04-01)
stock_CUR3K@844b3eaf1ea2,ARIS,2008-10-01,70.983391995,704652.132334365,data_before_corruption (corruption at 2017-04-01)
stock_CUR3K@844b3eaf1ea2,ARIS,2009-01-01,85.49057173080001,848664.9055716518,data_before_corruption (corruption at 2017-04-01)
stock_CUR3K@844b3eaf1ea2,ARIS,2009-04-01,94.139527208,934523.086593816,data_before_corruption (corruption at 2017-04-01)
stock_CUR3K@844b3eaf1ea2,ARIS,2009-07-01,104.264476358,1035033.456805866,data_before_corruption (corruption at 2017-04-01)
stock_CUR3K@844b3eaf1ea2,ARIS,2009-10-01,119.1925969467,1183224.9098898908,data_before_corruption (corruption at 2017-04-01)
stock_CUR3K@844b3eaf1ea2,ARIS,2010-01-01,194.2040226192,1326996.0865569937,data_before_corruption (corruption at 2017-04-01)
stock_CUR3K@844b3eaf1ea2,ARIS,2010-04-01,217.3106558292,4672179.1003278,data_before_corruption (corruption at 2017-04-01)
stock_CUR3K@844b3eaf1ea2,ARIS,2010-07-01,212.69219093430004,4572882.105087451,data_before_corruption (corruption at 2017-04-01)
stock_CUR3K@844b3eaf1ea2,ARIS,2010-10-01,,,data_before_corruption (corruption at 2017-04-01)
stock_CUR3K@844b3eaf1ea2,ARIS,2011-01-01,,,data_before_corruption (corruption at 2017-04-01)
stock_CUR3K@844b3eaf1ea2,ARIS,2011-04-01,,,data_before_corruption (corruption at 2017-04-01)
stock_CUR3K@844b3eaf1ea2,ARIS,2011-07-01,,,data_before_corruption (corruption at 2017-04-01)
stock_CUR3K@844b3eaf1ea2,ARIS,2011-10-01,,,data_before_corruption (corruption at 2017-04-01)
stock_CUR3K@844b3eaf1ea2,ARIS,2012-01-01,,,data_before_corruption (corruption at 2017-04-01)
stock_CUR3K@844b3eaf1ea2,ARIS,2012-04-01,,,data_before_corruption (corruption at 2017-04-01)
stock_CUR3K@844b3eaf1ea2,ARIS,2012-07-01,,,data_before_corruption (corruption at 2017-04-01)
stock_CUR3K@844b3eaf1ea2,ARIS,2012-10-01,,,data_before_corruption (corruption at 2017-04-01)
stock_CUR3K@844b3eaf1ea2,ARIS,2013-01-01,,,data_before_corruption (corruption at 2017-04-01)
stock_CUR3K@844b3eaf1ea2,ARIS,2013-04-01,,,data_before_corruption (corruption at 2017-04-01)
stock_CUR3K@844b3eaf1ea2,ARIS,2013-07-01,,,data_before_corruption (corruption at 2017-04-01)
stock_CUR3K@844b3eaf1ea2,ARIS,2013-10-01,,,data_before_corruption (corruption at 2017-04-01)
stock_CUR3K@844b3eaf1ea2,ARIS,2014-01-01,,,data_before_corruption (corruption at 2017-04-01)
stock_CUR3K@844b3eaf1ea2,ARIS,2014-04-01,,,data_before_corruption (corruption at 2017-04-01)
stock_CUR3K@844b3eaf1ea2,ARIS,2014-07-01,,,data_before_corruption (corruption at 2017-04-01)
stock_CUR3K@844b3eaf1ea2,ARIS,2014-10-01,,,data_before_corruption (corruption at 2017-04-01)
stock_CUR3K@844b3eaf1ea2,ARIS,2015-01-01,,,data_before_corruption (corruption at 2017-04-01)
stock_CUR3K@844b3eaf1ea2,ARIS,2015-04-01,,,data_before_corruption (corruption at 2017-04-01)
stock_CUR3K@844b3eaf1ea2,ARIS,2015-07-01,,,data_before_corruption (corruption at 2017-04-01)
stock_CUR3K@844b3eaf1ea2,ARIS,2015-10-01,,,data_before_corruption (corruption at 2017-04-01)
stock_CUR3K@844b3eaf1ea2,ARIS,2016-01-01,,,data_before_corruption (corruption at 2017-04-01)
stock_CUR3K@844b3eaf1ea2,ARIS,2016-04-01,,,data_before_corruption (corruption at 2017-04-01)
stock_CUR3K@844b3eaf1ea2,ARIS,2016-07-01,,,data_before_corruption (corruption at 2017-04-01)
stock_CUR3K@844b3eaf1ea2,ARIS,2016-10-01,,,data_before_corruption (corruption at 2017-04-01)
stock_CUR3K@844b3eaf1ea2,ARIS,2017-01-01,,,data_before_corruption (corruption at 2017-04-01)
stock_CUR3K@844b3eaf1ea2,ARIS,2017-04-01,1.1098080000000001,22695573.6,data_before_corruption (corruption at 2017-04-01)
stock_CUR3K@844b3eaf1ea2,ARIS,2017-04-01,,,data_before_corruption (corruption at 2017-04-01)
stock_CUR3K@844b3eaf1ea2,ASTL.TO,2012-10-01,10.208313974242035,5104268176.076825,data_before_corruption (corruption at 2022-07-01)
stock_CUR3K@844b3eaf1ea2,ASTL.TO,2013-01-01,10.009549256041767,5004883652.031381,data_before_corruption (corruption at 2022-07-01)
stock_CUR3K@844b3eaf1ea2,ASTL.TO,2013-04-01,10.326966790880997,5163595876.762785,data_before_corruption (corruption at 2022-07-01)
stock_CUR3K@844b3eaf1ea2,ASTL.TO,2013-07-01,10.7287732,5364504584.31888,data_before_corruption (corruption at 2022-07-01)
stock_CUR3K@844b3eaf1ea2,ASTL.TO,2013-10-01,10.359508431954126,5257567715.976101,data_before_corruption (corruption at 2022-07-01)
stock_CUR3K@844b3eaf1ea2,ASTL.TO,2014-01-01,10.870539200000001,5598461026.033828,data_before_corruption (corruption at 2022-07-01)
stock_CUR3K@844b3eaf1ea2,ASTL.TO,2014-04-01,13.180354000000001,1477176246.3296301,data_before_corruption (corruption at 2022-07-01)
stock_CUR3K@844b3eaf1ea2,ASTL.TO,2014-07-01,12.929933100000003,1449110550.5930448,data_before_corruption (corruption at 2022-07-01)
stock_CUR3K@844b3eaf1ea2,ASTL.TO,2020-04-01,12.386076000000001,1388158258.3012202,data_before_corruption (corruption at 2022-07-01)
stock_CUR3K@844b3eaf1ea2,ASTL.TO,2021-01-01,12.159628799999998,1362779393.2959359,data_before_corruption (corruption at 2022-07-01)
stock_CUR3K@844b3eaf1ea2,ASTL.TO,2021-04-01,12.4199904,1391959183.988688,data_before_corruption (corruption at 2022-07-01)
stock_CUR3K@844b3eaf1ea2,ASTL.TO,2021-07-01,13.3347312,1494477931.308264,data_before_corruption (corruption at 2022-07-01)
stock_CUR3K@844b3eaf1ea2,ASTL.TO,2021-10-01,13.664596700000002,1459378927.5600002,data_before_corruption (corruption at 2022-07-01)
stock_CUR3K@844b3eaf1ea2,ASTL.TO,2022-01-01,14.065987499999999,2356295417.9404874,data_before_corruption (corruption at 2022-07-01)
stock_CUR3K@844b3eaf1ea2,ASTL.TO,2022-04-01,11.5594152,2041392724.32,data_before_corruption (corruption at 2022-07-01)
stock_CUR3K@844b3eaf1ea2,ASTL.TO,2022-07-01,0.0,0.0,data_before_corruption (corruption at 2022-07-01)
stock_CUR3K@844b3eaf1ea2,ATO.PA,2001-10-01,,0.0,data_before_corruption (corruption at 2024-10-01)
stock_CUR3K@844b3eaf1ea2,ATO.PA,2002-10-01,,0.0,data_before_corruption (corruption at 2024-10-01)
stock_CUR3K@844b3eaf1ea2,ATO.PA,2003-10-01,,0.0,data_before_corruption (corruption at 2024-10-01)
stock_CUR3K@844b3eaf1ea2,ATO.PA,2004-10-01,,0.0,data_before_corruption (corruption at 2024-10-01)
stock_CUR3K@844b3eaf1ea2,ATO.PA,2005-10-01,,0.0,data_before_corruption (corruption at 2024-10-01)
stock_CUR3K@844b3eaf1ea2,ATO.PA,2006-10-01,,0.0,data_before_corruption (corruption at 2024-10-01)
stock_CUR3K@844b3eaf1ea2,ATO.PA,2007-10-01,,0.0,data_before_corruption (corruption at 2024-10-01)
stock_CUR3K@844b3eaf1ea2,ATO.PA,2008-10-01,,0.0,data_before_corruption (corruption at 2024-10-01)
stock_CUR3K@844b3eaf1ea2,ATO.PA,2009-10-01,,0.0,data_before_corruption (corruption at 2024-10-01)
stock_CUR3K@844b3eaf1ea2,ATO.PA,2010-04-01,,0.0,data_before_corruption (corruption at 2024-10-01)
stock_CUR3K@844b3eaf1ea2,ATO.PA,2010-10-01,,0.0,data_before_corruption (corruption at 2024-10-01)
stock_CUR3K@844b3eaf1ea2,ATO.PA,2011-04-01,,0.0,data_before_corruption (corruption at 2024-10-01)
stock_CUR3K@844b3eaf1ea2,ATO.PA,2011-10-01,,0.0,data_before_corruption (corruption at 2024-10-01)
stock_CUR3K@844b3eaf1ea2,ATO.PA,2012-04-01,,0.0,data_before_corruption (corruption at 2024-10-01)
stock_CUR3K@844b3eaf1ea2,ATO.PA,2012-10-01,,0.0,data_before_corruption (corruption at 2024-10-01)
stock_CUR3K@844b3eaf1ea2,ATO.PA,2013-04-01,3176.33,3675013810.0,data_before_corruption (corruption at 2024-10-01)
stock_CUR3K@844b3eaf1ea2,ATO.PA,2013-10-01,3628.59,4198278630.0,data_before_corruption (corruption at 2024-10-01)
stock_CUR3K@844b3eaf1ea2,ATO.PA,2014-04-01,3355.58,4226353010.0,data_before_corruption (corruption at 2024-10-01)
stock_CUR3K@844b3eaf1ea2,ATO.PA,2014-10-01,3656.72,4934743640.0,data_before_corruption (corruption at 2024-10-01)
stock_CUR3K@844b3eaf1ea2,ATO.PA,2015-04-01,3694.23,4985363385.0,data_before_corruption (corruption at 2024-10-01)
stock_CUR3K@844b3eaf1ea2,ATO.PA,2015-10-01,4271.69,5892796354.999999,data_before_corruption (corruption at 2024-10-01)
stock_CUR3K@844b3eaf1ea2,ATO.PA,2016-04-01,4110.64,5742564080.0,data_before_corruption (corruption at 2024-10-01)
stock_CUR3K@844b3eaf1ea2,ATO.PA,2016-10-01,5529.2,7724292400.0,data_before_corruption (corruption at 2024-10-01)
stock_CUR3K@844b3eaf1ea2,ATO.PA,2017-04-01,6778.45,9571171400.0,data_before_corruption (corruption at 2024-10-01)
stock_CUR3K@844b3eaf1ea2,ATO.PA,2017-10-01,6692.96,9470538400.0,data_before_corruption (corruption at 2024-10-01)
stock_CUR3K@844b3eaf1ea2,ATO.PA,2018-04-01,6450.28,9146497040.0,data_before_corruption (corruption at 2024-10-01)
stock_CUR3K@844b3eaf1ea2,ATO.PA,2018-10-01,3942.42,5669199960.0,data_before_corruption (corruption at 2024-10-01)
stock_CUR3K@844b3eaf1ea2,ATO.PA,2019-04-01,5576.5,8030160000.0,data_before_corruption (corruption at 2024-10-01)
stock_CUR3K@844b3eaf1ea2,ATO.PA,2019-10-01,5521.52,8072462240.000001,data_before_corruption (corruption at 2024-10-01)
stock_CUR3K@844b3eaf1ea2,ATO.PA,2020-04-01,5638.9,8255349599.999999,data_before_corruption (corruption at 2024-10-01)
stock_CUR3K@844b3eaf1ea2,ATO.PA,2020-10-01,5555.69,8177975679.999999,data_before_corruption (corruption at 2024-10-01)
stock_CUR3K@844b3eaf1ea2,ATO.PA,2021-04-01,3811.27,5621623250.0,data_before_corruption (corruption at 2024-10-01)
stock_CUR3K@844b3eaf1ea2,ATO.PA,2021-10-01,2777.85,4097328750.0,data_before_corruption (corruption at 2024-10-01)
stock_CUR3K@844b3eaf1ea2,ATO.PA,2022-04-01,949.85,1414326650.0,data_before_corruption (corruption at 2024-10-01)
stock_CUR3K@844b3eaf1ea2,ATO.PA,2022-10-01,669.54,997614600.0,data_before_corruption (corruption at 2024-10-01)
stock_CUR3K@844b3eaf1ea2,ATO.PA,2023-04-01,971.76,1445978880.0,data_before_corruption (corruption at 2024-10-01)
stock_CUR3K@844b3eaf1ea2,ATO.PA,2023-10-01,523.77,781988610.0,data_before_corruption (corruption at 2024-10-01)
stock_CUR3K@844b3eaf1ea2,ATO.PA,2024-04-01,73.0,109135000.0,data_before_corruption (corruption at 2024-10-01)
stock_CUR3K@844b3eaf1ea2,ATO.PA,2024-10-01,26.0,41147340.0,data_before_corruption (corruption at 2024-10-01)
stock_CUR3K@844b3eaf1ea2,AUMN.TO,2006-04-01,,,data_before_corruption (corruption at 2009-01-01)
stock_CUR3K@844b3eaf1ea2,AUMN.TO,2006-07-01,22.5,52582500.0,data_before_corruption (corruption at 2009-01-01)
stock_CUR3K@844b3eaf1ea2,AUMN.TO,2006-10-01,22.115713065755763,51795000.0,data_before_corruption (corruption at 2009-01-01)
stock_CUR3K@844b3eaf1ea2,AUMN.TO,2007-01-01,22.5,52740000.0,data_before_corruption (corruption at 2009-01-01)
stock_CUR3K@844b3eaf1ea2,AUMN.TO,2007-04-01,22.5,52785000.0,data_before_corruption (corruption at 2009-01-01)
stock_CUR3K@844b3eaf1ea2,AUMN.TO,2007-07-01,22.5,52785000.0,data_before_corruption (corruption at 2009-01-01)
stock_CUR3K@844b3eaf1ea2,AUMN.TO,2007-10-01,562.1564885496183,1325565000.0,data_before_corruption (corruption at 2009-01-01)
stock_CUR3K@844b3eaf1ea2,AUMN.TO,2008-01-01,562395.6236741621,1325566485000.0,data_before_corruption (corruption at 2009-01-01)
stock_CUR3K@844b3eaf1ea2,AUMN.TO,2008-04-01,22.5,53032500.0,data_before_corruption (corruption at 2009-01-01)
stock_CUR3K@844b3eaf1ea2,AUMN.TO,2008-07-01,22.5,53032500.0,data_before_corruption (corruption at 2009-01-01)
stock_CUR3K@844b3eaf1ea2,AUMN.TO,2008-10-01,562.74798643493,1327522500.0,data_before_corruption (corruption at 2009-01-01)
stock_CUR3K@844b3eaf1ea2,AUMN.TO,2009-01-01,561680.7139830509,1325566485000.0,data_before_corruption (corruption at 2009-01-01)
stock_CUR3K@844b3eaf1ea2,AXS.AS,2003-01-01,7.123429485959999,188621289.35873482,data_before_corruption (corruption at 2012-07-01)
stock_CUR3K@844b3eaf1ea2,AXS.AS,2004-01-01,7.36884451727,195119633.97279233,data_before_corruption (corruption at 2012-07-01)
stock_CUR3K@844b3eaf1ea2,AXS.AS,2004-07-01,6.789158864025786,179770137.56053877,data_before_corruption (corruption at 2012-07-01)
stock_CUR3K@844b3eaf1ea2,AXS.AS,2005-01-01,6.793352579178581,179881182.94406965,data_before_corruption (corruption at 2012-07-01)
stock_CUR3K@844b3eaf1ea2,AXS.AS,2005-07-01,7.198185166840001,170568195.71344066,data_before_corruption (corruption at 2012-07-01)
stock_CUR3K@844b3eaf1ea2,AXS.AS,2006-01-01,8.42385637422,199611700.6435171,data_before_corruption (corruption at 2012-07-01)
stock_CUR3K@844b3eaf1ea2,AXS.AS,2006-07-01,10.34506720863,283372080.97879297,data_before_corruption (corruption at 2012-07-01)
stock_CUR3K@844b3eaf1ea2,AXS.AS,2007-01-01,19.986826558704,547479153.09602,data_before_corruption (corruption at 2012-07-01)
stock_CUR3K@844b3eaf1ea2,AXS.AS,2007-07-01,27.805884109100997,851165918.4636906,data_before_corruption (corruption at 2012-07-01)
stock_CUR3K@844b3eaf1ea2,AXS.AS,2008-01-01,14.525755210425002,444647892.7463197,data_before_corruption (corruption at 2012-07-01)
stock_CUR3K@844b3eaf1ea2,AXS.AS,2008-07-01,13.865701083647998,436672524.2273264,data_before_corruption (corruption at 2012-07-01)
stock_CUR3K@844b3eaf1ea2,AXS.AS,2009-01-01,3.563581704606,112227878.62315676,data_before_corruption (corruption at 2012-07-01)
stock_CUR3K@844b3eaf1ea2,AXS.AS,2009-07-01,3.598539445494,118265998.87616031,data_before_corruption (corruption at 2012-07-01)
stock_CUR3K@844b3eaf1ea2,AXS.AS,2010-01-01,2.562218020335,84207295.23830977,data_before_corruption (corruption at 2012-07-01)
stock_CUR3K@844b3eaf1ea2,AXS.AS,2010-07-01,1.6232532709063,72900304.39640193,data_before_corruption (corruption at 2012-07-01)
stock_CUR3K@844b3eaf1ea2,AXS.AS,2011-01-01,0.9431353427146,42356208.24131268,data_before_corruption (corruption at 2012-07-01)
stock_CUR3K@844b3eaf1ea2,AXS.AS,2011-07-01,0.5171063892392,42284306.55447863,data_before_corruption (corruption at 2012-07-01)
stock_CUR3K@844b3eaf1ea2,AXS.AS,2012-01-01,1.1110525579314001,90851878.71460852,data_before_corruption (corruption at 2012-07-01)
stock_CUR3K@844b3eaf1ea2,AXS.AS,2012-07-01,0.0,0.0,data_before_corruption (corruption at 2012-07-01)
stock_CUR3K@844b3eaf1ea2,BCT.TO,2016-01-01,9365.7,2645379427.8,data_before_corruption (corruption at 2019-04-01)
stock_CUR3K@844b3eaf1ea2,BCT.TO,2016-04-01,9000.0,2555568000.0,data_before_corruption (corruption at 2019-04-01)
stock_CUR3K@844b3eaf1ea2,BCT.TO,2016-07-01,10350.0,2985685200.0,data_before_corruption (corruption at 2019-04-01)
stock_CUR3K@844b3eaf1ea2,BCT.TO,2016-10-01,8775.0,179790975.0,data_before_corruption (corruption at 2019-04-01)
stock_CUR3K@844b3eaf1ea2,BCT.TO,2017-01-01,8100.0,17998200.0,data_before_corruption (corruption at 2019-04-01)
stock_CUR3K@844b3eaf1ea2,BCT.TO,2017-04-01,8775.0,20033325.0,data_before_corruption (corruption at 2019-04-01)
stock_CUR3K@844b3eaf1ea2,BCT.TO,2017-07-01,7200.0,16941600.0,data_before_corruption (corruption at 2019-04-01)
stock_CUR3K@844b3eaf1ea2,BCT.TO,2017-10-01,6300.0,15548400.0,data_before_corruption (corruption at 2019-04-01)
stock_CUR3K@844b3eaf1ea2,BCT.TO,2018-01-01,6300.0,15712200.0,data_before_corruption (corruption at 2019-04-01)
stock_CUR3K@844b3eaf1ea2,BCT.TO,2018-04-01,4950.0,13840200.0,data_before_corruption (corruption at 2019-04-01)
stock_CUR3K@844b3eaf1ea2,BCT.TO,2018-07-01,6075.0,21450825.0,data_before_corruption (corruption at 2019-04-01)
stock_CUR3K@844b3eaf1ea2,BCT.TO,2018-10-01,4950.0,17636850.0,data_before_corruption (corruption at 2019-04-01)
stock_CUR3K@844b3eaf1ea2,BCT.TO,2019-01-01,3790.9,13738221.6,data_before_corruption (corruption at 2019-04-01)
stock_CUR3K@844b3eaf1ea2,BCT.TO,2019-04-01,3600.0,46932.408,data_before_corruption (corruption at 2019-04-01)
stock_CUR3K@844b3eaf1ea2,BCTX,2006-10-01,,,data_before_corruption (corruption at 2019-07-01)
stock_CUR3K@844b3eaf1ea2,BCTX,2007-01-01,,,data_before_corruption (corruption at 2019-07-01)
stock_CUR3K@844b3eaf1ea2,BCTX,2007-04-01,,,data_before_corruption (corruption at 2019-07-01)
stock_CUR3K@844b3eaf1ea2,BCTX,2007-07-01,,,data_before_corruption (corruption at 2019-07-01)
stock_CUR3K@844b3eaf1ea2,BCTX,2007-10-01,,,data_before_corruption (corruption at 2019-07-01)
stock_CUR3K@844b3eaf1ea2,BCTX,2008-01-01,,,data_before_corruption (corruption at 2019-07-01)
stock_CUR3K@844b3eaf1ea2,BCTX,2008-04-01,,,data_before_corruption (corruption at 2019-07-01)
stock_CUR3K@844b3eaf1ea2,BCTX,2008-07-01,,,data_before_corruption (corruption at 2019-07-01)
stock_CUR3K@844b3eaf1ea2,BCTX,2008-10-01,,,data_before_corruption (corruption at 2019-07-01)
stock_CUR3K@844b3eaf1ea2,BCTX,2009-01-01,,,data_before_corruption (corruption at 2019-07-01)
stock_CUR3K@844b3eaf1ea2,BCTX,2009-04-01,,,data_before_corruption (corruption at 2019-07-01)
stock_CUR3K@844b3eaf1ea2,BCTX,2009-07-01,,,data_before_corruption (corruption at 2019-07-01)
stock_CUR3K@844b3eaf1ea2,BCTX,2009-10-01,,,data_before_corruption (corruption at 2019-07-01)
stock_CUR3K@844b3eaf1ea2,BCTX,2010-01-01,,,data_before_corruption (corruption at 2019-07-01)
stock_CUR3K@844b3eaf1ea2,BCTX,2010-04-01,,,data_before_corruption (corruption at 2019-07-01)
stock_CUR3K@844b3eaf1ea2,BCTX,2010-07-01,,,data_before_corruption (corruption at 2019-07-01)
stock_CUR3K@844b3eaf1ea2,BCTX,2010-10-01,,,data_before_corruption (corruption at 2019-07-01)
stock_CUR3K@844b3eaf1ea2,BCTX,2011-01-01,,,data_before_corruption (corruption at 2019-07-01)
stock_CUR3K@844b3eaf1ea2,BCTX,2011-04-01,,,data_before_corruption (corruption at 2019-07-01)
stock_CUR3K@844b3eaf1ea2,BCTX,2011-07-01,,,data_before_corruption (corruption at 2019-07-01)
stock_CUR3K@844b3eaf1ea2,BCTX,2011-10-01,,,data_before_corruption (corruption at 2019-07-01)
stock_CUR3K@844b3eaf1ea2,BCTX,2012-01-01,,,data_before_corruption (corruption at 2019-07-01)
stock_CUR3K@844b3eaf1ea2,BCTX,2012-04-01,,,data_before_corruption (corruption at 2019-07-01)
stock_CUR3K@844b3eaf1ea2,BCTX,2012-07-01,,,data_before_corruption (corruption at 2019-07-01)
stock_CUR3K@844b3eaf1ea2,BCTX,2012-10-01,,,data_before_corruption (corruption at 2019-07-01)
stock_CUR3K@844b3eaf1ea2,BCTX,2013-01-01,,,data_before_corruption (corruption at 2019-07-01)
stock_CUR3K@844b3eaf1ea2,BCTX,2013-04-01,,,data_before_corruption (corruption at 2019-07-01)
stock_CUR3K@844b3eaf1ea2,BCTX,2013-07-01,,,data_before_corruption (corruption at 2019-07-01)
stock_CUR3K@844b3eaf1ea2,BCTX,2013-10-01,,,data_before_corruption (corruption at 2019-07-01)
stock_CUR3K@844b3eaf1ea2,BCTX,2014-01-01,,,data_before_corruption (corruption at 2019-07-01)
stock_CUR3K@844b3eaf1ea2,BCTX,2014-04-01,,,data_before_corruption (corruption at 2019-07-01)
stock_CUR3K@844b3eaf1ea2,BCTX,2014-07-01,,,data_before_corruption (corruption at 2019-07-01)
stock_CUR3K@844b3eaf1ea2,BCTX,2014-10-01,,,data_before_corruption (corruption at 2019-07-01)
stock_CUR3K@844b3eaf1ea2,BCTX,2015-01-01,,,data_before_corruption (corruption at 2019-07-01)
stock_CUR3K@844b3eaf1ea2,BCTX,2015-04-01,,,data_before_corruption (corruption at 2019-07-01)
stock_CUR3K@844b3eaf1ea2,BCTX,2015-07-01,,,data_before_corruption (corruption at 2019-07-01)
stock_CUR3K@844b3eaf1ea2,BCTX,2015-10-01,,,data_before_corruption (corruption at 2019-07-01)
stock_CUR3K@844b3eaf1ea2,BCTX,2016-01-01,9365.7,2645379427.8,data_before_corruption (corruption at 2019-07-01)
stock_CUR3K@844b3eaf1ea2,BCTX,2016-04-01,9000.0,2555568000.0,data_before_corruption (corruption at 2019-07-01)
stock_CUR3K@844b3eaf1ea2,BCTX,2016-07-01,10350.0,2985685200.0,data_before_corruption (corruption at 2019-07-01)
stock_CUR3K@844b3eaf1ea2,BCTX,2016-10-01,8775.0,179790975.0,data_before_corruption (corruption at 2019-07-01)
stock_CUR3K@844b3eaf1ea2,BCTX,2017-01-01,809.708475796293,17998200.0,data_before_corruption (corruption at 2019-07-01)
stock_CUR3K@844b3eaf1ea2,BCTX,2017-04-01,877.4615654154439,20033325.0,data_before_corruption (corruption at 2019-07-01)
stock_CUR3K@844b3eaf1ea2,BCTX,2017-07-01,719.8776238633467,16941600.0,data_before_corruption (corruption at 2019-07-01)
stock_CUR3K@844b3eaf1ea2,BCTX,2017-10-01,629.8468767722596,15548400.0,data_before_corruption (corruption at 2019-07-01)
stock_CUR3K@844b3eaf1ea2,BCTX,2018-01-01,630.0,15712200.0,data_before_corruption (corruption at 2019-07-01)
stock_CUR3K@844b3eaf1ea2,BCTX,2018-04-01,494.946894110074,13840200.0,data_before_corruption (corruption at 2019-07-01)
stock_CUR3K@844b3eaf1ea2,BCTX,2018-07-01,607.5,21450825.0,data_before_corruption (corruption at 2019-07-01)
stock_CUR3K@844b3eaf1ea2,BCTX,2018-10-01,494.9166573128297,17636850.0,data_before_corruption (corruption at 2019-07-01)
stock_CUR3K@844b3eaf1ea2,BCTX,2019-01-01,379.04816245447523,13738221.6,data_before_corruption (corruption at 2019-07-01)
stock_CUR3K@844b3eaf1ea2,BCTX,2019-04-01,1.0754693737253376,46932.408,data_before_corruption (corruption at 2019-07-01)
stock_CUR3K@844b3eaf1ea2,BCTX,2019-07-01,292.439675519604,12761775.0,data_before_corruption (corruption at 2019-07-01)
stock_CUR3K@844b3eaf1ea2,BGEO.L,2011-10-01,6.6511000000000005,315352508.4957,data_before_corruption (corruption at 2025-10-01)
stock_CUR3K@844b3eaf1ea2,BGEO.L,2012-07-01,8.0,379308696.0,data_before_corruption (corruption at 2025-10-01)
stock_CUR3K@844b3eaf1ea2,BGEO.L,2012-10-01,6.4475999999999996,305703843.5412,data_before_corruption (corruption at 2025-10-01)
stock_CUR3K@844b3eaf1ea2,BGEO.L,2013-01-01,9.809099999999999,465084616.24169993,data_before_corruption (corruption at 2025-10-01)
stock_CUR3K@844b3eaf1ea2,BGEO.L,2013-04-01,10.7669,510497349.8703,data_before_corruption (corruption at 2025-10-01)
stock_CUR3K@844b3eaf1ea2,BGEO.L,2013-07-01,12.094000000000001,573419921.1780001,data_before_corruption (corruption at 2025-10-01)
stock_CUR3K@844b3eaf1ea2,BGEO.L,2013-10-01,14.9923,712033006.9981,data_before_corruption (corruption at 2025-10-01)
stock_CUR3K@844b3eaf1ea2,BGEO.L,2014-01-01,15.605699999999997,739922214.6458999,data_before_corruption (corruption at 2025-10-01)
stock_CUR3K@844b3eaf1ea2,BGEO.L,2014-04-01,14.7106,697482312.9222,data_before_corruption (corruption at 2025-10-01)
stock_CUR3K@844b3eaf1ea2,BGEO.L,2014-07-01,15.386600000000003,729533897.7342001,data_before_corruption (corruption at 2025-10-01)
stock_CUR3K@844b3eaf1ea2,BGEO.L,2014-10-01,12.9954,617193742.0638,data_before_corruption (corruption at 2025-10-01)
stock_CUR3K@844b3eaf1ea2,BGEO.L,2015-01-01,10.8608,514949485.6896,data_before_corruption (corruption at 2025-10-01)
stock_CUR3K@844b3eaf1ea2,BGEO.L,2015-04-01,12.2066,578758691.0742,data_before_corruption (corruption at 2025-10-01)
stock_CUR3K@844b3eaf1ea2,BGEO.L,2015-07-01,11.2927,535427413.9149,data_before_corruption (corruption at 2025-10-01)
stock_CUR3K@844b3eaf1ea2,BGEO.L,2015-10-01,11.918699999999998,566057763.0188999,data_before_corruption (corruption at 2025-10-01)
stock_CUR3K@844b3eaf1ea2,BGEO.L,2016-01-01,12.6949,601910745.6063,data_before_corruption (corruption at 2025-10-01)
stock_CUR3K@844b3eaf1ea2,BGEO.L,2016-04-01,16.4132,778208686.1484,data_before_corruption (corruption at 2025-10-01)
stock_CUR3K@844b3eaf1ea2,BGEO.L,2016-07-01,18.1785,861907891.2795,data_before_corruption (corruption at 2025-10-01)
stock_CUR3K@844b3eaf1ea2,BGEO.L,2016-10-01,18.6793,887140608.6871,data_before_corruption (corruption at 2025-10-01)
stock_CUR3K@844b3eaf1ea2,BGEO.L,2017-01-01,20.1691,956289377.5617,data_before_corruption (corruption at 2025-10-01)
stock_CUR3K@844b3eaf1ea2,BGEO.L,2017-04-01,21.871799999999997,1037020492.1465999,data_before_corruption (corruption at 2025-10-01)
stock_CUR3K@844b3eaf1ea2,BGEO.L,2017-07-01,20.407,967569069.909,data_before_corruption (corruption at 2025-10-01)
stock_CUR3K@844b3eaf1ea2,BGEO.L,2017-10-01,22.1723,1053034520.4581,data_before_corruption (corruption at 2025-10-01)
stock_CUR3K@844b3eaf1ea2,BGEO.L,2018-01-01,22.2599,1055421705.2613,data_before_corruption (corruption at 2025-10-01)
stock_CUR3K@844b3eaf1ea2,BGEO.L,2018-04-01,18.85,895247705.95,data_before_corruption (corruption at 2025-10-01)
stock_CUR3K@844b3eaf1ea2,BGEO.L,2018-07-01,17.372,828547047.312,data_before_corruption (corruption at 2025-10-01)
stock_CUR3K@844b3eaf1ea2,BGEO.L,2018-10-01,13.77,655452000.0,data_before_corruption (corruption at 2025-10-01)
stock_CUR3K@844b3eaf1ea2,BGEO.L,2019-01-01,16.67,798209926.7300001,data_before_corruption (corruption at 2025-10-01)
stock_CUR3K@844b3eaf1ea2,BGEO.L,2019-04-01,14.81,703374988.07,data_before_corruption (corruption at 2025-10-01)
stock_CUR3K@844b3eaf1ea2,BGEO.L,2019-07-01,13.359999999999998,635607931.8399999,data_before_corruption (corruption at 2025-10-01)
stock_CUR3K@844b3eaf1ea2,BGEO.L,2019-10-01,16.25,770470788.75,data_before_corruption (corruption at 2025-10-01)
stock_CUR3K@844b3eaf1ea2,BGEO.L,2020-01-01,9.15,435675712.8,data_before_corruption (corruption at 2025-10-01)
stock_CUR3K@844b3eaf1ea2,BGEO.L,2020-04-01,10.7,507325380.9,data_before_corruption (corruption at 2025-10-01)
stock_CUR3K@844b3eaf1ea2,BGEO.L,2020-07-01,8.93,424114695.71,data_before_corruption (corruption at 2025-10-01)
stock_CUR3K@844b3eaf1ea2,BGEO.L,2020-10-01,12.2,578445761.4,data_before_corruption (corruption at 2025-10-01)
stock_CUR3K@844b3eaf1ea2,BGEO.L,2021-01-01,11.0,529434994.0,data_before_corruption (corruption at 2025-10-01)
stock_CUR3K@844b3eaf1ea2,BGEO.L,2021-04-01,13.440000000000001,642435198.72,data_before_corruption (corruption at 2025-10-01)
stock_CUR3K@844b3eaf1ea2,BGEO.L,2021-07-01,15.540000000000001,736807141.98,data_before_corruption (corruption at 2025-10-01)
stock_CUR3K@844b3eaf1ea2,BGEO.L,2021-10-01,16.68,790858631.16,data_before_corruption (corruption at 2025-10-01)
stock_CUR3K@844b3eaf1ea2,BGEO.L,2022-01-01,11.88,563273413.5600001,data_before_corruption (corruption at 2025-10-01)
stock_CUR3K@844b3eaf1ea2,BGEO.L,2022-04-01,13.06,619221446.22,data_before_corruption (corruption at 2025-10-01)
stock_CUR3K@844b3eaf1ea2,BGEO.L,2022-07-01,19.88,942582109.56,data_before_corruption (corruption at 2025-10-01)
stock_CUR3K@844b3eaf1ea2,BGEO.L,2022-10-01,26.050000000000004,1235123941.3500001,data_before_corruption (corruption at 2025-10-01)
stock_CUR3K@844b3eaf1ea2,BGEO.L,2023-01-01,27.5,1303873642.5,data_before_corruption (corruption at 2025-10-01)
stock_CUR3K@844b3eaf1ea2,BGEO.L,2023-04-01,29.25,1386847419.75,data_before_corruption (corruption at 2025-10-01)
stock_CUR3K@844b3eaf1ea2,BGEO.L,2023-07-01,36.9,1749561360.3,data_before_corruption (corruption at 2025-10-01)
stock_CUR3K@844b3eaf1ea2,BGEO.L,2023-10-01,40.05,1898914159.35,data_before_corruption (corruption at 2025-10-01)
stock_CUR3K@844b3eaf1ea2,BGEO.L,2024-01-01,50.0,2201944350.0,data_before_corruption (corruption at 2025-10-01)
stock_CUR3K@844b3eaf1ea2,BGEO.L,2024-04-01,41.0,1830388174.0,data_before_corruption (corruption at 2025-10-01)
stock_CUR3K@844b3eaf1ea2,BGEO.L,2024-07-01,36.75,1622475713.25,data_before_corruption (corruption at 2025-10-01)
stock_CUR3K@844b3eaf1ea2,BGEO.L,2024-10-01,47.1,2068520655.6000001,data_before_corruption (corruption at 2025-10-01)
stock_CUR3K@844b3eaf1ea2,BGEO.L,2025-01-01,54.6,2363079700.8,data_before_corruption (corruption at 2025-10-01)
stock_CUR3K@844b3eaf1ea2,BGEO.L,2025-04-01,70.8,3064213238.4,data_before_corruption (corruption at 2025-10-01)
stock_CUR3K@844b3eaf1ea2,BGEO.L,2025-07-01,76.5,3283175974.5,data_before_corruption (corruption at 2025-10-01)
stock_CUR3K@844b3eaf1ea2,BGEO.L,2025-10-01,93.0,3962637.0,data_before_corruption (corruption at 2025-10-01)
stock_CUR3K@844b3eaf1ea2,BGMS,2014-10-01,,0.0,data_before_corruption (corruption at 2020-01-01)
stock_CUR3K@844b3eaf1ea2,BGMS,2015-01-01,,0.0,data_before_corruption (corruption at 2020-01-01)
stock_CUR3K@844b3eaf1ea2,BGMS,2015-04-01,,0.0,data_before_corruption (corruption at 2020-01-01)
stock_CUR3K@844b3eaf1ea2,BGMS,2015-07-01,,0.0,data_before_corruption (corruption at 2020-01-01)
stock_CUR3K@844b3eaf1ea2,BGMS,2015-10-01,,0.0,data_before_corruption (corruption at 2020-01-01)
stock_CUR3K@844b3eaf1ea2,BGMS,2016-01-01,,0.0,data_before_corruption (corruption at 2020-01-01)
stock_CUR3K@844b3eaf1ea2,BGMS,2016-04-01,,0.0,data_before_corruption (corruption at 2020-01-01)
stock_CUR3K@844b3eaf1ea2,BGMS,2016-07-01,,0.0,data_before_corruption (corruption at 2020-01-01)
stock_CUR3K@844b3eaf1ea2,BGMS,2016-10-01,,0.0,data_before_corruption (corruption at 2020-01-01)
stock_CUR3K@844b3eaf1ea2,BGMS,2017-01-01,,0.0,data_before_corruption (corruption at 2020-01-01)
stock_CUR3K@844b3eaf1ea2,BGMS,2017-04-01,,0.0,data_before_corruption (corruption at 2020-01-01)
stock_CUR3K@844b3eaf1ea2,BGMS,2017-07-01,,0.0,data_before_corruption (corruption at 2020-01-01)
stock_CUR3K@844b3eaf1ea2,BGMS,2017-10-01,6.02,1003.1198677473398,data_before_corruption (corruption at 2020-01-01)
stock_CUR3K@844b3eaf1ea2,BGMS,2018-01-01,6.02,1003.1198842,data_before_corruption (corruption at 2020-01-01)
stock_CUR3K@844b3eaf1ea2,BGMS,2018-04-01,6.02,1003.1198842,data_before_corruption (corruption at 2020-01-01)
stock_CUR3K@844b3eaf1ea2,BGMS,2018-07-01,6.02,1003.1198842,data_before_corruption (corruption at 2020-01-01)
stock_CUR3K@844b3eaf1ea2,BGMS,2018-10-01,6.02,1017.1045686557,data_before_corruption (corruption at 2020-01-01)
stock_CUR3K@844b3eaf1ea2,BGMS,2019-01-01,6.02,1140.3109886,data_before_corruption (corruption at 2020-01-01)
stock_CUR3K@844b3eaf1ea2,BGMS,2019-04-01,6.02,1438.1089505999998,data_before_corruption (corruption at 2020-01-01)
stock_CUR3K@844b3eaf1ea2,BGMS,2019-07-01,6.02,1438.1089505999998,data_before_corruption (corruption at 2020-01-01)
stock_CUR3K@844b3eaf1ea2,BGMS,2019-10-01,6.02,1438.10892801898,data_before_corruption (corruption at 2020-01-01)
stock_CUR3K@844b3eaf1ea2,BGMS,2020-01-01,6.02,1438.1077466,data_before_corruption (corruption at 2020-01-01)
stock_CUR3K@844b3eaf1ea2,BGO.L,2003-01-01,2.453980122797809,51334662.949999996,data_before_corruption (corruption at 2012-01-01)
stock_CUR3K@844b3eaf1ea2,BGO.L,2004-01-01,2.05,51334662.949999996,data_before_corruption (corruption at 2012-01-01)
stock_CUR3K@844b3eaf1ea2,BGO.L,2005-01-01,0.47,12570958.87,data_before_corruption (corruption at 2012-01-01)
stock_CUR3K@844b3eaf1ea2,BGO.L,2005-01-01,0.5126900996629608,12838426.08,data_before_corruption (corruption at 2012-01-01)
stock_CUR3K@844b3eaf1ea2,BGO.L,2006-01-01,0.32,8610034.56,data_before_corruption (corruption at 2012-01-01)
stock_CUR3K@844b3eaf1ea2,BGO.L,2006-01-01,0.32190991037742533,8610034.56,data_before_corruption (corruption at 2012-01-01)
stock_CUR3K@844b3eaf1ea2,BGO.L,2007-01-01,0.41836640265471825,11256716.205,data_before_corruption (corruption at 2012-01-01)
stock_CUR3K@844b3eaf1ea2,BGO.L,2008-01-01,0.6500553115792085,18067872.0,data_before_corruption (corruption at 2012-01-01)
stock_CUR3K@844b3eaf1ea2,BGO.L,2008-01-01,0.455,12646434.255,data_before_corruption (corruption at 2012-01-01)
stock_CUR3K@844b3eaf1ea2,BGO.L,2009-01-01,0.885,26650111.2,data_before_corruption (corruption at 2012-01-01)
stock_CUR3K@844b3eaf1ea2,BGO.L,2010-01-01,1.044244462878639,31445458.82,data_before_corruption (corruption at 2012-01-01)
stock_CUR3K@844b3eaf1ea2,BGO.L,2011-01-01,1.045,38209888.915,data_before_corruption (corruption at 2012-01-01)
stock_CUR3K@844b3eaf1ea2,BGO.L,2012-01-01,1.425,54607531.875,data_before_corruption (corruption at 2012-01-01)
stock_CUR3K@844b3eaf1ea2,BGO.L,2012-01-01,0.0,0.0,data_before_corruption (corruption at 2012-01-01)
stock_CUR3K@844b3eaf1ea2,BVI.PA,2005-04-01,0.005,59005.0,data_before_corruption (corruption at 2005-10-01)
stock_CUR3K@844b3eaf1ea2,BVI.PA,2005-10-01,9.5,112109500.0,data_before_corruption (corruption at 2005-10-01)
stock_CUR3K@844b3eaf1ea2,CHAI,2006-07-01,,0.0,data_before_corruption (corruption at 2023-04-01)
stock_CUR3K@844b3eaf1ea2,CHAI,2006-10-01,,0.0,data_before_corruption (corruption at 2023-04-01)
stock_CUR3K@844b3eaf1ea2,CHAI,2007-01-01,,0.0,data_before_corruption (corruption at 2023-04-01)
stock_CUR3K@844b3eaf1ea2,CHAI,2007-04-01,,0.0,data_before_corruption (corruption at 2023-04-01)
stock_CUR3K@844b3eaf1ea2,CHAI,2007-07-01,,0.0,data_before_corruption (corruption at 2023-04-01)
stock_CUR3K@844b3eaf1ea2,CHAI,2007-10-01,,0.0,data_before_corruption (corruption at 2023-04-01)
stock_CUR3K@844b3eaf1ea2,CHAI,2008-01-01,,0.0,data_before_corruption (corruption at 2023-04-01)
stock_CUR3K@844b3eaf1ea2,CHAI,2008-04-01,,0.0,data_before_corruption (corruption at 2023-04-01)
stock_CUR3K@844b3eaf1ea2,CHAI,2008-07-01,,0.0,data_before_corruption (corruption at 2023-04-01)
stock_CUR3K@844b3eaf1ea2,CHAI,2008-10-01,,0.0,data_before_corruption (corruption at 2023-04-01)
stock_CUR3K@844b3eaf1ea2,CHAI,2009-01-01,,0.0,data_before_corruption (corruption at 2023-04-01)
stock_CUR3K@844b3eaf1ea2,CHAI,2009-04-01,108344472.77334,27302807138.88168,data_before_corruption (corruption at 2023-04-01)
stock_CUR3K@844b3eaf1ea2,CHAI,2009-07-01,99690865.16374,26517770133.55484,data_before_corruption (corruption at 2023-04-01)
stock_CUR3K@844b3eaf1ea2,CHAI,2009-10-01,,0.0,data_before_corruption (corruption at 2023-04-01)
stock_CUR3K@844b3eaf1ea2,CHAI,2010-01-01,94688930.76526001,25187255583.559162,data_before_corruption (corruption at 2023-04-01)
stock_CUR3K@844b3eaf1ea2,CHAI,2010-04-01,99187314.72094,26383825715.77004,data_before_corruption (corruption at 2023-04-01)
stock_CUR3K@844b3eaf1ea2,CHAI,2010-07-01,95966456.88866001,30997165575.037186,data_before_corruption (corruption at 2023-04-01)
stock_CUR3K@844b3eaf1ea2,CHAI,2010-10-01,,0.0,data_before_corruption (corruption at 2023-04-01)
stock_CUR3K@844b3eaf1ea2,CHAI,2011-01-01,90484284.56788,29407392484.561,data_before_corruption (corruption at 2023-04-01)
stock_CUR3K@844b3eaf1ea2,CHAI,2011-04-01,89842724.00372,29198885301.209,data_before_corruption (corruption at 2023-04-01)
stock_CUR3K@844b3eaf1ea2,CHAI,2011-07-01,97762453.46798,53573824500.45304,data_before_corruption (corruption at 2023-04-01)
stock_CUR3K@844b3eaf1ea2,CHAI,2011-10-01,,0.0,data_before_corruption (corruption at 2023-04-01)
stock_CUR3K@844b3eaf1ea2,CHAI,2012-01-01,92886406.6802,50901750860.749596,data_before_corruption (corruption at 2023-04-01)
stock_CUR3K@844b3eaf1ea2,CHAI,2012-04-01,94919258.4678,52015753640.3544,data_before_corruption (corruption at 2023-04-01)
stock_CUR3K@844b3eaf1ea2,CHAI,2012-07-01,56331924.1394,30869894428.391197,data_before_corruption (corruption at 2023-04-01)
stock_CUR3K@844b3eaf1ea2,CHAI,2012-10-01,29428657.695359997,16097475759.36192,data_before_corruption (corruption at 2023-04-01)
stock_CUR3K@844b3eaf1ea2,CHAI,2013-01-01,30087170.4672,16397507904.624,data_before_corruption (corruption at 2023-04-01)
stock_CUR3K@844b3eaf1ea2,CHAI,2013-04-01,13522161.945600001,7369578260.352,data_before_corruption (corruption at 2023-04-01)
stock_CUR3K@844b3eaf1ea2,CHAI,2013-07-01,13258875.168000001,7226086966.56,data_before_corruption (corruption at 2023-04-01)
stock_CUR3K@844b3eaf1ea2,CHAI,2013-10-01,6839668.441131,3727619300.416395,data_before_corruption (corruption at 2023-04-01)
stock_CUR3K@844b3eaf1ea2,CHAI,2014-01-01,7105784.882538,3872652760.98321,data_before_corruption (corruption at 2023-04-01)
stock_CUR3K@844b3eaf1ea2,CHAI,2014-04-01,6861212.425633499,3739360771.9702573,data_before_corruption (corruption at 2023-04-01)
stock_CUR3K@844b3eaf1ea2,CHAI,2014-07-01,19120053.697920002,726562040.5209601,data_before_corruption (corruption at 2023-04-01)
stock_CUR3K@844b3eaf1ea2,CHAI,2014-10-01,19834118.15868,75925004311.42703,data_before_corruption (corruption at 2023-04-01)
stock_CUR3K@844b3eaf1ea2,CHAI,2015-01-01,21661890.906600002,823151854.4508001,data_before_corruption (corruption at 2023-04-01)
stock_CUR3K@844b3eaf1ea2,CHAI,2015-04-01,21328512.80868,810483486.72984,data_before_corruption (corruption at 2023-04-01)
stock_CUR3K@844b3eaf1ea2,CHAI,2015-07-01,22735634.81112,4319770614.1128,data_before_corruption (corruption at 2023-04-01)
stock_CUR3K@844b3eaf1ea2,CHAI,2015-10-01,19199482.596,2169541533.348,data_before_corruption (corruption at 2023-04-01)
stock_CUR3K@844b3eaf1ea2,CHAI,2016-01-01,21760434.5364,5592431675.8548,data_before_corruption (corruption at 2023-04-01)
stock_CUR3K@844b3eaf1ea2,CHAI,2016-04-01,25217383.816800002,7539997761.223201,data_before_corruption (corruption at 2023-04-01)
stock_CUR3K@844b3eaf1ea2,CHAI,2016-07-01,21769788.7764,6509166844.1435995,data_before_corruption (corruption at 2023-04-01)
stock_CUR3K@844b3eaf1ea2,CHAI,2016-10-01,23269019.8608,6701477719.9104,data_before_corruption (corruption at 2023-04-01)
stock_CUR3K@844b3eaf1ea2,CHAI,2017-01-01,38248733.1744,11895356017.238401,data_before_corruption (corruption at 2023-04-01)
stock_CUR3K@844b3eaf1ea2,CHAI,2017-04-01,41168683.45296,14903063409.97152,data_before_corruption (corruption at 2023-04-01)
stock_CUR3K@844b3eaf1ea2,CHAI,2017-07-01,46816418.9808,18211586983.5312,data_before_corruption (corruption at 2023-04-01)
stock_CUR3K@844b3eaf1ea2,CHAI,2017-10-01,40904322.39936,14193799872.57792,data_before_corruption (corruption at 2023-04-01)
stock_CUR3K@844b3eaf1ea2,CHAI,2018-01-01,34108115.3784,13779678612.8736,data_before_corruption (corruption at 2023-04-01)
stock_CUR3K@844b3eaf1ea2,CHAI,2018-04-01,24511059.62424,9926979147.8172,data_before_corruption (corruption at 2023-04-01)
stock_CUR3K@844b3eaf1ea2,CHAI,2018-07-01,37723318.84554,15391114088.98032,data_before_corruption (corruption at 2023-04-01)
stock_CUR3K@844b3eaf1ea2,CHAI,2018-10-01,30914966.628000002,12706051284.108002,data_before_corruption (corruption at 2023-04-01)
stock_CUR3K@844b3eaf1ea2,CHAI,2019-01-01,39357339.966000006,18065019044.394,data_before_corruption (corruption at 2023-04-01)
stock_CUR3K@844b3eaf1ea2,CHAI,2019-04-01,36735222.9888,18588022832.332798,data_before_corruption (corruption at 2023-04-01)
stock_CUR3K@844b3eaf1ea2,CHAI,2019-07-01,27527836.152599998,14342002635.504599,data_before_corruption (corruption at 2023-04-01)
stock_CUR3K@844b3eaf1ea2,CHAI,2019-10-01,24748931.516400002,12498210415.782001,data_before_corruption (corruption at 2023-04-01)
stock_CUR3K@844b3eaf1ea2,CHAI,2020-01-01,13756723.60608,7428630747.283199,data_before_corruption (corruption at 2023-04-01)
stock_CUR3K@844b3eaf1ea2,CHAI,2020-04-01,7856544.3264,4242533936.256,data_before_corruption (corruption at 2023-04-01)
stock_CUR3K@844b3eaf1ea2,CHAI,2020-07-01,3161029.0823999997,1934549798.4287999,data_before_corruption (corruption at 2023-04-01)
stock_CUR3K@844b3eaf1ea2,CHAI,2020-10-01,6924058.848,20183631541.920002,data_before_corruption (corruption at 2023-04-01)
stock_CUR3K@844b3eaf1ea2,CHAI,2021-01-01,6584288.256,19449987508.224,data_before_corruption (corruption at 2023-04-01)
stock_CUR3K@844b3eaf1ea2,CHAI,2021-04-01,5366328.3072,16152648204.671999,data_before_corruption (corruption at 2023-04-01)
stock_CUR3K@844b3eaf1ea2,CHAI,2021-07-01,2204033.328,6640752417.264001,data_before_corruption (corruption at 2023-04-01)
stock_CUR3K@844b3eaf1ea2,CHAI,2021-10-01,2357237.736,7411155441.984,data_before_corruption (corruption at 2023-04-01)
stock_CUR3K@844b3eaf1ea2,CHAI,2022-01-01,787695.3,6388208883.0,data_before_corruption (corruption at 2023-04-01)
stock_CUR3K@844b3eaf1ea2,CHAI,2022-04-01,707158.1664,6468375748.0608,data_before_corruption (corruption at 2023-04-01)
stock_CUR3K@844b3eaf1ea2,CHAI,2022-07-01,212548.64399999997,2196690235.74,data_before_corruption (corruption at 2023-04-01)
stock_CUR3K@844b3eaf1ea2,CHAI,2022-10-01,77112.0,15191064.0,data_before_corruption (corruption at 2023-04-01)
stock_CUR3K@844b3eaf1ea2,CHAI,2023-01-01,76860.0,2839131540.0,data_before_corruption (corruption at 2023-04-01)
stock_CUR3K@844b3eaf1ea2,CHAI,2023-04-01,27417.599999999995,10528358.399999999,data_before_corruption (corruption at 2023-04-01)
stock_CUR3K@844b3eaf1ea2,CNSP,2018-01-01,4112999.9999999995,75177569.302767,data_before_corruption (corruption at 2024-04-01)
stock_CUR3K@844b3eaf1ea2,CNSP,2018-04-01,4112999.9999999995,75177578.52,data_before_corruption (corruption at 2024-04-01)
stock_CUR3K@844b3eaf1ea2,CNSP,2018-10-01,4112999.9999999995,75177569.302767,data_before_corruption (corruption at 2024-04-01)
stock_CUR3K@844b3eaf1ea2,CNSP,2019-01-01,4112999.9999999995,75177569.302767,data_before_corruption (corruption at 2024-04-01)
stock_CUR3K@844b3eaf1ea2,CNSP,2019-04-01,4112999.9999999995,75177578.52,data_before_corruption (corruption at 2024-04-01)
stock_CUR3K@844b3eaf1ea2,CNSP,2019-07-01,4112999.9999999995,75177578.52,data_before_corruption (corruption at 2024-04-01)
stock_CUR3K@844b3eaf1ea2,CNSP,2019-10-01,3555000.0,64978424.233245,data_before_corruption (corruption at 2024-04-01)
stock_CUR3K@844b3eaf1ea2,CNSP,2020-01-01,1890000.0,34545495.6,data_before_corruption (corruption at 2024-04-01)
stock_CUR3K@844b3eaf1ea2,CNSP,2020-04-01,1925999.9999999998,35203505.04,data_before_corruption (corruption at 2024-04-01)
stock_CUR3K@844b3eaf1ea2,CNSP,2020-07-01,1584000.0,29011007.52,data_before_corruption (corruption at 2024-04-01)
stock_CUR3K@844b3eaf1ea2,CNSP,2020-10-01,1602000.0,30199793.661809996,data_before_corruption (corruption at 2024-04-01)
stock_CUR3K@844b3eaf1ea2,CNSP,2021-01-01,2151000.0,58947896.88,data_before_corruption (corruption at 2024-04-01)
stock_CUR3K@844b3eaf1ea2,CNSP,2021-04-01,1764000.0,49848117.48,data_before_corruption (corruption at 2024-04-01)
stock_CUR3K@844b3eaf1ea2,CNSP,2021-07-01,1341000.0,40891220.28,data_before_corruption (corruption at 2024-04-01)
stock_CUR3K@844b3eaf1ea2,CNSP,2021-10-01,632160.0,19998623.710326243,data_before_corruption (corruption at 2024-04-01)
stock_CUR3K@844b3eaf1ea2,CNSP,2022-01-01,306900.0,13651074.656999998,data_before_corruption (corruption at 2024-04-01)
stock_CUR3K@844b3eaf1ea2,CNSP,2022-04-01,252000.0,11209093.559999999,data_before_corruption (corruption at 2024-04-01)
stock_CUR3K@844b3eaf1ea2,CNSP,2022-07-01,161100.0,7165813.382999999,data_before_corruption (corruption at 2024-04-01)
stock_CUR3K@844b3eaf1ea2,CNSP,2022-10-01,72000.0,3457153.081872,data_before_corruption (corruption at 2024-04-01)
stock_CUR3K@844b3eaf1ea2,CNSP,2023-01-01,30000.0,1906494.0,data_before_corruption (corruption at 2024-04-01)
stock_CUR3K@844b3eaf1ea2,CNSP,2023-04-01,66900.0,8646416.91,data_before_corruption (corruption at 2024-04-01)
stock_CUR3K@844b3eaf1ea2,CNSP,2023-07-01,34200.0,4761858.546,data_before_corruption (corruption at 2024-04-01)
stock_CUR3K@844b3eaf1ea2,CNSP,2023-10-01,38100.0,7154990.90514705,data_before_corruption (corruption at 2024-04-01)
stock_CUR3K@844b3eaf1ea2,CNSP,2024-01-01,10794.0,3134822.2999800006,data_before_corruption (corruption at 2024-04-01)
stock_CUR3K@844b3eaf1ea2,CNSP,2024-04-01,852.0000000000001,534833.05716,data_before_corruption (corruption at 2024-04-01)
stock_CUR3K@844b3eaf1ea2,CNSY,2006-07-01,4.05,27.377999999999997,data_before_corruption (corruption at 2025-01-01)
stock_CUR3K@844b3eaf1ea2,CNSY,2006-10-01,4.05,2689.7751,data_before_corruption (corruption at 2025-01-01)
stock_CUR3K@844b3eaf1ea2,CNSY,2007-01-01,4.05,35.64,data_before_corruption (corruption at 2025-01-01)
stock_CUR3K@844b3eaf1ea2,CNSY,2007-04-01,4.05,36.126,data_before_corruption (corruption at 2025-01-01)
stock_CUR3K@844b3eaf1ea2,CNSY,2007-07-01,4.05,36.126,data_before_corruption (corruption at 2025-01-01)
stock_CUR3K@844b3eaf1ea2,CNSY,2007-10-01,4.05,3708.0585,data_before_corruption (corruption at 2025-01-01)
stock_CUR3K@844b3eaf1ea2,CNSY,2008-01-01,4.05,37.907999999999994,data_before_corruption (corruption at 2025-01-01)
stock_CUR3K@844b3eaf1ea2,CNSY,2008-04-01,4.05,39.852,data_before_corruption (corruption at 2025-01-01)
stock_CUR3K@844b3eaf1ea2,CNSY,2008-07-01,4.05,44.226,data_before_corruption (corruption at 2025-01-01)
stock_CUR3K@844b3eaf1ea2,CNSY,2008-10-01,4.05,4354.953822,data_before_corruption (corruption at 2025-01-01)
stock_CUR3K@844b3eaf1ea2,CNSY,2009-01-01,4.05,51.516,data_before_corruption (corruption at 2025-01-01)
stock_CUR3K@844b3eaf1ea2,CNSY,2009-04-01,4.05,54.75599999999999,data_before_corruption (corruption at 2025-01-01)
stock_CUR3K@844b3eaf1ea2,CNSY,2009-07-01,4.05,57.672,data_before_corruption (corruption at 2025-01-01)
stock_CUR3K@844b3eaf1ea2,CNSY,2009-10-01,4.05,5822.16012,data_before_corruption (corruption at 2025-01-01)
stock_CUR3K@844b3eaf1ea2,CNSY,2010-01-01,4.05,67.23,data_before_corruption (corruption at 2025-01-01)
stock_CUR3K@844b3eaf1ea2,CNSY,2010-04-01,4.05,69.336,data_before_corruption (corruption at 2025-01-01)
stock_CUR3K@844b3eaf1ea2,CNSY,2010-07-01,4.05,69.336,data_before_corruption (corruption at 2025-01-01)
stock_CUR3K@844b3eaf1ea2,CNSY,2010-10-01,4.05,7443.570492,data_before_corruption (corruption at 2025-01-01)
stock_CUR3K@844b3eaf1ea2,CNSY,2011-01-01,4.05,78.732,data_before_corruption (corruption at 2025-01-01)
stock_CUR3K@844b3eaf1ea2,CNSY,2011-04-01,4.05,79.21799999999999,data_before_corruption (corruption at 2025-01-01)
stock_CUR3K@844b3eaf1ea2,CNSY,2011-07-01,4.05,82.782,data_before_corruption (corruption at 2025-01-01)
stock_CUR3K@844b3eaf1ea2,CNSY,2011-10-01,4.05,8667.65286,data_before_corruption (corruption at 2025-01-01)
stock_CUR3K@844b3eaf1ea2,CNSY,2012-01-01,4.05,88.28999999999999,data_before_corruption (corruption at 2025-01-01)
stock_CUR3K@844b3eaf1ea2,CNSY,2012-04-01,4.05,88.776,data_before_corruption (corruption at 2025-01-01)
stock_CUR3K@844b3eaf1ea2,CNSY,2012-07-01,4.05,95.11511832,data_before_corruption (corruption at 2025-01-01)
stock_CUR3K@844b3eaf1ea2,CNSY,2012-10-01,4.05,9506.109294,data_before_corruption (corruption at 2025-01-01)
stock_CUR3K@844b3eaf1ea2,CNSY,2013-01-01,4.05,108.52533899999999,data_before_corruption (corruption at 2025-01-01)
stock_CUR3K@844b3eaf1ea2,CNSY,2013-04-01,4.05,10886.495256,data_before_corruption (corruption at 2025-01-01)
stock_CUR3K@844b3eaf1ea2,CNSY,2013-07-01,4.05,10894.238208,data_before_corruption (corruption at 2025-01-01)
stock_CUR3K@844b3eaf1ea2,CNSY,2013-10-01,4.05,10980.580968,data_before_corruption (corruption at 2025-01-01)
stock_CUR3K@844b3eaf1ea2,CNSY,2014-01-01,4.05,12004.588152,data_before_corruption (corruption at 2025-01-01)
stock_CUR3K@844b3eaf1ea2,CNSY,2014-04-01,4.05,12422.588166,data_before_corruption (corruption at 2025-01-01)
stock_CUR3K@844b3eaf1ea2,CNSY,2014-07-01,4.05,13029.669882,data_before_corruption (corruption at 2025-01-01)
stock_CUR3K@844b3eaf1ea2,CNSY,2014-10-01,4.05,10980.580968,data_before_corruption (corruption at 2025-01-01)
stock_CUR3K@844b3eaf1ea2,CNSY,2015-01-01,4.05,17205.834834,data_before_corruption (corruption at 2025-01-01)
stock_CUR3K@844b3eaf1ea2,CNSY,2015-04-01,4.05,22516.721496000002,data_before_corruption (corruption at 2025-01-01)
stock_CUR3K@844b3eaf1ea2,CNSY,2015-07-01,4.05,24915.352302,data_before_corruption (corruption at 2025-01-01)
stock_CUR3K@844b3eaf1ea2,CNSY,2015-10-01,4.05,22809.165192,data_before_corruption (corruption at 2025-01-01)
stock_CUR3K@844b3eaf1ea2,CNSY,2016-01-01,4.05,2119.992912,data_before_corruption (corruption at 2025-01-01)
stock_CUR3K@844b3eaf1ea2,CNSY,2016-04-01,4.05,2394.135792,data_before_corruption (corruption at 2025-01-01)
stock_CUR3K@844b3eaf1ea2,CNSY,2016-07-01,4.05,3320.0020799999998,data_before_corruption (corruption at 2025-01-01)
stock_CUR3K@844b3eaf1ea2,CNSY,2016-10-01,4.05,2800.98,data_before_corruption (corruption at 2025-01-01)
stock_CUR3K@844b3eaf1ea2,CNSY,2017-01-01,4.05,3683.291292,data_before_corruption (corruption at 2025-01-01)
stock_CUR3K@844b3eaf1ea2,CNSY,2017-04-01,4.05,5062.641264,data_before_corruption (corruption at 2025-01-01)
stock_CUR3K@844b3eaf1ea2,CNSY,2017-07-01,4.05,5587.514136000001,data_before_corruption (corruption at 2025-01-01)
stock_CUR3K@844b3eaf1ea2,CNSY,2017-10-01,4.05,5247.1526220000005,data_before_corruption (corruption at 2025-01-01)
stock_CUR3K@844b3eaf1ea2,CNSY,2018-01-01,4.05,9748.821582,data_before_corruption (corruption at 2025-01-01)
stock_CUR3K@844b3eaf1ea2,CNSY,2018-04-01,4.05,998.9663579999999,data_before_corruption (corruption at 2025-01-01)
stock_CUR3K@844b3eaf1ea2,CNSY,2018-07-01,4.05,1.882602,data_before_corruption (corruption at 2025-01-01)
stock_CUR3K@844b3eaf1ea2,CNSY,2018-10-01,4.05,1408.193262,data_before_corruption (corruption at 2025-01-01)
stock_CUR3K@844b3eaf1ea2,CNSY,2019-01-01,4.05,3.813804,data_before_corruption (corruption at 2025-01-01)
stock_CUR3K@844b3eaf1ea2,CNSY,2019-04-01,4.05,4.779,data_before_corruption (corruption at 2025-01-01)
stock_CUR3K@844b3eaf1ea2,CNSY,2019-07-01,4.05,8.926686,data_before_corruption (corruption at 2025-01-01)
stock_CUR3K@844b3eaf1ea2,CNSY,2019-10-01,4.05,224.20994399999998,data_before_corruption (corruption at 2025-01-01)
stock_CUR3K@844b3eaf1ea2,CNSY,2020-01-01,4.05,41.91021,data_before_corruption (corruption at 2025-01-01)
stock_CUR3K@844b3eaf1ea2,CNSY,2020-04-01,4.05,43.774992,data_before_corruption (corruption at 2025-01-01)
stock_CUR3K@844b3eaf1ea2,CNSY,2020-07-01,4.05,47.543922,data_before_corruption (corruption at 2025-01-01)
stock_CUR3K@844b3eaf1ea2,CNSY,2020-10-01,4.05,717.30927,data_before_corruption (corruption at 2025-01-01)
stock_CUR3K@844b3eaf1ea2,CNSY,2021-01-01,4.05,89.29326599999999,data_before_corruption (corruption at 2025-01-01)
stock_CUR3K@844b3eaf1ea2,CNSY,2021-04-01,4.05,122.005602,data_before_corruption (corruption at 2025-01-01)
stock_CUR3K@844b3eaf1ea2,CNSY,2021-07-01,4.05,143.25368400000002,data_before_corruption (corruption at 2025-01-01)
stock_CUR3K@844b3eaf1ea2,CNSY,2021-10-01,4.05,1958.4481319999998,data_before_corruption (corruption at 2025-01-01)
stock_CUR3K@844b3eaf1ea2,CNSY,2022-01-01,4.05,232.276248,data_before_corruption (corruption at 2025-01-01)
stock_CUR3K@844b3eaf1ea2,CNSY,2022-04-01,4.05,240.35211,data_before_corruption (corruption at 2025-01-01)
stock_CUR3K@844b3eaf1ea2,CNSY,2022-07-01,4.05,296.369928,data_before_corruption (corruption at 2025-01-01)
stock_CUR3K@844b3eaf1ea2,CNSY,2022-10-01,4.05,4253.351472,data_before_corruption (corruption at 2025-01-01)
stock_CUR3K@844b3eaf1ea2,CNSY,2023-01-01,4.05,375.84275399999996,data_before_corruption (corruption at 2025-01-01)
stock_CUR3K@844b3eaf1ea2,CNSY,2023-04-01,4.05,406.51923600000003,data_before_corruption (corruption at 2025-01-01)
stock_CUR3K@844b3eaf1ea2,CNSY,2023-07-01,4.05,522.506862,data_before_corruption (corruption at 2025-01-01)
stock_CUR3K@844b3eaf1ea2,CNSY,2023-10-01,4.05,728.8386479999999,data_before_corruption (corruption at 2025-01-01)
stock_CUR3K@844b3eaf1ea2,CNSY,2024-01-01,4.05,700.120422,data_before_corruption (corruption at 2025-01-01)
stock_CUR3K@844b3eaf1ea2,CNSY,2024-04-01,4.05,1053.162,data_before_corruption (corruption at 2025-01-01)
stock_CUR3K@844b3eaf1ea2,CNSY,2024-07-01,4.05,1272.672,data_before_corruption (corruption at 2025-01-01)
stock_CUR3K@844b3eaf1ea2,CNSY,2024-10-01,4.05,1274.13,data_before_corruption (corruption at 2025-01-01)
stock_CUR3K@844b3eaf1ea2,CNSY,2025-01-01,4.05,2359.8540000000003,data_before_corruption (corruption at 2025-01-01)
stock_CUR3K@844b3eaf1ea2,CRON,2013-10-01,8000061.023340866,28002613.6,data_before_corruption (corruption at 2013-10-01)
stock_CUR3K@844b3eaf1ea2,CSCI.TO,2006-07-01,922995.216,359968134.24,data_before_corruption (corruption at 2012-10-01)
stock_CUR3K@844b3eaf1ea2,CSCI.TO,2006-10-01,717392.7,276913582.2,data_before_corruption (corruption at 2012-10-01)
stock_CUR3K@844b3eaf1ea2,CSCI.TO,2007-01-01,681588.9,268546026.6,data_before_corruption (corruption at 2012-10-01)
stock_CUR3K@844b3eaf1ea2,CSCI.TO,2007-04-01,619840.98,244217346.12,data_before_corruption (corruption at 2012-10-01)
stock_CUR3K@844b3eaf1ea2,CSCI.TO,2007-07-01,450334.08,177431627.52,data_before_corruption (corruption at 2012-10-01)
stock_CUR3K@844b3eaf1ea2,CSCI.TO,2007-10-01,273818.88,107884638.72,data_before_corruption (corruption at 2012-10-01)
stock_CUR3K@844b3eaf1ea2,CSCI.TO,2008-01-01,180561.06,71141057.64,data_before_corruption (corruption at 2012-10-01)
stock_CUR3K@844b3eaf1ea2,CSCI.TO,2008-04-01,185201.1,72969233.4,data_before_corruption (corruption at 2012-10-01)
stock_CUR3K@844b3eaf1ea2,CSCI.TO,2008-07-01,103266.89999999998,40687158.599999994,data_before_corruption (corruption at 2012-10-01)
stock_CUR3K@844b3eaf1ea2,CSCI.TO,2008-10-01,85347.0,33626718.0,data_before_corruption (corruption at 2012-10-01)
stock_CUR3K@844b3eaf1ea2,CSCI.TO,2009-01-01,158181.66,62323574.04,data_before_corruption (corruption at 2012-10-01)
stock_CUR3K@844b3eaf1ea2,CSCI.TO,2009-04-01,312514.2,124068137.4,data_before_corruption (corruption at 2012-10-01)
stock_CUR3K@844b3eaf1ea2,CSCI.TO,2009-07-01,227107.8,98337677.39999999,data_before_corruption (corruption at 2012-10-01)
stock_CUR3K@844b3eaf1ea2,CSCI.TO,2009-10-01,145166.4,61115054.4,data_before_corruption (corruption at 2012-10-01)
stock_CUR3K@844b3eaf1ea2,CSCI.TO,2010-01-01,143525.52000000002,67026417.84000001,data_before_corruption (corruption at 2012-10-01)
stock_CUR3K@844b3eaf1ea2,CSCI.TO,2010-04-01,208138.14,112394595.60000001,data_before_corruption (corruption at 2012-10-01)
stock_CUR3K@844b3eaf1ea2,CSCI.TO,2010-07-01,232313.75999999998,143105276.16,data_before_corruption (corruption at 2012-10-01)
stock_CUR3K@844b3eaf1ea2,CSCI.TO,2010-10-01,310033.44,173618726.4,data_before_corruption (corruption at 2012-10-01)
stock_CUR3K@844b3eaf1ea2,CSCI.TO,2011-01-01,352431.0,218859651.0,data_before_corruption (corruption at 2012-10-01)
stock_CUR3K@844b3eaf1ea2,CSCI.TO,2011-04-01,393852.6,264668947.2,data_before_corruption (corruption at 2012-10-01)
stock_CUR3K@844b3eaf1ea2,CSCI.TO,2011-07-01,267209.28,192657890.88000003,data_before_corruption (corruption at 2012-10-01)
stock_CUR3K@844b3eaf1ea2,CSCI.TO,2011-10-01,274903.2,192432240.0,data_before_corruption (corruption at 2012-10-01)
stock_CUR3K@844b3eaf1ea2,CSCI.TO,2012-01-01,386671.46400000004,303537099.24,data_before_corruption (corruption at 2012-10-01)
stock_CUR3K@844b3eaf1ea2,CSCI.TO,2012-04-01,93721.914,77133135.222,data_before_corruption (corruption at 2012-10-01)
stock_CUR3K@844b3eaf1ea2,CSCI.TO,2012-07-01,122511.51000000001,101807064.81,data_before_corruption (corruption at 2012-10-01)
stock_CUR3K@844b3eaf1ea2,CSCI.TO,2012-10-01,71626.14,62959377.06,data_before_corruption (corruption at 2012-10-01)
stock_CUR3K@844b3eaf1ea2,DOMH,2006-07-01,325198.59,16259929.500000002,data_before_corruption (corruption at 2013-04-01)
stock_CUR3K@844b3eaf1ea2,DOMH,2006-10-01,550920.44,27546021.999999996,data_before_corruption (corruption at 2013-04-01)
stock_CUR3K@844b3eaf1ea2,DOMH,2007-01-01,592152.69,30199787.189999998,data_before_corruption (corruption at 2013-04-01)
stock_CUR3K@844b3eaf1ea2,DOMH,2007-04-01,567884.13,28962090.63,data_before_corruption (corruption at 2013-04-01)
stock_CUR3K@844b3eaf1ea2,DOMH,2007-07-01,404799.47,21049572.439999998,data_before_corruption (corruption at 2013-04-01)
stock_CUR3K@844b3eaf1ea2,DOMH,2007-10-01,269380.94,14007808.88,data_before_corruption (corruption at 2013-04-01)
stock_CUR3K@844b3eaf1ea2,DOMH,2008-01-01,300930.06,15648363.12,data_before_corruption (corruption at 2013-04-01)
stock_CUR3K@844b3eaf1ea2,DOMH,2008-04-01,157745.59,8202770.68,data_before_corruption (corruption at 2013-04-01)
stock_CUR3K@844b3eaf1ea2,DOMH,2008-07-01,179587.3,9338539.6,data_before_corruption (corruption at 2013-04-01)
stock_CUR3K@844b3eaf1ea2,DOMH,2008-10-01,111635.34,5805037.68,data_before_corruption (corruption at 2013-04-01)
stock_CUR3K@844b3eaf1ea2,DOMH,2009-01-01,218416.97,11357682.44,data_before_corruption (corruption at 2013-04-01)
stock_CUR3K@844b3eaf1ea2,DOMH,2009-04-01,349467.16000000003,18172292.32,data_before_corruption (corruption at 2013-04-01)
stock_CUR3K@844b3eaf1ea2,DOMH,2009-07-01,504785.91000000003,26248867.32,data_before_corruption (corruption at 2013-04-01)
stock_CUR3K@844b3eaf1ea2,DOMH,2009-10-01,276661.5,17153013.0,data_before_corruption (corruption at 2013-04-01)
stock_CUR3K@844b3eaf1ea2,DOMH,2010-01-01,339759.75,21065104.5,data_before_corruption (corruption at 2013-04-01)
stock_CUR3K@844b3eaf1ea2,DOMH,2010-04-01,327625.47,20312779.139999997,data_before_corruption (corruption at 2013-04-01)
stock_CUR3K@844b3eaf1ea2,DOMH,2010-07-01,373735.72,23171614.639999997,data_before_corruption (corruption at 2013-04-01)
stock_CUR3K@844b3eaf1ea2,DOMH,2010-10-01,172306.72,16024524.96,data_before_corruption (corruption at 2013-04-01)
stock_CUR3K@844b3eaf1ea2,DOMH,2011-01-01,106781.63,9930691.59,data_before_corruption (corruption at 2013-04-01)
stock_CUR3K@844b3eaf1ea2,DOMH,2011-04-01,57273.78999999999,5326462.47,data_before_corruption (corruption at 2013-04-01)
stock_CUR3K@844b3eaf1ea2,DOMH,2011-07-01,48537.11000000001,4513951.23,data_before_corruption (corruption at 2013-04-01)
stock_CUR3K@844b3eaf1ea2,DOMH,2011-10-01,28394.21,4287525.71,data_before_corruption (corruption at 2013-04-01)
stock_CUR3K@844b3eaf1ea2,DOMH,2012-01-01,21113.64,3188159.64,data_before_corruption (corruption at 2013-04-01)
stock_CUR3K@844b3eaf1ea2,DOMH,2012-04-01,14075.760000000002,2125439.7600000002,data_before_corruption (corruption at 2013-04-01)
stock_CUR3K@844b3eaf1ea2,DOMH,2012-07-01,14522.68,2192924.68,data_before_corruption (corruption at 2013-04-01)
stock_CUR3K@844b3eaf1ea2,DOMH,2012-10-01,8282.86,4903453.12,data_before_corruption (corruption at 2013-04-01)
stock_CUR3K@844b3eaf1ea2,DOMH,2013-01-01,10192.79,6034131.680000001,data_before_corruption (corruption at 2013-04-01)
stock_CUR3K@844b3eaf1ea2,DOMH,2013-04-01,6443.3,4149485.2,data_before_corruption (corruption at 2013-04-01)
stock_CUR3K@844b3eaf1ea2,EAS2P.AS,2009-10-01,,0.0,data_before_corruption (corruption at 2015-10-01)
stock_CUR3K@844b3eaf1ea2,EAS2P.AS,2010-04-01,,0.0,data_before_corruption (corruption at 2015-10-01)
stock_CUR3K@844b3eaf1ea2,EAS2P.AS,2010-10-01,,0.0,data_before_corruption (corruption at 2015-10-01)
stock_CUR3K@844b3eaf1ea2,EAS2P.AS,2011-04-01,,0.0,data_before_corruption (corruption at 2015-10-01)
stock_CUR3K@844b3eaf1ea2,EAS2P.AS,2011-10-01,,0.0,data_before_corruption (corruption at 2015-10-01)
stock_CUR3K@844b3eaf1ea2,EAS2P.AS,2012-04-01,10.728519,77138051.61,data_before_corruption (corruption at 2015-10-01)
stock_CUR3K@844b3eaf1ea2,EAS2P.AS,2012-10-01,12.624050999999998,88292612.69399999,data_before_corruption (corruption at 2015-10-01)
stock_CUR3K@844b3eaf1ea2,EAS2P.AS,2013-04-01,13.951886,97286501.078,data_before_corruption (corruption at 2015-10-01)
stock_CUR3K@844b3eaf1ea2,EAS2P.AS,2013-10-01,15.635734,111232611.676,data_before_corruption (corruption at 2015-10-01)
stock_CUR3K@844b3eaf1ea2,EAS2P.AS,2014-04-01,17.993122,125178149.754,data_before_corruption (corruption at 2015-10-01)
stock_CUR3K@844b3eaf1ea2,EAS2P.AS,2014-10-01,19.04673,135003222.24,data_before_corruption (corruption at 2015-10-01)
stock_CUR3K@844b3eaf1ea2,EAS2P.AS,2015-04-01,18.089342,130243262.39999999,data_before_corruption (corruption at 2015-10-01)
stock_CUR3K@844b3eaf1ea2,EAS2P.AS,2015-10-01,3.453332,25685883.416,data_before_corruption (corruption at 2015-10-01)
stock_CUR3K@844b3eaf1ea2,FMONC.PA,2009-10-01,,0.0,data_before_corruption (corruption at 2013-10-01)
stock_CUR3K@844b3eaf1ea2,FMONC.PA,2010-04-01,,0.0,data_before_corruption (corruption at 2013-10-01)
stock_CUR3K@844b3eaf1ea2,FMONC.PA,2010-10-01,,0.0,data_before_corruption (corruption at 2013-10-01)
stock_CUR3K@844b3eaf1ea2,FMONC.PA,2011-04-01,,0.0,data_before_corruption (corruption at 2013-10-01)
stock_CUR3K@844b3eaf1ea2,FMONC.PA,2011-10-01,,0.0,data_before_corruption (corruption at 2013-10-01)
stock_CUR3K@844b3eaf1ea2,FMONC.PA,2012-04-01,28.02,5124045.42,data_before_corruption (corruption at 2013-10-01)
stock_CUR3K@844b3eaf1ea2,FMONC.PA,2012-10-01,30.75,5596.5,data_before_corruption (corruption at 2013-10-01)
stock_CUR3K@844b3eaf1ea2,FMONC.PA,2013-04-01,40.79,7423.78,data_before_corruption (corruption at 2013-10-01)
stock_CUR3K@844b3eaf1ea2,FMONC.PA,2013-10-01,52.5,9555.0,data_before_corruption (corruption at 2013-10-01)
stock_CUR3K@844b3eaf1ea2,GDC,2015-04-01,35625.0,62343750.0,data_before_corruption (corruption at 2015-07-01)
stock_CUR3K@844b3eaf1ea2,GDC,2015-04-01,,0.0,data_before_corruption (corruption at 2015-07-01)
stock_CUR3K@844b3eaf1ea2,GDC,2015-07-01,35625.0,21980625.0,data_before_corruption (corruption at 2015-07-01)
stock_CUR3K@844b3eaf1ea2,H.TO,2009-10-01,21.62,2162000.0,data_before_corruption (corruption at 2015-01-01)
stock_CUR3K@844b3eaf1ea2,H.TO,2010-01-01,21.62,2162000.0,data_before_corruption (corruption at 2015-01-01)
stock_CUR3K@844b3eaf1ea2,H.TO,2010-04-01,21.62,12863900000.0,data_before_corruption (corruption at 2015-01-01)
stock_CUR3K@844b3eaf1ea2,H.TO,2010-07-01,21.62,2162000.0,data_before_corruption (corruption at 2015-01-01)
stock_CUR3K@844b3eaf1ea2,H.TO,2010-10-01,21.62,2162000.0,data_before_corruption (corruption at 2015-01-01)
stock_CUR3K@844b3eaf1ea2,H.TO,2011-01-01,21.62,2162000.0,data_before_corruption (corruption at 2015-01-01)
stock_CUR3K@844b3eaf1ea2,H.TO,2011-04-01,21.62,12863900000.0,data_before_corruption (corruption at 2015-01-01)
stock_CUR3K@844b3eaf1ea2,H.TO,2011-07-01,21.62,12863900000.0,data_before_corruption (corruption at 2015-01-01)
stock_CUR3K@844b3eaf1ea2,H.TO,2011-10-01,21.62,2162000.0,data_before_corruption (corruption at 2015-01-01)
stock_CUR3K@844b3eaf1ea2,H.TO,2012-01-01,21.62,2162000.0,data_before_corruption (corruption at 2015-01-01)
stock_CUR3K@844b3eaf1ea2,H.TO,2012-04-01,21.62,12863900000.0,data_before_corruption (corruption at 2015-01-01)
stock_CUR3K@844b3eaf1ea2,H.TO,2012-07-01,21.62,2162000.0,data_before_corruption (corruption at 2015-01-01)
stock_CUR3K@844b3eaf1ea2,H.TO,2012-10-01,21.62,2140920.5,data_before_corruption (corruption at 2015-01-01)
stock_CUR3K@844b3eaf1ea2,H.TO,2013-01-01,21.62,2162000.0,data_before_corruption (corruption at 2015-01-01)
stock_CUR3K@844b3eaf1ea2,H.TO,2013-04-01,21.62,12863900000.0,data_before_corruption (corruption at 2015-01-01)
stock_CUR3K@844b3eaf1ea2,H.TO,2013-07-01,21.62,2162000.0,data_before_corruption (corruption at 2015-01-01)
stock_CUR3K@844b3eaf1ea2,H.TO,2013-10-01,21.62,2152725.02,data_before_corruption (corruption at 2015-01-01)
stock_CUR3K@844b3eaf1ea2,H.TO,2014-01-01,21.62,2162000.0,data_before_corruption (corruption at 2015-01-01)
stock_CUR3K@844b3eaf1ea2,H.TO,2014-04-01,21.62,12863900000.0,data_before_corruption (corruption at 2015-01-01)
stock_CUR3K@844b3eaf1ea2,H.TO,2014-07-01,21.62,2158151.64,data_before_corruption (corruption at 2015-01-01)
stock_CUR3K@844b3eaf1ea2,H.TO,2014-10-01,21.62,2150130.62,data_before_corruption (corruption at 2015-01-01)
stock_CUR3K@844b3eaf1ea2,H.TO,2015-01-01,21.62,2162000.0,data_before_corruption (corruption at 2015-01-01)
stock_CUR3K@844b3eaf1ea2,IPC.L,2006-07-01,32.33,15599225000.0,data_before_corruption (corruption at 2011-10-01)
stock_CUR3K@844b3eaf1ea2,IPC.L,2006-10-01,0.0,0.0,data_before_corruption (corruption at 2011-10-01)
stock_CUR3K@844b3eaf1ea2,IPC.L,2007-01-01,33.98,15131293999.999998,data_before_corruption (corruption at 2011-10-01)
stock_CUR3K@844b3eaf1ea2,IPC.L,2007-04-01,36.45,15600600000.000002,data_before_corruption (corruption at 2011-10-01)
stock_CUR3K@844b3eaf1ea2,IPC.L,2007-07-01,33.61,14193503000.0,data_before_corruption (corruption at 2011-10-01)
stock_CUR3K@844b3eaf1ea2,IPC.L,2007-10-01,0.0,0.0,data_before_corruption (corruption at 2011-10-01)
stock_CUR3K@844b3eaf1ea2,IPC.L,2008-01-01,25.39,10747587000.0,data_before_corruption (corruption at 2011-10-01)
stock_CUR3K@844b3eaf1ea2,IPC.L,2008-04-01,21.75,9191550000.0,data_before_corruption (corruption at 2011-10-01)
stock_CUR3K@844b3eaf1ea2,IPC.L,2008-07-01,24.44,10404457149.84,data_before_corruption (corruption at 2011-10-01)
stock_CUR3K@844b3eaf1ea2,IPC.L,2008-10-01,0.0,0.0,data_before_corruption (corruption at 2011-10-01)
stock_CUR3K@844b3eaf1ea2,IPC.L,2009-01-01,6.57,2779767000.0,data_before_corruption (corruption at 2011-10-01)
stock_CUR3K@844b3eaf1ea2,IPC.L,2009-04-01,14.12,6001000000.0,data_before_corruption (corruption at 2011-10-01)
stock_CUR3K@844b3eaf1ea2,IPC.L,2009-07-01,20.75,8848563226.5,data_before_corruption (corruption at 2011-10-01)
stock_CUR3K@844b3eaf1ea2,IPC.L,2009-10-01,0.0,0.0,data_before_corruption (corruption at 2011-10-01)
stock_CUR3K@844b3eaf1ea2,IPC.L,2010-01-01,22.97,9792473673.33,data_before_corruption (corruption at 2011-10-01)
stock_CUR3K@844b3eaf1ea2,IPC.L,2010-04-01,21.12,8928000005.76,data_before_corruption (corruption at 2011-10-01)
stock_CUR3K@844b3eaf1ea2,IPC.L,2010-07-01,20.3,8806140000.0,data_before_corruption (corruption at 2011-10-01)
stock_CUR3K@844b3eaf1ea2,IPC.L,2010-10-01,0.0,0.0,data_before_corruption (corruption at 2011-10-01)
stock_CUR3K@844b3eaf1ea2,IPC.L,2011-01-01,28.17,12195113912.640001,data_before_corruption (corruption at 2011-10-01)
stock_CUR3K@844b3eaf1ea2,IPC.L,2011-04-01,27.839999999999996,11992615391.039999,data_before_corruption (corruption at 2011-10-01)
stock_CUR3K@844b3eaf1ea2,IPC.L,2011-07-01,21.7,9443840000.0,data_before_corruption (corruption at 2011-10-01)
stock_CUR3K@844b3eaf1ea2,IPC.L,2011-10-01,0.0,0.0,data_before_corruption (corruption at 2011-10-01)
stock_CUR3K@844b3eaf1ea2,KPRX,2013-01-01,32400.0,288036000.0,data_before_corruption (corruption at 2013-10-01)
stock_CUR3K@844b3eaf1ea2,KPRX,2013-10-01,32400.0,10789200.0,data_before_corruption (corruption at 2013-10-01)
stock_CUR3K@844b3eaf1ea2,KXIN,2017-04-01,3898193.21,506765117.3,data_before_corruption (corruption at 2023-04-01)
stock_CUR3K@844b3eaf1ea2,KXIN,2017-10-01,3906289.15,761726384.25,data_before_corruption (corruption at 2023-04-01)
stock_CUR3K@844b3eaf1ea2,KXIN,2018-04-01,4003440.3800000004,780670874.1,data_before_corruption (corruption at 2023-04-01)
stock_CUR3K@844b3eaf1ea2,KXIN,2019-04-01,858169.2200000001,145030598.18,data_before_corruption (corruption at 2023-04-01)
stock_CUR3K@844b3eaf1ea2,KXIN,2019-10-01,756970.02,221035245.84,data_before_corruption (corruption at 2023-04-01)
stock_CUR3K@844b3eaf1ea2,KXIN,2020-04-01,344077.28,62966142.24,data_before_corruption (corruption at 2023-04-01)
stock_CUR3K@844b3eaf1ea2,KXIN,2020-10-01,1509892.0799999998,276310250.64,data_before_corruption (corruption at 2023-04-01)
stock_CUR3K@844b3eaf1ea2,KXIN,2021-04-01,935080.62,171119753.46,data_before_corruption (corruption at 2023-04-01)
stock_CUR3K@844b3eaf1ea2,KXIN,2021-10-01,461468.3599999999,176280913.51999998,data_before_corruption (corruption at 2023-04-01)
stock_CUR3K@844b3eaf1ea2,KXIN,2022-04-01,412892.74,173827843.54,data_before_corruption (corruption at 2023-04-01)
stock_CUR3K@844b3eaf1ea2,KXIN,2022-10-01,118686.42,67295200.14,data_before_corruption (corruption at 2023-04-01)
stock_CUR3K@844b3eaf1ea2,KXIN,2023-04-01,125487.01000000001,71904056.73,data_before_corruption (corruption at 2023-04-01)
stock_CUR3K@844b3eaf1ea2,LBG.L,2016-10-01,2.0,29902.0,data_before_corruption (corruption at 2017-10-01)
stock_CUR3K@844b3eaf1ea2,LBG.L,2017-04-01,2.0,29902.0,data_before_corruption (corruption at 2017-10-01)
stock_CUR3K@844b3eaf1ea2,LBG.L,2017-10-01,2.0,29902.0,data_before_corruption (corruption at 2017-10-01)
stock_CUR3K@844b3eaf1ea2,MSLE,2017-10-01,9.6,3378307.1999999997,data_before_corruption (corruption at 2020-10-01)
stock_CUR3K@844b3eaf1ea2,MSLE,2018-01-01,9.6,3378307.1999999997,data_before_corruption (corruption at 2020-10-01)
stock_CUR3K@844b3eaf1ea2,MSLE,2018-04-01,38.4,13513228.799999999,data_before_corruption (corruption at 2020-10-01)
stock_CUR3K@844b3eaf1ea2,MSLE,2018-07-01,24.0,8445768.0,data_before_corruption (corruption at 2020-10-01)
stock_CUR3K@844b3eaf1ea2,MSLE,2018-10-01,12.0,4222884.0,data_before_corruption (corruption at 2020-10-01)
stock_CUR3K@844b3eaf1ea2,MSLE,2019-01-01,21.6,8600191.200000001,data_before_corruption (corruption at 2020-10-01)
stock_CUR3K@844b3eaf1ea2,MSLE,2019-04-01,14.4,6567451.2,data_before_corruption (corruption at 2020-10-01)
stock_CUR3K@844b3eaf1ea2,MSLE,2019-07-01,26.4,14343516.0,data_before_corruption (corruption at 2020-10-01)
stock_CUR3K@844b3eaf1ea2,MSLE,2019-10-01,19.2,12299808.0,data_before_corruption (corruption at 2020-10-01)
stock_CUR3K@844b3eaf1ea2,MSLE,2020-01-01,159.43179600852307,102134400.0,data_before_corruption (corruption at 2020-10-01)
stock_CUR3K@844b3eaf1ea2,MSLE,2020-04-01,615.6599143011013,394400976.0,data_before_corruption (corruption at 2020-10-01)
stock_CUR3K@844b3eaf1ea2,MSLE,2020-07-01,12.0,894300.0,data_before_corruption (corruption at 2020-10-01)
stock_CUR3K@844b3eaf1ea2,MSLE,2020-10-01,3456.8567558235277,260294400.0,data_before_corruption (corruption at 2020-10-01)
stock_CUR3K@844b3eaf1ea2,MTVA,2015-10-01,27.83,3868.37,data_before_corruption (corruption at 2019-01-01)
stock_CUR3K@844b3eaf1ea2,MTVA,2016-01-01,27.83,3868.37,data_before_corruption (corruption at 2019-01-01)
stock_CUR3K@844b3eaf1ea2,MTVA,2016-04-01,27.83,3868.37,data_before_corruption (corruption at 2019-01-01)
stock_CUR3K@844b3eaf1ea2,MTVA,2016-07-01,27.830000000000002,2949.98,data_before_corruption (corruption at 2019-01-01)
stock_CUR3K@844b3eaf1ea2,MTVA,2016-10-01,27.83,3896.2,data_before_corruption (corruption at 2019-01-01)
stock_CUR3K@844b3eaf1ea2,MTVA,2017-01-01,27.83,4007.5199999999995,data_before_corruption (corruption at 2019-01-01)
stock_CUR3K@844b3eaf1ea2,MTVA,2017-04-01,27.830000000000002,4480.63,data_before_corruption (corruption at 2019-01-01)
stock_CUR3K@844b3eaf1ea2,MTVA,2017-07-01,27.830000000000002,4480.63,data_before_corruption (corruption at 2019-01-01)
stock_CUR3K@844b3eaf1ea2,MTVA,2017-10-01,27.830000000000002,4480.63,data_before_corruption (corruption at 2019-01-01)
stock_CUR3K@844b3eaf1ea2,MTVA,2018-01-01,27.83,5232.04,data_before_corruption (corruption at 2019-01-01)
stock_CUR3K@844b3eaf1ea2,MTVA,2018-04-01,27.83,6011.28,data_before_corruption (corruption at 2019-01-01)
stock_CUR3K@844b3eaf1ea2,MTVA,2018-07-01,27.83,6011.28,data_before_corruption (corruption at 2019-01-01)
stock_CUR3K@844b3eaf1ea2,MTVA,2018-10-01,27.83,6011.28,data_before_corruption (corruption at 2019-01-01)
stock_CUR3K@844b3eaf1ea2,MTVA,2019-01-01,27.83,6011.28,data_before_corruption (corruption at 2019-01-01)
stock_CUR3K@844b3eaf1ea2,MYSZ,2007-04-01,,0.0,data_before_corruption (corruption at 2017-07-01)
stock_CUR3K@844b3eaf1ea2,MYSZ,2007-07-01,124797.6,124797600.0,data_before_corruption (corruption at 2017-07-01)
stock_CUR3K@844b3eaf1ea2,MYSZ,2007-10-01,124797.6,124797600.0,data_before_corruption (corruption at 2017-07-01)
stock_CUR3K@844b3eaf1ea2,MYSZ,2008-01-01,124797.6,124797600.0,data_before_corruption (corruption at 2017-07-01)
stock_CUR3K@844b3eaf1ea2,MYSZ,2008-04-01,124797.6,124797600.0,data_before_corruption (corruption at 2017-07-01)
stock_CUR3K@844b3eaf1ea2,MYSZ,2008-07-01,124797.59999999999,86484736.8,data_before_corruption (corruption at 2017-07-01)
stock_CUR3K@844b3eaf1ea2,MYSZ,2008-10-01,124797.6,63646776.0,data_before_corruption (corruption at 2017-07-01)
stock_CUR3K@844b3eaf1ea2,MYSZ,2009-01-01,124797.6,118682517.60000001,data_before_corruption (corruption at 2017-07-01)
stock_CUR3K@844b3eaf1ea2,MYSZ,2009-04-01,124797.6,3948845659.2000003,data_before_corruption (corruption at 2017-07-01)
stock_CUR3K@844b3eaf1ea2,MYSZ,2009-07-01,124797.6,3959578252.8,data_before_corruption (corruption at 2017-07-01)
stock_CUR3K@844b3eaf1ea2,MYSZ,2009-10-01,124797.6,33820149.6,data_before_corruption (corruption at 2017-07-01)
stock_CUR3K@844b3eaf1ea2,MYSZ,2010-01-01,124797.6,31698590.400000002,data_before_corruption (corruption at 2017-07-01)
stock_CUR3K@844b3eaf1ea2,MYSZ,2010-04-01,124797.6,3959578252.8,data_before_corruption (corruption at 2017-07-01)
stock_CUR3K@844b3eaf1ea2,MYSZ,2010-07-01,124797.6,4243118.4,data_before_corruption (corruption at 2017-07-01)
stock_CUR3K@844b3eaf1ea2,MYSZ,2010-10-01,124797.60000000002,42181588.800000004,data_before_corruption (corruption at 2017-07-01)
stock_CUR3K@844b3eaf1ea2,MYSZ,2011-01-01,124797.6,45051933.6,data_before_corruption (corruption at 2017-07-01)
stock_CUR3K@844b3eaf1ea2,MYSZ,2011-04-01,124797.6,60526836.0,data_before_corruption (corruption at 2017-07-01)
stock_CUR3K@844b3eaf1ea2,MYSZ,2011-07-01,124797.6,60526836.0,data_before_corruption (corruption at 2017-07-01)
stock_CUR3K@844b3eaf1ea2,MYSZ,2011-10-01,124797.6,52040599.2,data_before_corruption (corruption at 2017-07-01)
stock_CUR3K@844b3eaf1ea2,MYSZ,2012-01-01,124797.6,120055291.2,data_before_corruption (corruption at 2017-07-01)
stock_CUR3K@844b3eaf1ea2,MYSZ,2012-04-01,124797.6,124048814.4,data_before_corruption (corruption at 2017-07-01)
stock_CUR3K@844b3eaf1ea2,MYSZ,2012-07-01,,0.0,data_before_corruption (corruption at 2017-07-01)
stock_CUR3K@844b3eaf1ea2,MYSZ,2012-10-01,,0.0,data_before_corruption (corruption at 2017-07-01)
stock_CUR3K@844b3eaf1ea2,MYSZ,2013-01-01,,0.0,data_before_corruption (corruption at 2017-07-01)
stock_CUR3K@844b3eaf1ea2,MYSZ,2013-04-01,,0.0,data_before_corruption (corruption at 2017-07-01)
stock_CUR3K@844b3eaf1ea2,MYSZ,2013-07-01,,0.0,data_before_corruption (corruption at 2017-07-01)
stock_CUR3K@844b3eaf1ea2,MYSZ,2013-10-01,,0.0,data_before_corruption (corruption at 2017-07-01)
stock_CUR3K@844b3eaf1ea2,MYSZ,2014-01-01,,0.0,data_before_corruption (corruption at 2017-07-01)
stock_CUR3K@844b3eaf1ea2,MYSZ,2014-04-01,124797.6,65144347.2,data_before_corruption (corruption at 2017-07-01)
stock_CUR3K@844b3eaf1ea2,MYSZ,2014-07-01,124797.6,62523597.6,data_before_corruption (corruption at 2017-07-01)
stock_CUR3K@844b3eaf1ea2,MYSZ,2014-10-01,,0.0,data_before_corruption (corruption at 2017-07-01)
stock_CUR3K@844b3eaf1ea2,MYSZ,2015-01-01,124797.59999999999,79620868.8,data_before_corruption (corruption at 2017-07-01)
stock_CUR3K@844b3eaf1ea2,MYSZ,2015-04-01,124797.59999999999,79620868.8,data_before_corruption (corruption at 2017-07-01)
stock_CUR3K@844b3eaf1ea2,MYSZ,2015-07-01,124797.59999999999,79620868.8,data_before_corruption (corruption at 2017-07-01)
stock_CUR3K@844b3eaf1ea2,MYSZ,2015-10-01,124797.59999999999,79620868.8,data_before_corruption (corruption at 2017-07-01)
stock_CUR3K@844b3eaf1ea2,MYSZ,2016-01-01,124797.59999999999,79620868.8,data_before_corruption (corruption at 2017-07-01)
stock_CUR3K@844b3eaf1ea2,MYSZ,2016-04-01,124797.59999999999,79620868.8,data_before_corruption (corruption at 2017-07-01)
stock_CUR3K@844b3eaf1ea2,MYSZ,2016-07-01,126000.0,91350000.0,data_before_corruption (corruption at 2017-07-01)
stock_CUR3K@844b3eaf1ea2,MYSZ,2016-10-01,,0.0,data_before_corruption (corruption at 2017-07-01)
stock_CUR3K@844b3eaf1ea2,MYSZ,2017-01-01,63120.0,46077600.0,data_before_corruption (corruption at 2017-07-01)
stock_CUR3K@844b3eaf1ea2,MYSZ,2017-04-01,28353.6,20811542.4,data_before_corruption (corruption at 2017-07-01)
stock_CUR3K@844b3eaf1ea2,MYSZ,2017-07-01,17304.0,12701136.0,data_before_corruption (corruption at 2017-07-01)
stock_CUR3K@844b3eaf1ea2,NEDSE.AS,2002-10-01,,23151600.0,data_before_corruption (corruption at 2019-10-01)
stock_CUR3K@844b3eaf1ea2,NEDSE.AS,2003-10-01,,47480400.0,data_before_corruption (corruption at 2019-10-01)
stock_CUR3K@844b3eaf1ea2,NEDSE.AS,2004-10-01,,47044000.0,data_before_corruption (corruption at 2019-10-01)
stock_CUR3K@844b3eaf1ea2,NEDSE.AS,2005-10-01,,37981880.0,data_before_corruption (corruption at 2019-10-01)
stock_CUR3K@844b3eaf1ea2,NEDSE.AS,2006-10-01,,22487180.0,data_before_corruption (corruption at 2019-10-01)
stock_CUR3K@844b3eaf1ea2,NEDSE.AS,2007-10-01,,19467700.0,data_before_corruption (corruption at 2019-10-01)
stock_CUR3K@844b3eaf1ea2,NEDSE.AS,2008-10-01,,4699510.0,data_before_corruption (corruption at 2019-10-01)
stock_CUR3K@844b3eaf1ea2,NEDSE.AS,2009-10-01,0.599,9667261.0,data_before_corruption (corruption at 2019-10-01)
stock_CUR3K@844b3eaf1ea2,NEDSE.AS,2010-04-01,0.42,10583580.0,data_before_corruption (corruption at 2019-10-01)
stock_CUR3K@844b3eaf1ea2,NEDSE.AS,2010-10-01,0.49,12347510.0,data_before_corruption (corruption at 2019-10-01)
stock_CUR3K@844b3eaf1ea2,NEDSE.AS,2011-04-01,0.405,12915045.0,data_before_corruption (corruption at 2019-10-01)
stock_CUR3K@844b3eaf1ea2,NEDSE.AS,2011-10-01,0.37,11798930.0,data_before_corruption (corruption at 2019-10-01)
stock_CUR3K@844b3eaf1ea2,NEDSE.AS,2012-04-01,0.33,13913790.0,data_before_corruption (corruption at 2019-10-01)
stock_CUR3K@844b3eaf1ea2,NEDSE.AS,2012-10-01,0.299,12606737.0,data_before_corruption (corruption at 2019-10-01)
stock_CUR3K@844b3eaf1ea2,NEDSE.AS,2013-04-01,0.28,8031240.000000001,data_before_corruption (corruption at 2019-10-01)
stock_CUR3K@844b3eaf1ea2,NEDSE.AS,2013-10-01,0.25,7170750.0,data_before_corruption (corruption at 2019-10-01)
stock_CUR3K@844b3eaf1ea2,NEDSE.AS,2014-04-01,0.29,8274569.999999999,data_before_corruption (corruption at 2019-10-01)
stock_CUR3K@844b3eaf1ea2,NEDSE.AS,2014-10-01,0.16,4589280.0,data_before_corruption (corruption at 2019-10-01)
stock_CUR3K@844b3eaf1ea2,NEDSE.AS,2015-04-01,0.16,5066880.0,data_before_corruption (corruption at 2019-10-01)
stock_CUR3K@844b3eaf1ea2,NEDSE.AS,2015-10-01,0.07,2065140.0000000002,data_before_corruption (corruption at 2019-10-01)
stock_CUR3K@844b3eaf1ea2,NEDSE.AS,2016-04-01,0.08,2399360.0,data_before_corruption (corruption at 2019-10-01)
stock_CUR3K@844b3eaf1ea2,NEDSE.AS,2016-10-01,0.09,2685060.0,data_before_corruption (corruption at 2019-10-01)
stock_CUR3K@844b3eaf1ea2,NEDSE.AS,2017-04-01,0.13,3889340.0,data_before_corruption (corruption at 2019-10-01)
stock_CUR3K@844b3eaf1ea2,NEDSE.AS,2017-10-01,0.274,8196580.946,data_before_corruption (corruption at 2019-10-01)
stock_CUR3K@844b3eaf1ea2,NEDSE.AS,2018-04-01,0.15,5086800.0,data_before_corruption (corruption at 2019-10-01)
stock_CUR3K@844b3eaf1ea2,NEDSE.AS,2018-10-01,0.153,5420790.0,data_before_corruption (corruption at 2019-10-01)
stock_CUR3K@844b3eaf1ea2,NEDSE.AS,2019-04-01,0.18,6102540.0,data_before_corruption (corruption at 2019-10-01)
stock_CUR3K@844b3eaf1ea2,NEDSE.AS,2019-10-01,0.151,6310711.743,data_before_corruption (corruption at 2019-10-01)
stock_CUR3K@844b3eaf1ea2,OLOX,2006-07-01,590272.0,9822107191.296,data_before_corruption (corruption at 2020-01-01)
stock_CUR3K@844b3eaf1ea2,OLOX,2006-10-01,590272.0,491096859.648,data_before_corruption (corruption at 2020-01-01)
stock_CUR3K@844b3eaf1ea2,OLOX,2007-01-01,590272.0,9822107191.296,data_before_corruption (corruption at 2020-01-01)
stock_CUR3K@844b3eaf1ea2,OLOX,2007-04-01,590272.0,9822107191.296,data_before_corruption (corruption at 2020-01-01)
stock_CUR3K@844b3eaf1ea2,OLOX,2007-07-01,590272.0,9822107191.296,data_before_corruption (corruption at 2020-01-01)
stock_CUR3K@844b3eaf1ea2,OLOX,2007-10-01,590272.0,491096859.648,data_before_corruption (corruption at 2020-01-01)
stock_CUR3K@844b3eaf1ea2,OLOX,2008-01-01,590272.0,9822107191.296,data_before_corruption (corruption at 2020-01-01)
stock_CUR3K@844b3eaf1ea2,OLOX,2008-04-01,590272.0,9822107191.296,data_before_corruption (corruption at 2020-01-01)
stock_CUR3K@844b3eaf1ea2,OLOX,2008-07-01,590272.0,9822107191.296,data_before_corruption (corruption at 2020-01-01)
stock_CUR3K@844b3eaf1ea2,OLOX,2008-10-01,590272.0,491096859.648,data_before_corruption (corruption at 2020-01-01)
stock_CUR3K@844b3eaf1ea2,OLOX,2009-01-01,590272.0,9822107191.296,data_before_corruption (corruption at 2020-01-01)
stock_CUR3K@844b3eaf1ea2,OLOX,2009-04-01,590272.0,9822107191.296,data_before_corruption (corruption at 2020-01-01)
stock_CUR3K@844b3eaf1ea2,OLOX,2009-07-01,590272.0,9822107191.296,data_before_corruption (corruption at 2020-01-01)
stock_CUR3K@844b3eaf1ea2,OLOX,2009-10-01,590272.0,491096859.648,data_before_corruption (corruption at 2020-01-01)
stock_CUR3K@844b3eaf1ea2,OLOX,2010-01-01,590272.0,491096859.648,data_before_corruption (corruption at 2020-01-01)
stock_CUR3K@844b3eaf1ea2,OLOX,2010-04-01,590272.0,508748353.536,data_before_corruption (corruption at 2020-01-01)
stock_CUR3K@844b3eaf1ea2,OLOX,2010-07-01,590272.0,514707739.648,data_before_corruption (corruption at 2020-01-01)
stock_CUR3K@844b3eaf1ea2,OLOX,2010-10-01,590272.0,514707739.648,data_before_corruption (corruption at 2020-01-01)
stock_CUR3K@844b3eaf1ea2,OLOX,2011-01-01,590272.0,30883031040.0,data_before_corruption (corruption at 2020-01-01)
stock_CUR3K@844b3eaf1ea2,OLOX,2011-04-01,590272.0,30883031040.0,data_before_corruption (corruption at 2020-01-01)
stock_CUR3K@844b3eaf1ea2,OLOX,2011-07-01,590272.0,30883031040.0,data_before_corruption (corruption at 2020-01-01)
stock_CUR3K@844b3eaf1ea2,OLOX,2011-10-01,590272.0,6271644722.176,data_before_corruption (corruption at 2020-01-01)
stock_CUR3K@844b3eaf1ea2,OLOX,2012-01-01,590272.0,5642018107.391999,data_before_corruption (corruption at 2020-01-01)
stock_CUR3K@844b3eaf1ea2,OLOX,2012-04-01,590272.0,6608836421.632,data_before_corruption (corruption at 2020-01-01)
stock_CUR3K@844b3eaf1ea2,OLOX,2012-07-01,590272.0,6608836421.632,data_before_corruption (corruption at 2020-01-01)
stock_CUR3K@844b3eaf1ea2,OLOX,2012-10-01,590272.0,6626733468.672001,data_before_corruption (corruption at 2020-01-01)
stock_CUR3K@844b3eaf1ea2,OLOX,2013-01-01,590272.0,320682972.15999997,data_before_corruption (corruption at 2020-01-01)
stock_CUR3K@844b3eaf1ea2,OLOX,2013-04-01,590272.0,306846996.48,data_before_corruption (corruption at 2020-01-01)
stock_CUR3K@844b3eaf1ea2,OLOX,2013-07-01,590272.0,332110638.08,data_before_corruption (corruption at 2020-01-01)
stock_CUR3K@844b3eaf1ea2,OLOX,2013-10-01,590272.0,336190598.144,data_before_corruption (corruption at 2020-01-01)
stock_CUR3K@844b3eaf1ea2,OLOX,2014-01-01,590272.0,403708270.592,data_before_corruption (corruption at 2020-01-01)
stock_CUR3K@844b3eaf1ea2,OLOX,2014-04-01,590272.0,336634482.68799996,data_before_corruption (corruption at 2020-01-01)
stock_CUR3K@844b3eaf1ea2,OLOX,2014-07-01,590272.0,336634482.68799996,data_before_corruption (corruption at 2020-01-01)
stock_CUR3K@844b3eaf1ea2,OLOX,2014-10-01,590272.0,371673028.608,data_before_corruption (corruption at 2020-01-01)
stock_CUR3K@844b3eaf1ea2,OLOX,2015-01-01,590272.0,337786693.63199997,data_before_corruption (corruption at 2020-01-01)
stock_CUR3K@844b3eaf1ea2,OLOX,2015-04-01,590272.0,337786693.63199997,data_before_corruption (corruption at 2020-01-01)
stock_CUR3K@844b3eaf1ea2,OLOX,2015-07-01,590272.0,337786693.63199997,data_before_corruption (corruption at 2020-01-01)
stock_CUR3K@844b3eaf1ea2,OLOX,2015-10-01,590272.0,337786693.63199997,data_before_corruption (corruption at 2020-01-01)
stock_CUR3K@844b3eaf1ea2,OLOX,2016-01-01,590272.0,1013350636.544,data_before_corruption (corruption at 2020-01-01)
stock_CUR3K@844b3eaf1ea2,OLOX,2016-04-01,590272.0,1013350636.544,data_before_corruption (corruption at 2020-01-01)
stock_CUR3K@844b3eaf1ea2,OLOX,2016-07-01,590272.0,4640548465.6640005,data_before_corruption (corruption at 2020-01-01)
stock_CUR3K@844b3eaf1ea2,OLOX,2016-10-01,590272.0,121274924.032,data_before_corruption (corruption at 2020-01-01)
stock_CUR3K@844b3eaf1ea2,OLOX,2017-01-01,590272.0,1547938737.1520002,data_before_corruption (corruption at 2020-01-01)
stock_CUR3K@844b3eaf1ea2,OLOX,2017-04-01,563872.0,4884701339.648,data_before_corruption (corruption at 2020-01-01)
stock_CUR3K@844b3eaf1ea2,OLOX,2017-07-01,513484.79999999993,85813579.776,data_before_corruption (corruption at 2020-01-01)
stock_CUR3K@844b3eaf1ea2,OLOX,2017-10-01,717440.0,123284889.60000001,data_before_corruption (corruption at 2020-01-01)
stock_CUR3K@844b3eaf1ea2,OLOX,2018-01-01,552678.4,94176399.36000001,data_before_corruption (corruption at 2020-01-01)
stock_CUR3K@844b3eaf1ea2,OLOX,2018-04-01,623872.0,106307788.8,data_before_corruption (corruption at 2020-01-01)
stock_CUR3K@844b3eaf1ea2,OLOX,2018-07-01,479891.2,81773460.48,data_before_corruption (corruption at 2020-01-01)
stock_CUR3K@844b3eaf1ea2,OLOX,2018-10-01,324524.8,55299025.92,data_before_corruption (corruption at 2020-01-01)
stock_CUR3K@844b3eaf1ea2,OLOX,2019-01-01,217152.00000000003,37002700.800000004,data_before_corruption (corruption at 2020-01-01)
stock_CUR3K@844b3eaf1ea2,OLOX,2019-04-01,89977.6,17411025.5104,data_before_corruption (corruption at 2020-01-01)
stock_CUR3K@844b3eaf1ea2,OLOX,2019-07-01,50630.4,11533200.0768,data_before_corruption (corruption at 2020-01-01)
stock_CUR3K@844b3eaf1ea2,OLOX,2019-10-01,18822.4,7086257.152000001,data_before_corruption (corruption at 2020-01-01)
stock_CUR3K@844b3eaf1ea2,OLOX,2020-01-01,55788.8,52016584.4992,data_before_corruption (corruption at 2020-01-01)
stock_CUR3K@844b3eaf1ea2,PIF.TO,2006-07-01,2353.0,748254.0,data_before_corruption (corruption at 2009-07-01)
stock_CUR3K@844b3eaf1ea2,PIF.TO,2006-10-01,2278.12,724442.1599999999,data_before_corruption (corruption at 2009-07-01)
stock_CUR3K@844b3eaf1ea2,PIF.TO,2007-01-01,1555.372,656366.984,data_before_corruption (corruption at 2009-07-01)
stock_CUR3K@844b3eaf1ea2,PIF.TO,2007-04-01,2054.58,867032.76,data_before_corruption (corruption at 2009-07-01)
stock_CUR3K@844b3eaf1ea2,PIF.TO,2007-07-01,2139.09,902695.9800000001,data_before_corruption (corruption at 2009-07-01)
stock_CUR3K@844b3eaf1ea2,PIF.TO,2007-10-01,2078.752,877233.3439999999,data_before_corruption (corruption at 2009-07-01)
stock_CUR3K@844b3eaf1ea2,PIF.TO,2008-01-01,2186.5679999999998,922731.6959999999,data_before_corruption (corruption at 2009-07-01)
stock_CUR3K@844b3eaf1ea2,PIF.TO,2008-04-01,2497.25,1053839.5,data_before_corruption (corruption at 2009-07-01)
stock_CUR3K@844b3eaf1ea2,PIF.TO,2008-07-01,2115.9024,892910.8128,data_before_corruption (corruption at 2009-07-01)
stock_CUR3K@844b3eaf1ea2,PIF.TO,2008-10-01,400.65000000000003,169074.30000000002,data_before_corruption (corruption at 2009-07-01)
stock_CUR3K@844b3eaf1ea2,PIF.TO,2009-01-01,674.2400000000001,284529.28,data_before_corruption (corruption at 2009-07-01)
stock_CUR3K@844b3eaf1ea2,PIF.TO,2009-04-01,1375.3949999999998,580416.69,data_before_corruption (corruption at 2009-07-01)
stock_CUR3K@844b3eaf1ea2,PIF.TO,2009-07-01,1516.078,639784.916,data_before_corruption (corruption at 2009-07-01)
stock_CUR3K@844b3eaf1ea2,PPBT,2013-01-01,146340.5779452273,3219492.7147950004,data_before_corruption (corruption at 2025-07-01)
stock_CUR3K@844b3eaf1ea2,PPBT,2013-04-01,144850.10652848482,4780053.515439999,data_before_corruption (corruption at 2025-07-01)
stock_CUR3K@844b3eaf1ea2,PPBT,2013-07-01,365253.74787599995,17166926.150172,data_before_corruption (corruption at 2025-07-01)
stock_CUR3K@844b3eaf1ea2,PPBT,2013-10-01,123380.81160012634,6045659.768406191,data_before_corruption (corruption at 2025-07-01)
stock_CUR3K@844b3eaf1ea2,PPBT,2014-01-01,103074.91749275678,6906019.472014704,data_before_corruption (corruption at 2025-07-01)
stock_CUR3K@844b3eaf1ea2,PPBT,2014-04-01,70101.06533514668,7570915.05619584,data_before_corruption (corruption at 2025-07-01)
stock_CUR3K@844b3eaf1ea2,PPBT,2014-07-01,35464.60876911709,4291217.661063168,data_before_corruption (corruption at 2025-07-01)
stock_CUR3K@844b3eaf1ea2,PPBT,2014-10-01,15615.96023677047,2326778.0752788,data_before_corruption (corruption at 2025-07-01)
stock_CUR3K@844b3eaf1ea2,PPBT,2015-01-01,15187.896512214764,2262996.5803199997,data_before_corruption (corruption at 2025-07-01)
stock_CUR3K@844b3eaf1ea2,PPBT,2015-04-01,14625.63644188265,4636326.7520768,data_before_corruption (corruption at 2025-07-01)
stock_CUR3K@844b3eaf1ea2,PPBT,2015-07-01,14713.73906463158,4752537.717876,data_before_corruption (corruption at 2025-07-01)
stock_CUR3K@844b3eaf1ea2,PPBT,2015-10-01,10634.761736795059,12049185.0477888,data_before_corruption (corruption at 2025-07-01)
stock_CUR3K@844b3eaf1ea2,PPBT,2016-01-01,8599.530963302752,16872279.75,data_before_corruption (corruption at 2025-07-01)
stock_CUR3K@844b3eaf1ea2,PPBT,2016-04-01,6442.713855759429,12640604.584999999,data_before_corruption (corruption at 2025-07-01)
stock_CUR3K@844b3eaf1ea2,PPBT,2016-07-01,6907.309053797469,26192515.932,data_before_corruption (corruption at 2025-07-01)
stock_CUR3K@844b3eaf1ea2,PPBT,2016-10-01,6278.502952531645,23808083.196,data_before_corruption (corruption at 2025-07-01)
stock_CUR3K@844b3eaf1ea2,PPBT,2017-01-01,4102.904226282365,16797289.902400002,data_before_corruption (corruption at 2025-07-01)
stock_CUR3K@844b3eaf1ea2,PPBT,2017-04-01,3194.828536590132,13079628.0288,data_before_corruption (corruption at 2025-07-01)
stock_CUR3K@844b3eaf1ea2,PPBT,2017-07-01,4066.416,21804122.592,data_before_corruption (corruption at 2025-07-01)
stock_CUR3K@844b3eaf1ea2,PPBT,2017-10-01,4520.285999999999,24237773.531999998,data_before_corruption (corruption at 2025-07-01)
stock_CUR3K@844b3eaf1ea2,PPBT,2018-01-01,4585.243228635924,28437678.504,data_before_corruption (corruption at 2025-07-01)
stock_CUR3K@844b3eaf1ea2,PPBT,2018-04-01,4891.120686230248,30334730.496,data_before_corruption (corruption at 2025-07-01)
stock_CUR3K@844b3eaf1ea2,PPBT,2018-07-01,3786.956610847288,30303226.8,data_before_corruption (corruption at 2025-07-01)
stock_CUR3K@844b3eaf1ea2,PPBT,2018-10-01,1378.4769278930269,11030572.377,data_before_corruption (corruption at 2025-07-01)
stock_CUR3K@844b3eaf1ea2,PPBT,2019-01-01,2374.1749245271612,22770711.70114,data_before_corruption (corruption at 2025-07-01)
stock_CUR3K@844b3eaf1ea2,PPBT,2019-04-01,1878.6707341465958,18018331.0112,data_before_corruption (corruption at 2025-07-01)
stock_CUR3K@844b3eaf1ea2,PPBT,2019-07-01,1548.5634599999998,15138756.38496,data_before_corruption (corruption at 2025-07-01)
stock_CUR3K@844b3eaf1ea2,PPBT,2019-10-01,1473.52592,20512954.33232,data_before_corruption (corruption at 2025-07-01)
stock_CUR3K@844b3eaf1ea2,PPBT,2020-01-01,719.4748530883674,21616621.961039998,data_before_corruption (corruption at 2025-07-01)
stock_CUR3K@844b3eaf1ea2,PPBT,2020-04-01,2288.901890594109,68770057.3029,data_before_corruption (corruption at 2025-07-01)
stock_CUR3K@844b3eaf1ea2,PPBT,2020-07-01,6.138465773056669,272756.58816000004,data_before_corruption (corruption at 2025-07-01)
stock_CUR3K@844b3eaf1ea2,PPBT,2020-10-01,24.425821377773776,1085336.9471,data_before_corruption (corruption at 2025-07-01)
stock_CUR3K@844b3eaf1ea2,PPBT,2021-01-01,843.8484559830584,73319460.795,data_before_corruption (corruption at 2025-07-01)
stock_CUR3K@844b3eaf1ea2,PPBT,2021-04-01,971.5296599999998,85108912.80497998,data_before_corruption (corruption at 2025-07-01)
stock_CUR3K@844b3eaf1ea2,PPBT,2021-07-01,891.9213599999998,78098418.12431999,data_before_corruption (corruption at 2025-07-01)
stock_CUR3K@844b3eaf1ea2,PPBT,2021-10-01,769.1535872362007,78103701.0159,data_before_corruption (corruption at 2025-07-01)
stock_CUR3K@844b3eaf1ea2,PPBT,2022-01-01,804.1106367350751,71616505.639536,data_before_corruption (corruption at 2025-07-01)
stock_CUR3K@844b3eaf1ea2,PPBT,2022-04-01,475.6078517530864,42761901.95112,data_before_corruption (corruption at 2025-07-01)
stock_CUR3K@844b3eaf1ea2,PPBT,2022-07-01,376.4709007987429,34020545.89248,data_before_corruption (corruption at 2025-07-01)
stock_CUR3K@844b3eaf1ea2,PPBT,2022-10-01,291.30522201735454,26784641.2488297,data_before_corruption (corruption at 2025-07-01)
stock_CUR3K@844b3eaf1ea2,PPBT,2023-01-01,356.36672622524543,35349441.041186996,data_before_corruption (corruption at 2025-07-01)
stock_CUR3K@844b3eaf1ea2,PPBT,2023-04-01,293.51712653286614,30828690.834,data_before_corruption (corruption at 2025-07-01)
stock_CUR3K@844b3eaf1ea2,PPBT,2023-07-01,216.08306667371295,23592597.468636002,data_before_corruption (corruption at 2025-07-01)
stock_CUR3K@844b3eaf1ea2,PPBT,2023-10-01,175.8340467345211,22488119.57306484,data_before_corruption (corruption at 2025-07-01)
stock_CUR3K@844b3eaf1ea2,PPBT,2024-01-01,131.7145781907504,17856150.221585456,data_before_corruption (corruption at 2025-07-01)
stock_CUR3K@844b3eaf1ea2,PPBT,2024-04-01,79.26525139679218,10911971.568287998,data_before_corruption (corruption at 2025-07-01)
stock_CUR3K@844b3eaf1ea2,PPBT,2024-07-01,54.3524388408199,9418625.421848,data_before_corruption (corruption at 2025-07-01)
stock_CUR3K@844b3eaf1ea2,PPBT,2024-10-01,51.18063513003485,10502522.231858801,data_before_corruption (corruption at 2025-07-01)
stock_CUR3K@844b3eaf1ea2,PPBT,2025-01-01,27.548013637608207,7255375.447764149,data_before_corruption (corruption at 2025-07-01)
stock_CUR3K@844b3eaf1ea2,PPBT,2025-04-01,24.23851726560872,6634397.27632156,data_before_corruption (corruption at 2025-07-01)
stock_CUR3K@844b3eaf1ea2,PPBT,2025-07-01,0.05310988825110029,15120.3320752,data_before_corruption (corruption at 2025-07-01)
stock_CUR3K@844b3eaf1ea2,PPR.TO,2006-07-01,36.0,261396.0,data_before_corruption (corruption at 2014-10-01)
stock_CUR3K@844b3eaf1ea2,PPR.TO,2006-10-01,36.0,245952.0,data_before_corruption (corruption at 2014-10-01)
stock_CUR3K@844b3eaf1ea2,PPR.TO,2007-01-01,36.0,294552.0,data_before_corruption (corruption at 2014-10-01)
stock_CUR3K@844b3eaf1ea2,PPR.TO,2007-04-01,36.0,295200.0,data_before_corruption (corruption at 2014-10-01)
stock_CUR3K@844b3eaf1ea2,PPR.TO,2007-07-01,36.0,295668.0,data_before_corruption (corruption at 2014-10-01)
stock_CUR3K@844b3eaf1ea2,PPR.TO,2007-10-01,36.0,301680.0,data_before_corruption (corruption at 2014-10-01)
stock_CUR3K@844b3eaf1ea2,PPR.TO,2008-01-01,36.0,356724.0,data_before_corruption (corruption at 2014-10-01)
stock_CUR3K@844b3eaf1ea2,PPR.TO,2008-04-01,36.0,360288.0,data_before_corruption (corruption at 2014-10-01)
stock_CUR3K@844b3eaf1ea2,PPR.TO,2008-07-01,36.0,364644.0,data_before_corruption (corruption at 2014-10-01)
stock_CUR3K@844b3eaf1ea2,PPR.TO,2008-10-01,36.0,355752.0,data_before_corruption (corruption at 2014-10-01)
stock_CUR3K@844b3eaf1ea2,PPR.TO,2009-01-01,36.0,405000.0,data_before_corruption (corruption at 2014-10-01)
stock_CUR3K@844b3eaf1ea2,PPR.TO,2009-04-01,36.0,405000.0,data_before_corruption (corruption at 2014-10-01)
stock_CUR3K@844b3eaf1ea2,PPR.TO,2009-07-01,36.0,415620.0,data_before_corruption (corruption at 2014-10-01)
stock_CUR3K@844b3eaf1ea2,PPR.TO,2009-10-01,36.0,418176.0,data_before_corruption (corruption at 2014-10-01)
stock_CUR3K@844b3eaf1ea2,PPR.TO,2010-01-01,36.0,503460.0,data_before_corruption (corruption at 2014-10-01)
stock_CUR3K@844b3eaf1ea2,PPR.TO,2010-04-01,36.0,539064.0,data_before_corruption (corruption at 2014-10-01)
stock_CUR3K@844b3eaf1ea2,PPR.TO,2010-07-01,36.0,536040.0,data_before_corruption (corruption at 2014-10-01)
stock_CUR3K@844b3eaf1ea2,PPR.TO,2010-10-01,36.0,535212.0,data_before_corruption (corruption at 2014-10-01)
stock_CUR3K@844b3eaf1ea2,PPR.TO,2011-01-01,36.0,607608.0,data_before_corruption (corruption at 2014-10-01)
stock_CUR3K@844b3eaf1ea2,PPR.TO,2011-04-01,36.0,644508.0,data_before_corruption (corruption at 2014-10-01)
stock_CUR3K@844b3eaf1ea2,PPR.TO,2011-07-01,36.0,645444.0,data_before_corruption (corruption at 2014-10-01)
stock_CUR3K@844b3eaf1ea2,PPR.TO,2011-10-01,36.0,632952.0,data_before_corruption (corruption at 2014-10-01)
stock_CUR3K@844b3eaf1ea2,PPR.TO,2012-01-01,36.0,626580.0,data_before_corruption (corruption at 2014-10-01)
stock_CUR3K@844b3eaf1ea2,PPR.TO,2012-04-01,36.0,624924.0,data_before_corruption (corruption at 2014-10-01)
stock_CUR3K@844b3eaf1ea2,PPR.TO,2012-07-01,36.0,625536.0,data_before_corruption (corruption at 2014-10-01)
stock_CUR3K@844b3eaf1ea2,PPR.TO,2012-10-01,36.0,625212.0,data_before_corruption (corruption at 2014-10-01)
stock_CUR3K@844b3eaf1ea2,PPR.TO,2013-01-01,36.0,622836.0,data_before_corruption (corruption at 2014-10-01)
stock_CUR3K@844b3eaf1ea2,PPR.TO,2013-04-01,36.0,635904.0,data_before_corruption (corruption at 2014-10-01)
stock_CUR3K@844b3eaf1ea2,PPR.TO,2013-07-01,36.0,642816.0,data_before_corruption (corruption at 2014-10-01)
stock_CUR3K@844b3eaf1ea2,PPR.TO,2013-10-01,36.0,638244.0,data_before_corruption (corruption at 2014-10-01)
stock_CUR3K@844b3eaf1ea2,PPR.TO,2014-01-01,36.0,643608.0,data_before_corruption (corruption at 2014-10-01)
stock_CUR3K@844b3eaf1ea2,PPR.TO,2014-04-01,36.0,643392.0,data_before_corruption (corruption at 2014-10-01)
stock_CUR3K@844b3eaf1ea2,PPR.TO,2014-07-01,36.0,675252.0,data_before_corruption (corruption at 2014-10-01)
stock_CUR3K@844b3eaf1ea2,PPR.TO,2014-10-01,36.0,662616.0,data_before_corruption (corruption at 2014-10-01)
stock_CUR3K@844b3eaf1ea2,PROAC.PA,2009-04-01,0.3954177992271617,37570911.243980005,data_before_corruption (corruption at 2015-10-01)
stock_CUR3K@844b3eaf1ea2,PROAC.PA,2009-10-01,0.21805,22740068.83015,data_before_corruption (corruption at 2015-10-01)
stock_CUR3K@844b3eaf1ea2,PROAC.PA,2010-04-01,0.1516777108401676,15818214.1,data_before_corruption (corruption at 2015-10-01)
stock_CUR3K@844b3eaf1ea2,PROAC.PA,2010-10-01,0.17,20685356.900000002,data_before_corruption (corruption at 2015-10-01)
stock_CUR3K@844b3eaf1ea2,PROAC.PA,2011-04-01,0.25704187187604194,31276487.400000002,data_before_corruption (corruption at 2015-10-01)
stock_CUR3K@844b3eaf1ea2,PROAC.PA,2011-10-01,0.14764420124748406,23088960.0,data_before_corruption (corruption at 2015-10-01)
stock_CUR3K@844b3eaf1ea2,PROAC.PA,2012-04-01,0.20034769864038918,25699000.0,data_before_corruption (corruption at 2015-10-01)
stock_CUR3K@844b3eaf1ea2,PROAC.PA,2012-10-01,0.17014553095451185,21862850.0,data_before_corruption (corruption at 2015-10-01)
stock_CUR3K@844b3eaf1ea2,PROAC.PA,2013-04-01,0.17908323937638507,23031000.0,data_before_corruption (corruption at 2015-10-01)
stock_CUR3K@844b3eaf1ea2,PROAC.PA,2013-10-01,0.17985588120359516,23012560.0,data_before_corruption (corruption at 2015-10-01)
stock_CUR3K@844b3eaf1ea2,PROAC.PA,2014-04-01,0.14018305655694108,18976300.0,data_before_corruption (corruption at 2015-10-01)
stock_CUR3K@844b3eaf1ea2,PROAC.PA,2014-10-01,0.11966180973108562,16219560.0,data_before_corruption (corruption at 2015-10-01)
stock_CUR3K@844b3eaf1ea2,PROAC.PA,2015-04-01,0.150280772104792,20312400.0,data_before_corruption (corruption at 2015-10-01)
stock_CUR3K@844b3eaf1ea2,PROAC.PA,2015-10-01,0.0,0.0,data_before_corruption (corruption at 2015-10-01)
stock_CUR3K@844b3eaf1ea2,PTAL.L,2006-07-01,166.0,156411176.0,data_before_corruption (corruption at 2017-04-01)
stock_CUR3K@844b3eaf1ea2,PTAL.L,2006-10-01,0.21926348587451322,178602388.0,data_before_corruption (corruption at 2017-04-01)
stock_CUR3K@844b3eaf1ea2,PTAL.L,2007-01-01,162.0,153225432.0,data_before_corruption (corruption at 2017-04-01)
stock_CUR3K@844b3eaf1ea2,PTAL.L,2007-04-01,196.0,185685304.0,data_before_corruption (corruption at 2017-04-01)
stock_CUR3K@844b3eaf1ea2,PTAL.L,2007-07-01,206.0,196799216.0,data_before_corruption (corruption at 2017-04-01)
stock_CUR3K@844b3eaf1ea2,PTAL.L,2007-10-01,0.3388382382549512,276002720.0,data_before_corruption (corruption at 2017-04-01)
stock_CUR3K@844b3eaf1ea2,PTAL.L,2008-01-01,230.0,273930000.0,data_before_corruption (corruption at 2017-04-01)
stock_CUR3K@844b3eaf1ea2,PTAL.L,2008-04-01,294.0,350742000.0,data_before_corruption (corruption at 2017-04-01)
stock_CUR3K@844b3eaf1ea2,PTAL.L,2008-07-01,130.0,164060000.0,data_before_corruption (corruption at 2017-04-01)
stock_CUR3K@844b3eaf1ea2,PTAL.L,2008-10-01,40.68978423236514,49031190.0,data_before_corruption (corruption at 2017-04-01)
stock_CUR3K@844b3eaf1ea2,PTAL.L,2009-01-01,65.02085561497326,85112300.0,data_before_corruption (corruption at 2017-04-01)
stock_CUR3K@844b3eaf1ea2,PTAL.L,2009-04-01,113.0,148030000.0,data_before_corruption (corruption at 2017-04-01)
stock_CUR3K@844b3eaf1ea2,PTAL.L,2009-07-01,146.0,191406000.0,data_before_corruption (corruption at 2017-04-01)
stock_CUR3K@844b3eaf1ea2,PTAL.L,2009-10-01,187.9283536585366,246562000.0,data_before_corruption (corruption at 2017-04-01)
stock_CUR3K@844b3eaf1ea2,PTAL.L,2010-01-01,211.0,278309000.0,data_before_corruption (corruption at 2017-04-01)
stock_CUR3K@844b3eaf1ea2,PTAL.L,2010-04-01,188.0,250980000.0,data_before_corruption (corruption at 2017-04-01)
stock_CUR3K@844b3eaf1ea2,PTAL.L,2010-07-01,314.0,459068000.0,data_before_corruption (corruption at 2017-04-01)
stock_CUR3K@844b3eaf1ea2,PTAL.L,2010-10-01,349.89568845618913,503150000.0,data_before_corruption (corruption at 2017-04-01)
stock_CUR3K@844b3eaf1ea2,PTAL.L,2011-01-01,448.0,847616000.0,data_before_corruption (corruption at 2017-04-01)
stock_CUR3K@844b3eaf1ea2,PTAL.L,2011-04-01,173.0,329565000.0,data_before_corruption (corruption at 2017-04-01)
stock_CUR3K@844b3eaf1ea2,PTAL.L,2011-07-01,96.0,197856000.0,data_before_corruption (corruption at 2017-04-01)
stock_CUR3K@844b3eaf1ea2,PTAL.L,2011-10-01,170.71393280632412,345525000.0,data_before_corruption (corruption at 2017-04-01)
stock_CUR3K@844b3eaf1ea2,PTAL.L,2012-01-01,161.0,358386000.0,data_before_corruption (corruption at 2017-04-01)
stock_CUR3K@844b3eaf1ea2,PTAL.L,2012-04-01,96.0,213888000.0,data_before_corruption (corruption at 2017-04-01)
stock_CUR3K@844b3eaf1ea2,PTAL.L,2012-07-01,145.6,324542400.0,data_before_corruption (corruption at 2017-04-01)
stock_CUR3K@844b3eaf1ea2,PTAL.L,2012-10-01,80.04624102333932,178343025.0,data_before_corruption (corruption at 2017-04-01)
stock_CUR3K@844b3eaf1ea2,PTAL.L,2013-01-01,79.3,196426100.0,data_before_corruption (corruption at 2017-04-01)
stock_CUR3K@844b3eaf1ea2,PTAL.L,2013-04-01,71.0,219816000.0,data_before_corruption (corruption at 2017-04-01)
stock_CUR3K@844b3eaf1ea2,PTAL.L,2013-07-01,72.0,222912000.0,data_before_corruption (corruption at 2017-04-01)
stock_CUR3K@844b3eaf1ea2,PTAL.L,2013-10-01,61.54891304347826,181200000.0,data_before_corruption (corruption at 2017-04-01)
stock_CUR3K@844b3eaf1ea2,PTAL.L,2014-01-01,58.7,181735200.0,data_before_corruption (corruption at 2017-04-01)
stock_CUR3K@844b3eaf1ea2,PTAL.L,2014-04-01,55.0,170280000.0,data_before_corruption (corruption at 2017-04-01)
stock_CUR3K@844b3eaf1ea2,PTAL.L,2014-07-01,44.99,162728830.0,data_before_corruption (corruption at 2017-04-01)
stock_CUR3K@844b3eaf1ea2,PTAL.L,2014-10-01,0.08538087006909285,69547500.0,data_before_corruption (corruption at 2017-04-01)
stock_CUR3K@844b3eaf1ea2,PTAL.L,2015-01-01,13.8,52605600.0,data_before_corruption (corruption at 2017-04-01)
stock_CUR3K@844b3eaf1ea2,PTAL.L,2015-04-01,15.0,57180000.0,data_before_corruption (corruption at 2017-04-01)
stock_CUR3K@844b3eaf1ea2,PTAL.L,2015-07-01,5.0,20210000.0,data_before_corruption (corruption at 2017-04-01)
stock_CUR3K@844b3eaf1ea2,PTAL.L,2015-10-01,2.3057185479860767,9273600.0,data_before_corruption (corruption at 2017-04-01)
stock_CUR3K@844b3eaf1ea2,PTAL.L,2016-01-01,2.0,8832000.0,data_before_corruption (corruption at 2017-04-01)
stock_CUR3K@844b3eaf1ea2,PTAL.L,2016-04-01,1.0,54622000.0,data_before_corruption (corruption at 2017-04-01)
stock_CUR3K@844b3eaf1ea2,PTAL.L,2016-07-01,0.46,67705560.0,data_before_corruption (corruption at 2017-04-01)
stock_CUR3K@844b3eaf1ea2,PTAL.L,2016-10-01,132.4674,66233700.0,data_before_corruption (corruption at 2017-04-01)
stock_CUR3K@844b3eaf1ea2,PTAL.L,2017-01-01,0.67,98614620.0,data_before_corruption (corruption at 2017-04-01)
stock_CUR3K@844b3eaf1ea2,PTAL.L,2017-04-01,223.9287804,111964390.2,data_before_corruption (corruption at 2017-04-01)
stock_CUR3K@844b3eaf1ea2,PUK,1985-10-01,,,data_before_corruption (corruption at 2012-10-01)
stock_CUR3K@844b3eaf1ea2,PUK,1986-10-01,,,data_before_corruption (corruption at 2012-10-01)
stock_CUR3K@844b3eaf1ea2,PUK,1987-10-01,,,data_before_corruption (corruption at 2012-10-01)
stock_CUR3K@844b3eaf1ea2,PUK,1988-10-01,,,data_before_corruption (corruption at 2012-10-01)
stock_CUR3K@844b3eaf1ea2,PUK,1989-10-01,,,data_before_corruption (corruption at 2012-10-01)
stock_CUR3K@844b3eaf1ea2,PUK,1990-10-01,,,data_before_corruption (corruption at 2012-10-01)
stock_CUR3K@844b3eaf1ea2,PUK,1991-10-01,,,data_before_corruption (corruption at 2012-10-01)
stock_CUR3K@844b3eaf1ea2,PUK,1992-10-01,,,data_before_corruption (corruption at 2012-10-01)
stock_CUR3K@844b3eaf1ea2,PUK,1993-10-01,,,data_before_corruption (corruption at 2012-10-01)
stock_CUR3K@844b3eaf1ea2,PUK,1994-10-01,,,data_before_corruption (corruption at 2012-10-01)
stock_CUR3K@844b3eaf1ea2,PUK,1995-10-01,,,data_before_corruption (corruption at 2012-10-01)
stock_CUR3K@844b3eaf1ea2,PUK,1996-10-01,,,data_before_corruption (corruption at 2012-10-01)
stock_CUR3K@844b3eaf1ea2,PUK,1997-10-01,,,data_before_corruption (corruption at 2012-10-01)
stock_CUR3K@844b3eaf1ea2,PUK,1998-10-01,,,data_before_corruption (corruption at 2012-10-01)
stock_CUR3K@844b3eaf1ea2,PUK,1999-10-01,,,data_before_corruption (corruption at 2012-10-01)
stock_CUR3K@844b3eaf1ea2,PUK,2000-04-01,,,data_before_corruption (corruption at 2012-10-01)
stock_CUR3K@844b3eaf1ea2,PUK,2000-10-01,0.0,0.0,data_before_corruption (corruption at 2012-10-01)
stock_CUR3K@844b3eaf1ea2,PUK,2001-04-01,,,data_before_corruption (corruption at 2012-10-01)
stock_CUR3K@844b3eaf1ea2,PUK,2001-10-01,12.6778,12995771901.8,data_before_corruption (corruption at 2012-10-01)
stock_CUR3K@844b3eaf1ea2,PUK,2002-04-01,9.542891593175547,9886526348.000002,data_before_corruption (corruption at 2012-10-01)
stock_CUR3K@844b3eaf1ea2,PUK,2002-10-01,6.991800645960622,7227287987.6168995,data_before_corruption (corruption at 2012-10-01)
stock_CUR3K@844b3eaf1ea2,PUK,2003-10-01,7.522198630201488,7869152519.820901,data_before_corruption (corruption at 2012-10-01)
stock_CUR3K@844b3eaf1ea2,PUK,2004-10-01,7.504399222628393,8475963772.3852005,data_before_corruption (corruption at 2012-10-01)
stock_CUR3K@844b3eaf1ea2,PUK,2005-04-01,8.204763738237016,9709001000.0,data_before_corruption (corruption at 2012-10-01)
stock_CUR3K@844b3eaf1ea2,PUK,2005-10-01,9.353005052526413,11172164535.2428,data_before_corruption (corruption at 2012-10-01)
stock_CUR3K@844b3eaf1ea2,PUK,2006-04-01,10.1218,12259387515.7,data_before_corruption (corruption at 2012-10-01)
stock_CUR3K@844b3eaf1ea2,PUK,2006-10-01,11.626165500205845,14119977999.999998,data_before_corruption (corruption at 2012-10-01)
stock_CUR3K@844b3eaf1ea2,PUK,2007-04-01,,0.0,data_before_corruption (corruption at 2012-10-01)
stock_CUR3K@844b3eaf1ea2,PUK,2007-10-01,11.730231848688225,14419387500.0,data_before_corruption (corruption at 2012-10-01)
stock_CUR3K@844b3eaf1ea2,PUK,2008-04-01,,0.0,data_before_corruption (corruption at 2012-10-01)
stock_CUR3K@844b3eaf1ea2,PUK,2008-10-01,0.0,0.0,data_before_corruption (corruption at 2012-10-01)
stock_CUR3K@844b3eaf1ea2,PUK,2009-04-01,,0.0,data_before_corruption (corruption at 2012-10-01)
stock_CUR3K@844b3eaf1ea2,PUK,2009-10-01,0.0,0.0,data_before_corruption (corruption at 2012-10-01)
stock_CUR3K@844b3eaf1ea2,PUK,2010-04-01,,0.0,data_before_corruption (corruption at 2012-10-01)
stock_CUR3K@844b3eaf1ea2,PUK,2010-10-01,0.0,0.0,data_before_corruption (corruption at 2012-10-01)
stock_CUR3K@844b3eaf1ea2,PUK,2011-04-01,,0.0,data_before_corruption (corruption at 2012-10-01)
stock_CUR3K@844b3eaf1ea2,PUK,2011-10-01,0.0,0.0,data_before_corruption (corruption at 2012-10-01)
stock_CUR3K@844b3eaf1ea2,PUK,2012-04-01,,0.0,data_before_corruption (corruption at 2012-10-01)
stock_CUR3K@844b3eaf1ea2,PUK,2012-10-01,0.0,0.0,data_before_corruption (corruption at 2012-10-01)
stock_CUR3K@844b3eaf1ea2,RCAT,2006-04-01,7200.0,561600.0,data_before_corruption (corruption at 2014-04-01)
stock_CUR3K@844b3eaf1ea2,RCAT,2006-07-01,9000.0,702000.0,data_before_corruption (corruption at 2014-04-01)
stock_CUR3K@844b3eaf1ea2,RCAT,2006-10-01,5400.0,421200.0,data_before_corruption (corruption at 2014-04-01)
stock_CUR3K@844b3eaf1ea2,RCAT,2007-01-01,5400.0,421200.0,data_before_corruption (corruption at 2014-04-01)
stock_CUR3K@844b3eaf1ea2,RCAT,2007-04-01,5400.0,421200.0,data_before_corruption (corruption at 2014-04-01)
stock_CUR3K@844b3eaf1ea2,RCAT,2007-07-01,1800.0,140400.0,data_before_corruption (corruption at 2014-04-01)
stock_CUR3K@844b3eaf1ea2,RCAT,2007-10-01,1800.0,140400.0,data_before_corruption (corruption at 2014-04-01)
stock_CUR3K@844b3eaf1ea2,RCAT,2008-01-01,1800.0,140400.0,data_before_corruption (corruption at 2014-04-01)
stock_CUR3K@844b3eaf1ea2,RCAT,2008-04-01,1800.0,140400.0,data_before_corruption (corruption at 2014-04-01)
stock_CUR3K@844b3eaf1ea2,RCAT,2008-07-01,1800.0,140400.0,data_before_corruption (corruption at 2014-04-01)
stock_CUR3K@844b3eaf1ea2,RCAT,2008-10-01,1800.0,140400.0,data_before_corruption (corruption at 2014-04-01)
stock_CUR3K@844b3eaf1ea2,RCAT,2009-01-01,1800.0,140400.0,data_before_corruption (corruption at 2014-04-01)
stock_CUR3K@844b3eaf1ea2,RCAT,2009-04-01,1800.0,140400.0,data_before_corruption (corruption at 2014-04-01)
stock_CUR3K@844b3eaf1ea2,RCAT,2009-07-01,1800.0,140400.0,data_before_corruption (corruption at 2014-04-01)
stock_CUR3K@844b3eaf1ea2,RCAT,2009-10-01,3600.0,280800.0,data_before_corruption (corruption at 2014-04-01)
stock_CUR3K@844b3eaf1ea2,RCAT,2010-01-01,5400.0,426600.0,data_before_corruption (corruption at 2014-04-01)
stock_CUR3K@844b3eaf1ea2,RCAT,2010-04-01,1800.0,142200.0,data_before_corruption (corruption at 2014-04-01)
stock_CUR3K@844b3eaf1ea2,RCAT,2010-07-01,3600.0,284400.0,data_before_corruption (corruption at 2014-04-01)
stock_CUR3K@844b3eaf1ea2,RCAT,2010-10-01,10800.0,864000.0,data_before_corruption (corruption at 2014-04-01)
stock_CUR3K@844b3eaf1ea2,RCAT,2011-01-01,3600.0,288000.0,data_before_corruption (corruption at 2014-04-01)
stock_CUR3K@844b3eaf1ea2,RCAT,2011-04-01,12600.0,1008000.0,data_before_corruption (corruption at 2014-04-01)
stock_CUR3K@844b3eaf1ea2,RCAT,2011-07-01,12600.0,1159200.0,data_before_corruption (corruption at 2014-04-01)
stock_CUR3K@844b3eaf1ea2,RCAT,2011-10-01,7200.0,662400.0,data_before_corruption (corruption at 2014-04-01)
stock_CUR3K@844b3eaf1ea2,RCAT,2012-01-01,7200.0,662400.0,data_before_corruption (corruption at 2014-04-01)
stock_CUR3K@844b3eaf1ea2,RCAT,2012-04-01,3600.0,331200.0,data_before_corruption (corruption at 2014-04-01)
stock_CUR3K@844b3eaf1ea2,RCAT,2012-07-01,5400.0,496800.0,data_before_corruption (corruption at 2014-04-01)
stock_CUR3K@844b3eaf1ea2,RCAT,2012-10-01,9000.0,828000.0,data_before_corruption (corruption at 2014-04-01)
stock_CUR3K@844b3eaf1ea2,RCAT,2013-01-01,9000.0,828000.0,data_before_corruption (corruption at 2014-04-01)
stock_CUR3K@844b3eaf1ea2,RCAT,2013-04-01,7200.0,662400.0,data_before_corruption (corruption at 2014-04-01)
stock_CUR3K@844b3eaf1ea2,RCAT,2013-07-01,7200.0,662400.0,data_before_corruption (corruption at 2014-04-01)
stock_CUR3K@844b3eaf1ea2,RCAT,2013-10-01,9000.0,828000.0,data_before_corruption (corruption at 2014-04-01)
stock_CUR3K@844b3eaf1ea2,RCAT,2014-01-01,7200.0,662400.0,data_before_corruption (corruption at 2014-04-01)
stock_CUR3K@844b3eaf1ea2,RCAT,2014-04-01,4800.0,600000.0,data_before_corruption (corruption at 2014-04-01)
stock_CUR3K@844b3eaf1ea2,RUA.L,1994-01-01,9.935828967494267,17967535.799999997,data_before_corruption (corruption at 2013-01-01)
stock_CUR3K@844b3eaf1ea2,RUA.L,1995-01-01,8.850882126216158,16005563.5,data_before_corruption (corruption at 2013-01-01)
stock_CUR3K@844b3eaf1ea2,RUA.L,1996-01-01,31.860845378239222,65800101.143882506,data_before_corruption (corruption at 2013-01-01)
stock_CUR3K@844b3eaf1ea2,RUA.L,1997-01-01,82.83819799957779,171080263.00746003,data_before_corruption (corruption at 2013-01-01)
stock_CUR3K@844b3eaf1ea2,RUA.L,1998-01-01,118.00715361486346,281240548.85262334,data_before_corruption (corruption at 2013-01-01)
stock_CUR3K@844b3eaf1ea2,RUA.L,1999-01-01,50.035030756060806,119245987.04938191,data_before_corruption (corruption at 2013-01-01)
stock_CUR3K@844b3eaf1ea2,RUA.L,2000-01-01,14.979239708586976,46792613.35811496,data_before_corruption (corruption at 2013-01-01)
stock_CUR3K@844b3eaf1ea2,RUA.L,2001-01-01,13.19599696126641,41222064.38350981,data_before_corruption (corruption at 2013-01-01)
stock_CUR3K@844b3eaf1ea2,RUA.L,2002-01-01,1.5052224461881227,5620157.423348719,data_before_corruption (corruption at 2013-01-01)
stock_CUR3K@844b3eaf1ea2,RUA.L,2003-01-01,1.0077337445512795,3762648.03886072,data_before_corruption (corruption at 2013-01-01)
stock_CUR3K@844b3eaf1ea2,RUA.L,2003-07-01,1.4670700099999998,5620157.423348719,data_before_corruption (corruption at 2013-01-01)
stock_CUR3K@844b3eaf1ea2,RUA.L,2004-01-01,1.66599503,6382213.71256616,data_before_corruption (corruption at 2013-01-01)
stock_CUR3K@844b3eaf1ea2,RUA.L,2004-07-01,1.81518799,6953752.84562728,data_before_corruption (corruption at 2013-01-01)
stock_CUR3K@844b3eaf1ea2,RUA.L,2005-01-01,1.41733902,5429644.36622544,data_before_corruption (corruption at 2013-01-01)
stock_CUR3K@844b3eaf1ea2,RUA.L,2005-07-01,1.04435501,4000790.36586872,data_before_corruption (corruption at 2013-01-01)
stock_CUR3K@844b3eaf1ea2,RUA.L,2006-01-01,4.79906097,18384588.29626584,data_before_corruption (corruption at 2013-01-01)
stock_CUR3K@844b3eaf1ea2,RUA.L,2006-07-01,3.5060488899999998,13431224.52333208,data_before_corruption (corruption at 2013-01-01)
stock_CUR3K@844b3eaf1ea2,RUA.L,2007-01-01,5.43313293,20813636.81381496,data_before_corruption (corruption at 2013-01-01)
stock_CUR3K@844b3eaf1ea2,RUA.L,2007-07-01,5.18043053062543,19845566.267718103,data_before_corruption (corruption at 2013-01-01)
stock_CUR3K@844b3eaf1ea2,RUA.L,2008-01-01,3.962883038320492,15181297.6707769,data_before_corruption (corruption at 2013-01-01)
stock_CUR3K@844b3eaf1ea2,RUA.L,2008-07-01,2.7598316689268274,12444398.375832992,data_before_corruption (corruption at 2013-01-01)
stock_CUR3K@844b3eaf1ea2,RUA.L,2009-01-01,1.3933133113852672,6282609.952066979,data_before_corruption (corruption at 2013-01-01)
stock_CUR3K@844b3eaf1ea2,RUA.L,2009-07-01,1.7903230300000001,8698998.78014397,data_before_corruption (corruption at 2013-01-01)
stock_CUR3K@844b3eaf1ea2,RUA.L,2010-01-01,1.347715,6548411.065785,data_before_corruption (corruption at 2013-01-01)
stock_CUR3K@844b3eaf1ea2,RUA.L,2010-07-01,1.59139801,7732442.19939099,data_before_corruption (corruption at 2013-01-01)
stock_CUR3K@844b3eaf1ea2,RUA.L,2011-01-01,1.9295700099999997,9375585.79201899,data_before_corruption (corruption at 2013-01-01)
stock_CUR3K@844b3eaf1ea2,RUA.L,2011-07-01,2.0091400100000003,9762208.385448992,data_before_corruption (corruption at 2013-01-01)
stock_CUR3K@844b3eaf1ea2,RUA.L,2012-01-01,3.22258087,15658194.96666213,data_before_corruption (corruption at 2013-01-01)
stock_CUR3K@844b3eaf1ea2,RUA.L,2012-07-01,0.0,0.0,data_before_corruption (corruption at 2013-01-01)
stock_CUR3K@844b3eaf1ea2,RUA.L,2013-01-01,0.0,0.0,data_before_corruption (corruption at 2013-01-01)
stock_CUR3K@844b3eaf1ea2,SBI.TO,2005-07-01,,0.0,data_before_corruption (corruption at 2010-10-01)
stock_CUR3K@844b3eaf1ea2,SBI.TO,2005-10-01,92.9016,47840607.936000004,data_before_corruption (corruption at 2010-10-01)
stock_CUR3K@844b3eaf1ea2,SBI.TO,2006-04-01,,0.0,data_before_corruption (corruption at 2010-10-01)
stock_CUR3K@844b3eaf1ea2,SBI.TO,2006-10-01,,0.0,data_before_corruption (corruption at 2010-10-01)
stock_CUR3K@844b3eaf1ea2,SBI.TO,2007-04-01,,0.0,data_before_corruption (corruption at 2010-10-01)
stock_CUR3K@844b3eaf1ea2,SBI.TO,2007-10-01,,0.0,data_before_corruption (corruption at 2010-10-01)
stock_CUR3K@844b3eaf1ea2,SBI.TO,2008-04-01,,0.0,data_before_corruption (corruption at 2010-10-01)
stock_CUR3K@844b3eaf1ea2,SBI.TO,2008-10-01,,0.0,data_before_corruption (corruption at 2010-10-01)
stock_CUR3K@844b3eaf1ea2,SBI.TO,2009-04-01,,0.0,data_before_corruption (corruption at 2010-10-01)
stock_CUR3K@844b3eaf1ea2,SBI.TO,2009-10-01,,0.0,data_before_corruption (corruption at 2010-10-01)
stock_CUR3K@844b3eaf1ea2,SBI.TO,2010-04-01,,0.0,data_before_corruption (corruption at 2010-10-01)
stock_CUR3K@844b3eaf1ea2,SBI.TO,2010-07-01,0.4771815341414201,28144782.44784,data_before_corruption (corruption at 2010-10-01)
stock_CUR3K@844b3eaf1ea2,SBI.TO,2010-10-01,0.44812946760238714,26431254.086202,data_before_corruption (corruption at 2010-10-01)
stock_CUR3K@844b3eaf1ea2,SCNI,2013-10-01,500.0,7050500.0,data_before_corruption (corruption at 2026-01-01)
stock_CUR3K@844b3eaf1ea2,SCNI,2014-01-01,500.0,6772500.0,data_before_corruption (corruption at 2026-01-01)
stock_CUR3K@844b3eaf1ea2,SCNI,2014-04-01,500.0,6785000.0,data_before_corruption (corruption at 2026-01-01)
stock_CUR3K@844b3eaf1ea2,SCNI,2014-07-01,500.0,6785000.0,data_before_corruption (corruption at 2026-01-01)
stock_CUR3K@844b3eaf1ea2,SCNI,2014-10-01,500.0,6787000.0,data_before_corruption (corruption at 2026-01-01)
stock_CUR3K@844b3eaf1ea2,SCNI,2015-01-01,500.0,6786500.0,data_before_corruption (corruption at 2026-01-01)
stock_CUR3K@844b3eaf1ea2,SCNI,2015-04-01,495.0,11914650.0,data_before_corruption (corruption at 2026-01-01)
stock_CUR3K@844b3eaf1ea2,SCNI,2015-07-01,367.0,12395058.0,data_before_corruption (corruption at 2026-01-01)
stock_CUR3K@844b3eaf1ea2,SCNI,2015-10-01,395.99,13417329.17,data_before_corruption (corruption at 2026-01-01)
stock_CUR3K@844b3eaf1ea2,SCNI,2016-01-01,373.0,12597329.0,data_before_corruption (corruption at 2026-01-01)
stock_CUR3K@844b3eaf1ea2,SCNI,2016-04-01,350.0,11820550.0,data_before_corruption (corruption at 2026-01-01)
stock_CUR3K@844b3eaf1ea2,SCNI,2016-07-01,368.0,10837232.0,data_before_corruption (corruption at 2026-01-01)
stock_CUR3K@844b3eaf1ea2,SCNI,2016-10-01,335.0,11313955.0,data_before_corruption (corruption at 2026-01-01)
stock_CUR3K@844b3eaf1ea2,SCNI,2017-01-01,580.0,23559020.0,data_before_corruption (corruption at 2026-01-01)
stock_CUR3K@844b3eaf1ea2,SCNI,2017-04-01,878.4400000000002,38608316.440000005,data_before_corruption (corruption at 2026-01-01)
stock_CUR3K@844b3eaf1ea2,SCNI,2017-07-01,715.0,23290410.0,data_before_corruption (corruption at 2026-01-01)
stock_CUR3K@844b3eaf1ea2,SCNI,2017-10-01,552.0,34708104.0,data_before_corruption (corruption at 2026-01-01)
stock_CUR3K@844b3eaf1ea2,SCNI,2018-01-01,543.28,35505521.12,data_before_corruption (corruption at 2026-01-01)
stock_CUR3K@844b3eaf1ea2,SCNI,2018-04-01,667.0,42135724.0,data_before_corruption (corruption at 2026-01-01)
stock_CUR3K@844b3eaf1ea2,SCNI,2018-07-01,568.0,37121072.0,data_before_corruption (corruption at 2026-01-01)
stock_CUR3K@844b3eaf1ea2,SCNI,2018-10-01,477.0,31173858.0,data_before_corruption (corruption at 2026-01-01)
stock_CUR3K@844b3eaf1ea2,SCNI,2019-01-01,543.0,35487222.0,data_before_corruption (corruption at 2026-01-01)
stock_CUR3K@844b3eaf1ea2,SCNI,2019-04-01,585.0,38241450.0,data_before_corruption (corruption at 2026-01-01)
stock_CUR3K@844b3eaf1ea2,SCNI,2019-07-01,595.6,56268714.4,data_before_corruption (corruption at 2026-01-01)
stock_CUR3K@844b3eaf1ea2,SCNI,2019-10-01,929.0,100846666.0,data_before_corruption (corruption at 2026-01-01)
stock_CUR3K@844b3eaf1ea2,SCNI,2020-01-01,770.0,78653960.0,data_before_corruption (corruption at 2026-01-01)
stock_CUR3K@844b3eaf1ea2,SCNI,2020-04-01,2275.0,246550850.0,data_before_corruption (corruption at 2026-01-01)
stock_CUR3K@844b3eaf1ea2,SCNI,2020-07-01,3909.0,540563883.0,data_before_corruption (corruption at 2026-01-01)
stock_CUR3K@844b3eaf1ea2,SCNI,2020-10-01,281.0,31686403.0,data_before_corruption (corruption at 2026-01-01)
stock_CUR3K@844b3eaf1ea2,SCNI,2021-01-01,380.0,50429420.0,data_before_corruption (corruption at 2026-01-01)
stock_CUR3K@844b3eaf1ea2,SCNI,2021-04-01,287.0,41127100.0,data_before_corruption (corruption at 2026-01-01)
stock_CUR3K@844b3eaf1ea2,SCNI,2021-07-01,220.0,24876280.0,data_before_corruption (corruption at 2026-01-01)
stock_CUR3K@844b3eaf1ea2,SCNI,2021-10-01,235.0,17639805.0,data_before_corruption (corruption at 2026-01-01)
stock_CUR3K@844b3eaf1ea2,SCNI,2022-01-01,166.0,30905548.0,data_before_corruption (corruption at 2026-01-01)
stock_CUR3K@844b3eaf1ea2,SCNI,2022-04-01,116.5,21753462.5,data_before_corruption (corruption at 2026-01-01)
stock_CUR3K@844b3eaf1ea2,SCNI,2022-07-01,73.0,13635451.0,data_before_corruption (corruption at 2026-01-01)
stock_CUR3K@844b3eaf1ea2,SCNI,2022-10-01,29.6,5752878.4,data_before_corruption (corruption at 2026-01-01)
stock_CUR3K@844b3eaf1ea2,SCNI,2023-01-01,21.6,6326985.600000001,data_before_corruption (corruption at 2026-01-01)
stock_CUR3K@844b3eaf1ea2,SCNI,2023-04-01,14.1,4765278.3,data_before_corruption (corruption at 2026-01-01)
stock_CUR3K@844b3eaf1ea2,SCNI,2023-07-01,8.7,4082222.6999999997,data_before_corruption (corruption at 2026-01-01)
stock_CUR3K@844b3eaf1ea2,SCNI,2023-10-01,5.950000000000001,1328765.9000000001,data_before_corruption (corruption at 2026-01-01)
stock_CUR3K@844b3eaf1ea2,SCNI,2024-01-01,5.16,2613730.92,data_before_corruption (corruption at 2026-01-01)
stock_CUR3K@844b3eaf1ea2,SCNI,2024-04-01,2.94,1874552.82,data_before_corruption (corruption at 2026-01-01)
stock_CUR3K@844b3eaf1ea2,SCNI,2024-07-01,3.45,2910302.7,data_before_corruption (corruption at 2026-01-01)
stock_CUR3K@844b3eaf1ea2,SCNI,2024-10-01,3.3500000000000005,2701332.8000000003,data_before_corruption (corruption at 2026-01-01)
stock_CUR3K@844b3eaf1ea2,SCNI,2025-01-01,2.69,2169129.92,data_before_corruption (corruption at 2026-01-01)
stock_CUR3K@844b3eaf1ea2,SCNI,2025-04-01,2.28,3627897.2399999998,data_before_corruption (corruption at 2026-01-01)
stock_CUR3K@844b3eaf1ea2,SCNI,2025-07-01,1.26,2004890.58,data_before_corruption (corruption at 2026-01-01)
stock_CUR3K@844b3eaf1ea2,SCNI,2025-10-01,0.7121,1662657.3665,data_before_corruption (corruption at 2026-01-01)
stock_CUR3K@844b3eaf1ea2,SCNI,2026-01-01,0.5703842679704016,539.5835175,data_before_corruption (corruption at 2026-01-01)
stock_CUR3K@844b3eaf1ea2,SHIP,2007-04-01,1691852.55,267312702.9,data_before_corruption (corruption at 2014-01-01)
stock_CUR3K@844b3eaf1ea2,SHIP,2007-07-01,1691852.55,267312702.9,data_before_corruption (corruption at 2014-01-01)
stock_CUR3K@844b3eaf1ea2,SHIP,2007-10-01,1682948.06,265905793.48000002,data_before_corruption (corruption at 2014-01-01)
stock_CUR3K@844b3eaf1ea2,SHIP,2008-01-01,1681167.16,223595232.28,data_before_corruption (corruption at 2014-01-01)
stock_CUR3K@844b3eaf1ea2,SHIP,2008-04-01,1739936.78,274910011.24,data_before_corruption (corruption at 2014-01-01)
stock_CUR3K@844b3eaf1ea2,SHIP,2008-10-01,956341.91,118586396.84,data_before_corruption (corruption at 2014-01-01)
stock_CUR3K@844b3eaf1ea2,SHIP,2009-01-01,680302.81,84357548.44000001,data_before_corruption (corruption at 2014-01-01)
stock_CUR3K@844b3eaf1ea2,SHIP,2009-04-01,657151.15,81486742.60000001,data_before_corruption (corruption at 2014-01-01)
stock_CUR3K@844b3eaf1ea2,SHIP,2009-07-01,714139.86,114262377.6,data_before_corruption (corruption at 2014-01-01)
stock_CUR3K@844b3eaf1ea2,SHIP,2009-10-01,521802.93999999994,96011740.96,data_before_corruption (corruption at 2014-01-01)
stock_CUR3K@844b3eaf1ea2,SHIP,2010-01-01,206584.1,68999089.4,data_before_corruption (corruption at 2014-01-01)
stock_CUR3K@844b3eaf1ea2,SHIP,2010-04-01,204803.19999999998,68404268.8,data_before_corruption (corruption at 2014-01-01)
stock_CUR3K@844b3eaf1ea2,SHIP,2010-07-01,197679.61,93304775.91999999,data_before_corruption (corruption at 2014-01-01)
stock_CUR3K@844b3eaf1ea2,SHIP,2010-10-01,162952.11,99237834.99,data_before_corruption (corruption at 2014-01-01)
stock_CUR3K@844b3eaf1ea2,SHIP,2011-01-01,108990.92,66375470.28,data_before_corruption (corruption at 2014-01-01)
stock_CUR3K@844b3eaf1ea2,SHIP,2011-04-01,70800.0,43117200.0,data_before_corruption (corruption at 2014-01-01)
stock_CUR3K@844b3eaf1ea2,SHIP,2011-07-01,38280.0,23312520.0,data_before_corruption (corruption at 2014-01-01)
stock_CUR3K@844b3eaf1ea2,SHIP,2011-10-01,25920.0,15785280.0,data_before_corruption (corruption at 2014-01-01)
stock_CUR3K@844b3eaf1ea2,SHIP,2012-01-01,39840.0,39680640.0,data_before_corruption (corruption at 2014-01-01)
stock_CUR3K@844b3eaf1ea2,SHIP,2012-04-01,24840.0,24740640.0,data_before_corruption (corruption at 2014-01-01)
stock_CUR3K@844b3eaf1ea2,SHIP,2012-07-01,22800.0,22708800.0,data_before_corruption (corruption at 2014-01-01)
stock_CUR3K@844b3eaf1ea2,SHIP,2012-10-01,12349.36,12299962.56,data_before_corruption (corruption at 2014-01-01)
stock_CUR3K@844b3eaf1ea2,SHIP,2013-01-01,22677.89,22587178.439999998,data_before_corruption (corruption at 2014-01-01)
stock_CUR3K@844b3eaf1ea2,SHIP,2013-04-01,17400.0,17330400.0,data_before_corruption (corruption at 2014-01-01)
stock_CUR3K@844b3eaf1ea2,SHIP,2013-07-01,19590.85,19512486.599999998,data_before_corruption (corruption at 2014-01-01)
stock_CUR3K@844b3eaf1ea2,SHIP,2013-10-01,23866.4,23770934.400000002,data_before_corruption (corruption at 2014-01-01)
stock_CUR3K@844b3eaf1ea2,SHIP,2014-01-01,21014.45,20930392.2,data_before_corruption (corruption at 2014-01-01)
stock_CUR3K@844b3eaf1ea2,SXTC,2017-01-01,,0.0,data_before_corruption (corruption at 2026-01-01)
stock_CUR3K@844b3eaf1ea2,SXTC,2017-04-01,,0.0,data_before_corruption (corruption at 2026-01-01)
stock_CUR3K@844b3eaf1ea2,SXTC,2017-10-01,1102072640.0,11333715029760.0,data_before_corruption (corruption at 2026-01-01)
stock_CUR3K@844b3eaf1ea2,SXTC,2018-01-01,1102072640.0,1660823468480.0,data_before_corruption (corruption at 2026-01-01)
stock_CUR3K@844b3eaf1ea2,SXTC,2018-04-01,,0.0,data_before_corruption (corruption at 2026-01-01)
stock_CUR3K@844b3eaf1ea2,SXTC,2018-07-01,,0.0,data_before_corruption (corruption at 2026-01-01)
stock_CUR3K@844b3eaf1ea2,SXTC,2018-10-01,1102072640.0,11753604705600.0,data_before_corruption (corruption at 2026-01-01)
stock_CUR3K@844b3eaf1ea2,SXTC,2019-01-01,1261431600.0,13453168014000.0,data_before_corruption (corruption at 2026-01-01)
stock_CUR3K@844b3eaf1ea2,SXTC,2019-04-01,756474968.0,8595825061384.0,data_before_corruption (corruption at 2026-01-01)
stock_CUR3K@844b3eaf1ea2,SXTC,2019-07-01,241918391.0,2748918676933.0,data_before_corruption (corruption at 2026-01-01)
stock_CUR3K@844b3eaf1ea2,SXTC,2019-10-01,157438952.0,2104171593480.0,data_before_corruption (corruption at 2026-01-01)
stock_CUR3K@844b3eaf1ea2,SXTC,2020-01-01,107538484.0,1437251838660.0,data_before_corruption (corruption at 2026-01-01)
stock_CUR3K@844b3eaf1ea2,SXTC,2020-04-01,101240926.0,2913713850280.0,data_before_corruption (corruption at 2026-01-01)
stock_CUR3K@844b3eaf1ea2,SXTC,2020-07-01,47001287.0,1352697039860.0,data_before_corruption (corruption at 2026-01-01)
stock_CUR3K@844b3eaf1ea2,SXTC,2020-10-01,63109980.0,1816557664320.0,data_before_corruption (corruption at 2026-01-01)
stock_CUR3K@844b3eaf1ea2,SXTC,2021-01-01,88319412.0,2542185955008.0,data_before_corruption (corruption at 2026-01-01)
stock_CUR3K@844b3eaf1ea2,SXTC,2021-04-01,69599536.0,2164475970064.0,data_before_corruption (corruption at 2026-01-01)
stock_CUR3K@844b3eaf1ea2,SXTC,2021-07-01,49439671.0,1537524328429.0,data_before_corruption (corruption at 2026-01-01)
stock_CUR3K@844b3eaf1ea2,SXTC,2021-10-01,31214192.0,1625728761936.0,data_before_corruption (corruption at 2026-01-01)
stock_CUR3K@844b3eaf1ea2,SXTC,2022-01-01,13439910.0,699990832530.0,data_before_corruption (corruption at 2026-01-01)
stock_CUR3K@844b3eaf1ea2,SXTC,2022-04-01,4199972.0,429724335152.0,data_before_corruption (corruption at 2026-01-01)
stock_CUR3K@844b3eaf1ea2,SXTC,2022-07-01,1847988.0,189078740208.0,data_before_corruption (corruption at 2026-01-01)
stock_CUR3K@844b3eaf1ea2,SXTC,2022-10-01,1300791.2,561460505656.0,data_before_corruption (corruption at 2026-01-01)
stock_CUR3K@844b3eaf1ea2,SXTC,2023-01-01,680635.2,293782571376.0,data_before_corruption (corruption at 2026-01-01)
stock_CUR3K@844b3eaf1ea2,SXTC,2023-04-01,563996.0,282825382132.0,data_before_corruption (corruption at 2026-01-01)
stock_CUR3K@844b3eaf1ea2,SXTC,2023-07-01,295198.4,148032256052.80002,data_before_corruption (corruption at 2026-01-01)
stock_CUR3K@844b3eaf1ea2,SXTC,2023-10-01,381117.5999999999,330589790827.19995,data_before_corruption (corruption at 2026-01-01)
stock_CUR3K@844b3eaf1ea2,SXTC,2024-01-01,159359.2,196549972018.40002,data_before_corruption (corruption at 2026-01-01)
stock_CUR3K@844b3eaf1ea2,SXTC,2024-04-01,100789.6,40710935232.0,data_before_corruption (corruption at 2026-01-01)
stock_CUR3K@844b3eaf1ea2,SXTC,2024-07-01,70060.0,28298635200.0,data_before_corruption (corruption at 2026-01-01)
stock_CUR3K@844b3eaf1ea2,SXTC,2024-10-01,48777.6,119148263078.4,data_before_corruption (corruption at 2026-01-01)
stock_CUR3K@844b3eaf1ea2,SXTC,2025-01-01,29938.4,73130050665.6,data_before_corruption (corruption at 2026-01-01)
stock_CUR3K@844b3eaf1ea2,SXTC,2025-07-01,18840.0,14573079120.0,data_before_corruption (corruption at 2026-01-01)
stock_CUR3K@844b3eaf1ea2,SXTC,2025-10-01,19200.0,11246880000.0,data_before_corruption (corruption at 2026-01-01)
stock_CUR3K@844b3eaf1ea2,SXTC,2026-01-01,134.4,78728160.0,data_before_corruption (corruption at 2026-01-01)
stock_CUR3K@844b3eaf1ea2,TAL.TO,2006-07-01,166.0,156411176.0,data_before_corruption (corruption at 2016-10-01)
stock_CUR3K@844b3eaf1ea2,TAL.TO,2006-10-01,166.27756251152104,178602388.0,data_before_corruption (corruption at 2016-10-01)
stock_CUR3K@844b3eaf1ea2,TAL.TO,2007-01-01,162.0,153225432.0,data_before_corruption (corruption at 2016-10-01)
stock_CUR3K@844b3eaf1ea2,TAL.TO,2007-04-01,196.0,185685304.0,data_before_corruption (corruption at 2016-10-01)
stock_CUR3K@844b3eaf1ea2,TAL.TO,2007-07-01,206.0,196799216.0,data_before_corruption (corruption at 2016-10-01)
stock_CUR3K@844b3eaf1ea2,TAL.TO,2007-10-01,296.26486676799686,276002720.0,data_before_corruption (corruption at 2016-10-01)
stock_CUR3K@844b3eaf1ea2,TAL.TO,2008-01-01,229.98030395381755,273930000.0,data_before_corruption (corruption at 2016-10-01)
stock_CUR3K@844b3eaf1ea2,TAL.TO,2008-04-01,293.88545118625177,350742000.0,data_before_corruption (corruption at 2016-10-01)
stock_CUR3K@844b3eaf1ea2,TAL.TO,2008-07-01,129.9595292432705,164060000.0,data_before_corruption (corruption at 2016-10-01)
stock_CUR3K@844b3eaf1ea2,TAL.TO,2008-10-01,39.006236232198816,49031190.0,data_before_corruption (corruption at 2016-10-01)
stock_CUR3K@844b3eaf1ea2,TAL.TO,2009-01-01,65.0,85112300.0,data_before_corruption (corruption at 2016-10-01)
stock_CUR3K@844b3eaf1ea2,TAL.TO,2009-04-01,113.00741880764691,148030000.0,data_before_corruption (corruption at 2016-10-01)
stock_CUR3K@844b3eaf1ea2,TAL.TO,2009-07-01,145.9787323128362,191406000.0,data_before_corruption (corruption at 2016-10-01)
stock_CUR3K@844b3eaf1ea2,TAL.TO,2009-10-01,188.01705987809797,246562000.0,data_before_corruption (corruption at 2016-10-01)
stock_CUR3K@844b3eaf1ea2,TAL.TO,2010-01-01,210.99680065503176,278309000.0,data_before_corruption (corruption at 2016-10-01)
stock_CUR3K@844b3eaf1ea2,TAL.TO,2010-04-01,188.04225668689594,250980000.0,data_before_corruption (corruption at 2016-10-01)
stock_CUR3K@844b3eaf1ea2,TAL.TO,2010-07-01,313.93343408716345,459068000.0,data_before_corruption (corruption at 2016-10-01)
stock_CUR3K@844b3eaf1ea2,TAL.TO,2010-10-01,302.2094353731895,503150000.0,data_before_corruption (corruption at 2016-10-01)
stock_CUR3K@844b3eaf1ea2,TAL.TO,2011-01-01,448.0923657624986,847616000.0,data_before_corruption (corruption at 2016-10-01)
stock_CUR3K@844b3eaf1ea2,TAL.TO,2011-04-01,173.04451013646556,329565000.0,data_before_corruption (corruption at 2016-10-01)
stock_CUR3K@844b3eaf1ea2,TAL.TO,2011-07-01,96.0209652762612,197856000.0,data_before_corruption (corruption at 2016-10-01)
stock_CUR3K@844b3eaf1ea2,TAL.TO,2011-10-01,162.57513556750143,345525000.0,data_before_corruption (corruption at 2016-10-01)
stock_CUR3K@844b3eaf1ea2,TAL.TO,2012-01-01,160.96601346526114,358386000.0,data_before_corruption (corruption at 2016-10-01)
stock_CUR3K@844b3eaf1ea2,TAL.TO,2012-04-01,96.00560176311903,213888000.0,data_before_corruption (corruption at 2016-10-01)
stock_CUR3K@844b3eaf1ea2,TAL.TO,2012-07-01,145.62025225580948,324542400.0,data_before_corruption (corruption at 2016-10-01)
stock_CUR3K@844b3eaf1ea2,TAL.TO,2012-10-01,75.80903325356105,178343025.0,data_before_corruption (corruption at 2016-10-01)
stock_CUR3K@844b3eaf1ea2,TAL.TO,2013-01-01,79.29935971449565,196426100.0,data_before_corruption (corruption at 2016-10-01)
stock_CUR3K@844b3eaf1ea2,TAL.TO,2013-04-01,70.99518443516428,219816000.0,data_before_corruption (corruption at 2016-10-01)
stock_CUR3K@844b3eaf1ea2,TAL.TO,2013-07-01,71.99511661030743,222912000.0,data_before_corruption (corruption at 2016-10-01)
stock_CUR3K@844b3eaf1ea2,TAL.TO,2013-10-01,60.00258289264107,181200000.0,data_before_corruption (corruption at 2016-10-01)
stock_CUR3K@844b3eaf1ea2,TAL.TO,2014-01-01,58.69601868090343,181735200.0,data_before_corruption (corruption at 2016-10-01)
stock_CUR3K@844b3eaf1ea2,TAL.TO,2014-04-01,54.99626963287374,170280000.0,data_before_corruption (corruption at 2016-10-01)
stock_CUR3K@844b3eaf1ea2,TAL.TO,2014-07-01,44.98390596795015,162728830.0,data_before_corruption (corruption at 2016-10-01)
stock_CUR3K@844b3eaf1ea2,TAL.TO,2014-10-01,19.265182090908336,69547500.0,data_before_corruption (corruption at 2016-10-01)
stock_CUR3K@844b3eaf1ea2,TAL.TO,2015-01-01,13.8,52605600.0,data_before_corruption (corruption at 2016-10-01)
stock_CUR3K@844b3eaf1ea2,TAL.TO,2015-04-01,15.0,57180000.0,data_before_corruption (corruption at 2016-10-01)
stock_CUR3K@844b3eaf1ea2,TAL.TO,2015-07-01,5.00039587498268,20210000.0,data_before_corruption (corruption at 2016-10-01)
stock_CUR3K@844b3eaf1ea2,TAL.TO,2015-10-01,2.1981085116973618,9273600.0,data_before_corruption (corruption at 2016-10-01)
stock_CUR3K@844b3eaf1ea2,TAL.TO,2016-01-01,2.000122290085671,8832000.0,data_before_corruption (corruption at 2016-10-01)
stock_CUR3K@844b3eaf1ea2,TAL.TO,2016-04-01,0.9999924939232817,54622000.0,data_before_corruption (corruption at 2016-10-01)
stock_CUR3K@844b3eaf1ea2,TAL.TO,2016-07-01,0.46,67705560.0,data_before_corruption (corruption at 2016-10-01)
stock_CUR3K@844b3eaf1ea2,TAL.TO,2016-10-01,132.4674,66233700.0,data_before_corruption (corruption at 2016-10-01)
stock_CUR3K@844b3eaf1ea2,TECK-A.TO,2006-07-01,34.9125,15040305000.0,data_before_corruption (corruption at 2009-10-01)
stock_CUR3K@844b3eaf1ea2,TECK-A.TO,2006-10-01,43.870824,18899550979.2,data_before_corruption (corruption at 2009-10-01)
stock_CUR3K@844b3eaf1ea2,TECK-A.TO,2007-01-01,40.23575999999999,17333565407.999996,data_before_corruption (corruption at 2009-10-01)
stock_CUR3K@844b3eaf1ea2,TECK-A.TO,2007-04-01,44.84175,19071196275.0,data_before_corruption (corruption at 2009-10-01)
stock_CUR3K@844b3eaf1ea2,TECK-A.TO,2007-07-01,49.158564000000005,20907314240.030403,data_before_corruption (corruption at 2009-10-01)
stock_CUR3K@844b3eaf1ea2,TECK-A.TO,2007-10-01,36.69846256932695,15607988245.2,data_before_corruption (corruption at 2009-10-01)
stock_CUR3K@844b3eaf1ea2,TECK-A.TO,2008-01-01,41.9913728,18552367354.114048,data_before_corruption (corruption at 2009-10-01)
stock_CUR3K@844b3eaf1ea2,TECK-A.TO,2008-04-01,48.9804455,21698337356.5,data_before_corruption (corruption at 2009-10-01)
stock_CUR3K@844b3eaf1ea2,TECK-A.TO,2008-07-01,30.988048,13873349089.6,data_before_corruption (corruption at 2009-10-01)
stock_CUR3K@844b3eaf1ea2,TECK-A.TO,2008-10-01,6.369048999463087,2846964902.7599998,data_before_corruption (corruption at 2009-10-01)
stock_CUR3K@844b3eaf1ea2,TECK-A.TO,2009-01-01,6.9921120000000005,3404459332.8,data_before_corruption (corruption at 2009-10-01)
stock_CUR3K@844b3eaf1ea2,TECK-A.TO,2009-04-01,18.520207799999998,9021193219.38,data_before_corruption (corruption at 2009-10-01)
stock_CUR3K@844b3eaf1ea2,TECK-A.TO,2009-07-01,29.4742599,16859276662.8,data_before_corruption (corruption at 2009-10-01)
stock_CUR3K@844b3eaf1ea2,TECK-A.TO,2009-10-01,0.0,0.0,data_before_corruption (corruption at 2009-10-01)
stock_CUR3K@844b3eaf1ea2,TECK-B.TO,2006-07-01,34.9125,15040305000.0,data_before_corruption (corruption at 2009-10-01)
stock_CUR3K@844b3eaf1ea2,TECK-B.TO,2006-10-01,43.870824,18899550979.2,data_before_corruption (corruption at 2009-10-01)
stock_CUR3K@844b3eaf1ea2,TECK-B.TO,2007-01-01,40.23575999999999,17333565407.999996,data_before_corruption (corruption at 2009-10-01)
stock_CUR3K@844b3eaf1ea2,TECK-B.TO,2007-04-01,44.84175,19071196275.0,data_before_corruption (corruption at 2009-10-01)
stock_CUR3K@844b3eaf1ea2,TECK-B.TO,2007-07-01,49.158564000000005,20907314240.030403,data_before_corruption (corruption at 2009-10-01)
stock_CUR3K@844b3eaf1ea2,TECK-B.TO,2007-10-01,36.69846256932695,15607988245.2,data_before_corruption (corruption at 2009-10-01)
stock_CUR3K@844b3eaf1ea2,TECK-B.TO,2008-01-01,41.9913728,18552367354.114048,data_before_corruption (corruption at 2009-10-01)
stock_CUR3K@844b3eaf1ea2,TECK-B.TO,2008-04-01,48.9804455,21698337356.5,data_before_corruption (corruption at 2009-10-01)
stock_CUR3K@844b3eaf1ea2,TECK-B.TO,2008-07-01,30.988048,13873349089.6,data_before_corruption (corruption at 2009-10-01)
stock_CUR3K@844b3eaf1ea2,TECK-B.TO,2008-10-01,6.369048999463087,2846964902.7599998,data_before_corruption (corruption at 2009-10-01)
stock_CUR3K@844b3eaf1ea2,TECK-B.TO,2009-01-01,6.9921120000000005,3404459332.8,data_before_corruption (corruption at 2009-10-01)
stock_CUR3K@844b3eaf1ea2,TECK-B.TO,2009-04-01,18.520207799999998,9021193219.38,data_before_corruption (corruption at 2009-10-01)
stock_CUR3K@844b3eaf1ea2,TECK-B.TO,2009-07-01,29.4742599,16859276662.8,data_before_corruption (corruption at 2009-10-01)
stock_CUR3K@844b3eaf1ea2,TECK-B.TO,2009-10-01,0.0,0.0,data_before_corruption (corruption at 2009-10-01)
stock_CUR3K@844b3eaf1ea2,TONX,2013-04-01,,17460000.0,data_before_corruption (corruption at 2016-01-01)
stock_CUR3K@844b3eaf1ea2,TONX,2013-07-01,,17460000.0,data_before_corruption (corruption at 2016-01-01)
stock_CUR3K@844b3eaf1ea2,TONX,2013-10-01,,0.0,data_before_corruption (corruption at 2016-01-01)
stock_CUR3K@844b3eaf1ea2,TONX,2014-01-01,180000.0,17460000.0,data_before_corruption (corruption at 2016-01-01)
stock_CUR3K@844b3eaf1ea2,TONX,2014-04-01,180000.0,17460000.0,data_before_corruption (corruption at 2016-01-01)
stock_CUR3K@844b3eaf1ea2,TONX,2014-07-01,180000.0,17460000.0,data_before_corruption (corruption at 2016-01-01)
stock_CUR3K@844b3eaf1ea2,TONX,2014-10-01,238800.0,51488384400.0,data_before_corruption (corruption at 2016-01-01)
stock_CUR3K@844b3eaf1ea2,TONX,2015-01-01,156000.0,79404000.0,data_before_corruption (corruption at 2016-01-01)
stock_CUR3K@844b3eaf1ea2,TONX,2015-04-01,156000.0,79716000.0,data_before_corruption (corruption at 2016-01-01)
stock_CUR3K@844b3eaf1ea2,TONX,2015-07-01,240000.0,126720000.0,data_before_corruption (corruption at 2016-01-01)
stock_CUR3K@844b3eaf1ea2,TONX,2015-10-01,6000.0,3421980.0000000005,data_before_corruption (corruption at 2016-01-01)
stock_CUR3K@844b3eaf1ea2,TONX,2016-01-01,9600.0,5107200.0,data_before_corruption (corruption at 2016-01-01)
stock_CUR3K@844b3eaf1ea2,TVC,2006-07-01,23.8,12495000.0,data_before_corruption (corruption at 2026-04-01)
stock_CUR3K@844b3eaf1ea2,TVC,2006-10-01,23.62,12400500.0,data_before_corruption (corruption at 2026-04-01)
stock_CUR3K@844b3eaf1ea2,TVC,2007-01-01,23.93,12563250.0,data_before_corruption (corruption at 2026-04-01)
stock_CUR3K@844b3eaf1ea2,TVC,2007-04-01,22.85,11996250.0,data_before_corruption (corruption at 2026-04-01)
stock_CUR3K@844b3eaf1ea2,TVC,2007-07-01,22.75,11943750.0,data_before_corruption (corruption at 2026-04-01)
stock_CUR3K@844b3eaf1ea2,TVC,2007-10-01,23.6,12390000.0,data_before_corruption (corruption at 2026-04-01)
stock_CUR3K@844b3eaf1ea2,TVC,2008-01-01,24.89,13067250.0,data_before_corruption (corruption at 2026-04-01)
stock_CUR3K@844b3eaf1ea2,TVC,2008-04-01,25.13,13193250.0,data_before_corruption (corruption at 2026-04-01)
stock_CUR3K@844b3eaf1ea2,TVC,2008-07-01,25.21,13235250.0,data_before_corruption (corruption at 2026-04-01)
stock_CUR3K@844b3eaf1ea2,TVC,2008-10-01,25.38,13324500.0,data_before_corruption (corruption at 2026-04-01)
stock_CUR3K@844b3eaf1ea2,TVC,2009-01-01,25.65,13466250.0,data_before_corruption (corruption at 2026-04-01)
stock_CUR3K@844b3eaf1ea2,TVC,2009-07-01,27.02,14185500.0,data_before_corruption (corruption at 2026-04-01)
stock_CUR3K@844b3eaf1ea2,TVC,2009-10-01,26.07,13686750.0,data_before_corruption (corruption at 2026-04-01)
stock_CUR3K@844b3eaf1ea2,TVC,2010-01-01,26.63,13980750.0,data_before_corruption (corruption at 2026-04-01)
stock_CUR3K@844b3eaf1ea2,TVC,2010-04-01,26.85,14096250.0,data_before_corruption (corruption at 2026-04-01)
stock_CUR3K@844b3eaf1ea2,TVC,2010-07-01,26.84,14091000.0,data_before_corruption (corruption at 2026-04-01)
stock_CUR3K@844b3eaf1ea2,TVC,2010-10-01,25.08,13167000.0,data_before_corruption (corruption at 2026-04-01)
stock_CUR3K@844b3eaf1ea2,TVC,2011-01-01,25.17,13214250.0,data_before_corruption (corruption at 2026-04-01)
stock_CUR3K@844b3eaf1ea2,TVC,2011-04-01,25.24,13251000.0,data_before_corruption (corruption at 2026-04-01)
stock_CUR3K@844b3eaf1ea2,TVC,2011-07-01,26.35,13833750.0,data_before_corruption (corruption at 2026-04-01)
stock_CUR3K@844b3eaf1ea2,TVC,2011-10-01,26.13,13718250.0,data_before_corruption (corruption at 2026-04-01)
stock_CUR3K@844b3eaf1ea2,TVC,2012-01-01,26.89,14117250.0,data_before_corruption (corruption at 2026-04-01)
stock_CUR3K@844b3eaf1ea2,TVC,2012-04-01,26.75,14043750.0,data_before_corruption (corruption at 2026-04-01)
stock_CUR3K@844b3eaf1ea2,TVC,2012-07-01,26.81,14075250.0,data_before_corruption (corruption at 2026-04-01)
stock_CUR3K@844b3eaf1ea2,TVC,2012-10-01,,0.0,data_before_corruption (corruption at 2026-04-01)
stock_CUR3K@844b3eaf1ea2,TVC,2013-01-01,,0.0,data_before_corruption (corruption at 2026-04-01)
stock_CUR3K@844b3eaf1ea2,TVC,2013-04-01,,0.0,data_before_corruption (corruption at 2026-04-01)
stock_CUR3K@844b3eaf1ea2,TVC,2013-07-01,,0.0,data_before_corruption (corruption at 2026-04-01)
stock_CUR3K@844b3eaf1ea2,TVC,2013-10-01,,0.0,data_before_corruption (corruption at 2026-04-01)
stock_CUR3K@844b3eaf1ea2,TVC,2014-01-01,,0.0,data_before_corruption (corruption at 2026-04-01)
stock_CUR3K@844b3eaf1ea2,TVC,2014-04-01,,0.0,data_before_corruption (corruption at 2026-04-01)
stock_CUR3K@844b3eaf1ea2,TVC,2014-07-01,,0.0,data_before_corruption (corruption at 2026-04-01)
stock_CUR3K@844b3eaf1ea2,TVC,2014-10-01,,0.0,data_before_corruption (corruption at 2026-04-01)
stock_CUR3K@844b3eaf1ea2,TVC,2015-01-01,,0.0,data_before_corruption (corruption at 2026-04-01)
stock_CUR3K@844b3eaf1ea2,TVC,2015-04-01,,0.0,data_before_corruption (corruption at 2026-04-01)
stock_CUR3K@844b3eaf1ea2,TVC,2015-07-01,,0.0,data_before_corruption (corruption at 2026-04-01)
stock_CUR3K@844b3eaf1ea2,TVC,2015-10-01,,0.0,data_before_corruption (corruption at 2026-04-01)
stock_CUR3K@844b3eaf1ea2,TVC,2016-01-01,,0.0,data_before_corruption (corruption at 2026-04-01)
stock_CUR3K@844b3eaf1ea2,TVC,2016-04-01,,0.0,data_before_corruption (corruption at 2026-04-01)
stock_CUR3K@844b3eaf1ea2,TVC,2016-07-01,,0.0,data_before_corruption (corruption at 2026-04-01)
stock_CUR3K@844b3eaf1ea2,TVC,2016-10-01,,0.0,data_before_corruption (corruption at 2026-04-01)
stock_CUR3K@844b3eaf1ea2,TVC,2017-01-01,,0.0,data_before_corruption (corruption at 2026-04-01)
stock_CUR3K@844b3eaf1ea2,TVC,2017-04-01,,0.0,data_before_corruption (corruption at 2026-04-01)
stock_CUR3K@844b3eaf1ea2,TVC,2017-07-01,,0.0,data_before_corruption (corruption at 2026-04-01)
stock_CUR3K@844b3eaf1ea2,TVC,2017-10-01,,0.0,data_before_corruption (corruption at 2026-04-01)
stock_CUR3K@844b3eaf1ea2,TVC,2018-01-01,,0.0,data_before_corruption (corruption at 2026-04-01)
stock_CUR3K@844b3eaf1ea2,TVC,2018-04-01,,0.0,data_before_corruption (corruption at 2026-04-01)
stock_CUR3K@844b3eaf1ea2,TVC,2018-07-01,,0.0,data_before_corruption (corruption at 2026-04-01)
stock_CUR3K@844b3eaf1ea2,TVC,2018-10-01,,0.0,data_before_corruption (corruption at 2026-04-01)
stock_CUR3K@844b3eaf1ea2,TVC,2019-01-01,,0.0,data_before_corruption (corruption at 2026-04-01)
stock_CUR3K@844b3eaf1ea2,TVC,2019-04-01,,0.0,data_before_corruption (corruption at 2026-04-01)
stock_CUR3K@844b3eaf1ea2,TVC,2019-07-01,25.47,13371750.0,data_before_corruption (corruption at 2026-04-01)
stock_CUR3K@844b3eaf1ea2,TVC,2019-10-01,26.72,14028000.0,data_before_corruption (corruption at 2026-04-01)
stock_CUR3K@844b3eaf1ea2,TVC,2020-01-01,24.7,12967500.0,data_before_corruption (corruption at 2026-04-01)
stock_CUR3K@844b3eaf1ea2,TVC,2020-04-01,25.25,13256250.0,data_before_corruption (corruption at 2026-04-01)
stock_CUR3K@844b3eaf1ea2,TVC,2020-07-01,26.96,14154000.0,data_before_corruption (corruption at 2026-04-01)
stock_CUR3K@844b3eaf1ea2,TVC,2020-10-01,25.55,13413750.0,data_before_corruption (corruption at 2026-04-01)
stock_CUR3K@844b3eaf1ea2,TVC,2021-01-01,26.38,13849500.0,data_before_corruption (corruption at 2026-04-01)
stock_CUR3K@844b3eaf1ea2,TVC,2021-04-01,26.66,13996500.0,data_before_corruption (corruption at 2026-04-01)
stock_CUR3K@844b3eaf1ea2,TVC,2021-07-01,27.74,14563500.0,data_before_corruption (corruption at 2026-04-01)
stock_CUR3K@844b3eaf1ea2,TVC,2021-10-01,26.15,13728750.0,data_before_corruption (corruption at 2026-04-01)
stock_CUR3K@844b3eaf1ea2,TVC,2022-01-01,23.7,12442500.0,data_before_corruption (corruption at 2026-04-01)
stock_CUR3K@844b3eaf1ea2,TVC,2022-04-01,23.96,12579000.0,data_before_corruption (corruption at 2026-04-01)
stock_CUR3K@844b3eaf1ea2,TVC,2022-07-01,21.64,11361000.0,data_before_corruption (corruption at 2026-04-01)
stock_CUR3K@844b3eaf1ea2,TVC,2022-10-01,22.16,11634000.0,data_before_corruption (corruption at 2026-04-01)
stock_CUR3K@844b3eaf1ea2,TVC,2023-01-01,21.61,11345250.0,data_before_corruption (corruption at 2026-04-01)
stock_CUR3K@844b3eaf1ea2,TVC,2023-04-01,21.84,11466000.0,data_before_corruption (corruption at 2026-04-01)
stock_CUR3K@844b3eaf1ea2,TVC,2023-07-01,21.61,11345250.0,data_before_corruption (corruption at 2026-04-01)
stock_CUR3K@844b3eaf1ea2,TVC,2023-10-01,23.04,12096000.0,data_before_corruption (corruption at 2026-04-01)
stock_CUR3K@844b3eaf1ea2,TVC,2024-01-01,22.15,11628750.0,data_before_corruption (corruption at 2026-04-01)
stock_CUR3K@844b3eaf1ea2,TVC,2024-04-01,22.64,11886000.0,data_before_corruption (corruption at 2026-04-01)
stock_CUR3K@844b3eaf1ea2,TVC,2024-07-01,22.92,12033000.0,data_before_corruption (corruption at 2026-04-01)
stock_CUR3K@844b3eaf1ea2,TVC,2024-10-01,22.53,11828250.0,data_before_corruption (corruption at 2026-04-01)
stock_CUR3K@844b3eaf1ea2,TVC,2025-01-01,23.77,12479250.0,data_before_corruption (corruption at 2026-04-01)
stock_CUR3K@844b3eaf1ea2,TVC,2025-04-01,23.4,12285000.0,data_before_corruption (corruption at 2026-04-01)
stock_CUR3K@844b3eaf1ea2,TVC,2025-07-01,23.86,12526500.0,data_before_corruption (corruption at 2026-04-01)
stock_CUR3K@844b3eaf1ea2,TVC,2025-10-01,24.05,12626250.0,data_before_corruption (corruption at 2026-04-01)
stock_CUR3K@844b3eaf1ea2,TVC,2026-01-01,24.5,12862500.0,data_before_corruption (corruption at 2026-04-01)
stock_CUR3K@844b3eaf1ea2,TVC,2026-04-01,23.86,12526500.0,data_before_corruption (corruption at 2026-04-01)
stock_CUR3K@844b3eaf1ea2,TXP.L,2006-07-01,0.14753724000000001,4962210.43324812,data_before_corruption (corruption at 2012-01-01)
stock_CUR3K@844b3eaf1ea2,TXP.L,2006-10-01,0.15429827999999998,5093165.730557879,data_before_corruption (corruption at 2012-01-01)
stock_CUR3K@844b3eaf1ea2,TXP.L,2007-01-01,0.15505475999999999,5593286.171001479,data_before_corruption (corruption at 2012-01-01)
stock_CUR3K@844b3eaf1ea2,TXP.L,2007-04-01,0.15824616,6041075.6423088,data_before_corruption (corruption at 2012-01-01)
stock_CUR3K@844b3eaf1ea2,TXP.L,2007-07-01,0.1610081,6172704.547593099,data_before_corruption (corruption at 2012-01-01)
stock_CUR3K@844b3eaf1ea2,TXP.L,2007-10-01,0.1563195,5892883.2703575,data_before_corruption (corruption at 2012-01-01)
stock_CUR3K@844b3eaf1ea2,TXP.L,2008-01-01,0.15630768,6308840.5617024,data_before_corruption (corruption at 2012-01-01)
stock_CUR3K@844b3eaf1ea2,TXP.L,2008-04-01,0.156982996,6462765.616618716,data_before_corruption (corruption at 2012-01-01)
stock_CUR3K@844b3eaf1ea2,TXP.L,2008-07-01,0.14030734,5793224.40476488,data_before_corruption (corruption at 2012-01-01)
stock_CUR3K@844b3eaf1ea2,TXP.L,2008-10-01,0.11459095999999999,4713574.35004456,data_before_corruption (corruption at 2012-01-01)
stock_CUR3K@844b3eaf1ea2,TXP.L,2009-01-01,0.112855784,4713526.323215984,data_before_corruption (corruption at 2012-01-01)
stock_CUR3K@844b3eaf1ea2,TXP.L,2009-04-01,0.12967958400000001,5489865.88342272,data_before_corruption (corruption at 2012-01-01)
stock_CUR3K@844b3eaf1ea2,TXP.L,2009-07-01,0.125916096,5816294.774779584,data_before_corruption (corruption at 2012-01-01)
stock_CUR3K@844b3eaf1ea2,TXP.L,2009-10-01,0.12737232,5635856.54450592,data_before_corruption (corruption at 2012-01-01)
stock_CUR3K@844b3eaf1ea2,TXP.L,2010-01-01,0.11962470400000001,5995672.705525761,data_before_corruption (corruption at 2012-01-01)
stock_CUR3K@844b3eaf1ea2,TXP.L,2010-04-01,0.11777920800000001,6195424.490358576,data_before_corruption (corruption at 2012-01-01)
stock_CUR3K@844b3eaf1ea2,TXP.L,2010-07-01,0.123833412,6563072.264604048,data_before_corruption (corruption at 2012-01-01)
stock_CUR3K@844b3eaf1ea2,TXP.L,2010-10-01,0.12289254,6415187.707634159,data_before_corruption (corruption at 2012-01-01)
stock_CUR3K@844b3eaf1ea2,TXP.L,2011-01-01,0.12629512399999998,6709328.057876419,data_before_corruption (corruption at 2012-01-01)
stock_CUR3K@844b3eaf1ea2,TXP.L,2011-04-01,0.126487396,6721158.484478872,data_before_corruption (corruption at 2012-01-01)
stock_CUR3K@844b3eaf1ea2,TXP.L,2011-07-01,0.122855504,6529110.180688016,data_before_corruption (corruption at 2012-01-01)
stock_CUR3K@844b3eaf1ea2,TXP.L,2011-10-01,0.122497752,6511034.323683552,data_before_corruption (corruption at 2012-01-01)
stock_CUR3K@844b3eaf1ea2,TXP.L,2012-01-01,0.126124128,6154641.269644608,data_before_corruption (corruption at 2012-01-01)
stock_CUR3K@844b3eaf1ea2,TXP.TO,2006-07-01,0.14753724000000001,4962210.43324812,data_before_corruption (corruption at 2012-01-01)
stock_CUR3K@844b3eaf1ea2,TXP.TO,2006-10-01,0.14119062852285225,5093165.730557879,data_before_corruption (corruption at 2012-01-01)
stock_CUR3K@844b3eaf1ea2,TXP.TO,2007-01-01,0.15505475999999999,5593286.171001479,data_before_corruption (corruption at 2012-01-01)
stock_CUR3K@844b3eaf1ea2,TXP.TO,2007-04-01,0.15824616,6041075.6423088,data_before_corruption (corruption at 2012-01-01)
stock_CUR3K@844b3eaf1ea2,TXP.TO,2007-07-01,0.1610081,6172704.547593099,data_before_corruption (corruption at 2012-01-01)
stock_CUR3K@844b3eaf1ea2,TXP.TO,2007-10-01,0.1459250139163293,5892883.2703575,data_before_corruption (corruption at 2012-01-01)
stock_CUR3K@844b3eaf1ea2,TXP.TO,2008-01-01,0.15630768,6308840.5617024,data_before_corruption (corruption at 2012-01-01)
stock_CUR3K@844b3eaf1ea2,TXP.TO,2008-04-01,0.156982996,6462765.616618716,data_before_corruption (corruption at 2012-01-01)
stock_CUR3K@844b3eaf1ea2,TXP.TO,2008-07-01,0.14030734,5793224.40476488,data_before_corruption (corruption at 2012-01-01)
stock_CUR3K@844b3eaf1ea2,TXP.TO,2008-10-01,0.11330308832507817,4713574.35004456,data_before_corruption (corruption at 2012-01-01)
stock_CUR3K@844b3eaf1ea2,TXP.TO,2009-01-01,0.112855784,4713526.323215984,data_before_corruption (corruption at 2012-01-01)
stock_CUR3K@844b3eaf1ea2,TXP.TO,2009-04-01,0.12967958400000001,5489865.88342272,data_before_corruption (corruption at 2012-01-01)
stock_CUR3K@844b3eaf1ea2,TXP.TO,2009-07-01,0.125916096,5816294.774779584,data_before_corruption (corruption at 2012-01-01)
stock_CUR3K@844b3eaf1ea2,TXP.TO,2009-10-01,0.11244570943668014,5635856.54450592,data_before_corruption (corruption at 2012-01-01)
stock_CUR3K@844b3eaf1ea2,TXP.TO,2010-01-01,0.11962470400000001,5995672.705525761,data_before_corruption (corruption at 2012-01-01)
stock_CUR3K@844b3eaf1ea2,TXP.TO,2010-04-01,0.11777920800000001,6195424.490358576,data_before_corruption (corruption at 2012-01-01)
stock_CUR3K@844b3eaf1ea2,TXP.TO,2010-07-01,0.123833412,6563072.264604048,data_before_corruption (corruption at 2012-01-01)
stock_CUR3K@844b3eaf1ea2,TXP.TO,2010-10-01,0.12075828160881014,6415187.707634159,data_before_corruption (corruption at 2012-01-01)
stock_CUR3K@844b3eaf1ea2,TXP.TO,2011-01-01,0.12629512399999998,6709328.057876419,data_before_corruption (corruption at 2012-01-01)
stock_CUR3K@844b3eaf1ea2,TXP.TO,2011-04-01,0.126487396,6721158.484478872,data_before_corruption (corruption at 2012-01-01)
stock_CUR3K@844b3eaf1ea2,TXP.TO,2011-07-01,0.12810306597100457,6529110.180688016,data_before_corruption (corruption at 2012-01-01)
stock_CUR3K@844b3eaf1ea2,TXP.TO,2011-10-01,0.12237720352861656,6511034.323683552,data_before_corruption (corruption at 2012-01-01)
stock_CUR3K@844b3eaf1ea2,TXP.TO,2012-01-01,0.126124128,6154641.269644608,data_before_corruption (corruption at 2012-01-01)
stock_CUR3K@844b3eaf1ea2,URU.L,2008-01-01,15.8688,1326568.2048,data_before_corruption (corruption at 2010-01-01)
stock_CUR3K@844b3eaf1ea2,URU.L,2008-07-01,6.588035,550733.3738599999,data_before_corruption (corruption at 2010-01-01)
stock_CUR3K@844b3eaf1ea2,URU.L,2009-01-01,13.032838,1424919.277054,data_before_corruption (corruption at 2010-01-01)
stock_CUR3K@844b3eaf1ea2,URU.L,2010-01-01,11.841023999999999,1317633.627648,data_before_corruption (corruption at 2010-01-01)
stock_CUR3K@844b3eaf1ea2,VALUE.AS,2004-10-01,,0.0,data_before_corruption (corruption at 2012-10-01)
stock_CUR3K@844b3eaf1ea2,VALUE.AS,2005-10-01,0.0,0.0,data_before_corruption (corruption at 2012-10-01)
stock_CUR3K@844b3eaf1ea2,VALUE.AS,2006-10-01,0.0,0.0,data_before_corruption (corruption at 2012-10-01)
stock_CUR3K@844b3eaf1ea2,VALUE.AS,2007-10-01,0.0,0.0,data_before_corruption (corruption at 2012-10-01)
stock_CUR3K@844b3eaf1ea2,VALUE.AS,2008-10-01,0.0,0.0,data_before_corruption (corruption at 2012-10-01)
stock_CUR3K@844b3eaf1ea2,VALUE.AS,2009-10-01,0.0,0.0,data_before_corruption (corruption at 2012-10-01)
stock_CUR3K@844b3eaf1ea2,VALUE.AS,2010-04-01,0.0,0.0,data_before_corruption (corruption at 2012-10-01)
stock_CUR3K@844b3eaf1ea2,VALUE.AS,2010-10-01,0.0,0.0,data_before_corruption (corruption at 2012-10-01)
stock_CUR3K@844b3eaf1ea2,VALUE.AS,2011-04-01,0.0,0.0,data_before_corruption (corruption at 2012-10-01)
stock_CUR3K@844b3eaf1ea2,VALUE.AS,2011-10-01,0.0,0.0,data_before_corruption (corruption at 2012-10-01)
stock_CUR3K@844b3eaf1ea2,VALUE.AS,2012-04-01,0.0,0.0,data_before_corruption (corruption at 2012-10-01)
stock_CUR3K@844b3eaf1ea2,VALUE.AS,2012-10-01,0.0,0.0,data_before_corruption (corruption at 2012-10-01)
stock_CUR3K@844b3eaf1ea2,VIVK,2008-10-01,5804563.97,118993.56138500002,data_before_corruption (corruption at 2010-07-01)
stock_CUR3K@844b3eaf1ea2,VIVK,2009-01-01,5804563.97,121895.84337,data_before_corruption (corruption at 2010-07-01)
stock_CUR3K@844b3eaf1ea2,VIVK,2009-04-01,5804563.97,108835.5744375,data_before_corruption (corruption at 2010-07-01)
stock_CUR3K@844b3eaf1ea2,VIVK,2009-07-01,6385020.42,143662.95945000002,data_before_corruption (corruption at 2010-07-01)
stock_CUR3K@844b3eaf1ea2,VIVK,2009-10-01,1973551.74,53779.284915000004,data_before_corruption (corruption at 2010-07-01)
stock_CUR3K@844b3eaf1ea2,VIVK,2010-01-01,1102867.2,30053.131200000003,data_before_corruption (corruption at 2010-07-01)
stock_CUR3K@844b3eaf1ea2,VIVK,2010-04-01,174136.93,5615.9159925,data_before_corruption (corruption at 2010-07-01)
stock_CUR3K@844b3eaf1ea2,VIVK,2010-07-01,75459.34,2867.45492,data_before_corruption (corruption at 2010-07-01)
stock_CUR3K@844b3eaf1ea2,VLK.AS,2009-10-01,,0.0,data_before_corruption (corruption at 2019-04-01)
stock_CUR3K@844b3eaf1ea2,VLK.AS,2010-04-01,,0.0,data_before_corruption (corruption at 2019-04-01)
stock_CUR3K@844b3eaf1ea2,VLK.AS,2010-10-01,,0.0,data_before_corruption (corruption at 2019-04-01)
stock_CUR3K@844b3eaf1ea2,VLK.AS,2011-04-01,,0.0,data_before_corruption (corruption at 2019-04-01)
stock_CUR3K@844b3eaf1ea2,VLK.AS,2011-10-01,,0.0,data_before_corruption (corruption at 2019-04-01)
stock_CUR3K@844b3eaf1ea2,VLK.AS,2012-04-01,,0.0,data_before_corruption (corruption at 2019-04-01)
stock_CUR3K@844b3eaf1ea2,VLK.AS,2012-10-01,,0.0,data_before_corruption (corruption at 2019-04-01)
stock_CUR3K@844b3eaf1ea2,VLK.AS,2013-04-01,,0.0,data_before_corruption (corruption at 2019-04-01)
stock_CUR3K@844b3eaf1ea2,VLK.AS,2013-10-01,,0.0,data_before_corruption (corruption at 2019-04-01)
stock_CUR3K@844b3eaf1ea2,VLK.AS,2014-04-01,18.0,7200000.0,data_before_corruption (corruption at 2019-04-01)
stock_CUR3K@844b3eaf1ea2,VLK.AS,2014-10-01,17.4,6959999.999999999,data_before_corruption (corruption at 2019-04-01)
stock_CUR3K@844b3eaf1ea2,VLK.AS,2015-04-01,22.34,912060904.74,data_before_corruption (corruption at 2019-04-01)
stock_CUR3K@844b3eaf1ea2,VLK.AS,2016-04-01,16.2,6638209.199999999,data_before_corruption (corruption at 2019-04-01)
stock_CUR3K@844b3eaf1ea2,VLK.AS,2017-04-01,24.3,9720000.0,data_before_corruption (corruption at 2019-04-01)
stock_CUR3K@844b3eaf1ea2,VLK.AS,2017-10-01,26.0,10400000.0,data_before_corruption (corruption at 2019-04-01)
stock_CUR3K@844b3eaf1ea2,VLK.AS,2018-04-01,24.2,9680000.0,data_before_corruption (corruption at 2019-04-01)
stock_CUR3K@844b3eaf1ea2,VLK.AS,2018-10-01,19.82,7928000.0,data_before_corruption (corruption at 2019-04-01)
stock_CUR3K@844b3eaf1ea2,VLK.AS,2019-04-01,19.9,7959999.999999999,data_before_corruption (corruption at 2019-04-01)
stock_CUR3K@844b3eaf1ea2,Y.TO,2011-10-01,0.185,94832938.245,data_before_corruption (corruption at 2012-10-01)
stock_CUR3K@844b3eaf1ea2,Y.TO,2012-07-01,0.06,1677304.6199999999,data_before_corruption (corruption at 2012-10-01)
stock_CUR3K@844b3eaf1ea2,Y.TO,2012-10-01,6.57,183664855.89000002,data_before_corruption (corruption at 2012-10-01)
stock_CUR3K@844b3eaf1ea2,ZNB,2018-01-01,,0.0,data_before_corruption (corruption at 2024-10-01)
stock_CUR3K@844b3eaf1ea2,ZNB,2018-04-01,,0.0,data_before_corruption (corruption at 2024-10-01)
stock_CUR3K@844b3eaf1ea2,ZNB,2018-10-01,,0.0,data_before_corruption (corruption at 2024-10-01)
stock_CUR3K@844b3eaf1ea2,ZNB,2019-10-01,,0.0,data_before_corruption (corruption at 2024-10-01)
stock_CUR3K@844b3eaf1ea2,ZNB,2020-10-01,56000000.0,251091679.99999997,data_before_corruption (corruption at 2024-10-01)
stock_CUR3K@844b3eaf1ea2,ZNB,2021-04-01,82400000.0,909338384.0,data_before_corruption (corruption at 2024-10-01)
stock_CUR3K@844b3eaf1ea2,ZNB,2021-10-01,40000000.0,521999200.00000006,data_before_corruption (corruption at 2024-10-01)
stock_CUR3K@844b3eaf1ea2,ZNB,2022-04-01,10400000.0,161647155.78959998,data_before_corruption (corruption at 2024-10-01)
stock_CUR3K@844b3eaf1ea2,ZNB,2022-10-01,1820000.0000000002,1093062.8800000001,data_before_corruption (corruption at 2024-10-01)
stock_CUR3K@844b3eaf1ea2,ZNB,2023-04-01,2800000.0,181339340.0,data_before_corruption (corruption at 2024-10-01)
stock_CUR3K@844b3eaf1ea2,ZNB,2023-10-01,740000.0,72479277.8,data_before_corruption (corruption at 2024-10-01)
stock_CUR3K@844b3eaf1ea2,ZNB,2024-04-01,420000.0,88052806.8,data_before_corruption (corruption at 2024-10-01)
stock_CUR3K@844b3eaf1ea2,ZNB,2024-10-01,47400.0,17562060.24,data_before_corruption (corruption at 2024-10-01)
stock_CUR3K@844b3eaf1ea2,0QK3.L,2025-04-01,44.66103778295671,6346568520.0,insufficient_data_after_corruption (<8 periods)
stock_CUR3K@844b3eaf1ea2,0QK3.L,2025-10-01,44.962302587728246,6756717620.0,insufficient_data_after_corruption (<8 periods)
stock_CUR3K@844b3eaf1ea2,0QK3.L,2026-04-01,52.70708571428571,7378992000.0,insufficient_data_after_corruption (<8 periods)
stock_CUR3K@844b3eaf1ea2,0V46.L,2026-04-01,1.0278399999999999,551099748.99584,insufficient_data_after_corruption (<8 periods)
stock_CUR3K@844b3eaf1ea2,AKAN,2023-10-01,2064.0,2064000.0,insufficient_data_after_corruption (<8 periods)
stock_CUR3K@844b3eaf1ea2,AKAN,2024-04-01,271.2,2048373.5999999999,insufficient_data_after_corruption (<8 periods)
stock_CUR3K@844b3eaf1ea2,AKAN,2024-10-01,96.0,3144672.0,insufficient_data_after_corruption (<8 periods)
stock_CUR3K@844b3eaf1ea2,AKAN,2025-04-01,84.0,2914296.0,insufficient_data_after_corruption (<8 periods)
stock_CUR3K@844b3eaf1ea2,AKAN,2025-10-01,9.16,625802.04,insufficient_data_after_corruption (<8 periods)
stock_CUR3K@844b3eaf1ea2,ALKOM.PA,2023-04-01,1.07,12840615.25,insufficient_data_after_corruption (<8 periods)
stock_CUR3K@844b3eaf1ea2,ALKOM.PA,2023-10-01,1.0620715907362772,12745469.780000001,insufficient_data_after_corruption (<8 periods)
stock_CUR3K@844b3eaf1ea2,ALKOM.PA,2024-04-01,1.07,12733442.98,insufficient_data_after_corruption (<8 periods)
stock_CUR3K@844b3eaf1ea2,ALKOM.PA,2024-10-01,1.0049412678708654,12019418.14,insufficient_data_after_corruption (<8 periods)
stock_CUR3K@844b3eaf1ea2,ALKOM.PA,2025-04-01,1.0,11927825.0,insufficient_data_after_corruption (<8 periods)
stock_CUR3K@844b3eaf1ea2,ALKOM.PA,2025-10-01,0.88,10474078.56,insufficient_data_after_corruption (<8 periods)
stock_CUR3K@844b3eaf1ea2,ALSPW.PA,2023-10-01,6.4,457689.60000000003,insufficient_data_after_corruption (<8 periods)
stock_CUR3K@844b3eaf1ea2,ALSPW.PA,2024-04-01,0.58,161714094.32,insufficient_data_after_corruption (<8 periods)
stock_CUR3K@844b3eaf1ea2,ALSPW.PA,2024-10-01,0.0815,22723618.426,insufficient_data_after_corruption (<8 periods)
stock_CUR3K@844b3eaf1ea2,ALSPW.PA,2025-04-01,0.1224,4156117.0919999997,insufficient_data_after_corruption (<8 periods)
stock_CUR3K@844b3eaf1ea2,ALSPW.PA,2025-10-01,0.152,5408768.0,insufficient_data_after_corruption (<8 periods)
stock_CUR3K@844b3eaf1ea2,ATO.PA,2025-04-01,32.28,601364650.08,insufficient_data_after_corruption (<8 periods)
stock_CUR3K@844b3eaf1ea2,ATO.PA,2025-10-01,50.17,1015892330.0,insufficient_data_after_corruption (<8 periods)
stock_CUR3K@844b3eaf1ea2,ATO.PA,2026-04-01,33.64,660978433.04,insufficient_data_after_corruption (<8 periods)
stock_CUR3K@844b3eaf1ea2,BGEO.L,2026-01-01,92.8,3956668684.7999997,insufficient_data_after_corruption (<8 periods)
stock_CUR3K@844b3eaf1ea2,CNSY,2025-04-01,4.05,7836.75,insufficient_data_after_corruption (<8 periods)
stock_CUR3K@844b3eaf1ea2,CNSY,2025-07-01,4.05,17402.85,insufficient_data_after_corruption (<8 periods)
stock_CUR3K@844b3eaf1ea2,CNSY,2025-10-01,4.05,12604345.2,insufficient_data_after_corruption (<8 periods)
stock_CUR3K@844b3eaf1ea2,CNSY,2026-01-01,4.05,26916498.45,insufficient_data_after_corruption (<8 periods)
stock_CUR3K@844b3eaf1ea2,CNSY,2026-04-01,4.05,27431156.25,insufficient_data_after_corruption (<8 periods)
stock_CUR3K@844b3eaf1ea2,PPBT,2025-10-01,1506.55148950185,3615723.57480444,insufficient_data_after_corruption (<8 periods)
stock_CUR3K@844b3eaf1ea2,PPBT,2026-01-01,1270.900486985625,5905874.5630222,insufficient_data_after_corruption (<8 periods)
stock_CUR3K@844b3eaf1ea2,PPBT,2026-04-01,1343.9157740619705,7297462.6531565,insufficient_data_after_corruption (<8 periods)
stock_CUR3K@844b3eaf1ea2,ZNB,2025-04-01,17200.0,188563600.0,insufficient_data_after_corruption (<8 periods)
stock_CUR3K@844b3eaf1ea2,ZNB,2025-10-01,464.0,132285240.0,insufficient_data_after_corruption (<8 periods)
stock_CUR3K@844b3eaf1ea2,0HV8.L,2005-10-01,89.0,2261312000.0,primary_input_absent [revenue impossible: < 0 (value=-6.7926e+07)]
stock_CUR3K@844b3eaf1ea2,0HV8.L,2006-10-01,95.25,2415934620.75,primary_input_absent [revenue impossible: < 0 (value=-6.7926e+07)]
stock_CUR3K@844b3eaf1ea2,0HV8.L,2007-10-01,88.0,2235904000.0,primary_input_absent [revenue impossible: < 0 (value=-6.7926e+07)]
stock_CUR3K@844b3eaf1ea2,0HV8.L,2008-10-01,23.2,589465600.0,primary_input_absent [revenue impossible: < 0 (value=-6.7926e+07)]
stock_CUR3K@844b3eaf1ea2,0HV8.L,2009-10-01,44.76,1126120107.48,primary_input_absent [revenue impossible: < 0 (value=-6.7926e+07)]
stock_CUR3K@844b3eaf1ea2,0HV8.L,2010-04-01,37.15,934659561.9499999,primary_input_absent [revenue impossible: < 0 (value=-6.7926e+07)]
stock_CUR3K@844b3eaf1ea2,0HV8.L,2010-10-01,51.3,1290660444.8999999,primary_input_absent [revenue impossible: < 0 (value=-6.7926e+07)]
stock_CUR3K@844b3eaf1ea2,0HV8.L,2011-04-01,55.0,1383650015.0,primary_input_absent [revenue impossible: < 0 (value=-6.7926e+07)]
stock_CUR3K@844b3eaf1ea2,0HV8.L,2011-10-01,30.63,770567271.99,primary_input_absent [revenue impossible: < 0 (value=-6.7926e+07)]
stock_CUR3K@844b3eaf1ea2,0HV8.L,2012-04-01,25.3,635914994.0,primary_input_absent [revenue impossible: < 0 (value=-6.7926e+07)]
stock_CUR3K@844b3eaf1ea2,0HV8.L,2012-10-01,29.0,730335710.0,primary_input_absent [revenue impossible: < 0 (value=-6.7926e+07)]
stock_CUR3K@844b3eaf1ea2,0HV8.L,2013-04-01,34.61,871249055.13,primary_input_absent [revenue impossible: < 0 (value=-6.7926e+07)]
stock_CUR3K@844b3eaf1ea2,0HV8.L,2013-10-01,42.22,1061756792.9,primary_input_absent [revenue impossible: < 0 (value=-6.7926e+07)]
stock_CUR3K@844b3eaf1ea2,0HV8.L,2014-04-01,46.550000000000004,1167874283.45,primary_input_absent [revenue impossible: < 0 (value=-6.7926e+07)]
stock_CUR3K@844b3eaf1ea2,0HV8.L,2014-10-01,49.99,1255697010.3600001,primary_input_absent [revenue impossible: < 0 (value=-6.7926e+07)]
stock_CUR3K@844b3eaf1ea2,0HV8.L,2015-04-01,73.0,1830998994.0,primary_input_absent [revenue impossible: < 0 (value=-6.7926e+07)]
stock_CUR3K@844b3eaf1ea2,0HV8.L,2015-10-01,68.0,1703408228.0,primary_input_absent [revenue impossible: < 0 (value=-6.7926e+07)]
stock_CUR3K@844b3eaf1ea2,0HV8.L,2016-04-01,62.9,1606237232.7,primary_input_absent [revenue impossible: < 0 (value=-6.7926e+07)]
stock_CUR3K@844b3eaf1ea2,0HV8.L,2016-10-01,72.25,1780471489.0,primary_input_absent [revenue impossible: < 0 (value=-6.7926e+07)]
stock_CUR3K@844b3eaf1ea2,0HV8.L,2017-04-01,89.12,2205170664.32,primary_input_absent [revenue impossible: < 0 (value=-6.7926e+07)]
stock_CUR3K@844b3eaf1ea2,0HV8.L,2017-10-01,100.4,2485833017.2000003,primary_input_absent [revenue impossible: < 0 (value=-6.7926e+07)]
stock_CUR3K@844b3eaf1ea2,0HV8.L,2018-04-01,105.8,2620565913.2,primary_input_absent [revenue impossible: < 0 (value=-6.7926e+07)]
stock_CUR3K@844b3eaf1ea2,0HV8.L,2018-10-01,80.2,1984528468.8,primary_input_absent [revenue impossible: < 0 (value=-6.7926e+07)]
stock_CUR3K@844b3eaf1ea2,0HV8.L,2019-04-01,95.60000000000001,2365270096.4,primary_input_absent [revenue impossible: < 0 (value=-6.7926e+07)]
stock_CUR3K@844b3eaf1ea2,0HV8.L,2019-10-01,104.0,2573614888.0,primary_input_absent [revenue impossible: < 0 (value=-6.7926e+07)]
stock_CUR3K@844b3eaf1ea2,0HV8.L,2020-04-01,67.0,1657889205.0,primary_input_absent [revenue impossible: < 0 (value=-6.7926e+07)]
stock_CUR3K@844b3eaf1ea2,0HV8.L,2020-10-01,94.6,2347717242.2,primary_input_absent [revenue impossible: < 0 (value=-6.7926e+07)]
stock_CUR3K@844b3eaf1ea2,0HV8.L,2021-04-01,113.4,2806467085.8,primary_input_absent [revenue impossible: < 0 (value=-6.7926e+07)]
stock_CUR3K@844b3eaf1ea2,0HV8.L,2021-10-01,124.0,3080091924.0,primary_input_absent [revenue impossible: < 0 (value=-6.7926e+07)]
stock_CUR3K@844b3eaf1ea2,0HV8.L,2022-04-01,86.5,2148023533.0,primary_input_absent [revenue impossible: < 0 (value=-6.7926e+07)]
stock_CUR3K@844b3eaf1ea2,0HV8.L,2022-10-01,89.0,2209303426.0,primary_input_absent [revenue impossible: < 0 (value=-6.7926e+07)]
stock_CUR3K@844b3eaf1ea2,0HV8.L,2023-04-01,102.2,2539191704.0,primary_input_absent [revenue impossible: < 0 (value=-6.7926e+07)]
stock_CUR3K@844b3eaf1ea2,0HV8.L,2023-10-01,101.39999999999999,2518790094.6,primary_input_absent [revenue impossible: < 0 (value=-6.7926e+07)]
stock_CUR3K@844b3eaf1ea2,0HV8.L,2024-04-01,90.7,2252383303.1,primary_input_absent [revenue impossible: < 0 (value=-6.7926e+07)]
stock_CUR3K@844b3eaf1ea2,0HV8.L,2024-10-01,72.75682352664083,1813288409.6999998,primary_input_absent [revenue impossible: < 0 (value=-6.7926e+07)]
stock_CUR3K@844b3eaf1ea2,0HV8.L,2025-04-01,73.6,1824934521.6,primary_input_absent [revenue impossible: < 0 (value=-6.7926e+07)]
stock_CUR3K@844b3eaf1ea2,0HV8.L,2025-10-01,75.8,1894242000.0,primary_input_absent [revenue impossible: < 0 (value=-6.7926e+07)]
stock_CUR3K@844b3eaf1ea2,0QQ4.L,2012-10-01,287.0658064516129,622932800.0,primary_input_absent [netCashProvidedByOperatingActivities NaN (value=NaN)]
stock_CUR3K@844b3eaf1ea2,0QQ4.L,2013-04-01,248.74673042680027,539782395.0,primary_input_absent [netCashProvidedByOperatingActivities NaN (value=NaN)]
stock_CUR3K@844b3eaf1ea2,0QQ4.L,2013-10-01,238.98108285837523,518592773.5,primary_input_absent [netCashProvidedByOperatingActivities NaN (value=NaN)]
stock_CUR3K@844b3eaf1ea2,0QQ4.L,2014-04-01,571.8538720029788,1240916040.0,primary_input_absent [netCashProvidedByOperatingActivities NaN (value=NaN)]
stock_CUR3K@844b3eaf1ea2,0QQ4.L,2014-10-01,1423.4217906579654,1943202762.0,primary_input_absent [netCashProvidedByOperatingActivities NaN (value=NaN)]
stock_CUR3K@844b3eaf1ea2,0QQ4.L,2015-04-01,1422.6270269557554,1942117780.0,primary_input_absent [netCashProvidedByOperatingActivities NaN (value=NaN)]
stock_CUR3K@844b3eaf1ea2,0QQ4.L,2015-10-01,3442.604172280567,1929114887.0,primary_input_absent [netCashProvidedByOperatingActivities NaN (value=NaN)]
stock_CUR3K@844b3eaf1ea2,0QQ4.L,2016-04-01,3560.5722214691846,1996384360.0,primary_input_absent [netCashProvidedByOperatingActivities NaN (value=NaN)]
stock_CUR3K@844b3eaf1ea2,0QQ4.L,2016-10-01,3472.3513995960516,1953017100.0,primary_input_absent [netCashProvidedByOperatingActivities NaN (value=NaN)]
stock_CUR3K@844b3eaf1ea2,0QQ4.L,2017-04-01,3484.148910407317,1959527157.0,primary_input_absent [netCashProvidedByOperatingActivities NaN (value=NaN)]
stock_CUR3K@844b3eaf1ea2,0QQ4.L,2017-10-01,3486.1120572830173,1962782185.5,primary_input_absent [netCashProvidedByOperatingActivities NaN (value=NaN)]
stock_CUR3K@844b3eaf1ea2,0QQ4.L,2018-10-01,2208.9026495854027,1243515000.0,primary_input_absent [netCashProvidedByOperatingActivities NaN (value=NaN)]
stock_CUR3K@844b3eaf1ea2,0QQ4.L,2019-04-01,912.0,513415872.0,primary_input_absent [netCashProvidedByOperatingActivities NaN (value=NaN)]
stock_CUR3K@844b3eaf1ea2,0QQ4.L,2019-10-01,920.0,520538760.0,primary_input_absent [netCashProvidedByOperatingActivities NaN (value=NaN)]
stock_CUR3K@844b3eaf1ea2,0QQ4.L,2020-04-01,872.0,493380216.0,primary_input_absent [netCashProvidedByOperatingActivities NaN (value=NaN)]
stock_CUR3K@844b3eaf1ea2,0QQ4.L,2020-10-01,940.0,532308840.0,primary_input_absent [netCashProvidedByOperatingActivities NaN (value=NaN)]
stock_CUR3K@844b3eaf1ea2,0QQ4.L,2021-04-01,922.0,522115692.0,primary_input_absent [netCashProvidedByOperatingActivities NaN (value=NaN)]
stock_CUR3K@844b3eaf1ea2,0QQ4.L,2021-10-01,910.0,513632210.0,primary_input_absent [netCashProvidedByOperatingActivities NaN (value=NaN)]
stock_CUR3K@844b3eaf1ea2,0QQ4.L,2022-04-01,898.0,506859038.0,primary_input_absent [netCashProvidedByOperatingActivities NaN (value=NaN)]
stock_CUR3K@844b3eaf1ea2,0QQ4.L,2022-10-01,910.0,513527560.0,primary_input_absent [netCashProvidedByOperatingActivities NaN (value=NaN)]
stock_CUR3K@844b3eaf1ea2,0QQ4.L,2023-04-01,892.0,503369872.0,primary_input_absent [netCashProvidedByOperatingActivities NaN (value=NaN)]
stock_CUR3K@844b3eaf1ea2,0QQ4.L,2023-10-01,856.0,480283624.0,primary_input_absent [netCashProvidedByOperatingActivities NaN (value=NaN)]
stock_CUR3K@844b3eaf1ea2,0QQ4.L,2024-04-01,842.0,472428518.0,primary_input_absent [netCashProvidedByOperatingActivities NaN (value=NaN)]
stock_CUR3K@844b3eaf1ea2,0QQ4.L,2024-10-01,860.0,484404460.0,primary_input_absent [netCashProvidedByOperatingActivities NaN (value=NaN)]
stock_CUR3K@844b3eaf1ea2,0QQ4.L,2025-04-01,914.0,514820554.0,primary_input_absent [netCashProvidedByOperatingActivities NaN (value=NaN)]
stock_CUR3K@844b3eaf1ea2,0QQ4.L,2025-10-01,984.0,556671432.0,primary_input_absent [netCashProvidedByOperatingActivities NaN (value=NaN)]
stock_CUR3K@844b3eaf1ea2,0QQ4.L,2026-04-01,1090.0,616638070.0,primary_input_absent [netCashProvidedByOperatingActivities NaN (value=NaN)]
stock_CUR3K@844b3eaf1ea2,0QU6.L,2012-10-01,,49948897.25,primary_input_absent [netCashProvidedByOperatingActivities NaN (value=NaN)]
stock_CUR3K@844b3eaf1ea2,0QU6.L,2013-10-01,88.75902777777777,559181875.0,primary_input_absent [netCashProvidedByOperatingActivities NaN (value=NaN)]
stock_CUR3K@844b3eaf1ea2,0QU6.L,2014-04-01,76.05,511436250.0,primary_input_absent [netCashProvidedByOperatingActivities NaN (value=NaN)]
stock_CUR3K@844b3eaf1ea2,0QU6.L,2014-10-01,83.45,668383929.3000001,primary_input_absent [netCashProvidedByOperatingActivities NaN (value=NaN)]
stock_CUR3K@844b3eaf1ea2,0QU6.L,2015-04-01,94.0,752871474.0,primary_input_absent [netCashProvidedByOperatingActivities NaN (value=NaN)]
stock_CUR3K@844b3eaf1ea2,0QU6.L,2015-10-01,92.05,736400000.0,primary_input_absent [netCashProvidedByOperatingActivities NaN (value=NaN)]
stock_CUR3K@844b3eaf1ea2,0QU6.L,2016-04-01,96.8,775367903.1999999,primary_input_absent [netCashProvidedByOperatingActivities NaN (value=NaN)]
stock_CUR3K@844b3eaf1ea2,0QU6.L,2016-10-01,104.7,837764902.5,primary_input_absent [netCashProvidedByOperatingActivities NaN (value=NaN)]
stock_CUR3K@844b3eaf1ea2,0QU6.L,2017-04-01,124.0,998681988.0,primary_input_absent [netCashProvidedByOperatingActivities NaN (value=NaN)]
stock_CUR3K@844b3eaf1ea2,0QU6.L,2017-10-01,120.9,970214037.0,primary_input_absent [netCashProvidedByOperatingActivities NaN (value=NaN)]
stock_CUR3K@844b3eaf1ea2,0QU6.L,2018-04-01,119.5,961080184.0,primary_input_absent [netCashProvidedByOperatingActivities NaN (value=NaN)]
stock_CUR3K@844b3eaf1ea2,0QU6.L,2018-10-01,115.5,925240354.5,primary_input_absent [netCashProvidedByOperatingActivities NaN (value=NaN)]
stock_CUR3K@844b3eaf1ea2,0QU6.L,2019-04-01,123.5,987202313.5,primary_input_absent [netCashProvidedByOperatingActivities NaN (value=NaN)]
stock_CUR3K@844b3eaf1ea2,0QU6.L,2019-10-01,108.0,862126632.0,primary_input_absent [netCashProvidedByOperatingActivities NaN (value=NaN)]
stock_CUR3K@844b3eaf1ea2,0QU6.L,2020-04-01,92.2,737692200.0,primary_input_absent [netCashProvidedByOperatingActivities NaN (value=NaN)]
stock_CUR3K@844b3eaf1ea2,0QU6.L,2020-10-01,109.5,895823989.5,primary_input_absent [netCashProvidedByOperatingActivities NaN (value=NaN)]
stock_CUR3K@844b3eaf1ea2,0QU6.L,2021-04-01,102.0,849317382.0,primary_input_absent [netCashProvidedByOperatingActivities NaN (value=NaN)]
stock_CUR3K@844b3eaf1ea2,0QU6.L,2021-10-01,95.0,841505345.0,primary_input_absent [netCashProvidedByOperatingActivities NaN (value=NaN)]
stock_CUR3K@844b3eaf1ea2,0QU6.L,2022-04-01,84.0,847584108.0,primary_input_absent [netCashProvidedByOperatingActivities NaN (value=NaN)]
stock_CUR3K@844b3eaf1ea2,0QU6.L,2022-10-01,82.0,827873558.0,primary_input_absent [netCashProvidedByOperatingActivities NaN (value=NaN)]
stock_CUR3K@844b3eaf1ea2,0QU6.L,2023-04-01,76.0,767507204.0,primary_input_absent [netCashProvidedByOperatingActivities NaN (value=NaN)]
stock_CUR3K@844b3eaf1ea2,0QU6.L,2023-10-01,79.8,806514580.1999999,primary_input_absent [netCashProvidedByOperatingActivities NaN (value=NaN)]
stock_CUR3K@844b3eaf1ea2,0QU6.L,2024-04-01,73.4,742016748.0,primary_input_absent [netCashProvidedByOperatingActivities NaN (value=NaN)]
stock_CUR3K@844b3eaf1ea2,0QU6.L,2024-10-01,85.39982247248491,862717205.0,primary_input_absent [netCashProvidedByOperatingActivities NaN (value=NaN)]
stock_CUR3K@844b3eaf1ea2,0QU6.L,2025-04-01,110.6,1117786089.0,primary_input_absent [netCashProvidedByOperatingActivities NaN (value=NaN)]
stock_CUR3K@844b3eaf1ea2,0QU6.L,2025-10-01,118.6,1200232000.0,primary_input_absent [netCashProvidedByOperatingActivities NaN (value=NaN)]
stock_CUR3K@844b3eaf1ea2,0QU6.L,2026-04-01,135.6,1371703022.3999999,primary_input_absent [netCashProvidedByOperatingActivities NaN (value=NaN)]
stock_CUR3K@844b3eaf1ea2,0R1E.L,2012-10-01,907.0,1159844390000.0,primary_input_absent [netCashProvidedByOperatingActivities NaN (value=NaN)]
stock_CUR3K@844b3eaf1ea2,0R1E.L,2013-01-01,988.9922660056147,1264693640000.0,primary_input_absent [netCashProvidedByOperatingActivities NaN (value=NaN)]
stock_CUR3K@844b3eaf1ea2,0R1E.L,2013-04-01,1167.0,1492312920000.0,primary_input_absent [netCashProvidedByOperatingActivities NaN (value=NaN)]
stock_CUR3K@844b3eaf1ea2,0R1E.L,2013-07-01,1113.0,1423259880000.0,primary_input_absent [netCashProvidedByOperatingActivities NaN (value=NaN)]
stock_CUR3K@844b3eaf1ea2,0R1E.L,2013-10-01,1401.0,1791500730000.0,primary_input_absent [netCashProvidedByOperatingActivities NaN (value=NaN)]
stock_CUR3K@844b3eaf1ea2,0R1E.L,2014-01-01,1186.0715108819131,1451265240000.0,primary_input_absent [netCashProvidedByOperatingActivities NaN (value=NaN)]
stock_CUR3K@844b3eaf1ea2,0R1E.L,2014-04-01,1212.5,1435284750000.0,primary_input_absent [netCashProvidedByOperatingActivities NaN (value=NaN)]
stock_CUR3K@844b3eaf1ea2,0R1E.L,2014-07-01,1192.9824436909328,1412177960000.0,primary_input_absent [netCashProvidedByOperatingActivities NaN (value=NaN)]
stock_CUR3K@844b3eaf1ea2,0R1E.L,2014-10-01,1260.5106485431645,1492104270000.0,primary_input_absent [netCashProvidedByOperatingActivities NaN (value=NaN)]
stock_CUR3K@844b3eaf1ea2,0R1E.L,2015-01-01,1767.5,2092242775000.0,primary_input_absent [netCashProvidedByOperatingActivities NaN (value=NaN)]
stock_CUR3K@844b3eaf1ea2,0R1E.L,2015-04-01,2047.0,2458672170000.0,primary_input_absent [netCashProvidedByOperatingActivities NaN (value=NaN)]
stock_CUR3K@844b3eaf1ea2,0R1E.L,2015-07-01,2005.8295618510524,2409426660000.0,primary_input_absent [netCashProvidedByOperatingActivities NaN (value=NaN)]
stock_CUR3K@844b3eaf1ea2,0R1E.L,2015-10-01,1675.2349995837842,2012459805000.0,primary_input_absent [netCashProvidedByOperatingActivities NaN (value=NaN)]
stock_CUR3K@844b3eaf1ea2,0R1E.L,2016-01-01,1600.0,1922048000000.0,primary_input_absent [netCashProvidedByOperatingActivities NaN (value=NaN)]
stock_CUR3K@844b3eaf1ea2,0R1E.L,2016-04-01,1458.5,1752081465000.0,primary_input_absent [netCashProvidedByOperatingActivities NaN (value=NaN)]
stock_CUR3K@844b3eaf1ea2,0R1E.L,2016-07-01,2660.4562596159667,3195978835000.0,primary_input_absent [netCashProvidedByOperatingActivities NaN (value=NaN)]
stock_CUR3K@844b3eaf1ea2,0R1E.L,2016-10-01,2453.9856002393312,2947941120000.0,primary_input_absent [netCashProvidedByOperatingActivities NaN (value=NaN)]
stock_CUR3K@844b3eaf1ea2,0R1E.L,2017-01-01,2581.940976999861,3101646760000.0,primary_input_absent [netCashProvidedByOperatingActivities NaN (value=NaN)]
stock_CUR3K@844b3eaf1ea2,0R1E.L,2017-04-01,3768.0,4523710080000.0,primary_input_absent [netCashProvidedByOperatingActivities NaN (value=NaN)]
stock_CUR3K@844b3eaf1ea2,0R1E.L,2017-07-01,4155.460907379619,4989527360000.0,primary_input_absent [netCashProvidedByOperatingActivities NaN (value=NaN)]
stock_CUR3K@844b3eaf1ea2,0R1E.L,2017-10-01,4117.835779137642,4945106640000.0,primary_input_absent [netCashProvidedByOperatingActivities NaN (value=NaN)]
stock_CUR3K@844b3eaf1ea2,0R1E.L,2018-01-01,4686.001147125361,5627831989164.0,primary_input_absent [netCashProvidedByOperatingActivities NaN (value=NaN)]
stock_CUR3K@844b3eaf1ea2,0R1E.L,2018-04-01,3620.0,4348525000000.0,primary_input_absent [netCashProvidedByOperatingActivities NaN (value=NaN)]
stock_CUR3K@844b3eaf1ea2,0R1E.L,2018-07-01,4203.97816206141,5050055000000.0,primary_input_absent [netCashProvidedByOperatingActivities NaN (value=NaN)]
stock_CUR3K@844b3eaf1ea2,0R1E.L,2018-10-01,2928.5,3517860625000.0,primary_input_absent [netCashProvidedByOperatingActivities NaN (value=NaN)]
stock_CUR3K@844b3eaf1ea2,0R1E.L,2019-01-01,3191.999975883953,3802438080000.0,primary_input_absent [netCashProvidedByOperatingActivities NaN (value=NaN)]
stock_CUR3K@844b3eaf1ea2,0R1E.L,2019-04-01,4005.0,4770916200000.0,primary_input_absent [netCashProvidedByOperatingActivities NaN (value=NaN)]
stock_CUR3K@844b3eaf1ea2,0R1E.L,2019-07-01,4002.0,4767342480000.0,primary_input_absent [netCashProvidedByOperatingActivities NaN (value=NaN)]
stock_CUR3K@844b3eaf1ea2,0R1E.L,2019-10-01,4396.963088882173,5237838310000.0,primary_input_absent [netCashProvidedByOperatingActivities NaN (value=NaN)]
stock_CUR3K@844b3eaf1ea2,0R1E.L,2020-01-01,4160.965070011081,4956708030000.0,primary_input_absent [netCashProvidedByOperatingActivities NaN (value=NaN)]
stock_CUR3K@844b3eaf1ea2,0R1E.L,2020-04-01,4801.0,5719095230000.0,primary_input_absent [netCashProvidedByOperatingActivities NaN (value=NaN)]
stock_CUR3K@844b3eaf1ea2,0R1E.L,2020-07-01,5966.0,7106878180000.0,primary_input_absent [netCashProvidedByOperatingActivities NaN (value=NaN)]
stock_CUR3K@844b3eaf1ea2,0R1E.L,2020-10-01,6582.957613803581,7841801260000.0,primary_input_absent [netCashProvidedByOperatingActivities NaN (value=NaN)]
stock_CUR3K@844b3eaf1ea2,0R1E.L,2021-01-01,6180.96020217529,7362930820000.0,primary_input_absent [netCashProvidedByOperatingActivities NaN (value=NaN)]
stock_CUR3K@844b3eaf1ea2,0R1E.L,2021-04-01,6462.0,7697663640000.0,primary_input_absent [netCashProvidedByOperatingActivities NaN (value=NaN)]
stock_CUR3K@844b3eaf1ea2,0R1E.L,2021-07-01,5430.740135938514,6430521250862.0,primary_input_absent [netCashProvidedByOperatingActivities NaN (value=NaN)]
stock_CUR3K@844b3eaf1ea2,0R1E.L,2021-10-01,5364.760792862863,6294057050000.0,primary_input_absent [netCashProvidedByOperatingActivities NaN (value=NaN)]
stock_CUR3K@844b3eaf1ea2,0R1E.L,2022-01-01,6167.0,7235260986716.0,primary_input_absent [netCashProvidedByOperatingActivities NaN (value=NaN)]
stock_CUR3K@844b3eaf1ea2,0R1E.L,2022-04-01,5868.0,6854821560000.0,primary_input_absent [netCashProvidedByOperatingActivities NaN (value=NaN)]
stock_CUR3K@844b3eaf1ea2,0R1E.L,2022-07-01,5853.8763059483235,6815261924000.0,primary_input_absent [netCashProvidedByOperatingActivities NaN (value=NaN)]
stock_CUR3K@844b3eaf1ea2,0R1E.L,2022-10-01,5532.0,6440517206760.0,primary_input_absent [netCashProvidedByOperatingActivities NaN (value=NaN)]
stock_CUR3K@844b3eaf1ea2,0R1E.L,2023-01-01,5131.0,5973660846160.0,primary_input_absent [netCashProvidedByOperatingActivities NaN (value=NaN)]
stock_CUR3K@844b3eaf1ea2,0R1E.L,2023-04-01,6542.0,7616386118000.0,primary_input_absent [netCashProvidedByOperatingActivities NaN (value=NaN)]
stock_CUR3K@844b3eaf1ea2,0R1E.L,2023-07-01,6230.001797981861,7253208970000.0,primary_input_absent [netCashProvidedByOperatingActivities NaN (value=NaN)]
stock_CUR3K@844b3eaf1ea2,0R1E.L,2023-10-01,7359.0,8567634801000.0,primary_input_absent [netCashProvidedByOperatingActivities NaN (value=NaN)]
stock_CUR3K@844b3eaf1ea2,0R1E.L,2024-01-01,8210.0,9558393980000.0,primary_input_absent [netCashProvidedByOperatingActivities NaN (value=NaN)]
stock_CUR3K@844b3eaf1ea2,0R1E.L,2024-04-01,8749.0,10185918262000.0,primary_input_absent [netCashProvidedByOperatingActivities NaN (value=NaN)]
stock_CUR3K@844b3eaf1ea2,0R1E.L,2024-07-01,7635.9868825198755,8890182456000.0,primary_input_absent [netCashProvidedByOperatingActivities NaN (value=NaN)]
stock_CUR3K@844b3eaf1ea2,0R1E.L,2024-10-01,9264.0,10785593472000.0,primary_input_absent [netCashProvidedByOperatingActivities NaN (value=NaN)]
stock_CUR3K@844b3eaf1ea2,0R1E.L,2025-01-01,10110.0,11770547280000.0,primary_input_absent [netCashProvidedByOperatingActivities NaN (value=NaN)]
stock_CUR3K@844b3eaf1ea2,0R1E.L,2025-04-01,13880.0,16159762240000.0,primary_input_absent [netCashProvidedByOperatingActivities NaN (value=NaN)]
stock_CUR3K@844b3eaf1ea2,0R1E.L,2025-07-01,12805.0,14908298080000.0,primary_input_absent [netCashProvidedByOperatingActivities NaN (value=NaN)]
stock_CUR3K@844b3eaf1ea2,0R1E.L,2025-10-01,10595.0,12335324105000.0,primary_input_absent [netCashProvidedByOperatingActivities NaN (value=NaN)]
stock_CUR3K@844b3eaf1ea2,0R1E.L,2026-01-01,8775.0,10164775725000.0,primary_input_absent [netCashProvidedByOperatingActivities NaN (value=NaN)]
stock_CUR3K@844b3eaf1ea2,0R1E.L,2026-04-01,6815.0,7856529635000.0,primary_input_absent [netCashProvidedByOperatingActivities NaN (value=NaN)]
stock_CUR3K@844b3eaf1ea2,0RA9.L,2015-04-01,20.299999,195373077.37571,primary_input_absent [revenue impossible: < 0 (value=-2.017e+06)]
stock_CUR3K@844b3eaf1ea2,0RA9.L,2015-10-01,14.149999999999999,139137431.1,primary_input_absent [revenue impossible: < 0 (value=-2.017e+06)]
stock_CUR3K@844b3eaf1ea2,0RA9.L,2016-04-01,4.59,44293458.69,primary_input_absent [revenue impossible: < 0 (value=-2.017e+06)]
stock_CUR3K@844b3eaf1ea2,0RA9.L,2016-10-01,6.3,61845090.3,primary_input_absent [revenue impossible: < 0 (value=-2.017e+06)]
stock_CUR3K@844b3eaf1ea2,0RA9.L,2017-04-01,13.02,126398029.8,primary_input_absent [revenue impossible: < 0 (value=-2.017e+06)]
stock_CUR3K@844b3eaf1ea2,0RA9.L,2017-10-01,8.63,87628717.95,primary_input_absent [revenue impossible: < 0 (value=-2.017e+06)]
stock_CUR3K@844b3eaf1ea2,0RA9.L,2018-04-01,6.84,68268548.88,primary_input_absent [revenue impossible: < 0 (value=-2.017e+06)]
stock_CUR3K@844b3eaf1ea2,0RA9.L,2018-10-01,11.84,123562145.28,primary_input_absent [revenue impossible: < 0 (value=-2.017e+06)]
stock_CUR3K@844b3eaf1ea2,0RA9.L,2019-04-01,7.659999999999999,78450188.74,primary_input_absent [revenue impossible: < 0 (value=-2.017e+06)]
stock_CUR3K@844b3eaf1ea2,0RA9.L,2019-10-01,22.549998999999996,274682191.76897097,primary_input_absent [revenue impossible: < 0 (value=-2.017e+06)]
stock_CUR3K@844b3eaf1ea2,0RA9.L,2020-04-01,20.799999,253992302.98883098,primary_input_absent [revenue impossible: < 0 (value=-2.017e+06)]
stock_CUR3K@844b3eaf1ea2,0RA9.L,2020-10-01,34.400002,492177031.014942,primary_input_absent [revenue impossible: < 0 (value=-2.017e+06)]
stock_CUR3K@844b3eaf1ea2,0RA9.L,2021-04-01,29.549999,433272043.687663,primary_input_absent [revenue impossible: < 0 (value=-2.017e+06)]
stock_CUR3K@844b3eaf1ea2,0RA9.L,2021-10-01,28.549999,478368109.294549,primary_input_absent [revenue impossible: < 0 (value=-2.017e+06)]
stock_CUR3K@844b3eaf1ea2,0RA9.L,2022-04-01,10.46,175451699.10000002,primary_input_absent [revenue impossible: < 0 (value=-2.017e+06)]
stock_CUR3K@844b3eaf1ea2,0RA9.L,2022-10-01,5.937382212649238,132410659.14,primary_input_absent [revenue impossible: < 0 (value=-2.017e+06)]
stock_CUR3K@844b3eaf1ea2,0RA9.L,2023-04-01,15.599999999999998,560099311.1999999,primary_input_absent [revenue impossible: < 0 (value=-2.017e+06)]
stock_CUR3K@844b3eaf1ea2,0RA9.L,2023-10-01,9.82,493241248.06,primary_input_absent [revenue impossible: < 0 (value=-2.017e+06)]
stock_CUR3K@844b3eaf1ea2,0RA9.L,2024-04-01,12.82,806615541.78,primary_input_absent [revenue impossible: < 0 (value=-2.017e+06)]
stock_CUR3K@844b3eaf1ea2,0RA9.L,2024-10-01,6.759992507568828,426941320.0,primary_input_absent [revenue impossible: < 0 (value=-2.017e+06)]
stock_CUR3K@844b3eaf1ea2,0RA9.L,2025-04-01,6.64,421040354.88,primary_input_absent [revenue impossible: < 0 (value=-2.017e+06)]
stock_CUR3K@844b3eaf1ea2,0RA9.L,2025-10-01,120.4,8371088726.0,primary_input_absent [revenue impossible: < 0 (value=-2.017e+06)]
stock_CUR3K@844b3eaf1ea2,0RQI.L,2014-01-01,1.13,34598897.089999996,primary_input_absent [netCashProvidedByOperatingActivities NaN (value=NaN)]
stock_CUR3K@844b3eaf1ea2,0RQI.L,2014-07-01,0.044035810701475844,21972221.72,primary_input_absent [netCashProvidedByOperatingActivities NaN (value=NaN)]
stock_CUR3K@844b3eaf1ea2,0RQI.L,2014-10-01,0.044035810701475844,21972221.72,primary_input_absent [netCashProvidedByOperatingActivities NaN (value=NaN)]
stock_CUR3K@844b3eaf1ea2,0RQI.L,2015-01-01,1.13,36231219.379999995,primary_input_absent [netCashProvidedByOperatingActivities NaN (value=NaN)]
stock_CUR3K@844b3eaf1ea2,0RQI.L,2015-04-01,1.07,34307437.82,primary_input_absent [netCashProvidedByOperatingActivities NaN (value=NaN)]
stock_CUR3K@844b3eaf1ea2,0RQI.L,2015-07-01,1.02,41764353.9,primary_input_absent [netCashProvidedByOperatingActivities NaN (value=NaN)]
stock_CUR3K@844b3eaf1ea2,0RQI.L,2015-10-01,0.87666,35895233.8137,primary_input_absent [netCashProvidedByOperatingActivities NaN (value=NaN)]
stock_CUR3K@844b3eaf1ea2,0RQI.L,2016-01-01,0.8694135367233028,35763241.5,primary_input_absent [netCashProvidedByOperatingActivities NaN (value=NaN)]
stock_CUR3K@844b3eaf1ea2,0RQI.L,2016-07-01,1.08,43794642.6,primary_input_absent [netCashProvidedByOperatingActivities NaN (value=NaN)]
stock_CUR3K@844b3eaf1ea2,0RQI.L,2016-10-01,1.2,48660714.0,primary_input_absent [netCashProvidedByOperatingActivities NaN (value=NaN)]
stock_CUR3K@844b3eaf1ea2,0RQI.L,2017-01-01,1.5126752627478968,62534582.28,primary_input_absent [netCashProvidedByOperatingActivities NaN (value=NaN)]
stock_CUR3K@844b3eaf1ea2,0RQI.L,2017-04-01,1.8982591532522628,78474769.92,primary_input_absent [netCashProvidedByOperatingActivities NaN (value=NaN)]
stock_CUR3K@844b3eaf1ea2,0RQI.L,2017-07-01,2.02,85878892.06,primary_input_absent [netCashProvidedByOperatingActivities NaN (value=NaN)]
stock_CUR3K@844b3eaf1ea2,0RQI.L,2017-10-01,2.22,94381752.66000001,primary_input_absent [netCashProvidedByOperatingActivities NaN (value=NaN)]
stock_CUR3K@844b3eaf1ea2,0RQI.L,2018-01-01,2.06,85587578.08,primary_input_absent [netCashProvidedByOperatingActivities NaN (value=NaN)]
stock_CUR3K@844b3eaf1ea2,0RQI.L,2018-04-01,2.53,105114841.03999999,primary_input_absent [netCashProvidedByOperatingActivities NaN (value=NaN)]
stock_CUR3K@844b3eaf1ea2,0RQI.L,2018-07-01,3.25,137181590.0,primary_input_absent [netCashProvidedByOperatingActivities NaN (value=NaN)]
stock_CUR3K@844b3eaf1ea2,0RQI.L,2018-10-01,3.17,133804812.39999999,primary_input_absent [netCashProvidedByOperatingActivities NaN (value=NaN)]
stock_CUR3K@844b3eaf1ea2,0RQI.L,2019-01-01,4.579962113090017,188795898.96,primary_input_absent [netCashProvidedByOperatingActivities NaN (value=NaN)]
stock_CUR3K@844b3eaf1ea2,0RQI.L,2019-04-01,5.419969527661453,225582914.88,primary_input_absent [netCashProvidedByOperatingActivities NaN (value=NaN)]
stock_CUR3K@844b3eaf1ea2,0RQI.L,2019-10-01,7.480115553930049,311812140.0,primary_input_absent [netCashProvidedByOperatingActivities NaN (value=NaN)]
stock_CUR3K@844b3eaf1ea2,0RQI.L,2020-01-01,5.879991995576407,246206125.2,primary_input_absent [netCashProvidedByOperatingActivities NaN (value=NaN)]
stock_CUR3K@844b3eaf1ea2,0RQI.L,2020-04-01,8.399941622620192,358977645.6,primary_input_absent [netCashProvidedByOperatingActivities NaN (value=NaN)]
stock_CUR3K@844b3eaf1ea2,0RQI.L,2020-07-01,9.819903735042267,421728148.8,primary_input_absent [netCashProvidedByOperatingActivities NaN (value=NaN)]
stock_CUR3K@844b3eaf1ea2,0RQI.L,2020-10-01,13.594086216214157,641945920.7,primary_input_absent [netCashProvidedByOperatingActivities NaN (value=NaN)]
stock_CUR3K@844b3eaf1ea2,0RQI.L,2021-01-01,10.699885559107676,462193305.2,primary_input_absent [netCashProvidedByOperatingActivities NaN (value=NaN)]
stock_CUR3K@844b3eaf1ea2,0RQI.L,2021-04-01,14.27640039914419,619994303.04,primary_input_absent [netCashProvidedByOperatingActivities NaN (value=NaN)]
stock_CUR3K@844b3eaf1ea2,0RQI.L,2021-07-01,13.966681092690656,609501102.48,primary_input_absent [netCashProvidedByOperatingActivities NaN (value=NaN)]
stock_CUR3K@844b3eaf1ea2,0RQI.L,2021-10-01,11.652526951864784,508512221.09999996,primary_input_absent [netCashProvidedByOperatingActivities NaN (value=NaN)]
stock_CUR3K@844b3eaf1ea2,0RQI.L,2022-01-01,9.83,429882994.37,primary_input_absent [netCashProvidedByOperatingActivities NaN (value=NaN)]
stock_CUR3K@844b3eaf1ea2,0RQI.L,2022-04-01,9.509147069830822,424197868.29999995,primary_input_absent [netCashProvidedByOperatingActivities NaN (value=NaN)]
stock_CUR3K@844b3eaf1ea2,0RQI.L,2022-07-01,8.698331428997133,384839303.20000005,primary_input_absent [netCashProvidedByOperatingActivities NaN (value=NaN)]
stock_CUR3K@844b3eaf1ea2,0RQI.L,2022-10-01,8.88844631683974,397958824.9,primary_input_absent [netCashProvidedByOperatingActivities NaN (value=NaN)]
stock_CUR3K@844b3eaf1ea2,0RQI.L,2023-01-01,8.24,369921517.12,primary_input_absent [netCashProvidedByOperatingActivities NaN (value=NaN)]
stock_CUR3K@844b3eaf1ea2,0RQI.L,2023-04-01,7.27,327986777.0,primary_input_absent [netCashProvidedByOperatingActivities NaN (value=NaN)]
stock_CUR3K@844b3eaf1ea2,0RQI.L,2023-07-01,5.46,247226970.9,primary_input_absent [netCashProvidedByOperatingActivities NaN (value=NaN)]
stock_CUR3K@844b3eaf1ea2,0RQI.L,2023-10-01,6.068407939141948,275571574.8,primary_input_absent [netCashProvidedByOperatingActivities NaN (value=NaN)]
stock_CUR3K@844b3eaf1ea2,0RQI.L,2024-01-01,6.049999999999999,274879100.09999996,primary_input_absent [netCashProvidedByOperatingActivities NaN (value=NaN)]
stock_CUR3K@844b3eaf1ea2,0RQI.L,2024-04-01,4.556666163487981,220568164.2,primary_input_absent [netCashProvidedByOperatingActivities NaN (value=NaN)]
stock_CUR3K@844b3eaf1ea2,0RQI.L,2024-07-01,5.02,228299419.43999997,primary_input_absent [netCashProvidedByOperatingActivities NaN (value=NaN)]
stock_CUR3K@844b3eaf1ea2,0RQI.L,2024-10-01,4.06,184640566.32,primary_input_absent [netCashProvidedByOperatingActivities NaN (value=NaN)]
stock_CUR3K@844b3eaf1ea2,0RQI.L,2025-01-01,3.1200000000000006,141891272.64000002,primary_input_absent [netCashProvidedByOperatingActivities NaN (value=NaN)]
stock_CUR3K@844b3eaf1ea2,0RQI.L,2025-04-01,3.929926461817185,178728429.96,primary_input_absent [netCashProvidedByOperatingActivities NaN (value=NaN)]
stock_CUR3K@844b3eaf1ea2,0RQI.L,2025-07-01,3.49,158718122.28,primary_input_absent [netCashProvidedByOperatingActivities NaN (value=NaN)]
stock_CUR3K@844b3eaf1ea2,0RQI.L,2025-10-01,3.03,137798255.16,primary_input_absent [netCashProvidedByOperatingActivities NaN (value=NaN)]
stock_CUR3K@844b3eaf1ea2,0RQI.L,2026-01-01,1.27,57889475.28,primary_input_absent [netCashProvidedByOperatingActivities NaN (value=NaN)]
stock_CUR3K@844b3eaf1ea2,0RQI.L,2026-04-01,1.2140293233759993,55418777.81999999,primary_input_absent [netCashProvidedByOperatingActivities NaN (value=NaN)]
stock_CUR3K@844b3eaf1ea2,ABVX.PA,2013-10-01,21.0,145215.0,primary_input_absent [revenue impossible: < 0 (value=-2.017e+06)]
stock_CUR3K@844b3eaf1ea2,ABVX.PA,2014-10-01,21.0,173656098.0,primary_input_absent [revenue impossible: < 0 (value=-2.017e+06)]
stock_CUR3K@844b3eaf1ea2,ABVX.PA,2015-04-01,20.299999,195373077.37571,primary_input_absent [revenue impossible: < 0 (value=-2.017e+06)]
stock_CUR3K@844b3eaf1ea2,ABVX.PA,2015-10-01,14.149999999999999,139137431.1,primary_input_absent [revenue impossible: < 0 (value=-2.017e+06)]
stock_CUR3K@844b3eaf1ea2,ABVX.PA,2016-04-01,4.59,44293458.69,primary_input_absent [revenue impossible: < 0 (value=-2.017e+06)]
stock_CUR3K@844b3eaf1ea2,ABVX.PA,2016-10-01,6.3,61845090.3,primary_input_absent [revenue impossible: < 0 (value=-2.017e+06)]
stock_CUR3K@844b3eaf1ea2,ABVX.PA,2017-04-01,13.02,126398029.8,primary_input_absent [revenue impossible: < 0 (value=-2.017e+06)]
stock_CUR3K@844b3eaf1ea2,ABVX.PA,2017-10-01,8.63,87628717.95,primary_input_absent [revenue impossible: < 0 (value=-2.017e+06)]
stock_CUR3K@844b3eaf1ea2,ABVX.PA,2018-04-01,6.84,68268548.88,primary_input_absent [revenue impossible: < 0 (value=-2.017e+06)]
stock_CUR3K@844b3eaf1ea2,ABVX.PA,2018-10-01,11.84,123562145.28,primary_input_absent [revenue impossible: < 0 (value=-2.017e+06)]
stock_CUR3K@844b3eaf1ea2,ABVX.PA,2019-04-01,7.659999999999999,78450188.74,primary_input_absent [revenue impossible: < 0 (value=-2.017e+06)]
stock_CUR3K@844b3eaf1ea2,ABVX.PA,2019-10-01,22.549998999999996,274682191.76897097,primary_input_absent [revenue impossible: < 0 (value=-2.017e+06)]
stock_CUR3K@844b3eaf1ea2,ABVX.PA,2020-04-01,20.799999,253992302.98883098,primary_input_absent [revenue impossible: < 0 (value=-2.017e+06)]
stock_CUR3K@844b3eaf1ea2,ABVX.PA,2020-10-01,34.400002,492177031.014942,primary_input_absent [revenue impossible: < 0 (value=-2.017e+06)]
stock_CUR3K@844b3eaf1ea2,ABVX.PA,2021-04-01,29.549999,433272043.687663,primary_input_absent [revenue impossible: < 0 (value=-2.017e+06)]
stock_CUR3K@844b3eaf1ea2,ABVX.PA,2021-10-01,28.549999,478368109.294549,primary_input_absent [revenue impossible: < 0 (value=-2.017e+06)]
stock_CUR3K@844b3eaf1ea2,ABVX.PA,2022-04-01,10.46,175451699.10000002,primary_input_absent [revenue impossible: < 0 (value=-2.017e+06)]
stock_CUR3K@844b3eaf1ea2,ABVX.PA,2022-10-01,6.18,132410659.14,primary_input_absent [revenue impossible: < 0 (value=-2.017e+06)]
stock_CUR3K@844b3eaf1ea2,ABVX.PA,2023-04-01,15.599999999999998,560099311.1999999,primary_input_absent [revenue impossible: < 0 (value=-2.017e+06)]
stock_CUR3K@844b3eaf1ea2,ABVX.PA,2023-10-01,9.82,493241248.06,primary_input_absent [revenue impossible: < 0 (value=-2.017e+06)]
stock_CUR3K@844b3eaf1ea2,ABVX.PA,2024-04-01,12.82,806615541.78,primary_input_absent [revenue impossible: < 0 (value=-2.017e+06)]
stock_CUR3K@844b3eaf1ea2,ABVX.PA,2024-10-01,6.76,426941320.0,primary_input_absent [revenue impossible: < 0 (value=-2.017e+06)]
stock_CUR3K@844b3eaf1ea2,ABVX.PA,2025-04-01,6.64,421040354.88,primary_input_absent [revenue impossible: < 0 (value=-2.017e+06)]
stock_CUR3K@844b3eaf1ea2,ABVX.PA,2025-10-01,120.4,8371088726.0,primary_input_absent [revenue impossible: < 0 (value=-2.017e+06)]
stock_CUR3K@844b3eaf1ea2,ADOC.PA,2010-10-01,15.49,62419324.97,primary_input_absent [revenue impossible: < 0 (value=-724000)]
stock_CUR3K@844b3eaf1ea2,ADOC.PA,2011-10-01,15.49,69015183.83,primary_input_absent [revenue impossible: < 0 (value=-724000)]
stock_CUR3K@844b3eaf1ea2,ADOC.PA,2012-04-01,9.84,61060840.8,primary_input_absent [revenue impossible: < 0 (value=-724000)]
stock_CUR3K@844b3eaf1ea2,ADOC.PA,2012-10-01,10.22,63418881.400000006,primary_input_absent [revenue impossible: < 0 (value=-724000)]
stock_CUR3K@844b3eaf1ea2,ADOC.PA,2013-04-01,10.0,62030110.0,primary_input_absent [revenue impossible: < 0 (value=-724000)]
stock_CUR3K@844b3eaf1ea2,ADOC.PA,2013-10-01,5.96,43801988.92,primary_input_absent [revenue impossible: < 0 (value=-724000)]
stock_CUR3K@844b3eaf1ea2,ADOC.PA,2014-04-01,14.15,87899913.2,primary_input_absent [revenue impossible: < 0 (value=-724000)]
stock_CUR3K@844b3eaf1ea2,ADOC.PA,2014-10-01,48.25,299805765.75,primary_input_absent [revenue impossible: < 0 (value=-724000)]
stock_CUR3K@844b3eaf1ea2,ADOC.PA,2015-04-01,67.190002,464433285.04447603,primary_input_absent [revenue impossible: < 0 (value=-724000)]
stock_CUR3K@844b3eaf1ea2,ADOC.PA,2015-10-01,73.809998,530345280.999446,primary_input_absent [revenue impossible: < 0 (value=-724000)]
stock_CUR3K@844b3eaf1ea2,ADOC.PA,2016-04-01,45.540001,311784971.76639795,primary_input_absent [revenue impossible: < 0 (value=-724000)]
stock_CUR3K@844b3eaf1ea2,ADOC.PA,2016-10-01,61.0,384124930.0,primary_input_absent [revenue impossible: < 0 (value=-724000)]
stock_CUR3K@844b3eaf1ea2,ADOC.PA,2017-04-01,20.25,147177830.25,primary_input_absent [revenue impossible: < 0 (value=-724000)]
stock_CUR3K@844b3eaf1ea2,ADOC.PA,2017-10-01,14.66,100672800.16,primary_input_absent [revenue impossible: < 0 (value=-724000)]
stock_CUR3K@844b3eaf1ea2,ADOC.PA,2018-04-01,18.5,137637410.0,primary_input_absent [revenue impossible: < 0 (value=-724000)]
stock_CUR3K@844b3eaf1ea2,ADOC.PA,2018-10-01,16.540001,114427531.11823,primary_input_absent [revenue impossible: < 0 (value=-724000)]
stock_CUR3K@844b3eaf1ea2,ADOC.PA,2019-04-01,19.24,133415335.55999999,primary_input_absent [revenue impossible: < 0 (value=-724000)]
stock_CUR3K@844b3eaf1ea2,ADOC.PA,2019-10-01,9.9,68691397.5,primary_input_absent [revenue impossible: < 0 (value=-724000)]
stock_CUR3K@844b3eaf1ea2,ADOC.PA,2020-04-01,8.53,59468507.169999994,primary_input_absent [revenue impossible: < 0 (value=-724000)]
stock_CUR3K@844b3eaf1ea2,ADOC.PA,2020-10-01,8.3,57898177.2,primary_input_absent [revenue impossible: < 0 (value=-724000)]
stock_CUR3K@844b3eaf1ea2,ADOC.PA,2021-04-01,8.25,58488721.5,primary_input_absent [revenue impossible: < 0 (value=-724000)]
stock_CUR3K@844b3eaf1ea2,ADOC.PA,2021-10-01,8.1,57425290.199999996,primary_input_absent [revenue impossible: < 0 (value=-724000)]
stock_CUR3K@844b3eaf1ea2,ADOC.PA,2022-04-01,4.02,30889354.379999995,primary_input_absent [revenue impossible: < 0 (value=-724000)]
stock_CUR3K@844b3eaf1ea2,ADOC.PA,2022-10-01,3.97,34528467.59,primary_input_absent [revenue impossible: < 0 (value=-724000)]
stock_CUR3K@844b3eaf1ea2,ADOC.PA,2023-04-01,3.96,36230733.0,primary_input_absent [revenue impossible: < 0 (value=-724000)]
stock_CUR3K@844b3eaf1ea2,ADOC.PA,2023-10-01,11.54,153773385.0,primary_input_absent [revenue impossible: < 0 (value=-724000)]
stock_CUR3K@844b3eaf1ea2,ADOC.PA,2024-04-01,8.3,119046601.2,primary_input_absent [revenue impossible: < 0 (value=-724000)]
stock_CUR3K@844b3eaf1ea2,ADOC.PA,2024-10-01,6.01,92994238.50999999,primary_input_absent [revenue impossible: < 0 (value=-724000)]
stock_CUR3K@844b3eaf1ea2,ADOC.PA,2025-04-01,3.7,57251028.7,primary_input_absent [revenue impossible: < 0 (value=-724000)]
stock_CUR3K@844b3eaf1ea2,ADOC.PA,2025-10-01,6.7,131373600.0,primary_input_absent [revenue impossible: < 0 (value=-724000)]
stock_CUR3K@844b3eaf1ea2,ALCOG.PA,2008-04-01,,0.0,primary_input_absent [netCashProvidedByOperatingActivities NaN (value=NaN)]
stock_CUR3K@844b3eaf1ea2,ALCOG.PA,2009-04-01,,0.0,primary_input_absent [netCashProvidedByOperatingActivities NaN (value=NaN)]
stock_CUR3K@844b3eaf1ea2,ALCOG.PA,2010-04-01,,0.0,primary_input_absent [netCashProvidedByOperatingActivities NaN (value=NaN)]
stock_CUR3K@844b3eaf1ea2,ALCOG.PA,2011-04-01,5.302695,10754157.108225,primary_input_absent [netCashProvidedByOperatingActivities NaN (value=NaN)]
stock_CUR3K@844b3eaf1ea2,ALCOG.PA,2011-10-01,4.615309,10258728.848149,primary_input_absent [netCashProvidedByOperatingActivities NaN (value=NaN)]
stock_CUR3K@844b3eaf1ea2,ALCOG.PA,2012-04-01,4.72,10491431.92,primary_input_absent [netCashProvidedByOperatingActivities NaN (value=NaN)]
stock_CUR3K@844b3eaf1ea2,ALCOG.PA,2012-10-01,4.81,11459295.899999999,primary_input_absent [netCashProvidedByOperatingActivities NaN (value=NaN)]
stock_CUR3K@844b3eaf1ea2,ALCOG.PA,2013-04-01,5.78,13770214.200000001,primary_input_absent [netCashProvidedByOperatingActivities NaN (value=NaN)]
stock_CUR3K@844b3eaf1ea2,ALCOG.PA,2013-10-01,6.0,15890358.0,primary_input_absent [netCashProvidedByOperatingActivities NaN (value=NaN)]
stock_CUR3K@844b3eaf1ea2,ALCOG.PA,2014-04-01,5.8,15665968.2,primary_input_absent [netCashProvidedByOperatingActivities NaN (value=NaN)]
stock_CUR3K@844b3eaf1ea2,ALCOG.PA,2014-10-01,5.7,15655665.6,primary_input_absent [netCashProvidedByOperatingActivities NaN (value=NaN)]
stock_CUR3K@844b3eaf1ea2,ALCOG.PA,2015-04-01,5.05,13875137.6,primary_input_absent [netCashProvidedByOperatingActivities NaN (value=NaN)]
stock_CUR3K@844b3eaf1ea2,ALCOG.PA,2015-10-01,5.64,15494298.239999998,primary_input_absent [netCashProvidedByOperatingActivities NaN (value=NaN)]
stock_CUR3K@844b3eaf1ea2,ALCOG.PA,2016-04-01,5.45,15132202.950000001,primary_input_absent [netCashProvidedByOperatingActivities NaN (value=NaN)]
stock_CUR3K@844b3eaf1ea2,ALCOG.PA,2016-10-01,6.79,19433774.43,primary_input_absent [netCashProvidedByOperatingActivities NaN (value=NaN)]
stock_CUR3K@844b3eaf1ea2,ALCOG.PA,2017-04-01,5.72,17823863.2,primary_input_absent [netCashProvidedByOperatingActivities NaN (value=NaN)]
stock_CUR3K@844b3eaf1ea2,ALCOG.PA,2017-10-01,5.799999999999999,18168685.599999998,primary_input_absent [netCashProvidedByOperatingActivities NaN (value=NaN)]
stock_CUR3K@844b3eaf1ea2,ALCOG.PA,2018-04-01,5.65,20301094.1,primary_input_absent [netCashProvidedByOperatingActivities NaN (value=NaN)]
stock_CUR3K@844b3eaf1ea2,ALCOG.PA,2018-10-01,5.55,19018601.25,primary_input_absent [netCashProvidedByOperatingActivities NaN (value=NaN)]
stock_CUR3K@844b3eaf1ea2,ALCOG.PA,2019-04-01,5.26,18024836.5,primary_input_absent [netCashProvidedByOperatingActivities NaN (value=NaN)]
stock_CUR3K@844b3eaf1ea2,ALCOG.PA,2019-10-01,5.4,18504579.6,primary_input_absent [netCashProvidedByOperatingActivities NaN (value=NaN)]
stock_CUR3K@844b3eaf1ea2,ALCOG.PA,2020-04-01,5.7,19532811.3,primary_input_absent [netCashProvidedByOperatingActivities NaN (value=NaN)]
stock_CUR3K@844b3eaf1ea2,ALCOG.PA,2020-10-01,6.3,21588745.5,primary_input_absent [netCashProvidedByOperatingActivities NaN (value=NaN)]
stock_CUR3K@844b3eaf1ea2,ALCOG.PA,2021-04-01,6.86,23507765.68,primary_input_absent [netCashProvidedByOperatingActivities NaN (value=NaN)]
stock_CUR3K@844b3eaf1ea2,ALCOG.PA,2021-10-01,8.86,30361323.959999997,primary_input_absent [netCashProvidedByOperatingActivities NaN (value=NaN)]
stock_CUR3K@844b3eaf1ea2,ALCOG.PA,2022-04-01,12.25,41978006.0,primary_input_absent [netCashProvidedByOperatingActivities NaN (value=NaN)]
stock_CUR3K@844b3eaf1ea2,ALCOG.PA,2022-10-01,13.5,46261503.0,primary_input_absent [netCashProvidedByOperatingActivities NaN (value=NaN)]
stock_CUR3K@844b3eaf1ea2,ALCOG.PA,2023-04-01,11.5,39407901.0,primary_input_absent [netCashProvidedByOperatingActivities NaN (value=NaN)]
stock_CUR3K@844b3eaf1ea2,ALCOG.PA,2023-10-01,12.1,41463965.4,primary_input_absent [netCashProvidedByOperatingActivities NaN (value=NaN)]
stock_CUR3K@844b3eaf1ea2,ALCOG.PA,2024-04-01,5.9,20217966.6,primary_input_absent [netCashProvidedByOperatingActivities NaN (value=NaN)]
stock_CUR3K@844b3eaf1ea2,ALCOG.PA,2024-10-01,5.86,20080895.64,primary_input_absent [netCashProvidedByOperatingActivities NaN (value=NaN)]
stock_CUR3K@844b3eaf1ea2,ALCOG.PA,2025-04-01,5.0,17133870.0,primary_input_absent [netCashProvidedByOperatingActivities NaN (value=NaN)]
stock_CUR3K@844b3eaf1ea2,ALCOG.PA,2025-10-01,5.62,19259740.0,primary_input_absent [netCashProvidedByOperatingActivities NaN (value=NaN)]
stock_CUR3K@844b3eaf1ea2,ALDBL.PA,2008-10-01,,7862229.0,primary_input_absent [netCashProvidedByOperatingActivities NaN (value=NaN)]
stock_CUR3K@844b3eaf1ea2,ALDBL.PA,2009-04-01,4.88,6988648.0,primary_input_absent [netCashProvidedByOperatingActivities NaN (value=NaN)]
stock_CUR3K@844b3eaf1ea2,ALDBL.PA,2009-10-01,7.2,10311120.0,primary_input_absent [netCashProvidedByOperatingActivities NaN (value=NaN)]
stock_CUR3K@844b3eaf1ea2,ALDBL.PA,2010-04-01,5.84,8363464.0,primary_input_absent [netCashProvidedByOperatingActivities NaN (value=NaN)]
stock_CUR3K@844b3eaf1ea2,ALDBL.PA,2010-10-01,5.24,7504204.0,primary_input_absent [netCashProvidedByOperatingActivities NaN (value=NaN)]
stock_CUR3K@844b3eaf1ea2,ALDBL.PA,2011-04-01,4.37,6258277.0,primary_input_absent [netCashProvidedByOperatingActivities NaN (value=NaN)]
stock_CUR3K@844b3eaf1ea2,ALDBL.PA,2011-10-01,3.3999999999999995,4828853.399999999,primary_input_absent [netCashProvidedByOperatingActivities NaN (value=NaN)]
stock_CUR3K@844b3eaf1ea2,ALDBL.PA,2012-04-01,3.7,5237742.2,primary_input_absent [netCashProvidedByOperatingActivities NaN (value=NaN)]
stock_CUR3K@844b3eaf1ea2,ALDBL.PA,2012-10-01,3.94,5577487.64,primary_input_absent [netCashProvidedByOperatingActivities NaN (value=NaN)]
stock_CUR3K@844b3eaf1ea2,ALDBL.PA,2013-04-01,3.78,5354105.399999999,primary_input_absent [netCashProvidedByOperatingActivities NaN (value=NaN)]
stock_CUR3K@844b3eaf1ea2,ALDBL.PA,2013-10-01,3.81,5377555.92,primary_input_absent [netCashProvidedByOperatingActivities NaN (value=NaN)]
stock_CUR3K@844b3eaf1ea2,ALDBL.PA,2014-04-01,3.8,5363168.0,primary_input_absent [netCashProvidedByOperatingActivities NaN (value=NaN)]
stock_CUR3K@844b3eaf1ea2,ALDBL.PA,2014-10-01,3.1400000000000006,4422850.140000001,primary_input_absent [netCashProvidedByOperatingActivities NaN (value=NaN)]
stock_CUR3K@844b3eaf1ea2,ALDBL.PA,2015-04-01,3.3,4654442.1,primary_input_absent [netCashProvidedByOperatingActivities NaN (value=NaN)]
stock_CUR3K@844b3eaf1ea2,ALDBL.PA,2015-10-01,3.59,5061684.6,primary_input_absent [netCashProvidedByOperatingActivities NaN (value=NaN)]
stock_CUR3K@844b3eaf1ea2,ALDBL.PA,2016-04-01,3.3500000000000005,4717892.100000001,primary_input_absent [netCashProvidedByOperatingActivities NaN (value=NaN)]
stock_CUR3K@844b3eaf1ea2,ALDBL.PA,2016-10-01,3.4800000000000004,4801547.4,primary_input_absent [netCashProvidedByOperatingActivities NaN (value=NaN)]
stock_CUR3K@844b3eaf1ea2,ALDBL.PA,2017-04-01,3.6,5058486.0,primary_input_absent [netCashProvidedByOperatingActivities NaN (value=NaN)]
stock_CUR3K@844b3eaf1ea2,ALDBL.PA,2017-10-01,3.3,4631619.3,primary_input_absent [netCashProvidedByOperatingActivities NaN (value=NaN)]
stock_CUR3K@844b3eaf1ea2,ALDBL.PA,2018-04-01,3.2,4497657.600000001,primary_input_absent [netCashProvidedByOperatingActivities NaN (value=NaN)]
stock_CUR3K@844b3eaf1ea2,ALDBL.PA,2018-10-01,2.88,4046342.4,primary_input_absent [netCashProvidedByOperatingActivities NaN (value=NaN)]
stock_CUR3K@844b3eaf1ea2,ALDBL.PA,2019-04-01,3.3,4641846.0,primary_input_absent [netCashProvidedByOperatingActivities NaN (value=NaN)]
stock_CUR3K@844b3eaf1ea2,ALDBL.PA,2019-10-01,3.64,5142508.28,primary_input_absent [netCashProvidedByOperatingActivities NaN (value=NaN)]
stock_CUR3K@844b3eaf1ea2,ALDBL.PA,2020-04-01,2.74,3868600.5200000005,primary_input_absent [netCashProvidedByOperatingActivities NaN (value=NaN)]
stock_CUR3K@844b3eaf1ea2,ALDBL.PA,2020-10-01,2.7,3807942.3000000003,primary_input_absent [netCashProvidedByOperatingActivities NaN (value=NaN)]
stock_CUR3K@844b3eaf1ea2,ALDBL.PA,2021-04-01,3.3,4674473.1,primary_input_absent [netCashProvidedByOperatingActivities NaN (value=NaN)]
stock_CUR3K@844b3eaf1ea2,ALDBL.PA,2021-10-01,3.4599999999999995,5177153.02,primary_input_absent [netCashProvidedByOperatingActivities NaN (value=NaN)]
stock_CUR3K@844b3eaf1ea2,ALDBL.PA,2022-04-01,4.1,7397474.199999999,primary_input_absent [netCashProvidedByOperatingActivities NaN (value=NaN)]
stock_CUR3K@844b3eaf1ea2,ALDBL.PA,2022-10-01,3.8,6856195.6,primary_input_absent [netCashProvidedByOperatingActivities NaN (value=NaN)]
stock_CUR3K@844b3eaf1ea2,ALDBL.PA,2023-04-01,3.5,6314917.0,primary_input_absent [netCashProvidedByOperatingActivities NaN (value=NaN)]
stock_CUR3K@844b3eaf1ea2,ALDBL.PA,2023-10-01,3.4800000000000004,6333095.4,primary_input_absent [netCashProvidedByOperatingActivities NaN (value=NaN)]
stock_CUR3K@844b3eaf1ea2,ALDBL.PA,2024-04-01,3.2,5823539.2,primary_input_absent [netCashProvidedByOperatingActivities NaN (value=NaN)]
stock_CUR3K@844b3eaf1ea2,ALDBL.PA,2024-10-01,3.42,6223904.1,primary_input_absent [netCashProvidedByOperatingActivities NaN (value=NaN)]
stock_CUR3K@844b3eaf1ea2,ALDBL.PA,2025-10-01,3.22,5809723.640000001,primary_input_absent [netCashProvidedByOperatingActivities NaN (value=NaN)]
stock_CUR3K@844b3eaf1ea2,ALENO.PA,2018-10-01,,0.0,primary_input_absent [netCashProvidedByOperatingActivities NaN (value=NaN)]
stock_CUR3K@844b3eaf1ea2,ALENO.PA,2019-04-01,12.25,41382582.5,primary_input_absent [netCashProvidedByOperatingActivities NaN (value=NaN)]
stock_CUR3K@844b3eaf1ea2,ALENO.PA,2019-10-01,12.25,41382582.5,primary_input_absent [netCashProvidedByOperatingActivities NaN (value=NaN)]
stock_CUR3K@844b3eaf1ea2,ALENO.PA,2020-10-01,12.25,34839012.25,primary_input_absent [netCashProvidedByOperatingActivities NaN (value=NaN)]
stock_CUR3K@844b3eaf1ea2,ALENO.PA,2021-04-01,12.25,41382582.5,primary_input_absent [netCashProvidedByOperatingActivities NaN (value=NaN)]
stock_CUR3K@844b3eaf1ea2,ALENO.PA,2021-10-01,10.5,48746029.5,primary_input_absent [netCashProvidedByOperatingActivities NaN (value=NaN)]
stock_CUR3K@844b3eaf1ea2,ALENO.PA,2022-04-01,7.08,32868751.32,primary_input_absent [netCashProvidedByOperatingActivities NaN (value=NaN)]
stock_CUR3K@844b3eaf1ea2,ALENO.PA,2022-10-01,3.59,16666499.61,primary_input_absent [netCashProvidedByOperatingActivities NaN (value=NaN)]
stock_CUR3K@844b3eaf1ea2,ALENO.PA,2023-04-01,3.61,16722404.45,primary_input_absent [netCashProvidedByOperatingActivities NaN (value=NaN)]
stock_CUR3K@844b3eaf1ea2,ALENO.PA,2023-10-01,1.73,8013783.85,primary_input_absent [netCashProvidedByOperatingActivities NaN (value=NaN)]
stock_CUR3K@844b3eaf1ea2,ALENO.PA,2024-04-01,1.9,12112500.0,primary_input_absent [netCashProvidedByOperatingActivities NaN (value=NaN)]
stock_CUR3K@844b3eaf1ea2,ALENO.PA,2024-10-01,1.9300000000000002,12129142.9,primary_input_absent [netCashProvidedByOperatingActivities NaN (value=NaN)]
stock_CUR3K@844b3eaf1ea2,ALENO.PA,2025-04-01,3.0800000000000005,19356352.400000002,primary_input_absent [netCashProvidedByOperatingActivities NaN (value=NaN)]
stock_CUR3K@844b3eaf1ea2,ALENO.PA,2025-10-01,5.4,33901200.0,primary_input_absent [netCashProvidedByOperatingActivities NaN (value=NaN)]
stock_CUR3K@844b3eaf1ea2,ALIKO.PA,2019-10-01,3.9199999999999995,38058209.839999996,primary_input_absent [netCashProvidedByOperatingActivities NaN (value=NaN)]
stock_CUR3K@844b3eaf1ea2,ALIKO.PA,2020-04-01,3.9199999999999995,38058209.839999996,primary_input_absent [netCashProvidedByOperatingActivities NaN (value=NaN)]
stock_CUR3K@844b3eaf1ea2,ALIKO.PA,2020-10-01,3.9199999999999995,38058209.839999996,primary_input_absent [netCashProvidedByOperatingActivities NaN (value=NaN)]
stock_CUR3K@844b3eaf1ea2,ALIKO.PA,2021-04-01,3.9199999999999995,37168369.839999996,primary_input_absent [netCashProvidedByOperatingActivities NaN (value=NaN)]
stock_CUR3K@844b3eaf1ea2,ALIKO.PA,2021-10-01,2.9,27463081.2,primary_input_absent [netCashProvidedByOperatingActivities NaN (value=NaN)]
stock_CUR3K@844b3eaf1ea2,ALIKO.PA,2022-04-01,2.0,18963454.0,primary_input_absent [netCashProvidedByOperatingActivities NaN (value=NaN)]
stock_CUR3K@844b3eaf1ea2,ALIKO.PA,2022-10-01,1.45,13727479.15,primary_input_absent [netCashProvidedByOperatingActivities NaN (value=NaN)]
stock_CUR3K@844b3eaf1ea2,ALIKO.PA,2023-04-01,1.65,16120924.049999999,primary_input_absent [netCashProvidedByOperatingActivities NaN (value=NaN)]
stock_CUR3K@844b3eaf1ea2,ALIKO.PA,2023-10-01,1.56,16304285.4,primary_input_absent [netCashProvidedByOperatingActivities NaN (value=NaN)]
stock_CUR3K@844b3eaf1ea2,ALIKO.PA,2024-04-01,1.42,14983121.479999999,primary_input_absent [netCashProvidedByOperatingActivities NaN (value=NaN)]
stock_CUR3K@844b3eaf1ea2,ALIKO.PA,2024-10-01,1.49,16707553.27,primary_input_absent [netCashProvidedByOperatingActivities NaN (value=NaN)]
stock_CUR3K@844b3eaf1ea2,ALIKO.PA,2025-04-01,1.5199999999999998,21243322.4,primary_input_absent [netCashProvidedByOperatingActivities NaN (value=NaN)]
stock_CUR3K@844b3eaf1ea2,ALIKO.PA,2025-10-01,1.6,25321256.0,primary_input_absent [netCashProvidedByOperatingActivities NaN (value=NaN)]
stock_CUR3K@844b3eaf1ea2,ALINS.PA,2010-10-01,,15494544.0,primary_input_absent [netCashProvidedByOperatingActivities NaN (value=NaN)]
stock_CUR3K@844b3eaf1ea2,ALINS.PA,2011-10-01,7.2,15990321.6,primary_input_absent [netCashProvidedByOperatingActivities NaN (value=NaN)]
stock_CUR3K@844b3eaf1ea2,ALINS.PA,2012-04-01,6.4399999999999995,20083352.52,primary_input_absent [netCashProvidedByOperatingActivities NaN (value=NaN)]
stock_CUR3K@844b3eaf1ea2,ALINS.PA,2012-10-01,5.71,18123106.04,primary_input_absent [netCashProvidedByOperatingActivities NaN (value=NaN)]
stock_CUR3K@844b3eaf1ea2,ALINS.PA,2013-04-01,5.72,19018147.72,primary_input_absent [netCashProvidedByOperatingActivities NaN (value=NaN)]
stock_CUR3K@844b3eaf1ea2,ALINS.PA,2013-10-01,5.86,18359415.16,primary_input_absent [netCashProvidedByOperatingActivities NaN (value=NaN)]
stock_CUR3K@844b3eaf1ea2,ALINS.PA,2014-04-01,3.57,15087316.229999999,primary_input_absent [netCashProvidedByOperatingActivities NaN (value=NaN)]
stock_CUR3K@844b3eaf1ea2,ALINS.PA,2014-10-01,1.5,6334236.0,primary_input_absent [netCashProvidedByOperatingActivities NaN (value=NaN)]
stock_CUR3K@844b3eaf1ea2,ALINS.PA,2015-04-01,0.79,3334858.6,primary_input_absent [netCashProvidedByOperatingActivities NaN (value=NaN)]
stock_CUR3K@844b3eaf1ea2,ALINS.PA,2015-10-01,1.17,9615845.07,primary_input_absent [netCashProvidedByOperatingActivities NaN (value=NaN)]
stock_CUR3K@844b3eaf1ea2,ALINS.PA,2016-04-01,0.87,7347805.11,primary_input_absent [netCashProvidedByOperatingActivities NaN (value=NaN)]
stock_CUR3K@844b3eaf1ea2,ALINS.PA,2016-10-01,0.6,7144777.2,primary_input_absent [netCashProvidedByOperatingActivities NaN (value=NaN)]
stock_CUR3K@844b3eaf1ea2,ALINS.PA,2017-04-01,0.57,6833439.869999999,primary_input_absent [netCashProvidedByOperatingActivities NaN (value=NaN)]
stock_CUR3K@844b3eaf1ea2,ALINS.PA,2017-10-01,0.538,6453030.778000001,primary_input_absent [netCashProvidedByOperatingActivities NaN (value=NaN)]
stock_CUR3K@844b3eaf1ea2,ALINS.PA,2018-04-01,0.3695,5759073.1875,primary_input_absent [netCashProvidedByOperatingActivities NaN (value=NaN)]
stock_CUR3K@844b3eaf1ea2,ALINS.PA,2018-10-01,0.1958,4375291.7802,primary_input_absent [netCashProvidedByOperatingActivities NaN (value=NaN)]
stock_CUR3K@844b3eaf1ea2,ALINS.PA,2019-04-01,0.2795,5662698.2295,primary_input_absent [netCashProvidedByOperatingActivities NaN (value=NaN)]
stock_CUR3K@844b3eaf1ea2,ALINS.PA,2019-10-01,0.23999999999999996,5294587.4399999995,primary_input_absent [netCashProvidedByOperatingActivities NaN (value=NaN)]
stock_CUR3K@844b3eaf1ea2,ALINS.PA,2020-04-01,0.8527149999999999,19681457.783095,primary_input_absent [netCashProvidedByOperatingActivities NaN (value=NaN)]
stock_CUR3K@844b3eaf1ea2,ALINS.PA,2020-10-01,0.998064,23438347.339968,primary_input_absent [netCashProvidedByOperatingActivities NaN (value=NaN)]
stock_CUR3K@844b3eaf1ea2,ALINS.PA,2021-04-01,0.68,16963214.720000003,primary_input_absent [netCashProvidedByOperatingActivities NaN (value=NaN)]
stock_CUR3K@844b3eaf1ea2,ALINS.PA,2021-10-01,0.525,16446892.350000001,primary_input_absent [netCashProvidedByOperatingActivities NaN (value=NaN)]
stock_CUR3K@844b3eaf1ea2,ALINS.PA,2022-04-01,0.35,10951294.899999999,primary_input_absent [netCashProvidedByOperatingActivities NaN (value=NaN)]
stock_CUR3K@844b3eaf1ea2,ALINS.PA,2022-10-01,0.324,10150082.136,primary_input_absent [netCashProvidedByOperatingActivities NaN (value=NaN)]
stock_CUR3K@844b3eaf1ea2,ALINS.PA,2023-04-01,0.433,13544077.625,primary_input_absent [netCashProvidedByOperatingActivities NaN (value=NaN)]
stock_CUR3K@844b3eaf1ea2,ALINS.PA,2023-10-01,0.3449999999999999,17632091.639999997,primary_input_absent [netCashProvidedByOperatingActivities NaN (value=NaN)]
stock_CUR3K@844b3eaf1ea2,ALINS.PA,2024-04-01,0.272,14246614.72,primary_input_absent [netCashProvidedByOperatingActivities NaN (value=NaN)]
stock_CUR3K@844b3eaf1ea2,ALINS.PA,2024-10-01,0.231,12138148.176,primary_input_absent [netCashProvidedByOperatingActivities NaN (value=NaN)]
stock_CUR3K@844b3eaf1ea2,ALINS.PA,2025-04-01,0.29,15244726.379999999,primary_input_absent [netCashProvidedByOperatingActivities NaN (value=NaN)]
stock_CUR3K@844b3eaf1ea2,ALINS.PA,2025-10-01,0.229,12070361.0,primary_input_absent [netCashProvidedByOperatingActivities NaN (value=NaN)]
stock_CUR3K@844b3eaf1ea2,ALTME.PA,2014-10-01,2150.0,43113950.0,primary_input_absent [revenue impossible: < 0 (value=-27000)]
stock_CUR3K@844b3eaf1ea2,ALTME.PA,2015-10-01,2150.0,25800000.0,primary_input_absent [revenue impossible: < 0 (value=-27000)]
stock_CUR3K@844b3eaf1ea2,ALTME.PA,2016-04-01,2150.0,30100000.0,primary_input_absent [revenue impossible: < 0 (value=-27000)]
stock_CUR3K@844b3eaf1ea2,ALTME.PA,2016-10-01,2199.0,37383000.0,primary_input_absent [revenue impossible: < 0 (value=-27000)]
stock_CUR3K@844b3eaf1ea2,ALTME.PA,2017-04-01,1650.0,33000000.0,primary_input_absent [revenue impossible: < 0 (value=-27000)]
stock_CUR3K@844b3eaf1ea2,ALTME.PA,2017-10-01,625.0,13750000.0,primary_input_absent [revenue impossible: < 0 (value=-27000)]
stock_CUR3K@844b3eaf1ea2,ALTME.PA,2018-04-01,202.0,4646000.0,primary_input_absent [revenue impossible: < 0 (value=-27000)]
stock_CUR3K@844b3eaf1ea2,ALTME.PA,2018-10-01,102.0,5610000.0,primary_input_absent [revenue impossible: < 0 (value=-27000)]
stock_CUR3K@844b3eaf1ea2,ALTME.PA,2019-04-01,63.4,4755000.0,primary_input_absent [revenue impossible: < 0 (value=-27000)]
stock_CUR3K@844b3eaf1ea2,ALTME.PA,2019-10-01,58.2,9894000.0,primary_input_absent [revenue impossible: < 0 (value=-27000)]
stock_CUR3K@844b3eaf1ea2,ALTME.PA,2020-04-01,57.0,13053000.0,primary_input_absent [revenue impossible: < 0 (value=-27000)]
stock_CUR3K@844b3eaf1ea2,ALTME.PA,2020-10-01,56.2,23435400.0,primary_input_absent [revenue impossible: < 0 (value=-27000)]
stock_CUR3K@844b3eaf1ea2,ALTME.PA,2021-04-01,38.02,23192200.000000004,primary_input_absent [revenue impossible: < 0 (value=-27000)]
stock_CUR3K@844b3eaf1ea2,ALTME.PA,2021-10-01,23.4,16567199.999999998,primary_input_absent [revenue impossible: < 0 (value=-27000)]
stock_CUR3K@844b3eaf1ea2,ALTME.PA,2022-04-01,5.35,4815000.0,primary_input_absent [revenue impossible: < 0 (value=-27000)]
stock_CUR3K@844b3eaf1ea2,ALTME.PA,2022-10-01,1.22,1771440.0,primary_input_absent [revenue impossible: < 0 (value=-27000)]
stock_CUR3K@844b3eaf1ea2,ALTME.PA,2023-04-01,1.22,4105300.0,primary_input_absent [revenue impossible: < 0 (value=-27000)]
stock_CUR3K@844b3eaf1ea2,ALTME.PA,2023-10-01,0.23,1534330.0,primary_input_absent [revenue impossible: < 0 (value=-27000)]
stock_CUR3K@844b3eaf1ea2,ALTME.PA,2024-04-01,0.1482,4052973.6,primary_input_absent [revenue impossible: < 0 (value=-27000)]
stock_CUR3K@844b3eaf1ea2,ALTME.PA,2024-10-01,0.075,2051100.0,primary_input_absent [revenue impossible: < 0 (value=-27000)]
stock_CUR3K@844b3eaf1ea2,ALTME.PA,2025-04-01,0.08,7528047.28,primary_input_absent [revenue impossible: < 0 (value=-27000)]
stock_CUR3K@844b3eaf1ea2,ALTME.PA,2025-10-01,0.0652,6138626.878799999,primary_input_absent [revenue impossible: < 0 (value=-27000)]
stock_CUR3K@844b3eaf1ea2,ALUVI.PA,2014-10-01,,12870247.68,primary_input_absent [netCashProvidedByOperatingActivities NaN (value=NaN)]
stock_CUR3K@844b3eaf1ea2,ALUVI.PA,2015-10-01,5.58,12870247.68,primary_input_absent [netCashProvidedByOperatingActivities NaN (value=NaN)]
stock_CUR3K@844b3eaf1ea2,ALUVI.PA,2016-10-01,,14369872.68,primary_input_absent [netCashProvidedByOperatingActivities NaN (value=NaN)]
stock_CUR3K@844b3eaf1ea2,ALUVI.PA,2017-04-01,5.58,8220266.28,primary_input_absent [netCashProvidedByOperatingActivities NaN (value=NaN)]
stock_CUR3K@844b3eaf1ea2,ALUVI.PA,2017-10-01,5.4,19700550.0,primary_input_absent [netCashProvidedByOperatingActivities NaN (value=NaN)]
stock_CUR3K@844b3eaf1ea2,ALUVI.PA,2018-04-01,4.79,12265714.68,primary_input_absent [netCashProvidedByOperatingActivities NaN (value=NaN)]
stock_CUR3K@844b3eaf1ea2,ALUVI.PA,2018-10-01,3.8,9665486.2,primary_input_absent [netCashProvidedByOperatingActivities NaN (value=NaN)]
stock_CUR3K@844b3eaf1ea2,ALUVI.PA,2019-04-01,3.4400000000000004,8768800.8,primary_input_absent [netCashProvidedByOperatingActivities NaN (value=NaN)]
stock_CUR3K@844b3eaf1ea2,ALUVI.PA,2019-10-01,4.12,10541415.52,primary_input_absent [netCashProvidedByOperatingActivities NaN (value=NaN)]
stock_CUR3K@844b3eaf1ea2,ALUVI.PA,2020-04-01,9.15,23512260.900000002,primary_input_absent [netCashProvidedByOperatingActivities NaN (value=NaN)]
stock_CUR3K@844b3eaf1ea2,ALUVI.PA,2020-10-01,7.75,19913206.5,primary_input_absent [netCashProvidedByOperatingActivities NaN (value=NaN)]
stock_CUR3K@844b3eaf1ea2,ALUVI.PA,2021-04-01,9.35,23967799.349999998,primary_input_absent [netCashProvidedByOperatingActivities NaN (value=NaN)]
stock_CUR3K@844b3eaf1ea2,ALUVI.PA,2021-10-01,7.5600000000000005,19373422.32,primary_input_absent [netCashProvidedByOperatingActivities NaN (value=NaN)]
stock_CUR3K@844b3eaf1ea2,ALUVI.PA,2022-04-01,4.68,14548608.36,primary_input_absent [netCashProvidedByOperatingActivities NaN (value=NaN)]
stock_CUR3K@844b3eaf1ea2,ALUVI.PA,2022-10-01,3.3000000000000003,10250816.4,primary_input_absent [netCashProvidedByOperatingActivities NaN (value=NaN)]
stock_CUR3K@844b3eaf1ea2,ALUVI.PA,2023-04-01,4.58,14594980.66,primary_input_absent [netCashProvidedByOperatingActivities NaN (value=NaN)]
stock_CUR3K@844b3eaf1ea2,ALUVI.PA,2023-10-01,3.52,11170533.44,primary_input_absent [netCashProvidedByOperatingActivities NaN (value=NaN)]
stock_CUR3K@844b3eaf1ea2,ALUVI.PA,2024-04-01,2.7700000000000005,8827095.290000001,primary_input_absent [netCashProvidedByOperatingActivities NaN (value=NaN)]
stock_CUR3K@844b3eaf1ea2,ALUVI.PA,2024-10-01,2.72,8649736.0,primary_input_absent [netCashProvidedByOperatingActivities NaN (value=NaN)]
stock_CUR3K@844b3eaf1ea2,ALUVI.PA,2025-04-01,2.55,8134627.499999999,primary_input_absent [netCashProvidedByOperatingActivities NaN (value=NaN)]
stock_CUR3K@844b3eaf1ea2,ALUVI.PA,2025-10-01,2.93,9302750.0,primary_input_absent [netCashProvidedByOperatingActivities NaN (value=NaN)]
stock_CUR3K@844b3eaf1ea2,ALVIA.PA,2015-01-01,,0.0,primary_input_absent [netCashProvidedByOperatingActivities NaN (value=NaN)]
stock_CUR3K@844b3eaf1ea2,ALVIA.PA,2015-07-01,,0.0,primary_input_absent [netCashProvidedByOperatingActivities NaN (value=NaN)]
stock_CUR3K@844b3eaf1ea2,ALVIA.PA,2016-01-01,,0.0,primary_input_absent [netCashProvidedByOperatingActivities NaN (value=NaN)]
stock_CUR3K@844b3eaf1ea2,ALVIA.PA,2016-07-01,,0.0,primary_input_absent [netCashProvidedByOperatingActivities NaN (value=NaN)]
stock_CUR3K@844b3eaf1ea2,ALVIA.PA,2017-01-01,,0.0,primary_input_absent [netCashProvidedByOperatingActivities NaN (value=NaN)]
stock_CUR3K@844b3eaf1ea2,ALVIA.PA,2017-07-01,,0.0,primary_input_absent [netCashProvidedByOperatingActivities NaN (value=NaN)]
stock_CUR3K@844b3eaf1ea2,ALVIA.PA,2018-01-01,,0.0,primary_input_absent [netCashProvidedByOperatingActivities NaN (value=NaN)]
stock_CUR3K@844b3eaf1ea2,ALVIA.PA,2018-07-01,,0.0,primary_input_absent [netCashProvidedByOperatingActivities NaN (value=NaN)]
stock_CUR3K@844b3eaf1ea2,ALVIA.PA,2019-01-01,20.0,7918440.0,primary_input_absent [netCashProvidedByOperatingActivities NaN (value=NaN)]
stock_CUR3K@844b3eaf1ea2,ALVIA.PA,2019-07-01,20.0,7918440.0,primary_input_absent [netCashProvidedByOperatingActivities NaN (value=NaN)]
stock_CUR3K@844b3eaf1ea2,ALVIA.PA,2020-01-01,,0.0,primary_input_absent [netCashProvidedByOperatingActivities NaN (value=NaN)]
stock_CUR3K@844b3eaf1ea2,ALVIA.PA,2020-07-01,9.2,3642482.4,primary_input_absent [netCashProvidedByOperatingActivities NaN (value=NaN)]
stock_CUR3K@844b3eaf1ea2,ALVIA.PA,2021-01-01,9.0,3563298.0,primary_input_absent [netCashProvidedByOperatingActivities NaN (value=NaN)]
stock_CUR3K@844b3eaf1ea2,ALVIA.PA,2021-07-01,8.9,3523705.8000000003,primary_input_absent [netCashProvidedByOperatingActivities NaN (value=NaN)]
stock_CUR3K@844b3eaf1ea2,ALVIA.PA,2022-01-01,14.5,5740869.0,primary_input_absent [netCashProvidedByOperatingActivities NaN (value=NaN)]
stock_CUR3K@844b3eaf1ea2,ALVIA.PA,2022-07-01,14.6,5780461.2,primary_input_absent [netCashProvidedByOperatingActivities NaN (value=NaN)]
stock_CUR3K@844b3eaf1ea2,ALVIA.PA,2023-01-01,13.3,5265762.600000001,primary_input_absent [netCashProvidedByOperatingActivities NaN (value=NaN)]
stock_CUR3K@844b3eaf1ea2,ALVIA.PA,2023-07-01,13.2,5226170.399999999,primary_input_absent [netCashProvidedByOperatingActivities NaN (value=NaN)]
stock_CUR3K@844b3eaf1ea2,ALVIA.PA,2024-01-01,14.5,5740869.0,primary_input_absent [netCashProvidedByOperatingActivities NaN (value=NaN)]
stock_CUR3K@844b3eaf1ea2,ALVIA.PA,2024-07-01,14.0,5542908.0,primary_input_absent [netCashProvidedByOperatingActivities NaN (value=NaN)]
stock_CUR3K@844b3eaf1ea2,ALVIA.PA,2025-01-01,13.0,5146986.0,primary_input_absent [netCashProvidedByOperatingActivities NaN (value=NaN)]
stock_CUR3K@844b3eaf1ea2,ALVIA.PA,2025-07-01,12.5,4949025.0,primary_input_absent [netCashProvidedByOperatingActivities NaN (value=NaN)]
stock_CUR3K@844b3eaf1ea2,ALVIA.PA,2026-01-01,11.9,4711471.8,primary_input_absent [netCashProvidedByOperatingActivities NaN (value=NaN)]
stock_CUR3K@844b3eaf1ea2,BN.TO,2006-07-01,8.94,11666700000.0,primary_input_absent [netCashProvidedByOperatingActivities NaN (value=NaN)]
stock_CUR3K@844b3eaf1ea2,BN.TO,2006-10-01,9.72,12921989499.36,primary_input_absent [netCashProvidedByOperatingActivities NaN (value=NaN)]
stock_CUR3K@844b3eaf1ea2,BN.TO,2007-01-01,10.545,13801776598.92,primary_input_absent [netCashProvidedByOperatingActivities NaN (value=NaN)]
stock_CUR3K@844b3eaf1ea2,BN.TO,2007-04-01,12.075000000000001,15812212500.000002,primary_input_absent [netCashProvidedByOperatingActivities NaN (value=NaN)]
stock_CUR3K@844b3eaf1ea2,BN.TO,2007-07-01,11.745,15380077500.0,primary_input_absent [netCashProvidedByOperatingActivities NaN (value=NaN)]
stock_CUR3K@844b3eaf1ea2,BN.TO,2007-10-01,10.8,14147460000.0,primary_input_absent [netCashProvidedByOperatingActivities NaN (value=NaN)]
stock_CUR3K@844b3eaf1ea2,BN.TO,2008-01-01,8.115,10621522994.58,primary_input_absent [netCashProvidedByOperatingActivities NaN (value=NaN)]
stock_CUR3K@844b3eaf1ea2,BN.TO,2008-04-01,9.84,12907620000.0,primary_input_absent [netCashProvidedByOperatingActivities NaN (value=NaN)]
stock_CUR3K@844b3eaf1ea2,BN.TO,2008-07-01,8.31,10919340000.0,primary_input_absent [netCashProvidedByOperatingActivities NaN (value=NaN)]
stock_CUR3K@844b3eaf1ea2,BN.TO,2008-10-01,4.62,5995836000.0,primary_input_absent [netCashProvidedByOperatingActivities NaN (value=NaN)]
stock_CUR3K@844b3eaf1ea2,BN.TO,2009-01-01,4.17,5371481250.0,primary_input_absent [netCashProvidedByOperatingActivities NaN (value=NaN)]
stock_CUR3K@844b3eaf1ea2,BN.TO,2009-04-01,5.16,6643242000.0,primary_input_absent [netCashProvidedByOperatingActivities NaN (value=NaN)]
stock_CUR3K@844b3eaf1ea2,BN.TO,2009-07-01,6.87,8844781500.0,primary_input_absent [netCashProvidedByOperatingActivities NaN (value=NaN)]
stock_CUR3K@844b3eaf1ea2,BN.TO,2009-10-01,6.705,8640649687.5,primary_input_absent [netCashProvidedByOperatingActivities NaN (value=NaN)]
stock_CUR3K@844b3eaf1ea2,BN.TO,2010-01-01,7.695,9925972875.0,primary_input_absent [netCashProvidedByOperatingActivities NaN (value=NaN)]
stock_CUR3K@844b3eaf1ea2,BN.TO,2010-04-01,6.84,8830782000.0,primary_input_absent [netCashProvidedByOperatingActivities NaN (value=NaN)]
stock_CUR3K@844b3eaf1ea2,BN.TO,2010-07-01,8.58,11086861500.0,primary_input_absent [netCashProvidedByOperatingActivities NaN (value=NaN)]
stock_CUR3K@844b3eaf1ea2,BN.TO,2010-10-01,10.08,13405014000.0,primary_input_absent [netCashProvidedByOperatingActivities NaN (value=NaN)]
stock_CUR3K@844b3eaf1ea2,BN.TO,2011-01-01,9.825,13422915000.0,primary_input_absent [netCashProvidedByOperatingActivities NaN (value=NaN)]
stock_CUR3K@844b3eaf1ea2,BN.TO,2011-04-01,10.035,13845289500.0,primary_input_absent [netCashProvidedByOperatingActivities NaN (value=NaN)]
stock_CUR3K@844b3eaf1ea2,BN.TO,2011-07-01,8.34,11547981000.0,primary_input_absent [netCashProvidedByOperatingActivities NaN (value=NaN)]
stock_CUR3K@844b3eaf1ea2,BN.TO,2011-10-01,8.31,11851722000.0,primary_input_absent [netCashProvidedByOperatingActivities NaN (value=NaN)]
stock_CUR3K@844b3eaf1ea2,BN.TO,2012-01-01,9.555,13312026000.0,primary_input_absent [netCashProvidedByOperatingActivities NaN (value=NaN)]
stock_CUR3K@844b3eaf1ea2,BN.TO,2012-04-01,11.25,15633000000.0,primary_input_absent [netCashProvidedByOperatingActivities NaN (value=NaN)]
stock_CUR3K@844b3eaf1ea2,BN.TO,2012-07-01,11.685,16266396375.0,primary_input_absent [netCashProvidedByOperatingActivities NaN (value=NaN)]
stock_CUR3K@844b3eaf1ea2,BN.TO,2012-10-01,12.465,18646966216.89,primary_input_absent [netCashProvidedByOperatingActivities NaN (value=NaN)]
stock_CUR3K@844b3eaf1ea2,BN.TO,2013-01-01,12.375,17229712500.0,primary_input_absent [netCashProvidedByOperatingActivities NaN (value=NaN)]
stock_CUR3K@844b3eaf1ea2,BN.TO,2013-04-01,12.645,17525970000.0,primary_input_absent [netCashProvidedByOperatingActivities NaN (value=NaN)]
stock_CUR3K@844b3eaf1ea2,BN.TO,2013-07-01,13.14,18164736000.0,primary_input_absent [netCashProvidedByOperatingActivities NaN (value=NaN)]
stock_CUR3K@844b3eaf1ea2,BN.TO,2013-10-01,13.635,19816814184.03,primary_input_absent [netCashProvidedByOperatingActivities NaN (value=NaN)]
stock_CUR3K@844b3eaf1ea2,BN.TO,2014-01-01,14.34,19855881000.0,primary_input_absent [netCashProvidedByOperatingActivities NaN (value=NaN)]
stock_CUR3K@844b3eaf1ea2,BN.TO,2014-04-01,15.465,21434490000.0,primary_input_absent [netCashProvidedByOperatingActivities NaN (value=NaN)]
stock_CUR3K@844b3eaf1ea2,BN.TO,2014-07-01,15.795,21925039500.0,primary_input_absent [netCashProvidedByOperatingActivities NaN (value=NaN)]
stock_CUR3K@844b3eaf1ea2,BN.TO,2014-10-01,17.61,25368064015.8,primary_input_absent [netCashProvidedByOperatingActivities NaN (value=NaN)]
stock_CUR3K@844b3eaf1ea2,BN.TO,2015-01-01,18.825,26204400000.0,primary_input_absent [netCashProvidedByOperatingActivities NaN (value=NaN)]
stock_CUR3K@844b3eaf1ea2,BN.TO,2015-04-01,18.405,26282340000.0,primary_input_absent [netCashProvidedByOperatingActivities NaN (value=NaN)]
stock_CUR3K@844b3eaf1ea2,BN.TO,2015-07-01,16.56,23814108000.0,primary_input_absent [netCashProvidedByOperatingActivities NaN (value=NaN)]
stock_CUR3K@844b3eaf1ea2,BN.TO,2015-10-01,16.605,25204902989.04,primary_input_absent [netCashProvidedByOperatingActivities NaN (value=NaN)]
stock_CUR3K@844b3eaf1ea2,BN.TO,2016-01-01,18.33,26373204000.0,primary_input_absent [netCashProvidedByOperatingActivities NaN (value=NaN)]
stock_CUR3K@844b3eaf1ea2,BN.TO,2016-04-01,17.7,25456140000.0,primary_input_absent [netCashProvidedByOperatingActivities NaN (value=NaN)]
stock_CUR3K@844b3eaf1ea2,BN.TO,2016-07-01,18.825,27082586250.0,primary_input_absent [netCashProvidedByOperatingActivities NaN (value=NaN)]
stock_CUR3K@844b3eaf1ea2,BN.TO,2016-10-01,17.67,30569100000.0,primary_input_absent [netCashProvidedByOperatingActivities NaN (value=NaN)]
stock_CUR3K@844b3eaf1ea2,BN.TO,2017-01-01,19.515,28057691250.0,primary_input_absent [netCashProvidedByOperatingActivities NaN (value=NaN)]
stock_CUR3K@844b3eaf1ea2,BN.TO,2017-04-01,20.985,30174331500.0,primary_input_absent [netCashProvidedByOperatingActivities NaN (value=NaN)]
stock_CUR3K@844b3eaf1ea2,BN.TO,2017-07-01,22.11,31801918500.0,primary_input_absent [netCashProvidedByOperatingActivities NaN (value=NaN)]
stock_CUR3K@844b3eaf1ea2,BN.TO,2017-10-01,23.295,33516846000.0,primary_input_absent [netCashProvidedByOperatingActivities NaN (value=NaN)]
stock_CUR3K@844b3eaf1ea2,BN.TO,2018-01-01,20.58,29570373000.0,primary_input_absent [netCashProvidedByOperatingActivities NaN (value=NaN)]
stock_CUR3K@844b3eaf1ea2,BN.TO,2018-04-01,21.69,31139248500.0,primary_input_absent [netCashProvidedByOperatingActivities NaN (value=NaN)]
stock_CUR3K@844b3eaf1ea2,BN.TO,2018-07-01,24.03,34527505500.0,primary_input_absent [netCashProvidedByOperatingActivities NaN (value=NaN)]
stock_CUR3K@844b3eaf1ea2,BN.TO,2018-10-01,20.52,29474928000.0,primary_input_absent [netCashProvidedByOperatingActivities NaN (value=NaN)]
stock_CUR3K@844b3eaf1ea2,BN.TO,2019-01-01,25.32000000588974,36283559983.119995,primary_input_absent [netCashProvidedByOperatingActivities NaN (value=NaN)]
stock_CUR3K@844b3eaf1ea2,BN.TO,2019-04-01,25.8,36979140000.0,primary_input_absent [netCashProvidedByOperatingActivities NaN (value=NaN)]
stock_CUR3K@844b3eaf1ea2,BN.TO,2019-07-01,28.41,40742781000.0,primary_input_absent [netCashProvidedByOperatingActivities NaN (value=NaN)]
stock_CUR3K@844b3eaf1ea2,BN.TO,2019-10-01,30.93,46724404500.0,primary_input_absent [netCashProvidedByOperatingActivities NaN (value=NaN)]
stock_CUR3K@844b3eaf1ea2,BN.TO,2020-01-01,23.685,35802246000.0,primary_input_absent [netCashProvidedByOperatingActivities NaN (value=NaN)]
stock_CUR3K@844b3eaf1ea2,BN.TO,2020-04-01,26.415,39942121500.0,primary_input_absent [netCashProvidedByOperatingActivities NaN (value=NaN)]
stock_CUR3K@844b3eaf1ea2,BN.TO,2020-07-01,26.535,40112959500.0,primary_input_absent [netCashProvidedByOperatingActivities NaN (value=NaN)]
stock_CUR3K@844b3eaf1ea2,BN.TO,2020-10-01,33.135,50063671500.0,primary_input_absent [netCashProvidedByOperatingActivities NaN (value=NaN)]
stock_CUR3K@844b3eaf1ea2,BN.TO,2021-01-01,35.73,53970165000.0,primary_input_absent [netCashProvidedByOperatingActivities NaN (value=NaN)]
stock_CUR3K@844b3eaf1ea2,BN.TO,2021-04-01,41.22,62168004000.0,primary_input_absent [netCashProvidedByOperatingActivities NaN (value=NaN)]
stock_CUR3K@844b3eaf1ea2,BN.TO,2021-07-01,43.26,67174128000.0,primary_input_absent [netCashProvidedByOperatingActivities NaN (value=NaN)]
stock_CUR3K@844b3eaf1ea2,BN.TO,2021-10-01,48.81,75394366500.0,primary_input_absent [netCashProvidedByOperatingActivities NaN (value=NaN)]
stock_CUR3K@844b3eaf1ea2,BN.TO,2022-01-01,45.735,71703333000.0,primary_input_absent [netCashProvidedByOperatingActivities NaN (value=NaN)]
stock_CUR3K@844b3eaf1ea2,BN.TO,2022-04-01,35.955,56248002000.0,primary_input_absent [netCashProvidedByOperatingActivities NaN (value=NaN)]
stock_CUR3K@844b3eaf1ea2,BN.TO,2022-07-01,33.06,51656250000.0,primary_input_absent [netCashProvidedByOperatingActivities NaN (value=NaN)]
stock_CUR3K@844b3eaf1ea2,BN.TO,2022-10-01,31.455,49535334000.0,primary_input_absent [netCashProvidedByOperatingActivities NaN (value=NaN)]
stock_CUR3K@844b3eaf1ea2,BN.TO,2023-01-01,32.595,51219783000.0,primary_input_absent [netCashProvidedByOperatingActivities NaN (value=NaN)]
stock_CUR3K@844b3eaf1ea2,BN.TO,2023-04-01,33.645,52620780000.0,primary_input_absent [netCashProvidedByOperatingActivities NaN (value=NaN)]
stock_CUR3K@844b3eaf1ea2,BN.TO,2023-07-01,31.275,48166627500.0,primary_input_absent [netCashProvidedByOperatingActivities NaN (value=NaN)]
stock_CUR3K@844b3eaf1ea2,BN.TO,2023-10-01,40.125,61796512500.0,primary_input_absent [netCashProvidedByOperatingActivities NaN (value=NaN)]
stock_CUR3K@844b3eaf1ea2,BN.TO,2024-01-01,41.19,62559372000.0,primary_input_absent [netCashProvidedByOperatingActivities NaN (value=NaN)]
stock_CUR3K@844b3eaf1ea2,BN.TO,2024-04-01,40.935,61795476000.0,primary_input_absent [netCashProvidedByOperatingActivities NaN (value=NaN)]
stock_CUR3K@844b3eaf1ea2,BN.TO,2024-07-01,53.145,80169232500.0,primary_input_absent [netCashProvidedByOperatingActivities NaN (value=NaN)]
stock_CUR3K@844b3eaf1ea2,BN.TO,2024-10-01,57.45,86651835000.0,primary_input_absent [netCashProvidedByOperatingActivities NaN (value=NaN)]
stock_CUR3K@844b3eaf1ea2,BN.TO,2025-01-01,52.41,78824640000.0,primary_input_absent [netCashProvidedByOperatingActivities NaN (value=NaN)]
stock_CUR3K@844b3eaf1ea2,BN.TO,2025-04-01,61.845,92532489000.0,primary_input_absent [netCashProvidedByOperatingActivities NaN (value=NaN)]
stock_CUR3K@844b3eaf1ea2,BN.TO,2025-07-01,45.72,102609396000.0,primary_input_absent [netCashProvidedByOperatingActivities NaN (value=NaN)]
stock_CUR3K@844b3eaf1ea2,BN.TO,2025-10-01,51.148253892131876,114802255860.89,primary_input_absent [netCashProvidedByOperatingActivities NaN (value=NaN)]
stock_CUR3K@844b3eaf1ea2,BN.TO,2026-01-01,45.1675803191925,101243131285.47,primary_input_absent [netCashProvidedByOperatingActivities NaN (value=NaN)]
stock_CUR3K@844b3eaf1ea2,BN.TO,2026-04-01,47.69964646442674,106546700307.59001,primary_input_absent [netCashProvidedByOperatingActivities NaN (value=NaN)]
stock_CUR3K@844b3eaf1ea2,CDRO,2020-01-01,9.285632000000001,557026.4924160001,primary_input_absent [netCashProvidedByOperatingActivities NaN (value=NaN)]
stock_CUR3K@844b3eaf1ea2,CDRO,2020-07-01,8.731648,77282515.432448,primary_input_absent [netCashProvidedByOperatingActivities NaN (value=NaN)]
stock_CUR3K@844b3eaf1ea2,CDRO,2020-10-01,8.378368,74155686.791168,primary_input_absent [netCashProvidedByOperatingActivities NaN (value=NaN)]
stock_CUR3K@844b3eaf1ea2,CDRO,2021-01-01,8.317719199999999,413548680.90479994,primary_input_absent [netCashProvidedByOperatingActivities NaN (value=NaN)]
stock_CUR3K@844b3eaf1ea2,CDRO,2021-04-01,8.3598822,415644983.10179996,primary_input_absent [netCashProvidedByOperatingActivities NaN (value=NaN)]
stock_CUR3K@844b3eaf1ea2,CDRO,2021-07-01,8.558276000000001,386140384.13882005,primary_input_absent [netCashProvidedByOperatingActivities NaN (value=NaN)]
stock_CUR3K@844b3eaf1ea2,CDRO,2021-10-01,5.293988,238859153.40265998,primary_input_absent [netCashProvidedByOperatingActivities NaN (value=NaN)]
stock_CUR3K@844b3eaf1ea2,CDRO,2022-01-01,4.579731,207275822.264628,primary_input_absent [netCashProvidedByOperatingActivities NaN (value=NaN)]
stock_CUR3K@844b3eaf1ea2,CDRO,2022-04-01,2.681021,121341369.675148,primary_input_absent [netCashProvidedByOperatingActivities NaN (value=NaN)]
stock_CUR3K@844b3eaf1ea2,CDRO,2022-07-01,2.75535,123847471.8,primary_input_absent [netCashProvidedByOperatingActivities NaN (value=NaN)]
stock_CUR3K@844b3eaf1ea2,CDRO,2022-10-01,2.409462,108300497.976,primary_input_absent [netCashProvidedByOperatingActivities NaN (value=NaN)]
stock_CUR3K@844b3eaf1ea2,CDRO,2023-01-01,2.80288,122157919.04,primary_input_absent [netCashProvidedByOperatingActivities NaN (value=NaN)]
stock_CUR3K@844b3eaf1ea2,CDRO,2023-04-01,3.2994,143797750.2,primary_input_absent [netCashProvidedByOperatingActivities NaN (value=NaN)]
stock_CUR3K@844b3eaf1ea2,CDRO,2023-07-01,2.845955,128295770.93011001,primary_input_absent [netCashProvidedByOperatingActivities NaN (value=NaN)]
stock_CUR3K@844b3eaf1ea2,CDRO,2023-10-01,2.659818,119904595.44,primary_input_absent [netCashProvidedByOperatingActivities NaN (value=NaN)]
stock_CUR3K@844b3eaf1ea2,CDRO,2024-01-01,6.42045,269658900.0,primary_input_absent [netCashProvidedByOperatingActivities NaN (value=NaN)]
stock_CUR3K@844b3eaf1ea2,CDRO,2024-04-01,7.575534,318172428.0,primary_input_absent [netCashProvidedByOperatingActivities NaN (value=NaN)]
stock_CUR3K@844b3eaf1ea2,CDRO,2024-07-01,7.174221,351884821.763826,primary_input_absent [netCashProvidedByOperatingActivities NaN (value=NaN)]
stock_CUR3K@844b3eaf1ea2,CDRO,2024-10-01,6.228765,305511617.47509,primary_input_absent [netCashProvidedByOperatingActivities NaN (value=NaN)]
stock_CUR3K@844b3eaf1ea2,CDRO,2025-01-01,6.699725,305211848.033825,primary_input_absent [netCashProvidedByOperatingActivities NaN (value=NaN)]
stock_CUR3K@844b3eaf1ea2,CDRO,2025-04-01,7.203765,328173832.276905,primary_input_absent [netCashProvidedByOperatingActivities NaN (value=NaN)]
stock_CUR3K@844b3eaf1ea2,CDRO,2025-07-01,5.8788,267108774.678,primary_input_absent [netCashProvidedByOperatingActivities NaN (value=NaN)]
stock_CUR3K@844b3eaf1ea2,CDRO,2025-10-01,6.834332999999999,310524309.956355,primary_input_absent [netCashProvidedByOperatingActivities NaN (value=NaN)]
stock_CUR3K@844b3eaf1ea2,CDRO,2026-04-01,8.376621,380884202.97411,primary_input_absent [netCashProvidedByOperatingActivities NaN (value=NaN)]
stock_CUR3K@844b3eaf1ea2,CHAR.L,2008-01-01,,0.0,primary_input_absent [revenue impossible: < 0 (value=-78000)]
stock_CUR3K@844b3eaf1ea2,CHAR.L,2009-01-01,,0.0,primary_input_absent [revenue impossible: < 0 (value=-78000)]
stock_CUR3K@844b3eaf1ea2,CHAR.L,2010-01-01,,0.0,primary_input_absent [revenue impossible: < 0 (value=-78000)]
stock_CUR3K@844b3eaf1ea2,CHAR.L,2011-01-01,,0.0,primary_input_absent [revenue impossible: < 0 (value=-78000)]
stock_CUR3K@844b3eaf1ea2,CHAR.L,2011-10-01,,324003890.33571,primary_input_absent [revenue impossible: < 0 (value=-78000)]
stock_CUR3K@844b3eaf1ea2,CHAR.L,2012-10-01,0.440231289,87306669.23448001,primary_input_absent [revenue impossible: < 0 (value=-78000)]
stock_CUR3K@844b3eaf1ea2,CHAR.L,2013-04-01,0.26580604999999996,53340629.083749995,primary_input_absent [revenue impossible: < 0 (value=-78000)]
stock_CUR3K@844b3eaf1ea2,CHAR.L,2013-10-01,0.30988518,62339601.6606,primary_input_absent [revenue impossible: < 0 (value=-78000)]
stock_CUR3K@844b3eaf1ea2,CHAR.L,2014-04-01,0.315589095,63763198.699274994,primary_input_absent [revenue impossible: < 0 (value=-78000)]
stock_CUR3K@844b3eaf1ea2,CHAR.L,2014-10-01,0.136436124,33136923.616499998,primary_input_absent [revenue impossible: < 0 (value=-78000)]
stock_CUR3K@844b3eaf1ea2,CHAR.L,2015-04-01,0.13749050000000002,36065270.5455,primary_input_absent [revenue impossible: < 0 (value=-78000)]
stock_CUR3K@844b3eaf1ea2,CHAR.L,2015-10-01,0.08442009,22284371.1573,primary_input_absent [revenue impossible: < 0 (value=-78000)]
stock_CUR3K@844b3eaf1ea2,CHAR.L,2016-04-01,0.07026518400000001,18591465.034560002,primary_input_absent [revenue impossible: < 0 (value=-78000)]
stock_CUR3K@844b3eaf1ea2,CHAR.L,2016-10-01,0.099502293,26671987.647822,primary_input_absent [revenue impossible: < 0 (value=-78000)]
stock_CUR3K@844b3eaf1ea2,CHAR.L,2017-04-01,0.16348131999999999,43890156.94304,primary_input_absent [revenue impossible: < 0 (value=-78000)]
stock_CUR3K@844b3eaf1ea2,CHAR.L,2017-10-01,0.22435957499999998,60297533.21954999,primary_input_absent [revenue impossible: < 0 (value=-78000)]
stock_CUR3K@844b3eaf1ea2,CHAR.L,2018-04-01,0.1056248,33705296.1792,primary_input_absent [revenue impossible: < 0 (value=-78000)]
stock_CUR3K@844b3eaf1ea2,CHAR.L,2018-10-01,0.032102532,11794566.564396001,primary_input_absent [revenue impossible: < 0 (value=-78000)]
stock_CUR3K@844b3eaf1ea2,CHAR.L,2019-04-01,0.051435439,18897894.64299,primary_input_absent [revenue impossible: < 0 (value=-78000)]
stock_CUR3K@844b3eaf1ea2,CHAR.L,2019-10-01,0.042268138000000004,15537852.065076001,primary_input_absent [revenue impossible: < 0 (value=-78000)]
stock_CUR3K@844b3eaf1ea2,CHAR.L,2020-04-01,0.027030256000000003,10042307.739376001,primary_input_absent [revenue impossible: < 0 (value=-78000)]
stock_CUR3K@844b3eaf1ea2,CHAR.L,2020-10-01,0.11607685000000001,44955751.46705,primary_input_absent [revenue impossible: < 0 (value=-78000)]
stock_CUR3K@844b3eaf1ea2,CHAR.L,2021-04-01,0.073840986,28909262.905902,primary_input_absent [revenue impossible: < 0 (value=-78000)]
stock_CUR3K@844b3eaf1ea2,CHAR.L,2021-10-01,0.095402715,61860456.04401,primary_input_absent [revenue impossible: < 0 (value=-78000)]
stock_CUR3K@844b3eaf1ea2,CHAR.L,2022-04-01,0.21672212000000005,178175707.01468003,primary_input_absent [revenue impossible: < 0 (value=-78000)]
stock_CUR3K@844b3eaf1ea2,CHAR.L,2022-10-01,0.194700627,187006058.22096,primary_input_absent [revenue impossible: < 0 (value=-78000)]
stock_CUR3K@844b3eaf1ea2,CHAR.L,2023-04-01,0.21882732000000002,210528950.37096003,primary_input_absent [revenue impossible: < 0 (value=-78000)]
stock_CUR3K@844b3eaf1ea2,CHAR.L,2023-10-01,0.1264089,133176579.6882,primary_input_absent [revenue impossible: < 0 (value=-78000)]
stock_CUR3K@844b3eaf1ea2,CHAR.L,2024-04-01,0.093229026,100135339.017054,primary_input_absent [revenue impossible: < 0 (value=-78000)]
stock_CUR3K@844b3eaf1ea2,CHAR.L,2024-10-01,0.025022600000000002,28673504.8871348,primary_input_absent [revenue impossible: < 0 (value=-78000)]
stock_CUR3K@844b3eaf1ea2,CHAR.L,2025-04-01,0.020871424,25560958.450960126,primary_input_absent [revenue impossible: < 0 (value=-78000)]
stock_CUR3K@844b3eaf1ea2,CHAR.L,2025-10-01,0.019779437999999996,27933072.686682906,primary_input_absent [revenue impossible: < 0 (value=-78000)]
stock_CUR3K@844b3eaf1ea2,CNL,2006-01-01,,,primary_input_absent [netCashProvidedByOperatingActivities NaN (value=NaN)]
stock_CUR3K@844b3eaf1ea2,CNL,2006-04-01,,,primary_input_absent [netCashProvidedByOperatingActivities NaN (value=NaN)]
stock_CUR3K@844b3eaf1ea2,CNL,2006-07-01,,,primary_input_absent [netCashProvidedByOperatingActivities NaN (value=NaN)]
stock_CUR3K@844b3eaf1ea2,CNL,2006-10-01,,,primary_input_absent [netCashProvidedByOperatingActivities NaN (value=NaN)]
stock_CUR3K@844b3eaf1ea2,CNL,2007-01-01,,,primary_input_absent [netCashProvidedByOperatingActivities NaN (value=NaN)]
stock_CUR3K@844b3eaf1ea2,CNL,2007-04-01,,,primary_input_absent [netCashProvidedByOperatingActivities NaN (value=NaN)]
stock_CUR3K@844b3eaf1ea2,CNL,2007-07-01,,,primary_input_absent [netCashProvidedByOperatingActivities NaN (value=NaN)]
stock_CUR3K@844b3eaf1ea2,CNL,2007-10-01,,,primary_input_absent [netCashProvidedByOperatingActivities NaN (value=NaN)]
stock_CUR3K@844b3eaf1ea2,CNL,2008-01-01,,,primary_input_absent [netCashProvidedByOperatingActivities NaN (value=NaN)]
stock_CUR3K@844b3eaf1ea2,CNL,2008-04-01,,,primary_input_absent [netCashProvidedByOperatingActivities NaN (value=NaN)]
stock_CUR3K@844b3eaf1ea2,CNL,2008-07-01,,,primary_input_absent [netCashProvidedByOperatingActivities NaN (value=NaN)]
stock_CUR3K@844b3eaf1ea2,CNL,2008-10-01,,,primary_input_absent [netCashProvidedByOperatingActivities NaN (value=NaN)]
stock_CUR3K@844b3eaf1ea2,CNL,2009-01-01,,,primary_input_absent [netCashProvidedByOperatingActivities NaN (value=NaN)]
stock_CUR3K@844b3eaf1ea2,CNL,2009-04-01,,,primary_input_absent [netCashProvidedByOperatingActivities NaN (value=NaN)]
stock_CUR3K@844b3eaf1ea2,CNL,2009-07-01,,,primary_input_absent [netCashProvidedByOperatingActivities NaN (value=NaN)]
stock_CUR3K@844b3eaf1ea2,CNL,2009-10-01,,,primary_input_absent [netCashProvidedByOperatingActivities NaN (value=NaN)]
stock_CUR3K@844b3eaf1ea2,CNL,2010-01-01,,,primary_input_absent [netCashProvidedByOperatingActivities NaN (value=NaN)]
stock_CUR3K@844b3eaf1ea2,CNL,2010-04-01,,,primary_input_absent [netCashProvidedByOperatingActivities NaN (value=NaN)]
stock_CUR3K@844b3eaf1ea2,CNL,2010-07-01,,,primary_input_absent [netCashProvidedByOperatingActivities NaN (value=NaN)]
stock_CUR3K@844b3eaf1ea2,CNL,2010-10-01,,,primary_input_absent [netCashProvidedByOperatingActivities NaN (value=NaN)]
stock_CUR3K@844b3eaf1ea2,CNL,2011-01-01,,,primary_input_absent [netCashProvidedByOperatingActivities NaN (value=NaN)]
stock_CUR3K@844b3eaf1ea2,CNL,2011-04-01,,,primary_input_absent [netCashProvidedByOperatingActivities NaN (value=NaN)]
stock_CUR3K@844b3eaf1ea2,CNL,2011-07-01,,,primary_input_absent [netCashProvidedByOperatingActivities NaN (value=NaN)]
stock_CUR3K@844b3eaf1ea2,CNL,2011-10-01,,,primary_input_absent [netCashProvidedByOperatingActivities NaN (value=NaN)]
stock_CUR3K@844b3eaf1ea2,CNL,2012-01-01,,,primary_input_absent [netCashProvidedByOperatingActivities NaN (value=NaN)]
stock_CUR3K@844b3eaf1ea2,CNL,2012-04-01,,,primary_input_absent [netCashProvidedByOperatingActivities NaN (value=NaN)]
stock_CUR3K@844b3eaf1ea2,CNL,2012-07-01,,,primary_input_absent [netCashProvidedByOperatingActivities NaN (value=NaN)]
stock_CUR3K@844b3eaf1ea2,CNL,2012-10-01,,,primary_input_absent [netCashProvidedByOperatingActivities NaN (value=NaN)]
stock_CUR3K@844b3eaf1ea2,CNL,2013-01-01,,,primary_input_absent [netCashProvidedByOperatingActivities NaN (value=NaN)]
stock_CUR3K@844b3eaf1ea2,CNL,2013-04-01,,,primary_input_absent [netCashProvidedByOperatingActivities NaN (value=NaN)]
stock_CUR3K@844b3eaf1ea2,CNL,2013-07-01,,,primary_input_absent [netCashProvidedByOperatingActivities NaN (value=NaN)]
stock_CUR3K@844b3eaf1ea2,CNL,2013-10-01,,,primary_input_absent [netCashProvidedByOperatingActivities NaN (value=NaN)]
stock_CUR3K@844b3eaf1ea2,CNL,2014-01-01,,,primary_input_absent [netCashProvidedByOperatingActivities NaN (value=NaN)]
stock_CUR3K@844b3eaf1ea2,CNL,2014-04-01,,,primary_input_absent [netCashProvidedByOperatingActivities NaN (value=NaN)]
stock_CUR3K@844b3eaf1ea2,CNL,2014-07-01,,,primary_input_absent [netCashProvidedByOperatingActivities NaN (value=NaN)]
stock_CUR3K@844b3eaf1ea2,CNL,2014-10-01,,,primary_input_absent [netCashProvidedByOperatingActivities NaN (value=NaN)]
stock_CUR3K@844b3eaf1ea2,CNL,2015-01-01,,,primary_input_absent [netCashProvidedByOperatingActivities NaN (value=NaN)]
stock_CUR3K@844b3eaf1ea2,CNL,2015-04-01,,,primary_input_absent [netCashProvidedByOperatingActivities NaN (value=NaN)]
stock_CUR3K@844b3eaf1ea2,CNL,2015-07-01,,,primary_input_absent [netCashProvidedByOperatingActivities NaN (value=NaN)]
stock_CUR3K@844b3eaf1ea2,CNL,2015-10-01,,,primary_input_absent [netCashProvidedByOperatingActivities NaN (value=NaN)]
stock_CUR3K@844b3eaf1ea2,CNL,2016-01-01,,,primary_input_absent [netCashProvidedByOperatingActivities NaN (value=NaN)]
stock_CUR3K@844b3eaf1ea2,CNL,2016-04-01,,,primary_input_absent [netCashProvidedByOperatingActivities NaN (value=NaN)]
stock_CUR3K@844b3eaf1ea2,CNL,2016-07-01,,,primary_input_absent [netCashProvidedByOperatingActivities NaN (value=NaN)]
stock_CUR3K@844b3eaf1ea2,CNL,2016-10-01,,,primary_input_absent [netCashProvidedByOperatingActivities NaN (value=NaN)]
stock_CUR3K@844b3eaf1ea2,CNL,2017-01-01,,,primary_input_absent [netCashProvidedByOperatingActivities NaN (value=NaN)]
stock_CUR3K@844b3eaf1ea2,CNL,2017-04-01,,,primary_input_absent [netCashProvidedByOperatingActivities NaN (value=NaN)]
stock_CUR3K@844b3eaf1ea2,CNL,2017-07-01,,,primary_input_absent [netCashProvidedByOperatingActivities NaN (value=NaN)]
stock_CUR3K@844b3eaf1ea2,CNL,2017-10-01,,,primary_input_absent [netCashProvidedByOperatingActivities NaN (value=NaN)]
stock_CUR3K@844b3eaf1ea2,CNL,2018-01-01,,,primary_input_absent [netCashProvidedByOperatingActivities NaN (value=NaN)]
stock_CUR3K@844b3eaf1ea2,CNL,2018-04-01,,,primary_input_absent [netCashProvidedByOperatingActivities NaN (value=NaN)]
stock_CUR3K@844b3eaf1ea2,CNL,2018-07-01,,,primary_input_absent [netCashProvidedByOperatingActivities NaN (value=NaN)]
stock_CUR3K@844b3eaf1ea2,CNL,2018-10-01,,,primary_input_absent [netCashProvidedByOperatingActivities NaN (value=NaN)]
stock_CUR3K@844b3eaf1ea2,CNL,2019-01-01,,,primary_input_absent [netCashProvidedByOperatingActivities NaN (value=NaN)]
stock_CUR3K@844b3eaf1ea2,CNL,2019-04-01,,,primary_input_absent [netCashProvidedByOperatingActivities NaN (value=NaN)]
stock_CUR3K@844b3eaf1ea2,CNL,2019-07-01,,,primary_input_absent [netCashProvidedByOperatingActivities NaN (value=NaN)]
stock_CUR3K@844b3eaf1ea2,CNL,2019-10-01,,,primary_input_absent [netCashProvidedByOperatingActivities NaN (value=NaN)]
stock_CUR3K@844b3eaf1ea2,CNL,2020-01-01,,,primary_input_absent [netCashProvidedByOperatingActivities NaN (value=NaN)]
stock_CUR3K@844b3eaf1ea2,CNL,2020-10-01,1.642258257059997,30465532.926720005,primary_input_absent [netCashProvidedByOperatingActivities NaN (value=NaN)]
stock_CUR3K@844b3eaf1ea2,CNL,2021-01-01,1.3982218538905635,30893711.861712,primary_input_absent [netCashProvidedByOperatingActivities NaN (value=NaN)]
stock_CUR3K@844b3eaf1ea2,CNL,2021-04-01,3.022875,92139391.355625,primary_input_absent [netCashProvidedByOperatingActivities NaN (value=NaN)]
stock_CUR3K@844b3eaf1ea2,CNL,2021-07-01,1.8443880000000001,83834790.019344,primary_input_absent [netCashProvidedByOperatingActivities NaN (value=NaN)]
stock_CUR3K@844b3eaf1ea2,CNL,2021-10-01,2.3280800006961995,110518613.79304999,primary_input_absent [netCashProvidedByOperatingActivities NaN (value=NaN)]
stock_CUR3K@844b3eaf1ea2,CNL,2022-01-01,2.71728,128762972.9352,primary_input_absent [netCashProvidedByOperatingActivities NaN (value=NaN)]
stock_CUR3K@844b3eaf1ea2,CNL,2022-04-01,2.5934098,122897320.526487,primary_input_absent [netCashProvidedByOperatingActivities NaN (value=NaN)]
stock_CUR3K@844b3eaf1ea2,CNL,2022-07-01,1.84263,87859395.51234,primary_input_absent [netCashProvidedByOperatingActivities NaN (value=NaN)]
stock_CUR3K@844b3eaf1ea2,CNL,2022-10-01,1.8811332438788728,96722228.00052,primary_input_absent [netCashProvidedByOperatingActivities NaN (value=NaN)]
stock_CUR3K@844b3eaf1ea2,CNL,2023-01-01,3.06851,164582083.78181,primary_input_absent [netCashProvidedByOperatingActivities NaN (value=NaN)]
stock_CUR3K@844b3eaf1ea2,CNL,2023-04-01,4.48868,270240027.79984,primary_input_absent [netCashProvidedByOperatingActivities NaN (value=NaN)]
stock_CUR3K@844b3eaf1ea2,CNL,2023-07-01,3.53328,213846973.80576,primary_input_absent [netCashProvidedByOperatingActivities NaN (value=NaN)]
stock_CUR3K@844b3eaf1ea2,CNL,2023-10-01,3.289905923494591,195280521.7658058,primary_input_absent [netCashProvidedByOperatingActivities NaN (value=NaN)]
stock_CUR3K@844b3eaf1ea2,CNL,2024-01-01,3.0247186,191815548.6881628,primary_input_absent [netCashProvidedByOperatingActivities NaN (value=NaN)]
stock_CUR3K@844b3eaf1ea2,CNL,2024-04-01,2.3257884000000004,157958335.68014762,primary_input_absent [netCashProvidedByOperatingActivities NaN (value=NaN)]
stock_CUR3K@844b3eaf1ea2,CNL,2024-07-01,3.1907530399550836,217839133.023603,primary_input_absent [netCashProvidedByOperatingActivities NaN (value=NaN)]
stock_CUR3K@844b3eaf1ea2,CNL,2024-10-01,4.119113389156237,281753287.341567,primary_input_absent [netCashProvidedByOperatingActivities NaN (value=NaN)]
stock_CUR3K@844b3eaf1ea2,CNL,2025-01-01,8.720242,686364030.287454,primary_input_absent [netCashProvidedByOperatingActivities NaN (value=NaN)]
stock_CUR3K@844b3eaf1ea2,CNL,2025-04-01,10.94405,861436950.1686001,primary_input_absent [netCashProvidedByOperatingActivities NaN (value=NaN)]
stock_CUR3K@844b3eaf1ea2,CNL,2025-07-01,14.51078,1231306142.3724,primary_input_absent [netCashProvidedByOperatingActivities NaN (value=NaN)]
stock_CUR3K@844b3eaf1ea2,CNL,2025-10-01,14.484053704476022,1235822103.1200001,primary_input_absent [netCashProvidedByOperatingActivities NaN (value=NaN)]
stock_CUR3K@844b3eaf1ea2,CNL,2026-01-01,17.5632156,1625604517.7825038,primary_input_absent [netCashProvidedByOperatingActivities NaN (value=NaN)]
stock_CUR3K@844b3eaf1ea2,CNL,2026-04-01,12.2848,1139132059.9296,primary_input_absent [netCashProvidedByOperatingActivities NaN (value=NaN)]
stock_CUR3K@844b3eaf1ea2,CTXR,2011-04-01,374.81,18740500.0,primary_input_absent [netCashProvidedByOperatingActivities NaN (value=NaN)]
stock_CUR3K@844b3eaf1ea2,CTXR,2011-07-01,374.81,18740500.0,primary_input_absent [netCashProvidedByOperatingActivities NaN (value=NaN)]
stock_CUR3K@844b3eaf1ea2,CTXR,2011-10-01,374.81,18740500.0,primary_input_absent [netCashProvidedByOperatingActivities NaN (value=NaN)]
stock_CUR3K@844b3eaf1ea2,CTXR,2012-01-01,374.81,18740500.0,primary_input_absent [netCashProvidedByOperatingActivities NaN (value=NaN)]
stock_CUR3K@844b3eaf1ea2,CTXR,2012-04-01,374.81,18740500.0,primary_input_absent [netCashProvidedByOperatingActivities NaN (value=NaN)]
stock_CUR3K@844b3eaf1ea2,CTXR,2012-07-01,374.81,18740500.0,primary_input_absent [netCashProvidedByOperatingActivities NaN (value=NaN)]
stock_CUR3K@844b3eaf1ea2,CTXR,2012-10-01,374.81,18740500.0,primary_input_absent [netCashProvidedByOperatingActivities NaN (value=NaN)]
stock_CUR3K@844b3eaf1ea2,CTXR,2013-01-01,374.81,18740500.0,primary_input_absent [netCashProvidedByOperatingActivities NaN (value=NaN)]
stock_CUR3K@844b3eaf1ea2,CTXR,2013-04-01,374.81,18740500.0,primary_input_absent [netCashProvidedByOperatingActivities NaN (value=NaN)]
stock_CUR3K@844b3eaf1ea2,CTXR,2013-07-01,374.81,18740500.0,primary_input_absent [netCashProvidedByOperatingActivities NaN (value=NaN)]
stock_CUR3K@844b3eaf1ea2,CTXR,2013-10-01,374.80999999999995,18487878.06,primary_input_absent [netCashProvidedByOperatingActivities NaN (value=NaN)]
stock_CUR3K@844b3eaf1ea2,CTXR,2014-01-01,374.80999999999995,18487878.06,primary_input_absent [netCashProvidedByOperatingActivities NaN (value=NaN)]
stock_CUR3K@844b3eaf1ea2,CTXR,2014-04-01,374.81,29723557.43,primary_input_absent [netCashProvidedByOperatingActivities NaN (value=NaN)]
stock_CUR3K@844b3eaf1ea2,CTXR,2014-07-01,374.81,37256114.0,primary_input_absent [netCashProvidedByOperatingActivities NaN (value=NaN)]
stock_CUR3K@844b3eaf1ea2,CTXR,2014-10-01,390.0,52063830.0,primary_input_absent [netCashProvidedByOperatingActivities NaN (value=NaN)]
stock_CUR3K@844b3eaf1ea2,CTXR,2015-01-01,675.0,93442950.0,primary_input_absent [netCashProvidedByOperatingActivities NaN (value=NaN)]
stock_CUR3K@844b3eaf1ea2,CTXR,2015-04-01,656.25,94246031.25,primary_input_absent [netCashProvidedByOperatingActivities NaN (value=NaN)]
stock_CUR3K@844b3eaf1ea2,CTXR,2015-07-01,637.5,90201150.0,primary_input_absent [netCashProvidedByOperatingActivities NaN (value=NaN)]
stock_CUR3K@844b3eaf1ea2,CTXR,2015-10-01,693.75,106113225.0,primary_input_absent [netCashProvidedByOperatingActivities NaN (value=NaN)]
stock_CUR3K@844b3eaf1ea2,CTXR,2016-01-01,937.5,155181562.5,primary_input_absent [netCashProvidedByOperatingActivities NaN (value=NaN)]
stock_CUR3K@844b3eaf1ea2,CTXR,2016-04-01,333.58,107729327.42,primary_input_absent [netCashProvidedByOperatingActivities NaN (value=NaN)]
stock_CUR3K@844b3eaf1ea2,CTXR,2016-07-01,236.13,57036729.24,primary_input_absent [netCashProvidedByOperatingActivities NaN (value=NaN)]
stock_CUR3K@844b3eaf1ea2,CTXR,2016-10-01,166.42,54401865.9,primary_input_absent [netCashProvidedByOperatingActivities NaN (value=NaN)]
stock_CUR3K@844b3eaf1ea2,CTXR,2017-01-01,154.05,51282782.85,primary_input_absent [netCashProvidedByOperatingActivities NaN (value=NaN)]
stock_CUR3K@844b3eaf1ea2,CTXR,2017-04-01,157.0,52831442.0,primary_input_absent [netCashProvidedByOperatingActivities NaN (value=NaN)]
stock_CUR3K@844b3eaf1ea2,CTXR,2017-07-01,78.82,28808709.999999996,primary_input_absent [netCashProvidedByOperatingActivities NaN (value=NaN)]
stock_CUR3K@844b3eaf1ea2,CTXR,2017-10-01,95.0,54498650.0,primary_input_absent [netCashProvidedByOperatingActivities NaN (value=NaN)]
stock_CUR3K@844b3eaf1ea2,CTXR,2018-01-01,77.5,51491155.0,primary_input_absent [netCashProvidedByOperatingActivities NaN (value=NaN)]
stock_CUR3K@844b3eaf1ea2,CTXR,2018-04-01,57.5,40929362.5,primary_input_absent [netCashProvidedByOperatingActivities NaN (value=NaN)]
stock_CUR3K@844b3eaf1ea2,CTXR,2018-07-01,41.75,29870371.5,primary_input_absent [netCashProvidedByOperatingActivities NaN (value=NaN)]
stock_CUR3K@844b3eaf1ea2,CTXR,2018-10-01,26.0,30790942.0,primary_input_absent [netCashProvidedByOperatingActivities NaN (value=NaN)]
stock_CUR3K@844b3eaf1ea2,CTXR,2019-01-01,33.25,40967125.5,primary_input_absent [netCashProvidedByOperatingActivities NaN (value=NaN)]
stock_CUR3K@844b3eaf1ea2,CTXR,2019-04-01,25.0,36667300.0,primary_input_absent [netCashProvidedByOperatingActivities NaN (value=NaN)]
stock_CUR3K@844b3eaf1ea2,CTXR,2019-07-01,18.94,25457708.560000002,primary_input_absent [netCashProvidedByOperatingActivities NaN (value=NaN)]
stock_CUR3K@844b3eaf1ea2,CTXR,2019-10-01,25.5,49636566.0,primary_input_absent [netCashProvidedByOperatingActivities NaN (value=NaN)]
stock_CUR3K@844b3eaf1ea2,CTXR,2020-01-01,15.0,34318755.0,primary_input_absent [netCashProvidedByOperatingActivities NaN (value=NaN)]
stock_CUR3K@844b3eaf1ea2,CTXR,2020-04-01,28.25,78347476.5,primary_input_absent [netCashProvidedByOperatingActivities NaN (value=NaN)]
stock_CUR3K@844b3eaf1ea2,CTXR,2020-07-01,26.0,67886442.0,primary_input_absent [netCashProvidedByOperatingActivities NaN (value=NaN)]
stock_CUR3K@844b3eaf1ea2,CTXR,2020-10-01,25.5,94480891.5,primary_input_absent [netCashProvidedByOperatingActivities NaN (value=NaN)]
stock_CUR3K@844b3eaf1ea2,CTXR,2021-01-01,44.5,284792346.0,primary_input_absent [netCashProvidedByOperatingActivities NaN (value=NaN)]
stock_CUR3K@844b3eaf1ea2,CTXR,2021-04-01,87.0,795477366.0,primary_input_absent [netCashProvidedByOperatingActivities NaN (value=NaN)]
stock_CUR3K@844b3eaf1ea2,CTXR,2021-07-01,50.75,493897071.5,primary_input_absent [netCashProvidedByOperatingActivities NaN (value=NaN)]
stock_CUR3K@844b3eaf1ea2,CTXR,2021-10-01,38.5,374764582.5,primary_input_absent [netCashProvidedByOperatingActivities NaN (value=NaN)]
stock_CUR3K@844b3eaf1ea2,CTXR,2022-01-01,44.75,435691504.25,primary_input_absent [netCashProvidedByOperatingActivities NaN (value=NaN)]
stock_CUR3K@844b3eaf1ea2,CTXR,2022-04-01,23.0,224065425.0,primary_input_absent [netCashProvidedByOperatingActivities NaN (value=NaN)]
stock_CUR3K@844b3eaf1ea2,CTXR,2022-07-01,30.25,294728321.25,primary_input_absent [netCashProvidedByOperatingActivities NaN (value=NaN)]
stock_CUR3K@844b3eaf1ea2,CTXR,2022-10-01,19.75,192511327.75,primary_input_absent [netCashProvidedByOperatingActivities NaN (value=NaN)]
stock_CUR3K@844b3eaf1ea2,CTXR,2023-01-01,29.25,285191302.5,primary_input_absent [netCashProvidedByOperatingActivities NaN (value=NaN)]
stock_CUR3K@844b3eaf1ea2,CTXR,2023-04-01,30.0,307550760.0,primary_input_absent [netCashProvidedByOperatingActivities NaN (value=NaN)]
stock_CUR3K@844b3eaf1ea2,CTXR,2023-07-01,17.11,181203797.2,primary_input_absent [netCashProvidedByOperatingActivities NaN (value=NaN)]
stock_CUR3K@844b3eaf1ea2,CTXR,2023-10-01,18.91,200390442.42,primary_input_absent [netCashProvidedByOperatingActivities NaN (value=NaN)]
stock_CUR3K@844b3eaf1ea2,CTXR,2024-01-01,25.75,273074012.0,primary_input_absent [netCashProvidedByOperatingActivities NaN (value=NaN)]
stock_CUR3K@844b3eaf1ea2,CTXR,2024-04-01,13.58,157398501.12,primary_input_absent [netCashProvidedByOperatingActivities NaN (value=NaN)]
stock_CUR3K@844b3eaf1ea2,CTXR,2024-07-01,12.52,145112609.28,primary_input_absent [netCashProvidedByOperatingActivities NaN (value=NaN)]
stock_CUR3K@844b3eaf1ea2,CTXR,2024-10-01,4.0,46361856.0,primary_input_absent [netCashProvidedByOperatingActivities NaN (value=NaN)]
stock_CUR3K@844b3eaf1ea2,CTXR,2025-01-01,1.49,17269791.36,primary_input_absent [netCashProvidedByOperatingActivities NaN (value=NaN)]
stock_CUR3K@844b3eaf1ea2,CTXR,2025-04-01,1.59,17500964.64,primary_input_absent [netCashProvidedByOperatingActivities NaN (value=NaN)]
stock_CUR3K@844b3eaf1ea2,CTXR,2025-07-01,1.24,22404002.56,primary_input_absent [netCashProvidedByOperatingActivities NaN (value=NaN)]
stock_CUR3K@844b3eaf1ea2,CTXR,2025-10-01,0.777,16701827.898,primary_input_absent [netCashProvidedByOperatingActivities NaN (value=NaN)]
stock_CUR3K@844b3eaf1ea2,CTXR,2026-01-01,0.9,20138784.3,primary_input_absent [netCashProvidedByOperatingActivities NaN (value=NaN)]
stock_CUR3K@844b3eaf1ea2,CTXR,2026-04-01,0.6045,15819516.550500002,primary_input_absent [netCashProvidedByOperatingActivities NaN (value=NaN)]
stock_CUR3K@844b3eaf1ea2,ECCC,2014-04-01,19.16,47900038.32,primary_input_absent [revenue impossible: < 0 (value=-6.2534e+07)]
stock_CUR3K@844b3eaf1ea2,ECCC,2014-10-01,20.1,220768932.9,primary_input_absent [revenue impossible: < 0 (value=-6.2534e+07)]
stock_CUR3K@844b3eaf1ea2,ECCC,2015-01-01,21.0,290038791.0,primary_input_absent [revenue impossible: < 0 (value=-6.2534e+07)]
stock_CUR3K@844b3eaf1ea2,ECCC,2015-04-01,20.23,279467982.36,primary_input_absent [revenue impossible: < 0 (value=-6.2534e+07)]
stock_CUR3K@844b3eaf1ea2,ECCC,2015-07-01,19.04,263075070.72,primary_input_absent [revenue impossible: < 0 (value=-6.2534e+07)]
stock_CUR3K@844b3eaf1ea2,ECCC,2015-10-01,16.43,227064440.16,primary_input_absent [revenue impossible: < 0 (value=-6.2534e+07)]
stock_CUR3K@844b3eaf1ea2,ECCC,2016-01-01,16.4,226733279.99999997,primary_input_absent [revenue impossible: < 0 (value=-6.2534e+07)]
stock_CUR3K@844b3eaf1ea2,ECCC,2016-04-01,16.1,243472153.40000004,primary_input_absent [revenue impossible: < 0 (value=-6.2534e+07)]
stock_CUR3K@844b3eaf1ea2,ECCC,2016-07-01,17.16,273742343.16,primary_input_absent [revenue impossible: < 0 (value=-6.2534e+07)]
stock_CUR3K@844b3eaf1ea2,ECCC,2016-10-01,16.71,266070990.60000002,primary_input_absent [revenue impossible: < 0 (value=-6.2534e+07)]
stock_CUR3K@844b3eaf1ea2,ECCC,2017-01-01,20.85,343808368.5,primary_input_absent [revenue impossible: < 0 (value=-6.2534e+07)]
stock_CUR3K@844b3eaf1ea2,ECCC,2017-04-01,20.68,369424521.4,primary_input_absent [revenue impossible: < 0 (value=-6.2534e+07)]
stock_CUR3K@844b3eaf1ea2,ECCC,2017-07-01,20.69,355041165.53000003,primary_input_absent [revenue impossible: < 0 (value=-6.2534e+07)]
stock_CUR3K@844b3eaf1ea2,ECCC,2017-10-01,19.04,366309360.47999996,primary_input_absent [revenue impossible: < 0 (value=-6.2534e+07)]
stock_CUR3K@844b3eaf1ea2,ECCC,2018-01-01,18.2,388338587.0,primary_input_absent [revenue impossible: < 0 (value=-6.2534e+07)]
stock_CUR3K@844b3eaf1ea2,ECCC,2018-04-01,18.17,375500529.54,primary_input_absent [revenue impossible: < 0 (value=-6.2534e+07)]
stock_CUR3K@844b3eaf1ea2,ECCC,2018-07-01,17.92,414267302.40000004,primary_input_absent [revenue impossible: < 0 (value=-6.2534e+07)]
stock_CUR3K@844b3eaf1ea2,ECCC,2018-10-01,14.21,329008748.25,primary_input_absent [revenue impossible: < 0 (value=-6.2534e+07)]
stock_CUR3K@844b3eaf1ea2,ECCC,2019-01-01,16.89,399404062.41,primary_input_absent [revenue impossible: < 0 (value=-6.2534e+07)]
stock_CUR3K@844b3eaf1ea2,ECCC,2019-04-01,18.15,443270716.34999996,primary_input_absent [revenue impossible: < 0 (value=-6.2534e+07)]
stock_CUR3K@844b3eaf1ea2,ECCC,2019-07-01,15.77,428377588.90999997,primary_input_absent [revenue impossible: < 0 (value=-6.2534e+07)]
stock_CUR3K@844b3eaf1ea2,ECCC,2019-10-01,14.61,418315506.96,primary_input_absent [revenue impossible: < 0 (value=-6.2534e+07)]
stock_CUR3K@844b3eaf1ea2,ECCC,2020-01-01,6.84,203794147.44,primary_input_absent [revenue impossible: < 0 (value=-6.2534e+07)]
stock_CUR3K@844b3eaf1ea2,ECCC,2020-04-01,7.11,213046293.87,primary_input_absent [revenue impossible: < 0 (value=-6.2534e+07)]
stock_CUR3K@844b3eaf1ea2,ECCC,2020-07-01,8.62,273746391.64,primary_input_absent [revenue impossible: < 0 (value=-6.2534e+07)]
stock_CUR3K@844b3eaf1ea2,ECCC,2020-10-01,10.09,326460920.82,primary_input_absent [revenue impossible: < 0 (value=-6.2534e+07)]
stock_CUR3K@844b3eaf1ea2,ECCC,2021-01-01,11.98,387611570.22,primary_input_absent [revenue impossible: < 0 (value=-6.2534e+07)]
stock_CUR3K@844b3eaf1ea2,ECCC,2021-04-01,13.55,467333524.45000005,primary_input_absent [revenue impossible: < 0 (value=-6.2534e+07)]
stock_CUR3K@844b3eaf1ea2,ECCC,2021-07-01,13.62,480678715.26,primary_input_absent [revenue impossible: < 0 (value=-6.2534e+07)]
stock_CUR3K@844b3eaf1ea2,ECCC,2021-10-01,14.0,513291450.0,primary_input_absent [revenue impossible: < 0 (value=-6.2534e+07)]
stock_CUR3K@844b3eaf1ea2,ECCC,2022-01-01,13.15,526525224.15000004,primary_input_absent [revenue impossible: < 0 (value=-6.2534e+07)]
stock_CUR3K@844b3eaf1ea2,ECCC,2022-04-01,11.78,514575573.85999995,primary_input_absent [revenue impossible: < 0 (value=-6.2534e+07)]
stock_CUR3K@844b3eaf1ea2,ECCC,2022-07-01,11.0,528275473.0,primary_input_absent [revenue impossible: < 0 (value=-6.2534e+07)]
stock_CUR3K@844b3eaf1ea2,ECCC,2022-10-01,10.12,557065327.7199999,primary_input_absent [revenue impossible: < 0 (value=-6.2534e+07)]
stock_CUR3K@844b3eaf1ea2,ECCC,2023-01-01,11.17,622452963.74,primary_input_absent [revenue impossible: < 0 (value=-6.2534e+07)]
stock_CUR3K@844b3eaf1ea2,ECCC,2023-04-01,10.16,638367816.48,primary_input_absent [revenue impossible: < 0 (value=-6.2534e+07)]
stock_CUR3K@844b3eaf1ea2,ECCC,2023-07-01,10.15,730704661.0500001,primary_input_absent [revenue impossible: < 0 (value=-6.2534e+07)]
stock_CUR3K@844b3eaf1ea2,ECCC,2023-10-01,9.5,731007311.0,primary_input_absent [revenue impossible: < 0 (value=-6.2534e+07)]
stock_CUR3K@844b3eaf1ea2,ECCC,2024-01-01,10.15,819401725.1,primary_input_absent [revenue impossible: < 0 (value=-6.2534e+07)]
stock_CUR3K@844b3eaf1ea2,ECCC,2024-04-01,10.04,981716842.4799999,primary_input_absent [revenue impossible: < 0 (value=-6.2534e+07)]
stock_CUR3K@844b3eaf1ea2,ECCC,2024-07-01,9.86,1044496964.3,primary_input_absent [revenue impossible: < 0 (value=-6.2534e+07)]
stock_CUR3K@844b3eaf1ea2,ECCC,2024-10-01,8.88,993094835.5200001,primary_input_absent [revenue impossible: < 0 (value=-6.2534e+07)]
stock_CUR3K@844b3eaf1ea2,ECCC,2025-01-01,8.1,973486188.0,primary_input_absent [revenue impossible: < 0 (value=-6.2534e+07)]
stock_CUR3K@844b3eaf1ea2,ECCC,2025-04-01,7.660000000000001,920605456.8000001,primary_input_absent [revenue impossible: < 0 (value=-6.2534e+07)]
stock_CUR3K@844b3eaf1ea2,ECCC,2025-07-01,6.61,794412802.8000001,primary_input_absent [revenue impossible: < 0 (value=-6.2534e+07)]
stock_CUR3K@844b3eaf1ea2,ECCC,2025-10-01,5.76,759225732.48,primary_input_absent [revenue impossible: < 0 (value=-6.2534e+07)]
stock_CUR3K@844b3eaf1ea2,ECCC,2026-01-01,3.76,498315582.4,primary_input_absent [revenue impossible: < 0 (value=-6.2534e+07)]
stock_CUR3K@844b3eaf1ea2,ECCC,2026-04-01,3.72,494799982.56,primary_input_absent [revenue impossible: < 0 (value=-6.2534e+07)]
stock_CUR3K@844b3eaf1ea2,ECCU,2014-04-01,19.16,47900038.32,primary_input_absent [revenue impossible: < 0 (value=-6.2534e+07)]
stock_CUR3K@844b3eaf1ea2,ECCU,2014-10-01,20.1,220768932.9,primary_input_absent [revenue impossible: < 0 (value=-6.2534e+07)]
stock_CUR3K@844b3eaf1ea2,ECCU,2015-01-01,21.0,290038791.0,primary_input_absent [revenue impossible: < 0 (value=-6.2534e+07)]
stock_CUR3K@844b3eaf1ea2,ECCU,2015-04-01,20.23,279467982.36,primary_input_absent [revenue impossible: < 0 (value=-6.2534e+07)]
stock_CUR3K@844b3eaf1ea2,ECCU,2015-07-01,19.04,263075070.72,primary_input_absent [revenue impossible: < 0 (value=-6.2534e+07)]
stock_CUR3K@844b3eaf1ea2,ECCU,2015-10-01,16.43,227064440.16,primary_input_absent [revenue impossible: < 0 (value=-6.2534e+07)]
stock_CUR3K@844b3eaf1ea2,ECCU,2016-01-01,16.4,226733279.99999997,primary_input_absent [revenue impossible: < 0 (value=-6.2534e+07)]
stock_CUR3K@844b3eaf1ea2,ECCU,2016-04-01,16.1,243472153.40000004,primary_input_absent [revenue impossible: < 0 (value=-6.2534e+07)]
stock_CUR3K@844b3eaf1ea2,ECCU,2016-07-01,17.16,273742343.16,primary_input_absent [revenue impossible: < 0 (value=-6.2534e+07)]
stock_CUR3K@844b3eaf1ea2,ECCU,2016-10-01,16.71,266070990.60000002,primary_input_absent [revenue impossible: < 0 (value=-6.2534e+07)]
stock_CUR3K@844b3eaf1ea2,ECCU,2017-01-01,20.85,343808368.5,primary_input_absent [revenue impossible: < 0 (value=-6.2534e+07)]
stock_CUR3K@844b3eaf1ea2,ECCU,2017-04-01,20.68,369424521.4,primary_input_absent [revenue impossible: < 0 (value=-6.2534e+07)]
stock_CUR3K@844b3eaf1ea2,ECCU,2017-07-01,20.69,355041165.53000003,primary_input_absent [revenue impossible: < 0 (value=-6.2534e+07)]
stock_CUR3K@844b3eaf1ea2,ECCU,2017-10-01,19.04,366309360.47999996,primary_input_absent [revenue impossible: < 0 (value=-6.2534e+07)]
stock_CUR3K@844b3eaf1ea2,ECCU,2018-01-01,18.2,388338587.0,primary_input_absent [revenue impossible: < 0 (value=-6.2534e+07)]
stock_CUR3K@844b3eaf1ea2,ECCU,2018-04-01,18.17,375500529.54,primary_input_absent [revenue impossible: < 0 (value=-6.2534e+07)]
stock_CUR3K@844b3eaf1ea2,ECCU,2018-07-01,17.92,414267302.40000004,primary_input_absent [revenue impossible: < 0 (value=-6.2534e+07)]
stock_CUR3K@844b3eaf1ea2,ECCU,2018-10-01,14.21,329008748.25,primary_input_absent [revenue impossible: < 0 (value=-6.2534e+07)]
stock_CUR3K@844b3eaf1ea2,ECCU,2019-01-01,16.89,399404062.41,primary_input_absent [revenue impossible: < 0 (value=-6.2534e+07)]
stock_CUR3K@844b3eaf1ea2,ECCU,2019-04-01,18.15,443270716.34999996,primary_input_absent [revenue impossible: < 0 (value=-6.2534e+07)]
stock_CUR3K@844b3eaf1ea2,ECCU,2019-07-01,15.77,428377588.90999997,primary_input_absent [revenue impossible: < 0 (value=-6.2534e+07)]
stock_CUR3K@844b3eaf1ea2,ECCU,2019-10-01,14.61,418315506.96,primary_input_absent [revenue impossible: < 0 (value=-6.2534e+07)]
stock_CUR3K@844b3eaf1ea2,ECCU,2020-01-01,6.84,203794147.44,primary_input_absent [revenue impossible: < 0 (value=-6.2534e+07)]
stock_CUR3K@844b3eaf1ea2,ECCU,2020-04-01,7.11,213046293.87,primary_input_absent [revenue impossible: < 0 (value=-6.2534e+07)]
stock_CUR3K@844b3eaf1ea2,ECCU,2020-07-01,8.62,273746391.64,primary_input_absent [revenue impossible: < 0 (value=-6.2534e+07)]
stock_CUR3K@844b3eaf1ea2,ECCU,2020-10-01,10.09,326460920.82,primary_input_absent [revenue impossible: < 0 (value=-6.2534e+07)]
stock_CUR3K@844b3eaf1ea2,ECCU,2021-01-01,11.98,387611570.22,primary_input_absent [revenue impossible: < 0 (value=-6.2534e+07)]
stock_CUR3K@844b3eaf1ea2,ECCU,2021-04-01,13.55,467333524.45000005,primary_input_absent [revenue impossible: < 0 (value=-6.2534e+07)]
stock_CUR3K@844b3eaf1ea2,ECCU,2021-07-01,13.62,480678715.26,primary_input_absent [revenue impossible: < 0 (value=-6.2534e+07)]
stock_CUR3K@844b3eaf1ea2,ECCU,2021-10-01,14.0,513291450.0,primary_input_absent [revenue impossible: < 0 (value=-6.2534e+07)]
stock_CUR3K@844b3eaf1ea2,ECCU,2022-01-01,13.15,526525224.15000004,primary_input_absent [revenue impossible: < 0 (value=-6.2534e+07)]
stock_CUR3K@844b3eaf1ea2,ECCU,2022-04-01,11.78,514575573.85999995,primary_input_absent [revenue impossible: < 0 (value=-6.2534e+07)]
stock_CUR3K@844b3eaf1ea2,ECCU,2022-07-01,11.0,528275473.0,primary_input_absent [revenue impossible: < 0 (value=-6.2534e+07)]
stock_CUR3K@844b3eaf1ea2,ECCU,2022-10-01,10.12,557065327.7199999,primary_input_absent [revenue impossible: < 0 (value=-6.2534e+07)]
stock_CUR3K@844b3eaf1ea2,ECCU,2023-01-01,11.17,622452963.74,primary_input_absent [revenue impossible: < 0 (value=-6.2534e+07)]
stock_CUR3K@844b3eaf1ea2,ECCU,2023-04-01,10.16,638367816.48,primary_input_absent [revenue impossible: < 0 (value=-6.2534e+07)]
stock_CUR3K@844b3eaf1ea2,ECCU,2023-07-01,10.15,730704661.0500001,primary_input_absent [revenue impossible: < 0 (value=-6.2534e+07)]
stock_CUR3K@844b3eaf1ea2,ECCU,2023-10-01,9.5,731007311.0,primary_input_absent [revenue impossible: < 0 (value=-6.2534e+07)]
stock_CUR3K@844b3eaf1ea2,ECCU,2024-01-01,10.15,819401725.1,primary_input_absent [revenue impossible: < 0 (value=-6.2534e+07)]
stock_CUR3K@844b3eaf1ea2,ECCU,2024-04-01,10.04,981716842.4799999,primary_input_absent [revenue impossible: < 0 (value=-6.2534e+07)]
stock_CUR3K@844b3eaf1ea2,ECCU,2024-07-01,9.86,1044496964.3,primary_input_absent [revenue impossible: < 0 (value=-6.2534e+07)]
stock_CUR3K@844b3eaf1ea2,ECCU,2024-10-01,8.88,993094835.5200001,primary_input_absent [revenue impossible: < 0 (value=-6.2534e+07)]
stock_CUR3K@844b3eaf1ea2,ECCU,2025-01-01,8.1,973486188.0,primary_input_absent [revenue impossible: < 0 (value=-6.2534e+07)]
stock_CUR3K@844b3eaf1ea2,ECCU,2025-04-01,7.660000000000001,920605456.8000001,primary_input_absent [revenue impossible: < 0 (value=-6.2534e+07)]
stock_CUR3K@844b3eaf1ea2,ECCU,2025-07-01,6.61,794412802.8000001,primary_input_absent [revenue impossible: < 0 (value=-6.2534e+07)]
stock_CUR3K@844b3eaf1ea2,ECCU,2025-10-01,5.76,759225732.48,primary_input_absent [revenue impossible: < 0 (value=-6.2534e+07)]
stock_CUR3K@844b3eaf1ea2,ECCU,2026-01-01,3.76,498315582.4,primary_input_absent [revenue impossible: < 0 (value=-6.2534e+07)]
stock_CUR3K@844b3eaf1ea2,ECCU,2026-04-01,3.72,494799982.56,primary_input_absent [revenue impossible: < 0 (value=-6.2534e+07)]
stock_CUR3K@844b3eaf1ea2,ECCV,2014-04-01,19.16,47900038.32,primary_input_absent [revenue impossible: < 0 (value=-6.2534e+07)]
stock_CUR3K@844b3eaf1ea2,ECCV,2014-10-01,20.1,220768932.9,primary_input_absent [revenue impossible: < 0 (value=-6.2534e+07)]
stock_CUR3K@844b3eaf1ea2,ECCV,2015-01-01,21.0,290038791.0,primary_input_absent [revenue impossible: < 0 (value=-6.2534e+07)]
stock_CUR3K@844b3eaf1ea2,ECCV,2015-04-01,20.23,279467982.36,primary_input_absent [revenue impossible: < 0 (value=-6.2534e+07)]
stock_CUR3K@844b3eaf1ea2,ECCV,2015-07-01,19.04,263075070.72,primary_input_absent [revenue impossible: < 0 (value=-6.2534e+07)]
stock_CUR3K@844b3eaf1ea2,ECCV,2015-10-01,16.43,227064440.16,primary_input_absent [revenue impossible: < 0 (value=-6.2534e+07)]
stock_CUR3K@844b3eaf1ea2,ECCV,2016-01-01,16.4,226733279.99999997,primary_input_absent [revenue impossible: < 0 (value=-6.2534e+07)]
stock_CUR3K@844b3eaf1ea2,ECCV,2016-04-01,16.1,243472153.40000004,primary_input_absent [revenue impossible: < 0 (value=-6.2534e+07)]
stock_CUR3K@844b3eaf1ea2,ECCV,2016-07-01,17.16,273742343.16,primary_input_absent [revenue impossible: < 0 (value=-6.2534e+07)]
stock_CUR3K@844b3eaf1ea2,ECCV,2016-10-01,16.71,266070990.60000002,primary_input_absent [revenue impossible: < 0 (value=-6.2534e+07)]
stock_CUR3K@844b3eaf1ea2,ECCV,2017-01-01,20.85,343808368.5,primary_input_absent [revenue impossible: < 0 (value=-6.2534e+07)]
stock_CUR3K@844b3eaf1ea2,ECCV,2017-04-01,20.68,369424521.4,primary_input_absent [revenue impossible: < 0 (value=-6.2534e+07)]
stock_CUR3K@844b3eaf1ea2,ECCV,2017-07-01,20.69,355041165.53000003,primary_input_absent [revenue impossible: < 0 (value=-6.2534e+07)]
stock_CUR3K@844b3eaf1ea2,ECCV,2017-10-01,19.04,366309360.47999996,primary_input_absent [revenue impossible: < 0 (value=-6.2534e+07)]
stock_CUR3K@844b3eaf1ea2,ECCV,2018-01-01,18.2,388338587.0,primary_input_absent [revenue impossible: < 0 (value=-6.2534e+07)]
stock_CUR3K@844b3eaf1ea2,ECCV,2018-04-01,18.17,375500529.54,primary_input_absent [revenue impossible: < 0 (value=-6.2534e+07)]
stock_CUR3K@844b3eaf1ea2,ECCV,2018-07-01,17.92,414267302.40000004,primary_input_absent [revenue impossible: < 0 (value=-6.2534e+07)]
stock_CUR3K@844b3eaf1ea2,ECCV,2018-10-01,14.21,329008748.25,primary_input_absent [revenue impossible: < 0 (value=-6.2534e+07)]
stock_CUR3K@844b3eaf1ea2,ECCV,2019-01-01,16.89,399404062.41,primary_input_absent [revenue impossible: < 0 (value=-6.2534e+07)]
stock_CUR3K@844b3eaf1ea2,ECCV,2019-04-01,18.15,443270716.34999996,primary_input_absent [revenue impossible: < 0 (value=-6.2534e+07)]
stock_CUR3K@844b3eaf1ea2,ECCV,2019-07-01,15.77,428377588.90999997,primary_input_absent [revenue impossible: < 0 (value=-6.2534e+07)]
stock_CUR3K@844b3eaf1ea2,ECCV,2019-10-01,14.61,418315506.96,primary_input_absent [revenue impossible: < 0 (value=-6.2534e+07)]
stock_CUR3K@844b3eaf1ea2,ECCV,2020-01-01,6.84,203794147.44,primary_input_absent [revenue impossible: < 0 (value=-6.2534e+07)]
stock_CUR3K@844b3eaf1ea2,ECCV,2020-04-01,7.11,213046293.87,primary_input_absent [revenue impossible: < 0 (value=-6.2534e+07)]
stock_CUR3K@844b3eaf1ea2,ECCV,2020-07-01,8.62,273746391.64,primary_input_absent [revenue impossible: < 0 (value=-6.2534e+07)]
stock_CUR3K@844b3eaf1ea2,ECCV,2020-10-01,10.09,326460920.82,primary_input_absent [revenue impossible: < 0 (value=-6.2534e+07)]
stock_CUR3K@844b3eaf1ea2,ECCV,2021-01-01,11.98,387611570.22,primary_input_absent [revenue impossible: < 0 (value=-6.2534e+07)]
stock_CUR3K@844b3eaf1ea2,ECCV,2021-04-01,13.55,467333524.45000005,primary_input_absent [revenue impossible: < 0 (value=-6.2534e+07)]
stock_CUR3K@844b3eaf1ea2,ECCV,2021-07-01,13.62,480678715.26,primary_input_absent [revenue impossible: < 0 (value=-6.2534e+07)]
stock_CUR3K@844b3eaf1ea2,ECCV,2021-10-01,14.0,513291450.0,primary_input_absent [revenue impossible: < 0 (value=-6.2534e+07)]
stock_CUR3K@844b3eaf1ea2,ECCV,2022-01-01,13.15,526525224.15000004,primary_input_absent [revenue impossible: < 0 (value=-6.2534e+07)]
stock_CUR3K@844b3eaf1ea2,ECCV,2022-04-01,11.78,514575573.85999995,primary_input_absent [revenue impossible: < 0 (value=-6.2534e+07)]
stock_CUR3K@844b3eaf1ea2,ECCV,2022-07-01,11.0,528275473.0,primary_input_absent [revenue impossible: < 0 (value=-6.2534e+07)]
stock_CUR3K@844b3eaf1ea2,ECCV,2022-10-01,10.12,557065327.7199999,primary_input_absent [revenue impossible: < 0 (value=-6.2534e+07)]
stock_CUR3K@844b3eaf1ea2,ECCV,2023-01-01,11.17,622452963.74,primary_input_absent [revenue impossible: < 0 (value=-6.2534e+07)]
stock_CUR3K@844b3eaf1ea2,ECCV,2023-04-01,10.16,638367816.48,primary_input_absent [revenue impossible: < 0 (value=-6.2534e+07)]
stock_CUR3K@844b3eaf1ea2,ECCV,2023-07-01,10.15,730704661.0500001,primary_input_absent [revenue impossible: < 0 (value=-6.2534e+07)]
stock_CUR3K@844b3eaf1ea2,ECCV,2023-10-01,9.5,731007311.0,primary_input_absent [revenue impossible: < 0 (value=-6.2534e+07)]
stock_CUR3K@844b3eaf1ea2,ECCV,2024-01-01,10.15,819401725.1,primary_input_absent [revenue impossible: < 0 (value=-6.2534e+07)]
stock_CUR3K@844b3eaf1ea2,ECCV,2024-04-01,10.04,981716842.4799999,primary_input_absent [revenue impossible: < 0 (value=-6.2534e+07)]
stock_CUR3K@844b3eaf1ea2,ECCV,2024-07-01,9.86,1044496964.3,primary_input_absent [revenue impossible: < 0 (value=-6.2534e+07)]
stock_CUR3K@844b3eaf1ea2,ECCV,2024-10-01,8.88,993094835.5200001,primary_input_absent [revenue impossible: < 0 (value=-6.2534e+07)]
stock_CUR3K@844b3eaf1ea2,ECCV,2025-01-01,8.1,973486188.0,primary_input_absent [revenue impossible: < 0 (value=-6.2534e+07)]
stock_CUR3K@844b3eaf1ea2,ECCV,2025-04-01,7.660000000000001,920605456.8000001,primary_input_absent [revenue impossible: < 0 (value=-6.2534e+07)]
stock_CUR3K@844b3eaf1ea2,ECCV,2025-07-01,6.61,794412802.8000001,primary_input_absent [revenue impossible: < 0 (value=-6.2534e+07)]
stock_CUR3K@844b3eaf1ea2,ECCV,2025-10-01,5.76,759225732.48,primary_input_absent [revenue impossible: < 0 (value=-6.2534e+07)]
stock_CUR3K@844b3eaf1ea2,ECCV,2026-01-01,3.76,498315582.4,primary_input_absent [revenue impossible: < 0 (value=-6.2534e+07)]
stock_CUR3K@844b3eaf1ea2,ECCV,2026-04-01,3.72,494799982.56,primary_input_absent [revenue impossible: < 0 (value=-6.2534e+07)]
stock_CUR3K@844b3eaf1ea2,ECO.L,2007-07-01,0.36216895,669520.7320659,primary_input_absent [revenue impossible: < 0 (value=-2.01812e+06)]
stock_CUR3K@844b3eaf1ea2,ECO.L,2007-10-01,0.35063063749999995,1200671.8552346374,primary_input_absent [revenue impossible: < 0 (value=-2.01812e+06)]
stock_CUR3K@844b3eaf1ea2,ECO.L,2008-01-01,0.3634577375,1817288.6875,primary_input_absent [revenue impossible: < 0 (value=-2.01812e+06)]
stock_CUR3K@844b3eaf1ea2,ECO.L,2008-04-01,0.3637258625,1818629.3125,primary_input_absent [revenue impossible: < 0 (value=-2.01812e+06)]
stock_CUR3K@844b3eaf1ea2,ECO.L,2008-07-01,0.33869192499999995,1693459.6249999998,primary_input_absent [revenue impossible: < 0 (value=-2.01812e+06)]
stock_CUR3K@844b3eaf1ea2,ECO.L,2008-10-01,0.3167682375,1583841.1875,primary_input_absent [revenue impossible: < 0 (value=-2.01812e+06)]
stock_CUR3K@844b3eaf1ea2,ECO.L,2009-01-01,0.3225668875,1612834.4375,primary_input_absent [revenue impossible: < 0 (value=-2.01812e+06)]
stock_CUR3K@844b3eaf1ea2,ECO.L,2009-04-01,0.341845075,1709225.375,primary_input_absent [revenue impossible: < 0 (value=-2.01812e+06)]
stock_CUR3K@844b3eaf1ea2,ECO.L,2009-07-01,0.3054337,1527168.4999999998,primary_input_absent [revenue impossible: < 0 (value=-2.01812e+06)]
stock_CUR3K@844b3eaf1ea2,ECO.L,2009-10-01,0.302302,1511510.0,primary_input_absent [revenue impossible: < 0 (value=-2.01812e+06)]
stock_CUR3K@844b3eaf1ea2,ECO.L,2010-01-01,0.27543945000000003,1377197.2500000002,primary_input_absent [revenue impossible: < 0 (value=-2.01812e+06)]
stock_CUR3K@844b3eaf1ea2,ECO.L,2010-04-01,0.28414815,852568.9068897,primary_input_absent [revenue impossible: < 0 (value=-2.01812e+06)]
stock_CUR3K@844b3eaf1ea2,ECO.L,2010-07-01,0.2890798625,1456962.507,primary_input_absent [revenue impossible: < 0 (value=-2.01812e+06)]
stock_CUR3K@844b3eaf1ea2,ECO.L,2010-10-01,0.27730202499999995,1394882.4277387997,primary_input_absent [revenue impossible: < 0 (value=-2.01812e+06)]
stock_CUR3K@844b3eaf1ea2,ECO.L,2011-01-01,0.278031325,1401277.878,primary_input_absent [revenue impossible: < 0 (value=-2.01812e+06)]
stock_CUR3K@844b3eaf1ea2,ECO.L,2011-04-01,0.2763921875,1393016.625,primary_input_absent [revenue impossible: < 0 (value=-2.01812e+06)]
stock_CUR3K@844b3eaf1ea2,ECO.L,2011-07-01,0.2921633,1472503.0320000001,primary_input_absent [revenue impossible: < 0 (value=-2.01812e+06)]
stock_CUR3K@844b3eaf1ea2,ECO.L,2011-10-01,0.28333841249999997,14280247.773186035,primary_input_absent [revenue impossible: < 0 (value=-2.01812e+06)]
stock_CUR3K@844b3eaf1ea2,ECO.L,2012-01-01,0.2854726875,14387815.171292063,primary_input_absent [revenue impossible: < 0 (value=-2.01812e+06)]
stock_CUR3K@844b3eaf1ea2,ECO.L,2012-04-01,0.28516345,17342028.1445268,primary_input_absent [revenue impossible: < 0 (value=-2.01812e+06)]
stock_CUR3K@844b3eaf1ea2,ECO.L,2012-07-01,0.2832490375,17238865.27438254,primary_input_absent [revenue impossible: < 0 (value=-2.01812e+06)]
stock_CUR3K@844b3eaf1ea2,ECO.L,2012-10-01,0.2892425249999999,18684757.625498246,primary_input_absent [revenue impossible: < 0 (value=-2.01812e+06)]
stock_CUR3K@844b3eaf1ea2,ECO.L,2013-01-01,0.27676935,17651867.84110035,primary_input_absent [revenue impossible: < 0 (value=-2.01812e+06)]
stock_CUR3K@844b3eaf1ea2,ECO.L,2013-04-01,0.2854834125,19686839.34712316,primary_input_absent [revenue impossible: < 0 (value=-2.01812e+06)]
stock_CUR3K@844b3eaf1ea2,ECO.L,2013-07-01,0.29813176249999995,20559065.27533251,primary_input_absent [revenue impossible: < 0 (value=-2.01812e+06)]
stock_CUR3K@844b3eaf1ea2,ECO.L,2013-10-01,0.3150576,21726265.2914736,primary_input_absent [revenue impossible: < 0 (value=-2.01812e+06)]
stock_CUR3K@844b3eaf1ea2,ECO.L,2014-01-01,0.3289875875,22686872.507207837,primary_input_absent [revenue impossible: < 0 (value=-2.01812e+06)]
stock_CUR3K@844b3eaf1ea2,ECO.L,2014-04-01,0.326165125,22492236.450022627,primary_input_absent [revenue impossible: < 0 (value=-2.01812e+06)]
stock_CUR3K@844b3eaf1ea2,ECO.L,2014-07-01,0.3244527,22836845.980119597,primary_input_absent [revenue impossible: < 0 (value=-2.01812e+06)]
stock_CUR3K@844b3eaf1ea2,ECO.L,2014-10-01,0.3233355125,23622782.932511263,primary_input_absent [revenue impossible: < 0 (value=-2.01812e+06)]
stock_CUR3K@844b3eaf1ea2,ECO.L,2015-01-01,0.3358909125,24907873.72639995,primary_input_absent [revenue impossible: < 0 (value=-2.01812e+06)]
stock_CUR3K@844b3eaf1ea2,ECO.L,2015-04-01,0.35068604999999997,31842486.918699596,primary_input_absent [revenue impossible: < 0 (value=-2.01812e+06)]
stock_CUR3K@844b3eaf1ea2,ECO.L,2015-07-01,0.35989525,32155041.9327995,primary_input_absent [revenue impossible: < 0 (value=-2.01812e+06)]
stock_CUR3K@844b3eaf1ea2,ECO.L,2015-10-01,0.3641870375,31859913.843693648,primary_input_absent [revenue impossible: < 0 (value=-2.01812e+06)]
stock_CUR3K@844b3eaf1ea2,ECO.L,2016-01-01,0.3337280375,29568865.11933104,primary_input_absent [revenue impossible: < 0 (value=-2.01812e+06)]
stock_CUR3K@844b3eaf1ea2,ECO.L,2016-04-01,0.307382075,26141008.870851874,primary_input_absent [revenue impossible: < 0 (value=-2.01812e+06)]
stock_CUR3K@844b3eaf1ea2,ECO.L,2016-07-01,0.30401978749999997,26110350.00008971,primary_input_absent [revenue impossible: < 0 (value=-2.01812e+06)]
stock_CUR3K@844b3eaf1ea2,ECO.L,2016-10-01,0.2963621375,25478093.221682888,primary_input_absent [revenue impossible: < 0 (value=-2.01812e+06)]
stock_CUR3K@844b3eaf1ea2,ECO.L,2017-01-01,0.300753,26438026.30083,primary_input_absent [revenue impossible: < 0 (value=-2.01812e+06)]
stock_CUR3K@844b3eaf1ea2,ECO.L,2017-04-01,0.29127142500000003,34562153.40337283,primary_input_absent [revenue impossible: < 0 (value=-2.01812e+06)]
stock_CUR3K@844b3eaf1ea2,ECO.L,2017-07-01,0.3068716875,26381593.570535436,primary_input_absent [revenue impossible: < 0 (value=-2.01812e+06)]
stock_CUR3K@844b3eaf1ea2,ECO.L,2017-10-01,0.4335255,58924056.3365835,primary_input_absent [revenue impossible: < 0 (value=-2.01812e+06)]
stock_CUR3K@844b3eaf1ea2,ECO.L,2018-01-01,0.5480330519130999,101220456.81709035,primary_input_absent [revenue impossible: < 0 (value=-2.01812e+06)]
stock_CUR3K@844b3eaf1ea2,ECO.L,2018-04-01,0.5514437826590001,86949908.67576766,primary_input_absent [revenue impossible: < 0 (value=-2.01812e+06)]
stock_CUR3K@844b3eaf1ea2,ECO.L,2018-07-01,0.7569312732907,120499838.30559929,primary_input_absent [revenue impossible: < 0 (value=-2.01812e+06)]
stock_CUR3K@844b3eaf1ea2,ECO.L,2018-10-01,0.6710069252327999,107216987.1568257,primary_input_absent [revenue impossible: < 0 (value=-2.01812e+06)]
stock_CUR3K@844b3eaf1ea2,ECO.L,2019-01-01,1.4034692000000002,259217565.54063162,primary_input_absent [revenue impossible: < 0 (value=-2.01812e+06)]
stock_CUR3K@844b3eaf1ea2,ECO.L,2019-04-01,1.2201,219843572.088,primary_input_absent [revenue impossible: < 0 (value=-2.01812e+06)]
stock_CUR3K@844b3eaf1ea2,ECO.L,2019-07-01,2.4973836,454619225.2430544,primary_input_absent [revenue impossible: < 0 (value=-2.01812e+06)]
stock_CUR3K@844b3eaf1ea2,ECO.L,2019-10-01,0.91978805,169647391.1541315,primary_input_absent [revenue impossible: < 0 (value=-2.01812e+06)]
stock_CUR3K@844b3eaf1ea2,ECO.L,2020-01-01,0.2705029,49961269.6948967,primary_input_absent [revenue impossible: < 0 (value=-2.01812e+06)]
stock_CUR3K@844b3eaf1ea2,ECO.L,2020-04-01,0.4039776,74613742.8630048,primary_input_absent [revenue impossible: < 0 (value=-2.01812e+06)]
stock_CUR3K@844b3eaf1ea2,ECO.L,2020-07-01,0.3954988000000001,73047727.80923241,primary_input_absent [revenue impossible: < 0 (value=-2.01812e+06)]
stock_CUR3K@844b3eaf1ea2,ECO.L,2020-10-01,0.4050010499999999,74802771.74760914,primary_input_absent [revenue impossible: < 0 (value=-2.01812e+06)]
stock_CUR3K@844b3eaf1ea2,ECO.L,2021-01-01,0.3850318,71114496.7425914,primary_input_absent [revenue impossible: < 0 (value=-2.01812e+06)]
stock_CUR3K@844b3eaf1ea2,ECO.L,2021-04-01,0.49684539999999994,91766214.0630242,primary_input_absent [revenue impossible: < 0 (value=-2.01812e+06)]
stock_CUR3K@844b3eaf1ea2,ECO.L,2021-07-01,0.44391620000000004,88074698.69443701,primary_input_absent [revenue impossible: < 0 (value=-2.01812e+06)]
stock_CUR3K@844b3eaf1ea2,ECO.L,2021-10-01,0.3121991,62406613.2549276,primary_input_absent [revenue impossible: < 0 (value=-2.01812e+06)]
stock_CUR3K@844b3eaf1ea2,ECO.L,2022-01-01,0.599841,119904398.51187599,primary_input_absent [revenue impossible: < 0 (value=-2.01812e+06)]
stock_CUR3K@844b3eaf1ea2,ECO.L,2022-04-01,0.403577175,118512388.73439112,primary_input_absent [revenue impossible: < 0 (value=-2.01812e+06)]
stock_CUR3K@844b3eaf1ea2,ECO.L,2022-07-01,0.4936544,169800340.2107968,primary_input_absent [revenue impossible: < 0 (value=-2.01812e+06)]
stock_CUR3K@844b3eaf1ea2,ECO.L,2022-10-01,0.3027747,110620447.322055,primary_input_absent [revenue impossible: < 0 (value=-2.01812e+06)]
stock_CUR3K@844b3eaf1ea2,ECO.L,2023-01-01,0.3373731,123483026.4804405,primary_input_absent [revenue impossible: < 0 (value=-2.01812e+06)]
stock_CUR3K@844b3eaf1ea2,ECO.L,2023-04-01,0.24382475000000006,89568700.06383002,primary_input_absent [revenue impossible: < 0 (value=-2.01812e+06)]
stock_CUR3K@844b3eaf1ea2,ECO.L,2023-07-01,0.17385795,64226818.429710306,primary_input_absent [revenue impossible: < 0 (value=-2.01812e+06)]
stock_CUR3K@844b3eaf1ea2,ECO.L,2023-10-01,0.186299685,68963239.9792908,primary_input_absent [revenue impossible: < 0 (value=-2.01812e+06)]
stock_CUR3K@844b3eaf1ea2,ECO.L,2024-01-01,0.14465214999999998,53546418.68541199,primary_input_absent [revenue impossible: < 0 (value=-2.01812e+06)]
stock_CUR3K@844b3eaf1ea2,ECO.L,2024-04-01,0.223710144,82811607.25780992,primary_input_absent [revenue impossible: < 0 (value=-2.01812e+06)]
stock_CUR3K@844b3eaf1ea2,ECO.L,2024-07-01,0.20846816499999998,77169427.8008972,primary_input_absent [revenue impossible: < 0 (value=-2.01812e+06)]
stock_CUR3K@844b3eaf1ea2,ECO.L,2024-10-01,0.193400025,71591598.966342,primary_input_absent [revenue impossible: < 0 (value=-2.01812e+06)]
stock_CUR3K@844b3eaf1ea2,ECO.L,2025-01-01,0.16069278,59484237.7220304,primary_input_absent [revenue impossible: < 0 (value=-2.01812e+06)]
stock_CUR3K@844b3eaf1ea2,ECO.L,2025-04-01,0.18394776499999999,57986210.08382303,primary_input_absent [revenue impossible: < 0 (value=-2.01812e+06)]
stock_CUR3K@844b3eaf1ea2,ECO.L,2025-07-01,0.14593878,46004564.15687808,primary_input_absent [revenue impossible: < 0 (value=-2.01812e+06)]
stock_CUR3K@844b3eaf1ea2,ECO.L,2025-10-01,0.5390174,169915498.53968638,primary_input_absent [revenue impossible: < 0 (value=-2.01812e+06)]
stock_CUR3K@844b3eaf1ea2,ECO.L,2026-01-01,1.029896,331715550.628784,primary_input_absent [revenue impossible: < 0 (value=-2.01812e+06)]
stock_CUR3K@844b3eaf1ea2,EEM.PA,2004-10-01,,0.0,primary_input_absent [revenue impossible: < 0 (value=-256000)]
stock_CUR3K@844b3eaf1ea2,EEM.PA,2005-10-01,,0.0,primary_input_absent [revenue impossible: < 0 (value=-256000)]
stock_CUR3K@844b3eaf1ea2,EEM.PA,2006-10-01,,0.0,primary_input_absent [revenue impossible: < 0 (value=-256000)]
stock_CUR3K@844b3eaf1ea2,EEM.PA,2007-10-01,,0.0,primary_input_absent [revenue impossible: < 0 (value=-256000)]
stock_CUR3K@844b3eaf1ea2,EEM.PA,2008-10-01,,28589796.72,primary_input_absent [revenue impossible: < 0 (value=-256000)]
stock_CUR3K@844b3eaf1ea2,EEM.PA,2009-10-01,7.19,25286870.5,primary_input_absent [revenue impossible: < 0 (value=-256000)]
stock_CUR3K@844b3eaf1ea2,EEM.PA,2010-04-01,10.33,36330093.5,primary_input_absent [revenue impossible: < 0 (value=-256000)]
stock_CUR3K@844b3eaf1ea2,EEM.PA,2010-10-01,11.9,41227561.9,primary_input_absent [revenue impossible: < 0 (value=-256000)]
stock_CUR3K@844b3eaf1ea2,EEM.PA,2011-04-01,16.79,60046160.949999996,primary_input_absent [revenue impossible: < 0 (value=-256000)]
stock_CUR3K@844b3eaf1ea2,EEM.PA,2011-10-01,15.170000000000002,53101219.7,primary_input_absent [revenue impossible: < 0 (value=-256000)]
stock_CUR3K@844b3eaf1ea2,EEM.PA,2012-04-01,11.99,42695059.11,primary_input_absent [revenue impossible: < 0 (value=-256000)]
stock_CUR3K@844b3eaf1ea2,EEM.PA,2012-10-01,5.529999999999999,19401673.2,primary_input_absent [revenue impossible: < 0 (value=-256000)]
stock_CUR3K@844b3eaf1ea2,EEM.PA,2013-04-01,3.52,11378505.6,primary_input_absent [revenue impossible: < 0 (value=-256000)]
stock_CUR3K@844b3eaf1ea2,EEM.PA,2013-10-01,3.87,11983814.91,primary_input_absent [revenue impossible: < 0 (value=-256000)]
stock_CUR3K@844b3eaf1ea2,EEM.PA,2014-04-01,3.75,12281250.0,primary_input_absent [revenue impossible: < 0 (value=-256000)]
stock_CUR3K@844b3eaf1ea2,EEM.PA,2014-10-01,2.63,8130868.55,primary_input_absent [revenue impossible: < 0 (value=-256000)]
stock_CUR3K@844b3eaf1ea2,EEM.PA,2015-04-01,3.22,10559378.200000001,primary_input_absent [revenue impossible: < 0 (value=-256000)]
stock_CUR3K@844b3eaf1ea2,EEM.PA,2015-10-01,3.55,10808422.299999999,primary_input_absent [revenue impossible: < 0 (value=-256000)]
stock_CUR3K@844b3eaf1ea2,EEM.PA,2016-04-01,3.04,9764480.0,primary_input_absent [revenue impossible: < 0 (value=-256000)]
stock_CUR3K@844b3eaf1ea2,EEM.PA,2016-10-01,3.32,11549201.0,primary_input_absent [revenue impossible: < 0 (value=-256000)]
stock_CUR3K@844b3eaf1ea2,EEM.PA,2017-04-01,5.75,18763152.75,primary_input_absent [revenue impossible: < 0 (value=-256000)]
stock_CUR3K@844b3eaf1ea2,EEM.PA,2017-10-01,6.25,29574062.5,primary_input_absent [revenue impossible: < 0 (value=-256000)]
stock_CUR3K@844b3eaf1ea2,EEM.PA,2018-04-01,4.74,22491300.0,primary_input_absent [revenue impossible: < 0 (value=-256000)]
stock_CUR3K@844b3eaf1ea2,EEM.PA,2018-10-01,3.18,22639844.64,primary_input_absent [revenue impossible: < 0 (value=-256000)]
stock_CUR3K@844b3eaf1ea2,EEM.PA,2019-04-01,2.82,16057077.18,primary_input_absent [revenue impossible: < 0 (value=-256000)]
stock_CUR3K@844b3eaf1ea2,EEM.PA,2019-10-01,3.4199999999999995,19473476.58,primary_input_absent [revenue impossible: < 0 (value=-256000)]
stock_CUR3K@844b3eaf1ea2,EEM.PA,2020-04-01,3.28,18676316.72,primary_input_absent [revenue impossible: < 0 (value=-256000)]
stock_CUR3K@844b3eaf1ea2,EEM.PA,2020-10-01,3.28,18676316.72,primary_input_absent [revenue impossible: < 0 (value=-256000)]
stock_CUR3K@844b3eaf1ea2,EEM.PA,2021-04-01,3.28,18676316.72,primary_input_absent [revenue impossible: < 0 (value=-256000)]
stock_CUR3K@844b3eaf1ea2,EEM.PA,2021-10-01,3.28,18676316.72,primary_input_absent [revenue impossible: < 0 (value=-256000)]
stock_CUR3K@844b3eaf1ea2,EEM.PA,2022-04-01,3.28,18676316.72,primary_input_absent [revenue impossible: < 0 (value=-256000)]
stock_CUR3K@844b3eaf1ea2,EEM.PA,2022-10-01,3.96,22532400.0,primary_input_absent [revenue impossible: < 0 (value=-256000)]
stock_CUR3K@844b3eaf1ea2,EEM.PA,2023-04-01,3.3,18790196.7,primary_input_absent [revenue impossible: < 0 (value=-256000)]
stock_CUR3K@844b3eaf1ea2,EEM.PA,2023-10-01,3.46,19633880.72,primary_input_absent [revenue impossible: < 0 (value=-256000)]
stock_CUR3K@844b3eaf1ea2,EEM.PA,2024-04-01,3.6399999999999997,20806782.36,primary_input_absent [revenue impossible: < 0 (value=-256000)]
stock_CUR3K@844b3eaf1ea2,EEM.PA,2024-10-01,3.98,22826864.14,primary_input_absent [revenue impossible: < 0 (value=-256000)]
stock_CUR3K@844b3eaf1ea2,EEM.PA,2025-04-01,3.52,20198812.48,primary_input_absent [revenue impossible: < 0 (value=-256000)]
stock_CUR3K@844b3eaf1ea2,EEM.PA,2025-10-01,2.86,16354335.139999999,primary_input_absent [revenue impossible: < 0 (value=-256000)]
stock_CUR3K@844b3eaf1ea2,EXO.AS,2004-04-01,66.12,10869070080.0,primary_input_absent [revenue impossible: < 0 (value=-3.034e+09)]
stock_CUR3K@844b3eaf1ea2,EXO.AS,2005-04-01,66.12,5716074000.0,primary_input_absent [revenue impossible: < 0 (value=-3.034e+09)]
stock_CUR3K@844b3eaf1ea2,EXO.AS,2006-04-01,66.12,5716074000.0,primary_input_absent [revenue impossible: < 0 (value=-3.034e+09)]
stock_CUR3K@844b3eaf1ea2,EXO.AS,2007-04-01,66.12,5716074000.0,primary_input_absent [revenue impossible: < 0 (value=-3.034e+09)]
stock_CUR3K@844b3eaf1ea2,EXO.AS,2008-04-01,66.12,5716074000.0,primary_input_absent [revenue impossible: < 0 (value=-3.034e+09)]
stock_CUR3K@844b3eaf1ea2,EXO.AS,2009-04-01,66.12,5716074000.0,primary_input_absent [revenue impossible: < 0 (value=-3.034e+09)]
stock_CUR3K@844b3eaf1ea2,EXO.AS,2009-10-01,66.12,15275505240.000002,primary_input_absent [revenue impossible: < 0 (value=-3.034e+09)]
stock_CUR3K@844b3eaf1ea2,EXO.AS,2010-04-01,66.12,10596325080.0,primary_input_absent [revenue impossible: < 0 (value=-3.034e+09)]
stock_CUR3K@844b3eaf1ea2,EXO.AS,2010-10-01,66.12,10596325080.0,primary_input_absent [revenue impossible: < 0 (value=-3.034e+09)]
stock_CUR3K@844b3eaf1ea2,EXO.AS,2011-04-01,66.12,10902989640.0,primary_input_absent [revenue impossible: < 0 (value=-3.034e+09)]
stock_CUR3K@844b3eaf1ea2,EXO.AS,2011-10-01,66.12,10763211960.0,primary_input_absent [revenue impossible: < 0 (value=-3.034e+09)]
stock_CUR3K@844b3eaf1ea2,EXO.AS,2012-04-01,66.12,15018761280.000002,primary_input_absent [revenue impossible: < 0 (value=-3.034e+09)]
stock_CUR3K@844b3eaf1ea2,EXO.AS,2012-10-01,66.12,15018761280.000002,primary_input_absent [revenue impossible: < 0 (value=-3.034e+09)]
stock_CUR3K@844b3eaf1ea2,EXO.AS,2013-04-01,66.12,14701517520.000002,primary_input_absent [revenue impossible: < 0 (value=-3.034e+09)]
stock_CUR3K@844b3eaf1ea2,EXO.AS,2013-10-01,66.12,14728725900.000002,primary_input_absent [revenue impossible: < 0 (value=-3.034e+09)]
stock_CUR3K@844b3eaf1ea2,EXO.AS,2014-04-01,66.12,14701517520.000002,primary_input_absent [revenue impossible: < 0 (value=-3.034e+09)]
stock_CUR3K@844b3eaf1ea2,EXO.AS,2014-10-01,66.12,14701517520.000002,primary_input_absent [revenue impossible: < 0 (value=-3.034e+09)]
stock_CUR3K@844b3eaf1ea2,EXO.AS,2015-04-01,66.12,14701517520.000002,primary_input_absent [revenue impossible: < 0 (value=-3.034e+09)]
stock_CUR3K@844b3eaf1ea2,EXO.AS,2015-10-01,66.12,14899877520.000002,primary_input_absent [revenue impossible: < 0 (value=-3.034e+09)]
stock_CUR3K@844b3eaf1ea2,EXO.AS,2016-04-01,66.12,15779471880.000002,primary_input_absent [revenue impossible: < 0 (value=-3.034e+09)]
stock_CUR3K@844b3eaf1ea2,EXO.AS,2016-10-01,66.12,15637942020.000002,primary_input_absent [revenue impossible: < 0 (value=-3.034e+09)]
stock_CUR3K@844b3eaf1ea2,EXO.AS,2017-04-01,66.12,15605774640.000002,primary_input_absent [revenue impossible: < 0 (value=-3.034e+09)]
stock_CUR3K@844b3eaf1ea2,EXO.AS,2017-10-01,66.12,15806382720.000002,primary_input_absent [revenue impossible: < 0 (value=-3.034e+09)]
stock_CUR3K@844b3eaf1ea2,EXO.AS,2018-04-01,66.12,15855972720.000002,primary_input_absent [revenue impossible: < 0 (value=-3.034e+09)]
stock_CUR3K@844b3eaf1ea2,EXO.AS,2018-10-01,66.12,15559755120.000002,primary_input_absent [revenue impossible: < 0 (value=-3.034e+09)]
stock_CUR3K@844b3eaf1ea2,EXO.AS,2019-04-01,66.12,15361791840.000002,primary_input_absent [revenue impossible: < 0 (value=-3.034e+09)]
stock_CUR3K@844b3eaf1ea2,EXO.AS,2019-10-01,66.12,15341889720.000002,primary_input_absent [revenue impossible: < 0 (value=-3.034e+09)]
stock_CUR3K@844b3eaf1ea2,EXO.AS,2020-04-01,66.12,15313392000.000002,primary_input_absent [revenue impossible: < 0 (value=-3.034e+09)]
stock_CUR3K@844b3eaf1ea2,EXO.AS,2020-10-01,66.12,14672358600.000002,primary_input_absent [revenue impossible: < 0 (value=-3.034e+09)]
stock_CUR3K@844b3eaf1ea2,EXO.AS,2021-04-01,66.12,15297787680.000002,primary_input_absent [revenue impossible: < 0 (value=-3.034e+09)]
stock_CUR3K@844b3eaf1ea2,EXO.AS,2021-10-01,66.12,13841891400.0,primary_input_absent [revenue impossible: < 0 (value=-3.034e+09)]
stock_CUR3K@844b3eaf1ea2,EXO.AS,2022-04-01,66.12,15329657520.000002,primary_input_absent [revenue impossible: < 0 (value=-3.034e+09)]
stock_CUR3K@844b3eaf1ea2,EXO.AS,2022-10-01,68.3,16027551200.0,primary_input_absent [revenue impossible: < 0 (value=-3.034e+09)]
stock_CUR3K@844b3eaf1ea2,EXO.AS,2023-04-01,81.68,18798978720.0,primary_input_absent [revenue impossible: < 0 (value=-3.034e+09)]
stock_CUR3K@844b3eaf1ea2,EXO.AS,2023-10-01,90.5,20414628000.0,primary_input_absent [revenue impossible: < 0 (value=-3.034e+09)]
stock_CUR3K@844b3eaf1ea2,EXO.AS,2024-04-01,97.7,21430983500.0,primary_input_absent [revenue impossible: < 0 (value=-3.034e+09)]
stock_CUR3K@844b3eaf1ea2,EXO.AS,2024-10-01,88.55,18645707850.0,primary_input_absent [revenue impossible: < 0 (value=-3.034e+09)]
stock_CUR3K@844b3eaf1ea2,EXO.AS,2025-04-01,85.6,17773045481.6,primary_input_absent [revenue impossible: < 0 (value=-3.034e+09)]
stock_CUR3K@844b3eaf1ea2,EXO.AS,2025-10-01,72.45,15042723658.2,primary_input_absent [revenue impossible: < 0 (value=-3.034e+09)]
stock_CUR3K@844b3eaf1ea2,FIH-U.TO,2015-01-01,11.5,1226807108.5,primary_input_absent [revenue impossible: < 0 (value=-1.11493e+08)]
stock_CUR3K@844b3eaf1ea2,FIH-U.TO,2015-04-01,11.349999999999998,1210805276.6499999,primary_input_absent [revenue impossible: < 0 (value=-1.11493e+08)]
stock_CUR3K@844b3eaf1ea2,FIH-U.TO,2015-07-01,11.099999999999998,1184135556.8999999,primary_input_absent [revenue impossible: < 0 (value=-1.11493e+08)]
stock_CUR3K@844b3eaf1ea2,FIH-U.TO,2015-10-01,10.099999999999998,1077456677.8999999,primary_input_absent [revenue impossible: < 0 (value=-1.11493e+08)]
stock_CUR3K@844b3eaf1ea2,FIH-U.TO,2016-01-01,10.849999999999998,1157465837.1499999,primary_input_absent [revenue impossible: < 0 (value=-1.11493e+08)]
stock_CUR3K@844b3eaf1ea2,FIH-U.TO,2016-04-01,10.5,1120128229.5,primary_input_absent [revenue impossible: < 0 (value=-1.11493e+08)]
stock_CUR3K@844b3eaf1ea2,FIH-U.TO,2016-07-01,11.0,1173467669.0,primary_input_absent [revenue impossible: < 0 (value=-1.11493e+08)]
stock_CUR3K@844b3eaf1ea2,FIH-U.TO,2016-10-01,11.55,1637336443.0500002,primary_input_absent [revenue impossible: < 0 (value=-1.11493e+08)]
stock_CUR3K@844b3eaf1ea2,FIH-U.TO,2017-01-01,13.2,1871241649.1999998,primary_input_absent [revenue impossible: < 0 (value=-1.11493e+08)]
stock_CUR3K@844b3eaf1ea2,FIH-U.TO,2017-04-01,15.99,2357478150.69,primary_input_absent [revenue impossible: < 0 (value=-1.11493e+08)]
stock_CUR3K@844b3eaf1ea2,FIH-U.TO,2017-07-01,17.65,2602219472.1499996,primary_input_absent [revenue impossible: < 0 (value=-1.11493e+08)]
stock_CUR3K@844b3eaf1ea2,FIH-U.TO,2017-10-01,15.100000000000001,2226491058.9,primary_input_absent [revenue impossible: < 0 (value=-1.11493e+08)]
stock_CUR3K@844b3eaf1ea2,FIH-U.TO,2018-01-01,17.09,2553094377.52,primary_input_absent [revenue impossible: < 0 (value=-1.11493e+08)]
stock_CUR3K@844b3eaf1ea2,FIH-U.TO,2018-04-01,16.459999,2547537994.528545,primary_input_absent [revenue impossible: < 0 (value=-1.11493e+08)]
stock_CUR3K@844b3eaf1ea2,FIH-U.TO,2018-07-01,14.75,2280150712.75,primary_input_absent [revenue impossible: < 0 (value=-1.11493e+08)]
stock_CUR3K@844b3eaf1ea2,FIH-U.TO,2018-10-01,13.13,2005297041.15,primary_input_absent [revenue impossible: < 0 (value=-1.11493e+08)]
stock_CUR3K@844b3eaf1ea2,FIH-U.TO,2019-01-01,14.0,2138168970.0,primary_input_absent [revenue impossible: < 0 (value=-1.11493e+08)]
stock_CUR3K@844b3eaf1ea2,FIH-U.TO,2019-04-01,12.96,1978103993.7600002,primary_input_absent [revenue impossible: < 0 (value=-1.11493e+08)]
stock_CUR3K@844b3eaf1ea2,FIH-U.TO,2019-07-01,12.0,1831577772.0,primary_input_absent [revenue impossible: < 0 (value=-1.11493e+08)]
stock_CUR3K@844b3eaf1ea2,FIH-U.TO,2019-10-01,12.8,1950252160.0,primary_input_absent [revenue impossible: < 0 (value=-1.11493e+08)]
stock_CUR3K@844b3eaf1ea2,FIH-U.TO,2020-01-01,6.55,995478412.35,primary_input_absent [revenue impossible: < 0 (value=-1.11493e+08)]
stock_CUR3K@844b3eaf1ea2,FIH-U.TO,2020-04-01,8.4,1271242316.4,primary_input_absent [revenue impossible: < 0 (value=-1.11493e+08)]
stock_CUR3K@844b3eaf1ea2,FIH-U.TO,2020-07-01,6.84,1028871548.28,primary_input_absent [revenue impossible: < 0 (value=-1.11493e+08)]
stock_CUR3K@844b3eaf1ea2,FIH-U.TO,2020-10-01,9.6,1433982288.0,primary_input_absent [revenue impossible: < 0 (value=-1.11493e+08)]
stock_CUR3K@844b3eaf1ea2,FIH-U.TO,2021-01-01,12.44,1858202048.1999998,primary_input_absent [revenue impossible: < 0 (value=-1.11493e+08)]
stock_CUR3K@844b3eaf1ea2,FIH-U.TO,2021-04-01,13.5,2016710419.5,primary_input_absent [revenue impossible: < 0 (value=-1.11493e+08)]
stock_CUR3K@844b3eaf1ea2,FIH-U.TO,2021-07-01,13.1,1905498424.5,primary_input_absent [revenue impossible: < 0 (value=-1.11493e+08)]
stock_CUR3K@844b3eaf1ea2,FIH-U.TO,2021-10-01,12.61,1834224055.9499998,primary_input_absent [revenue impossible: < 0 (value=-1.11493e+08)]
stock_CUR3K@844b3eaf1ea2,FIH-U.TO,2022-01-01,12.29,1716612693.85,primary_input_absent [revenue impossible: < 0 (value=-1.11493e+08)]
stock_CUR3K@844b3eaf1ea2,FIH-U.TO,2022-04-01,10.71,1491945443.73,primary_input_absent [revenue impossible: < 0 (value=-1.11493e+08)]
stock_CUR3K@844b3eaf1ea2,FIH-U.TO,2022-07-01,9.48,1316025762.8400002,primary_input_absent [revenue impossible: < 0 (value=-1.11493e+08)]
stock_CUR3K@844b3eaf1ea2,FIH-U.TO,2022-10-01,12.28,1700476733.12,primary_input_absent [revenue impossible: < 0 (value=-1.11493e+08)]
stock_CUR3K@844b3eaf1ea2,FIH-U.TO,2023-01-01,13.56,1873984040.28,primary_input_absent [revenue impossible: < 0 (value=-1.11493e+08)]
stock_CUR3K@844b3eaf1ea2,FIH-U.TO,2023-04-01,14.01,1921909480.62,primary_input_absent [revenue impossible: < 0 (value=-1.11493e+08)]
stock_CUR3K@844b3eaf1ea2,FIH-U.TO,2023-07-01,13.05,1780825080.6000001,primary_input_absent [revenue impossible: < 0 (value=-1.11493e+08)]
stock_CUR3K@844b3eaf1ea2,FIH-U.TO,2023-10-01,15.2,2059055916.0,primary_input_absent [revenue impossible: < 0 (value=-1.11493e+08)]
stock_CUR3K@844b3eaf1ea2,FIH-U.TO,2024-01-01,14.82,2006123127.06,primary_input_absent [revenue impossible: < 0 (value=-1.11493e+08)]
stock_CUR3K@844b3eaf1ea2,FIH-U.TO,2024-04-01,14.35,1939437614.45,primary_input_absent [revenue impossible: < 0 (value=-1.11493e+08)]
stock_CUR3K@844b3eaf1ea2,FIH-U.TO,2024-07-01,15.07,2036747376.29,primary_input_absent [revenue impossible: < 0 (value=-1.11493e+08)]
stock_CUR3K@844b3eaf1ea2,FIH-U.TO,2024-10-01,16.01,2161262953.63,primary_input_absent [revenue impossible: < 0 (value=-1.11493e+08)]
stock_CUR3K@844b3eaf1ea2,FIH-U.TO,2025-01-01,17.0,2292270854.0,primary_input_absent [revenue impossible: < 0 (value=-1.11493e+08)]
stock_CUR3K@844b3eaf1ea2,FIH-U.TO,2025-04-01,18.59,2506180882.92,primary_input_absent [revenue impossible: < 0 (value=-1.11493e+08)]
stock_CUR3K@844b3eaf1ea2,FIH-U.TO,2025-07-01,17.25,2325484644.0,primary_input_absent [revenue impossible: < 0 (value=-1.11493e+08)]
stock_CUR3K@844b3eaf1ea2,FIH-U.TO,2025-10-01,17.29,1696068480.47,primary_input_absent [revenue impossible: < 0 (value=-1.11493e+08)]
stock_CUR3K@844b3eaf1ea2,FIH-U.TO,2026-01-01,16.05,2154211804.2000003,primary_input_absent [revenue impossible: < 0 (value=-1.11493e+08)]
stock_CUR3K@844b3eaf1ea2,FIH-U.TO,2026-04-01,18.3,1729167695.4,primary_input_absent [revenue impossible: < 0 (value=-1.11493e+08)]
stock_CUR3K@844b3eaf1ea2,FSDV.PA,2010-07-01,58.0,6554000.0,primary_input_absent [totalAssets impossible: <= 0 (value=0)]
stock_CUR3K@844b3eaf1ea2,FSDV.PA,2012-01-01,,0.0,primary_input_absent [totalAssets impossible: <= 0 (value=0)]
stock_CUR3K@844b3eaf1ea2,FSDV.PA,2012-07-01,,0.0,primary_input_absent [totalAssets impossible: <= 0 (value=0)]
stock_CUR3K@844b3eaf1ea2,FSDV.PA,2013-01-01,56.950001,6435350.113,primary_input_absent [totalAssets impossible: <= 0 (value=0)]
stock_CUR3K@844b3eaf1ea2,FSDV.PA,2014-01-01,47.830002,5437840.757382,primary_input_absent [totalAssets impossible: <= 0 (value=0)]
stock_CUR3K@844b3eaf1ea2,FSDV.PA,2014-07-01,45.849998,5181049.774,primary_input_absent [totalAssets impossible: <= 0 (value=0)]
stock_CUR3K@844b3eaf1ea2,FSDV.PA,2015-01-01,49.5,5593500.0,primary_input_absent [totalAssets impossible: <= 0 (value=0)]
stock_CUR3K@844b3eaf1ea2,FSDV.PA,2015-07-01,43.700001,5156600.118,primary_input_absent [totalAssets impossible: <= 0 (value=0)]
stock_CUR3K@844b3eaf1ea2,FSDV.PA,2016-01-01,35.799999,3866399.892,primary_input_absent [totalAssets impossible: <= 0 (value=0)]
stock_CUR3K@844b3eaf1ea2,FSDV.PA,2016-07-01,49.990002,5648870.226,primary_input_absent [totalAssets impossible: <= 0 (value=0)]
stock_CUR3K@844b3eaf1ea2,FSDV.PA,2017-01-01,37.0,4181000.0,primary_input_absent [totalAssets impossible: <= 0 (value=0)]
stock_CUR3K@844b3eaf1ea2,FSDV.PA,2017-07-01,37.5,3750000.0,primary_input_absent [totalAssets impossible: <= 0 (value=0)]
stock_CUR3K@844b3eaf1ea2,FSDV.PA,2018-01-01,43.799999,5562599.873,primary_input_absent [totalAssets impossible: <= 0 (value=0)]
stock_CUR3K@844b3eaf1ea2,FSDV.PA,2018-07-01,48.599998,5525382.372618,primary_input_absent [totalAssets impossible: <= 0 (value=0)]
stock_CUR3K@844b3eaf1ea2,FSDV.PA,2019-01-01,35.0,3979185.0,primary_input_absent [totalAssets impossible: <= 0 (value=0)]
stock_CUR3K@844b3eaf1ea2,FSDV.PA,2019-07-01,36.599998,4161090.372618,primary_input_absent [totalAssets impossible: <= 0 (value=0)]
stock_CUR3K@844b3eaf1ea2,FSDV.PA,2020-01-01,30.0,3410730.0,primary_input_absent [totalAssets impossible: <= 0 (value=0)]
stock_CUR3K@844b3eaf1ea2,FSDV.PA,2020-07-01,33.0,3751803.0,primary_input_absent [totalAssets impossible: <= 0 (value=0)]
stock_CUR3K@844b3eaf1ea2,FSDV.PA,2021-01-01,33.0,3751803.0,primary_input_absent [totalAssets impossible: <= 0 (value=0)]
stock_CUR3K@844b3eaf1ea2,FSDV.PA,2021-07-01,39.400002,4479425.627382,primary_input_absent [totalAssets impossible: <= 0 (value=0)]
stock_CUR3K@844b3eaf1ea2,FSDV.PA,2022-01-01,24.0,2728584.0,primary_input_absent [totalAssets impossible: <= 0 (value=0)]
stock_CUR3K@844b3eaf1ea2,FSDV.PA,2023-01-01,20.0,2273820.0,primary_input_absent [totalAssets impossible: <= 0 (value=0)]
stock_CUR3K@844b3eaf1ea2,FSDV.PA,2023-07-01,20.0,2273820.0,primary_input_absent [totalAssets impossible: <= 0 (value=0)]
stock_CUR3K@844b3eaf1ea2,FSDV.PA,2024-01-01,21.4,2432987.4,primary_input_absent [totalAssets impossible: <= 0 (value=0)]
stock_CUR3K@844b3eaf1ea2,FSDV.PA,2024-07-01,16.2,1830600.0,primary_input_absent [totalAssets impossible: <= 0 (value=0)]
stock_CUR3K@844b3eaf1ea2,FSDV.PA,2025-01-01,14.2,1604600.0,primary_input_absent [totalAssets impossible: <= 0 (value=0)]
stock_CUR3K@844b3eaf1ea2,FSDV.PA,2025-10-01,18.2,1343687.8,primary_input_absent [totalAssets impossible: <= 0 (value=0)]
stock_CUR3K@844b3eaf1ea2,GEA.PA,2008-07-01,11.01,13212000.0,primary_input_absent [netCashProvidedByOperatingActivities NaN (value=NaN)]
stock_CUR3K@844b3eaf1ea2,GEA.PA,2009-07-01,31.0,37200000.0,primary_input_absent [netCashProvidedByOperatingActivities NaN (value=NaN)]
stock_CUR3K@844b3eaf1ea2,GEA.PA,2010-01-01,40.0,48000000.0,primary_input_absent [netCashProvidedByOperatingActivities NaN (value=NaN)]
stock_CUR3K@844b3eaf1ea2,GEA.PA,2010-07-01,44.5,53400000.0,primary_input_absent [netCashProvidedByOperatingActivities NaN (value=NaN)]
stock_CUR3K@844b3eaf1ea2,GEA.PA,2011-01-01,66.15,79074982.35000001,primary_input_absent [netCashProvidedByOperatingActivities NaN (value=NaN)]
stock_CUR3K@844b3eaf1ea2,GEA.PA,2011-07-01,57.10000000000001,68256711.9,primary_input_absent [netCashProvidedByOperatingActivities NaN (value=NaN)]
stock_CUR3K@844b3eaf1ea2,GEA.PA,2012-01-01,69.9,83554615.5,primary_input_absent [netCashProvidedByOperatingActivities NaN (value=NaN)]
stock_CUR3K@844b3eaf1ea2,GEA.PA,2012-07-01,66.3,79251373.5,primary_input_absent [netCashProvidedByOperatingActivities NaN (value=NaN)]
stock_CUR3K@844b3eaf1ea2,GEA.PA,2013-01-01,80.6,96251955.8,primary_input_absent [netCashProvidedByOperatingActivities NaN (value=NaN)]
stock_CUR3K@844b3eaf1ea2,GEA.PA,2013-07-01,79.95,95703667.8,primary_input_absent [netCashProvidedByOperatingActivities NaN (value=NaN)]
stock_CUR3K@844b3eaf1ea2,GEA.PA,2014-01-01,91.6,109454763.6,primary_input_absent [netCashProvidedByOperatingActivities NaN (value=NaN)]
stock_CUR3K@844b3eaf1ea2,GEA.PA,2014-07-01,70.7,84610012.9,primary_input_absent [netCashProvidedByOperatingActivities NaN (value=NaN)]
stock_CUR3K@844b3eaf1ea2,GEA.PA,2015-01-01,76.0,90748256.0,primary_input_absent [netCashProvidedByOperatingActivities NaN (value=NaN)]
stock_CUR3K@844b3eaf1ea2,GEA.PA,2015-07-01,75.0,89726550.0,primary_input_absent [netCashProvidedByOperatingActivities NaN (value=NaN)]
stock_CUR3K@844b3eaf1ea2,GEA.PA,2016-01-01,75.0,89554125.0,primary_input_absent [netCashProvidedByOperatingActivities NaN (value=NaN)]
stock_CUR3K@844b3eaf1ea2,GEA.PA,2016-07-01,85.65,102620434.05000001,primary_input_absent [netCashProvidedByOperatingActivities NaN (value=NaN)]
stock_CUR3K@844b3eaf1ea2,GEA.PA,2017-01-01,88.0,105115296.0,primary_input_absent [netCashProvidedByOperatingActivities NaN (value=NaN)]
stock_CUR3K@844b3eaf1ea2,GEA.PA,2017-07-01,88.73,105995970.7,primary_input_absent [netCashProvidedByOperatingActivities NaN (value=NaN)]
stock_CUR3K@844b3eaf1ea2,GEA.PA,2018-01-01,101.0,120651974.0,primary_input_absent [netCashProvidedByOperatingActivities NaN (value=NaN)]
stock_CUR3K@844b3eaf1ea2,GEA.PA,2018-07-01,95.0,113886000.0,primary_input_absent [netCashProvidedByOperatingActivities NaN (value=NaN)]
stock_CUR3K@844b3eaf1ea2,GEA.PA,2019-01-01,86.0,102718142.0,primary_input_absent [netCashProvidedByOperatingActivities NaN (value=NaN)]
stock_CUR3K@844b3eaf1ea2,GEA.PA,2019-07-01,105.0,122268510.0,primary_input_absent [netCashProvidedByOperatingActivities NaN (value=NaN)]
stock_CUR3K@844b3eaf1ea2,GEA.PA,2020-01-01,89.0,103603832.0,primary_input_absent [netCashProvidedByOperatingActivities NaN (value=NaN)]
stock_CUR3K@844b3eaf1ea2,GEA.PA,2020-07-01,112.0,128249744.0,primary_input_absent [netCashProvidedByOperatingActivities NaN (value=NaN)]
stock_CUR3K@844b3eaf1ea2,GEA.PA,2021-01-01,105.0,115371480.0,primary_input_absent [netCashProvidedByOperatingActivities NaN (value=NaN)]
stock_CUR3K@844b3eaf1ea2,GEA.PA,2021-07-01,108.0,118678608.0,primary_input_absent [netCashProvidedByOperatingActivities NaN (value=NaN)]
stock_CUR3K@844b3eaf1ea2,GEA.PA,2022-01-01,93.0,102179844.0,primary_input_absent [netCashProvidedByOperatingActivities NaN (value=NaN)]
stock_CUR3K@844b3eaf1ea2,GEA.PA,2022-07-01,80.0,87874320.0,primary_input_absent [netCashProvidedByOperatingActivities NaN (value=NaN)]
stock_CUR3K@844b3eaf1ea2,GEA.PA,2023-01-01,86.0,94560268.0,primary_input_absent [netCashProvidedByOperatingActivities NaN (value=NaN)]
stock_CUR3K@844b3eaf1ea2,GEA.PA,2023-07-01,98.0,107643788.0,primary_input_absent [netCashProvidedByOperatingActivities NaN (value=NaN)]
stock_CUR3K@844b3eaf1ea2,GEA.PA,2024-01-01,96.5,105988362.5,primary_input_absent [netCashProvidedByOperatingActivities NaN (value=NaN)]
stock_CUR3K@844b3eaf1ea2,GEA.PA,2024-07-01,77.5,85100037.5,primary_input_absent [netCashProvidedByOperatingActivities NaN (value=NaN)]
stock_CUR3K@844b3eaf1ea2,GEA.PA,2025-01-01,87.0,95550273.0,primary_input_absent [netCashProvidedByOperatingActivities NaN (value=NaN)]
stock_CUR3K@844b3eaf1ea2,GEA.PA,2025-07-01,83.5,91706296.5,primary_input_absent [netCashProvidedByOperatingActivities NaN (value=NaN)]
stock_CUR3K@844b3eaf1ea2,GEA.PA,2026-01-01,95.5,105050000.0,primary_input_absent [netCashProvidedByOperatingActivities NaN (value=NaN)]
stock_CUR3K@844b3eaf1ea2,ICMB,2013-04-01,15.7,198866656.2,primary_input_absent [revenue impossible: < 0 (value=-6.07778e+06)]
stock_CUR3K@844b3eaf1ea2,ICMB,2013-07-01,15.7,198866656.2,primary_input_absent [revenue impossible: < 0 (value=-6.07778e+06)]
stock_CUR3K@844b3eaf1ea2,ICMB,2013-10-01,15.7,198866656.2,primary_input_absent [revenue impossible: < 0 (value=-6.07778e+06)]
stock_CUR3K@844b3eaf1ea2,ICMB,2014-01-01,15.48,211559989.68,primary_input_absent [revenue impossible: < 0 (value=-6.07778e+06)]
stock_CUR3K@844b3eaf1ea2,ICMB,2014-04-01,14.46,197619990.36,primary_input_absent [revenue impossible: < 0 (value=-6.07778e+06)]
stock_CUR3K@844b3eaf1ea2,ICMB,2014-07-01,13.12,179306657.92,primary_input_absent [revenue impossible: < 0 (value=-6.07778e+06)]
stock_CUR3K@844b3eaf1ea2,ICMB,2014-10-01,10.92,149239992.72,primary_input_absent [revenue impossible: < 0 (value=-6.07778e+06)]
stock_CUR3K@844b3eaf1ea2,ICMB,2015-01-01,13.17,179989991.22,primary_input_absent [revenue impossible: < 0 (value=-6.07778e+06)]
stock_CUR3K@844b3eaf1ea2,ICMB,2015-04-01,13.519999999999998,184775298.23999998,primary_input_absent [revenue impossible: < 0 (value=-6.07778e+06)]
stock_CUR3K@844b3eaf1ea2,ICMB,2015-07-01,10.17,139005522.81,primary_input_absent [revenue impossible: < 0 (value=-6.07778e+06)]
stock_CUR3K@844b3eaf1ea2,ICMB,2015-10-01,9.95,136029166.35,primary_input_absent [revenue impossible: < 0 (value=-6.07778e+06)]
stock_CUR3K@844b3eaf1ea2,ICMB,2016-01-01,8.34,114070616.88,primary_input_absent [revenue impossible: < 0 (value=-6.07778e+06)]
stock_CUR3K@844b3eaf1ea2,ICMB,2016-04-01,8.82,120606417.54,primary_input_absent [revenue impossible: < 0 (value=-6.07778e+06)]
stock_CUR3K@844b3eaf1ea2,ICMB,2016-07-01,9.04,123674585.67999999,primary_input_absent [revenue impossible: < 0 (value=-6.07778e+06)]
stock_CUR3K@844b3eaf1ea2,ICMB,2016-10-01,9.24,126466632.60000001,primary_input_absent [revenue impossible: < 0 (value=-6.07778e+06)]
stock_CUR3K@844b3eaf1ea2,ICMB,2017-01-01,10.08,137978840.16,primary_input_absent [revenue impossible: < 0 (value=-6.07778e+06)]
stock_CUR3K@844b3eaf1ea2,ICMB,2017-04-01,9.93,135904839.84,primary_input_absent [revenue impossible: < 0 (value=-6.07778e+06)]
stock_CUR3K@844b3eaf1ea2,ICMB,2017-07-01,9.29,127179031.64999999,primary_input_absent [revenue impossible: < 0 (value=-6.07778e+06)]
stock_CUR3K@844b3eaf1ea2,ICMB,2017-10-01,8.09,110755983.2,primary_input_absent [revenue impossible: < 0 (value=-6.07778e+06)]
stock_CUR3K@844b3eaf1ea2,ICMB,2018-01-01,8.14,111448158.80000001,primary_input_absent [revenue impossible: < 0 (value=-6.07778e+06)]
stock_CUR3K@844b3eaf1ea2,ICMB,2018-04-01,8.84,120997774.03999999,primary_input_absent [revenue impossible: < 0 (value=-6.07778e+06)]
stock_CUR3K@844b3eaf1ea2,ICMB,2018-07-01,8.52,116298826.44,primary_input_absent [revenue impossible: < 0 (value=-6.07778e+06)]
stock_CUR3K@844b3eaf1ea2,ICMB,2018-10-01,6.21,84697376.49,primary_input_absent [revenue impossible: < 0 (value=-6.07778e+06)]
stock_CUR3K@844b3eaf1ea2,ICMB,2019-01-01,7.1,96657227.39999999,primary_input_absent [revenue impossible: < 0 (value=-6.07778e+06)]
stock_CUR3K@844b3eaf1ea2,ICMB,2019-04-01,7.55,102827481.7,primary_input_absent [revenue impossible: < 0 (value=-6.07778e+06)]
stock_CUR3K@844b3eaf1ea2,ICMB,2019-07-01,6.6,89926841.39999999,primary_input_absent [revenue impossible: < 0 (value=-6.07778e+06)]
stock_CUR3K@844b3eaf1ea2,ICMB,2019-10-01,6.650000000000001,90892379.55000001,primary_input_absent [revenue impossible: < 0 (value=-6.07778e+06)]
stock_CUR3K@844b3eaf1ea2,ICMB,2020-01-01,2.44,33651457.64,primary_input_absent [revenue impossible: < 0 (value=-6.07778e+06)]
stock_CUR3K@844b3eaf1ea2,ICMB,2020-04-01,3.49,47958683.07,primary_input_absent [revenue impossible: < 0 (value=-6.07778e+06)]
stock_CUR3K@844b3eaf1ea2,ICMB,2020-07-01,3.63,50434221.75,primary_input_absent [revenue impossible: < 0 (value=-6.07778e+06)]
stock_CUR3K@844b3eaf1ea2,ICMB,2020-10-01,4.76,66188623.48,primary_input_absent [revenue impossible: < 0 (value=-6.07778e+06)]
stock_CUR3K@844b3eaf1ea2,ICMB,2021-01-01,5.62,78198652.62,primary_input_absent [revenue impossible: < 0 (value=-6.07778e+06)]
stock_CUR3K@844b3eaf1ea2,ICMB,2021-04-01,5.400000000000001,75106504.80000001,primary_input_absent [revenue impossible: < 0 (value=-6.07778e+06)]
stock_CUR3K@844b3eaf1ea2,ICMB,2021-07-01,5.45,76661716.5,primary_input_absent [revenue impossible: < 0 (value=-6.07778e+06)]
stock_CUR3K@844b3eaf1ea2,ICMB,2021-10-01,4.95,71200923.75,primary_input_absent [revenue impossible: < 0 (value=-6.07778e+06)]
stock_CUR3K@844b3eaf1ea2,ICMB,2022-01-01,5.1899999999999995,74658087.72,primary_input_absent [revenue impossible: < 0 (value=-6.07778e+06)]
stock_CUR3K@844b3eaf1ea2,ICMB,2022-04-01,4.24,58972514.88,primary_input_absent [revenue impossible: < 0 (value=-6.07778e+06)]
stock_CUR3K@844b3eaf1ea2,ICMB,2022-07-01,3.58,51504776.22,primary_input_absent [revenue impossible: < 0 (value=-6.07778e+06)]
stock_CUR3K@844b3eaf1ea2,ICMB,2022-10-01,3.53,50790494.26,primary_input_absent [revenue impossible: < 0 (value=-6.07778e+06)]
stock_CUR3K@844b3eaf1ea2,ICMB,2023-01-01,3.65,52523018.199999996,primary_input_absent [revenue impossible: < 0 (value=-6.07778e+06)]
stock_CUR3K@844b3eaf1ea2,ICMB,2023-04-01,3.62,52098225.5,primary_input_absent [revenue impossible: < 0 (value=-6.07778e+06)]
stock_CUR3K@844b3eaf1ea2,ICMB,2023-07-01,3.9899999999999998,57426928.86,primary_input_absent [revenue impossible: < 0 (value=-6.07778e+06)]
stock_CUR3K@844b3eaf1ea2,ICMB,2023-10-01,3.56,51242928.36,primary_input_absent [revenue impossible: < 0 (value=-6.07778e+06)]
stock_CUR3K@844b3eaf1ea2,ICMB,2024-01-01,3.16,45494365.160000004,primary_input_absent [revenue impossible: < 0 (value=-6.07778e+06)]
stock_CUR3K@844b3eaf1ea2,ICMB,2024-04-01,3.3799999999999994,48659159.379999995,primary_input_absent [revenue impossible: < 0 (value=-6.07778e+06)]
stock_CUR3K@844b3eaf1ea2,ICMB,2024-07-01,3.13,45083743.76,primary_input_absent [revenue impossible: < 0 (value=-6.07778e+06)]
stock_CUR3K@844b3eaf1ea2,ICMB,2024-10-01,3.03,43650919.32,primary_input_absent [revenue impossible: < 0 (value=-6.07778e+06)]
stock_CUR3K@844b3eaf1ea2,ICMB,2025-01-01,3.21,46265710.74,primary_input_absent [revenue impossible: < 0 (value=-6.07778e+06)]
stock_CUR3K@844b3eaf1ea2,ICMB,2025-04-01,2.79,40230139.95,primary_input_absent [revenue impossible: < 0 (value=-6.07778e+06)]
stock_CUR3K@844b3eaf1ea2,ICMB,2025-07-01,2.78,40118741.559999995,primary_input_absent [revenue impossible: < 0 (value=-6.07778e+06)]
stock_CUR3K@844b3eaf1ea2,ICMB,2025-10-01,2.701760584914586,38964245.400000006,primary_input_absent [revenue impossible: < 0 (value=-6.07778e+06)]
stock_CUR3K@844b3eaf1ea2,ICMB,2025-10-01,2.698240562359255,38938854.6,primary_input_absent [revenue impossible: < 0 (value=-6.07778e+06)]
stock_CUR3K@844b3eaf1ea2,ICMB,2026-01-01,1.62,23380604.64,primary_input_absent [revenue impossible: < 0 (value=-6.07778e+06)]
stock_CUR3K@844b3eaf1ea2,IPH.PA,2005-10-01,4.83,71971830.0,primary_input_absent [revenue impossible: < 0 (value=-2.073e+06)]
stock_CUR3K@844b3eaf1ea2,IPH.PA,2006-04-01,4.83,85824270.0,primary_input_absent [revenue impossible: < 0 (value=-2.073e+06)]
stock_CUR3K@844b3eaf1ea2,IPH.PA,2006-10-01,6.17,109634730.0,primary_input_absent [revenue impossible: < 0 (value=-2.073e+06)]
stock_CUR3K@844b3eaf1ea2,IPH.PA,2007-04-01,5.95,149237900.0,primary_input_absent [revenue impossible: < 0 (value=-2.073e+06)]
stock_CUR3K@844b3eaf1ea2,IPH.PA,2007-10-01,3.65,91549300.0,primary_input_absent [revenue impossible: < 0 (value=-2.073e+06)]
stock_CUR3K@844b3eaf1ea2,IPH.PA,2008-04-01,2.07,53126549.99999999,primary_input_absent [revenue impossible: < 0 (value=-2.073e+06)]
stock_CUR3K@844b3eaf1ea2,IPH.PA,2008-10-01,1.38,35417700.0,primary_input_absent [revenue impossible: < 0 (value=-2.073e+06)]
stock_CUR3K@844b3eaf1ea2,IPH.PA,2009-10-01,2.41,63380590.00000001,primary_input_absent [revenue impossible: < 0 (value=-2.073e+06)]
stock_CUR3K@844b3eaf1ea2,IPH.PA,2010-04-01,1.86,69629100.0,primary_input_absent [revenue impossible: < 0 (value=-2.073e+06)]
stock_CUR3K@844b3eaf1ea2,IPH.PA,2010-10-01,1.18,44173300.0,primary_input_absent [revenue impossible: < 0 (value=-2.073e+06)]
stock_CUR3K@844b3eaf1ea2,IPH.PA,2011-04-01,1.23,46355010.0,primary_input_absent [revenue impossible: < 0 (value=-2.073e+06)]
stock_CUR3K@844b3eaf1ea2,IPH.PA,2011-10-01,1.37,51631190.00000001,primary_input_absent [revenue impossible: < 0 (value=-2.073e+06)]
stock_CUR3K@844b3eaf1ea2,IPH.PA,2012-04-01,1.6,60670828.800000004,primary_input_absent [revenue impossible: < 0 (value=-2.073e+06)]
stock_CUR3K@844b3eaf1ea2,IPH.PA,2012-10-01,2.21,83801582.28,primary_input_absent [revenue impossible: < 0 (value=-2.073e+06)]
stock_CUR3K@844b3eaf1ea2,IPH.PA,2013-04-01,2.25,85507803.0,primary_input_absent [revenue impossible: < 0 (value=-2.073e+06)]
stock_CUR3K@844b3eaf1ea2,IPH.PA,2013-10-01,4.96,195445982.72,primary_input_absent [revenue impossible: < 0 (value=-2.073e+06)]
stock_CUR3K@844b3eaf1ea2,IPH.PA,2014-04-01,8.93,424832998.12,primary_input_absent [revenue impossible: < 0 (value=-2.073e+06)]
stock_CUR3K@844b3eaf1ea2,IPH.PA,2014-10-01,7.9,418442728.6,primary_input_absent [revenue impossible: < 0 (value=-2.073e+06)]
stock_CUR3K@844b3eaf1ea2,IPH.PA,2015-04-01,13.14,704919779.82,primary_input_absent [revenue impossible: < 0 (value=-2.073e+06)]
stock_CUR3K@844b3eaf1ea2,IPH.PA,2015-10-01,13.75,943445263.75,primary_input_absent [revenue impossible: < 0 (value=-2.073e+06)]
stock_CUR3K@844b3eaf1ea2,IPH.PA,2016-04-01,10.44,551754000.0,primary_input_absent [revenue impossible: < 0 (value=-2.073e+06)]
stock_CUR3K@844b3eaf1ea2,IPH.PA,2016-10-01,14.61,809601388.9499999,primary_input_absent [revenue impossible: < 0 (value=-2.073e+06)]
stock_CUR3K@844b3eaf1ea2,IPH.PA,2017-04-01,10.930000000000001,589729308.58,primary_input_absent [revenue impossible: < 0 (value=-2.073e+06)]
stock_CUR3K@844b3eaf1ea2,IPH.PA,2017-10-01,4.822,262463287.53800002,primary_input_absent [revenue impossible: < 0 (value=-2.073e+06)]
stock_CUR3K@844b3eaf1ea2,IPH.PA,2018-04-01,4.666,268762906.48,primary_input_absent [revenue impossible: < 0 (value=-2.073e+06)]
stock_CUR3K@844b3eaf1ea2,IPH.PA,2018-10-01,7.435,452034899.53,primary_input_absent [revenue impossible: < 0 (value=-2.073e+06)]
stock_CUR3K@844b3eaf1ea2,IPH.PA,2019-04-01,5.69,364089341.58000004,primary_input_absent [revenue impossible: < 0 (value=-2.073e+06)]
stock_CUR3K@844b3eaf1ea2,IPH.PA,2019-10-01,5.96,391809273.56,primary_input_absent [revenue impossible: < 0 (value=-2.073e+06)]
stock_CUR3K@844b3eaf1ea2,IPH.PA,2020-04-01,5.545,437456805.4,primary_input_absent [revenue impossible: < 0 (value=-2.073e+06)]
stock_CUR3K@844b3eaf1ea2,IPH.PA,2020-10-01,3.462,210924212.55600002,primary_input_absent [revenue impossible: < 0 (value=-2.073e+06)]
stock_CUR3K@844b3eaf1ea2,IPH.PA,2021-04-01,2.704,164742654.752,primary_input_absent [revenue impossible: < 0 (value=-2.073e+06)]
stock_CUR3K@844b3eaf1ea2,IPH.PA,2021-10-01,4.448,270996793.02400005,primary_input_absent [revenue impossible: < 0 (value=-2.073e+06)]
stock_CUR3K@844b3eaf1ea2,IPH.PA,2022-04-01,2.564,156213079.432,primary_input_absent [revenue impossible: < 0 (value=-2.073e+06)]
stock_CUR3K@844b3eaf1ea2,IPH.PA,2022-10-01,3.29,200445020.02,primary_input_absent [revenue impossible: < 0 (value=-2.073e+06)]
stock_CUR3K@844b3eaf1ea2,IPH.PA,2023-04-01,2.88,175465549.44,primary_input_absent [revenue impossible: < 0 (value=-2.073e+06)]
stock_CUR3K@844b3eaf1ea2,IPH.PA,2023-10-01,2.62,159624909.56,primary_input_absent [revenue impossible: < 0 (value=-2.073e+06)]
stock_CUR3K@844b3eaf1ea2,IPH.PA,2024-04-01,1.98,120632565.24,primary_input_absent [revenue impossible: < 0 (value=-2.073e+06)]
stock_CUR3K@844b3eaf1ea2,IPH.PA,2024-10-01,1.9300000000000002,117586288.34,primary_input_absent [revenue impossible: < 0 (value=-2.073e+06)]
stock_CUR3K@844b3eaf1ea2,IPH.PA,2025-04-01,1.52,129772038.32000001,primary_input_absent [revenue impossible: < 0 (value=-2.073e+06)]
stock_CUR3K@844b3eaf1ea2,IPH.PA,2025-10-01,1.6,146249600.0,primary_input_absent [revenue impossible: < 0 (value=-2.073e+06)]
stock_CUR3K@844b3eaf1ea2,IPHA,2005-10-01,4.83,71971830.0,primary_input_absent [revenue impossible: < 0 (value=-2.073e+06)]
stock_CUR3K@844b3eaf1ea2,IPHA,2006-04-01,4.83,85824270.0,primary_input_absent [revenue impossible: < 0 (value=-2.073e+06)]
stock_CUR3K@844b3eaf1ea2,IPHA,2006-10-01,6.17,109634730.0,primary_input_absent [revenue impossible: < 0 (value=-2.073e+06)]
stock_CUR3K@844b3eaf1ea2,IPHA,2007-04-01,5.95,149237900.0,primary_input_absent [revenue impossible: < 0 (value=-2.073e+06)]
stock_CUR3K@844b3eaf1ea2,IPHA,2007-10-01,3.65,91549300.0,primary_input_absent [revenue impossible: < 0 (value=-2.073e+06)]
stock_CUR3K@844b3eaf1ea2,IPHA,2008-04-01,2.07,53126549.99999999,primary_input_absent [revenue impossible: < 0 (value=-2.073e+06)]
stock_CUR3K@844b3eaf1ea2,IPHA,2008-10-01,1.38,35417700.0,primary_input_absent [revenue impossible: < 0 (value=-2.073e+06)]
stock_CUR3K@844b3eaf1ea2,IPHA,2009-10-01,2.41,63380590.00000001,primary_input_absent [revenue impossible: < 0 (value=-2.073e+06)]
stock_CUR3K@844b3eaf1ea2,IPHA,2010-04-01,1.86,69629100.0,primary_input_absent [revenue impossible: < 0 (value=-2.073e+06)]
stock_CUR3K@844b3eaf1ea2,IPHA,2010-10-01,1.18,44173300.0,primary_input_absent [revenue impossible: < 0 (value=-2.073e+06)]
stock_CUR3K@844b3eaf1ea2,IPHA,2011-04-01,1.23,46355010.0,primary_input_absent [revenue impossible: < 0 (value=-2.073e+06)]
stock_CUR3K@844b3eaf1ea2,IPHA,2011-10-01,1.37,51631190.00000001,primary_input_absent [revenue impossible: < 0 (value=-2.073e+06)]
stock_CUR3K@844b3eaf1ea2,IPHA,2012-04-01,1.6,60670828.800000004,primary_input_absent [revenue impossible: < 0 (value=-2.073e+06)]
stock_CUR3K@844b3eaf1ea2,IPHA,2012-10-01,2.21,83801582.28,primary_input_absent [revenue impossible: < 0 (value=-2.073e+06)]
stock_CUR3K@844b3eaf1ea2,IPHA,2013-04-01,2.25,85507803.0,primary_input_absent [revenue impossible: < 0 (value=-2.073e+06)]
stock_CUR3K@844b3eaf1ea2,IPHA,2013-10-01,4.96,195445982.72,primary_input_absent [revenue impossible: < 0 (value=-2.073e+06)]
stock_CUR3K@844b3eaf1ea2,IPHA,2014-04-01,8.93,424832998.12,primary_input_absent [revenue impossible: < 0 (value=-2.073e+06)]
stock_CUR3K@844b3eaf1ea2,IPHA,2014-10-01,7.9,418442728.6,primary_input_absent [revenue impossible: < 0 (value=-2.073e+06)]
stock_CUR3K@844b3eaf1ea2,IPHA,2015-04-01,13.14,704919779.82,primary_input_absent [revenue impossible: < 0 (value=-2.073e+06)]
stock_CUR3K@844b3eaf1ea2,IPHA,2015-10-01,13.75,943445263.75,primary_input_absent [revenue impossible: < 0 (value=-2.073e+06)]
stock_CUR3K@844b3eaf1ea2,IPHA,2016-04-01,10.44,551754000.0,primary_input_absent [revenue impossible: < 0 (value=-2.073e+06)]
stock_CUR3K@844b3eaf1ea2,IPHA,2016-10-01,14.61,809601388.9499999,primary_input_absent [revenue impossible: < 0 (value=-2.073e+06)]
stock_CUR3K@844b3eaf1ea2,IPHA,2017-04-01,10.930000000000001,589729308.58,primary_input_absent [revenue impossible: < 0 (value=-2.073e+06)]
stock_CUR3K@844b3eaf1ea2,IPHA,2017-10-01,4.822,262463287.53800002,primary_input_absent [revenue impossible: < 0 (value=-2.073e+06)]
stock_CUR3K@844b3eaf1ea2,IPHA,2018-04-01,4.666,268762906.48,primary_input_absent [revenue impossible: < 0 (value=-2.073e+06)]
stock_CUR3K@844b3eaf1ea2,IPHA,2018-10-01,7.435,452034899.53,primary_input_absent [revenue impossible: < 0 (value=-2.073e+06)]
stock_CUR3K@844b3eaf1ea2,IPHA,2019-04-01,5.69,364089341.58000004,primary_input_absent [revenue impossible: < 0 (value=-2.073e+06)]
stock_CUR3K@844b3eaf1ea2,IPHA,2019-10-01,5.96,391809273.56,primary_input_absent [revenue impossible: < 0 (value=-2.073e+06)]
stock_CUR3K@844b3eaf1ea2,IPHA,2020-04-01,5.545,437456805.4,primary_input_absent [revenue impossible: < 0 (value=-2.073e+06)]
stock_CUR3K@844b3eaf1ea2,IPHA,2020-10-01,2.672126679433296,210924212.55600002,primary_input_absent [revenue impossible: < 0 (value=-2.073e+06)]
stock_CUR3K@844b3eaf1ea2,IPHA,2021-04-01,2.0854040694775464,164742654.752,primary_input_absent [revenue impossible: < 0 (value=-2.073e+06)]
stock_CUR3K@844b3eaf1ea2,IPHA,2021-10-01,3.4069379305765204,270996793.02400005,primary_input_absent [revenue impossible: < 0 (value=-2.073e+06)]
stock_CUR3K@844b3eaf1ea2,IPHA,2022-04-01,1.959151173030712,156213079.432,primary_input_absent [revenue impossible: < 0 (value=-2.073e+06)]
stock_CUR3K@844b3eaf1ea2,IPHA,2022-10-01,2.4995172304127315,200445020.02,primary_input_absent [revenue impossible: < 0 (value=-2.073e+06)]
stock_CUR3K@844b3eaf1ea2,IPHA,2023-04-01,2.1845838452706183,175465549.44,primary_input_absent [revenue impossible: < 0 (value=-2.073e+06)]
stock_CUR3K@844b3eaf1ea2,IPHA,2023-10-01,1.9807719094530418,159624909.56,primary_input_absent [revenue impossible: < 0 (value=-2.073e+06)]
stock_CUR3K@844b3eaf1ea2,IPHA,2024-04-01,1.510094286063935,120632565.24,primary_input_absent [revenue impossible: < 0 (value=-2.073e+06)]
stock_CUR3K@844b3eaf1ea2,IPHA,2024-10-01,1.4507512256329271,117586288.34,primary_input_absent [revenue impossible: < 0 (value=-2.073e+06)]
stock_CUR3K@844b3eaf1ea2,IPHA,2025-04-01,1.52,129772038.32000001,primary_input_absent [revenue impossible: < 0 (value=-2.073e+06)]
stock_CUR3K@844b3eaf1ea2,IPHA,2025-10-01,1.5998949809653,146249600.0,primary_input_absent [revenue impossible: < 0 (value=-2.073e+06)]
stock_CUR3K@844b3eaf1ea2,IVQ.TO,2007-04-01,9.47683,399666351.59,primary_input_absent [revenue impossible: < 0 (value=-1.89967e+06)]
stock_CUR3K@844b3eaf1ea2,IVQ.TO,2007-07-01,10.02728,422880479.44,primary_input_absent [revenue impossible: < 0 (value=-1.89967e+06)]
stock_CUR3K@844b3eaf1ea2,IVQ.TO,2008-01-01,9.83639,491819500.0,primary_input_absent [revenue impossible: < 0 (value=-1.89967e+06)]
stock_CUR3K@844b3eaf1ea2,IVQ.TO,2008-04-01,9.896989999999999,494849499.99999994,primary_input_absent [revenue impossible: < 0 (value=-1.89967e+06)]
stock_CUR3K@844b3eaf1ea2,IVQ.TO,2008-07-01,9.49905,575718422.4,primary_input_absent [revenue impossible: < 0 (value=-1.89967e+06)]
stock_CUR3K@844b3eaf1ea2,IVQ.TO,2008-10-01,8.25675,468207265.5,primary_input_absent [revenue impossible: < 0 (value=-1.89967e+06)]
stock_CUR3K@844b3eaf1ea2,IVQ.TO,2009-01-01,7.996169999999999,527747219.99999994,primary_input_absent [revenue impossible: < 0 (value=-1.89967e+06)]
stock_CUR3K@844b3eaf1ea2,IVQ.TO,2009-04-01,8.68095,572942700.0,primary_input_absent [revenue impossible: < 0 (value=-1.89967e+06)]
stock_CUR3K@844b3eaf1ea2,IVQ.TO,2009-07-01,9.43946,623004360.0,primary_input_absent [revenue impossible: < 0 (value=-1.89967e+06)]
stock_CUR3K@844b3eaf1ea2,IVQ.TO,2009-10-01,9.58288,632470080.0,primary_input_absent [revenue impossible: < 0 (value=-1.89967e+06)]
stock_CUR3K@844b3eaf1ea2,IVQ.TO,2010-01-01,9.94244,656201040.0,primary_input_absent [revenue impossible: < 0 (value=-1.89967e+06)]
stock_CUR3K@844b3eaf1ea2,IVQ.TO,2010-04-01,9.49501,626670660.0,primary_input_absent [revenue impossible: < 0 (value=-1.89967e+06)]
stock_CUR3K@844b3eaf1ea2,IVQ.TO,2010-07-01,9.80104,646868640.0,primary_input_absent [revenue impossible: < 0 (value=-1.89967e+06)]
stock_CUR3K@844b3eaf1ea2,IVQ.TO,2010-10-01,10.11414,667533240.0,primary_input_absent [revenue impossible: < 0 (value=-1.89967e+06)]
stock_CUR3K@844b3eaf1ea2,IVQ.TO,2011-01-01,10.40805,686931300.0,primary_input_absent [revenue impossible: < 0 (value=-1.89967e+06)]
stock_CUR3K@844b3eaf1ea2,IVQ.TO,2011-04-01,10.4737,691264200.0,primary_input_absent [revenue impossible: < 0 (value=-1.89967e+06)]
stock_CUR3K@844b3eaf1ea2,IVQ.TO,2011-07-01,9.61116,634336560.0,primary_input_absent [revenue impossible: < 0 (value=-1.89967e+06)]
stock_CUR3K@844b3eaf1ea2,IVQ.TO,2011-10-01,9.8879,652601400.0,primary_input_absent [revenue impossible: < 0 (value=-1.89967e+06)]
stock_CUR3K@844b3eaf1ea2,IVQ.TO,2012-01-01,10.138582,669146412.0,primary_input_absent [revenue impossible: < 0 (value=-1.89967e+06)]
stock_CUR3K@844b3eaf1ea2,IVQ.TO,2012-04-01,9.922341,654874506.0,primary_input_absent [revenue impossible: < 0 (value=-1.89967e+06)]
stock_CUR3K@844b3eaf1ea2,IVQ.TO,2012-07-01,10.260084999999998,697685779.9999999,primary_input_absent [revenue impossible: < 0 (value=-1.89967e+06)]
stock_CUR3K@844b3eaf1ea2,IVQ.TO,2012-10-01,10.17474,655741643.52,primary_input_absent [revenue impossible: < 0 (value=-1.89967e+06)]
stock_CUR3K@844b3eaf1ea2,IVQ.TO,2013-01-01,9.930724,687206100.8,primary_input_absent [revenue impossible: < 0 (value=-1.89967e+06)]
stock_CUR3K@844b3eaf1ea2,IVQ.TO,2013-04-01,9.607019,667207469.55,primary_input_absent [revenue impossible: < 0 (value=-1.89967e+06)]
stock_CUR3K@844b3eaf1ea2,IVQ.TO,2013-07-01,9.78892,689139968.0,primary_input_absent [revenue impossible: < 0 (value=-1.89967e+06)]
stock_CUR3K@844b3eaf1ea2,IVQ.TO,2013-10-01,9.50006,664111194.36,primary_input_absent [revenue impossible: < 0 (value=-1.89967e+06)]
stock_CUR3K@844b3eaf1ea2,IVQ.TO,2014-01-01,9.13646,654170536.0,primary_input_absent [revenue impossible: < 0 (value=-1.89967e+06)]
stock_CUR3K@844b3eaf1ea2,IVQ.TO,2014-04-01,9.46471,677673236.0,primary_input_absent [revenue impossible: < 0 (value=-1.89967e+06)]
stock_CUR3K@844b3eaf1ea2,IVQ.TO,2014-07-01,9.01728,645637248.0,primary_input_absent [revenue impossible: < 0 (value=-1.89967e+06)]
stock_CUR3K@844b3eaf1ea2,IVQ.TO,2014-10-01,8.684989999999999,621845283.9999999,primary_input_absent [revenue impossible: < 0 (value=-1.89967e+06)]
stock_CUR3K@844b3eaf1ea2,IVQ.TO,2015-01-01,7.96385,587286154.4,primary_input_absent [revenue impossible: < 0 (value=-1.89967e+06)]
stock_CUR3K@844b3eaf1ea2,IVQ.TO,2015-04-01,8.08202,601948849.6,primary_input_absent [revenue impossible: < 0 (value=-1.89967e+06)]
stock_CUR3K@844b3eaf1ea2,IVQ.TO,2015-07-01,7.576009999999999,581867872.04,primary_input_absent [revenue impossible: < 0 (value=-1.89967e+06)]
stock_CUR3K@844b3eaf1ea2,IVQ.TO,2015-10-01,7.294219999999999,558635132.92,primary_input_absent [revenue impossible: < 0 (value=-1.89967e+06)]
stock_CUR3K@844b3eaf1ea2,IVQ.TO,2016-01-01,7.77599,188203631.21627,primary_input_absent [revenue impossible: < 0 (value=-1.89967e+06)]
stock_CUR3K@844b3eaf1ea2,IVQ.TO,2016-04-01,8.02776,194297264.08248,primary_input_absent [revenue impossible: < 0 (value=-1.89967e+06)]
stock_CUR3K@844b3eaf1ea2,IVQ.TO,2016-07-01,7.6962,186272460.0426,primary_input_absent [revenue impossible: < 0 (value=-1.89967e+06)]
stock_CUR3K@844b3eaf1ea2,IVQ.TO,2016-10-01,6.9637839999999995,389883345.558872,primary_input_absent [revenue impossible: < 0 (value=-1.89967e+06)]
stock_CUR3K@844b3eaf1ea2,IVQ.TO,2017-01-01,7.495978,241892384.076294,primary_input_absent [revenue impossible: < 0 (value=-1.89967e+06)]
stock_CUR3K@844b3eaf1ea2,IVQ.TO,2017-04-01,7.213752,233002970.475912,primary_input_absent [revenue impossible: < 0 (value=-1.89967e+06)]
stock_CUR3K@844b3eaf1ea2,IVQ.TO,2017-07-01,6.941856,224527564.0104,primary_input_absent [revenue impossible: < 0 (value=-1.89967e+06)]
stock_CUR3K@844b3eaf1ea2,IVQ.TO,2017-10-01,6.683474,374189550.261142,primary_input_absent [revenue impossible: < 0 (value=-1.89967e+06)]
stock_CUR3K@844b3eaf1ea2,IVQ.TO,2018-01-01,6.7711626,293551620.5996208,primary_input_absent [revenue impossible: < 0 (value=-1.89967e+06)]
stock_CUR3K@844b3eaf1ea2,IVQ.TO,2018-04-01,6.2671792,323135772.0863584,primary_input_absent [revenue impossible: < 0 (value=-1.89967e+06)]
stock_CUR3K@844b3eaf1ea2,IVQ.TO,2018-07-01,6.2769668,332662229.81997204,primary_input_absent [revenue impossible: < 0 (value=-1.89967e+06)]
stock_CUR3K@844b3eaf1ea2,IVQ.TO,2018-10-01,5.224864,292525939.404512,primary_input_absent [revenue impossible: < 0 (value=-1.89967e+06)]
stock_CUR3K@844b3eaf1ea2,IVQ.TO,2019-01-01,5.3045484,281856070.5833844,primary_input_absent [revenue impossible: < 0 (value=-1.89967e+06)]
stock_CUR3K@844b3eaf1ea2,IVQ.TO,2019-04-01,5.500224,296267035.65696,primary_input_absent [revenue impossible: < 0 (value=-1.89967e+06)]
stock_CUR3K@844b3eaf1ea2,IVQ.TO,2019-07-01,6.793200000000001,369097897.43520004,primary_input_absent [revenue impossible: < 0 (value=-1.89967e+06)]
stock_CUR3K@844b3eaf1ea2,IVQ.TO,2019-10-01,6.755331999999999,368933513.12043196,primary_input_absent [revenue impossible: < 0 (value=-1.89967e+06)]
stock_CUR3K@844b3eaf1ea2,IVQ.TO,2020-01-01,3.2117763999999998,175817130.1994072,primary_input_absent [revenue impossible: < 0 (value=-1.89967e+06)]
stock_CUR3K@844b3eaf1ea2,IVQ.TO,2020-04-01,2.4819713000000005,137928915.72427252,primary_input_absent [revenue impossible: < 0 (value=-1.89967e+06)]
stock_CUR3K@844b3eaf1ea2,IVQ.TO,2020-07-01,1.9435359999999997,108557173.10446398,primary_input_absent [revenue impossible: < 0 (value=-1.89967e+06)]
stock_CUR3K@844b3eaf1ea2,IVQ.TO,2020-10-01,1.7814960000000002,99545665.66322401,primary_input_absent [revenue impossible: < 0 (value=-1.89967e+06)]
stock_CUR3K@844b3eaf1ea2,IVQ.TO,2021-01-01,2.8649880000000003,160903819.909476,primary_input_absent [revenue impossible: < 0 (value=-1.89967e+06)]
stock_CUR3K@844b3eaf1ea2,IVQ.TO,2021-04-01,2.8213500000000002,158866861.09350002,primary_input_absent [revenue impossible: < 0 (value=-1.89967e+06)]
stock_CUR3K@844b3eaf1ea2,IVQ.TO,2021-07-01,2.080848,117283210.37664,primary_input_absent [revenue impossible: < 0 (value=-1.89967e+06)]
stock_CUR3K@844b3eaf1ea2,IVQ.TO,2021-10-01,2.05556,115597072.38351999,primary_input_absent [revenue impossible: < 0 (value=-1.89967e+06)]
stock_CUR3K@844b3eaf1ea2,IVQ.TO,2022-01-01,1.374624,94000111.586208,primary_input_absent [revenue impossible: < 0 (value=-1.89967e+06)]
stock_CUR3K@844b3eaf1ea2,IVQ.TO,2022-04-01,1.2423520000000001,70467539.72604801,primary_input_absent [revenue impossible: < 0 (value=-1.89967e+06)]
stock_CUR3K@844b3eaf1ea2,IVQ.TO,2022-07-01,1.12003,63378424.15089001,primary_input_absent [revenue impossible: < 0 (value=-1.89967e+06)]
stock_CUR3K@844b3eaf1ea2,IVQ.TO,2022-10-01,0.907371,51254168.437692,primary_input_absent [revenue impossible: < 0 (value=-1.89967e+06)]
stock_CUR3K@844b3eaf1ea2,IVQ.TO,2023-01-01,0.8429159999999999,47832444.28782,primary_input_absent [revenue impossible: < 0 (value=-1.89967e+06)]
stock_CUR3K@844b3eaf1ea2,IVQ.TO,2023-04-01,0.769488,43406682.650111996,primary_input_absent [revenue impossible: < 0 (value=-1.89967e+06)]
stock_CUR3K@844b3eaf1ea2,IVQ.TO,2023-07-01,0.360689,25096247.197448,primary_input_absent [revenue impossible: < 0 (value=-1.89967e+06)]
stock_CUR3K@844b3eaf1ea2,IVQ.TO,2023-10-01,0.2487903,14096214.583506,primary_input_absent [revenue impossible: < 0 (value=-1.89967e+06)]
stock_CUR3K@844b3eaf1ea2,IVQ.TO,2024-01-01,0.2884206,16341427.226233201,primary_input_absent [revenue impossible: < 0 (value=-1.89967e+06)]
stock_CUR3K@844b3eaf1ea2,IVQ.TO,2024-04-01,0.1316484,7461652.1385276,primary_input_absent [revenue impossible: < 0 (value=-1.89967e+06)]
stock_CUR3K@844b3eaf1ea2,IVQ.TO,2024-07-01,0.103467,5864627.51238,primary_input_absent [revenue impossible: < 0 (value=-1.89967e+06)]
stock_CUR3K@844b3eaf1ea2,IVQ.TO,2024-10-01,0.0799135,4903527.681767,primary_input_absent [revenue impossible: < 0 (value=-1.89967e+06)]
stock_CUR3K@844b3eaf1ea2,IVQ.TO,2025-01-01,0.11812280000000001,107973026.70946041,primary_input_absent [revenue impossible: < 0 (value=-1.89967e+06)]
stock_CUR3K@844b3eaf1ea2,IVQ.TO,2025-04-01,0.1065025,97351208.0404825,primary_input_absent [revenue impossible: < 0 (value=-1.89967e+06)]
stock_CUR3K@844b3eaf1ea2,IVQ.TO,2025-07-01,0.08615999999999999,78756649.70087999,primary_input_absent [revenue impossible: < 0 (value=-1.89967e+06)]
stock_CUR3K@844b3eaf1ea2,IVQ.TO,2025-10-01,0.10923,99783662.56550999,primary_input_absent [revenue impossible: < 0 (value=-1.89967e+06)]
stock_CUR3K@844b3eaf1ea2,IVQ.TO,2026-01-01,0.0934596,85377105.0984852,primary_input_absent [revenue impossible: < 0 (value=-1.89967e+06)]
stock_CUR3K@844b3eaf1ea2,IVQ.TO,2026-04-01,0.08799999999999998,80389657.65599999,primary_input_absent [revenue impossible: < 0 (value=-1.89967e+06)]
stock_CUR3K@844b3eaf1ea2,LIT.L,2016-04-01,1.057736925,34406743.648031995,primary_input_absent [revenue impossible: < 0 (value=-2.55087e+07)]
stock_CUR3K@844b3eaf1ea2,LIT.L,2016-10-01,1.0143126,36887704.115157,primary_input_absent [revenue impossible: < 0 (value=-2.55087e+07)]
stock_CUR3K@844b3eaf1ea2,LIT.L,2017-04-01,1.0029366,57238315.8822252,primary_input_absent [revenue impossible: < 0 (value=-2.55087e+07)]
stock_CUR3K@844b3eaf1ea2,LIT.L,2017-10-01,1.025030925,57500954.79354,primary_input_absent [revenue impossible: < 0 (value=-2.55087e+07)]
stock_CUR3K@844b3eaf1ea2,LIT.L,2018-04-01,1.0559594250000002,61264325.516268834,primary_input_absent [revenue impossible: < 0 (value=-2.55087e+07)]
stock_CUR3K@844b3eaf1ea2,LIT.L,2018-10-01,1.27518285,82766204.4954417,primary_input_absent [revenue impossible: < 0 (value=-2.55087e+07)]
stock_CUR3K@844b3eaf1ea2,LIT.L,2019-04-01,1.83897548,204920458.2307928,primary_input_absent [revenue impossible: < 0 (value=-2.55087e+07)]
stock_CUR3K@844b3eaf1ea2,LIT.L,2019-10-01,1.3029131999999999,146084207.1147984,primary_input_absent [revenue impossible: < 0 (value=-2.55087e+07)]
stock_CUR3K@844b3eaf1ea2,LIT.L,2020-04-01,1.00936886,112123455.61136982,primary_input_absent [revenue impossible: < 0 (value=-2.55087e+07)]
stock_CUR3K@844b3eaf1ea2,LIT.L,2020-10-01,1.1703912,122274997.28740561,primary_input_absent [revenue impossible: < 0 (value=-2.55087e+07)]
stock_CUR3K@844b3eaf1ea2,LIT.L,2021-04-01,2.4695663999999997,292487010.84674394,primary_input_absent [revenue impossible: < 0 (value=-2.55087e+07)]
stock_CUR3K@844b3eaf1ea2,LIT.L,2021-10-01,1.8648723,212685769.1547228,primary_input_absent [revenue impossible: < 0 (value=-2.55087e+07)]
stock_CUR3K@844b3eaf1ea2,LIT.L,2022-04-01,1.6664507999999998,176670218.04258958,primary_input_absent [revenue impossible: < 0 (value=-2.55087e+07)]
stock_CUR3K@844b3eaf1ea2,LIT.L,2022-10-01,1.2216036,129960269.6675136,primary_input_absent [revenue impossible: < 0 (value=-2.55087e+07)]
stock_CUR3K@844b3eaf1ea2,LIT.L,2023-04-01,1.57772088,182463820.51310351,primary_input_absent [revenue impossible: < 0 (value=-2.55087e+07)]
stock_CUR3K@844b3eaf1ea2,LIT.L,2023-10-01,1.847736,211546915.85412002,primary_input_absent [revenue impossible: < 0 (value=-2.55087e+07)]
stock_CUR3K@844b3eaf1ea2,LIT.L,2024-04-01,2.0691143,227514453.56019157,primary_input_absent [revenue impossible: < 0 (value=-2.55087e+07)]
stock_CUR3K@844b3eaf1ea2,LIT.L,2024-10-01,2.03207528,209691831.44867328,primary_input_absent [revenue impossible: < 0 (value=-2.55087e+07)]
stock_CUR3K@844b3eaf1ea2,LIT.L,2025-04-01,0.5838476,59952571.2149084,primary_input_absent [revenue impossible: < 0 (value=-2.55087e+07)]
stock_CUR3K@844b3eaf1ea2,LIT.L,2025-10-01,0.15243454799999998,15686118.934879173,primary_input_absent [revenue impossible: < 0 (value=-2.55087e+07)]
stock_CUR3K@844b3eaf1ea2,NEDSE.AS,2020-04-01,0.129,5238142.782000001,primary_input_absent [netCashProvidedByOperatingActivities NaN (value=NaN)]
stock_CUR3K@844b3eaf1ea2,NEDSE.AS,2020-10-01,0.145,11890000.0,primary_input_absent [netCashProvidedByOperatingActivities NaN (value=NaN)]
stock_CUR3K@844b3eaf1ea2,NEDSE.AS,2021-04-01,0.164,6660723.0600000005,primary_input_absent [netCashProvidedByOperatingActivities NaN (value=NaN)]
stock_CUR3K@844b3eaf1ea2,NEDSE.AS,2021-10-01,0.183,18300000.0,primary_input_absent [netCashProvidedByOperatingActivities NaN (value=NaN)]
stock_CUR3K@844b3eaf1ea2,NEDSE.AS,2022-04-01,0.138,13800000.000000002,primary_input_absent [netCashProvidedByOperatingActivities NaN (value=NaN)]
stock_CUR3K@844b3eaf1ea2,NEDSE.AS,2022-10-01,0.131,13100000.0,primary_input_absent [netCashProvidedByOperatingActivities NaN (value=NaN)]
stock_CUR3K@844b3eaf1ea2,NEDSE.AS,2023-04-01,0.122,12200000.0,primary_input_absent [netCashProvidedByOperatingActivities NaN (value=NaN)]
stock_CUR3K@844b3eaf1ea2,NEDSE.AS,2023-10-01,0.099,9900000.0,primary_input_absent [netCashProvidedByOperatingActivities NaN (value=NaN)]
stock_CUR3K@844b3eaf1ea2,NEDSE.AS,2024-04-01,0.08,8000000.0,primary_input_absent [netCashProvidedByOperatingActivities NaN (value=NaN)]
stock_CUR3K@844b3eaf1ea2,NEDSE.AS,2024-10-01,0.0675,6749999.9325,primary_input_absent [netCashProvidedByOperatingActivities NaN (value=NaN)]
stock_CUR3K@844b3eaf1ea2,NEDSE.AS,2025-04-01,0.077,4258100.0,primary_input_absent [netCashProvidedByOperatingActivities NaN (value=NaN)]
stock_CUR3K@844b3eaf1ea2,NEDSE.AS,2025-10-01,0.17,17000000.0,primary_input_absent [netCashProvidedByOperatingActivities NaN (value=NaN)]
stock_CUR3K@844b3eaf1ea2,NEDSE.AS,2026-04-01,0.073,7300000.0,primary_input_absent [netCashProvidedByOperatingActivities NaN (value=NaN)]
stock_CUR3K@844b3eaf1ea2,NWG.L,2002-04-01,,,primary_input_absent [netCashProvidedByOperatingActivities NaN (value=NaN)]
stock_CUR3K@844b3eaf1ea2,NWG.L,2002-10-01,,,primary_input_absent [netCashProvidedByOperatingActivities NaN (value=NaN)]
stock_CUR3K@844b3eaf1ea2,NWG.L,2003-04-01,,,primary_input_absent [netCashProvidedByOperatingActivities NaN (value=NaN)]
stock_CUR3K@844b3eaf1ea2,NWG.L,2003-10-01,,,primary_input_absent [netCashProvidedByOperatingActivities NaN (value=NaN)]
stock_CUR3K@844b3eaf1ea2,NWG.L,2004-04-01,,,primary_input_absent [netCashProvidedByOperatingActivities NaN (value=NaN)]
stock_CUR3K@844b3eaf1ea2,NWG.L,2004-10-01,,,primary_input_absent [netCashProvidedByOperatingActivities NaN (value=NaN)]
stock_CUR3K@844b3eaf1ea2,NWG.L,2005-04-01,,0.0,primary_input_absent [netCashProvidedByOperatingActivities NaN (value=NaN)]
stock_CUR3K@844b3eaf1ea2,NWG.L,2005-10-01,,0.0,primary_input_absent [netCashProvidedByOperatingActivities NaN (value=NaN)]
stock_CUR3K@844b3eaf1ea2,NWG.L,2006-04-01,,0.0,primary_input_absent [netCashProvidedByOperatingActivities NaN (value=NaN)]
stock_CUR3K@844b3eaf1ea2,NWG.L,2006-10-01,,0.0,primary_input_absent [netCashProvidedByOperatingActivities NaN (value=NaN)]
stock_CUR3K@844b3eaf1ea2,NWG.L,2007-04-01,,0.0,primary_input_absent [netCashProvidedByOperatingActivities NaN (value=NaN)]
stock_CUR3K@844b3eaf1ea2,NWG.L,2007-10-01,,0.0,primary_input_absent [netCashProvidedByOperatingActivities NaN (value=NaN)]
stock_CUR3K@844b3eaf1ea2,NWG.L,2008-04-01,23.1538,34675130880.0,primary_input_absent [netCashProvidedByOperatingActivities NaN (value=NaN)]
stock_CUR3K@844b3eaf1ea2,NWG.L,2008-10-01,5.32,19477365880.0,primary_input_absent [netCashProvidedByOperatingActivities NaN (value=NaN)]
stock_CUR3K@844b3eaf1ea2,NWG.L,2009-04-01,4.1612,15222888236.5484,primary_input_absent [netCashProvidedByOperatingActivities NaN (value=NaN)]
stock_CUR3K@844b3eaf1ea2,NWG.L,2009-07-01,5.7023,29784333192.2,primary_input_absent [netCashProvidedByOperatingActivities NaN (value=NaN)]
stock_CUR3K@844b3eaf1ea2,NWG.L,2009-10-01,3.1445999999999996,22454645219.999996,primary_input_absent [netCashProvidedByOperatingActivities NaN (value=NaN)]
stock_CUR3K@844b3eaf1ea2,NWG.L,2010-04-01,4.4617,44501281348.8,primary_input_absent [netCashProvidedByOperatingActivities NaN (value=NaN)]
stock_CUR3K@844b3eaf1ea2,NWG.L,2010-07-01,5.0841,50591589306.3,primary_input_absent [netCashProvidedByOperatingActivities NaN (value=NaN)]
stock_CUR3K@844b3eaf1ea2,NWG.L,2010-10-01,4.2075,45297023557.49999,primary_input_absent [netCashProvidedByOperatingActivities NaN (value=NaN)]
stock_CUR3K@844b3eaf1ea2,NWG.L,2011-04-01,4.1418,41524800454.8,primary_input_absent [netCashProvidedByOperatingActivities NaN (value=NaN)]
stock_CUR3K@844b3eaf1ea2,NWG.L,2011-07-01,2.5297,25496122805.8,primary_input_absent [netCashProvidedByOperatingActivities NaN (value=NaN)]
stock_CUR3K@844b3eaf1ea2,NWG.L,2011-10-01,2.1732,23904248138.4,primary_input_absent [netCashProvidedByOperatingActivities NaN (value=NaN)]
stock_CUR3K@844b3eaf1ea2,NWG.L,2012-04-01,2.3186,23583804520.6,primary_input_absent [netCashProvidedByOperatingActivities NaN (value=NaN)]
stock_CUR3K@844b3eaf1ea2,NWG.L,2012-07-01,2.8689,29503563908.1,primary_input_absent [netCashProvidedByOperatingActivities NaN (value=NaN)]
stock_CUR3K@844b3eaf1ea2,NWG.L,2012-10-01,3.4945999999999997,35822089230.799995,primary_input_absent [netCashProvidedByOperatingActivities NaN (value=NaN)]
stock_CUR3K@844b3eaf1ea2,NWG.L,2013-01-01,3.0551999999999997,31901744587.199997,primary_input_absent [netCashProvidedByOperatingActivities NaN (value=NaN)]
stock_CUR3K@844b3eaf1ea2,NWG.L,2013-04-01,3.0358,31817570138.8,primary_input_absent [netCashProvidedByOperatingActivities NaN (value=NaN)]
stock_CUR3K@844b3eaf1ea2,NWG.L,2013-07-01,3.8758000000000004,40265891617.4,primary_input_absent [netCashProvidedByOperatingActivities NaN (value=NaN)]
stock_CUR3K@844b3eaf1ea2,NWG.L,2013-10-01,3.6411,38056777200.0,primary_input_absent [netCashProvidedByOperatingActivities NaN (value=NaN)]
stock_CUR3K@844b3eaf1ea2,NWG.L,2014-01-01,3.3492,35083586728.8,primary_input_absent [netCashProvidedByOperatingActivities NaN (value=NaN)]
stock_CUR3K@844b3eaf1ea2,NWG.L,2014-04-01,3.5366000000000004,37223977566.200005,primary_input_absent [netCashProvidedByOperatingActivities NaN (value=NaN)]
stock_CUR3K@844b3eaf1ea2,NWG.L,2014-07-01,3.9652000000000003,41749103080.4,primary_input_absent [netCashProvidedByOperatingActivities NaN (value=NaN)]
stock_CUR3K@844b3eaf1ea2,NWG.L,2014-10-01,4.2474,44297408820.0,primary_input_absent [netCashProvidedByOperatingActivities NaN (value=NaN)]
stock_CUR3K@844b3eaf1ea2,NWG.L,2015-01-01,3.6615,38932989466.5,primary_input_absent [netCashProvidedByOperatingActivities NaN (value=NaN)]
stock_CUR3K@844b3eaf1ea2,NWG.L,2015-04-01,3.7854,40461330524.4,primary_input_absent [netCashProvidedByOperatingActivities NaN (value=NaN)]
stock_CUR3K@844b3eaf1ea2,NWG.L,2015-07-01,3.3923,36369818497.8,primary_input_absent [netCashProvidedByOperatingActivities NaN (value=NaN)]
stock_CUR3K@844b3eaf1ea2,NWG.L,2015-10-01,3.2522999999999995,34892996542.2,primary_input_absent [netCashProvidedByOperatingActivities NaN (value=NaN)]
stock_CUR3K@844b3eaf1ea2,NWG.L,2016-01-01,2.3983000000000003,25846479100.000004,primary_input_absent [netCashProvidedByOperatingActivities NaN (value=NaN)]
stock_CUR3K@844b3eaf1ea2,NWG.L,2016-04-01,1.848,19915896000.0,primary_input_absent [netCashProvidedByOperatingActivities NaN (value=NaN)]
stock_CUR3K@844b3eaf1ea2,NWG.L,2016-07-01,1.9255000000000004,20962092460.500004,primary_input_absent [netCashProvidedByOperatingActivities NaN (value=NaN)]
stock_CUR3K@844b3eaf1ea2,NWG.L,2016-10-01,2.4188,26426771134.8,primary_input_absent [netCashProvidedByOperatingActivities NaN (value=NaN)]
stock_CUR3K@844b3eaf1ea2,NWG.L,2017-01-01,2.6072,28550516429.600002,primary_input_absent [netCashProvidedByOperatingActivities NaN (value=NaN)]
stock_CUR3K@844b3eaf1ea2,NWG.L,2017-04-01,2.6620999999999997,29151706730.299995,primary_input_absent [netCashProvidedByOperatingActivities NaN (value=NaN)]
stock_CUR3K@844b3eaf1ea2,NWG.L,2017-07-01,2.8894,31890307800.000004,primary_input_absent [netCashProvidedByOperatingActivities NaN (value=NaN)]
stock_CUR3K@844b3eaf1ea2,NWG.L,2017-10-01,2.9938,33203807686.6,primary_input_absent [netCashProvidedByOperatingActivities NaN (value=NaN)]
stock_CUR3K@844b3eaf1ea2,NWG.L,2018-01-01,2.7870999999999997,30942384199.999996,primary_input_absent [netCashProvidedByOperatingActivities NaN (value=NaN)]
stock_CUR3K@844b3eaf1ea2,NWG.L,2018-04-01,2.758,30619316000.0,primary_input_absent [netCashProvidedByOperatingActivities NaN (value=NaN)]
stock_CUR3K@844b3eaf1ea2,NWG.L,2018-07-01,2.6761,29903889446.899998,primary_input_absent [netCashProvidedByOperatingActivities NaN (value=NaN)]
stock_CUR3K@844b3eaf1ea2,NWG.L,2018-10-01,2.3337,26090766000.0,primary_input_absent [netCashProvidedByOperatingActivities NaN (value=NaN)]
stock_CUR3K@844b3eaf1ea2,NWG.L,2019-01-01,2.6675,29839988750.0,primary_input_absent [netCashProvidedByOperatingActivities NaN (value=NaN)]
stock_CUR3K@844b3eaf1ea2,NWG.L,2019-04-01,2.3908,26793525853.2,primary_input_absent [netCashProvidedByOperatingActivities NaN (value=NaN)]
stock_CUR3K@844b3eaf1ea2,NWG.L,2019-07-01,2.2357,25067786250.0,primary_input_absent [netCashProvidedByOperatingActivities NaN (value=NaN)]
stock_CUR3K@844b3eaf1ea2,NWG.L,2019-10-01,2.5877999999999997,29022917110.799995,primary_input_absent [netCashProvidedByOperatingActivities NaN (value=NaN)]
stock_CUR3K@844b3eaf1ea2,NWG.L,2020-01-01,1.2158,13547485540.6,primary_input_absent [netCashProvidedByOperatingActivities NaN (value=NaN)]
stock_CUR3K@844b3eaf1ea2,NWG.L,2020-04-01,1.3094999999999999,14694928766.999998,primary_input_absent [netCashProvidedByOperatingActivities NaN (value=NaN)]
stock_CUR3K@844b3eaf1ea2,NWG.L,2020-07-01,1.1421,12901499661.599998,primary_input_absent [netCashProvidedByOperatingActivities NaN (value=NaN)]
stock_CUR3K@844b3eaf1ea2,NWG.L,2020-10-01,1.8055,20304710776.0,primary_input_absent [netCashProvidedByOperatingActivities NaN (value=NaN)]
stock_CUR3K@844b3eaf1ea2,NWG.L,2021-01-01,2.1135,23858276452.5,primary_input_absent [netCashProvidedByOperatingActivities NaN (value=NaN)]
stock_CUR3K@844b3eaf1ea2,NWG.L,2021-04-01,2.1883,23896238188.3,primary_input_absent [netCashProvidedByOperatingActivities NaN (value=NaN)]
stock_CUR3K@844b3eaf1ea2,NWG.L,2021-07-01,2.4219999999999997,25911556285.999996,primary_input_absent [netCashProvidedByOperatingActivities NaN (value=NaN)]
stock_CUR3K@844b3eaf1ea2,NWG.L,2021-10-01,2.4306,25777152247.8,primary_input_absent [netCashProvidedByOperatingActivities NaN (value=NaN)]
stock_CUR3K@844b3eaf1ea2,NWG.L,2022-01-01,2.3251,24140852971.6,primary_input_absent [netCashProvidedByOperatingActivities NaN (value=NaN)]
stock_CUR3K@844b3eaf1ea2,NWG.L,2022-04-01,2.3509,22386583953.100002,primary_input_absent [netCashProvidedByOperatingActivities NaN (value=NaN)]
stock_CUR3K@844b3eaf1ea2,NWG.L,2022-07-01,2.259,24167714967.0,primary_input_absent [netCashProvidedByOperatingActivities NaN (value=NaN)]
stock_CUR3K@844b3eaf1ea2,NWG.L,2022-10-01,2.6519999999999997,25548275375.999996,primary_input_absent [netCashProvidedByOperatingActivities NaN (value=NaN)]
stock_CUR3K@844b3eaf1ea2,NWG.L,2023-01-01,2.636,25255516000.0,primary_input_absent [netCashProvidedByOperatingActivities NaN (value=NaN)]
stock_CUR3K@844b3eaf1ea2,NWG.L,2023-04-01,2.408,22127567112.0,primary_input_absent [netCashProvidedByOperatingActivities NaN (value=NaN)]
stock_CUR3K@844b3eaf1ea2,NWG.L,2023-07-01,2.3569999999999998,20828184394.999996,primary_input_absent [netCashProvidedByOperatingActivities NaN (value=NaN)]
stock_CUR3K@844b3eaf1ea2,NWG.L,2023-10-01,2.194,24133039028.0,primary_input_absent [netCashProvidedByOperatingActivities NaN (value=NaN)]
stock_CUR3K@844b3eaf1ea2,NWG.L,2024-01-01,2.6710000000000003,29379830102.000004,primary_input_absent [netCashProvidedByOperatingActivities NaN (value=NaN)]
stock_CUR3K@844b3eaf1ea2,NWG.L,2024-04-01,3.15,27293943600.0,primary_input_absent [netCashProvidedByOperatingActivities NaN (value=NaN)]
stock_CUR3K@844b3eaf1ea2,NWG.L,2024-07-01,3.4389999999999996,28585164022.999996,primary_input_absent [netCashProvidedByOperatingActivities NaN (value=NaN)]
stock_CUR3K@844b3eaf1ea2,NWG.L,2024-10-01,4.021,32798746123.0,primary_input_absent [netCashProvidedByOperatingActivities NaN (value=NaN)]
stock_CUR3K@844b3eaf1ea2,NWG.L,2025-01-01,4.518,36446706000.0,primary_input_absent [netCashProvidedByOperatingActivities NaN (value=NaN)]
stock_CUR3K@844b3eaf1ea2,NWG.L,2025-04-01,5.114,41313096134.0,primary_input_absent [netCashProvidedByOperatingActivities NaN (value=NaN)]
stock_CUR3K@844b3eaf1ea2,NWG.L,2025-07-01,5.216,21065911360.0,primary_input_absent [netCashProvidedByOperatingActivities NaN (value=NaN)]
stock_CUR3K@844b3eaf1ea2,NWG.L,2025-10-01,6.518,52181458946.0,primary_input_absent [netCashProvidedByOperatingActivities NaN (value=NaN)]
stock_CUR3K@844b3eaf1ea2,NWG.L,2026-01-01,5.532,44256000000.0,primary_input_absent [netCashProvidedByOperatingActivities NaN (value=NaN)]
stock_CUR3K@844b3eaf1ea2,NWG.L,2026-04-01,6.67,53194077080.0,primary_input_absent [netCashProvidedByOperatingActivities NaN (value=NaN)]
stock_CUR3K@844b3eaf1ea2,PBAM,2006-01-01,9.0,12465000.0,primary_input_absent [netCashProvidedByOperatingActivities NaN (value=NaN)]
stock_CUR3K@844b3eaf1ea2,PBAM,2006-04-01,9.0,12465000.0,primary_input_absent [netCashProvidedByOperatingActivities NaN (value=NaN)]
stock_CUR3K@844b3eaf1ea2,PBAM,2006-07-01,9.0,12465000.0,primary_input_absent [netCashProvidedByOperatingActivities NaN (value=NaN)]
stock_CUR3K@844b3eaf1ea2,PBAM,2006-10-01,9.0,12369987.0,primary_input_absent [netCashProvidedByOperatingActivities NaN (value=NaN)]
stock_CUR3K@844b3eaf1ea2,PBAM,2007-01-01,9.0,12442293.0,primary_input_absent [netCashProvidedByOperatingActivities NaN (value=NaN)]
stock_CUR3K@844b3eaf1ea2,PBAM,2007-04-01,9.0,12442293.0,primary_input_absent [netCashProvidedByOperatingActivities NaN (value=NaN)]
stock_CUR3K@844b3eaf1ea2,PBAM,2007-07-01,9.0,12442293.0,primary_input_absent [netCashProvidedByOperatingActivities NaN (value=NaN)]
stock_CUR3K@844b3eaf1ea2,PBAM,2012-10-01,9.15,23896689.0,primary_input_absent [netCashProvidedByOperatingActivities NaN (value=NaN)]
stock_CUR3K@844b3eaf1ea2,PBAM,2013-04-01,10.5,42525000.0,primary_input_absent [netCashProvidedByOperatingActivities NaN (value=NaN)]
stock_CUR3K@844b3eaf1ea2,PBAM,2013-07-01,11.25,46636357.5,primary_input_absent [netCashProvidedByOperatingActivities NaN (value=NaN)]
stock_CUR3K@844b3eaf1ea2,PBAM,2013-10-01,11.69,47974906.629999995,primary_input_absent [netCashProvidedByOperatingActivities NaN (value=NaN)]
stock_CUR3K@844b3eaf1ea2,PBAM,2014-01-01,12.35,48679575.1,primary_input_absent [netCashProvidedByOperatingActivities NaN (value=NaN)]
stock_CUR3K@844b3eaf1ea2,PBAM,2014-04-01,12.45,50894429.699999996,primary_input_absent [netCashProvidedByOperatingActivities NaN (value=NaN)]
stock_CUR3K@844b3eaf1ea2,PBAM,2014-07-01,13.4,54732769.0,primary_input_absent [netCashProvidedByOperatingActivities NaN (value=NaN)]
stock_CUR3K@844b3eaf1ea2,PBAM,2014-10-01,14.1,57591943.5,primary_input_absent [netCashProvidedByOperatingActivities NaN (value=NaN)]
stock_CUR3K@844b3eaf1ea2,PBAM,2015-01-01,14.65,59652968.75,primary_input_absent [netCashProvidedByOperatingActivities NaN (value=NaN)]
stock_CUR3K@844b3eaf1ea2,PBAM,2015-04-01,14.78,61040188.04,primary_input_absent [netCashProvidedByOperatingActivities NaN (value=NaN)]
stock_CUR3K@844b3eaf1ea2,PBAM,2015-07-01,15.0,62327085.0,primary_input_absent [netCashProvidedByOperatingActivities NaN (value=NaN)]
stock_CUR3K@844b3eaf1ea2,PBAM,2015-10-01,15.9,62764009.800000004,primary_input_absent [netCashProvidedByOperatingActivities NaN (value=NaN)]
stock_CUR3K@844b3eaf1ea2,PBAM,2016-01-01,17.0,65537924.0,primary_input_absent [netCashProvidedByOperatingActivities NaN (value=NaN)]
stock_CUR3K@844b3eaf1ea2,PBAM,2016-04-01,15.56,60942653.88,primary_input_absent [netCashProvidedByOperatingActivities NaN (value=NaN)]
stock_CUR3K@844b3eaf1ea2,PBAM,2016-07-01,16.12,65143708.760000005,primary_input_absent [netCashProvidedByOperatingActivities NaN (value=NaN)]
stock_CUR3K@844b3eaf1ea2,PBAM,2016-10-01,19.38,78317932.74,primary_input_absent [netCashProvidedByOperatingActivities NaN (value=NaN)]
stock_CUR3K@844b3eaf1ea2,PBAM,2017-01-01,22.76,92794113.2,primary_input_absent [netCashProvidedByOperatingActivities NaN (value=NaN)]
stock_CUR3K@844b3eaf1ea2,PBAM,2017-04-01,23.05,109376007.15,primary_input_absent [netCashProvidedByOperatingActivities NaN (value=NaN)]
stock_CUR3K@844b3eaf1ea2,PBAM,2017-07-01,23.16,114434092.68,primary_input_absent [netCashProvidedByOperatingActivities NaN (value=NaN)]
stock_CUR3K@844b3eaf1ea2,PBAM,2017-10-01,25.45,114132102.89999999,primary_input_absent [netCashProvidedByOperatingActivities NaN (value=NaN)]
stock_CUR3K@844b3eaf1ea2,PBAM,2018-01-01,26.3,130503966.4,primary_input_absent [netCashProvidedByOperatingActivities NaN (value=NaN)]
stock_CUR3K@844b3eaf1ea2,PBAM,2018-04-01,25.82,129485182.76,primary_input_absent [netCashProvidedByOperatingActivities NaN (value=NaN)]
stock_CUR3K@844b3eaf1ea2,PBAM,2018-07-01,25.8,128171949.0,primary_input_absent [netCashProvidedByOperatingActivities NaN (value=NaN)]
stock_CUR3K@844b3eaf1ea2,PBAM,2018-10-01,22.95,114063565.5,primary_input_absent [netCashProvidedByOperatingActivities NaN (value=NaN)]
stock_CUR3K@844b3eaf1ea2,PBAM,2019-01-01,23.55,117674899.05,primary_input_absent [netCashProvidedByOperatingActivities NaN (value=NaN)]
stock_CUR3K@844b3eaf1ea2,PBAM,2019-04-01,23.45,117893397.64999999,primary_input_absent [netCashProvidedByOperatingActivities NaN (value=NaN)]
stock_CUR3K@844b3eaf1ea2,PBAM,2019-07-01,20.31,110999796.17999999,primary_input_absent [netCashProvidedByOperatingActivities NaN (value=NaN)]
stock_CUR3K@844b3eaf1ea2,PBAM,2019-10-01,22.25,120462746.0,primary_input_absent [netCashProvidedByOperatingActivities NaN (value=NaN)]
stock_CUR3K@844b3eaf1ea2,PBAM,2020-01-01,13.0,71346561.0,primary_input_absent [netCashProvidedByOperatingActivities NaN (value=NaN)]
stock_CUR3K@844b3eaf1ea2,PBAM,2020-04-01,12.6,68482953.0,primary_input_absent [netCashProvidedByOperatingActivities NaN (value=NaN)]
stock_CUR3K@844b3eaf1ea2,PBAM,2020-07-01,13.25,72874602.5,primary_input_absent [netCashProvidedByOperatingActivities NaN (value=NaN)]
stock_CUR3K@844b3eaf1ea2,PBAM,2020-10-01,18.5,101773532.0,primary_input_absent [netCashProvidedByOperatingActivities NaN (value=NaN)]
stock_CUR3K@844b3eaf1ea2,PBAM,2021-01-01,24.0,132357288.0,primary_input_absent [netCashProvidedByOperatingActivities NaN (value=NaN)]
stock_CUR3K@844b3eaf1ea2,PBAM,2021-04-01,24.55,135911525.05,primary_input_absent [netCashProvidedByOperatingActivities NaN (value=NaN)]
stock_CUR3K@844b3eaf1ea2,PBAM,2021-07-01,24.75,137199224.25,primary_input_absent [netCashProvidedByOperatingActivities NaN (value=NaN)]
stock_CUR3K@844b3eaf1ea2,PBAM,2021-10-01,26.950000000000003,149503022.9,primary_input_absent [netCashProvidedByOperatingActivities NaN (value=NaN)]
stock_CUR3K@844b3eaf1ea2,PBAM,2022-01-01,30.04,167274736.0,primary_input_absent [netCashProvidedByOperatingActivities NaN (value=NaN)]
stock_CUR3K@844b3eaf1ea2,PBAM,2022-04-01,28.979999999999997,160638023.7,primary_input_absent [netCashProvidedByOperatingActivities NaN (value=NaN)]
stock_CUR3K@844b3eaf1ea2,PBAM,2022-07-01,29.25,162322290.0,primary_input_absent [netCashProvidedByOperatingActivities NaN (value=NaN)]
stock_CUR3K@844b3eaf1ea2,PBAM,2022-10-01,32.39,180132968.64000002,primary_input_absent [netCashProvidedByOperatingActivities NaN (value=NaN)]
stock_CUR3K@844b3eaf1ea2,PBAM,2023-01-01,29.0,162637597.0,primary_input_absent [netCashProvidedByOperatingActivities NaN (value=NaN)]
stock_CUR3K@844b3eaf1ea2,PBAM,2023-04-01,27.05,152952466.75,primary_input_absent [netCashProvidedByOperatingActivities NaN (value=NaN)]
stock_CUR3K@844b3eaf1ea2,PBAM,2023-07-01,31.74,179595711.6,primary_input_absent [netCashProvidedByOperatingActivities NaN (value=NaN)]
stock_CUR3K@844b3eaf1ea2,PBAM,2023-10-01,35.0,198240980.0,primary_input_absent [netCashProvidedByOperatingActivities NaN (value=NaN)]
stock_CUR3K@844b3eaf1ea2,PBAM,2024-01-01,34.15,193966638.45,primary_input_absent [netCashProvidedByOperatingActivities NaN (value=NaN)]
stock_CUR3K@844b3eaf1ea2,PBAM,2024-04-01,35.17,200572329.46,primary_input_absent [netCashProvidedByOperatingActivities NaN (value=NaN)]
stock_CUR3K@844b3eaf1ea2,PBAM,2024-07-01,45.0,256847535.0,primary_input_absent [netCashProvidedByOperatingActivities NaN (value=NaN)]
stock_CUR3K@844b3eaf1ea2,PBAM,2024-10-01,57.74000000000001,330058642.34000003,primary_input_absent [netCashProvidedByOperatingActivities NaN (value=NaN)]
stock_CUR3K@844b3eaf1ea2,PBAM,2025-01-01,54.91,314891718.08,primary_input_absent [netCashProvidedByOperatingActivities NaN (value=NaN)]
stock_CUR3K@844b3eaf1ea2,PBAM,2025-04-01,54.22,312029159.84,primary_input_absent [netCashProvidedByOperatingActivities NaN (value=NaN)]
stock_CUR3K@844b3eaf1ea2,PBAM,2025-07-01,59.05,339962187.59999996,primary_input_absent [netCashProvidedByOperatingActivities NaN (value=NaN)]
stock_CUR3K@844b3eaf1ea2,PBAM,2025-10-01,57.53,327995271.23,primary_input_absent [netCashProvidedByOperatingActivities NaN (value=NaN)]
stock_CUR3K@844b3eaf1ea2,PBAM,2026-01-01,67.99,387145122.52,primary_input_absent [netCashProvidedByOperatingActivities NaN (value=NaN)]
stock_CUR3K@844b3eaf1ea2,PBAM,2026-04-01,74.0,420406210.0,primary_input_absent [netCashProvidedByOperatingActivities NaN (value=NaN)]
stock_CUR3K@844b3eaf1ea2,PEUG.PA,2005-10-01,89.0,2261312000.0,primary_input_absent [revenue impossible: < 0 (value=-6.7926e+07)]
stock_CUR3K@844b3eaf1ea2,PEUG.PA,2006-10-01,95.25,2415934620.75,primary_input_absent [revenue impossible: < 0 (value=-6.7926e+07)]
stock_CUR3K@844b3eaf1ea2,PEUG.PA,2007-10-01,88.0,2235904000.0,primary_input_absent [revenue impossible: < 0 (value=-6.7926e+07)]
stock_CUR3K@844b3eaf1ea2,PEUG.PA,2008-10-01,23.2,589465600.0,primary_input_absent [revenue impossible: < 0 (value=-6.7926e+07)]
stock_CUR3K@844b3eaf1ea2,PEUG.PA,2009-10-01,44.76,1126120107.48,primary_input_absent [revenue impossible: < 0 (value=-6.7926e+07)]
stock_CUR3K@844b3eaf1ea2,PEUG.PA,2010-04-01,37.15,934659561.9499999,primary_input_absent [revenue impossible: < 0 (value=-6.7926e+07)]
stock_CUR3K@844b3eaf1ea2,PEUG.PA,2010-10-01,51.3,1290660444.8999999,primary_input_absent [revenue impossible: < 0 (value=-6.7926e+07)]
stock_CUR3K@844b3eaf1ea2,PEUG.PA,2011-04-01,55.0,1383650015.0,primary_input_absent [revenue impossible: < 0 (value=-6.7926e+07)]
stock_CUR3K@844b3eaf1ea2,PEUG.PA,2011-10-01,30.63,770567271.99,primary_input_absent [revenue impossible: < 0 (value=-6.7926e+07)]
stock_CUR3K@844b3eaf1ea2,PEUG.PA,2012-04-01,25.3,635914994.0,primary_input_absent [revenue impossible: < 0 (value=-6.7926e+07)]
stock_CUR3K@844b3eaf1ea2,PEUG.PA,2012-10-01,29.0,730335710.0,primary_input_absent [revenue impossible: < 0 (value=-6.7926e+07)]
stock_CUR3K@844b3eaf1ea2,PEUG.PA,2013-04-01,34.61,871249055.13,primary_input_absent [revenue impossible: < 0 (value=-6.7926e+07)]
stock_CUR3K@844b3eaf1ea2,PEUG.PA,2013-10-01,42.22,1061756792.9,primary_input_absent [revenue impossible: < 0 (value=-6.7926e+07)]
stock_CUR3K@844b3eaf1ea2,PEUG.PA,2014-04-01,46.550000000000004,1167874283.45,primary_input_absent [revenue impossible: < 0 (value=-6.7926e+07)]
stock_CUR3K@844b3eaf1ea2,PEUG.PA,2014-10-01,49.99,1255697010.3600001,primary_input_absent [revenue impossible: < 0 (value=-6.7926e+07)]
stock_CUR3K@844b3eaf1ea2,PEUG.PA,2015-04-01,73.0,1830998994.0,primary_input_absent [revenue impossible: < 0 (value=-6.7926e+07)]
stock_CUR3K@844b3eaf1ea2,PEUG.PA,2015-10-01,68.0,1703408228.0,primary_input_absent [revenue impossible: < 0 (value=-6.7926e+07)]
stock_CUR3K@844b3eaf1ea2,PEUG.PA,2016-04-01,62.9,1606237232.7,primary_input_absent [revenue impossible: < 0 (value=-6.7926e+07)]
stock_CUR3K@844b3eaf1ea2,PEUG.PA,2016-10-01,72.25,1780471489.0,primary_input_absent [revenue impossible: < 0 (value=-6.7926e+07)]
stock_CUR3K@844b3eaf1ea2,PEUG.PA,2017-04-01,89.12,2205170664.32,primary_input_absent [revenue impossible: < 0 (value=-6.7926e+07)]
stock_CUR3K@844b3eaf1ea2,PEUG.PA,2017-10-01,100.4,2485833017.2000003,primary_input_absent [revenue impossible: < 0 (value=-6.7926e+07)]
stock_CUR3K@844b3eaf1ea2,PEUG.PA,2018-04-01,105.8,2620565913.2,primary_input_absent [revenue impossible: < 0 (value=-6.7926e+07)]
stock_CUR3K@844b3eaf1ea2,PEUG.PA,2018-10-01,80.2,1984528468.8,primary_input_absent [revenue impossible: < 0 (value=-6.7926e+07)]
stock_CUR3K@844b3eaf1ea2,PEUG.PA,2019-04-01,95.60000000000001,2365270096.4,primary_input_absent [revenue impossible: < 0 (value=-6.7926e+07)]
stock_CUR3K@844b3eaf1ea2,PEUG.PA,2019-10-01,104.0,2573614888.0,primary_input_absent [revenue impossible: < 0 (value=-6.7926e+07)]
stock_CUR3K@844b3eaf1ea2,PEUG.PA,2020-04-01,67.0,1657889205.0,primary_input_absent [revenue impossible: < 0 (value=-6.7926e+07)]
stock_CUR3K@844b3eaf1ea2,PEUG.PA,2020-10-01,94.6,2347717242.2,primary_input_absent [revenue impossible: < 0 (value=-6.7926e+07)]
stock_CUR3K@844b3eaf1ea2,PEUG.PA,2021-04-01,113.4,2806467085.8,primary_input_absent [revenue impossible: < 0 (value=-6.7926e+07)]
stock_CUR3K@844b3eaf1ea2,PEUG.PA,2021-10-01,124.0,3080091924.0,primary_input_absent [revenue impossible: < 0 (value=-6.7926e+07)]
stock_CUR3K@844b3eaf1ea2,PEUG.PA,2022-04-01,86.5,2148023533.0,primary_input_absent [revenue impossible: < 0 (value=-6.7926e+07)]
stock_CUR3K@844b3eaf1ea2,PEUG.PA,2022-10-01,89.0,2209303426.0,primary_input_absent [revenue impossible: < 0 (value=-6.7926e+07)]
stock_CUR3K@844b3eaf1ea2,PEUG.PA,2023-04-01,102.2,2539191704.0,primary_input_absent [revenue impossible: < 0 (value=-6.7926e+07)]
stock_CUR3K@844b3eaf1ea2,PEUG.PA,2023-10-01,101.39999999999999,2518790094.6,primary_input_absent [revenue impossible: < 0 (value=-6.7926e+07)]
stock_CUR3K@844b3eaf1ea2,PEUG.PA,2024-04-01,90.7,2252383303.1,primary_input_absent [revenue impossible: < 0 (value=-6.7926e+07)]
stock_CUR3K@844b3eaf1ea2,PEUG.PA,2024-10-01,73.1,1813288409.6999998,primary_input_absent [revenue impossible: < 0 (value=-6.7926e+07)]
stock_CUR3K@844b3eaf1ea2,PEUG.PA,2025-04-01,73.6,1824934521.6,primary_input_absent [revenue impossible: < 0 (value=-6.7926e+07)]
stock_CUR3K@844b3eaf1ea2,PEUG.PA,2025-10-01,75.8,1894242000.0,primary_input_absent [revenue impossible: < 0 (value=-6.7926e+07)]
stock_CUR3K@844b3eaf1ea2,PNP.TO,2006-07-01,880.0,540800480.0,primary_input_absent [revenue impossible: < 0 (value=-1.397e+06)]
stock_CUR3K@844b3eaf1ea2,PNP.TO,2006-10-01,1983.0,898983135.0,primary_input_absent [revenue impossible: < 0 (value=-1.397e+06)]
stock_CUR3K@844b3eaf1ea2,PNP.TO,2007-01-01,2337.0,1449972954.0,primary_input_absent [revenue impossible: < 0 (value=-1.397e+06)]
stock_CUR3K@844b3eaf1ea2,PNP.TO,2007-04-01,1900.0,1302486100.0,primary_input_absent [revenue impossible: < 0 (value=-1.397e+06)]
stock_CUR3K@844b3eaf1ea2,PNP.TO,2007-07-01,1268.0,913846332.0,primary_input_absent [revenue impossible: < 0 (value=-1.397e+06)]
stock_CUR3K@844b3eaf1ea2,PNP.TO,2007-10-01,852.0,601742040.0,primary_input_absent [revenue impossible: < 0 (value=-1.397e+06)]
stock_CUR3K@844b3eaf1ea2,PNP.TO,2008-01-01,626.0,515082816.0,primary_input_absent [revenue impossible: < 0 (value=-1.397e+06)]
stock_CUR3K@844b3eaf1ea2,PNP.TO,2008-04-01,464.0,382141584.0,primary_input_absent [revenue impossible: < 0 (value=-1.397e+06)]
stock_CUR3K@844b3eaf1ea2,PNP.TO,2008-07-01,212.0,198152796.0,primary_input_absent [revenue impossible: < 0 (value=-1.397e+06)]
stock_CUR3K@844b3eaf1ea2,PNP.TO,2008-10-01,164.0,144812000.0,primary_input_absent [revenue impossible: < 0 (value=-1.397e+06)]
stock_CUR3K@844b3eaf1ea2,PNP.TO,2009-01-01,258.0,245046594.0,primary_input_absent [revenue impossible: < 0 (value=-1.397e+06)]
stock_CUR3K@844b3eaf1ea2,PNP.TO,2009-04-01,346.0,328921094.0,primary_input_absent [revenue impossible: < 0 (value=-1.397e+06)]
stock_CUR3K@844b3eaf1ea2,PNP.TO,2009-07-01,378.0,361539990.0,primary_input_absent [revenue impossible: < 0 (value=-1.397e+06)]
stock_CUR3K@844b3eaf1ea2,PNP.TO,2009-10-01,428.0,409849804.0,primary_input_absent [revenue impossible: < 0 (value=-1.397e+06)]
stock_CUR3K@844b3eaf1ea2,PNP.TO,2010-01-01,366.0,358431486.0,primary_input_absent [revenue impossible: < 0 (value=-1.397e+06)]
stock_CUR3K@844b3eaf1ea2,PNP.TO,2010-04-01,232.0,227419856.0,primary_input_absent [revenue impossible: < 0 (value=-1.397e+06)]
stock_CUR3K@844b3eaf1ea2,PNP.TO,2010-07-01,368.0,361158880.0,primary_input_absent [revenue impossible: < 0 (value=-1.397e+06)]
stock_CUR3K@844b3eaf1ea2,PNP.TO,2010-10-01,828.0,812339208.0,primary_input_absent [revenue impossible: < 0 (value=-1.397e+06)]
stock_CUR3K@844b3eaf1ea2,PNP.TO,2011-01-01,638.0,629274074.0,primary_input_absent [revenue impossible: < 0 (value=-1.397e+06)]
stock_CUR3K@844b3eaf1ea2,PNP.TO,2011-04-01,454.0,448306386.0,primary_input_absent [revenue impossible: < 0 (value=-1.397e+06)]
stock_CUR3K@844b3eaf1ea2,PNP.TO,2011-07-01,252.0,248841684.0,primary_input_absent [revenue impossible: < 0 (value=-1.397e+06)]
stock_CUR3K@844b3eaf1ea2,PNP.TO,2011-10-01,294.0,290213868.0,primary_input_absent [revenue impossible: < 0 (value=-1.397e+06)]
stock_CUR3K@844b3eaf1ea2,PNP.TO,2012-01-01,274.0,270367856.0,primary_input_absent [revenue impossible: < 0 (value=-1.397e+06)]
stock_CUR3K@844b3eaf1ea2,PNP.TO,2012-04-01,170.0,167746480.0,primary_input_absent [revenue impossible: < 0 (value=-1.397e+06)]
stock_CUR3K@844b3eaf1ea2,PNP.TO,2012-07-01,244.0,240765536.0,primary_input_absent [revenue impossible: < 0 (value=-1.397e+06)]
stock_CUR3K@844b3eaf1ea2,PNP.TO,2012-10-01,172.0,169542980.0,primary_input_absent [revenue impossible: < 0 (value=-1.397e+06)]
stock_CUR3K@844b3eaf1ea2,PNP.TO,2013-01-01,114.0,117461838.0,primary_input_absent [revenue impossible: < 0 (value=-1.397e+06)]
stock_CUR3K@844b3eaf1ea2,PNP.TO,2013-04-01,70.0,72803990.0,primary_input_absent [revenue impossible: < 0 (value=-1.397e+06)]
stock_CUR3K@844b3eaf1ea2,PNP.TO,2013-07-01,68.0,70723876.0,primary_input_absent [revenue impossible: < 0 (value=-1.397e+06)]
stock_CUR3K@844b3eaf1ea2,PNP.TO,2013-10-01,64.0,67000640.0,primary_input_absent [revenue impossible: < 0 (value=-1.397e+06)]
stock_CUR3K@844b3eaf1ea2,PNP.TO,2014-01-01,100.0,110023700.0,primary_input_absent [revenue impossible: < 0 (value=-1.397e+06)]
stock_CUR3K@844b3eaf1ea2,PNP.TO,2014-04-01,96.0,113092704.0,primary_input_absent [revenue impossible: < 0 (value=-1.397e+06)]
stock_CUR3K@844b3eaf1ea2,PNP.TO,2014-07-01,48.0,69231072.0,primary_input_absent [revenue impossible: < 0 (value=-1.397e+06)]
stock_CUR3K@844b3eaf1ea2,PNP.TO,2014-10-01,28.0,36305136.0,primary_input_absent [revenue impossible: < 0 (value=-1.397e+06)]
stock_CUR3K@844b3eaf1ea2,PNP.TO,2015-01-01,28.0,35046928.0,primary_input_absent [revenue impossible: < 0 (value=-1.397e+06)]
stock_CUR3K@844b3eaf1ea2,PNP.TO,2015-04-01,18.0,22530168.0,primary_input_absent [revenue impossible: < 0 (value=-1.397e+06)]
stock_CUR3K@844b3eaf1ea2,PNP.TO,2015-07-01,14.0,17523464.0,primary_input_absent [revenue impossible: < 0 (value=-1.397e+06)]
stock_CUR3K@844b3eaf1ea2,PNP.TO,2015-10-01,8.0,10013408.0,primary_input_absent [revenue impossible: < 0 (value=-1.397e+06)]
stock_CUR3K@844b3eaf1ea2,PNP.TO,2016-01-01,6.0,8331012.0,primary_input_absent [revenue impossible: < 0 (value=-1.397e+06)]
stock_CUR3K@844b3eaf1ea2,PNP.TO,2016-04-01,6.0,12391620.0,primary_input_absent [revenue impossible: < 0 (value=-1.397e+06)]
stock_CUR3K@844b3eaf1ea2,PNP.TO,2016-07-01,8.1,19899440.099999998,primary_input_absent [revenue impossible: < 0 (value=-1.397e+06)]
stock_CUR3K@844b3eaf1ea2,PNP.TO,2016-10-01,4.46,10097560.42,primary_input_absent [revenue impossible: < 0 (value=-1.397e+06)]
stock_CUR3K@844b3eaf1ea2,PNP.TO,2017-01-01,3.44,8451120.24,primary_input_absent [revenue impossible: < 0 (value=-1.397e+06)]
stock_CUR3K@844b3eaf1ea2,PNP.TO,2017-04-01,4.28,10630308.76,primary_input_absent [revenue impossible: < 0 (value=-1.397e+06)]
stock_CUR3K@844b3eaf1ea2,PNP.TO,2017-07-01,4.22,20734725.24,primary_input_absent [revenue impossible: < 0 (value=-1.397e+06)]
stock_CUR3K@844b3eaf1ea2,PNP.TO,2017-10-01,5.0,22612995.0,primary_input_absent [revenue impossible: < 0 (value=-1.397e+06)]
stock_CUR3K@844b3eaf1ea2,PNP.TO,2018-01-01,4.9,24075865.8,primary_input_absent [revenue impossible: < 0 (value=-1.397e+06)]
stock_CUR3K@844b3eaf1ea2,PNP.TO,2018-04-01,4.56,22405295.52,primary_input_absent [revenue impossible: < 0 (value=-1.397e+06)]
stock_CUR3K@844b3eaf1ea2,PNP.TO,2018-07-01,3.96,19457230.32,primary_input_absent [revenue impossible: < 0 (value=-1.397e+06)]
stock_CUR3K@844b3eaf1ea2,PNP.TO,2018-10-01,2.52,11396949.48,primary_input_absent [revenue impossible: < 0 (value=-1.397e+06)]
stock_CUR3K@844b3eaf1ea2,PNP.TO,2019-01-01,2.56,12578411.52,primary_input_absent [revenue impossible: < 0 (value=-1.397e+06)]
stock_CUR3K@844b3eaf1ea2,PNP.TO,2019-04-01,2.76,13561099.919999998,primary_input_absent [revenue impossible: < 0 (value=-1.397e+06)]
stock_CUR3K@844b3eaf1ea2,PNP.TO,2019-07-01,2.74,13462831.080000002,primary_input_absent [revenue impossible: < 0 (value=-1.397e+06)]
stock_CUR3K@844b3eaf1ea2,PNP.TO,2019-10-01,3.08,13929604.92,primary_input_absent [revenue impossible: < 0 (value=-1.397e+06)]
stock_CUR3K@844b3eaf1ea2,PNP.TO,2020-01-01,1.9199999999999997,9433808.639999999,primary_input_absent [revenue impossible: < 0 (value=-1.397e+06)]
stock_CUR3K@844b3eaf1ea2,PNP.TO,2020-04-01,2.14,9678361.860000001,primary_input_absent [revenue impossible: < 0 (value=-1.397e+06)]
stock_CUR3K@844b3eaf1ea2,PNP.TO,2020-07-01,2.56,12078131.200000001,primary_input_absent [revenue impossible: < 0 (value=-1.397e+06)]
stock_CUR3K@844b3eaf1ea2,PNP.TO,2020-10-01,3.04,13748700.96,primary_input_absent [revenue impossible: < 0 (value=-1.397e+06)]
stock_CUR3K@844b3eaf1ea2,PNP.TO,2021-01-01,4.68,21422110.32,primary_input_absent [revenue impossible: < 0 (value=-1.397e+06)]
stock_CUR3K@844b3eaf1ea2,PNP.TO,2021-04-01,4.0,28888608.0,primary_input_absent [revenue impossible: < 0 (value=-1.397e+06)]
stock_CUR3K@844b3eaf1ea2,PNP.TO,2021-07-01,4.59,43086330.0,primary_input_absent [revenue impossible: < 0 (value=-1.397e+06)]
stock_CUR3K@844b3eaf1ea2,PNP.TO,2021-10-01,5.45,50270898.1,primary_input_absent [revenue impossible: < 0 (value=-1.397e+06)]
stock_CUR3K@844b3eaf1ea2,PNP.TO,2022-01-01,4.49,42147630.0,primary_input_absent [revenue impossible: < 0 (value=-1.397e+06)]
stock_CUR3K@844b3eaf1ea2,PNP.TO,2022-04-01,3.19,29944530.0,primary_input_absent [revenue impossible: < 0 (value=-1.397e+06)]
stock_CUR3K@844b3eaf1ea2,PNP.TO,2022-07-01,3.08,28079334.36,primary_input_absent [revenue impossible: < 0 (value=-1.397e+06)]
stock_CUR3K@844b3eaf1ea2,PNP.TO,2022-10-01,3.99,37454130.0,primary_input_absent [revenue impossible: < 0 (value=-1.397e+06)]
stock_CUR3K@844b3eaf1ea2,PNP.TO,2023-01-01,3.58,33605460.0,primary_input_absent [revenue impossible: < 0 (value=-1.397e+06)]
stock_CUR3K@844b3eaf1ea2,PNP.TO,2023-04-01,4.0,37548000.0,primary_input_absent [revenue impossible: < 0 (value=-1.397e+06)]
stock_CUR3K@844b3eaf1ea2,PNP.TO,2023-07-01,4.06,38111220.0,primary_input_absent [revenue impossible: < 0 (value=-1.397e+06)]
stock_CUR3K@844b3eaf1ea2,PNP.TO,2023-10-01,3.6,33793200.0,primary_input_absent [revenue impossible: < 0 (value=-1.397e+06)]
stock_CUR3K@844b3eaf1ea2,PNP.TO,2024-01-01,5.7,53505900.0,primary_input_absent [revenue impossible: < 0 (value=-1.397e+06)]
stock_CUR3K@844b3eaf1ea2,PNP.TO,2024-04-01,6.17,57917790.0,primary_input_absent [revenue impossible: < 0 (value=-1.397e+06)]
stock_CUR3K@844b3eaf1ea2,PNP.TO,2024-07-01,7.5,70402500.0,primary_input_absent [revenue impossible: < 0 (value=-1.397e+06)]
stock_CUR3K@844b3eaf1ea2,PNP.TO,2024-10-01,11.0,103257000.0,primary_input_absent [revenue impossible: < 0 (value=-1.397e+06)]
stock_CUR3K@844b3eaf1ea2,PNP.TO,2025-01-01,15.0,140805000.0,primary_input_absent [revenue impossible: < 0 (value=-1.397e+06)]
stock_CUR3K@844b3eaf1ea2,PNP.TO,2025-04-01,16.88,158452560.0,primary_input_absent [revenue impossible: < 0 (value=-1.397e+06)]
stock_CUR3K@844b3eaf1ea2,PNP.TO,2025-07-01,12.46,116962020.00000001,primary_input_absent [revenue impossible: < 0 (value=-1.397e+06)]
stock_CUR3K@844b3eaf1ea2,PNP.TO,2025-10-01,11.05,103726350.0,primary_input_absent [revenue impossible: < 0 (value=-1.397e+06)]
stock_CUR3K@844b3eaf1ea2,PNP.TO,2026-01-01,8.37,78569190.0,primary_input_absent [revenue impossible: < 0 (value=-1.397e+06)]
stock_CUR3K@844b3eaf1ea2,PNP.TO,2026-04-01,9.01,84576870.0,primary_input_absent [revenue impossible: < 0 (value=-1.397e+06)]
stock_CUR3K@844b3eaf1ea2,PRC.PA,2004-10-01,,0.0,primary_input_absent [netCashProvidedByOperatingActivities NaN (value=NaN)]
stock_CUR3K@844b3eaf1ea2,PRC.PA,2005-10-01,,96716774.39999999,primary_input_absent [netCashProvidedByOperatingActivities NaN (value=NaN)]
stock_CUR3K@844b3eaf1ea2,PRC.PA,2006-10-01,,120633850.0,primary_input_absent [netCashProvidedByOperatingActivities NaN (value=NaN)]
stock_CUR3K@844b3eaf1ea2,PRC.PA,2007-10-01,17.040001,108189522.34915,primary_input_absent [netCashProvidedByOperatingActivities NaN (value=NaN)]
stock_CUR3K@844b3eaf1ea2,PRC.PA,2008-10-01,4.41,28205103.150000002,primary_input_absent [netCashProvidedByOperatingActivities NaN (value=NaN)]
stock_CUR3K@844b3eaf1ea2,PRC.PA,2009-10-01,9.18,58712663.699999996,primary_input_absent [netCashProvidedByOperatingActivities NaN (value=NaN)]
stock_CUR3K@844b3eaf1ea2,PRC.PA,2010-04-01,8.54,54633283.599999994,primary_input_absent [netCashProvidedByOperatingActivities NaN (value=NaN)]
stock_CUR3K@844b3eaf1ea2,PRC.PA,2010-10-01,9.04,57831953.599999994,primary_input_absent [netCashProvidedByOperatingActivities NaN (value=NaN)]
stock_CUR3K@844b3eaf1ea2,PRC.PA,2011-04-01,42.029999,269019355.129349,primary_input_absent [netCashProvidedByOperatingActivities NaN (value=NaN)]
stock_CUR3K@844b3eaf1ea2,PRC.PA,2011-10-01,51.25,328279363.75,primary_input_absent [netCashProvidedByOperatingActivities NaN (value=NaN)]
stock_CUR3K@844b3eaf1ea2,PRC.PA,2012-04-01,25.0,160136275.0,primary_input_absent [netCashProvidedByOperatingActivities NaN (value=NaN)]
stock_CUR3K@844b3eaf1ea2,PRC.PA,2012-10-01,31.049999000000003,198889247.144549,primary_input_absent [netCashProvidedByOperatingActivities NaN (value=NaN)]
stock_CUR3K@844b3eaf1ea2,PRC.PA,2013-04-01,20.02,128998549.67999999,primary_input_absent [netCashProvidedByOperatingActivities NaN (value=NaN)]
stock_CUR3K@844b3eaf1ea2,PRC.PA,2013-10-01,14.479999999999999,95519477.52,primary_input_absent [netCashProvidedByOperatingActivities NaN (value=NaN)]
stock_CUR3K@844b3eaf1ea2,PRC.PA,2014-04-01,14.2,94088916.0,primary_input_absent [netCashProvidedByOperatingActivities NaN (value=NaN)]
stock_CUR3K@844b3eaf1ea2,PRC.PA,2014-10-01,13.1,87136261.3,primary_input_absent [netCashProvidedByOperatingActivities NaN (value=NaN)]
stock_CUR3K@844b3eaf1ea2,PRC.PA,2015-04-01,13.789999999999997,91725412.30999999,primary_input_absent [netCashProvidedByOperatingActivities NaN (value=NaN)]
stock_CUR3K@844b3eaf1ea2,PRC.PA,2015-10-01,13.09,87117981.72,primary_input_absent [netCashProvidedByOperatingActivities NaN (value=NaN)]
stock_CUR3K@844b3eaf1ea2,PRC.PA,2016-04-01,9.72,64511678.88,primary_input_absent [netCashProvidedByOperatingActivities NaN (value=NaN)]
stock_CUR3K@844b3eaf1ea2,PRC.PA,2016-10-01,11.5,76730748.5,primary_input_absent [netCashProvidedByOperatingActivities NaN (value=NaN)]
stock_CUR3K@844b3eaf1ea2,PRC.PA,2017-04-01,16.9,112220393.99999999,primary_input_absent [netCashProvidedByOperatingActivities NaN (value=NaN)]
stock_CUR3K@844b3eaf1ea2,PRC.PA,2017-10-01,17.0,113267736.0,primary_input_absent [netCashProvidedByOperatingActivities NaN (value=NaN)]
stock_CUR3K@844b3eaf1ea2,PRC.PA,2018-04-01,14.34,95462914.38,primary_input_absent [netCashProvidedByOperatingActivities NaN (value=NaN)]
stock_CUR3K@844b3eaf1ea2,PRC.PA,2018-10-01,14.36,95436287.16,primary_input_absent [netCashProvidedByOperatingActivities NaN (value=NaN)]
stock_CUR3K@844b3eaf1ea2,PRC.PA,2019-04-01,12.9,85804543.5,primary_input_absent [netCashProvidedByOperatingActivities NaN (value=NaN)]
stock_CUR3K@844b3eaf1ea2,PRC.PA,2019-10-01,9.51,63255907.65,primary_input_absent [netCashProvidedByOperatingActivities NaN (value=NaN)]
stock_CUR3K@844b3eaf1ea2,PRC.PA,2020-04-01,7.82,52014847.300000004,primary_input_absent [netCashProvidedByOperatingActivities NaN (value=NaN)]
stock_CUR3K@844b3eaf1ea2,PRC.PA,2020-10-01,7.34,48822120.1,primary_input_absent [netCashProvidedByOperatingActivities NaN (value=NaN)]
stock_CUR3K@844b3eaf1ea2,PRC.PA,2021-04-01,5.54,36849393.1,primary_input_absent [netCashProvidedByOperatingActivities NaN (value=NaN)]
stock_CUR3K@844b3eaf1ea2,PRC.PA,2021-10-01,10.780000000000001,71703331.7,primary_input_absent [netCashProvidedByOperatingActivities NaN (value=NaN)]
stock_CUR3K@844b3eaf1ea2,PRC.PA,2022-04-01,6.82,45363332.300000004,primary_input_absent [netCashProvidedByOperatingActivities NaN (value=NaN)]
stock_CUR3K@844b3eaf1ea2,PRC.PA,2022-10-01,7.1,47225756.5,primary_input_absent [netCashProvidedByOperatingActivities NaN (value=NaN)]
stock_CUR3K@844b3eaf1ea2,PRC.PA,2023-04-01,7.09,47159241.35,primary_input_absent [netCashProvidedByOperatingActivities NaN (value=NaN)]
stock_CUR3K@844b3eaf1ea2,PRC.PA,2023-10-01,5.07,33723181.050000004,primary_input_absent [netCashProvidedByOperatingActivities NaN (value=NaN)]
stock_CUR3K@844b3eaf1ea2,PRC.PA,2024-04-01,4.54,30208025.0,primary_input_absent [netCashProvidedByOperatingActivities NaN (value=NaN)]
stock_CUR3K@844b3eaf1ea2,PRC.PA,2024-10-01,4.17,27749827.95,primary_input_absent [netCashProvidedByOperatingActivities NaN (value=NaN)]
stock_CUR3K@844b3eaf1ea2,PRC.PA,2025-04-01,4.29,28534999.35,primary_input_absent [netCashProvidedByOperatingActivities NaN (value=NaN)]
stock_CUR3K@844b3eaf1ea2,PRC.PA,2025-10-01,3.54,23546363.1,primary_input_absent [netCashProvidedByOperatingActivities NaN (value=NaN)]
stock_CUR3K@844b3eaf1ea2,PSDL.L,2012-10-01,,86423092.776675,primary_input_absent [revenue impossible: < 0 (value=-5.822e+06)]
stock_CUR3K@844b3eaf1ea2,PSDL.L,2013-04-01,1.7523300000000002,82640592.49365,primary_input_absent [revenue impossible: < 0 (value=-5.822e+06)]
stock_CUR3K@844b3eaf1ea2,PSDL.L,2013-10-01,1.80579,105983974.82484,primary_input_absent [revenue impossible: < 0 (value=-5.822e+06)]
stock_CUR3K@844b3eaf1ea2,PSDL.L,2014-04-01,1.8722999999999999,94762967.0436,primary_input_absent [revenue impossible: < 0 (value=-5.822e+06)]
stock_CUR3K@844b3eaf1ea2,PSDL.L,2014-10-01,1.9309500000000004,90947743.06905001,primary_input_absent [revenue impossible: < 0 (value=-5.822e+06)]
stock_CUR3K@844b3eaf1ea2,PSDL.L,2015-04-01,2.034272625,123605533.40629724,primary_input_absent [revenue impossible: < 0 (value=-5.822e+06)]
stock_CUR3K@844b3eaf1ea2,PSDL.L,2015-10-01,2.1136283999999996,169320739.92710757,primary_input_absent [revenue impossible: < 0 (value=-5.822e+06)]
stock_CUR3K@844b3eaf1ea2,PSDL.L,2016-04-01,2.371556425,205715579.84120622,primary_input_absent [revenue impossible: < 0 (value=-5.822e+06)]
stock_CUR3K@844b3eaf1ea2,PSDL.L,2016-10-01,2.7247595374999998,266455142.51705095,primary_input_absent [revenue impossible: < 0 (value=-5.822e+06)]
stock_CUR3K@844b3eaf1ea2,PSDL.L,2017-04-01,3.3487206250000003,328419965.26659065,primary_input_absent [revenue impossible: < 0 (value=-5.822e+06)]
stock_CUR3K@844b3eaf1ea2,PSDL.L,2017-10-01,4.3525503,447761125.725984,primary_input_absent [revenue impossible: < 0 (value=-5.822e+06)]
stock_CUR3K@844b3eaf1ea2,PSDL.L,2018-04-01,3.898914000000001,374100798.3000001,primary_input_absent [revenue impossible: < 0 (value=-5.822e+06)]
stock_CUR3K@844b3eaf1ea2,PSDL.L,2018-10-01,3.9488944,398520637.9477312,primary_input_absent [revenue impossible: < 0 (value=-5.822e+06)]
stock_CUR3K@844b3eaf1ea2,PSDL.L,2019-04-01,3.272663500000001,329726542.0594901,primary_input_absent [revenue impossible: < 0 (value=-5.822e+06)]
stock_CUR3K@844b3eaf1ea2,PSDL.L,2019-10-01,3.7804480000000003,390760850.988928,primary_input_absent [revenue impossible: < 0 (value=-5.822e+06)]
stock_CUR3K@844b3eaf1ea2,PSDL.L,2020-04-01,3.2592467999999997,329564170.08716875,primary_input_absent [revenue impossible: < 0 (value=-5.822e+06)]
stock_CUR3K@844b3eaf1ea2,PSDL.L,2020-10-01,3.545328,348174385.409136,primary_input_absent [revenue impossible: < 0 (value=-5.822e+06)]
stock_CUR3K@844b3eaf1ea2,PSDL.L,2021-04-01,4.6525395000000005,447851591.25420004,primary_input_absent [revenue impossible: < 0 (value=-5.822e+06)]
stock_CUR3K@844b3eaf1ea2,PSDL.L,2021-10-01,4.7297126,452358638.03167623,primary_input_absent [revenue impossible: < 0 (value=-5.822e+06)]
stock_CUR3K@844b3eaf1ea2,PSDL.L,2022-04-01,3.6693288,339804306.6257808,primary_input_absent [revenue impossible: < 0 (value=-5.822e+06)]
stock_CUR3K@844b3eaf1ea2,PSDL.L,2022-10-01,2.7903589999999996,254429322.85470697,primary_input_absent [revenue impossible: < 0 (value=-5.822e+06)]
stock_CUR3K@844b3eaf1ea2,PSDL.L,2023-04-01,2.1644075999999997,197827242.06896037,primary_input_absent [revenue impossible: < 0 (value=-5.822e+06)]
stock_CUR3K@844b3eaf1ea2,PSDL.L,2023-10-01,1.9487559000000003,178949187.53166002,primary_input_absent [revenue impossible: < 0 (value=-5.822e+06)]
stock_CUR3K@844b3eaf1ea2,PSDL.L,2024-04-01,1.8538695,170237128.446,primary_input_absent [revenue impossible: < 0 (value=-5.822e+06)]
stock_CUR3K@844b3eaf1ea2,PSDL.L,2024-10-01,2.044760025,187766223.57569999,primary_input_absent [revenue impossible: < 0 (value=-5.822e+06)]
stock_CUR3K@844b3eaf1ea2,PSDL.L,2025-04-01,1.9300215,177230653.1391165,primary_input_absent [revenue impossible: < 0 (value=-5.822e+06)]
stock_CUR3K@844b3eaf1ea2,PSDL.L,2025-10-01,1.9321221,177423547.7312151,primary_input_absent [revenue impossible: < 0 (value=-5.822e+06)]
stock_CUR3K@844b3eaf1ea2,REINA.AS,2009-01-01,17.0,2866200000.0,primary_input_absent [revenue impossible: < 0 (value=-5.5e+07)]
stock_CUR3K@844b3eaf1ea2,REINA.AS,2010-01-01,17.0,3330300000.0,primary_input_absent [revenue impossible: < 0 (value=-5.5e+07)]
stock_CUR3K@844b3eaf1ea2,REINA.AS,2010-07-01,17.0,3330300000.0,primary_input_absent [revenue impossible: < 0 (value=-5.5e+07)]
stock_CUR3K@844b3eaf1ea2,REINA.AS,2011-01-01,17.0,3330300000.0,primary_input_absent [revenue impossible: < 0 (value=-5.5e+07)]
stock_CUR3K@844b3eaf1ea2,REINA.AS,2011-07-01,17.0,3330300000.0,primary_input_absent [revenue impossible: < 0 (value=-5.5e+07)]
stock_CUR3K@844b3eaf1ea2,REINA.AS,2012-01-01,17.0,3330300000.0,primary_input_absent [revenue impossible: < 0 (value=-5.5e+07)]
stock_CUR3K@844b3eaf1ea2,REINA.AS,2012-07-01,17.0,3330302499.0,primary_input_absent [revenue impossible: < 0 (value=-5.5e+07)]
stock_CUR3K@844b3eaf1ea2,REINA.AS,2013-01-01,17.0,3330301530.0,primary_input_absent [revenue impossible: < 0 (value=-5.5e+07)]
stock_CUR3K@844b3eaf1ea2,REINA.AS,2013-07-01,17.0,1700000000.0,primary_input_absent [revenue impossible: < 0 (value=-5.5e+07)]
stock_CUR3K@844b3eaf1ea2,REINA.AS,2014-01-01,17.0,3330305117.0,primary_input_absent [revenue impossible: < 0 (value=-5.5e+07)]
stock_CUR3K@844b3eaf1ea2,REINA.AS,2014-07-01,17.0,3330301224.0,primary_input_absent [revenue impossible: < 0 (value=-5.5e+07)]
stock_CUR3K@844b3eaf1ea2,REINA.AS,2015-01-01,17.0,3330301445.0,primary_input_absent [revenue impossible: < 0 (value=-5.5e+07)]
stock_CUR3K@844b3eaf1ea2,REINA.AS,2015-07-01,17.0,3330308891.0,primary_input_absent [revenue impossible: < 0 (value=-5.5e+07)]
stock_CUR3K@844b3eaf1ea2,REINA.AS,2016-01-01,17.0,3330301870.0,primary_input_absent [revenue impossible: < 0 (value=-5.5e+07)]
stock_CUR3K@844b3eaf1ea2,REINA.AS,2016-07-01,17.0,3327439019.0,primary_input_absent [revenue impossible: < 0 (value=-5.5e+07)]
stock_CUR3K@844b3eaf1ea2,REINA.AS,2017-01-01,17.0,3330301921.0,primary_input_absent [revenue impossible: < 0 (value=-5.5e+07)]
stock_CUR3K@844b3eaf1ea2,REINA.AS,2017-07-01,17.0,3330136970.0,primary_input_absent [revenue impossible: < 0 (value=-5.5e+07)]
stock_CUR3K@844b3eaf1ea2,REINA.AS,2018-01-01,15.7,3075631899.7,primary_input_absent [revenue impossible: < 0 (value=-5.5e+07)]
stock_CUR3K@844b3eaf1ea2,REINA.AS,2018-07-01,16.2,3173584827.6,primary_input_absent [revenue impossible: < 0 (value=-5.5e+07)]
stock_CUR3K@844b3eaf1ea2,REINA.AS,2019-01-01,14.700000000000001,2850338040.9,primary_input_absent [revenue impossible: < 0 (value=-5.5e+07)]
stock_CUR3K@844b3eaf1ea2,REINA.AS,2019-07-01,16.85,3198130000.0000005,primary_input_absent [revenue impossible: < 0 (value=-5.5e+07)]
stock_CUR3K@844b3eaf1ea2,REINA.AS,2020-01-01,14.0,2570401512.0,primary_input_absent [revenue impossible: < 0 (value=-5.5e+07)]
stock_CUR3K@844b3eaf1ea2,REINA.AS,2020-07-01,14.71,5422107529.84,primary_input_absent [revenue impossible: < 0 (value=-5.5e+07)]
stock_CUR3K@844b3eaf1ea2,REINA.AS,2021-01-01,17.08,6295688922.32,primary_input_absent [revenue impossible: < 0 (value=-5.5e+07)]
stock_CUR3K@844b3eaf1ea2,REINA.AS,2021-07-01,16.3,3004090391.2000003,primary_input_absent [revenue impossible: < 0 (value=-5.5e+07)]
stock_CUR3K@844b3eaf1ea2,REINA.AS,2022-01-01,20.0,3686000000.0,primary_input_absent [revenue impossible: < 0 (value=-5.5e+07)]
stock_CUR3K@844b3eaf1ea2,REINA.AS,2022-07-01,14.9,5456382711.8,primary_input_absent [revenue impossible: < 0 (value=-5.5e+07)]
stock_CUR3K@844b3eaf1ea2,REINA.AS,2023-01-01,19.0,6874202470.0,primary_input_absent [revenue impossible: < 0 (value=-5.5e+07)]
stock_CUR3K@844b3eaf1ea2,REINA.AS,2023-07-01,19.6,3563280490.0000005,primary_input_absent [revenue impossible: < 0 (value=-5.5e+07)]
stock_CUR3K@844b3eaf1ea2,REINA.AS,2024-01-01,22.2,4035960555.0,primary_input_absent [revenue impossible: < 0 (value=-5.5e+07)]
stock_CUR3K@844b3eaf1ea2,REINA.AS,2024-07-01,25.4,4617720914.4,primary_input_absent [revenue impossible: < 0 (value=-5.5e+07)]
stock_CUR3K@844b3eaf1ea2,REINA.AS,2025-01-01,22.6,4108314060.8,primary_input_absent [revenue impossible: < 0 (value=-5.5e+07)]
stock_CUR3K@844b3eaf1ea2,REINA.AS,2025-07-01,25.2,224492259.6,primary_input_absent [revenue impossible: < 0 (value=-5.5e+07)]
stock_CUR3K@844b3eaf1ea2,REINA.AS,2026-01-01,27.6,5017237572.0,primary_input_absent [revenue impossible: < 0 (value=-5.5e+07)]
stock_CUR3K@844b3eaf1ea2,SIGHT.PA,2012-10-01,,0.0,primary_input_absent [revenue impossible: < 0 (value=-47000)]
stock_CUR3K@844b3eaf1ea2,SIGHT.PA,2013-04-01,8.15,71351090.25,primary_input_absent [revenue impossible: < 0 (value=-47000)]
stock_CUR3K@844b3eaf1ea2,SIGHT.PA,2013-10-01,8.15,71351090.25,primary_input_absent [revenue impossible: < 0 (value=-47000)]
stock_CUR3K@844b3eaf1ea2,SIGHT.PA,2014-10-01,8.15,71350772.4,primary_input_absent [revenue impossible: < 0 (value=-47000)]
stock_CUR3K@844b3eaf1ea2,SIGHT.PA,2015-04-01,8.15,73221727.15,primary_input_absent [revenue impossible: < 0 (value=-47000)]
stock_CUR3K@844b3eaf1ea2,SIGHT.PA,2015-10-01,8.15,109985056.85000001,primary_input_absent [revenue impossible: < 0 (value=-47000)]
stock_CUR3K@844b3eaf1ea2,SIGHT.PA,2016-10-01,7.75,146447185.25,primary_input_absent [revenue impossible: < 0 (value=-47000)]
stock_CUR3K@844b3eaf1ea2,SIGHT.PA,2017-04-01,4.83,95653020.54,primary_input_absent [revenue impossible: < 0 (value=-47000)]
stock_CUR3K@844b3eaf1ea2,SIGHT.PA,2017-10-01,6.159999999999999,148661091.04,primary_input_absent [revenue impossible: < 0 (value=-47000)]
stock_CUR3K@844b3eaf1ea2,SIGHT.PA,2018-04-01,2.67,64705375.41,primary_input_absent [revenue impossible: < 0 (value=-47000)]
stock_CUR3K@844b3eaf1ea2,SIGHT.PA,2018-10-01,3.33,81893597.76,primary_input_absent [revenue impossible: < 0 (value=-47000)]
stock_CUR3K@844b3eaf1ea2,SIGHT.PA,2019-04-01,1.446,39896233.176,primary_input_absent [revenue impossible: < 0 (value=-47000)]
stock_CUR3K@844b3eaf1ea2,SIGHT.PA,2019-10-01,2.485,73256453.13,primary_input_absent [revenue impossible: < 0 (value=-47000)]
stock_CUR3K@844b3eaf1ea2,SIGHT.PA,2020-04-01,2.87,93930169.34,primary_input_absent [revenue impossible: < 0 (value=-47000)]
stock_CUR3K@844b3eaf1ea2,SIGHT.PA,2020-10-01,7.13,264120582.79999998,primary_input_absent [revenue impossible: < 0 (value=-47000)]
stock_CUR3K@844b3eaf1ea2,SIGHT.PA,2021-04-01,8.045,352447507.95,primary_input_absent [revenue impossible: < 0 (value=-47000)]
stock_CUR3K@844b3eaf1ea2,SIGHT.PA,2021-10-01,5.56,258494263.43999997,primary_input_absent [revenue impossible: < 0 (value=-47000)]
stock_CUR3K@844b3eaf1ea2,SIGHT.PA,2022-04-01,2.236,103582469.69200002,primary_input_absent [revenue impossible: < 0 (value=-47000)]
stock_CUR3K@844b3eaf1ea2,SIGHT.PA,2022-10-01,3.362,155781036.926,primary_input_absent [revenue impossible: < 0 (value=-47000)]
stock_CUR3K@844b3eaf1ea2,SIGHT.PA,2023-04-01,0.748,34462971.268,primary_input_absent [revenue impossible: < 0 (value=-47000)]
stock_CUR3K@844b3eaf1ea2,SIGHT.PA,2023-10-01,0.4600000000000001,23257235.220000003,primary_input_absent [revenue impossible: < 0 (value=-47000)]
stock_CUR3K@844b3eaf1ea2,SIGHT.PA,2024-04-01,0.322,26645334.814,primary_input_absent [revenue impossible: < 0 (value=-47000)]
stock_CUR3K@844b3eaf1ea2,SIGHT.PA,2024-10-01,0.27,29389986.540000003,primary_input_absent [revenue impossible: < 0 (value=-47000)]
stock_CUR3K@844b3eaf1ea2,SIGHT.PA,2025-04-01,0.2015,25846936.154000003,primary_input_absent [revenue impossible: < 0 (value=-47000)]
stock_CUR3K@844b3eaf1ea2,SIGHT.PA,2025-10-01,0.1044,19746424.8,primary_input_absent [revenue impossible: < 0 (value=-47000)]
stock_CUR3K@844b3eaf1ea2,TAL,2010-01-01,4.085000063348553,160148338.3985166,primary_input_absent [netCashProvidedByOperatingActivities NaN (value=NaN)]
stock_CUR3K@844b3eaf1ea2,TAL,2010-07-01,4.085000063348553,160148338.3985166,primary_input_absent [netCashProvidedByOperatingActivities NaN (value=NaN)]
stock_CUR3K@844b3eaf1ea2,TAL,2010-10-01,2.670000033817212,117799544.42200454,primary_input_absent [netCashProvidedByOperatingActivities NaN (value=NaN)]
stock_CUR3K@844b3eaf1ea2,TAL,2011-01-01,1.7500000327061256,81331377.52001955,primary_input_absent [netCashProvidedByOperatingActivities NaN (value=NaN)]
stock_CUR3K@844b3eaf1ea2,TAL,2011-04-01,1.8300000184068763,91233587.68766412,primary_input_absent [netCashProvidedByOperatingActivities NaN (value=NaN)]
stock_CUR3K@844b3eaf1ea2,TAL,2011-07-01,2.090000020774618,104814397.651856,primary_input_absent [netCashProvidedByOperatingActivities NaN (value=NaN)]
stock_CUR3K@844b3eaf1ea2,TAL,2011-10-01,1.7100000166780183,86568133.53431866,primary_input_absent [netCashProvidedByOperatingActivities NaN (value=NaN)]
stock_CUR3K@844b3eaf1ea2,TAL,2012-01-01,1.830000017960443,92356841.67643157,primary_input_absent [netCashProvidedByOperatingActivities NaN (value=NaN)]
stock_CUR3K@844b3eaf1ea2,TAL,2012-04-01,1.7500000170681471,88593119.11406879,primary_input_absent [netCashProvidedByOperatingActivities NaN (value=NaN)]
stock_CUR3K@844b3eaf1ea2,TAL,2012-07-01,1.2500000121231576,63456524.36543475,primary_input_absent [netCashProvidedByOperatingActivities NaN (value=NaN)]
stock_CUR3K@844b3eaf1ea2,TAL,2012-10-01,1.5000000141841743,77096579.2290342,primary_input_absent [netCashProvidedByOperatingActivities NaN (value=NaN)]
stock_CUR3K@844b3eaf1ea2,TAL,2013-01-01,1.4800000115723608,83056651.96943347,primary_input_absent [netCashProvidedByOperatingActivities NaN (value=NaN)]
stock_CUR3K@844b3eaf1ea2,TAL,2013-04-01,1.8100000165099632,94657713.85342285,primary_input_absent [netCashProvidedByOperatingActivities NaN (value=NaN)]
stock_CUR3K@844b3eaf1ea2,TAL,2013-07-01,1.9900000186339295,102769170.97230828,primary_input_absent [netCashProvidedByOperatingActivities NaN (value=NaN)]
stock_CUR3K@844b3eaf1ea2,TAL,2013-10-01,3.280000030496685,169967827.1003217,primary_input_absent [netCashProvidedByOperatingActivities NaN (value=NaN)]
stock_CUR3K@844b3eaf1ea2,TAL,2014-01-01,3.9500000365985755,205030119.9496988,primary_input_absent [netCashProvidedByOperatingActivities NaN (value=NaN)]
stock_CUR3K@844b3eaf1ea2,TAL,2014-04-01,3.830000031334693,210655053.49344945,primary_input_absent [netCashProvidedByOperatingActivities NaN (value=NaN)]
stock_CUR3K@844b3eaf1ea2,TAL,2014-07-01,5.800000044673331,327641068.72358924,primary_input_absent [netCashProvidedByOperatingActivities NaN (value=NaN)]
stock_CUR3K@844b3eaf1ea2,TAL,2014-10-01,4.910000044693184,257034667.6296533,primary_input_absent [netCashProvidedByOperatingActivities NaN (value=NaN)]
stock_CUR3K@844b3eaf1ea2,TAL,2015-01-01,5.120000071968954,283777140.6288952,primary_input_absent [netCashProvidedByOperatingActivities NaN (value=NaN)]
stock_CUR3K@844b3eaf1ea2,TAL,2015-04-01,6.080000046222074,345409113.3459088,primary_input_absent [netCashProvidedByOperatingActivities NaN (value=NaN)]
stock_CUR3K@844b3eaf1ea2,TAL,2015-07-01,5.110000036714283,297355955.9264404,primary_input_absent [netCashProvidedByOperatingActivities NaN (value=NaN)]
stock_CUR3K@844b3eaf1ea2,TAL,2015-10-01,7.3400000655876445,387628699.12371296,primary_input_absent [netCashProvidedByOperatingActivities NaN (value=NaN)]
stock_CUR3K@844b3eaf1ea2,TAL,2016-01-01,8.630000076436017,457654677.5234532,primary_input_absent [netCashProvidedByOperatingActivities NaN (value=NaN)]
stock_CUR3K@844b3eaf1ea2,TAL,2016-04-01,8.900000074210038,485325539.14674455,primary_input_absent [netCashProvidedByOperatingActivities NaN (value=NaN)]
stock_CUR3K@844b3eaf1ea2,TAL,2016-07-01,9.960000068200754,591186849.6881315,primary_input_absent [netCashProvidedByOperatingActivities NaN (value=NaN)]
stock_CUR3K@844b3eaf1ea2,TAL,2016-10-01,12.76000009970123,716307602.4369239,primary_input_absent [netCashProvidedByOperatingActivities NaN (value=NaN)]
stock_CUR3K@844b3eaf1ea2,TAL,2017-01-01,14.410000095901468,865195124.3480487,primary_input_absent [netCashProvidedByOperatingActivities NaN (value=NaN)]
stock_CUR3K@844b3eaf1ea2,TAL,2017-04-01,19.410000132588426,1153233686.567663,primary_input_absent [netCashProvidedByOperatingActivities NaN (value=NaN)]
stock_CUR3K@844b3eaf1ea2,TAL,2017-07-01,30.430000176373692,1926431382.1356857,primary_input_absent [netCashProvidedByOperatingActivities NaN (value=NaN)]
stock_CUR3K@844b3eaf1ea2,TAL,2017-10-01,27.88000015751806,1781485701.3851426,primary_input_absent [netCashProvidedByOperatingActivities NaN (value=NaN)]
stock_CUR3K@844b3eaf1ea2,TAL,2018-01-01,37.76000020413536,2450972877.8902707,primary_input_absent [netCashProvidedByOperatingActivities NaN (value=NaN)]
stock_CUR3K@844b3eaf1ea2,TAL,2018-04-01,42.46000021735421,2808380375.316196,primary_input_absent [netCashProvidedByOperatingActivities NaN (value=NaN)]
stock_CUR3K@844b3eaf1ea2,TAL,2018-07-01,29.60000015153384,1957751380.422486,primary_input_absent [netCashProvidedByOperatingActivities NaN (value=NaN)]
stock_CUR3K@844b3eaf1ea2,TAL,2018-10-01,28.070000145373516,1849269827.0073016,primary_input_absent [netCashProvidedByOperatingActivities NaN (value=NaN)]
stock_CUR3K@844b3eaf1ea2,TAL,2019-01-01,35.60000018158497,2357506380.424936,primary_input_absent [netCashProvidedByOperatingActivities NaN (value=NaN)]
stock_CUR3K@844b3eaf1ea2,TAL,2019-04-01,34.41000018476828,2238833636.2116632,primary_input_absent [netCashProvidedByOperatingActivities NaN (value=NaN)]
stock_CUR3K@844b3eaf1ea2,TAL,2019-07-01,35.63000018916037,2327386137.8261385,primary_input_absent [netCashProvidedByOperatingActivities NaN (value=NaN)]
stock_CUR3K@844b3eaf1ea2,TAL,2019-10-01,44.26000017443886,3174755605.052443,primary_input_absent [netCashProvidedByOperatingActivities NaN (value=NaN)]
stock_CUR3K@844b3eaf1ea2,TAL,2020-01-01,54.39000029459912,3528056265.7194366,primary_input_absent [netCashProvidedByOperatingActivities NaN (value=NaN)]
stock_CUR3K@844b3eaf1ea2,TAL,2020-04-01,61.03000027750569,4195355953.6464405,primary_input_absent [netCashProvidedByOperatingActivities NaN (value=NaN)]
stock_CUR3K@844b3eaf1ea2,TAL,2020-07-01,73.81000030630024,5216310601.236893,primary_input_absent [netCashProvidedByOperatingActivities NaN (value=NaN)]
stock_CUR3K@844b3eaf1ea2,TAL,2020-10-01,70.0600003699704,4584848959.15151,primary_input_absent [netCashProvidedByOperatingActivities NaN (value=NaN)]
stock_CUR3K@844b3eaf1ea2,TAL,2021-01-01,79.7900003414713,5587681675.623183,primary_input_absent [netCashProvidedByOperatingActivities NaN (value=NaN)]
stock_CUR3K@844b3eaf1ea2,TAL,2021-07-01,5.320000022088555,375919016.6408098,primary_input_absent [netCashProvidedByOperatingActivities NaN (value=NaN)]
stock_CUR3K@844b3eaf1ea2,TAL,2021-10-01,5.180000021319804,366964871.5303512,primary_input_absent [netCashProvidedByOperatingActivities NaN (value=NaN)]
stock_CUR3K@844b3eaf1ea2,TAL,2022-01-01,2.84000001162974,201490187.98509806,primary_input_absent [netCashProvidedByOperatingActivities NaN (value=NaN)]
stock_CUR3K@844b3eaf1ea2,TAL,2022-04-01,4.1000000167697985,290982491.09017503,primary_input_absent [netCashProvidedByOperatingActivities NaN (value=NaN)]
stock_CUR3K@844b3eaf1ea2,TAL,2022-07-01,5.780000024966083,403648434.5635156,primary_input_absent [netCashProvidedByOperatingActivities NaN (value=NaN)]
stock_CUR3K@844b3eaf1ea2,TAL,2022-10-01,5.9700000257879795,416911244.4308875,primary_input_absent [netCashProvidedByOperatingActivities NaN (value=NaN)]
stock_CUR3K@844b3eaf1ea2,TAL,2023-01-01,7.030000032396882,481230771.58769226,primary_input_absent [netCashProvidedByOperatingActivities NaN (value=NaN)]
stock_CUR3K@844b3eaf1ea2,TAL,2023-04-01,5.4300000235648005,378667888.01332104,primary_input_absent [netCashProvidedByOperatingActivities NaN (value=NaN)]
stock_CUR3K@844b3eaf1ea2,TAL,2023-07-01,7.050000036015501,466622222.8337777,primary_input_absent [netCashProvidedByOperatingActivities NaN (value=NaN)]
stock_CUR3K@844b3eaf1ea2,TAL,2023-10-01,12.53000006497184,825139961.2486002,primary_input_absent [netCashProvidedByOperatingActivities NaN (value=NaN)]
stock_CUR3K@844b3eaf1ea2,TAL,2024-01-01,14.63000006200462,1027518728.1248126,primary_input_absent [netCashProvidedByOperatingActivities NaN (value=NaN)]
stock_CUR3K@844b3eaf1ea2,TAL,2024-04-01,11.36000005717776,755658104.4434189,primary_input_absent [netCashProvidedByOperatingActivities NaN (value=NaN)]
stock_CUR3K@844b3eaf1ea2,TAL,2024-07-01,8.040000038474838,543778640.9622134,primary_input_absent [netCashProvidedByOperatingActivities NaN (value=NaN)]
stock_CUR3K@844b3eaf1ea2,TAL,2024-10-01,9.93000004431306,686601204.0339879,primary_input_absent [netCashProvidedByOperatingActivities NaN (value=NaN)]
stock_CUR3K@844b3eaf1ea2,TAL,2025-01-01,12.920000125846144,872659857.9400679,primary_input_absent [netCashProvidedByOperatingActivities NaN (value=NaN)]
stock_CUR3K@844b3eaf1ea2,TAL,2025-04-01,9.830000031480095,1985489868.7184343,primary_input_absent [netCashProvidedByOperatingActivities NaN (value=NaN)]
stock_CUR3K@844b3eaf1ea2,TAL,2025-07-01,10.620000005678154,2016200533.4979942,primary_input_absent [netCashProvidedByOperatingActivities NaN (value=NaN)]
stock_CUR3K@844b3eaf1ea2,TAL,2025-10-01,11.120000029007441,2057857453.1280916,primary_input_absent [netCashProvidedByOperatingActivities NaN (value=NaN)]
stock_CUR3K@844b3eaf1ea2,TAL,2026-01-01,10.530000008765247,1944166190.1283379,primary_input_absent [netCashProvidedByOperatingActivities NaN (value=NaN)]
stock_CUR3K@844b3eaf1ea2,TAL,2026-04-01,10.060000026685822,1855208456.4612486,primary_input_absent [netCashProvidedByOperatingActivities NaN (value=NaN)]
stock_CUR3K@844b3eaf1ea2,TFG.AS,2009-10-01,3.83,492681847.14,primary_input_absent [revenue impossible: < 0 (value=-1.314e+08)]
stock_CUR3K@844b3eaf1ea2,TFG.AS,2010-01-01,3.86,488214081.52,primary_input_absent [revenue impossible: < 0 (value=-1.314e+08)]
stock_CUR3K@844b3eaf1ea2,TFG.AS,2010-04-01,4.19,523888370.56000006,primary_input_absent [revenue impossible: < 0 (value=-1.314e+08)]
stock_CUR3K@844b3eaf1ea2,TFG.AS,2010-07-01,4.34,537406988.3,primary_input_absent [revenue impossible: < 0 (value=-1.314e+08)]
stock_CUR3K@844b3eaf1ea2,TFG.AS,2010-10-01,5.75,705387005.75,primary_input_absent [revenue impossible: < 0 (value=-1.314e+08)]
stock_CUR3K@844b3eaf1ea2,TFG.AS,2011-01-01,6.5,794260759.5,primary_input_absent [revenue impossible: < 0 (value=-1.314e+08)]
stock_CUR3K@844b3eaf1ea2,TFG.AS,2011-04-01,7.76,943057163.6,primary_input_absent [revenue impossible: < 0 (value=-1.314e+08)]
stock_CUR3K@844b3eaf1ea2,TFG.AS,2011-07-01,6.38,767506324.86,primary_input_absent [revenue impossible: < 0 (value=-1.314e+08)]
stock_CUR3K@844b3eaf1ea2,TFG.AS,2011-10-01,6.129999999999999,719037132.3199999,primary_input_absent [revenue impossible: < 0 (value=-1.314e+08)]
stock_CUR3K@844b3eaf1ea2,TFG.AS,2012-01-01,7.15,838681157.6,primary_input_absent [revenue impossible: < 0 (value=-1.314e+08)]
stock_CUR3K@844b3eaf1ea2,TFG.AS,2012-04-01,7.25,843761358.25,primary_input_absent [revenue impossible: < 0 (value=-1.314e+08)]
stock_CUR3K@844b3eaf1ea2,TFG.AS,2012-07-01,8.57,978386542.6800001,primary_input_absent [revenue impossible: < 0 (value=-1.314e+08)]
stock_CUR3K@844b3eaf1ea2,TFG.AS,2012-10-01,9.75,981745820.25,primary_input_absent [revenue impossible: < 0 (value=-1.314e+08)]
stock_CUR3K@844b3eaf1ea2,TFG.AS,2013-01-01,11.4,1121760456.0,primary_input_absent [revenue impossible: < 0 (value=-1.314e+08)]
stock_CUR3K@844b3eaf1ea2,TFG.AS,2013-04-01,10.36,1030160596.3599999,primary_input_absent [revenue impossible: < 0 (value=-1.314e+08)]
stock_CUR3K@844b3eaf1ea2,TFG.AS,2013-07-01,10.05,999335327.5500001,primary_input_absent [revenue impossible: < 0 (value=-1.314e+08)]
stock_CUR3K@844b3eaf1ea2,TFG.AS,2013-10-01,9.77,985083873.86,primary_input_absent [revenue impossible: < 0 (value=-1.314e+08)]
stock_CUR3K@844b3eaf1ea2,TFG.AS,2014-01-01,10.4,997827220.0,primary_input_absent [revenue impossible: < 0 (value=-1.314e+08)]
stock_CUR3K@844b3eaf1ea2,TFG.AS,2014-04-01,9.9,950823304.2,primary_input_absent [revenue impossible: < 0 (value=-1.314e+08)]
stock_CUR3K@844b3eaf1ea2,TFG.AS,2014-07-01,10.9,1031113523.9,primary_input_absent [revenue impossible: < 0 (value=-1.314e+08)]
stock_CUR3K@844b3eaf1ea2,TFG.AS,2014-10-01,9.79,829085338.4,primary_input_absent [revenue impossible: < 0 (value=-1.314e+08)]
stock_CUR3K@844b3eaf1ea2,TFG.AS,2015-01-01,9.84,968696536.8,primary_input_absent [revenue impossible: < 0 (value=-1.314e+08)]
stock_CUR3K@844b3eaf1ea2,TFG.AS,2015-04-01,9.97,853473355.5600001,primary_input_absent [revenue impossible: < 0 (value=-1.314e+08)]
stock_CUR3K@844b3eaf1ea2,TFG.AS,2015-07-01,9.77,966783686.86,primary_input_absent [revenue impossible: < 0 (value=-1.314e+08)]
stock_CUR3K@844b3eaf1ea2,TFG.AS,2015-10-01,9.73,950926541.46,primary_input_absent [revenue impossible: < 0 (value=-1.314e+08)]
stock_CUR3K@844b3eaf1ea2,TFG.AS,2016-01-01,9.75,945750000.0,primary_input_absent [revenue impossible: < 0 (value=-1.314e+08)]
stock_CUR3K@844b3eaf1ea2,TFG.AS,2016-04-01,9.93,868875000.0,primary_input_absent [revenue impossible: < 0 (value=-1.314e+08)]
stock_CUR3K@844b3eaf1ea2,TFG.AS,2016-07-01,10.65,935070000.0,primary_input_absent [revenue impossible: < 0 (value=-1.314e+08)]
stock_CUR3K@844b3eaf1ea2,TFG.AS,2016-10-01,12.25,1066975000.0,primary_input_absent [revenue impossible: < 0 (value=-1.314e+08)]
stock_CUR3K@844b3eaf1ea2,TFG.AS,2017-01-01,12.25,1241455216.75,primary_input_absent [revenue impossible: < 0 (value=-1.314e+08)]
stock_CUR3K@844b3eaf1ea2,TFG.AS,2017-04-01,13.1,1319170000.0,primary_input_absent [revenue impossible: < 0 (value=-1.314e+08)]
stock_CUR3K@844b3eaf1ea2,TFG.AS,2017-07-01,12.65,1223216619.9,primary_input_absent [revenue impossible: < 0 (value=-1.314e+08)]
stock_CUR3K@844b3eaf1ea2,TFG.AS,2017-10-01,13.53,1308309949.98,primary_input_absent [revenue impossible: < 0 (value=-1.314e+08)]
stock_CUR3K@844b3eaf1ea2,TFG.AS,2018-01-01,12.95,1286366662.35,primary_input_absent [revenue impossible: < 0 (value=-1.314e+08)]
stock_CUR3K@844b3eaf1ea2,TFG.AS,2018-04-01,12.379999999999999,1229746662.54,primary_input_absent [revenue impossible: < 0 (value=-1.314e+08)]
stock_CUR3K@844b3eaf1ea2,TFG.AS,2018-07-01,12.88,1290784771.92,primary_input_absent [revenue impossible: < 0 (value=-1.314e+08)]
stock_CUR3K@844b3eaf1ea2,TFG.AS,2018-10-01,11.63,1163000000.0,primary_input_absent [revenue impossible: < 0 (value=-1.314e+08)]
stock_CUR3K@844b3eaf1ea2,TFG.AS,2019-01-01,12.979999999999999,1269252337.32,primary_input_absent [revenue impossible: < 0 (value=-1.314e+08)]
stock_CUR3K@844b3eaf1ea2,TFG.AS,2019-04-01,12.5,1222315425.0,primary_input_absent [revenue impossible: < 0 (value=-1.314e+08)]
stock_CUR3K@844b3eaf1ea2,TFG.AS,2019-07-01,12.45,1289898995.25,primary_input_absent [revenue impossible: < 0 (value=-1.314e+08)]
stock_CUR3K@844b3eaf1ea2,TFG.AS,2019-10-01,12.230000000000002,1267105599.3500001,primary_input_absent [revenue impossible: < 0 (value=-1.314e+08)]
stock_CUR3K@844b3eaf1ea2,TFG.AS,2020-01-01,7.36,683009111.36,primary_input_absent [revenue impossible: < 0 (value=-1.314e+08)]
stock_CUR3K@844b3eaf1ea2,TFG.AS,2020-04-01,8.839985615971681,820352000.0,primary_input_absent [revenue impossible: < 0 (value=-1.314e+08)]
stock_CUR3K@844b3eaf1ea2,TFG.AS,2020-07-01,8.6,965688883.0,primary_input_absent [revenue impossible: < 0 (value=-1.314e+08)]
stock_CUR3K@844b3eaf1ea2,TFG.AS,2020-10-01,7.528546437662574,845376000.0,primary_input_absent [revenue impossible: < 0 (value=-1.314e+08)]
stock_CUR3K@844b3eaf1ea2,TFG.AS,2021-01-01,9.79,975940624.9999999,primary_input_absent [revenue impossible: < 0 (value=-1.314e+08)]
stock_CUR3K@844b3eaf1ea2,TFG.AS,2021-04-01,8.615423197492163,858850000.0,primary_input_absent [revenue impossible: < 0 (value=-1.314e+08)]
stock_CUR3K@844b3eaf1ea2,TFG.AS,2021-07-01,9.18,926027643.78,primary_input_absent [revenue impossible: < 0 (value=-1.314e+08)]
stock_CUR3K@844b3eaf1ea2,TFG.AS,2021-10-01,7.624579773013133,769125451.1999999,primary_input_absent [revenue impossible: < 0 (value=-1.314e+08)]
stock_CUR3K@844b3eaf1ea2,TFG.AS,2022-01-01,8.95,798340456.4499999,primary_input_absent [revenue impossible: < 0 (value=-1.314e+08)]
stock_CUR3K@844b3eaf1ea2,TFG.AS,2022-04-01,10.299994110989916,918760000.0000001,primary_input_absent [revenue impossible: < 0 (value=-1.314e+08)]
stock_CUR3K@844b3eaf1ea2,TFG.AS,2022-07-01,9.5,877800532.0,primary_input_absent [revenue impossible: < 0 (value=-1.314e+08)]
stock_CUR3K@844b3eaf1ea2,TFG.AS,2022-10-01,9.55,882420534.8000001,primary_input_absent [revenue impossible: < 0 (value=-1.314e+08)]
stock_CUR3K@844b3eaf1ea2,TFG.AS,2023-01-01,10.45,978499993.3499999,primary_input_absent [revenue impossible: < 0 (value=-1.314e+08)]
stock_CUR3K@844b3eaf1ea2,TFG.AS,2023-04-01,9.9,926999993.7,primary_input_absent [revenue impossible: < 0 (value=-1.314e+08)]
stock_CUR3K@844b3eaf1ea2,TFG.AS,2023-07-01,9.9,896105370.6,primary_input_absent [revenue impossible: < 0 (value=-1.314e+08)]
stock_CUR3K@844b3eaf1ea2,TFG.AS,2023-10-01,10.05,909682724.7,primary_input_absent [revenue impossible: < 0 (value=-1.314e+08)]
stock_CUR3K@844b3eaf1ea2,TFG.AS,2024-01-01,9.8,879277716.8000001,primary_input_absent [revenue impossible: < 0 (value=-1.314e+08)]
stock_CUR3K@844b3eaf1ea2,TFG.AS,2024-04-01,9.734935659636406,873440000.0000001,primary_input_absent [revenue impossible: < 0 (value=-1.314e+08)]
stock_CUR3K@844b3eaf1ea2,TFG.AS,2024-07-01,10.05,888998357.4000001,primary_input_absent [revenue impossible: < 0 (value=-1.314e+08)]
stock_CUR3K@844b3eaf1ea2,TFG.AS,2024-10-01,14.0,1148000000.0,primary_input_absent [revenue impossible: < 0 (value=-1.314e+08)]
stock_CUR3K@844b3eaf1ea2,TFG.AS,2025-01-01,14.8,1393635902.4,primary_input_absent [revenue impossible: < 0 (value=-1.314e+08)]
stock_CUR3K@844b3eaf1ea2,TFG.AS,2025-04-01,17.431852795847753,1511341637.4,primary_input_absent [revenue impossible: < 0 (value=-1.314e+08)]
stock_CUR3K@844b3eaf1ea2,TFG.AS,2025-07-01,19.15,1878756020.6,primary_input_absent [revenue impossible: < 0 (value=-1.314e+08)]
stock_CUR3K@844b3eaf1ea2,TFG.AS,2025-10-01,17.35,1452195000.0,primary_input_absent [revenue impossible: < 0 (value=-1.314e+08)]
stock_CUR3K@844b3eaf1ea2,TFG.AS,2026-01-01,14.0,1237601022.0,primary_input_absent [revenue impossible: < 0 (value=-1.314e+08)]
stock_CUR3K@844b3eaf1ea2,TFG.AS,2026-04-01,13.050010776583711,1153620952.65,primary_input_absent [revenue impossible: < 0 (value=-1.314e+08)]
stock_CUR3K@844b3eaf1ea2,TFGS.L,2009-10-01,3.83,492681847.14,primary_input_absent [revenue impossible: < 0 (value=-1.32237e+08)]
stock_CUR3K@844b3eaf1ea2,TFGS.L,2010-01-01,3.86,488214081.52,primary_input_absent [revenue impossible: < 0 (value=-1.32237e+08)]
stock_CUR3K@844b3eaf1ea2,TFGS.L,2010-04-01,4.19,523888370.56000006,primary_input_absent [revenue impossible: < 0 (value=-1.32237e+08)]
stock_CUR3K@844b3eaf1ea2,TFGS.L,2010-07-01,4.34,537406988.3,primary_input_absent [revenue impossible: < 0 (value=-1.32237e+08)]
stock_CUR3K@844b3eaf1ea2,TFGS.L,2010-10-01,5.75,705387005.75,primary_input_absent [revenue impossible: < 0 (value=-1.32237e+08)]
stock_CUR3K@844b3eaf1ea2,TFGS.L,2011-01-01,6.5,794260759.5,primary_input_absent [revenue impossible: < 0 (value=-1.32237e+08)]
stock_CUR3K@844b3eaf1ea2,TFGS.L,2011-04-01,7.76,943057163.6,primary_input_absent [revenue impossible: < 0 (value=-1.32237e+08)]
stock_CUR3K@844b3eaf1ea2,TFGS.L,2011-07-01,6.38,767506324.86,primary_input_absent [revenue impossible: < 0 (value=-1.32237e+08)]
stock_CUR3K@844b3eaf1ea2,TFGS.L,2011-10-01,6.129999999999999,719037132.3199999,primary_input_absent [revenue impossible: < 0 (value=-1.32237e+08)]
stock_CUR3K@844b3eaf1ea2,TFGS.L,2012-01-01,7.15,838681157.6,primary_input_absent [revenue impossible: < 0 (value=-1.32237e+08)]
stock_CUR3K@844b3eaf1ea2,TFGS.L,2012-04-01,7.25,843761358.25,primary_input_absent [revenue impossible: < 0 (value=-1.32237e+08)]
stock_CUR3K@844b3eaf1ea2,TFGS.L,2012-07-01,8.57,978386542.6800001,primary_input_absent [revenue impossible: < 0 (value=-1.32237e+08)]
stock_CUR3K@844b3eaf1ea2,TFGS.L,2012-10-01,9.75,981745820.25,primary_input_absent [revenue impossible: < 0 (value=-1.32237e+08)]
stock_CUR3K@844b3eaf1ea2,TFGS.L,2013-01-01,11.4,1121760456.0,primary_input_absent [revenue impossible: < 0 (value=-1.32237e+08)]
stock_CUR3K@844b3eaf1ea2,TFGS.L,2013-04-01,10.36,1030160596.3599999,primary_input_absent [revenue impossible: < 0 (value=-1.32237e+08)]
stock_CUR3K@844b3eaf1ea2,TFGS.L,2013-07-01,10.05,999335327.5500001,primary_input_absent [revenue impossible: < 0 (value=-1.32237e+08)]
stock_CUR3K@844b3eaf1ea2,TFGS.L,2013-10-01,9.77,985083873.86,primary_input_absent [revenue impossible: < 0 (value=-1.32237e+08)]
stock_CUR3K@844b3eaf1ea2,TFGS.L,2014-01-01,10.4,997827220.0,primary_input_absent [revenue impossible: < 0 (value=-1.32237e+08)]
stock_CUR3K@844b3eaf1ea2,TFGS.L,2014-04-01,9.9,950823304.2,primary_input_absent [revenue impossible: < 0 (value=-1.32237e+08)]
stock_CUR3K@844b3eaf1ea2,TFGS.L,2014-07-01,10.9,1031113523.9,primary_input_absent [revenue impossible: < 0 (value=-1.32237e+08)]
stock_CUR3K@844b3eaf1ea2,TFGS.L,2014-10-01,9.79,829085338.4,primary_input_absent [revenue impossible: < 0 (value=-1.32237e+08)]
stock_CUR3K@844b3eaf1ea2,TFGS.L,2015-01-01,9.84,968696536.8,primary_input_absent [revenue impossible: < 0 (value=-1.32237e+08)]
stock_CUR3K@844b3eaf1ea2,TFGS.L,2015-04-01,9.97,853473355.5600001,primary_input_absent [revenue impossible: < 0 (value=-1.32237e+08)]
stock_CUR3K@844b3eaf1ea2,TFGS.L,2015-07-01,9.77,966783686.86,primary_input_absent [revenue impossible: < 0 (value=-1.32237e+08)]
stock_CUR3K@844b3eaf1ea2,TFGS.L,2015-10-01,9.73,950926541.46,primary_input_absent [revenue impossible: < 0 (value=-1.32237e+08)]
stock_CUR3K@844b3eaf1ea2,TFGS.L,2016-01-01,9.75,945750000.0,primary_input_absent [revenue impossible: < 0 (value=-1.32237e+08)]
stock_CUR3K@844b3eaf1ea2,TFGS.L,2016-04-01,9.93,868875000.0,primary_input_absent [revenue impossible: < 0 (value=-1.32237e+08)]
stock_CUR3K@844b3eaf1ea2,TFGS.L,2016-07-01,10.65,935070000.0,primary_input_absent [revenue impossible: < 0 (value=-1.32237e+08)]
stock_CUR3K@844b3eaf1ea2,TFGS.L,2016-10-01,12.25,1066975000.0,primary_input_absent [revenue impossible: < 0 (value=-1.32237e+08)]
stock_CUR3K@844b3eaf1ea2,TFGS.L,2017-01-01,12.25,1241455216.75,primary_input_absent [revenue impossible: < 0 (value=-1.32237e+08)]
stock_CUR3K@844b3eaf1ea2,TFGS.L,2017-04-01,13.1,1319170000.0,primary_input_absent [revenue impossible: < 0 (value=-1.32237e+08)]
stock_CUR3K@844b3eaf1ea2,TFGS.L,2017-07-01,12.65,1223216619.9,primary_input_absent [revenue impossible: < 0 (value=-1.32237e+08)]
stock_CUR3K@844b3eaf1ea2,TFGS.L,2017-10-01,13.53,1308309949.98,primary_input_absent [revenue impossible: < 0 (value=-1.32237e+08)]
stock_CUR3K@844b3eaf1ea2,TFGS.L,2018-01-01,12.95,1286366662.35,primary_input_absent [revenue impossible: < 0 (value=-1.32237e+08)]
stock_CUR3K@844b3eaf1ea2,TFGS.L,2018-04-01,12.379999999999999,1229746662.54,primary_input_absent [revenue impossible: < 0 (value=-1.32237e+08)]
stock_CUR3K@844b3eaf1ea2,TFGS.L,2018-07-01,12.88,1290784771.92,primary_input_absent [revenue impossible: < 0 (value=-1.32237e+08)]
stock_CUR3K@844b3eaf1ea2,TFGS.L,2018-10-01,11.63,1163000000.0,primary_input_absent [revenue impossible: < 0 (value=-1.32237e+08)]
stock_CUR3K@844b3eaf1ea2,TFGS.L,2019-01-01,12.979999999999999,1269252337.32,primary_input_absent [revenue impossible: < 0 (value=-1.32237e+08)]
stock_CUR3K@844b3eaf1ea2,TFGS.L,2019-04-01,12.5,1222315425.0,primary_input_absent [revenue impossible: < 0 (value=-1.32237e+08)]
stock_CUR3K@844b3eaf1ea2,TFGS.L,2019-07-01,12.45,1289898995.25,primary_input_absent [revenue impossible: < 0 (value=-1.32237e+08)]
stock_CUR3K@844b3eaf1ea2,TFGS.L,2019-10-01,12.230000000000002,1267105599.3500001,primary_input_absent [revenue impossible: < 0 (value=-1.32237e+08)]
stock_CUR3K@844b3eaf1ea2,TFGS.L,2020-01-01,7.36,683009111.36,primary_input_absent [revenue impossible: < 0 (value=-1.32237e+08)]
stock_CUR3K@844b3eaf1ea2,TFGS.L,2020-04-01,8.84,820352000.0,primary_input_absent [revenue impossible: < 0 (value=-1.32237e+08)]
stock_CUR3K@844b3eaf1ea2,TFGS.L,2020-07-01,8.6,965688883.0,primary_input_absent [revenue impossible: < 0 (value=-1.32237e+08)]
stock_CUR3K@844b3eaf1ea2,TFGS.L,2020-10-01,9.52,845376000.0,primary_input_absent [revenue impossible: < 0 (value=-1.32237e+08)]
stock_CUR3K@844b3eaf1ea2,TFGS.L,2021-01-01,9.79,975940624.9999999,primary_input_absent [revenue impossible: < 0 (value=-1.32237e+08)]
stock_CUR3K@844b3eaf1ea2,TFGS.L,2021-04-01,9.65,858850000.0,primary_input_absent [revenue impossible: < 0 (value=-1.32237e+08)]
stock_CUR3K@844b3eaf1ea2,TFGS.L,2021-07-01,9.18,926027643.78,primary_input_absent [revenue impossible: < 0 (value=-1.32237e+08)]
stock_CUR3K@844b3eaf1ea2,TFGS.L,2021-10-01,8.6,769125451.1999999,primary_input_absent [revenue impossible: < 0 (value=-1.32237e+08)]
stock_CUR3K@844b3eaf1ea2,TFGS.L,2022-01-01,8.95,798340456.4499999,primary_input_absent [revenue impossible: < 0 (value=-1.32237e+08)]
stock_CUR3K@844b3eaf1ea2,TFGS.L,2022-04-01,10.3,918760000.0000001,primary_input_absent [revenue impossible: < 0 (value=-1.32237e+08)]
stock_CUR3K@844b3eaf1ea2,TFGS.L,2022-07-01,9.5,877800532.0,primary_input_absent [revenue impossible: < 0 (value=-1.32237e+08)]
stock_CUR3K@844b3eaf1ea2,TFGS.L,2022-10-01,9.55,882420534.8000001,primary_input_absent [revenue impossible: < 0 (value=-1.32237e+08)]
stock_CUR3K@844b3eaf1ea2,TFGS.L,2023-01-01,10.45,978499993.3499999,primary_input_absent [revenue impossible: < 0 (value=-1.32237e+08)]
stock_CUR3K@844b3eaf1ea2,TFGS.L,2023-04-01,9.9,926999993.7,primary_input_absent [revenue impossible: < 0 (value=-1.32237e+08)]
stock_CUR3K@844b3eaf1ea2,TFGS.L,2023-07-01,9.9,896105370.6,primary_input_absent [revenue impossible: < 0 (value=-1.32237e+08)]
stock_CUR3K@844b3eaf1ea2,TFGS.L,2023-10-01,10.05,909682724.7,primary_input_absent [revenue impossible: < 0 (value=-1.32237e+08)]
stock_CUR3K@844b3eaf1ea2,TFGS.L,2024-01-01,9.8,879277716.8000001,primary_input_absent [revenue impossible: < 0 (value=-1.32237e+08)]
stock_CUR3K@844b3eaf1ea2,TFGS.L,2024-04-01,9.734935659636406,873440000.0000001,primary_input_absent [revenue impossible: < 0 (value=-1.32237e+08)]
stock_CUR3K@844b3eaf1ea2,TFGS.L,2024-07-01,10.05,888998357.4000001,primary_input_absent [revenue impossible: < 0 (value=-1.32237e+08)]
stock_CUR3K@844b3eaf1ea2,TFGS.L,2024-10-01,12.977976735235753,1148000000.0,primary_input_absent [revenue impossible: < 0 (value=-1.32237e+08)]
stock_CUR3K@844b3eaf1ea2,TFGS.L,2025-01-01,14.8,1393635902.4,primary_input_absent [revenue impossible: < 0 (value=-1.32237e+08)]
stock_CUR3K@844b3eaf1ea2,TFGS.L,2025-04-01,16.05,1511341637.4,primary_input_absent [revenue impossible: < 0 (value=-1.32237e+08)]
stock_CUR3K@844b3eaf1ea2,TFGS.L,2025-07-01,19.15,1878756020.6,primary_input_absent [revenue impossible: < 0 (value=-1.32237e+08)]
stock_CUR3K@844b3eaf1ea2,TFGS.L,2025-10-01,23.373920322599197,1452195000.0,primary_input_absent [revenue impossible: < 0 (value=-1.32237e+08)]
stock_CUR3K@844b3eaf1ea2,TFGS.L,2026-01-01,14.0,1237601022.0,primary_input_absent [revenue impossible: < 0 (value=-1.32237e+08)]
stock_CUR3K@844b3eaf1ea2,TFGS.L,2026-04-01,17.30039929589134,1153620952.65,primary_input_absent [revenue impossible: < 0 (value=-1.32237e+08)]
stock_CUR3K@844b3eaf1ea2,XNET,2011-01-01,14.900000000000002,139412550.3,primary_input_absent [netCashProvidedByOperatingActivities NaN (value=NaN)]
stock_CUR3K@844b3eaf1ea2,XNET,2011-10-01,,0.0,primary_input_absent [netCashProvidedByOperatingActivities NaN (value=NaN)]
stock_CUR3K@844b3eaf1ea2,XNET,2012-10-01,,0.0,primary_input_absent [netCashProvidedByOperatingActivities NaN (value=NaN)]
stock_CUR3K@844b3eaf1ea2,XNET,2013-01-01,14.900000000000002,139412550.3,primary_input_absent [netCashProvidedByOperatingActivities NaN (value=NaN)]
stock_CUR3K@844b3eaf1ea2,XNET,2013-07-01,14.900000000000002,139412550.3,primary_input_absent [netCashProvidedByOperatingActivities NaN (value=NaN)]
stock_CUR3K@844b3eaf1ea2,XNET,2013-10-01,14.900000000000002,139412550.3,primary_input_absent [netCashProvidedByOperatingActivities NaN (value=NaN)]
stock_CUR3K@844b3eaf1ea2,XNET,2014-01-01,14.9,951545871.1,primary_input_absent [netCashProvidedByOperatingActivities NaN (value=NaN)]
stock_CUR3K@844b3eaf1ea2,XNET,2014-04-01,14.97,187305029.22,primary_input_absent [netCashProvidedByOperatingActivities NaN (value=NaN)]
stock_CUR3K@844b3eaf1ea2,XNET,2014-07-01,10.75,698810565.5,primary_input_absent [netCashProvidedByOperatingActivities NaN (value=NaN)]
stock_CUR3K@844b3eaf1ea2,XNET,2014-10-01,7.3,475137939.7,primary_input_absent [netCashProvidedByOperatingActivities NaN (value=NaN)]
stock_CUR3K@844b3eaf1ea2,XNET,2015-01-01,6.37,424174503.48,primary_input_absent [netCashProvidedByOperatingActivities NaN (value=NaN)]
stock_CUR3K@844b3eaf1ea2,XNET,2015-04-01,12.04,808691884.0,primary_input_absent [netCashProvidedByOperatingActivities NaN (value=NaN)]
stock_CUR3K@844b3eaf1ea2,XNET,2015-07-01,7.3,489982416.7,primary_input_absent [netCashProvidedByOperatingActivities NaN (value=NaN)]
stock_CUR3K@844b3eaf1ea2,XNET,2015-10-01,7.56,510873403.32,primary_input_absent [netCashProvidedByOperatingActivities NaN (value=NaN)]
stock_CUR3K@844b3eaf1ea2,XNET,2016-01-01,6.11,412872111.47,primary_input_absent [netCashProvidedByOperatingActivities NaN (value=NaN)]
stock_CUR3K@844b3eaf1ea2,XNET,2016-04-01,5.24,351831264.04,primary_input_absent [netCashProvidedByOperatingActivities NaN (value=NaN)]
stock_CUR3K@844b3eaf1ea2,XNET,2016-07-01,5.39,357097282.84999996,primary_input_absent [netCashProvidedByOperatingActivities NaN (value=NaN)]
stock_CUR3K@844b3eaf1ea2,XNET,2016-10-01,3.86,255067379.51999998,primary_input_absent [netCashProvidedByOperatingActivities NaN (value=NaN)]
stock_CUR3K@844b3eaf1ea2,XNET,2017-01-01,4.05,267758123.85,primary_input_absent [netCashProvidedByOperatingActivities NaN (value=NaN)]
stock_CUR3K@844b3eaf1ea2,XNET,2017-04-01,3.24,214532789.76000002,primary_input_absent [netCashProvidedByOperatingActivities NaN (value=NaN)]
stock_CUR3K@844b3eaf1ea2,XNET,2017-07-01,4.25,282432623.75,primary_input_absent [netCashProvidedByOperatingActivities NaN (value=NaN)]
stock_CUR3K@844b3eaf1ea2,XNET,2017-10-01,16.8,1118836034.4,primary_input_absent [netCashProvidedByOperatingActivities NaN (value=NaN)]
stock_CUR3K@844b3eaf1ea2,XNET,2018-01-01,9.93,662649743.0699999,primary_input_absent [netCashProvidedByOperatingActivities NaN (value=NaN)]
stock_CUR3K@844b3eaf1ea2,XNET,2018-04-01,10.7,715732597.9,primary_input_absent [netCashProvidedByOperatingActivities NaN (value=NaN)]
stock_CUR3K@844b3eaf1ea2,XNET,2018-07-01,7.22,484229487.12,primary_input_absent [netCashProvidedByOperatingActivities NaN (value=NaN)]
stock_CUR3K@844b3eaf1ea2,XNET,2018-10-01,3.4,228581252.0,primary_input_absent [netCashProvidedByOperatingActivities NaN (value=NaN)]
stock_CUR3K@844b3eaf1ea2,XNET,2019-01-01,3.69,248359287.6,primary_input_absent [netCashProvidedByOperatingActivities NaN (value=NaN)]
stock_CUR3K@844b3eaf1ea2,XNET,2019-04-01,2.58,174011763.6,primary_input_absent [netCashProvidedByOperatingActivities NaN (value=NaN)]
stock_CUR3K@844b3eaf1ea2,XNET,2019-07-01,2.29,154918813.73,primary_input_absent [netCashProvidedByOperatingActivities NaN (value=NaN)]
stock_CUR3K@844b3eaf1ea2,XNET,2019-10-01,4.9,316844157.70000005,primary_input_absent [netCashProvidedByOperatingActivities NaN (value=NaN)]
stock_CUR3K@844b3eaf1ea2,XNET,2020-01-01,3.3,223853770.79999998,primary_input_absent [netCashProvidedByOperatingActivities NaN (value=NaN)]
stock_CUR3K@844b3eaf1ea2,XNET,2020-04-01,3.48,236512621.56,primary_input_absent [netCashProvidedByOperatingActivities NaN (value=NaN)]
stock_CUR3K@844b3eaf1ea2,XNET,2020-07-01,3.44,231423905.04,primary_input_absent [netCashProvidedByOperatingActivities NaN (value=NaN)]
stock_CUR3K@844b3eaf1ea2,XNET,2020-10-01,2.89,193284344.44,primary_input_absent [netCashProvidedByOperatingActivities NaN (value=NaN)]
stock_CUR3K@844b3eaf1ea2,XNET,2021-01-01,6.54,437401347.6,primary_input_absent [netCashProvidedByOperatingActivities NaN (value=NaN)]
stock_CUR3K@844b3eaf1ea2,XNET,2021-04-01,4.56,305206636.79999995,primary_input_absent [netCashProvidedByOperatingActivities NaN (value=NaN)]
stock_CUR3K@844b3eaf1ea2,XNET,2021-07-01,2.86,191494134.26,primary_input_absent [netCashProvidedByOperatingActivities NaN (value=NaN)]
stock_CUR3K@844b3eaf1ea2,XNET,2021-10-01,2.01,134663157.95999998,primary_input_absent [netCashProvidedByOperatingActivities NaN (value=NaN)]
stock_CUR3K@844b3eaf1ea2,XNET,2022-01-01,1.76,118715461.92,primary_input_absent [netCashProvidedByOperatingActivities NaN (value=NaN)]
stock_CUR3K@844b3eaf1ea2,XNET,2022-04-01,1.58,107286484.04,primary_input_absent [netCashProvidedByOperatingActivities NaN (value=NaN)]
stock_CUR3K@844b3eaf1ea2,XNET,2022-07-01,1.39,93797690.66999999,primary_input_absent [netCashProvidedByOperatingActivities NaN (value=NaN)]
stock_CUR3K@844b3eaf1ea2,XNET,2022-10-01,1.82,120138196.36,primary_input_absent [netCashProvidedByOperatingActivities NaN (value=NaN)]
stock_CUR3K@844b3eaf1ea2,XNET,2023-01-01,1.84,119625920.08,primary_input_absent [netCashProvidedByOperatingActivities NaN (value=NaN)]
stock_CUR3K@844b3eaf1ea2,XNET,2023-04-01,1.98,129228764.94,primary_input_absent [netCashProvidedByOperatingActivities NaN (value=NaN)]
stock_CUR3K@844b3eaf1ea2,XNET,2023-07-01,1.62,106346249.46000001,primary_input_absent [netCashProvidedByOperatingActivities NaN (value=NaN)]
stock_CUR3K@844b3eaf1ea2,XNET,2023-10-01,1.62,105591135.06,primary_input_absent [netCashProvidedByOperatingActivities NaN (value=NaN)]
stock_CUR3K@844b3eaf1ea2,XNET,2024-01-01,1.52,98295847.92,primary_input_absent [netCashProvidedByOperatingActivities NaN (value=NaN)]
stock_CUR3K@844b3eaf1ea2,XNET,2024-04-01,1.65,105827180.25,primary_input_absent [netCashProvidedByOperatingActivities NaN (value=NaN)]
stock_CUR3K@844b3eaf1ea2,XNET,2024-07-01,1.85,117441762.9,primary_input_absent [netCashProvidedByOperatingActivities NaN (value=NaN)]
stock_CUR3K@844b3eaf1ea2,XNET,2024-10-01,1.99,24967734.0,primary_input_absent [netCashProvidedByOperatingActivities NaN (value=NaN)]
stock_CUR3K@844b3eaf1ea2,XNET,2025-01-01,4.490000220038411,54972496.02400001,primary_input_absent [netCashProvidedByOperatingActivities NaN (value=NaN)]
stock_CUR3K@844b3eaf1ea2,XNET,2025-04-01,4.05,50575760.1,primary_input_absent [netCashProvidedByOperatingActivities NaN (value=NaN)]
stock_CUR3K@844b3eaf1ea2,XNET,2025-07-01,9.570000448844823,122427484.54200001,primary_input_absent [netCashProvidedByOperatingActivities NaN (value=NaN)]
stock_CUR3K@844b3eaf1ea2,XNET,2025-10-01,7.090000338506984,89099672.664,primary_input_absent [netCashProvidedByOperatingActivities NaN (value=NaN)]
stock_CUR3K@844b3eaf1ea2,XNET,2026-01-01,5.56,70014416.75999999,primary_input_absent [netCashProvidedByOperatingActivities NaN (value=NaN)]
stock_CUR3K@844b3eaf1ea2,XNET,2026-04-01,5.6,71316812.0,primary_input_absent [netCashProvidedByOperatingActivities NaN (value=NaN)]
