run_id,source,date,price,marketCap,removal_reason
stock_CUR3K@844b3eaf1ea2,058820.KQ,2020-04-01,3975.0,112053878625.0,"vendor_contamination [058820.KQ 2020-03-31..2022-09-30: another issuer's statements served under this ticker (Chipotle Mexican Grill / CMG), labelled KRW]"
stock_CUR3K@844b3eaf1ea2,058820.KQ,2020-07-01,4435.0,126199339765.0,"vendor_contamination [058820.KQ 2020-03-31..2022-09-30: another issuer's statements served under this ticker (Chipotle Mexican Grill / CMG), labelled KRW]"
stock_CUR3K@844b3eaf1ea2,058820.KQ,2020-10-01,5780.0,165048177440.0,"vendor_contamination [058820.KQ 2020-03-31..2022-09-30: another issuer's statements served under this ticker (Chipotle Mexican Grill / CMG), labelled KRW]"
stock_CUR3K@844b3eaf1ea2,058820.KQ,2021-01-01,4385.0,125244466470.0,"vendor_contamination [058820.KQ 2020-03-31..2022-09-30: another issuer's statements served under this ticker (Chipotle Mexican Grill / CMG), labelled KRW]"
stock_CUR3K@844b3eaf1ea2,058820.KQ,2021-04-01,5270.0,150094390430.0,"vendor_contamination [058820.KQ 2020-03-31..2022-09-30: another issuer's statements served under this ticker (Chipotle Mexican Grill / CMG), labelled KRW]"
stock_CUR3K@844b3eaf1ea2,058820.KQ,2021-07-01,4055.0,115456802555.0,"vendor_contamination [058820.KQ 2020-03-31..2022-09-30: another issuer's statements served under this ticker (Chipotle Mexican Grill / CMG), labelled KRW]"
stock_CUR3K@844b3eaf1ea2,058820.KQ,2021-10-01,3835.0,109410061085.0,"vendor_contamination [058820.KQ 2020-03-31..2022-09-30: another issuer's statements served under this ticker (Chipotle Mexican Grill / CMG), labelled KRW]"
stock_CUR3K@844b3eaf1ea2,058820.KQ,2022-01-01,3485.0,98685971720.0,"vendor_contamination [058820.KQ 2020-03-31..2022-09-30: another issuer's statements served under this ticker (Chipotle Mexican Grill / CMG), labelled KRW]"
stock_CUR3K@844b3eaf1ea2,058820.KQ,2022-04-01,2500.0,70254592500.0,"vendor_contamination [058820.KQ 2020-03-31..2022-09-30: another issuer's statements served under this ticker (Chipotle Mexican Grill / CMG), labelled KRW]"
stock_CUR3K@844b3eaf1ea2,058820.KQ,2022-07-01,2245.0,62753501690.0,"vendor_contamination [058820.KQ 2020-03-31..2022-09-30: another issuer's statements served under this ticker (Chipotle Mexican Grill / CMG), labelled KRW]"
stock_CUR3K@844b3eaf1ea2,BMA,2020-04-01,1994.0,127498952200.0,"currency_excluded [ARS: reports in ARS -- IAS 29 hyperinflation regime, no admitted ARS->USD rate, and this vendor is demonstrably wrong on ARS in this panel | CURRENCY-SCOPED RULE (CEO 2026-08-08): every ARS reporter is removed, whether or not its own series looks damaged. Grounds, measured on the 2026-08-07 CUR3K panel: (1) VENDOR DEFECT, on BMA -- totalAssets 2.325e16 between 2.056e13 and 2.420e13 (961x break) and revenue 1.201e9 between 1.443e12 and 1.907e12 (1,588x break), with marketCap continuous through both, so no market-cap sanity check can see it; BMA's nominal revenue also rises 45.6x over the window. (2) NO USD VALUATION IS POSSIBLE -- ARS is refused by fx_rates.ABSTAIN_CURRENCIES and absent from carveOut.FX_TO_USD, so an ARS name has no marketCap_usd, sits in no band, and scores NEUTRAL on the size tilt while competing for the same slots. (3) NO PER-NAME CLEARANCE EXISTS -- separating a correctly IAS 29-restated series from a mishandled one needs a restatement-vintage audit this codebase does not perform. EXPLICITLY NOT CLAIMED OF EVERY ARS NAME: CRESY shows NO defect (worst adjacent ratio 5.0x vs BMA's 1,588x; 7.5x nominal rise vs BMA's 45.6x, i.e. BELOW Argentine inflation, which is what correct restatement looks like). CRESY is removed by this rule alone. Panel effect: 2 sources, 48 rows.] [ARS on 24/24 rows]"
stock_CUR3K@844b3eaf1ea2,BMA,2020-07-01,2076.0,132742138800.0,"currency_excluded [ARS: reports in ARS -- IAS 29 hyperinflation regime, no admitted ARS->USD rate, and this vendor is demonstrably wrong on ARS in this panel | CURRENCY-SCOPED RULE (CEO 2026-08-08): every ARS reporter is removed, whether or not its own series looks damaged. Grounds, measured on the 2026-08-07 CUR3K panel: (1) VENDOR DEFECT, on BMA -- totalAssets 2.325e16 between 2.056e13 and 2.420e13 (961x break) and revenue 1.201e9 between 1.443e12 and 1.907e12 (1,588x break), with marketCap continuous through both, so no market-cap sanity check can see it; BMA's nominal revenue also rises 45.6x over the window. (2) NO USD VALUATION IS POSSIBLE -- ARS is refused by fx_rates.ABSTAIN_CURRENCIES and absent from carveOut.FX_TO_USD, so an ARS name has no marketCap_usd, sits in no band, and scores NEUTRAL on the size tilt while competing for the same slots. (3) NO PER-NAME CLEARANCE EXISTS -- separating a correctly IAS 29-restated series from a mishandled one needs a restatement-vintage audit this codebase does not perform. EXPLICITLY NOT CLAIMED OF EVERY ARS NAME: CRESY shows NO defect (worst adjacent ratio 5.0x vs BMA's 1,588x; 7.5x nominal rise vs BMA's 45.6x, i.e. BELOW Argentine inflation, which is what correct restatement looks like). CRESY is removed by this rule alone. Panel effect: 2 sources, 48 rows.] [ARS on 24/24 rows]"
stock_CUR3K@844b3eaf1ea2,BMA,2020-10-01,2273.0,145244700000.0,"currency_excluded [ARS: reports in ARS -- IAS 29 hyperinflation regime, no admitted ARS->USD rate, and this vendor is demonstrably wrong on ARS in this panel | CURRENCY-SCOPED RULE (CEO 2026-08-08): every ARS reporter is removed, whether or not its own series looks damaged. Grounds, measured on the 2026-08-07 CUR3K panel: (1) VENDOR DEFECT, on BMA -- totalAssets 2.325e16 between 2.056e13 and 2.420e13 (961x break) and revenue 1.201e9 between 1.443e12 and 1.907e12 (1,588x break), with marketCap continuous through both, so no market-cap sanity check can see it; BMA's nominal revenue also rises 45.6x over the window. (2) NO USD VALUATION IS POSSIBLE -- ARS is refused by fx_rates.ABSTAIN_CURRENCIES and absent from carveOut.FX_TO_USD, so an ARS name has no marketCap_usd, sits in no band, and scores NEUTRAL on the size tilt while competing for the same slots. (3) NO PER-NAME CLEARANCE EXISTS -- separating a correctly IAS 29-restated series from a mishandled one needs a restatement-vintage audit this codebase does not perform. EXPLICITLY NOT CLAIMED OF EVERY ARS NAME: CRESY shows NO defect (worst adjacent ratio 5.0x vs BMA's 1,588x; 7.5x nominal rise vs BMA's 45.6x, i.e. BELOW Argentine inflation, which is what correct restatement looks like). CRESY is removed by this rule alone. Panel effect: 2 sources, 48 rows.] [ARS on 24/24 rows]"
stock_CUR3K@844b3eaf1ea2,BMA,2021-01-01,1969.0,127404735700.0,"currency_excluded [ARS: reports in ARS -- IAS 29 hyperinflation regime, no admitted ARS->USD rate, and this vendor is demonstrably wrong on ARS in this panel | CURRENCY-SCOPED RULE (CEO 2026-08-08): every ARS reporter is removed, whether or not its own series looks damaged. Grounds, measured on the 2026-08-07 CUR3K panel: (1) VENDOR DEFECT, on BMA -- totalAssets 2.325e16 between 2.056e13 and 2.420e13 (961x break) and revenue 1.201e9 between 1.443e12 and 1.907e12 (1,588x break), with marketCap continuous through both, so no market-cap sanity check can see it; BMA's nominal revenue also rises 45.6x over the window. (2) NO USD VALUATION IS POSSIBLE -- ARS is refused by fx_rates.ABSTAIN_CURRENCIES and absent from carveOut.FX_TO_USD, so an ARS name has no marketCap_usd, sits in no band, and scores NEUTRAL on the size tilt while competing for the same slots. (3) NO PER-NAME CLEARANCE EXISTS -- separating a correctly IAS 29-restated series from a mishandled one needs a restatement-vintage audit this codebase does not perform. EXPLICITLY NOT CLAIMED OF EVERY ARS NAME: CRESY shows NO defect (worst adjacent ratio 5.0x vs BMA's 1,588x; 7.5x nominal rise vs BMA's 45.6x, i.e. BELOW Argentine inflation, which is what correct restatement looks like). CRESY is removed by this rule alone. Panel effect: 2 sources, 48 rows.] [ARS on 24/24 rows]"
stock_CUR3K@844b3eaf1ea2,BMA,2021-04-01,2552.5,163210168250.0,"currency_excluded [ARS: reports in ARS -- IAS 29 hyperinflation regime, no admitted ARS->USD rate, and this vendor is demonstrably wrong on ARS in this panel | CURRENCY-SCOPED RULE (CEO 2026-08-08): every ARS reporter is removed, whether or not its own series looks damaged. Grounds, measured on the 2026-08-07 CUR3K panel: (1) VENDOR DEFECT, on BMA -- totalAssets 2.325e16 between 2.056e13 and 2.420e13 (961x break) and revenue 1.201e9 between 1.443e12 and 1.907e12 (1,588x break), with marketCap continuous through both, so no market-cap sanity check can see it; BMA's nominal revenue also rises 45.6x over the window. (2) NO USD VALUATION IS POSSIBLE -- ARS is refused by fx_rates.ABSTAIN_CURRENCIES and absent from carveOut.FX_TO_USD, so an ARS name has no marketCap_usd, sits in no band, and scores NEUTRAL on the size tilt while competing for the same slots. (3) NO PER-NAME CLEARANCE EXISTS -- separating a correctly IAS 29-restated series from a mishandled one needs a restatement-vintage audit this codebase does not perform. EXPLICITLY NOT CLAIMED OF EVERY ARS NAME: CRESY shows NO defect (worst adjacent ratio 5.0x vs BMA's 1,588x; 7.5x nominal rise vs BMA's 45.6x, i.e. BELOW Argentine inflation, which is what correct restatement looks like). CRESY is removed by this rule alone. Panel effect: 2 sources, 48 rows.] [ARS on 24/24 rows]"
stock_CUR3K@844b3eaf1ea2,BMA,2021-07-01,3282.5,209887317250.0,"currency_excluded [ARS: reports in ARS -- IAS 29 hyperinflation regime, no admitted ARS->USD rate, and this vendor is demonstrably wrong on ARS in this panel | CURRENCY-SCOPED RULE (CEO 2026-08-08): every ARS reporter is removed, whether or not its own series looks damaged. Grounds, measured on the 2026-08-07 CUR3K panel: (1) VENDOR DEFECT, on BMA -- totalAssets 2.325e16 between 2.056e13 and 2.420e13 (961x break) and revenue 1.201e9 between 1.443e12 and 1.907e12 (1,588x break), with marketCap continuous through both, so no market-cap sanity check can see it; BMA's nominal revenue also rises 45.6x over the window. (2) NO USD VALUATION IS POSSIBLE -- ARS is refused by fx_rates.ABSTAIN_CURRENCIES and absent from carveOut.FX_TO_USD, so an ARS name has no marketCap_usd, sits in no band, and scores NEUTRAL on the size tilt while competing for the same slots. (3) NO PER-NAME CLEARANCE EXISTS -- separating a correctly IAS 29-restated series from a mishandled one needs a restatement-vintage audit this codebase does not perform. EXPLICITLY NOT CLAIMED OF EVERY ARS NAME: CRESY shows NO defect (worst adjacent ratio 5.0x vs BMA's 1,588x; 7.5x nominal rise vs BMA's 45.6x, i.e. BELOW Argentine inflation, which is what correct restatement looks like). CRESY is removed by this rule alone. Panel effect: 2 sources, 48 rows.] [ARS on 24/24 rows]"
stock_CUR3K@844b3eaf1ea2,BMA,2021-10-01,2876.0,183776400000.0,"currency_excluded [ARS: reports in ARS -- IAS 29 hyperinflation regime, no admitted ARS->USD rate, and this vendor is demonstrably wrong on ARS in this panel | CURRENCY-SCOPED RULE (CEO 2026-08-08): every ARS reporter is removed, whether or not its own series looks damaged. Grounds, measured on the 2026-08-07 CUR3K panel: (1) VENDOR DEFECT, on BMA -- totalAssets 2.325e16 between 2.056e13 and 2.420e13 (961x break) and revenue 1.201e9 between 1.443e12 and 1.907e12 (1,588x break), with marketCap continuous through both, so no market-cap sanity check can see it; BMA's nominal revenue also rises 45.6x over the window. (2) NO USD VALUATION IS POSSIBLE -- ARS is refused by fx_rates.ABSTAIN_CURRENCIES and absent from carveOut.FX_TO_USD, so an ARS name has no marketCap_usd, sits in no band, and scores NEUTRAL on the size tilt while competing for the same slots. (3) NO PER-NAME CLEARANCE EXISTS -- separating a correctly IAS 29-restated series from a mishandled one needs a restatement-vintage audit this codebase does not perform. EXPLICITLY NOT CLAIMED OF EVERY ARS NAME: CRESY shows NO defect (worst adjacent ratio 5.0x vs BMA's 1,588x; 7.5x nominal rise vs BMA's 45.6x, i.e. BELOW Argentine inflation, which is what correct restatement looks like). CRESY is removed by this rule alone. Panel effect: 2 sources, 48 rows.] [ARS on 24/24 rows]"
stock_CUR3K@844b3eaf1ea2,BMA,2022-01-01,3289.5,210334906350.0,"currency_excluded [ARS: reports in ARS -- IAS 29 hyperinflation regime, no admitted ARS->USD rate, and this vendor is demonstrably wrong on ARS in this panel | CURRENCY-SCOPED RULE (CEO 2026-08-08): every ARS reporter is removed, whether or not its own series looks damaged. Grounds, measured on the 2026-08-07 CUR3K panel: (1) VENDOR DEFECT, on BMA -- totalAssets 2.325e16 between 2.056e13 and 2.420e13 (961x break) and revenue 1.201e9 between 1.443e12 and 1.907e12 (1,588x break), with marketCap continuous through both, so no market-cap sanity check can see it; BMA's nominal revenue also rises 45.6x over the window. (2) NO USD VALUATION IS POSSIBLE -- ARS is refused by fx_rates.ABSTAIN_CURRENCIES and absent from carveOut.FX_TO_USD, so an ARS name has no marketCap_usd, sits in no band, and scores NEUTRAL on the size tilt while competing for the same slots. (3) NO PER-NAME CLEARANCE EXISTS -- separating a correctly IAS 29-restated series from a mishandled one needs a restatement-vintage audit this codebase does not perform. EXPLICITLY NOT CLAIMED OF EVERY ARS NAME: CRESY shows NO defect (worst adjacent ratio 5.0x vs BMA's 1,588x; 7.5x nominal rise vs BMA's 45.6x, i.e. BELOW Argentine inflation, which is what correct restatement looks like). CRESY is removed by this rule alone. Panel effect: 2 sources, 48 rows.] [ARS on 24/24 rows]"
stock_CUR3K@844b3eaf1ea2,BMA,2022-04-01,2850.5,182264675650.0,"currency_excluded [ARS: reports in ARS -- IAS 29 hyperinflation regime, no admitted ARS->USD rate, and this vendor is demonstrably wrong on ARS in this panel | CURRENCY-SCOPED RULE (CEO 2026-08-08): every ARS reporter is removed, whether or not its own series looks damaged. Grounds, measured on the 2026-08-07 CUR3K panel: (1) VENDOR DEFECT, on BMA -- totalAssets 2.325e16 between 2.056e13 and 2.420e13 (961x break) and revenue 1.201e9 between 1.443e12 and 1.907e12 (1,588x break), with marketCap continuous through both, so no market-cap sanity check can see it; BMA's nominal revenue also rises 45.6x over the window. (2) NO USD VALUATION IS POSSIBLE -- ARS is refused by fx_rates.ABSTAIN_CURRENCIES and absent from carveOut.FX_TO_USD, so an ARS name has no marketCap_usd, sits in no band, and scores NEUTRAL on the size tilt while competing for the same slots. (3) NO PER-NAME CLEARANCE EXISTS -- separating a correctly IAS 29-restated series from a mishandled one needs a restatement-vintage audit this codebase does not perform. EXPLICITLY NOT CLAIMED OF EVERY ARS NAME: CRESY shows NO defect (worst adjacent ratio 5.0x vs BMA's 1,588x; 7.5x nominal rise vs BMA's 45.6x, i.e. BELOW Argentine inflation, which is what correct restatement looks like). CRESY is removed by this rule alone. Panel effect: 2 sources, 48 rows.] [ARS on 24/24 rows]"
stock_CUR3K@844b3eaf1ea2,BMA,2022-07-01,4373.0,279615304900.0,"currency_excluded [ARS: reports in ARS -- IAS 29 hyperinflation regime, no admitted ARS->USD rate, and this vendor is demonstrably wrong on ARS in this panel | CURRENCY-SCOPED RULE (CEO 2026-08-08): every ARS reporter is removed, whether or not its own series looks damaged. Grounds, measured on the 2026-08-07 CUR3K panel: (1) VENDOR DEFECT, on BMA -- totalAssets 2.325e16 between 2.056e13 and 2.420e13 (961x break) and revenue 1.201e9 between 1.443e12 and 1.907e12 (1,588x break), with marketCap continuous through both, so no market-cap sanity check can see it; BMA's nominal revenue also rises 45.6x over the window. (2) NO USD VALUATION IS POSSIBLE -- ARS is refused by fx_rates.ABSTAIN_CURRENCIES and absent from carveOut.FX_TO_USD, so an ARS name has no marketCap_usd, sits in no band, and scores NEUTRAL on the size tilt while competing for the same slots. (3) NO PER-NAME CLEARANCE EXISTS -- separating a correctly IAS 29-restated series from a mishandled one needs a restatement-vintage audit this codebase does not perform. EXPLICITLY NOT CLAIMED OF EVERY ARS NAME: CRESY shows NO defect (worst adjacent ratio 5.0x vs BMA's 1,588x; 7.5x nominal rise vs BMA's 45.6x, i.e. BELOW Argentine inflation, which is what correct restatement looks like). CRESY is removed by this rule alone. Panel effect: 2 sources, 48 rows.] [ARS on 24/24 rows]"
stock_CUR3K@844b3eaf1ea2,BMA,2022-10-01,5611.0,358774634300.0,"currency_excluded [ARS: reports in ARS -- IAS 29 hyperinflation regime, no admitted ARS->USD rate, and this vendor is demonstrably wrong on ARS in this panel | CURRENCY-SCOPED RULE (CEO 2026-08-08): every ARS reporter is removed, whether or not its own series looks damaged. Grounds, measured on the 2026-08-07 CUR3K panel: (1) VENDOR DEFECT, on BMA -- totalAssets 2.325e16 between 2.056e13 and 2.420e13 (961x break) and revenue 1.201e9 between 1.443e12 and 1.907e12 (1,588x break), with marketCap continuous through both, so no market-cap sanity check can see it; BMA's nominal revenue also rises 45.6x over the window. (2) NO USD VALUATION IS POSSIBLE -- ARS is refused by fx_rates.ABSTAIN_CURRENCIES and absent from carveOut.FX_TO_USD, so an ARS name has no marketCap_usd, sits in no band, and scores NEUTRAL on the size tilt while competing for the same slots. (3) NO PER-NAME CLEARANCE EXISTS -- separating a correctly IAS 29-restated series from a mishandled one needs a restatement-vintage audit this codebase does not perform. EXPLICITLY NOT CLAIMED OF EVERY ARS NAME: CRESY shows NO defect (worst adjacent ratio 5.0x vs BMA's 1,588x; 7.5x nominal rise vs BMA's 45.6x, i.e. BELOW Argentine inflation, which is what correct restatement looks like). CRESY is removed by this rule alone. Panel effect: 2 sources, 48 rows.] [ARS on 24/24 rows]"
stock_CUR3K@844b3eaf1ea2,BMA,2023-01-01,7207.5,460856919750.0,"currency_excluded [ARS: reports in ARS -- IAS 29 hyperinflation regime, no admitted ARS->USD rate, and this vendor is demonstrably wrong on ARS in this panel | CURRENCY-SCOPED RULE (CEO 2026-08-08): every ARS reporter is removed, whether or not its own series looks damaged. Grounds, measured on the 2026-08-07 CUR3K panel: (1) VENDOR DEFECT, on BMA -- totalAssets 2.325e16 between 2.056e13 and 2.420e13 (961x break) and revenue 1.201e9 between 1.443e12 and 1.907e12 (1,588x break), with marketCap continuous through both, so no market-cap sanity check can see it; BMA's nominal revenue also rises 45.6x over the window. (2) NO USD VALUATION IS POSSIBLE -- ARS is refused by fx_rates.ABSTAIN_CURRENCIES and absent from carveOut.FX_TO_USD, so an ARS name has no marketCap_usd, sits in no band, and scores NEUTRAL on the size tilt while competing for the same slots. (3) NO PER-NAME CLEARANCE EXISTS -- separating a correctly IAS 29-restated series from a mishandled one needs a restatement-vintage audit this codebase does not perform. EXPLICITLY NOT CLAIMED OF EVERY ARS NAME: CRESY shows NO defect (worst adjacent ratio 5.0x vs BMA's 1,588x; 7.5x nominal rise vs BMA's 45.6x, i.e. BELOW Argentine inflation, which is what correct restatement looks like). CRESY is removed by this rule alone. Panel effect: 2 sources, 48 rows.] [ARS on 24/24 rows]"
stock_CUR3K@844b3eaf1ea2,BMA,2023-04-01,14321.5,915735327950.0,"currency_excluded [ARS: reports in ARS -- IAS 29 hyperinflation regime, no admitted ARS->USD rate, and this vendor is demonstrably wrong on ARS in this panel | CURRENCY-SCOPED RULE (CEO 2026-08-08): every ARS reporter is removed, whether or not its own series looks damaged. Grounds, measured on the 2026-08-07 CUR3K panel: (1) VENDOR DEFECT, on BMA -- totalAssets 2.325e16 between 2.056e13 and 2.420e13 (961x break) and revenue 1.201e9 between 1.443e12 and 1.907e12 (1,588x break), with marketCap continuous through both, so no market-cap sanity check can see it; BMA's nominal revenue also rises 45.6x over the window. (2) NO USD VALUATION IS POSSIBLE -- ARS is refused by fx_rates.ABSTAIN_CURRENCIES and absent from carveOut.FX_TO_USD, so an ARS name has no marketCap_usd, sits in no band, and scores NEUTRAL on the size tilt while competing for the same slots. (3) NO PER-NAME CLEARANCE EXISTS -- separating a correctly IAS 29-restated series from a mishandled one needs a restatement-vintage audit this codebase does not perform. EXPLICITLY NOT CLAIMED OF EVERY ARS NAME: CRESY shows NO defect (worst adjacent ratio 5.0x vs BMA's 1,588x; 7.5x nominal rise vs BMA's 45.6x, i.e. BELOW Argentine inflation, which is what correct restatement looks like). CRESY is removed by this rule alone. Panel effect: 2 sources, 48 rows.] [ARS on 24/24 rows]"
stock_CUR3K@844b3eaf1ea2,BMA,2023-07-01,14675.5,938370548150.0,"currency_excluded [ARS: reports in ARS -- IAS 29 hyperinflation regime, no admitted ARS->USD rate, and this vendor is demonstrably wrong on ARS in this panel | CURRENCY-SCOPED RULE (CEO 2026-08-08): every ARS reporter is removed, whether or not its own series looks damaged. Grounds, measured on the 2026-08-07 CUR3K panel: (1) VENDOR DEFECT, on BMA -- totalAssets 2.325e16 between 2.056e13 and 2.420e13 (961x break) and revenue 1.201e9 between 1.443e12 and 1.907e12 (1,588x break), with marketCap continuous through both, so no market-cap sanity check can see it; BMA's nominal revenue also rises 45.6x over the window. (2) NO USD VALUATION IS POSSIBLE -- ARS is refused by fx_rates.ABSTAIN_CURRENCIES and absent from carveOut.FX_TO_USD, so an ARS name has no marketCap_usd, sits in no band, and scores NEUTRAL on the size tilt while competing for the same slots. (3) NO PER-NAME CLEARANCE EXISTS -- separating a correctly IAS 29-restated series from a mishandled one needs a restatement-vintage audit this codebase does not perform. EXPLICITLY NOT CLAIMED OF EVERY ARS NAME: CRESY shows NO defect (worst adjacent ratio 5.0x vs BMA's 1,588x; 7.5x nominal rise vs BMA's 45.6x, i.e. BELOW Argentine inflation, which is what correct restatement looks like). CRESY is removed by this rule alone. Panel effect: 2 sources, 48 rows.] [ARS on 24/24 rows]"
stock_CUR3K@844b3eaf1ea2,BMA,2023-10-01,26708.60472429119,1707232710000.0,"currency_excluded [ARS: reports in ARS -- IAS 29 hyperinflation regime, no admitted ARS->USD rate, and this vendor is demonstrably wrong on ARS in this panel | CURRENCY-SCOPED RULE (CEO 2026-08-08): every ARS reporter is removed, whether or not its own series looks damaged. Grounds, measured on the 2026-08-07 CUR3K panel: (1) VENDOR DEFECT, on BMA -- totalAssets 2.325e16 between 2.056e13 and 2.420e13 (961x break) and revenue 1.201e9 between 1.443e12 and 1.907e12 (1,588x break), with marketCap continuous through both, so no market-cap sanity check can see it; BMA's nominal revenue also rises 45.6x over the window. (2) NO USD VALUATION IS POSSIBLE -- ARS is refused by fx_rates.ABSTAIN_CURRENCIES and absent from carveOut.FX_TO_USD, so an ARS name has no marketCap_usd, sits in no band, and scores NEUTRAL on the size tilt while competing for the same slots. (3) NO PER-NAME CLEARANCE EXISTS -- separating a correctly IAS 29-restated series from a mishandled one needs a restatement-vintage audit this codebase does not perform. EXPLICITLY NOT CLAIMED OF EVERY ARS NAME: CRESY shows NO defect (worst adjacent ratio 5.0x vs BMA's 1,588x; 7.5x nominal rise vs BMA's 45.6x, i.e. BELOW Argentine inflation, which is what correct restatement looks like). CRESY is removed by this rule alone. Panel effect: 2 sources, 48 rows.] [ARS on 24/24 rows]"
stock_CUR3K@844b3eaf1ea2,BMA,2024-01-01,54021.5,3454204937950.0,"currency_excluded [ARS: reports in ARS -- IAS 29 hyperinflation regime, no admitted ARS->USD rate, and this vendor is demonstrably wrong on ARS in this panel | CURRENCY-SCOPED RULE (CEO 2026-08-08): every ARS reporter is removed, whether or not its own series looks damaged. Grounds, measured on the 2026-08-07 CUR3K panel: (1) VENDOR DEFECT, on BMA -- totalAssets 2.325e16 between 2.056e13 and 2.420e13 (961x break) and revenue 1.201e9 between 1.443e12 and 1.907e12 (1,588x break), with marketCap continuous through both, so no market-cap sanity check can see it; BMA's nominal revenue also rises 45.6x over the window. (2) NO USD VALUATION IS POSSIBLE -- ARS is refused by fx_rates.ABSTAIN_CURRENCIES and absent from carveOut.FX_TO_USD, so an ARS name has no marketCap_usd, sits in no band, and scores NEUTRAL on the size tilt while competing for the same slots. (3) NO PER-NAME CLEARANCE EXISTS -- separating a correctly IAS 29-restated series from a mishandled one needs a restatement-vintage audit this codebase does not perform. EXPLICITLY NOT CLAIMED OF EVERY ARS NAME: CRESY shows NO defect (worst adjacent ratio 5.0x vs BMA's 1,588x; 7.5x nominal rise vs BMA's 45.6x, i.e. BELOW Argentine inflation, which is what correct restatement looks like). CRESY is removed by this rule alone. Panel effect: 2 sources, 48 rows.] [ARS on 24/24 rows]"
stock_CUR3K@844b3eaf1ea2,BMA,2024-04-01,72246.0,4619503159800.0,"currency_excluded [ARS: reports in ARS -- IAS 29 hyperinflation regime, no admitted ARS->USD rate, and this vendor is demonstrably wrong on ARS in this panel | CURRENCY-SCOPED RULE (CEO 2026-08-08): every ARS reporter is removed, whether or not its own series looks damaged. Grounds, measured on the 2026-08-07 CUR3K panel: (1) VENDOR DEFECT, on BMA -- totalAssets 2.325e16 between 2.056e13 and 2.420e13 (961x break) and revenue 1.201e9 between 1.443e12 and 1.907e12 (1,588x break), with marketCap continuous through both, so no market-cap sanity check can see it; BMA's nominal revenue also rises 45.6x over the window. (2) NO USD VALUATION IS POSSIBLE -- ARS is refused by fx_rates.ABSTAIN_CURRENCIES and absent from carveOut.FX_TO_USD, so an ARS name has no marketCap_usd, sits in no band, and scores NEUTRAL on the size tilt while competing for the same slots. (3) NO PER-NAME CLEARANCE EXISTS -- separating a correctly IAS 29-restated series from a mishandled one needs a restatement-vintage audit this codebase does not perform. EXPLICITLY NOT CLAIMED OF EVERY ARS NAME: CRESY shows NO defect (worst adjacent ratio 5.0x vs BMA's 1,588x; 7.5x nominal rise vs BMA's 45.6x, i.e. BELOW Argentine inflation, which is what correct restatement looks like). CRESY is removed by this rule alone. Panel effect: 2 sources, 48 rows.] [ARS on 24/24 rows]"
stock_CUR3K@844b3eaf1ea2,BMA,2024-07-01,79000.0,5051362700000.0,"currency_excluded [ARS: reports in ARS -- IAS 29 hyperinflation regime, no admitted ARS->USD rate, and this vendor is demonstrably wrong on ARS in this panel | CURRENCY-SCOPED RULE (CEO 2026-08-08): every ARS reporter is removed, whether or not its own series looks damaged. Grounds, measured on the 2026-08-07 CUR3K panel: (1) VENDOR DEFECT, on BMA -- totalAssets 2.325e16 between 2.056e13 and 2.420e13 (961x break) and revenue 1.201e9 between 1.443e12 and 1.907e12 (1,588x break), with marketCap continuous through both, so no market-cap sanity check can see it; BMA's nominal revenue also rises 45.6x over the window. (2) NO USD VALUATION IS POSSIBLE -- ARS is refused by fx_rates.ABSTAIN_CURRENCIES and absent from carveOut.FX_TO_USD, so an ARS name has no marketCap_usd, sits in no band, and scores NEUTRAL on the size tilt while competing for the same slots. (3) NO PER-NAME CLEARANCE EXISTS -- separating a correctly IAS 29-restated series from a mishandled one needs a restatement-vintage audit this codebase does not perform. EXPLICITLY NOT CLAIMED OF EVERY ARS NAME: CRESY shows NO defect (worst adjacent ratio 5.0x vs BMA's 1,588x; 7.5x nominal rise vs BMA's 45.6x, i.e. BELOW Argentine inflation, which is what correct restatement looks like). CRESY is removed by this rule alone. Panel effect: 2 sources, 48 rows.] [ARS on 24/24 rows]"
stock_CUR3K@844b3eaf1ea2,BMA,2024-10-01,114500.0,7321278850000.0,"currency_excluded [ARS: reports in ARS -- IAS 29 hyperinflation regime, no admitted ARS->USD rate, and this vendor is demonstrably wrong on ARS in this panel | CURRENCY-SCOPED RULE (CEO 2026-08-08): every ARS reporter is removed, whether or not its own series looks damaged. Grounds, measured on the 2026-08-07 CUR3K panel: (1) VENDOR DEFECT, on BMA -- totalAssets 2.325e16 between 2.056e13 and 2.420e13 (961x break) and revenue 1.201e9 between 1.443e12 and 1.907e12 (1,588x break), with marketCap continuous through both, so no market-cap sanity check can see it; BMA's nominal revenue also rises 45.6x over the window. (2) NO USD VALUATION IS POSSIBLE -- ARS is refused by fx_rates.ABSTAIN_CURRENCIES and absent from carveOut.FX_TO_USD, so an ARS name has no marketCap_usd, sits in no band, and scores NEUTRAL on the size tilt while competing for the same slots. (3) NO PER-NAME CLEARANCE EXISTS -- separating a correctly IAS 29-restated series from a mishandled one needs a restatement-vintage audit this codebase does not perform. EXPLICITLY NOT CLAIMED OF EVERY ARS NAME: CRESY shows NO defect (worst adjacent ratio 5.0x vs BMA's 1,588x; 7.5x nominal rise vs BMA's 45.6x, i.e. BELOW Argentine inflation, which is what correct restatement looks like). CRESY is removed by this rule alone. Panel effect: 2 sources, 48 rows.] [ARS on 24/24 rows]"
stock_CUR3K@844b3eaf1ea2,BMA,2025-01-01,99300.0,6349371090000.0,"currency_excluded [ARS: reports in ARS -- IAS 29 hyperinflation regime, no admitted ARS->USD rate, and this vendor is demonstrably wrong on ARS in this panel | CURRENCY-SCOPED RULE (CEO 2026-08-08): every ARS reporter is removed, whether or not its own series looks damaged. Grounds, measured on the 2026-08-07 CUR3K panel: (1) VENDOR DEFECT, on BMA -- totalAssets 2.325e16 between 2.056e13 and 2.420e13 (961x break) and revenue 1.201e9 between 1.443e12 and 1.907e12 (1,588x break), with marketCap continuous through both, so no market-cap sanity check can see it; BMA's nominal revenue also rises 45.6x over the window. (2) NO USD VALUATION IS POSSIBLE -- ARS is refused by fx_rates.ABSTAIN_CURRENCIES and absent from carveOut.FX_TO_USD, so an ARS name has no marketCap_usd, sits in no band, and scores NEUTRAL on the size tilt while competing for the same slots. (3) NO PER-NAME CLEARANCE EXISTS -- separating a correctly IAS 29-restated series from a mishandled one needs a restatement-vintage audit this codebase does not perform. EXPLICITLY NOT CLAIMED OF EVERY ARS NAME: CRESY shows NO defect (worst adjacent ratio 5.0x vs BMA's 1,588x; 7.5x nominal rise vs BMA's 45.6x, i.e. BELOW Argentine inflation, which is what correct restatement looks like). CRESY is removed by this rule alone. Panel effect: 2 sources, 48 rows.] [ARS on 24/24 rows]"
stock_CUR3K@844b3eaf1ea2,BMA,2025-04-01,84100.0,5377463330000.0,"currency_excluded [ARS: reports in ARS -- IAS 29 hyperinflation regime, no admitted ARS->USD rate, and this vendor is demonstrably wrong on ARS in this panel | CURRENCY-SCOPED RULE (CEO 2026-08-08): every ARS reporter is removed, whether or not its own series looks damaged. Grounds, measured on the 2026-08-07 CUR3K panel: (1) VENDOR DEFECT, on BMA -- totalAssets 2.325e16 between 2.056e13 and 2.420e13 (961x break) and revenue 1.201e9 between 1.443e12 and 1.907e12 (1,588x break), with marketCap continuous through both, so no market-cap sanity check can see it; BMA's nominal revenue also rises 45.6x over the window. (2) NO USD VALUATION IS POSSIBLE -- ARS is refused by fx_rates.ABSTAIN_CURRENCIES and absent from carveOut.FX_TO_USD, so an ARS name has no marketCap_usd, sits in no band, and scores NEUTRAL on the size tilt while competing for the same slots. (3) NO PER-NAME CLEARANCE EXISTS -- separating a correctly IAS 29-restated series from a mishandled one needs a restatement-vintage audit this codebase does not perform. EXPLICITLY NOT CLAIMED OF EVERY ARS NAME: CRESY shows NO defect (worst adjacent ratio 5.0x vs BMA's 1,588x; 7.5x nominal rise vs BMA's 45.6x, i.e. BELOW Argentine inflation, which is what correct restatement looks like). CRESY is removed by this rule alone. Panel effect: 2 sources, 48 rows.] [ARS on 24/24 rows]"
stock_CUR3K@844b3eaf1ea2,BMA,2025-07-01,64450.0,4121016785000.0,"currency_excluded [ARS: reports in ARS -- IAS 29 hyperinflation regime, no admitted ARS->USD rate, and this vendor is demonstrably wrong on ARS in this panel | CURRENCY-SCOPED RULE (CEO 2026-08-08): every ARS reporter is removed, whether or not its own series looks damaged. Grounds, measured on the 2026-08-07 CUR3K panel: (1) VENDOR DEFECT, on BMA -- totalAssets 2.325e16 between 2.056e13 and 2.420e13 (961x break) and revenue 1.201e9 between 1.443e12 and 1.907e12 (1,588x break), with marketCap continuous through both, so no market-cap sanity check can see it; BMA's nominal revenue also rises 45.6x over the window. (2) NO USD VALUATION IS POSSIBLE -- ARS is refused by fx_rates.ABSTAIN_CURRENCIES and absent from carveOut.FX_TO_USD, so an ARS name has no marketCap_usd, sits in no band, and scores NEUTRAL on the size tilt while competing for the same slots. (3) NO PER-NAME CLEARANCE EXISTS -- separating a correctly IAS 29-restated series from a mishandled one needs a restatement-vintage audit this codebase does not perform. EXPLICITLY NOT CLAIMED OF EVERY ARS NAME: CRESY shows NO defect (worst adjacent ratio 5.0x vs BMA's 1,588x; 7.5x nominal rise vs BMA's 45.6x, i.e. BELOW Argentine inflation, which is what correct restatement looks like). CRESY is removed by this rule alone. Panel effect: 2 sources, 48 rows.] [ARS on 24/24 rows]"
stock_CUR3K@844b3eaf1ea2,BMA,2025-10-01,135700.0,8676834410000.0,"currency_excluded [ARS: reports in ARS -- IAS 29 hyperinflation regime, no admitted ARS->USD rate, and this vendor is demonstrably wrong on ARS in this panel | CURRENCY-SCOPED RULE (CEO 2026-08-08): every ARS reporter is removed, whether or not its own series looks damaged. Grounds, measured on the 2026-08-07 CUR3K panel: (1) VENDOR DEFECT, on BMA -- totalAssets 2.325e16 between 2.056e13 and 2.420e13 (961x break) and revenue 1.201e9 between 1.443e12 and 1.907e12 (1,588x break), with marketCap continuous through both, so no market-cap sanity check can see it; BMA's nominal revenue also rises 45.6x over the window. (2) NO USD VALUATION IS POSSIBLE -- ARS is refused by fx_rates.ABSTAIN_CURRENCIES and absent from carveOut.FX_TO_USD, so an ARS name has no marketCap_usd, sits in no band, and scores NEUTRAL on the size tilt while competing for the same slots. (3) NO PER-NAME CLEARANCE EXISTS -- separating a correctly IAS 29-restated series from a mishandled one needs a restatement-vintage audit this codebase does not perform. EXPLICITLY NOT CLAIMED OF EVERY ARS NAME: CRESY shows NO defect (worst adjacent ratio 5.0x vs BMA's 1,588x; 7.5x nominal rise vs BMA's 45.6x, i.e. BELOW Argentine inflation, which is what correct restatement looks like). CRESY is removed by this rule alone. Panel effect: 2 sources, 48 rows.] [ARS on 24/24 rows]"
stock_CUR3K@844b3eaf1ea2,BMA,2026-01-01,114100.0,7295439900000.0,"currency_excluded [ARS: reports in ARS -- IAS 29 hyperinflation regime, no admitted ARS->USD rate, and this vendor is demonstrably wrong on ARS in this panel | CURRENCY-SCOPED RULE (CEO 2026-08-08): every ARS reporter is removed, whether or not its own series looks damaged. Grounds, measured on the 2026-08-07 CUR3K panel: (1) VENDOR DEFECT, on BMA -- totalAssets 2.325e16 between 2.056e13 and 2.420e13 (961x break) and revenue 1.201e9 between 1.443e12 and 1.907e12 (1,588x break), with marketCap continuous through both, so no market-cap sanity check can see it; BMA's nominal revenue also rises 45.6x over the window. (2) NO USD VALUATION IS POSSIBLE -- ARS is refused by fx_rates.ABSTAIN_CURRENCIES and absent from carveOut.FX_TO_USD, so an ARS name has no marketCap_usd, sits in no band, and scores NEUTRAL on the size tilt while competing for the same slots. (3) NO PER-NAME CLEARANCE EXISTS -- separating a correctly IAS 29-restated series from a mishandled one needs a restatement-vintage audit this codebase does not perform. EXPLICITLY NOT CLAIMED OF EVERY ARS NAME: CRESY shows NO defect (worst adjacent ratio 5.0x vs BMA's 1,588x; 7.5x nominal rise vs BMA's 45.6x, i.e. BELOW Argentine inflation, which is what correct restatement looks like). CRESY is removed by this rule alone. Panel effect: 2 sources, 48 rows.] [ARS on 24/24 rows]"
stock_CUR3K@844b3eaf1ea2,CRESY,2020-04-01,306.70000118786794,15837601312.640001,"currency_excluded [ARS: reports in ARS -- IAS 29 hyperinflation regime, no admitted ARS->USD rate, and this vendor is demonstrably wrong on ARS in this panel | CURRENCY-SCOPED RULE (CEO 2026-08-08): every ARS reporter is removed, whether or not its own series looks damaged. Grounds, measured on the 2026-08-07 CUR3K panel: (1) VENDOR DEFECT, on BMA -- totalAssets 2.325e16 between 2.056e13 and 2.420e13 (961x break) and revenue 1.201e9 between 1.443e12 and 1.907e12 (1,588x break), with marketCap continuous through both, so no market-cap sanity check can see it; BMA's nominal revenue also rises 45.6x over the window. (2) NO USD VALUATION IS POSSIBLE -- ARS is refused by fx_rates.ABSTAIN_CURRENCIES and absent from carveOut.FX_TO_USD, so an ARS name has no marketCap_usd, sits in no band, and scores NEUTRAL on the size tilt while competing for the same slots. (3) NO PER-NAME CLEARANCE EXISTS -- separating a correctly IAS 29-restated series from a mishandled one needs a restatement-vintage audit this codebase does not perform. EXPLICITLY NOT CLAIMED OF EVERY ARS NAME: CRESY shows NO defect (worst adjacent ratio 5.0x vs BMA's 1,588x; 7.5x nominal rise vs BMA's 45.6x, i.e. BELOW Argentine inflation, which is what correct restatement looks like). CRESY is removed by this rule alone. Panel effect: 2 sources, 48 rows.] [ARS on 24/24 rows]"
stock_CUR3K@844b3eaf1ea2,CRESY,2020-07-01,388.00000224818405,20088746676.399998,"currency_excluded [ARS: reports in ARS -- IAS 29 hyperinflation regime, no admitted ARS->USD rate, and this vendor is demonstrably wrong on ARS in this panel | CURRENCY-SCOPED RULE (CEO 2026-08-08): every ARS reporter is removed, whether or not its own series looks damaged. Grounds, measured on the 2026-08-07 CUR3K panel: (1) VENDOR DEFECT, on BMA -- totalAssets 2.325e16 between 2.056e13 and 2.420e13 (961x break) and revenue 1.201e9 between 1.443e12 and 1.907e12 (1,588x break), with marketCap continuous through both, so no market-cap sanity check can see it; BMA's nominal revenue also rises 45.6x over the window. (2) NO USD VALUATION IS POSSIBLE -- ARS is refused by fx_rates.ABSTAIN_CURRENCIES and absent from carveOut.FX_TO_USD, so an ARS name has no marketCap_usd, sits in no band, and scores NEUTRAL on the size tilt while competing for the same slots. (3) NO PER-NAME CLEARANCE EXISTS -- separating a correctly IAS 29-restated series from a mishandled one needs a restatement-vintage audit this codebase does not perform. EXPLICITLY NOT CLAIMED OF EVERY ARS NAME: CRESY shows NO defect (worst adjacent ratio 5.0x vs BMA's 1,588x; 7.5x nominal rise vs BMA's 45.6x, i.e. BELOW Argentine inflation, which is what correct restatement looks like). CRESY is removed by this rule alone. Panel effect: 2 sources, 48 rows.] [ARS on 24/24 rows]"
stock_CUR3K@844b3eaf1ea2,CRESY,2020-10-01,624.9000084953697,32176352647.23,"currency_excluded [ARS: reports in ARS -- IAS 29 hyperinflation regime, no admitted ARS->USD rate, and this vendor is demonstrably wrong on ARS in this panel | CURRENCY-SCOPED RULE (CEO 2026-08-08): every ARS reporter is removed, whether or not its own series looks damaged. Grounds, measured on the 2026-08-07 CUR3K panel: (1) VENDOR DEFECT, on BMA -- totalAssets 2.325e16 between 2.056e13 and 2.420e13 (961x break) and revenue 1.201e9 between 1.443e12 and 1.907e12 (1,588x break), with marketCap continuous through both, so no market-cap sanity check can see it; BMA's nominal revenue also rises 45.6x over the window. (2) NO USD VALUATION IS POSSIBLE -- ARS is refused by fx_rates.ABSTAIN_CURRENCIES and absent from carveOut.FX_TO_USD, so an ARS name has no marketCap_usd, sits in no band, and scores NEUTRAL on the size tilt while competing for the same slots. (3) NO PER-NAME CLEARANCE EXISTS -- separating a correctly IAS 29-restated series from a mishandled one needs a restatement-vintage audit this codebase does not perform. EXPLICITLY NOT CLAIMED OF EVERY ARS NAME: CRESY shows NO defect (worst adjacent ratio 5.0x vs BMA's 1,588x; 7.5x nominal rise vs BMA's 45.6x, i.e. BELOW Argentine inflation, which is what correct restatement looks like). CRESY is removed by this rule alone. Panel effect: 2 sources, 48 rows.] [ARS on 24/24 rows]"
stock_CUR3K@844b3eaf1ea2,CRESY,2021-01-01,748.000011024477,45675963181.2,"currency_excluded [ARS: reports in ARS -- IAS 29 hyperinflation regime, no admitted ARS->USD rate, and this vendor is demonstrably wrong on ARS in this panel | CURRENCY-SCOPED RULE (CEO 2026-08-08): every ARS reporter is removed, whether or not its own series looks damaged. Grounds, measured on the 2026-08-07 CUR3K panel: (1) VENDOR DEFECT, on BMA -- totalAssets 2.325e16 between 2.056e13 and 2.420e13 (961x break) and revenue 1.201e9 between 1.443e12 and 1.907e12 (1,588x break), with marketCap continuous through both, so no market-cap sanity check can see it; BMA's nominal revenue also rises 45.6x over the window. (2) NO USD VALUATION IS POSSIBLE -- ARS is refused by fx_rates.ABSTAIN_CURRENCIES and absent from carveOut.FX_TO_USD, so an ARS name has no marketCap_usd, sits in no band, and scores NEUTRAL on the size tilt while competing for the same slots. (3) NO PER-NAME CLEARANCE EXISTS -- separating a correctly IAS 29-restated series from a mishandled one needs a restatement-vintage audit this codebase does not perform. EXPLICITLY NOT CLAIMED OF EVERY ARS NAME: CRESY shows NO defect (worst adjacent ratio 5.0x vs BMA's 1,588x; 7.5x nominal rise vs BMA's 45.6x, i.e. BELOW Argentine inflation, which is what correct restatement looks like). CRESY is removed by this rule alone. Panel effect: 2 sources, 48 rows.] [ARS on 24/24 rows]"
stock_CUR3K@844b3eaf1ea2,CRESY,2021-04-01,983.4000119166905,56807123440.98,"currency_excluded [ARS: reports in ARS -- IAS 29 hyperinflation regime, no admitted ARS->USD rate, and this vendor is demonstrably wrong on ARS in this panel | CURRENCY-SCOPED RULE (CEO 2026-08-08): every ARS reporter is removed, whether or not its own series looks damaged. Grounds, measured on the 2026-08-07 CUR3K panel: (1) VENDOR DEFECT, on BMA -- totalAssets 2.325e16 between 2.056e13 and 2.420e13 (961x break) and revenue 1.201e9 between 1.443e12 and 1.907e12 (1,588x break), with marketCap continuous through both, so no market-cap sanity check can see it; BMA's nominal revenue also rises 45.6x over the window. (2) NO USD VALUATION IS POSSIBLE -- ARS is refused by fx_rates.ABSTAIN_CURRENCIES and absent from carveOut.FX_TO_USD, so an ARS name has no marketCap_usd, sits in no band, and scores NEUTRAL on the size tilt while competing for the same slots. (3) NO PER-NAME CLEARANCE EXISTS -- separating a correctly IAS 29-restated series from a mishandled one needs a restatement-vintage audit this codebase does not perform. EXPLICITLY NOT CLAIMED OF EVERY ARS NAME: CRESY shows NO defect (worst adjacent ratio 5.0x vs BMA's 1,588x; 7.5x nominal rise vs BMA's 45.6x, i.e. BELOW Argentine inflation, which is what correct restatement looks like). CRESY is removed by this rule alone. Panel effect: 2 sources, 48 rows.] [ARS on 24/24 rows]"
stock_CUR3K@844b3eaf1ea2,CRESY,2021-07-01,919.0000060664098,55687699554.600006,"currency_excluded [ARS: reports in ARS -- IAS 29 hyperinflation regime, no admitted ARS->USD rate, and this vendor is demonstrably wrong on ARS in this panel | CURRENCY-SCOPED RULE (CEO 2026-08-08): every ARS reporter is removed, whether or not its own series looks damaged. Grounds, measured on the 2026-08-07 CUR3K panel: (1) VENDOR DEFECT, on BMA -- totalAssets 2.325e16 between 2.056e13 and 2.420e13 (961x break) and revenue 1.201e9 between 1.443e12 and 1.907e12 (1,588x break), with marketCap continuous through both, so no market-cap sanity check can see it; BMA's nominal revenue also rises 45.6x over the window. (2) NO USD VALUATION IS POSSIBLE -- ARS is refused by fx_rates.ABSTAIN_CURRENCIES and absent from carveOut.FX_TO_USD, so an ARS name has no marketCap_usd, sits in no band, and scores NEUTRAL on the size tilt while competing for the same slots. (3) NO PER-NAME CLEARANCE EXISTS -- separating a correctly IAS 29-restated series from a mishandled one needs a restatement-vintage audit this codebase does not perform. EXPLICITLY NOT CLAIMED OF EVERY ARS NAME: CRESY shows NO defect (worst adjacent ratio 5.0x vs BMA's 1,588x; 7.5x nominal rise vs BMA's 45.6x, i.e. BELOW Argentine inflation, which is what correct restatement looks like). CRESY is removed by this rule alone. Panel effect: 2 sources, 48 rows.] [ARS on 24/24 rows]"
stock_CUR3K@844b3eaf1ea2,CRESY,2021-10-01,952.9000015638782,58061966630.590004,"currency_excluded [ARS: reports in ARS -- IAS 29 hyperinflation regime, no admitted ARS->USD rate, and this vendor is demonstrably wrong on ARS in this panel | CURRENCY-SCOPED RULE (CEO 2026-08-08): every ARS reporter is removed, whether or not its own series looks damaged. Grounds, measured on the 2026-08-07 CUR3K panel: (1) VENDOR DEFECT, on BMA -- totalAssets 2.325e16 between 2.056e13 and 2.420e13 (961x break) and revenue 1.201e9 between 1.443e12 and 1.907e12 (1,588x break), with marketCap continuous through both, so no market-cap sanity check can see it; BMA's nominal revenue also rises 45.6x over the window. (2) NO USD VALUATION IS POSSIBLE -- ARS is refused by fx_rates.ABSTAIN_CURRENCIES and absent from carveOut.FX_TO_USD, so an ARS name has no marketCap_usd, sits in no band, and scores NEUTRAL on the size tilt while competing for the same slots. (3) NO PER-NAME CLEARANCE EXISTS -- separating a correctly IAS 29-restated series from a mishandled one needs a restatement-vintage audit this codebase does not perform. EXPLICITLY NOT CLAIMED OF EVERY ARS NAME: CRESY shows NO defect (worst adjacent ratio 5.0x vs BMA's 1,588x; 7.5x nominal rise vs BMA's 45.6x, i.e. BELOW Argentine inflation, which is what correct restatement looks like). CRESY is removed by this rule alone. Panel effect: 2 sources, 48 rows.] [ARS on 24/24 rows]"
stock_CUR3K@844b3eaf1ea2,CRESY,2022-01-01,1515.8000099571395,92301597879.92001,"currency_excluded [ARS: reports in ARS -- IAS 29 hyperinflation regime, no admitted ARS->USD rate, and this vendor is demonstrably wrong on ARS in this panel | CURRENCY-SCOPED RULE (CEO 2026-08-08): every ARS reporter is removed, whether or not its own series looks damaged. Grounds, measured on the 2026-08-07 CUR3K panel: (1) VENDOR DEFECT, on BMA -- totalAssets 2.325e16 between 2.056e13 and 2.420e13 (961x break) and revenue 1.201e9 between 1.443e12 and 1.907e12 (1,588x break), with marketCap continuous through both, so no market-cap sanity check can see it; BMA's nominal revenue also rises 45.6x over the window. (2) NO USD VALUATION IS POSSIBLE -- ARS is refused by fx_rates.ABSTAIN_CURRENCIES and absent from carveOut.FX_TO_USD, so an ARS name has no marketCap_usd, sits in no band, and scores NEUTRAL on the size tilt while competing for the same slots. (3) NO PER-NAME CLEARANCE EXISTS -- separating a correctly IAS 29-restated series from a mishandled one needs a restatement-vintage audit this codebase does not perform. EXPLICITLY NOT CLAIMED OF EVERY ARS NAME: CRESY shows NO defect (worst adjacent ratio 5.0x vs BMA's 1,588x; 7.5x nominal rise vs BMA's 45.6x, i.e. BELOW Argentine inflation, which is what correct restatement looks like). CRESY is removed by this rule alone. Panel effect: 2 sources, 48 rows.] [ARS on 24/24 rows]"
stock_CUR3K@844b3eaf1ea2,CRESY,2022-04-01,1244.1000145315045,85209886741.98,"currency_excluded [ARS: reports in ARS -- IAS 29 hyperinflation regime, no admitted ARS->USD rate, and this vendor is demonstrably wrong on ARS in this panel | CURRENCY-SCOPED RULE (CEO 2026-08-08): every ARS reporter is removed, whether or not its own series looks damaged. Grounds, measured on the 2026-08-07 CUR3K panel: (1) VENDOR DEFECT, on BMA -- totalAssets 2.325e16 between 2.056e13 and 2.420e13 (961x break) and revenue 1.201e9 between 1.443e12 and 1.907e12 (1,588x break), with marketCap continuous through both, so no market-cap sanity check can see it; BMA's nominal revenue also rises 45.6x over the window. (2) NO USD VALUATION IS POSSIBLE -- ARS is refused by fx_rates.ABSTAIN_CURRENCIES and absent from carveOut.FX_TO_USD, so an ARS name has no marketCap_usd, sits in no band, and scores NEUTRAL on the size tilt while competing for the same slots. (3) NO PER-NAME CLEARANCE EXISTS -- separating a correctly IAS 29-restated series from a mishandled one needs a restatement-vintage audit this codebase does not perform. EXPLICITLY NOT CLAIMED OF EVERY ARS NAME: CRESY shows NO defect (worst adjacent ratio 5.0x vs BMA's 1,588x; 7.5x nominal rise vs BMA's 45.6x, i.e. BELOW Argentine inflation, which is what correct restatement looks like). CRESY is removed by this rule alone. Panel effect: 2 sources, 48 rows.] [ARS on 24/24 rows]"
stock_CUR3K@844b3eaf1ea2,CRESY,2022-07-01,1645.7000119112636,113687706787.54999,"currency_excluded [ARS: reports in ARS -- IAS 29 hyperinflation regime, no admitted ARS->USD rate, and this vendor is demonstrably wrong on ARS in this panel | CURRENCY-SCOPED RULE (CEO 2026-08-08): every ARS reporter is removed, whether or not its own series looks damaged. Grounds, measured on the 2026-08-07 CUR3K panel: (1) VENDOR DEFECT, on BMA -- totalAssets 2.325e16 between 2.056e13 and 2.420e13 (961x break) and revenue 1.201e9 between 1.443e12 and 1.907e12 (1,588x break), with marketCap continuous through both, so no market-cap sanity check can see it; BMA's nominal revenue also rises 45.6x over the window. (2) NO USD VALUATION IS POSSIBLE -- ARS is refused by fx_rates.ABSTAIN_CURRENCIES and absent from carveOut.FX_TO_USD, so an ARS name has no marketCap_usd, sits in no band, and scores NEUTRAL on the size tilt while competing for the same slots. (3) NO PER-NAME CLEARANCE EXISTS -- separating a correctly IAS 29-restated series from a mishandled one needs a restatement-vintage audit this codebase does not perform. EXPLICITLY NOT CLAIMED OF EVERY ARS NAME: CRESY shows NO defect (worst adjacent ratio 5.0x vs BMA's 1,588x; 7.5x nominal rise vs BMA's 45.6x, i.e. BELOW Argentine inflation, which is what correct restatement looks like). CRESY is removed by this rule alone. Panel effect: 2 sources, 48 rows.] [ARS on 24/24 rows]"
stock_CUR3K@844b3eaf1ea2,CRESY,2022-10-01,2257.5000267484547,133368990672.75,"currency_excluded [ARS: reports in ARS -- IAS 29 hyperinflation regime, no admitted ARS->USD rate, and this vendor is demonstrably wrong on ARS in this panel | CURRENCY-SCOPED RULE (CEO 2026-08-08): every ARS reporter is removed, whether or not its own series looks damaged. Grounds, measured on the 2026-08-07 CUR3K panel: (1) VENDOR DEFECT, on BMA -- totalAssets 2.325e16 between 2.056e13 and 2.420e13 (961x break) and revenue 1.201e9 between 1.443e12 and 1.907e12 (1,588x break), with marketCap continuous through both, so no market-cap sanity check can see it; BMA's nominal revenue also rises 45.6x over the window. (2) NO USD VALUATION IS POSSIBLE -- ARS is refused by fx_rates.ABSTAIN_CURRENCIES and absent from carveOut.FX_TO_USD, so an ARS name has no marketCap_usd, sits in no band, and scores NEUTRAL on the size tilt while competing for the same slots. (3) NO PER-NAME CLEARANCE EXISTS -- separating a correctly IAS 29-restated series from a mishandled one needs a restatement-vintage audit this codebase does not perform. EXPLICITLY NOT CLAIMED OF EVERY ARS NAME: CRESY shows NO defect (worst adjacent ratio 5.0x vs BMA's 1,588x; 7.5x nominal rise vs BMA's 45.6x, i.e. BELOW Argentine inflation, which is what correct restatement looks like). CRESY is removed by this rule alone. Panel effect: 2 sources, 48 rows.] [ARS on 24/24 rows]"
stock_CUR3K@844b3eaf1ea2,CRESY,2023-01-01,2502.6000041640696,150405917394.06,"currency_excluded [ARS: reports in ARS -- IAS 29 hyperinflation regime, no admitted ARS->USD rate, and this vendor is demonstrably wrong on ARS in this panel | CURRENCY-SCOPED RULE (CEO 2026-08-08): every ARS reporter is removed, whether or not its own series looks damaged. Grounds, measured on the 2026-08-07 CUR3K panel: (1) VENDOR DEFECT, on BMA -- totalAssets 2.325e16 between 2.056e13 and 2.420e13 (961x break) and revenue 1.201e9 between 1.443e12 and 1.907e12 (1,588x break), with marketCap continuous through both, so no market-cap sanity check can see it; BMA's nominal revenue also rises 45.6x over the window. (2) NO USD VALUATION IS POSSIBLE -- ARS is refused by fx_rates.ABSTAIN_CURRENCIES and absent from carveOut.FX_TO_USD, so an ARS name has no marketCap_usd, sits in no band, and scores NEUTRAL on the size tilt while competing for the same slots. (3) NO PER-NAME CLEARANCE EXISTS -- separating a correctly IAS 29-restated series from a mishandled one needs a restatement-vintage audit this codebase does not perform. EXPLICITLY NOT CLAIMED OF EVERY ARS NAME: CRESY shows NO defect (worst adjacent ratio 5.0x vs BMA's 1,588x; 7.5x nominal rise vs BMA's 45.6x, i.e. BELOW Argentine inflation, which is what correct restatement looks like). CRESY is removed by this rule alone. Panel effect: 2 sources, 48 rows.] [ARS on 24/24 rows]"
stock_CUR3K@844b3eaf1ea2,CRESY,2023-04-01,3973.8000426760764,259015390319.46,"currency_excluded [ARS: reports in ARS -- IAS 29 hyperinflation regime, no admitted ARS->USD rate, and this vendor is demonstrably wrong on ARS in this panel | CURRENCY-SCOPED RULE (CEO 2026-08-08): every ARS reporter is removed, whether or not its own series looks damaged. Grounds, measured on the 2026-08-07 CUR3K panel: (1) VENDOR DEFECT, on BMA -- totalAssets 2.325e16 between 2.056e13 and 2.420e13 (961x break) and revenue 1.201e9 between 1.443e12 and 1.907e12 (1,588x break), with marketCap continuous through both, so no market-cap sanity check can see it; BMA's nominal revenue also rises 45.6x over the window. (2) NO USD VALUATION IS POSSIBLE -- ARS is refused by fx_rates.ABSTAIN_CURRENCIES and absent from carveOut.FX_TO_USD, so an ARS name has no marketCap_usd, sits in no band, and scores NEUTRAL on the size tilt while competing for the same slots. (3) NO PER-NAME CLEARANCE EXISTS -- separating a correctly IAS 29-restated series from a mishandled one needs a restatement-vintage audit this codebase does not perform. EXPLICITLY NOT CLAIMED OF EVERY ARS NAME: CRESY shows NO defect (worst adjacent ratio 5.0x vs BMA's 1,588x; 7.5x nominal rise vs BMA's 45.6x, i.e. BELOW Argentine inflation, which is what correct restatement looks like). CRESY is removed by this rule alone. Panel effect: 2 sources, 48 rows.] [ARS on 24/24 rows]"
stock_CUR3K@844b3eaf1ea2,CRESY,2023-07-01,5504.300041536095,437652868468.07996,"currency_excluded [ARS: reports in ARS -- IAS 29 hyperinflation regime, no admitted ARS->USD rate, and this vendor is demonstrably wrong on ARS in this panel | CURRENCY-SCOPED RULE (CEO 2026-08-08): every ARS reporter is removed, whether or not its own series looks damaged. Grounds, measured on the 2026-08-07 CUR3K panel: (1) VENDOR DEFECT, on BMA -- totalAssets 2.325e16 between 2.056e13 and 2.420e13 (961x break) and revenue 1.201e9 between 1.443e12 and 1.907e12 (1,588x break), with marketCap continuous through both, so no market-cap sanity check can see it; BMA's nominal revenue also rises 45.6x over the window. (2) NO USD VALUATION IS POSSIBLE -- ARS is refused by fx_rates.ABSTAIN_CURRENCIES and absent from carveOut.FX_TO_USD, so an ARS name has no marketCap_usd, sits in no band, and scores NEUTRAL on the size tilt while competing for the same slots. (3) NO PER-NAME CLEARANCE EXISTS -- separating a correctly IAS 29-restated series from a mishandled one needs a restatement-vintage audit this codebase does not perform. EXPLICITLY NOT CLAIMED OF EVERY ARS NAME: CRESY shows NO defect (worst adjacent ratio 5.0x vs BMA's 1,588x; 7.5x nominal rise vs BMA's 45.6x, i.e. BELOW Argentine inflation, which is what correct restatement looks like). CRESY is removed by this rule alone. Panel effect: 2 sources, 48 rows.] [ARS on 24/24 rows]"
stock_CUR3K@844b3eaf1ea2,CRESY,2023-10-01,9305.5,559285674850.0,"currency_excluded [ARS: reports in ARS -- IAS 29 hyperinflation regime, no admitted ARS->USD rate, and this vendor is demonstrably wrong on ARS in this panel | CURRENCY-SCOPED RULE (CEO 2026-08-08): every ARS reporter is removed, whether or not its own series looks damaged. Grounds, measured on the 2026-08-07 CUR3K panel: (1) VENDOR DEFECT, on BMA -- totalAssets 2.325e16 between 2.056e13 and 2.420e13 (961x break) and revenue 1.201e9 between 1.443e12 and 1.907e12 (1,588x break), with marketCap continuous through both, so no market-cap sanity check can see it; BMA's nominal revenue also rises 45.6x over the window. (2) NO USD VALUATION IS POSSIBLE -- ARS is refused by fx_rates.ABSTAIN_CURRENCIES and absent from carveOut.FX_TO_USD, so an ARS name has no marketCap_usd, sits in no band, and scores NEUTRAL on the size tilt while competing for the same slots. (3) NO PER-NAME CLEARANCE EXISTS -- separating a correctly IAS 29-restated series from a mishandled one needs a restatement-vintage audit this codebase does not perform. EXPLICITLY NOT CLAIMED OF EVERY ARS NAME: CRESY shows NO defect (worst adjacent ratio 5.0x vs BMA's 1,588x; 7.5x nominal rise vs BMA's 45.6x, i.e. BELOW Argentine inflation, which is what correct restatement looks like). CRESY is removed by this rule alone. Panel effect: 2 sources, 48 rows.] [ARS on 24/24 rows]"
stock_CUR3K@844b3eaf1ea2,CRESY,2024-01-01,9672.5,568972238250.0,"currency_excluded [ARS: reports in ARS -- IAS 29 hyperinflation regime, no admitted ARS->USD rate, and this vendor is demonstrably wrong on ARS in this panel | CURRENCY-SCOPED RULE (CEO 2026-08-08): every ARS reporter is removed, whether or not its own series looks damaged. Grounds, measured on the 2026-08-07 CUR3K panel: (1) VENDOR DEFECT, on BMA -- totalAssets 2.325e16 between 2.056e13 and 2.420e13 (961x break) and revenue 1.201e9 between 1.443e12 and 1.907e12 (1,588x break), with marketCap continuous through both, so no market-cap sanity check can see it; BMA's nominal revenue also rises 45.6x over the window. (2) NO USD VALUATION IS POSSIBLE -- ARS is refused by fx_rates.ABSTAIN_CURRENCIES and absent from carveOut.FX_TO_USD, so an ARS name has no marketCap_usd, sits in no band, and scores NEUTRAL on the size tilt while competing for the same slots. (3) NO PER-NAME CLEARANCE EXISTS -- separating a correctly IAS 29-restated series from a mishandled one needs a restatement-vintage audit this codebase does not perform. EXPLICITLY NOT CLAIMED OF EVERY ARS NAME: CRESY shows NO defect (worst adjacent ratio 5.0x vs BMA's 1,588x; 7.5x nominal rise vs BMA's 45.6x, i.e. BELOW Argentine inflation, which is what correct restatement looks like). CRESY is removed by this rule alone. Panel effect: 2 sources, 48 rows.] [ARS on 24/24 rows]"
stock_CUR3K@844b3eaf1ea2,CRESY,2024-04-01,11088.0,784387296000.0,"currency_excluded [ARS: reports in ARS -- IAS 29 hyperinflation regime, no admitted ARS->USD rate, and this vendor is demonstrably wrong on ARS in this panel | CURRENCY-SCOPED RULE (CEO 2026-08-08): every ARS reporter is removed, whether or not its own series looks damaged. Grounds, measured on the 2026-08-07 CUR3K panel: (1) VENDOR DEFECT, on BMA -- totalAssets 2.325e16 between 2.056e13 and 2.420e13 (961x break) and revenue 1.201e9 between 1.443e12 and 1.907e12 (1,588x break), with marketCap continuous through both, so no market-cap sanity check can see it; BMA's nominal revenue also rises 45.6x over the window. (2) NO USD VALUATION IS POSSIBLE -- ARS is refused by fx_rates.ABSTAIN_CURRENCIES and absent from carveOut.FX_TO_USD, so an ARS name has no marketCap_usd, sits in no band, and scores NEUTRAL on the size tilt while competing for the same slots. (3) NO PER-NAME CLEARANCE EXISTS -- separating a correctly IAS 29-restated series from a mishandled one needs a restatement-vintage audit this codebase does not perform. EXPLICITLY NOT CLAIMED OF EVERY ARS NAME: CRESY shows NO defect (worst adjacent ratio 5.0x vs BMA's 1,588x; 7.5x nominal rise vs BMA's 45.6x, i.e. BELOW Argentine inflation, which is what correct restatement looks like). CRESY is removed by this rule alone. Panel effect: 2 sources, 48 rows.] [ARS on 24/24 rows]"
stock_CUR3K@844b3eaf1ea2,CRESY,2024-07-01,10750.0,641521300000.0,"currency_excluded [ARS: reports in ARS -- IAS 29 hyperinflation regime, no admitted ARS->USD rate, and this vendor is demonstrably wrong on ARS in this panel | CURRENCY-SCOPED RULE (CEO 2026-08-08): every ARS reporter is removed, whether or not its own series looks damaged. Grounds, measured on the 2026-08-07 CUR3K panel: (1) VENDOR DEFECT, on BMA -- totalAssets 2.325e16 between 2.056e13 and 2.420e13 (961x break) and revenue 1.201e9 between 1.443e12 and 1.907e12 (1,588x break), with marketCap continuous through both, so no market-cap sanity check can see it; BMA's nominal revenue also rises 45.6x over the window. (2) NO USD VALUATION IS POSSIBLE -- ARS is refused by fx_rates.ABSTAIN_CURRENCIES and absent from carveOut.FX_TO_USD, so an ARS name has no marketCap_usd, sits in no band, and scores NEUTRAL on the size tilt while competing for the same slots. (3) NO PER-NAME CLEARANCE EXISTS -- separating a correctly IAS 29-restated series from a mishandled one needs a restatement-vintage audit this codebase does not perform. EXPLICITLY NOT CLAIMED OF EVERY ARS NAME: CRESY shows NO defect (worst adjacent ratio 5.0x vs BMA's 1,588x; 7.5x nominal rise vs BMA's 45.6x, i.e. BELOW Argentine inflation, which is what correct restatement looks like). CRESY is removed by this rule alone. Panel effect: 2 sources, 48 rows.] [ARS on 24/24 rows]"
stock_CUR3K@844b3eaf1ea2,CRESY,2024-10-01,14950.0,891028970000.0,"currency_excluded [ARS: reports in ARS -- IAS 29 hyperinflation regime, no admitted ARS->USD rate, and this vendor is demonstrably wrong on ARS in this panel | CURRENCY-SCOPED RULE (CEO 2026-08-08): every ARS reporter is removed, whether or not its own series looks damaged. Grounds, measured on the 2026-08-07 CUR3K panel: (1) VENDOR DEFECT, on BMA -- totalAssets 2.325e16 between 2.056e13 and 2.420e13 (961x break) and revenue 1.201e9 between 1.443e12 and 1.907e12 (1,588x break), with marketCap continuous through both, so no market-cap sanity check can see it; BMA's nominal revenue also rises 45.6x over the window. (2) NO USD VALUATION IS POSSIBLE -- ARS is refused by fx_rates.ABSTAIN_CURRENCIES and absent from carveOut.FX_TO_USD, so an ARS name has no marketCap_usd, sits in no band, and scores NEUTRAL on the size tilt while competing for the same slots. (3) NO PER-NAME CLEARANCE EXISTS -- separating a correctly IAS 29-restated series from a mishandled one needs a restatement-vintage audit this codebase does not perform. EXPLICITLY NOT CLAIMED OF EVERY ARS NAME: CRESY shows NO defect (worst adjacent ratio 5.0x vs BMA's 1,588x; 7.5x nominal rise vs BMA's 45.6x, i.e. BELOW Argentine inflation, which is what correct restatement looks like). CRESY is removed by this rule alone. Panel effect: 2 sources, 48 rows.] [ARS on 24/24 rows]"
stock_CUR3K@844b3eaf1ea2,CRESY,2025-01-01,14550.0,871038660000.0,"currency_excluded [ARS: reports in ARS -- IAS 29 hyperinflation regime, no admitted ARS->USD rate, and this vendor is demonstrably wrong on ARS in this panel | CURRENCY-SCOPED RULE (CEO 2026-08-08): every ARS reporter is removed, whether or not its own series looks damaged. Grounds, measured on the 2026-08-07 CUR3K panel: (1) VENDOR DEFECT, on BMA -- totalAssets 2.325e16 between 2.056e13 and 2.420e13 (961x break) and revenue 1.201e9 between 1.443e12 and 1.907e12 (1,588x break), with marketCap continuous through both, so no market-cap sanity check can see it; BMA's nominal revenue also rises 45.6x over the window. (2) NO USD VALUATION IS POSSIBLE -- ARS is refused by fx_rates.ABSTAIN_CURRENCIES and absent from carveOut.FX_TO_USD, so an ARS name has no marketCap_usd, sits in no band, and scores NEUTRAL on the size tilt while competing for the same slots. (3) NO PER-NAME CLEARANCE EXISTS -- separating a correctly IAS 29-restated series from a mishandled one needs a restatement-vintage audit this codebase does not perform. EXPLICITLY NOT CLAIMED OF EVERY ARS NAME: CRESY shows NO defect (worst adjacent ratio 5.0x vs BMA's 1,588x; 7.5x nominal rise vs BMA's 45.6x, i.e. BELOW Argentine inflation, which is what correct restatement looks like). CRESY is removed by this rule alone. Panel effect: 2 sources, 48 rows.] [ARS on 24/24 rows]"
stock_CUR3K@844b3eaf1ea2,CRESY,2025-04-01,11630.021878063386,701158900000.0,"currency_excluded [ARS: reports in ARS -- IAS 29 hyperinflation regime, no admitted ARS->USD rate, and this vendor is demonstrably wrong on ARS in this panel | CURRENCY-SCOPED RULE (CEO 2026-08-08): every ARS reporter is removed, whether or not its own series looks damaged. Grounds, measured on the 2026-08-07 CUR3K panel: (1) VENDOR DEFECT, on BMA -- totalAssets 2.325e16 between 2.056e13 and 2.420e13 (961x break) and revenue 1.201e9 between 1.443e12 and 1.907e12 (1,588x break), with marketCap continuous through both, so no market-cap sanity check can see it; BMA's nominal revenue also rises 45.6x over the window. (2) NO USD VALUATION IS POSSIBLE -- ARS is refused by fx_rates.ABSTAIN_CURRENCIES and absent from carveOut.FX_TO_USD, so an ARS name has no marketCap_usd, sits in no band, and scores NEUTRAL on the size tilt while competing for the same slots. (3) NO PER-NAME CLEARANCE EXISTS -- separating a correctly IAS 29-restated series from a mishandled one needs a restatement-vintage audit this codebase does not perform. EXPLICITLY NOT CLAIMED OF EVERY ARS NAME: CRESY shows NO defect (worst adjacent ratio 5.0x vs BMA's 1,588x; 7.5x nominal rise vs BMA's 45.6x, i.e. BELOW Argentine inflation, which is what correct restatement looks like). CRESY is removed by this rule alone. Panel effect: 2 sources, 48 rows.] [ARS on 24/24 rows]"
stock_CUR3K@844b3eaf1ea2,CRESY,2025-07-01,15756.304562185407,885245913000.0,"currency_excluded [ARS: reports in ARS -- IAS 29 hyperinflation regime, no admitted ARS->USD rate, and this vendor is demonstrably wrong on ARS in this panel | CURRENCY-SCOPED RULE (CEO 2026-08-08): every ARS reporter is removed, whether or not its own series looks damaged. Grounds, measured on the 2026-08-07 CUR3K panel: (1) VENDOR DEFECT, on BMA -- totalAssets 2.325e16 between 2.056e13 and 2.420e13 (961x break) and revenue 1.201e9 between 1.443e12 and 1.907e12 (1,588x break), with marketCap continuous through both, so no market-cap sanity check can see it; BMA's nominal revenue also rises 45.6x over the window. (2) NO USD VALUATION IS POSSIBLE -- ARS is refused by fx_rates.ABSTAIN_CURRENCIES and absent from carveOut.FX_TO_USD, so an ARS name has no marketCap_usd, sits in no band, and scores NEUTRAL on the size tilt while competing for the same slots. (3) NO PER-NAME CLEARANCE EXISTS -- separating a correctly IAS 29-restated series from a mishandled one needs a restatement-vintage audit this codebase does not perform. EXPLICITLY NOT CLAIMED OF EVERY ARS NAME: CRESY shows NO defect (worst adjacent ratio 5.0x vs BMA's 1,588x; 7.5x nominal rise vs BMA's 45.6x, i.e. BELOW Argentine inflation, which is what correct restatement looks like). CRESY is removed by this rule alone. Panel effect: 2 sources, 48 rows.] [ARS on 24/24 rows]"
stock_CUR3K@844b3eaf1ea2,CRESY,2025-10-01,18496.19315536839,1199925734000.0,"currency_excluded [ARS: reports in ARS -- IAS 29 hyperinflation regime, no admitted ARS->USD rate, and this vendor is demonstrably wrong on ARS in this panel | CURRENCY-SCOPED RULE (CEO 2026-08-08): every ARS reporter is removed, whether or not its own series looks damaged. Grounds, measured on the 2026-08-07 CUR3K panel: (1) VENDOR DEFECT, on BMA -- totalAssets 2.325e16 between 2.056e13 and 2.420e13 (961x break) and revenue 1.201e9 between 1.443e12 and 1.907e12 (1,588x break), with marketCap continuous through both, so no market-cap sanity check can see it; BMA's nominal revenue also rises 45.6x over the window. (2) NO USD VALUATION IS POSSIBLE -- ARS is refused by fx_rates.ABSTAIN_CURRENCIES and absent from carveOut.FX_TO_USD, so an ARS name has no marketCap_usd, sits in no band, and scores NEUTRAL on the size tilt while competing for the same slots. (3) NO PER-NAME CLEARANCE EXISTS -- separating a correctly IAS 29-restated series from a mishandled one needs a restatement-vintage audit this codebase does not perform. EXPLICITLY NOT CLAIMED OF EVERY ARS NAME: CRESY shows NO defect (worst adjacent ratio 5.0x vs BMA's 1,588x; 7.5x nominal rise vs BMA's 45.6x, i.e. BELOW Argentine inflation, which is what correct restatement looks like). CRESY is removed by this rule alone. Panel effect: 2 sources, 48 rows.] [ARS on 24/24 rows]"
stock_CUR3K@844b3eaf1ea2,CRESY,2026-01-01,18720.0,1198723968000.0,"currency_excluded [ARS: reports in ARS -- IAS 29 hyperinflation regime, no admitted ARS->USD rate, and this vendor is demonstrably wrong on ARS in this panel | CURRENCY-SCOPED RULE (CEO 2026-08-08): every ARS reporter is removed, whether or not its own series looks damaged. Grounds, measured on the 2026-08-07 CUR3K panel: (1) VENDOR DEFECT, on BMA -- totalAssets 2.325e16 between 2.056e13 and 2.420e13 (961x break) and revenue 1.201e9 between 1.443e12 and 1.907e12 (1,588x break), with marketCap continuous through both, so no market-cap sanity check can see it; BMA's nominal revenue also rises 45.6x over the window. (2) NO USD VALUATION IS POSSIBLE -- ARS is refused by fx_rates.ABSTAIN_CURRENCIES and absent from carveOut.FX_TO_USD, so an ARS name has no marketCap_usd, sits in no band, and scores NEUTRAL on the size tilt while competing for the same slots. (3) NO PER-NAME CLEARANCE EXISTS -- separating a correctly IAS 29-restated series from a mishandled one needs a restatement-vintage audit this codebase does not perform. EXPLICITLY NOT CLAIMED OF EVERY ARS NAME: CRESY shows NO defect (worst adjacent ratio 5.0x vs BMA's 1,588x; 7.5x nominal rise vs BMA's 45.6x, i.e. BELOW Argentine inflation, which is what correct restatement looks like). CRESY is removed by this rule alone. Panel effect: 2 sources, 48 rows.] [ARS on 24/24 rows]"
stock_CUR3K@844b3eaf1ea2,001230.KS,2020-07-01,1268.0,57301604720.0,data_before_corruption (corruption at 2023-10-01)
stock_CUR3K@844b3eaf1ea2,001230.KS,2020-10-01,1624.0,73389436960.0,data_before_corruption (corruption at 2023-10-01)
stock_CUR3K@844b3eaf1ea2,001230.KS,2021-01-01,2730.0,123370174200.0,data_before_corruption (corruption at 2023-10-01)
stock_CUR3K@844b3eaf1ea2,001230.KS,2021-04-01,4440.0,200645997600.0,data_before_corruption (corruption at 2023-10-01)
stock_CUR3K@844b3eaf1ea2,001230.KS,2021-07-01,3670.0,165849281800.0,data_before_corruption (corruption at 2023-10-01)
stock_CUR3K@844b3eaf1ea2,001230.KS,2021-10-01,3180.0,143705917200.0,data_before_corruption (corruption at 2023-10-01)
stock_CUR3K@844b3eaf1ea2,001230.KS,2022-01-01,3350.0,151388309000.0,data_before_corruption (corruption at 2023-10-01)
stock_CUR3K@844b3eaf1ea2,001230.KS,2022-04-01,2570.0,116139687800.0,data_before_corruption (corruption at 2023-10-01)
stock_CUR3K@844b3eaf1ea2,001230.KS,2022-07-01,2160.0,97611566400.0,data_before_corruption (corruption at 2023-10-01)
stock_CUR3K@844b3eaf1ea2,001230.KS,2022-10-01,2150.0,97159661000.0,data_before_corruption (corruption at 2023-10-01)
stock_CUR3K@844b3eaf1ea2,001230.KS,2023-01-01,2440.0,110264917600.0,data_before_corruption (corruption at 2023-10-01)
stock_CUR3K@844b3eaf1ea2,001230.KS,2023-04-01,3484.0,157443841360.0,data_before_corruption (corruption at 2023-10-01)
stock_CUR3K@844b3eaf1ea2,001230.KS,2023-07-01,2130.0,96255850200.0,data_before_corruption (corruption at 2023-10-01)
stock_CUR3K@844b3eaf1ea2,001230.KS,2023-10-01,1740.0,78632696700.0,data_before_corruption (corruption at 2023-10-01)
stock_CUR3K@844b3eaf1ea2,0A4V.L,2020-04-01,1010.013452771785,10767753.42,data_before_corruption (corruption at 2026-01-01)
stock_CUR3K@844b3eaf1ea2,0A4V.L,2020-07-01,2602.704015200073,28424130.55,data_before_corruption (corruption at 2026-01-01)
stock_CUR3K@844b3eaf1ea2,0A4V.L,2020-10-01,2300.077712274527,26140383.2,data_before_corruption (corruption at 2026-01-01)
stock_CUR3K@844b3eaf1ea2,0A4V.L,2021-01-01,3.4099134525468986,41380350.0,data_before_corruption (corruption at 2026-01-01)
stock_CUR3K@844b3eaf1ea2,0A4V.L,2021-04-01,4.400064972796828,57807200.00000001,data_before_corruption (corruption at 2026-01-01)
stock_CUR3K@844b3eaf1ea2,0A4V.L,2021-07-01,2.5380747340471657,34245750.0,data_before_corruption (corruption at 2026-01-01)
stock_CUR3K@844b3eaf1ea2,0A4V.L,2021-10-01,2.79,37644928.74,data_before_corruption (corruption at 2026-01-01)
stock_CUR3K@844b3eaf1ea2,0A4V.L,2022-01-01,3.0100432778771147,40613930.0,data_before_corruption (corruption at 2026-01-01)
stock_CUR3K@844b3eaf1ea2,0A4V.L,2022-04-01,1.699979521122812,24837000.0,data_before_corruption (corruption at 2026-01-01)
stock_CUR3K@844b3eaf1ea2,0A4V.L,2022-07-01,2.5599567968716306,38225920.0,data_before_corruption (corruption at 2026-01-01)
stock_CUR3K@844b3eaf1ea2,0A4V.L,2022-10-01,2.16,32334945.12,data_before_corruption (corruption at 2026-01-01)
stock_CUR3K@844b3eaf1ea2,0A4V.L,2023-01-01,4.250055750027435,66419000.0,data_before_corruption (corruption at 2026-01-01)
stock_CUR3K@844b3eaf1ea2,0A4V.L,2023-04-01,2.779978358386102,47852140.0,data_before_corruption (corruption at 2026-01-01)
stock_CUR3K@844b3eaf1ea2,0A4V.L,2023-07-01,2.26,38917618.099999994,data_before_corruption (corruption at 2026-01-01)
stock_CUR3K@844b3eaf1ea2,0A4V.L,2023-10-01,1.78,30651929.3,data_before_corruption (corruption at 2026-01-01)
stock_CUR3K@844b3eaf1ea2,0A4V.L,2024-01-01,1.25,21739517.5,data_before_corruption (corruption at 2026-01-01)
stock_CUR3K@844b3eaf1ea2,0A4V.L,2024-04-01,1.2800135159817352,22425836.8,data_before_corruption (corruption at 2026-01-01)
stock_CUR3K@844b3eaf1ea2,0A4V.L,2024-07-01,0.9534119601276245,18045600.0,data_before_corruption (corruption at 2026-01-01)
stock_CUR3K@844b3eaf1ea2,0A4V.L,2024-10-01,0.8999814554463135,17034300.0,data_before_corruption (corruption at 2026-01-01)
stock_CUR3K@844b3eaf1ea2,0A4V.L,2025-01-01,0.92,17537398.8,data_before_corruption (corruption at 2026-01-01)
stock_CUR3K@844b3eaf1ea2,0A4V.L,2025-04-01,0.72,13735720.799999999,data_before_corruption (corruption at 2026-01-01)
stock_CUR3K@844b3eaf1ea2,0A4V.L,2025-07-01,0.71,13663390.52,data_before_corruption (corruption at 2026-01-01)
stock_CUR3K@844b3eaf1ea2,0A4V.L,2025-10-01,0.66,13181788.620000001,data_before_corruption (corruption at 2026-01-01)
stock_CUR3K@844b3eaf1ea2,0A4V.L,2026-01-01,0.74,16652324.34,data_before_corruption (corruption at 2026-01-01)
stock_CUR3K@844b3eaf1ea2,0F6L.L,2014-10-01,24.359477804141065,2823840650.9670405,data_before_corruption (corruption at 2016-04-01)
stock_CUR3K@844b3eaf1ea2,0F6L.L,2015-04-01,7.819711183088416,906611590.538685,data_before_corruption (corruption at 2016-04-01)
stock_CUR3K@844b3eaf1ea2,0F6L.L,2015-10-01,3.2263703999999995,394200887.60091597,data_before_corruption (corruption at 2016-04-01)
stock_CUR3K@844b3eaf1ea2,0F6L.L,2016-04-01,0.0,0.0,data_before_corruption (corruption at 2016-04-01)
stock_CUR3K@844b3eaf1ea2,0FRI.L,2014-04-01,0.0,0.0,data_before_corruption (corruption at 2016-10-01)
stock_CUR3K@844b3eaf1ea2,0FRI.L,2014-10-01,0.0,0.0,data_before_corruption (corruption at 2016-10-01)
stock_CUR3K@844b3eaf1ea2,0FRI.L,2015-04-01,0.0,0.0,data_before_corruption (corruption at 2016-10-01)
stock_CUR3K@844b3eaf1ea2,0FRI.L,2015-10-01,0.0,0.0,data_before_corruption (corruption at 2016-10-01)
stock_CUR3K@844b3eaf1ea2,0FRI.L,2016-04-01,0.0,0.0,data_before_corruption (corruption at 2016-10-01)
stock_CUR3K@844b3eaf1ea2,0FRI.L,2016-10-01,0.0,0.0,data_before_corruption (corruption at 2016-10-01)
stock_CUR3K@844b3eaf1ea2,0QK3.L,2014-10-01,,,data_before_corruption (corruption at 2024-10-01)
stock_CUR3K@844b3eaf1ea2,0QK3.L,2015-04-01,,,data_before_corruption (corruption at 2024-10-01)
stock_CUR3K@844b3eaf1ea2,0QK3.L,2015-10-01,,,data_before_corruption (corruption at 2024-10-01)
stock_CUR3K@844b3eaf1ea2,0QK3.L,2016-04-01,,,data_before_corruption (corruption at 2024-10-01)
stock_CUR3K@844b3eaf1ea2,0QK3.L,2016-10-01,,,data_before_corruption (corruption at 2024-10-01)
stock_CUR3K@844b3eaf1ea2,0QK3.L,2017-04-01,0.0,0.0,data_before_corruption (corruption at 2024-10-01)
stock_CUR3K@844b3eaf1ea2,0QK3.L,2017-10-01,0.0,0.0,data_before_corruption (corruption at 2024-10-01)
stock_CUR3K@844b3eaf1ea2,0QK3.L,2018-04-01,0.0,0.0,data_before_corruption (corruption at 2024-10-01)
stock_CUR3K@844b3eaf1ea2,0QK3.L,2018-10-01,0.0,0.0,data_before_corruption (corruption at 2024-10-01)
stock_CUR3K@844b3eaf1ea2,0QK3.L,2019-04-01,0.0,0.0,data_before_corruption (corruption at 2024-10-01)
stock_CUR3K@844b3eaf1ea2,0QK3.L,2019-10-01,0.0,0.0,data_before_corruption (corruption at 2024-10-01)
stock_CUR3K@844b3eaf1ea2,0QK3.L,2020-04-01,28.057567289905432,1455574347.81,data_before_corruption (corruption at 2024-10-01)
stock_CUR3K@844b3eaf1ea2,0QK3.L,2020-10-01,53.79177471666108,3497138453.06,data_before_corruption (corruption at 2024-10-01)
stock_CUR3K@844b3eaf1ea2,0QK3.L,2021-04-01,54.8,4643391909.2,data_before_corruption (corruption at 2024-10-01)
stock_CUR3K@844b3eaf1ea2,0QK3.L,2021-10-01,45.12527412226442,4098975528.9,data_before_corruption (corruption at 2024-10-01)
stock_CUR3K@844b3eaf1ea2,0QK3.L,2022-04-01,30.24505859502901,2801647504.36,data_before_corruption (corruption at 2024-10-01)
stock_CUR3K@844b3eaf1ea2,0QK3.L,2022-10-01,36.45046296386477,3473052308.2599998,data_before_corruption (corruption at 2024-10-01)
stock_CUR3K@844b3eaf1ea2,0QK3.L,2023-04-01,40.76,4891200000.0,data_before_corruption (corruption at 2024-10-01)
stock_CUR3K@844b3eaf1ea2,0QK3.L,2023-10-01,31.480635329947585,4975138912.88,data_before_corruption (corruption at 2024-10-01)
stock_CUR3K@844b3eaf1ea2,0QK3.L,2024-04-01,31.115000054113043,5111750000.0,data_before_corruption (corruption at 2024-10-01)
stock_CUR3K@844b3eaf1ea2,0QK3.L,2024-10-01,0.0,0.0,data_before_corruption (corruption at 2024-10-01)
stock_CUR3K@844b3eaf1ea2,0QKP.L,2014-04-01,,,data_before_corruption (corruption at 2018-10-01)
stock_CUR3K@844b3eaf1ea2,0QKP.L,2014-10-01,0.0,0.0,data_before_corruption (corruption at 2018-10-01)
stock_CUR3K@844b3eaf1ea2,0QKP.L,2015-04-01,0.0,0.0,data_before_corruption (corruption at 2018-10-01)
stock_CUR3K@844b3eaf1ea2,0QKP.L,2015-10-01,0.0,0.0,data_before_corruption (corruption at 2018-10-01)
stock_CUR3K@844b3eaf1ea2,0QKP.L,2016-04-01,0.0,0.0,data_before_corruption (corruption at 2018-10-01)
stock_CUR3K@844b3eaf1ea2,0QKP.L,2016-10-01,0.0,0.0,data_before_corruption (corruption at 2018-10-01)
stock_CUR3K@844b3eaf1ea2,0QKP.L,2017-04-01,0.0,0.0,data_before_corruption (corruption at 2018-10-01)
stock_CUR3K@844b3eaf1ea2,0QKP.L,2017-10-01,0.0,0.0,data_before_corruption (corruption at 2018-10-01)
stock_CUR3K@844b3eaf1ea2,0QKP.L,2018-04-01,0.0,0.0,data_before_corruption (corruption at 2018-10-01)
stock_CUR3K@844b3eaf1ea2,0QKP.L,2018-10-01,0.0,0.0,data_before_corruption (corruption at 2018-10-01)
stock_CUR3K@844b3eaf1ea2,0QKR.L,2014-04-01,22.216661,423007780.35601497,data_before_corruption (corruption at 2018-10-01)
stock_CUR3K@844b3eaf1ea2,0QKR.L,2014-10-01,18.194040101940665,523202499.761768,data_before_corruption (corruption at 2018-10-01)
stock_CUR3K@844b3eaf1ea2,0QKR.L,2015-04-01,13.064282,318528320.103994,data_before_corruption (corruption at 2018-10-01)
stock_CUR3K@844b3eaf1ea2,0QKR.L,2015-10-01,10.099993196900785,344876407.9,data_before_corruption (corruption at 2018-10-01)
stock_CUR3K@844b3eaf1ea2,0QKR.L,2016-04-01,13.9,615075000.0,data_before_corruption (corruption at 2018-10-01)
stock_CUR3K@844b3eaf1ea2,0QKR.L,2016-10-01,0.0,0.0,data_before_corruption (corruption at 2018-10-01)
stock_CUR3K@844b3eaf1ea2,0QKR.L,2017-04-01,17.548869666847484,923129947.4,data_before_corruption (corruption at 2018-10-01)
stock_CUR3K@844b3eaf1ea2,0QKR.L,2017-10-01,0.0,0.0,data_before_corruption (corruption at 2018-10-01)
stock_CUR3K@844b3eaf1ea2,0QKR.L,2018-04-01,16.33983001091659,1149713511.36,data_before_corruption (corruption at 2018-10-01)
stock_CUR3K@844b3eaf1ea2,0QKR.L,2018-10-01,0.0,0.0,data_before_corruption (corruption at 2018-10-01)
stock_CUR3K@844b3eaf1ea2,0RHT.L,2013-10-01,,,data_before_corruption (corruption at 2016-10-01)
stock_CUR3K@844b3eaf1ea2,0RHT.L,2014-10-01,1623.8150396475771,368606014.0,data_before_corruption (corruption at 2016-10-01)
stock_CUR3K@844b3eaf1ea2,0RHT.L,2015-10-01,14.454355001401689,368606014.0,data_before_corruption (corruption at 2016-10-01)
stock_CUR3K@844b3eaf1ea2,0RHT.L,2016-04-01,15.000017057900395,382521135.0,data_before_corruption (corruption at 2016-10-01)
stock_CUR3K@844b3eaf1ea2,0RHT.L,2016-10-01,15.474999999999998,394633716.22499996,data_before_corruption (corruption at 2016-10-01)
stock_CUR3K@844b3eaf1ea2,0UNV.L,2020-07-01,173.53478981090797,9994042.08,data_before_corruption (corruption at 2024-10-01)
stock_CUR3K@844b3eaf1ea2,0UNV.L,2020-10-01,192.85999999999999,11104107.36,data_before_corruption (corruption at 2024-10-01)
stock_CUR3K@844b3eaf1ea2,0UNV.L,2021-01-01,462.87,30914624.43,data_before_corruption (corruption at 2024-10-01)
stock_CUR3K@844b3eaf1ea2,0UNV.L,2021-04-01,0.63645,51684831.599999994,data_before_corruption (corruption at 2024-10-01)
stock_CUR3K@844b3eaf1ea2,0UNV.L,2021-07-01,0.4821599999999999,39968653.199999996,data_before_corruption (corruption at 2024-10-01)
stock_CUR3K@844b3eaf1ea2,0UNV.L,2021-10-01,0.63645,53264500.5,data_before_corruption (corruption at 2024-10-01)
stock_CUR3K@844b3eaf1ea2,0UNV.L,2022-01-01,0.4243,41514360.6,data_before_corruption (corruption at 2024-10-01)
stock_CUR3K@844b3eaf1ea2,0UNV.L,2022-04-01,0.4228381316502415,43077057.5,data_before_corruption (corruption at 2024-10-01)
stock_CUR3K@844b3eaf1ea2,0UNV.L,2022-07-01,0.50145,51130850.699999996,data_before_corruption (corruption at 2024-10-01)
stock_CUR3K@844b3eaf1ea2,0UNV.L,2022-10-01,0.37609,38407062.98,data_before_corruption (corruption at 2024-10-01)
stock_CUR3K@844b3eaf1ea2,0UNV.L,2023-01-01,0.62681,76798014.82,data_before_corruption (corruption at 2024-10-01)
stock_CUR3K@844b3eaf1ea2,0UNV.L,2023-04-01,0.30719093742636366,37806295.86,data_before_corruption (corruption at 2024-10-01)
stock_CUR3K@844b3eaf1ea2,0UNV.L,2023-07-01,0.2893,36113897.6,data_before_corruption (corruption at 2024-10-01)
stock_CUR3K@844b3eaf1ea2,0UNV.L,2023-10-01,0.44359,55480244.89,data_before_corruption (corruption at 2024-10-01)
stock_CUR3K@844b3eaf1ea2,0UNV.L,2024-01-01,0.65,91440700.0,data_before_corruption (corruption at 2024-10-01)
stock_CUR3K@844b3eaf1ea2,0UNV.L,2024-04-01,0.5915460937198193,91875390.0,data_before_corruption (corruption at 2024-10-01)
stock_CUR3K@844b3eaf1ea2,0UNV.L,2024-07-01,0.7,108742900.0,data_before_corruption (corruption at 2024-10-01)
stock_CUR3K@844b3eaf1ea2,0UNV.L,2024-10-01,0.74,118257180.0,data_before_corruption (corruption at 2024-10-01)
stock_CUR3K@844b3eaf1ea2,0V46.L,2020-07-01,1590.8415505203454,392401749.376,data_before_corruption (corruption at 2026-01-01)
stock_CUR3K@844b3eaf1ea2,0V46.L,2020-10-01,1365.4973499391688,341199553.824,data_before_corruption (corruption at 2026-01-01)
stock_CUR3K@844b3eaf1ea2,0V46.L,2021-01-01,1153.909341870023,301543050.9455,data_before_corruption (corruption at 2026-01-01)
stock_CUR3K@844b3eaf1ea2,0V46.L,2021-04-01,1209.1454196261152,319196253.6,data_before_corruption (corruption at 2026-01-01)
stock_CUR3K@844b3eaf1ea2,0V46.L,2021-07-01,701.482304015931,188107390.198,data_before_corruption (corruption at 2026-01-01)
stock_CUR3K@844b3eaf1ea2,0V46.L,2021-10-01,766.8739801512188,219992371.81199998,data_before_corruption (corruption at 2026-01-01)
stock_CUR3K@844b3eaf1ea2,0V46.L,2022-01-01,743.256,215678769.336,data_before_corruption (corruption at 2026-01-01)
stock_CUR3K@844b3eaf1ea2,0V46.L,2022-04-01,426.5297986691427,135055542.391,data_before_corruption (corruption at 2026-01-01)
stock_CUR3K@844b3eaf1ea2,0V46.L,2022-07-01,296.26226048349173,93886399.13399999,data_before_corruption (corruption at 2026-01-01)
stock_CUR3K@844b3eaf1ea2,0V46.L,2022-10-01,413.0600484791323,131384074.92000002,data_before_corruption (corruption at 2026-01-01)
stock_CUR3K@844b3eaf1ea2,0V46.L,2023-01-01,456.66218706099806,145762003.48799998,data_before_corruption (corruption at 2026-01-01)
stock_CUR3K@844b3eaf1ea2,0V46.L,2023-04-01,331.9308006315631,105954967.008,data_before_corruption (corruption at 2026-01-01)
stock_CUR3K@844b3eaf1ea2,0V46.L,2023-07-01,206.1035348114586,66594525.34,data_before_corruption (corruption at 2026-01-01)
stock_CUR3K@844b3eaf1ea2,0V46.L,2023-10-01,233.7121,80370085.5085,data_before_corruption (corruption at 2026-01-01)
stock_CUR3K@844b3eaf1ea2,0V46.L,2024-01-01,230.67705393949967,84219961.7162574,data_before_corruption (corruption at 2026-01-01)
stock_CUR3K@844b3eaf1ea2,0V46.L,2024-04-01,213.94681725446006,80877031.64580001,data_before_corruption (corruption at 2026-01-01)
stock_CUR3K@844b3eaf1ea2,0V46.L,2024-07-01,251.27700000000002,98834782.41000001,data_before_corruption (corruption at 2026-01-01)
stock_CUR3K@844b3eaf1ea2,0V46.L,2024-10-01,144.28784381222576,65505526.788,data_before_corruption (corruption at 2026-01-01)
stock_CUR3K@844b3eaf1ea2,0V46.L,2025-01-01,225.52128041192537,90750439.80160001,data_before_corruption (corruption at 2026-01-01)
stock_CUR3K@844b3eaf1ea2,0V46.L,2025-04-01,165.68522649571264,104592278.61517501,data_before_corruption (corruption at 2026-01-01)
stock_CUR3K@844b3eaf1ea2,0V46.L,2025-07-01,0.45233999999999996,206298444.60917997,data_before_corruption (corruption at 2026-01-01)
stock_CUR3K@844b3eaf1ea2,0V46.L,2025-10-01,0.6044059999999999,310633865.33805996,data_before_corruption (corruption at 2026-01-01)
stock_CUR3K@844b3eaf1ea2,0V46.L,2026-01-01,0.8411364,436412567.7665676,data_before_corruption (corruption at 2026-01-01)
stock_CUR3K@844b3eaf1ea2,460860.KS,2020-07-01,1268.0,57301604720.0,data_before_corruption (corruption at 2023-10-01)
stock_CUR3K@844b3eaf1ea2,460860.KS,2020-10-01,1624.0,73389436960.0,data_before_corruption (corruption at 2023-10-01)
stock_CUR3K@844b3eaf1ea2,460860.KS,2021-01-01,2730.0,123370174200.0,data_before_corruption (corruption at 2023-10-01)
stock_CUR3K@844b3eaf1ea2,460860.KS,2021-04-01,4440.0,200645997600.0,data_before_corruption (corruption at 2023-10-01)
stock_CUR3K@844b3eaf1ea2,460860.KS,2021-07-01,3670.0,165849281800.0,data_before_corruption (corruption at 2023-10-01)
stock_CUR3K@844b3eaf1ea2,460860.KS,2021-10-01,3180.0,143705917200.0,data_before_corruption (corruption at 2023-10-01)
stock_CUR3K@844b3eaf1ea2,460860.KS,2022-01-01,3350.0,151388309000.0,data_before_corruption (corruption at 2023-10-01)
stock_CUR3K@844b3eaf1ea2,460860.KS,2022-04-01,2570.0,116139687800.0,data_before_corruption (corruption at 2023-10-01)
stock_CUR3K@844b3eaf1ea2,460860.KS,2022-07-01,2160.0,97611566400.0,data_before_corruption (corruption at 2023-10-01)
stock_CUR3K@844b3eaf1ea2,460860.KS,2022-10-01,2150.0,97159661000.0,data_before_corruption (corruption at 2023-10-01)
stock_CUR3K@844b3eaf1ea2,460860.KS,2023-01-01,2440.0,110264917600.0,data_before_corruption (corruption at 2023-10-01)
stock_CUR3K@844b3eaf1ea2,460860.KS,2023-04-01,3484.0,157443841360.0,data_before_corruption (corruption at 2023-10-01)
stock_CUR3K@844b3eaf1ea2,460860.KS,2023-07-01,2130.0,96255850200.0,data_before_corruption (corruption at 2023-10-01)
stock_CUR3K@844b3eaf1ea2,460860.KS,2023-10-01,1740.0,78632696700.0,data_before_corruption (corruption at 2023-10-01)
stock_CUR3K@844b3eaf1ea2,ACT.TO,2020-04-01,9.087549e-06,21.509992206726,data_before_corruption (corruption at 2022-10-01)
stock_CUR3K@844b3eaf1ea2,ACT.TO,2020-07-01,9.087549e-06,21.509992206726,data_before_corruption (corruption at 2022-10-01)
stock_CUR3K@844b3eaf1ea2,ACT.TO,2020-10-01,9.087549e-06,30.769095956748,data_before_corruption (corruption at 2022-10-01)
stock_CUR3K@844b3eaf1ea2,ACT.TO,2021-01-01,9.087549e-06,35.317414231248,data_before_corruption (corruption at 2022-10-01)
stock_CUR3K@844b3eaf1ea2,ACT.TO,2021-04-01,0.000311114233,3245.96057172822,data_before_corruption (corruption at 2022-10-01)
stock_CUR3K@844b3eaf1ea2,ACT.TO,2021-07-01,0.00012391731,658.90600813224,data_before_corruption (corruption at 2022-10-01)
stock_CUR3K@844b3eaf1ea2,ACT.TO,2021-10-01,0.00011788642800000001,667.864574049816,data_before_corruption (corruption at 2022-10-01)
stock_CUR3K@844b3eaf1ea2,ACT.TO,2022-01-01,66.88,499143631.35999995,data_before_corruption (corruption at 2022-10-01)
stock_CUR3K@844b3eaf1ea2,ACT.TO,2022-04-01,52.49,844734272.58,data_before_corruption (corruption at 2022-10-01)
stock_CUR3K@844b3eaf1ea2,ACT.TO,2022-07-01,0.0011379,18770.343240000002,data_before_corruption (corruption at 2022-10-01)
stock_CUR3K@844b3eaf1ea2,ACT.TO,2022-10-01,2.9575000000000005,50597528.11750001,data_before_corruption (corruption at 2022-10-01)
stock_CUR3K@844b3eaf1ea2,ADUR,2020-04-01,1.572919753036592e-05,21.509992206726,data_before_corruption (corruption at 2022-07-01)
stock_CUR3K@844b3eaf1ea2,ADUR,2020-07-01,5.243058175475056e-06,21.509992206726,data_before_corruption (corruption at 2022-07-01)
stock_CUR3K@844b3eaf1ea2,ADUR,2020-10-01,2.9491127440252114e-06,30.769095956748,data_before_corruption (corruption at 2022-07-01)
stock_CUR3K@844b3eaf1ea2,ADUR,2021-01-01,6.641977632132374e-06,35.317414231248,data_before_corruption (corruption at 2022-07-01)
stock_CUR3K@844b3eaf1ea2,ADUR,2021-04-01,0.0005729525297464504,3245.96057172822,data_before_corruption (corruption at 2022-07-01)
stock_CUR3K@844b3eaf1ea2,ADUR,2021-07-01,8.828647919200051e-05,658.90600813224,data_before_corruption (corruption at 2022-07-01)
stock_CUR3K@844b3eaf1ea2,ADUR,2021-10-01,4.149969123995128e-05,667.864574049816,data_before_corruption (corruption at 2022-07-01)
stock_CUR3K@844b3eaf1ea2,ADUR,2022-01-01,30.259198292878096,499143631.35999995,data_before_corruption (corruption at 2022-07-01)
stock_CUR3K@844b3eaf1ea2,ADUR,2022-04-01,49.37596171405201,844734272.58,data_before_corruption (corruption at 2022-07-01)
stock_CUR3K@844b3eaf1ea2,ADUR,2022-07-01,0.0010604263163508534,18770.343240000002,data_before_corruption (corruption at 2022-07-01)
stock_CUR3K@844b3eaf1ea2,AF.PA,2020-07-01,14.94,1266158187.36,data_before_corruption (corruption at 2021-01-01)
stock_CUR3K@844b3eaf1ea2,AF.PA,2020-10-01,25.820000000000004,2188200279.76,data_before_corruption (corruption at 2021-01-01)
stock_CUR3K@844b3eaf1ea2,AF.PA,2021-01-01,25.7,217.80304875999974,data_before_corruption (corruption at 2021-01-01)
stock_CUR3K@844b3eaf1ea2,AKAN,2020-10-01,504000.0,9104256000.0,data_before_corruption (corruption at 2023-04-01)
stock_CUR3K@844b3eaf1ea2,AKAN,2021-10-01,504000.0,8778672000.0,data_before_corruption (corruption at 2023-04-01)
stock_CUR3K@844b3eaf1ea2,AKAN,2022-04-01,38880.0,22472640.0,data_before_corruption (corruption at 2023-04-01)
stock_CUR3K@844b3eaf1ea2,AKAN,2022-10-01,7152.0,4956336.0,data_before_corruption (corruption at 2023-04-01)
stock_CUR3K@844b3eaf1ea2,AKAN,2023-04-01,3552.0,2862912.0,data_before_corruption (corruption at 2023-04-01)
stock_CUR3K@844b3eaf1ea2,ALAGP.PA,2018-04-01,8.021,18915186.368,data_before_corruption (corruption at 2020-10-01)
stock_CUR3K@844b3eaf1ea2,ALAGP.PA,2019-04-01,8.021,18915186.368,data_before_corruption (corruption at 2020-10-01)
stock_CUR3K@844b3eaf1ea2,ALAGP.PA,2019-10-01,10.2,24053721.599999998,data_before_corruption (corruption at 2020-10-01)
stock_CUR3K@844b3eaf1ea2,ALAGP.PA,2020-04-01,9.26,21810059.48,data_before_corruption (corruption at 2020-10-01)
stock_CUR3K@844b3eaf1ea2,ALAGP.PA,2020-10-01,9.35,2.2023999799999974,data_before_corruption (corruption at 2020-10-01)
stock_CUR3K@844b3eaf1ea2,ALCLA.PA,2013-04-01,21.2,48844800.0,data_before_corruption (corruption at 2025-10-01)
stock_CUR3K@844b3eaf1ea2,ALCLA.PA,2013-10-01,23.8,54835200.0,data_before_corruption (corruption at 2025-10-01)
stock_CUR3K@844b3eaf1ea2,ALCLA.PA,2014-04-01,27.6,63590.4,data_before_corruption (corruption at 2025-10-01)
stock_CUR3K@844b3eaf1ea2,ALCLA.PA,2014-10-01,21.0,48309912.0,data_before_corruption (corruption at 2025-10-01)
stock_CUR3K@844b3eaf1ea2,ALCLA.PA,2015-04-01,29.2,67275048.0,data_before_corruption (corruption at 2025-10-01)
stock_CUR3K@844b3eaf1ea2,ALCLA.PA,2015-10-01,34.5,79453500.0,data_before_corruption (corruption at 2025-10-01)
stock_CUR3K@844b3eaf1ea2,ALCLA.PA,2016-04-01,28.929999999999996,66598.19077999999,data_before_corruption (corruption at 2025-10-01)
stock_CUR3K@844b3eaf1ea2,ALCLA.PA,2016-10-01,28.4,65412470.4,data_before_corruption (corruption at 2025-10-01)
stock_CUR3K@844b3eaf1ea2,ALCLA.PA,2017-04-01,35.0,80670240.0,data_before_corruption (corruption at 2025-10-01)
stock_CUR3K@844b3eaf1ea2,ALCLA.PA,2017-10-01,35.0,80535980.0,data_before_corruption (corruption at 2025-10-01)
stock_CUR3K@844b3eaf1ea2,ALCLA.PA,2018-04-01,35.7,82233272.10000001,data_before_corruption (corruption at 2025-10-01)
stock_CUR3K@844b3eaf1ea2,ALCLA.PA,2018-10-01,30.0,68959770.0,data_before_corruption (corruption at 2025-10-01)
stock_CUR3K@844b3eaf1ea2,ALCLA.PA,2019-04-01,35.3,81296358.89999999,data_before_corruption (corruption at 2025-10-01)
stock_CUR3K@844b3eaf1ea2,ALCLA.PA,2019-10-01,35.0,80606260.0,data_before_corruption (corruption at 2025-10-01)
stock_CUR3K@844b3eaf1ea2,ALCLA.PA,2020-04-01,28.5,65601186.0,data_before_corruption (corruption at 2025-10-01)
stock_CUR3K@844b3eaf1ea2,ALCLA.PA,2020-10-01,36.7,84563956.5,data_before_corruption (corruption at 2025-10-01)
stock_CUR3K@844b3eaf1ea2,ALCLA.PA,2021-04-01,49.0,112147868.0,data_before_corruption (corruption at 2025-10-01)
stock_CUR3K@844b3eaf1ea2,ALCLA.PA,2021-10-01,76.0,173959440.0,data_before_corruption (corruption at 2025-10-01)
stock_CUR3K@844b3eaf1ea2,ALCLA.PA,2022-04-01,60.0,137671620.0,data_before_corruption (corruption at 2025-10-01)
stock_CUR3K@844b3eaf1ea2,ALCLA.PA,2022-10-01,59.60000000000001,136749041.20000002,data_before_corruption (corruption at 2025-10-01)
stock_CUR3K@844b3eaf1ea2,ALCLA.PA,2023-04-01,74.2,170342646.6,data_before_corruption (corruption at 2025-10-01)
stock_CUR3K@844b3eaf1ea2,ALCLA.PA,2023-10-01,123.5,281542332.5,data_before_corruption (corruption at 2025-10-01)
stock_CUR3K@844b3eaf1ea2,ALCLA.PA,2024-04-01,134.0,311915284.0,data_before_corruption (corruption at 2025-10-01)
stock_CUR3K@844b3eaf1ea2,ALCLA.PA,2025-10-01,1.24,65795640.0,data_before_corruption (corruption at 2025-10-01)
stock_CUR3K@844b3eaf1ea2,ALDBT.PA,2013-04-01,4232.237586809963,2660592.096,data_before_corruption (corruption at 2016-10-01)
stock_CUR3K@844b3eaf1ea2,ALDBT.PA,2014-04-01,69500.0,43691108.279999994,data_before_corruption (corruption at 2016-10-01)
stock_CUR3K@844b3eaf1ea2,ALDBT.PA,2015-04-01,39700.0,24260610.847000003,data_before_corruption (corruption at 2016-10-01)
stock_CUR3K@844b3eaf1ea2,ALDBT.PA,2015-10-01,16300.000000000002,9960905.713000001,data_before_corruption (corruption at 2016-10-01)
stock_CUR3K@844b3eaf1ea2,ALDBT.PA,2016-04-01,29900.0,21434597.184,data_before_corruption (corruption at 2016-10-01)
stock_CUR3K@844b3eaf1ea2,ALDBT.PA,2016-10-01,30750.0,30367373.444999997,data_before_corruption (corruption at 2016-10-01)
stock_CUR3K@844b3eaf1ea2,ALDRV.PA,2012-10-01,,,data_before_corruption (corruption at 2020-04-01)
stock_CUR3K@844b3eaf1ea2,ALDRV.PA,2013-10-01,,,data_before_corruption (corruption at 2020-04-01)
stock_CUR3K@844b3eaf1ea2,ALDRV.PA,2014-10-01,55.82,663701195.5,data_before_corruption (corruption at 2020-04-01)
stock_CUR3K@844b3eaf1ea2,ALDRV.PA,2015-10-01,169.98,1234919488.26,data_before_corruption (corruption at 2020-04-01)
stock_CUR3K@844b3eaf1ea2,ALDRV.PA,2016-04-01,118.35,1562093838.8999999,data_before_corruption (corruption at 2020-04-01)
stock_CUR3K@844b3eaf1ea2,ALDRV.PA,2016-10-01,101.44,1724581440.0,data_before_corruption (corruption at 2020-04-01)
stock_CUR3K@844b3eaf1ea2,ALDRV.PA,2017-04-01,72.96,1211136000.0,data_before_corruption (corruption at 2020-04-01)
stock_CUR3K@844b3eaf1ea2,ALDRV.PA,2017-10-01,64.87,1959203740.0000002,data_before_corruption (corruption at 2020-04-01)
stock_CUR3K@844b3eaf1ea2,ALDRV.PA,2018-04-01,56.22,1427819340.0,data_before_corruption (corruption at 2020-04-01)
stock_CUR3K@844b3eaf1ea2,ALDRV.PA,2018-10-01,18.38,721874500.0,data_before_corruption (corruption at 2020-04-01)
stock_CUR3K@844b3eaf1ea2,ALDRV.PA,2019-04-01,16.22,878678793.4399999,data_before_corruption (corruption at 2020-04-01)
stock_CUR3K@844b3eaf1ea2,ALDRV.PA,2019-10-01,8.78,564079116.14,data_before_corruption (corruption at 2020-04-01)
stock_CUR3K@844b3eaf1ea2,ALDRV.PA,2020-04-01,6.76,102.60298796799988,data_before_corruption (corruption at 2020-04-01)
stock_CUR3K@844b3eaf1ea2,ALJXR.PA,2014-10-01,9140412.0,63982884.0,data_before_corruption (corruption at 2021-04-01)
stock_CUR3K@844b3eaf1ea2,ALJXR.PA,2015-04-01,7934656.0,55542592.0,data_before_corruption (corruption at 2021-04-01)
stock_CUR3K@844b3eaf1ea2,ALJXR.PA,2015-10-01,,0.0,data_before_corruption (corruption at 2021-04-01)
stock_CUR3K@844b3eaf1ea2,ALJXR.PA,2016-04-01,,0.0,data_before_corruption (corruption at 2021-04-01)
stock_CUR3K@844b3eaf1ea2,ALJXR.PA,2016-10-01,,0.0,data_before_corruption (corruption at 2021-04-01)
stock_CUR3K@844b3eaf1ea2,ALJXR.PA,2017-04-01,,0.0,data_before_corruption (corruption at 2021-04-01)
stock_CUR3K@844b3eaf1ea2,ALJXR.PA,2017-10-01,,0.0,data_before_corruption (corruption at 2021-04-01)
stock_CUR3K@844b3eaf1ea2,ALJXR.PA,2018-04-01,,0.0,data_before_corruption (corruption at 2021-04-01)
stock_CUR3K@844b3eaf1ea2,ALJXR.PA,2018-10-01,,0.0,data_before_corruption (corruption at 2021-04-01)
stock_CUR3K@844b3eaf1ea2,ALJXR.PA,2019-04-01,784000.0,12428869.6,data_before_corruption (corruption at 2021-04-01)
stock_CUR3K@844b3eaf1ea2,ALJXR.PA,2019-10-01,428000.0,10075794.1405744,data_before_corruption (corruption at 2021-04-01)
stock_CUR3K@844b3eaf1ea2,ALJXR.PA,2020-04-01,185600.0,7145080.32,data_before_corruption (corruption at 2021-04-01)
stock_CUR3K@844b3eaf1ea2,ALJXR.PA,2020-10-01,136000.0,8602191.76,data_before_corruption (corruption at 2021-04-01)
stock_CUR3K@844b3eaf1ea2,ALJXR.PA,2021-04-01,27600.0,8510818.524,data_before_corruption (corruption at 2021-04-01)
stock_CUR3K@844b3eaf1ea2,ALKOM.PA,2018-04-01,,,data_before_corruption (corruption at 2022-10-01)
stock_CUR3K@844b3eaf1ea2,ALKOM.PA,2018-10-01,,,data_before_corruption (corruption at 2022-10-01)
stock_CUR3K@844b3eaf1ea2,ALKOM.PA,2019-04-01,,,data_before_corruption (corruption at 2022-10-01)
stock_CUR3K@844b3eaf1ea2,ALKOM.PA,2019-10-01,0.0,0.0,data_before_corruption (corruption at 2022-10-01)
stock_CUR3K@844b3eaf1ea2,ALKOM.PA,2020-04-01,0.0,0.0,data_before_corruption (corruption at 2022-10-01)
stock_CUR3K@844b3eaf1ea2,ALKOM.PA,2020-10-01,0.0,0.0,data_before_corruption (corruption at 2022-10-01)
stock_CUR3K@844b3eaf1ea2,ALKOM.PA,2021-04-01,0.0,0.0,data_before_corruption (corruption at 2022-10-01)
stock_CUR3K@844b3eaf1ea2,ALKOM.PA,2021-10-01,0.0,0.0,data_before_corruption (corruption at 2022-10-01)
stock_CUR3K@844b3eaf1ea2,ALKOM.PA,2022-04-01,0.0,0.0,data_before_corruption (corruption at 2022-10-01)
stock_CUR3K@844b3eaf1ea2,ALKOM.PA,2022-10-01,0.0,0.0,data_before_corruption (corruption at 2022-10-01)
stock_CUR3K@844b3eaf1ea2,ALNXT.PA,2014-04-01,0.8700000000000001,4241325.69,data_before_corruption (corruption at 2020-04-01)
stock_CUR3K@844b3eaf1ea2,ALNXT.PA,2014-10-01,0.65,2883183.5500000003,data_before_corruption (corruption at 2020-04-01)
stock_CUR3K@844b3eaf1ea2,ALNXT.PA,2015-04-01,0.54,3293423.2800000003,data_before_corruption (corruption at 2020-04-01)
stock_CUR3K@844b3eaf1ea2,ALNXT.PA,2015-10-01,0.65,4226565.2,data_before_corruption (corruption at 2020-04-01)
stock_CUR3K@844b3eaf1ea2,ALNXT.PA,2016-04-01,0.61,7144574.9799999995,data_before_corruption (corruption at 2020-04-01)
stock_CUR3K@844b3eaf1ea2,ALNXT.PA,2016-10-01,0.84,10167318.84,data_before_corruption (corruption at 2020-04-01)
stock_CUR3K@844b3eaf1ea2,ALNXT.PA,2017-04-01,1.06,16677791.96,data_before_corruption (corruption at 2020-04-01)
stock_CUR3K@844b3eaf1ea2,ALNXT.PA,2017-10-01,1.16,26368841.599999998,data_before_corruption (corruption at 2020-04-01)
stock_CUR3K@844b3eaf1ea2,ALNXT.PA,2018-04-01,0.909,18566930.394,data_before_corruption (corruption at 2020-04-01)
stock_CUR3K@844b3eaf1ea2,ALNXT.PA,2018-10-01,0.645,13045886.1,data_before_corruption (corruption at 2020-04-01)
stock_CUR3K@844b3eaf1ea2,ALNXT.PA,2019-04-01,0.668,12902621.068,data_before_corruption (corruption at 2020-04-01)
stock_CUR3K@844b3eaf1ea2,ALNXT.PA,2019-10-01,0.736,14865985.6,data_before_corruption (corruption at 2020-04-01)
stock_CUR3K@844b3eaf1ea2,ALNXT.PA,2020-04-01,0.57,1.1971522469999987,data_before_corruption (corruption at 2020-04-01)
stock_CUR3K@844b3eaf1ea2,ALPHI.PA,2014-04-01,0.0,0.0,data_before_corruption (corruption at 2021-10-01)
stock_CUR3K@844b3eaf1ea2,ALPHI.PA,2014-10-01,0.0,0.0,data_before_corruption (corruption at 2021-10-01)
stock_CUR3K@844b3eaf1ea2,ALPHI.PA,2015-04-01,0.0,0.0,data_before_corruption (corruption at 2021-10-01)
stock_CUR3K@844b3eaf1ea2,ALPHI.PA,2015-10-01,0.0,0.0,data_before_corruption (corruption at 2021-10-01)
stock_CUR3K@844b3eaf1ea2,ALPHI.PA,2016-04-01,0.0,0.0,data_before_corruption (corruption at 2021-10-01)
stock_CUR3K@844b3eaf1ea2,ALPHI.PA,2016-10-01,0.0,0.0,data_before_corruption (corruption at 2021-10-01)
stock_CUR3K@844b3eaf1ea2,ALPHI.PA,2017-04-01,0.0,0.0,data_before_corruption (corruption at 2021-10-01)
stock_CUR3K@844b3eaf1ea2,ALPHI.PA,2017-10-01,0.0,0.0,data_before_corruption (corruption at 2021-10-01)
stock_CUR3K@844b3eaf1ea2,ALPHI.PA,2018-04-01,0.0,0.0,data_before_corruption (corruption at 2021-10-01)
stock_CUR3K@844b3eaf1ea2,ALPHI.PA,2018-10-01,0.0,0.0,data_before_corruption (corruption at 2021-10-01)
stock_CUR3K@844b3eaf1ea2,ALPHI.PA,2019-04-01,0.0,0.0,data_before_corruption (corruption at 2021-10-01)
stock_CUR3K@844b3eaf1ea2,ALPHI.PA,2019-10-01,0.0,0.0,data_before_corruption (corruption at 2021-10-01)
stock_CUR3K@844b3eaf1ea2,ALPHI.PA,2020-04-01,0.0,0.0,data_before_corruption (corruption at 2021-10-01)
stock_CUR3K@844b3eaf1ea2,ALPHI.PA,2020-10-01,0.0,0.0,data_before_corruption (corruption at 2021-10-01)
stock_CUR3K@844b3eaf1ea2,ALPHI.PA,2021-04-01,0.0,0.0,data_before_corruption (corruption at 2021-10-01)
stock_CUR3K@844b3eaf1ea2,ALPHI.PA,2021-10-01,0.0,0.0,data_before_corruption (corruption at 2021-10-01)
stock_CUR3K@844b3eaf1ea2,ALRPD.PA,2019-04-01,194422.8,7055603412000.0,data_before_corruption (corruption at 2020-10-01)
stock_CUR3K@844b3eaf1ea2,ALRPD.PA,2019-07-01,193716.0,6658987500000.0,data_before_corruption (corruption at 2020-10-01)
stock_CUR3K@844b3eaf1ea2,ALRPD.PA,2019-10-01,191917.2,6597153750000.0,data_before_corruption (corruption at 2020-10-01)
stock_CUR3K@844b3eaf1ea2,ALRPD.PA,2020-04-01,195242.4,6337533.160368,data_before_corruption (corruption at 2020-10-01)
stock_CUR3K@844b3eaf1ea2,ALRPD.PA,2020-10-01,190350.0,7173495.158211899,data_before_corruption (corruption at 2020-10-01)
stock_CUR3K@844b3eaf1ea2,ALSPW.PA,2014-04-01,,,data_before_corruption (corruption at 2023-04-01)
stock_CUR3K@844b3eaf1ea2,ALSPW.PA,2014-10-01,520000000.0,45760000000.0,data_before_corruption (corruption at 2023-04-01)
stock_CUR3K@844b3eaf1ea2,ALSPW.PA,2015-04-01,,0.0,data_before_corruption (corruption at 2023-04-01)
stock_CUR3K@844b3eaf1ea2,ALSPW.PA,2015-10-01,,0.0,data_before_corruption (corruption at 2023-04-01)
stock_CUR3K@844b3eaf1ea2,ALSPW.PA,2016-04-01,,0.0,data_before_corruption (corruption at 2023-04-01)
stock_CUR3K@844b3eaf1ea2,ALSPW.PA,2016-10-01,,0.0,data_before_corruption (corruption at 2023-04-01)
stock_CUR3K@844b3eaf1ea2,ALSPW.PA,2017-04-01,,0.0,data_before_corruption (corruption at 2023-04-01)
stock_CUR3K@844b3eaf1ea2,ALSPW.PA,2017-10-01,,0.0,data_before_corruption (corruption at 2023-04-01)
stock_CUR3K@844b3eaf1ea2,ALSPW.PA,2018-04-01,,0.0,data_before_corruption (corruption at 2023-04-01)
stock_CUR3K@844b3eaf1ea2,ALSPW.PA,2018-10-01,,0.0,data_before_corruption (corruption at 2023-04-01)
stock_CUR3K@844b3eaf1ea2,ALSPW.PA,2019-04-01,,0.0,data_before_corruption (corruption at 2023-04-01)
stock_CUR3K@844b3eaf1ea2,ALSPW.PA,2019-10-01,599999.98,581387.1904204263,data_before_corruption (corruption at 2023-04-01)
stock_CUR3K@844b3eaf1ea2,ALSPW.PA,2020-04-01,280000.01,3683514.9315541,data_before_corruption (corruption at 2023-04-01)
stock_CUR3K@844b3eaf1ea2,ALSPW.PA,2020-10-01,96000.0,27159311.999999996,data_before_corruption (corruption at 2023-04-01)
stock_CUR3K@844b3eaf1ea2,ALSPW.PA,2021-04-01,127999.99999999999,18612599.04,data_before_corruption (corruption at 2023-04-01)
stock_CUR3K@844b3eaf1ea2,ALSPW.PA,2021-10-01,64000.0,11700166.368,data_before_corruption (corruption at 2023-04-01)
stock_CUR3K@844b3eaf1ea2,ALSPW.PA,2022-04-01,24000.0,5123615.28,data_before_corruption (corruption at 2023-04-01)
stock_CUR3K@844b3eaf1ea2,ALSPW.PA,2022-10-01,2100.0,447314.824677,data_before_corruption (corruption at 2023-04-01)
stock_CUR3K@844b3eaf1ea2,ALSPW.PA,2023-04-01,900.0,826006.5,data_before_corruption (corruption at 2023-04-01)
stock_CUR3K@844b3eaf1ea2,ASTL.TO,2014-07-01,12.929933100000003,1449110550.5930448,data_before_corruption (corruption at 2022-07-01)
stock_CUR3K@844b3eaf1ea2,ASTL.TO,2020-04-01,12.386076000000001,1388158258.3012202,data_before_corruption (corruption at 2022-07-01)
stock_CUR3K@844b3eaf1ea2,ASTL.TO,2021-01-01,12.159628799999998,1362779393.2959359,data_before_corruption (corruption at 2022-07-01)
stock_CUR3K@844b3eaf1ea2,ASTL.TO,2021-04-01,12.4199904,1391959183.988688,data_before_corruption (corruption at 2022-07-01)
stock_CUR3K@844b3eaf1ea2,ASTL.TO,2021-07-01,13.3347312,1494477931.308264,data_before_corruption (corruption at 2022-07-01)
stock_CUR3K@844b3eaf1ea2,ASTL.TO,2021-10-01,13.664596700000002,1459378927.5600002,data_before_corruption (corruption at 2022-07-01)
stock_CUR3K@844b3eaf1ea2,ASTL.TO,2022-01-01,14.065987499999999,2356295417.9404874,data_before_corruption (corruption at 2022-07-01)
stock_CUR3K@844b3eaf1ea2,ASTL.TO,2022-04-01,11.5594152,2041392724.32,data_before_corruption (corruption at 2022-07-01)
stock_CUR3K@844b3eaf1ea2,ASTL.TO,2022-07-01,0.0,0.0,data_before_corruption (corruption at 2022-07-01)
stock_CUR3K@844b3eaf1ea2,ATO.PA,2014-10-01,3656.72,4934743640.0,data_before_corruption (corruption at 2024-10-01)
stock_CUR3K@844b3eaf1ea2,ATO.PA,2015-04-01,3694.23,4985363385.0,data_before_corruption (corruption at 2024-10-01)
stock_CUR3K@844b3eaf1ea2,ATO.PA,2015-10-01,4271.69,5892796354.999999,data_before_corruption (corruption at 2024-10-01)
stock_CUR3K@844b3eaf1ea2,ATO.PA,2016-04-01,4110.64,5742564080.0,data_before_corruption (corruption at 2024-10-01)
stock_CUR3K@844b3eaf1ea2,ATO.PA,2016-10-01,5529.2,7724292400.0,data_before_corruption (corruption at 2024-10-01)
stock_CUR3K@844b3eaf1ea2,ATO.PA,2017-04-01,6778.45,9571171400.0,data_before_corruption (corruption at 2024-10-01)
stock_CUR3K@844b3eaf1ea2,ATO.PA,2017-10-01,6692.96,9470538400.0,data_before_corruption (corruption at 2024-10-01)
stock_CUR3K@844b3eaf1ea2,ATO.PA,2018-04-01,6450.28,9146497040.0,data_before_corruption (corruption at 2024-10-01)
stock_CUR3K@844b3eaf1ea2,ATO.PA,2018-10-01,3942.42,5669199960.0,data_before_corruption (corruption at 2024-10-01)
stock_CUR3K@844b3eaf1ea2,ATO.PA,2019-04-01,5576.5,8030160000.0,data_before_corruption (corruption at 2024-10-01)
stock_CUR3K@844b3eaf1ea2,ATO.PA,2019-10-01,5521.52,8072462240.000001,data_before_corruption (corruption at 2024-10-01)
stock_CUR3K@844b3eaf1ea2,ATO.PA,2020-04-01,5638.9,8255349599.999999,data_before_corruption (corruption at 2024-10-01)
stock_CUR3K@844b3eaf1ea2,ATO.PA,2020-10-01,5555.69,8177975679.999999,data_before_corruption (corruption at 2024-10-01)
stock_CUR3K@844b3eaf1ea2,ATO.PA,2021-04-01,3811.27,5621623250.0,data_before_corruption (corruption at 2024-10-01)
stock_CUR3K@844b3eaf1ea2,ATO.PA,2021-10-01,2777.85,4097328750.0,data_before_corruption (corruption at 2024-10-01)
stock_CUR3K@844b3eaf1ea2,ATO.PA,2022-04-01,949.85,1414326650.0,data_before_corruption (corruption at 2024-10-01)
stock_CUR3K@844b3eaf1ea2,ATO.PA,2022-10-01,669.54,997614600.0,data_before_corruption (corruption at 2024-10-01)
stock_CUR3K@844b3eaf1ea2,ATO.PA,2023-04-01,971.76,1445978880.0,data_before_corruption (corruption at 2024-10-01)
stock_CUR3K@844b3eaf1ea2,ATO.PA,2023-10-01,523.77,781988610.0,data_before_corruption (corruption at 2024-10-01)
stock_CUR3K@844b3eaf1ea2,ATO.PA,2024-04-01,73.0,109135000.0,data_before_corruption (corruption at 2024-10-01)
stock_CUR3K@844b3eaf1ea2,ATO.PA,2024-10-01,26.0,41147340.0,data_before_corruption (corruption at 2024-10-01)
stock_CUR3K@844b3eaf1ea2,BGEO.L,2020-04-01,10.7,507325380.9,data_before_corruption (corruption at 2025-10-01)
stock_CUR3K@844b3eaf1ea2,BGEO.L,2020-07-01,8.93,424114695.71,data_before_corruption (corruption at 2025-10-01)
stock_CUR3K@844b3eaf1ea2,BGEO.L,2020-10-01,12.2,578445761.4,data_before_corruption (corruption at 2025-10-01)
stock_CUR3K@844b3eaf1ea2,BGEO.L,2021-01-01,11.0,529434994.0,data_before_corruption (corruption at 2025-10-01)
stock_CUR3K@844b3eaf1ea2,BGEO.L,2021-04-01,13.440000000000001,642435198.72,data_before_corruption (corruption at 2025-10-01)
stock_CUR3K@844b3eaf1ea2,BGEO.L,2021-07-01,15.540000000000001,736807141.98,data_before_corruption (corruption at 2025-10-01)
stock_CUR3K@844b3eaf1ea2,BGEO.L,2021-10-01,16.68,790858631.16,data_before_corruption (corruption at 2025-10-01)
stock_CUR3K@844b3eaf1ea2,BGEO.L,2022-01-01,11.88,563273413.5600001,data_before_corruption (corruption at 2025-10-01)
stock_CUR3K@844b3eaf1ea2,BGEO.L,2022-04-01,13.06,619221446.22,data_before_corruption (corruption at 2025-10-01)
stock_CUR3K@844b3eaf1ea2,BGEO.L,2022-07-01,19.88,942582109.56,data_before_corruption (corruption at 2025-10-01)
stock_CUR3K@844b3eaf1ea2,BGEO.L,2022-10-01,26.050000000000004,1235123941.3500001,data_before_corruption (corruption at 2025-10-01)
stock_CUR3K@844b3eaf1ea2,BGEO.L,2023-01-01,27.5,1303873642.5,data_before_corruption (corruption at 2025-10-01)
stock_CUR3K@844b3eaf1ea2,BGEO.L,2023-04-01,29.25,1386847419.75,data_before_corruption (corruption at 2025-10-01)
stock_CUR3K@844b3eaf1ea2,BGEO.L,2023-07-01,36.9,1749561360.3,data_before_corruption (corruption at 2025-10-01)
stock_CUR3K@844b3eaf1ea2,BGEO.L,2023-10-01,40.05,1898914159.35,data_before_corruption (corruption at 2025-10-01)
stock_CUR3K@844b3eaf1ea2,BGEO.L,2024-01-01,50.0,2201944350.0,data_before_corruption (corruption at 2025-10-01)
stock_CUR3K@844b3eaf1ea2,BGEO.L,2024-04-01,41.0,1830388174.0,data_before_corruption (corruption at 2025-10-01)
stock_CUR3K@844b3eaf1ea2,BGEO.L,2024-07-01,36.75,1622475713.25,data_before_corruption (corruption at 2025-10-01)
stock_CUR3K@844b3eaf1ea2,BGEO.L,2024-10-01,47.1,2068520655.6000001,data_before_corruption (corruption at 2025-10-01)
stock_CUR3K@844b3eaf1ea2,BGEO.L,2025-01-01,54.6,2363079700.8,data_before_corruption (corruption at 2025-10-01)
stock_CUR3K@844b3eaf1ea2,BGEO.L,2025-04-01,70.8,3064213238.4,data_before_corruption (corruption at 2025-10-01)
stock_CUR3K@844b3eaf1ea2,BGEO.L,2025-07-01,76.5,3283175974.5,data_before_corruption (corruption at 2025-10-01)
stock_CUR3K@844b3eaf1ea2,BGEO.L,2025-10-01,93.0,3962637.0,data_before_corruption (corruption at 2025-10-01)
stock_CUR3K@844b3eaf1ea2,CHAI,2020-07-01,3161029.0823999997,1934549798.4287999,data_before_corruption (corruption at 2023-04-01)
stock_CUR3K@844b3eaf1ea2,CHAI,2020-10-01,6924058.848,20183631541.920002,data_before_corruption (corruption at 2023-04-01)
stock_CUR3K@844b3eaf1ea2,CHAI,2021-01-01,6584288.256,19449987508.224,data_before_corruption (corruption at 2023-04-01)
stock_CUR3K@844b3eaf1ea2,CHAI,2021-04-01,5366328.3072,16152648204.671999,data_before_corruption (corruption at 2023-04-01)
stock_CUR3K@844b3eaf1ea2,CHAI,2021-07-01,2204033.328,6640752417.264001,data_before_corruption (corruption at 2023-04-01)
stock_CUR3K@844b3eaf1ea2,CHAI,2021-10-01,2357237.736,7411155441.984,data_before_corruption (corruption at 2023-04-01)
stock_CUR3K@844b3eaf1ea2,CHAI,2022-01-01,787695.3,6388208883.0,data_before_corruption (corruption at 2023-04-01)
stock_CUR3K@844b3eaf1ea2,CHAI,2022-04-01,707158.1664,6468375748.0608,data_before_corruption (corruption at 2023-04-01)
stock_CUR3K@844b3eaf1ea2,CHAI,2022-07-01,212548.64399999997,2196690235.74,data_before_corruption (corruption at 2023-04-01)
stock_CUR3K@844b3eaf1ea2,CHAI,2022-10-01,77112.0,15191064.0,data_before_corruption (corruption at 2023-04-01)
stock_CUR3K@844b3eaf1ea2,CHAI,2023-01-01,76860.0,2839131540.0,data_before_corruption (corruption at 2023-04-01)
stock_CUR3K@844b3eaf1ea2,CHAI,2023-04-01,27417.599999999995,10528358.399999999,data_before_corruption (corruption at 2023-04-01)
stock_CUR3K@844b3eaf1ea2,CNSP,2020-07-01,1584000.0,29011007.52,data_before_corruption (corruption at 2024-04-01)
stock_CUR3K@844b3eaf1ea2,CNSP,2020-10-01,1602000.0,30199793.661809996,data_before_corruption (corruption at 2024-04-01)
stock_CUR3K@844b3eaf1ea2,CNSP,2021-01-01,2151000.0,58947896.88,data_before_corruption (corruption at 2024-04-01)
stock_CUR3K@844b3eaf1ea2,CNSP,2021-04-01,1764000.0,49848117.48,data_before_corruption (corruption at 2024-04-01)
stock_CUR3K@844b3eaf1ea2,CNSP,2021-07-01,1341000.0,40891220.28,data_before_corruption (corruption at 2024-04-01)
stock_CUR3K@844b3eaf1ea2,CNSP,2021-10-01,632160.0,19998623.710326243,data_before_corruption (corruption at 2024-04-01)
stock_CUR3K@844b3eaf1ea2,CNSP,2022-01-01,306900.0,13651074.656999998,data_before_corruption (corruption at 2024-04-01)
stock_CUR3K@844b3eaf1ea2,CNSP,2022-04-01,252000.0,11209093.559999999,data_before_corruption (corruption at 2024-04-01)
stock_CUR3K@844b3eaf1ea2,CNSP,2022-07-01,161100.0,7165813.382999999,data_before_corruption (corruption at 2024-04-01)
stock_CUR3K@844b3eaf1ea2,CNSP,2022-10-01,72000.0,3457153.081872,data_before_corruption (corruption at 2024-04-01)
stock_CUR3K@844b3eaf1ea2,CNSP,2023-01-01,30000.0,1906494.0,data_before_corruption (corruption at 2024-04-01)
stock_CUR3K@844b3eaf1ea2,CNSP,2023-04-01,66900.0,8646416.91,data_before_corruption (corruption at 2024-04-01)
stock_CUR3K@844b3eaf1ea2,CNSP,2023-07-01,34200.0,4761858.546,data_before_corruption (corruption at 2024-04-01)
stock_CUR3K@844b3eaf1ea2,CNSP,2023-10-01,38100.0,7154990.90514705,data_before_corruption (corruption at 2024-04-01)
stock_CUR3K@844b3eaf1ea2,CNSP,2024-01-01,10794.0,3134822.2999800006,data_before_corruption (corruption at 2024-04-01)
stock_CUR3K@844b3eaf1ea2,CNSP,2024-04-01,852.0000000000001,534833.05716,data_before_corruption (corruption at 2024-04-01)
stock_CUR3K@844b3eaf1ea2,CNSY,2020-07-01,4.05,47.543922,data_before_corruption (corruption at 2025-01-01)
stock_CUR3K@844b3eaf1ea2,CNSY,2020-10-01,4.05,717.30927,data_before_corruption (corruption at 2025-01-01)
stock_CUR3K@844b3eaf1ea2,CNSY,2021-01-01,4.05,89.29326599999999,data_before_corruption (corruption at 2025-01-01)
stock_CUR3K@844b3eaf1ea2,CNSY,2021-04-01,4.05,122.005602,data_before_corruption (corruption at 2025-01-01)
stock_CUR3K@844b3eaf1ea2,CNSY,2021-07-01,4.05,143.25368400000002,data_before_corruption (corruption at 2025-01-01)
stock_CUR3K@844b3eaf1ea2,CNSY,2021-10-01,4.05,1958.4481319999998,data_before_corruption (corruption at 2025-01-01)
stock_CUR3K@844b3eaf1ea2,CNSY,2022-01-01,4.05,232.276248,data_before_corruption (corruption at 2025-01-01)
stock_CUR3K@844b3eaf1ea2,CNSY,2022-04-01,4.05,240.35211,data_before_corruption (corruption at 2025-01-01)
stock_CUR3K@844b3eaf1ea2,CNSY,2022-07-01,4.05,296.369928,data_before_corruption (corruption at 2025-01-01)
stock_CUR3K@844b3eaf1ea2,CNSY,2022-10-01,4.05,4253.351472,data_before_corruption (corruption at 2025-01-01)
stock_CUR3K@844b3eaf1ea2,CNSY,2023-01-01,4.05,375.84275399999996,data_before_corruption (corruption at 2025-01-01)
stock_CUR3K@844b3eaf1ea2,CNSY,2023-04-01,4.05,406.51923600000003,data_before_corruption (corruption at 2025-01-01)
stock_CUR3K@844b3eaf1ea2,CNSY,2023-07-01,4.05,522.506862,data_before_corruption (corruption at 2025-01-01)
stock_CUR3K@844b3eaf1ea2,CNSY,2023-10-01,4.05,728.8386479999999,data_before_corruption (corruption at 2025-01-01)
stock_CUR3K@844b3eaf1ea2,CNSY,2024-01-01,4.05,700.120422,data_before_corruption (corruption at 2025-01-01)
stock_CUR3K@844b3eaf1ea2,CNSY,2024-04-01,4.05,1053.162,data_before_corruption (corruption at 2025-01-01)
stock_CUR3K@844b3eaf1ea2,CNSY,2024-07-01,4.05,1272.672,data_before_corruption (corruption at 2025-01-01)
stock_CUR3K@844b3eaf1ea2,CNSY,2024-10-01,4.05,1274.13,data_before_corruption (corruption at 2025-01-01)
stock_CUR3K@844b3eaf1ea2,CNSY,2025-01-01,4.05,2359.8540000000003,data_before_corruption (corruption at 2025-01-01)
stock_CUR3K@844b3eaf1ea2,EAS2P.AS,2014-04-01,17.993122,125178149.754,data_before_corruption (corruption at 2015-10-01)
stock_CUR3K@844b3eaf1ea2,EAS2P.AS,2014-10-01,19.04673,135003222.24,data_before_corruption (corruption at 2015-10-01)
stock_CUR3K@844b3eaf1ea2,EAS2P.AS,2015-04-01,18.089342,130243262.39999999,data_before_corruption (corruption at 2015-10-01)
stock_CUR3K@844b3eaf1ea2,EAS2P.AS,2015-10-01,3.453332,25685883.416,data_before_corruption (corruption at 2015-10-01)
stock_CUR3K@844b3eaf1ea2,KXIN,2017-04-01,3898193.21,506765117.3,data_before_corruption (corruption at 2023-04-01)
stock_CUR3K@844b3eaf1ea2,KXIN,2017-10-01,3906289.15,761726384.25,data_before_corruption (corruption at 2023-04-01)
stock_CUR3K@844b3eaf1ea2,KXIN,2018-04-01,4003440.3800000004,780670874.1,data_before_corruption (corruption at 2023-04-01)
stock_CUR3K@844b3eaf1ea2,KXIN,2019-04-01,858169.2200000001,145030598.18,data_before_corruption (corruption at 2023-04-01)
stock_CUR3K@844b3eaf1ea2,KXIN,2019-10-01,756970.02,221035245.84,data_before_corruption (corruption at 2023-04-01)
stock_CUR3K@844b3eaf1ea2,KXIN,2020-04-01,344077.28,62966142.24,data_before_corruption (corruption at 2023-04-01)
stock_CUR3K@844b3eaf1ea2,KXIN,2020-10-01,1509892.0799999998,276310250.64,data_before_corruption (corruption at 2023-04-01)
stock_CUR3K@844b3eaf1ea2,KXIN,2021-04-01,935080.62,171119753.46,data_before_corruption (corruption at 2023-04-01)
stock_CUR3K@844b3eaf1ea2,KXIN,2021-10-01,461468.3599999999,176280913.51999998,data_before_corruption (corruption at 2023-04-01)
stock_CUR3K@844b3eaf1ea2,KXIN,2022-04-01,412892.74,173827843.54,data_before_corruption (corruption at 2023-04-01)
stock_CUR3K@844b3eaf1ea2,KXIN,2022-10-01,118686.42,67295200.14,data_before_corruption (corruption at 2023-04-01)
stock_CUR3K@844b3eaf1ea2,KXIN,2023-04-01,125487.01000000001,71904056.73,data_before_corruption (corruption at 2023-04-01)
stock_CUR3K@844b3eaf1ea2,LBG.L,2016-10-01,2.0,29902.0,data_before_corruption (corruption at 2017-10-01)
stock_CUR3K@844b3eaf1ea2,LBG.L,2017-04-01,2.0,29902.0,data_before_corruption (corruption at 2017-10-01)
stock_CUR3K@844b3eaf1ea2,LBG.L,2017-10-01,2.0,29902.0,data_before_corruption (corruption at 2017-10-01)
stock_CUR3K@844b3eaf1ea2,MSLE,2020-07-01,12.0,894300.0,data_before_corruption (corruption at 2020-10-01)
stock_CUR3K@844b3eaf1ea2,MSLE,2020-10-01,3456.8567558235277,260294400.0,data_before_corruption (corruption at 2020-10-01)
stock_CUR3K@844b3eaf1ea2,NEDSE.AS,2014-10-01,0.16,4589280.0,data_before_corruption (corruption at 2019-10-01)
stock_CUR3K@844b3eaf1ea2,NEDSE.AS,2015-04-01,0.16,5066880.0,data_before_corruption (corruption at 2019-10-01)
stock_CUR3K@844b3eaf1ea2,NEDSE.AS,2015-10-01,0.07,2065140.0000000002,data_before_corruption (corruption at 2019-10-01)
stock_CUR3K@844b3eaf1ea2,NEDSE.AS,2016-04-01,0.08,2399360.0,data_before_corruption (corruption at 2019-10-01)
stock_CUR3K@844b3eaf1ea2,NEDSE.AS,2016-10-01,0.09,2685060.0,data_before_corruption (corruption at 2019-10-01)
stock_CUR3K@844b3eaf1ea2,NEDSE.AS,2017-04-01,0.13,3889340.0,data_before_corruption (corruption at 2019-10-01)
stock_CUR3K@844b3eaf1ea2,NEDSE.AS,2017-10-01,0.274,8196580.946,data_before_corruption (corruption at 2019-10-01)
stock_CUR3K@844b3eaf1ea2,NEDSE.AS,2018-04-01,0.15,5086800.0,data_before_corruption (corruption at 2019-10-01)
stock_CUR3K@844b3eaf1ea2,NEDSE.AS,2018-10-01,0.153,5420790.0,data_before_corruption (corruption at 2019-10-01)
stock_CUR3K@844b3eaf1ea2,NEDSE.AS,2019-04-01,0.18,6102540.0,data_before_corruption (corruption at 2019-10-01)
stock_CUR3K@844b3eaf1ea2,NEDSE.AS,2019-10-01,0.151,6310711.743,data_before_corruption (corruption at 2019-10-01)
stock_CUR3K@844b3eaf1ea2,PPBT,2020-07-01,6.138465773056669,272756.58816000004,data_before_corruption (corruption at 2025-07-01)
stock_CUR3K@844b3eaf1ea2,PPBT,2020-10-01,24.425821377773776,1085336.9471,data_before_corruption (corruption at 2025-07-01)
stock_CUR3K@844b3eaf1ea2,PPBT,2021-01-01,843.8484559830584,73319460.795,data_before_corruption (corruption at 2025-07-01)
stock_CUR3K@844b3eaf1ea2,PPBT,2021-04-01,971.5296599999998,85108912.80497998,data_before_corruption (corruption at 2025-07-01)
stock_CUR3K@844b3eaf1ea2,PPBT,2021-07-01,891.9213599999998,78098418.12431999,data_before_corruption (corruption at 2025-07-01)
stock_CUR3K@844b3eaf1ea2,PPBT,2021-10-01,769.1535872362007,78103701.0159,data_before_corruption (corruption at 2025-07-01)
stock_CUR3K@844b3eaf1ea2,PPBT,2022-01-01,804.1106367350751,71616505.639536,data_before_corruption (corruption at 2025-07-01)
stock_CUR3K@844b3eaf1ea2,PPBT,2022-04-01,475.6078517530864,42761901.95112,data_before_corruption (corruption at 2025-07-01)
stock_CUR3K@844b3eaf1ea2,PPBT,2022-07-01,376.4709007987429,34020545.89248,data_before_corruption (corruption at 2025-07-01)
stock_CUR3K@844b3eaf1ea2,PPBT,2022-10-01,291.30522201735454,26784641.2488297,data_before_corruption (corruption at 2025-07-01)
stock_CUR3K@844b3eaf1ea2,PPBT,2023-01-01,356.36672622524543,35349441.041186996,data_before_corruption (corruption at 2025-07-01)
stock_CUR3K@844b3eaf1ea2,PPBT,2023-04-01,293.51712653286614,30828690.834,data_before_corruption (corruption at 2025-07-01)
stock_CUR3K@844b3eaf1ea2,PPBT,2023-07-01,216.08306667371295,23592597.468636002,data_before_corruption (corruption at 2025-07-01)
stock_CUR3K@844b3eaf1ea2,PPBT,2023-10-01,175.8340467345211,22488119.57306484,data_before_corruption (corruption at 2025-07-01)
stock_CUR3K@844b3eaf1ea2,PPBT,2024-01-01,131.7145781907504,17856150.221585456,data_before_corruption (corruption at 2025-07-01)
stock_CUR3K@844b3eaf1ea2,PPBT,2024-04-01,79.26525139679218,10911971.568287998,data_before_corruption (corruption at 2025-07-01)
stock_CUR3K@844b3eaf1ea2,PPBT,2024-07-01,54.3524388408199,9418625.421848,data_before_corruption (corruption at 2025-07-01)
stock_CUR3K@844b3eaf1ea2,PPBT,2024-10-01,51.18063513003485,10502522.231858801,data_before_corruption (corruption at 2025-07-01)
stock_CUR3K@844b3eaf1ea2,PPBT,2025-01-01,27.548013637608207,7255375.447764149,data_before_corruption (corruption at 2025-07-01)
stock_CUR3K@844b3eaf1ea2,PPBT,2025-04-01,24.23851726560872,6634397.27632156,data_before_corruption (corruption at 2025-07-01)
stock_CUR3K@844b3eaf1ea2,PPBT,2025-07-01,0.05310988825110029,15120.3320752,data_before_corruption (corruption at 2025-07-01)
stock_CUR3K@844b3eaf1ea2,PROAC.PA,2012-04-01,0.20034769864038918,25699000.0,data_before_corruption (corruption at 2015-10-01)
stock_CUR3K@844b3eaf1ea2,PROAC.PA,2012-10-01,0.17014553095451185,21862850.0,data_before_corruption (corruption at 2015-10-01)
stock_CUR3K@844b3eaf1ea2,PROAC.PA,2013-04-01,0.17908323937638507,23031000.0,data_before_corruption (corruption at 2015-10-01)
stock_CUR3K@844b3eaf1ea2,PROAC.PA,2013-10-01,0.17985588120359516,23012560.0,data_before_corruption (corruption at 2015-10-01)
stock_CUR3K@844b3eaf1ea2,PROAC.PA,2014-04-01,0.14018305655694108,18976300.0,data_before_corruption (corruption at 2015-10-01)
stock_CUR3K@844b3eaf1ea2,PROAC.PA,2014-10-01,0.11966180973108562,16219560.0,data_before_corruption (corruption at 2015-10-01)
stock_CUR3K@844b3eaf1ea2,PROAC.PA,2015-04-01,0.150280772104792,20312400.0,data_before_corruption (corruption at 2015-10-01)
stock_CUR3K@844b3eaf1ea2,PROAC.PA,2015-10-01,0.0,0.0,data_before_corruption (corruption at 2015-10-01)
stock_CUR3K@844b3eaf1ea2,SCNI,2020-04-01,2275.0,246550850.0,data_before_corruption (corruption at 2026-01-01)
stock_CUR3K@844b3eaf1ea2,SCNI,2020-07-01,3909.0,540563883.0,data_before_corruption (corruption at 2026-01-01)
stock_CUR3K@844b3eaf1ea2,SCNI,2020-10-01,281.0,31686403.0,data_before_corruption (corruption at 2026-01-01)
stock_CUR3K@844b3eaf1ea2,SCNI,2021-01-01,380.0,50429420.0,data_before_corruption (corruption at 2026-01-01)
stock_CUR3K@844b3eaf1ea2,SCNI,2021-04-01,287.0,41127100.0,data_before_corruption (corruption at 2026-01-01)
stock_CUR3K@844b3eaf1ea2,SCNI,2021-07-01,220.0,24876280.0,data_before_corruption (corruption at 2026-01-01)
stock_CUR3K@844b3eaf1ea2,SCNI,2021-10-01,235.0,17639805.0,data_before_corruption (corruption at 2026-01-01)
stock_CUR3K@844b3eaf1ea2,SCNI,2022-01-01,166.0,30905548.0,data_before_corruption (corruption at 2026-01-01)
stock_CUR3K@844b3eaf1ea2,SCNI,2022-04-01,116.5,21753462.5,data_before_corruption (corruption at 2026-01-01)
stock_CUR3K@844b3eaf1ea2,SCNI,2022-07-01,73.0,13635451.0,data_before_corruption (corruption at 2026-01-01)
stock_CUR3K@844b3eaf1ea2,SCNI,2022-10-01,29.6,5752878.4,data_before_corruption (corruption at 2026-01-01)
stock_CUR3K@844b3eaf1ea2,SCNI,2023-01-01,21.6,6326985.600000001,data_before_corruption (corruption at 2026-01-01)
stock_CUR3K@844b3eaf1ea2,SCNI,2023-04-01,14.1,4765278.3,data_before_corruption (corruption at 2026-01-01)
stock_CUR3K@844b3eaf1ea2,SCNI,2023-07-01,8.7,4082222.6999999997,data_before_corruption (corruption at 2026-01-01)
stock_CUR3K@844b3eaf1ea2,SCNI,2023-10-01,5.950000000000001,1328765.9000000001,data_before_corruption (corruption at 2026-01-01)
stock_CUR3K@844b3eaf1ea2,SCNI,2024-01-01,5.16,2613730.92,data_before_corruption (corruption at 2026-01-01)
stock_CUR3K@844b3eaf1ea2,SCNI,2024-04-01,2.94,1874552.82,data_before_corruption (corruption at 2026-01-01)
stock_CUR3K@844b3eaf1ea2,SCNI,2024-07-01,3.45,2910302.7,data_before_corruption (corruption at 2026-01-01)
stock_CUR3K@844b3eaf1ea2,SCNI,2024-10-01,3.3500000000000005,2701332.8000000003,data_before_corruption (corruption at 2026-01-01)
stock_CUR3K@844b3eaf1ea2,SCNI,2025-01-01,2.69,2169129.92,data_before_corruption (corruption at 2026-01-01)
stock_CUR3K@844b3eaf1ea2,SCNI,2025-04-01,2.28,3627897.2399999998,data_before_corruption (corruption at 2026-01-01)
stock_CUR3K@844b3eaf1ea2,SCNI,2025-07-01,1.26,2004890.58,data_before_corruption (corruption at 2026-01-01)
stock_CUR3K@844b3eaf1ea2,SCNI,2025-10-01,0.7121,1662657.3665,data_before_corruption (corruption at 2026-01-01)
stock_CUR3K@844b3eaf1ea2,SCNI,2026-01-01,0.5703842679704016,539.5835175,data_before_corruption (corruption at 2026-01-01)
stock_CUR3K@844b3eaf1ea2,SXTC,2020-01-01,107538484.0,1437251838660.0,data_before_corruption (corruption at 2026-01-01)
stock_CUR3K@844b3eaf1ea2,SXTC,2020-04-01,101240926.0,2913713850280.0,data_before_corruption (corruption at 2026-01-01)
stock_CUR3K@844b3eaf1ea2,SXTC,2020-07-01,47001287.0,1352697039860.0,data_before_corruption (corruption at 2026-01-01)
stock_CUR3K@844b3eaf1ea2,SXTC,2020-10-01,63109980.0,1816557664320.0,data_before_corruption (corruption at 2026-01-01)
stock_CUR3K@844b3eaf1ea2,SXTC,2021-01-01,88319412.0,2542185955008.0,data_before_corruption (corruption at 2026-01-01)
stock_CUR3K@844b3eaf1ea2,SXTC,2021-04-01,69599536.0,2164475970064.0,data_before_corruption (corruption at 2026-01-01)
stock_CUR3K@844b3eaf1ea2,SXTC,2021-07-01,49439671.0,1537524328429.0,data_before_corruption (corruption at 2026-01-01)
stock_CUR3K@844b3eaf1ea2,SXTC,2021-10-01,31214192.0,1625728761936.0,data_before_corruption (corruption at 2026-01-01)
stock_CUR3K@844b3eaf1ea2,SXTC,2022-01-01,13439910.0,699990832530.0,data_before_corruption (corruption at 2026-01-01)
stock_CUR3K@844b3eaf1ea2,SXTC,2022-04-01,4199972.0,429724335152.0,data_before_corruption (corruption at 2026-01-01)
stock_CUR3K@844b3eaf1ea2,SXTC,2022-07-01,1847988.0,189078740208.0,data_before_corruption (corruption at 2026-01-01)
stock_CUR3K@844b3eaf1ea2,SXTC,2022-10-01,1300791.2,561460505656.0,data_before_corruption (corruption at 2026-01-01)
stock_CUR3K@844b3eaf1ea2,SXTC,2023-01-01,680635.2,293782571376.0,data_before_corruption (corruption at 2026-01-01)
stock_CUR3K@844b3eaf1ea2,SXTC,2023-04-01,563996.0,282825382132.0,data_before_corruption (corruption at 2026-01-01)
stock_CUR3K@844b3eaf1ea2,SXTC,2023-07-01,295198.4,148032256052.80002,data_before_corruption (corruption at 2026-01-01)
stock_CUR3K@844b3eaf1ea2,SXTC,2023-10-01,381117.5999999999,330589790827.19995,data_before_corruption (corruption at 2026-01-01)
stock_CUR3K@844b3eaf1ea2,SXTC,2024-01-01,159359.2,196549972018.40002,data_before_corruption (corruption at 2026-01-01)
stock_CUR3K@844b3eaf1ea2,SXTC,2024-04-01,100789.6,40710935232.0,data_before_corruption (corruption at 2026-01-01)
stock_CUR3K@844b3eaf1ea2,SXTC,2024-07-01,70060.0,28298635200.0,data_before_corruption (corruption at 2026-01-01)
stock_CUR3K@844b3eaf1ea2,SXTC,2024-10-01,48777.6,119148263078.4,data_before_corruption (corruption at 2026-01-01)
stock_CUR3K@844b3eaf1ea2,SXTC,2025-01-01,29938.4,73130050665.6,data_before_corruption (corruption at 2026-01-01)
stock_CUR3K@844b3eaf1ea2,SXTC,2025-07-01,18840.0,14573079120.0,data_before_corruption (corruption at 2026-01-01)
stock_CUR3K@844b3eaf1ea2,SXTC,2025-10-01,19200.0,11246880000.0,data_before_corruption (corruption at 2026-01-01)
stock_CUR3K@844b3eaf1ea2,SXTC,2026-01-01,134.4,78728160.0,data_before_corruption (corruption at 2026-01-01)
stock_CUR3K@844b3eaf1ea2,TVC,2020-07-01,26.96,14154000.0,data_before_corruption (corruption at 2026-04-01)
stock_CUR3K@844b3eaf1ea2,TVC,2020-10-01,25.55,13413750.0,data_before_corruption (corruption at 2026-04-01)
stock_CUR3K@844b3eaf1ea2,TVC,2021-01-01,26.38,13849500.0,data_before_corruption (corruption at 2026-04-01)
stock_CUR3K@844b3eaf1ea2,TVC,2021-04-01,26.66,13996500.0,data_before_corruption (corruption at 2026-04-01)
stock_CUR3K@844b3eaf1ea2,TVC,2021-07-01,27.74,14563500.0,data_before_corruption (corruption at 2026-04-01)
stock_CUR3K@844b3eaf1ea2,TVC,2021-10-01,26.15,13728750.0,data_before_corruption (corruption at 2026-04-01)
stock_CUR3K@844b3eaf1ea2,TVC,2022-01-01,23.7,12442500.0,data_before_corruption (corruption at 2026-04-01)
stock_CUR3K@844b3eaf1ea2,TVC,2022-04-01,23.96,12579000.0,data_before_corruption (corruption at 2026-04-01)
stock_CUR3K@844b3eaf1ea2,TVC,2022-07-01,21.64,11361000.0,data_before_corruption (corruption at 2026-04-01)
stock_CUR3K@844b3eaf1ea2,TVC,2022-10-01,22.16,11634000.0,data_before_corruption (corruption at 2026-04-01)
stock_CUR3K@844b3eaf1ea2,TVC,2023-01-01,21.61,11345250.0,data_before_corruption (corruption at 2026-04-01)
stock_CUR3K@844b3eaf1ea2,TVC,2023-04-01,21.84,11466000.0,data_before_corruption (corruption at 2026-04-01)
stock_CUR3K@844b3eaf1ea2,TVC,2023-07-01,21.61,11345250.0,data_before_corruption (corruption at 2026-04-01)
stock_CUR3K@844b3eaf1ea2,TVC,2023-10-01,23.04,12096000.0,data_before_corruption (corruption at 2026-04-01)
stock_CUR3K@844b3eaf1ea2,TVC,2024-01-01,22.15,11628750.0,data_before_corruption (corruption at 2026-04-01)
stock_CUR3K@844b3eaf1ea2,TVC,2024-04-01,22.64,11886000.0,data_before_corruption (corruption at 2026-04-01)
stock_CUR3K@844b3eaf1ea2,TVC,2024-07-01,22.92,12033000.0,data_before_corruption (corruption at 2026-04-01)
stock_CUR3K@844b3eaf1ea2,TVC,2024-10-01,22.53,11828250.0,data_before_corruption (corruption at 2026-04-01)
stock_CUR3K@844b3eaf1ea2,TVC,2025-01-01,23.77,12479250.0,data_before_corruption (corruption at 2026-04-01)
stock_CUR3K@844b3eaf1ea2,TVC,2025-04-01,23.4,12285000.0,data_before_corruption (corruption at 2026-04-01)
stock_CUR3K@844b3eaf1ea2,TVC,2025-07-01,23.86,12526500.0,data_before_corruption (corruption at 2026-04-01)
stock_CUR3K@844b3eaf1ea2,TVC,2025-10-01,24.05,12626250.0,data_before_corruption (corruption at 2026-04-01)
stock_CUR3K@844b3eaf1ea2,TVC,2026-01-01,24.5,12862500.0,data_before_corruption (corruption at 2026-04-01)
stock_CUR3K@844b3eaf1ea2,TVC,2026-04-01,23.86,12526500.0,data_before_corruption (corruption at 2026-04-01)
stock_CUR3K@844b3eaf1ea2,VLK.AS,2013-04-01,,,data_before_corruption (corruption at 2019-04-01)
stock_CUR3K@844b3eaf1ea2,VLK.AS,2013-10-01,,,data_before_corruption (corruption at 2019-04-01)
stock_CUR3K@844b3eaf1ea2,VLK.AS,2014-04-01,18.0,7200000.0,data_before_corruption (corruption at 2019-04-01)
stock_CUR3K@844b3eaf1ea2,VLK.AS,2014-10-01,17.4,6959999.999999999,data_before_corruption (corruption at 2019-04-01)
stock_CUR3K@844b3eaf1ea2,VLK.AS,2015-04-01,22.34,912060904.74,data_before_corruption (corruption at 2019-04-01)
stock_CUR3K@844b3eaf1ea2,VLK.AS,2016-04-01,16.2,6638209.199999999,data_before_corruption (corruption at 2019-04-01)
stock_CUR3K@844b3eaf1ea2,VLK.AS,2017-04-01,24.3,9720000.0,data_before_corruption (corruption at 2019-04-01)
stock_CUR3K@844b3eaf1ea2,VLK.AS,2017-10-01,26.0,10400000.0,data_before_corruption (corruption at 2019-04-01)
stock_CUR3K@844b3eaf1ea2,VLK.AS,2018-04-01,24.2,9680000.0,data_before_corruption (corruption at 2019-04-01)
stock_CUR3K@844b3eaf1ea2,VLK.AS,2018-10-01,19.82,7928000.0,data_before_corruption (corruption at 2019-04-01)
stock_CUR3K@844b3eaf1ea2,VLK.AS,2019-04-01,19.9,7959999.999999999,data_before_corruption (corruption at 2019-04-01)
stock_CUR3K@844b3eaf1ea2,ZNB,2018-01-01,,0.0,data_before_corruption (corruption at 2024-10-01)
stock_CUR3K@844b3eaf1ea2,ZNB,2018-04-01,,0.0,data_before_corruption (corruption at 2024-10-01)
stock_CUR3K@844b3eaf1ea2,ZNB,2018-10-01,,0.0,data_before_corruption (corruption at 2024-10-01)
stock_CUR3K@844b3eaf1ea2,ZNB,2019-10-01,,0.0,data_before_corruption (corruption at 2024-10-01)
stock_CUR3K@844b3eaf1ea2,ZNB,2020-10-01,56000000.0,251091679.99999997,data_before_corruption (corruption at 2024-10-01)
stock_CUR3K@844b3eaf1ea2,ZNB,2021-04-01,82400000.0,909338384.0,data_before_corruption (corruption at 2024-10-01)
stock_CUR3K@844b3eaf1ea2,ZNB,2021-10-01,40000000.0,521999200.00000006,data_before_corruption (corruption at 2024-10-01)
stock_CUR3K@844b3eaf1ea2,ZNB,2022-04-01,10400000.0,161647155.78959998,data_before_corruption (corruption at 2024-10-01)
stock_CUR3K@844b3eaf1ea2,ZNB,2022-10-01,1820000.0000000002,1093062.8800000001,data_before_corruption (corruption at 2024-10-01)
stock_CUR3K@844b3eaf1ea2,ZNB,2023-04-01,2800000.0,181339340.0,data_before_corruption (corruption at 2024-10-01)
stock_CUR3K@844b3eaf1ea2,ZNB,2023-10-01,740000.0,72479277.8,data_before_corruption (corruption at 2024-10-01)
stock_CUR3K@844b3eaf1ea2,ZNB,2024-04-01,420000.0,88052806.8,data_before_corruption (corruption at 2024-10-01)
stock_CUR3K@844b3eaf1ea2,ZNB,2024-10-01,47400.0,17562060.24,data_before_corruption (corruption at 2024-10-01)
stock_CUR3K@844b3eaf1ea2,0QK3.L,2025-04-01,44.66103778295671,6346568520.0,insufficient_data_after_corruption (<8 periods)
stock_CUR3K@844b3eaf1ea2,0QK3.L,2025-10-01,44.962302587728246,6756717620.0,insufficient_data_after_corruption (<8 periods)
stock_CUR3K@844b3eaf1ea2,0QK3.L,2026-04-01,52.70708571428571,7378992000.0,insufficient_data_after_corruption (<8 periods)
stock_CUR3K@844b3eaf1ea2,0UNV.L,2025-01-01,0.9,154639800.0,insufficient_data_after_corruption (<8 periods)
stock_CUR3K@844b3eaf1ea2,0UNV.L,2025-04-01,0.79,146549740.0,insufficient_data_after_corruption (<8 periods)
stock_CUR3K@844b3eaf1ea2,0UNV.L,2025-07-01,1.02,191201040.0,insufficient_data_after_corruption (<8 periods)
stock_CUR3K@844b3eaf1ea2,0UNV.L,2025-10-01,0.95,182281250.0,insufficient_data_after_corruption (<8 periods)
stock_CUR3K@844b3eaf1ea2,0UNV.L,2026-01-01,0.9,194100300.0,insufficient_data_after_corruption (<8 periods)
stock_CUR3K@844b3eaf1ea2,0UNV.L,2026-04-01,0.6950684067181117,153123570.0,insufficient_data_after_corruption (<8 periods)
stock_CUR3K@844b3eaf1ea2,0V46.L,2026-04-01,1.0278399999999999,551099748.99584,insufficient_data_after_corruption (<8 periods)
stock_CUR3K@844b3eaf1ea2,AKAN,2023-10-01,2064.0,2064000.0,insufficient_data_after_corruption (<8 periods)
stock_CUR3K@844b3eaf1ea2,AKAN,2024-04-01,271.2,2048373.5999999999,insufficient_data_after_corruption (<8 periods)
stock_CUR3K@844b3eaf1ea2,AKAN,2024-10-01,96.0,3144672.0,insufficient_data_after_corruption (<8 periods)
stock_CUR3K@844b3eaf1ea2,AKAN,2025-04-01,84.0,2914296.0,insufficient_data_after_corruption (<8 periods)
stock_CUR3K@844b3eaf1ea2,AKAN,2025-10-01,9.16,625802.04,insufficient_data_after_corruption (<8 periods)
stock_CUR3K@844b3eaf1ea2,ALKOM.PA,2023-04-01,1.07,12840615.25,insufficient_data_after_corruption (<8 periods)
stock_CUR3K@844b3eaf1ea2,ALKOM.PA,2023-10-01,1.0620715907362772,12745469.780000001,insufficient_data_after_corruption (<8 periods)
stock_CUR3K@844b3eaf1ea2,ALKOM.PA,2024-04-01,1.07,12733442.98,insufficient_data_after_corruption (<8 periods)
stock_CUR3K@844b3eaf1ea2,ALKOM.PA,2024-10-01,1.0049412678708654,12019418.14,insufficient_data_after_corruption (<8 periods)
stock_CUR3K@844b3eaf1ea2,ALKOM.PA,2025-04-01,1.0,11927825.0,insufficient_data_after_corruption (<8 periods)
stock_CUR3K@844b3eaf1ea2,ALKOM.PA,2025-10-01,0.88,10474078.56,insufficient_data_after_corruption (<8 periods)
stock_CUR3K@844b3eaf1ea2,ALSPW.PA,2023-10-01,6.4,457689.60000000003,insufficient_data_after_corruption (<8 periods)
stock_CUR3K@844b3eaf1ea2,ALSPW.PA,2024-04-01,0.58,161714094.32,insufficient_data_after_corruption (<8 periods)
stock_CUR3K@844b3eaf1ea2,ALSPW.PA,2024-10-01,0.0815,22723618.426,insufficient_data_after_corruption (<8 periods)
stock_CUR3K@844b3eaf1ea2,ALSPW.PA,2025-04-01,0.1224,4156117.0919999997,insufficient_data_after_corruption (<8 periods)
stock_CUR3K@844b3eaf1ea2,ALSPW.PA,2025-10-01,0.152,5408768.0,insufficient_data_after_corruption (<8 periods)
stock_CUR3K@844b3eaf1ea2,ATO.PA,2025-04-01,32.28,601364650.08,insufficient_data_after_corruption (<8 periods)
stock_CUR3K@844b3eaf1ea2,ATO.PA,2025-10-01,50.17,1015892330.0,insufficient_data_after_corruption (<8 periods)
stock_CUR3K@844b3eaf1ea2,ATO.PA,2026-04-01,33.64,660978433.04,insufficient_data_after_corruption (<8 periods)
stock_CUR3K@844b3eaf1ea2,BGEO.L,2026-01-01,92.8,3956668684.7999997,insufficient_data_after_corruption (<8 periods)
stock_CUR3K@844b3eaf1ea2,CNSY,2025-04-01,4.05,7836.75,insufficient_data_after_corruption (<8 periods)
stock_CUR3K@844b3eaf1ea2,CNSY,2025-07-01,4.05,17402.85,insufficient_data_after_corruption (<8 periods)
stock_CUR3K@844b3eaf1ea2,CNSY,2025-10-01,4.05,12604345.2,insufficient_data_after_corruption (<8 periods)
stock_CUR3K@844b3eaf1ea2,CNSY,2026-01-01,4.05,26916498.45,insufficient_data_after_corruption (<8 periods)
stock_CUR3K@844b3eaf1ea2,CNSY,2026-04-01,4.05,27431156.25,insufficient_data_after_corruption (<8 periods)
stock_CUR3K@844b3eaf1ea2,PPBT,2025-10-01,1506.55148950185,3615723.57480444,insufficient_data_after_corruption (<8 periods)
stock_CUR3K@844b3eaf1ea2,PPBT,2026-01-01,1270.900486985625,5905874.5630222,insufficient_data_after_corruption (<8 periods)
stock_CUR3K@844b3eaf1ea2,PPBT,2026-04-01,1343.9157740619705,7297462.6531565,insufficient_data_after_corruption (<8 periods)
stock_CUR3K@844b3eaf1ea2,ZNB,2025-04-01,17200.0,188563600.0,insufficient_data_after_corruption (<8 periods)
stock_CUR3K@844b3eaf1ea2,ZNB,2025-10-01,464.0,132285240.0,insufficient_data_after_corruption (<8 periods)
stock_CUR3K@844b3eaf1ea2,0HV8.L,2014-04-01,46.550000000000004,1167874283.45,primary_input_absent [revenue impossible: < 0 (value=-6.7926e+07)]
stock_CUR3K@844b3eaf1ea2,0HV8.L,2014-10-01,49.99,1255697010.3600001,primary_input_absent [revenue impossible: < 0 (value=-6.7926e+07)]
stock_CUR3K@844b3eaf1ea2,0HV8.L,2015-04-01,73.0,1830998994.0,primary_input_absent [revenue impossible: < 0 (value=-6.7926e+07)]
stock_CUR3K@844b3eaf1ea2,0HV8.L,2015-10-01,68.0,1703408228.0,primary_input_absent [revenue impossible: < 0 (value=-6.7926e+07)]
stock_CUR3K@844b3eaf1ea2,0HV8.L,2016-04-01,62.9,1606237232.7,primary_input_absent [revenue impossible: < 0 (value=-6.7926e+07)]
stock_CUR3K@844b3eaf1ea2,0HV8.L,2016-10-01,72.25,1780471489.0,primary_input_absent [revenue impossible: < 0 (value=-6.7926e+07)]
stock_CUR3K@844b3eaf1ea2,0HV8.L,2017-04-01,89.12,2205170664.32,primary_input_absent [revenue impossible: < 0 (value=-6.7926e+07)]
stock_CUR3K@844b3eaf1ea2,0HV8.L,2017-10-01,100.4,2485833017.2000003,primary_input_absent [revenue impossible: < 0 (value=-6.7926e+07)]
stock_CUR3K@844b3eaf1ea2,0HV8.L,2018-04-01,105.8,2620565913.2,primary_input_absent [revenue impossible: < 0 (value=-6.7926e+07)]
stock_CUR3K@844b3eaf1ea2,0HV8.L,2018-10-01,80.2,1984528468.8,primary_input_absent [revenue impossible: < 0 (value=-6.7926e+07)]
stock_CUR3K@844b3eaf1ea2,0HV8.L,2019-04-01,95.60000000000001,2365270096.4,primary_input_absent [revenue impossible: < 0 (value=-6.7926e+07)]
stock_CUR3K@844b3eaf1ea2,0HV8.L,2019-10-01,104.0,2573614888.0,primary_input_absent [revenue impossible: < 0 (value=-6.7926e+07)]
stock_CUR3K@844b3eaf1ea2,0HV8.L,2020-04-01,67.0,1657889205.0,primary_input_absent [revenue impossible: < 0 (value=-6.7926e+07)]
stock_CUR3K@844b3eaf1ea2,0HV8.L,2020-10-01,94.6,2347717242.2,primary_input_absent [revenue impossible: < 0 (value=-6.7926e+07)]
stock_CUR3K@844b3eaf1ea2,0HV8.L,2021-04-01,113.4,2806467085.8,primary_input_absent [revenue impossible: < 0 (value=-6.7926e+07)]
stock_CUR3K@844b3eaf1ea2,0HV8.L,2021-10-01,124.0,3080091924.0,primary_input_absent [revenue impossible: < 0 (value=-6.7926e+07)]
stock_CUR3K@844b3eaf1ea2,0HV8.L,2022-04-01,86.5,2148023533.0,primary_input_absent [revenue impossible: < 0 (value=-6.7926e+07)]
stock_CUR3K@844b3eaf1ea2,0HV8.L,2022-10-01,89.0,2209303426.0,primary_input_absent [revenue impossible: < 0 (value=-6.7926e+07)]
stock_CUR3K@844b3eaf1ea2,0HV8.L,2023-04-01,102.2,2539191704.0,primary_input_absent [revenue impossible: < 0 (value=-6.7926e+07)]
stock_CUR3K@844b3eaf1ea2,0HV8.L,2023-10-01,101.39999999999999,2518790094.6,primary_input_absent [revenue impossible: < 0 (value=-6.7926e+07)]
stock_CUR3K@844b3eaf1ea2,0HV8.L,2024-04-01,90.7,2252383303.1,primary_input_absent [revenue impossible: < 0 (value=-6.7926e+07)]
stock_CUR3K@844b3eaf1ea2,0HV8.L,2024-10-01,72.75682352664083,1813288409.6999998,primary_input_absent [revenue impossible: < 0 (value=-6.7926e+07)]
stock_CUR3K@844b3eaf1ea2,0HV8.L,2025-04-01,73.6,1824934521.6,primary_input_absent [revenue impossible: < 0 (value=-6.7926e+07)]
stock_CUR3K@844b3eaf1ea2,0HV8.L,2025-10-01,75.8,1894242000.0,primary_input_absent [revenue impossible: < 0 (value=-6.7926e+07)]
stock_CUR3K@844b3eaf1ea2,0QQ4.L,2014-04-01,,,primary_input_absent [netCashProvidedByOperatingActivities NaN (value=NaN)]
stock_CUR3K@844b3eaf1ea2,0QQ4.L,2014-10-01,1423.4217906579654,1943202762.0,primary_input_absent [netCashProvidedByOperatingActivities NaN (value=NaN)]
stock_CUR3K@844b3eaf1ea2,0QQ4.L,2015-04-01,1422.6270269557554,1942117780.0,primary_input_absent [netCashProvidedByOperatingActivities NaN (value=NaN)]
stock_CUR3K@844b3eaf1ea2,0QQ4.L,2015-10-01,3442.604172280567,1929114887.0,primary_input_absent [netCashProvidedByOperatingActivities NaN (value=NaN)]
stock_CUR3K@844b3eaf1ea2,0QQ4.L,2016-04-01,3560.5722214691846,1996384360.0,primary_input_absent [netCashProvidedByOperatingActivities NaN (value=NaN)]
stock_CUR3K@844b3eaf1ea2,0QQ4.L,2016-10-01,3472.3513995960516,1953017100.0,primary_input_absent [netCashProvidedByOperatingActivities NaN (value=NaN)]
stock_CUR3K@844b3eaf1ea2,0QQ4.L,2017-04-01,3484.148910407317,1959527157.0,primary_input_absent [netCashProvidedByOperatingActivities NaN (value=NaN)]
stock_CUR3K@844b3eaf1ea2,0QQ4.L,2017-10-01,3486.1120572830173,1962782185.5,primary_input_absent [netCashProvidedByOperatingActivities NaN (value=NaN)]
stock_CUR3K@844b3eaf1ea2,0QQ4.L,2018-10-01,2208.9026495854027,1243515000.0,primary_input_absent [netCashProvidedByOperatingActivities NaN (value=NaN)]
stock_CUR3K@844b3eaf1ea2,0QQ4.L,2019-04-01,912.0,513415872.0,primary_input_absent [netCashProvidedByOperatingActivities NaN (value=NaN)]
stock_CUR3K@844b3eaf1ea2,0QQ4.L,2019-10-01,920.0,520538760.0,primary_input_absent [netCashProvidedByOperatingActivities NaN (value=NaN)]
stock_CUR3K@844b3eaf1ea2,0QQ4.L,2020-04-01,872.0,493380216.0,primary_input_absent [netCashProvidedByOperatingActivities NaN (value=NaN)]
stock_CUR3K@844b3eaf1ea2,0QQ4.L,2020-10-01,940.0,532308840.0,primary_input_absent [netCashProvidedByOperatingActivities NaN (value=NaN)]
stock_CUR3K@844b3eaf1ea2,0QQ4.L,2021-04-01,922.0,522115692.0,primary_input_absent [netCashProvidedByOperatingActivities NaN (value=NaN)]
stock_CUR3K@844b3eaf1ea2,0QQ4.L,2021-10-01,910.0,513632210.0,primary_input_absent [netCashProvidedByOperatingActivities NaN (value=NaN)]
stock_CUR3K@844b3eaf1ea2,0QQ4.L,2022-04-01,898.0,506859038.0,primary_input_absent [netCashProvidedByOperatingActivities NaN (value=NaN)]
stock_CUR3K@844b3eaf1ea2,0QQ4.L,2022-10-01,910.0,513527560.0,primary_input_absent [netCashProvidedByOperatingActivities NaN (value=NaN)]
stock_CUR3K@844b3eaf1ea2,0QQ4.L,2023-04-01,892.0,503369872.0,primary_input_absent [netCashProvidedByOperatingActivities NaN (value=NaN)]
stock_CUR3K@844b3eaf1ea2,0QQ4.L,2023-10-01,856.0,480283624.0,primary_input_absent [netCashProvidedByOperatingActivities NaN (value=NaN)]
stock_CUR3K@844b3eaf1ea2,0QQ4.L,2024-04-01,842.0,472428518.0,primary_input_absent [netCashProvidedByOperatingActivities NaN (value=NaN)]
stock_CUR3K@844b3eaf1ea2,0QQ4.L,2024-10-01,860.0,484404460.0,primary_input_absent [netCashProvidedByOperatingActivities NaN (value=NaN)]
stock_CUR3K@844b3eaf1ea2,0QQ4.L,2025-04-01,914.0,514820554.0,primary_input_absent [netCashProvidedByOperatingActivities NaN (value=NaN)]
stock_CUR3K@844b3eaf1ea2,0QQ4.L,2025-10-01,984.0,556671432.0,primary_input_absent [netCashProvidedByOperatingActivities NaN (value=NaN)]
stock_CUR3K@844b3eaf1ea2,0QQ4.L,2026-04-01,1090.0,616638070.0,primary_input_absent [netCashProvidedByOperatingActivities NaN (value=NaN)]
stock_CUR3K@844b3eaf1ea2,0QU6.L,2014-10-01,83.45,668383929.3000001,primary_input_absent [netCashProvidedByOperatingActivities NaN (value=NaN)]
stock_CUR3K@844b3eaf1ea2,0QU6.L,2015-04-01,94.0,752871474.0,primary_input_absent [netCashProvidedByOperatingActivities NaN (value=NaN)]
stock_CUR3K@844b3eaf1ea2,0QU6.L,2015-10-01,92.05,736400000.0,primary_input_absent [netCashProvidedByOperatingActivities NaN (value=NaN)]
stock_CUR3K@844b3eaf1ea2,0QU6.L,2016-04-01,96.8,775367903.1999999,primary_input_absent [netCashProvidedByOperatingActivities NaN (value=NaN)]
stock_CUR3K@844b3eaf1ea2,0QU6.L,2016-10-01,104.7,837764902.5,primary_input_absent [netCashProvidedByOperatingActivities NaN (value=NaN)]
stock_CUR3K@844b3eaf1ea2,0QU6.L,2017-04-01,124.0,998681988.0,primary_input_absent [netCashProvidedByOperatingActivities NaN (value=NaN)]
stock_CUR3K@844b3eaf1ea2,0QU6.L,2017-10-01,120.9,970214037.0,primary_input_absent [netCashProvidedByOperatingActivities NaN (value=NaN)]
stock_CUR3K@844b3eaf1ea2,0QU6.L,2018-04-01,119.5,961080184.0,primary_input_absent [netCashProvidedByOperatingActivities NaN (value=NaN)]
stock_CUR3K@844b3eaf1ea2,0QU6.L,2018-10-01,115.5,925240354.5,primary_input_absent [netCashProvidedByOperatingActivities NaN (value=NaN)]
stock_CUR3K@844b3eaf1ea2,0QU6.L,2019-04-01,123.5,987202313.5,primary_input_absent [netCashProvidedByOperatingActivities NaN (value=NaN)]
stock_CUR3K@844b3eaf1ea2,0QU6.L,2019-10-01,108.0,862126632.0,primary_input_absent [netCashProvidedByOperatingActivities NaN (value=NaN)]
stock_CUR3K@844b3eaf1ea2,0QU6.L,2020-04-01,92.2,737692200.0,primary_input_absent [netCashProvidedByOperatingActivities NaN (value=NaN)]
stock_CUR3K@844b3eaf1ea2,0QU6.L,2020-10-01,109.5,895823989.5,primary_input_absent [netCashProvidedByOperatingActivities NaN (value=NaN)]
stock_CUR3K@844b3eaf1ea2,0QU6.L,2021-04-01,102.0,849317382.0,primary_input_absent [netCashProvidedByOperatingActivities NaN (value=NaN)]
stock_CUR3K@844b3eaf1ea2,0QU6.L,2021-10-01,95.0,841505345.0,primary_input_absent [netCashProvidedByOperatingActivities NaN (value=NaN)]
stock_CUR3K@844b3eaf1ea2,0QU6.L,2022-04-01,84.0,847584108.0,primary_input_absent [netCashProvidedByOperatingActivities NaN (value=NaN)]
stock_CUR3K@844b3eaf1ea2,0QU6.L,2022-10-01,82.0,827873558.0,primary_input_absent [netCashProvidedByOperatingActivities NaN (value=NaN)]
stock_CUR3K@844b3eaf1ea2,0QU6.L,2023-04-01,76.0,767507204.0,primary_input_absent [netCashProvidedByOperatingActivities NaN (value=NaN)]
stock_CUR3K@844b3eaf1ea2,0QU6.L,2023-10-01,79.8,806514580.1999999,primary_input_absent [netCashProvidedByOperatingActivities NaN (value=NaN)]
stock_CUR3K@844b3eaf1ea2,0QU6.L,2024-04-01,73.4,742016748.0,primary_input_absent [netCashProvidedByOperatingActivities NaN (value=NaN)]
stock_CUR3K@844b3eaf1ea2,0QU6.L,2024-10-01,85.39982247248491,862717205.0,primary_input_absent [netCashProvidedByOperatingActivities NaN (value=NaN)]
stock_CUR3K@844b3eaf1ea2,0QU6.L,2025-04-01,110.6,1117786089.0,primary_input_absent [netCashProvidedByOperatingActivities NaN (value=NaN)]
stock_CUR3K@844b3eaf1ea2,0QU6.L,2025-10-01,118.6,1200232000.0,primary_input_absent [netCashProvidedByOperatingActivities NaN (value=NaN)]
stock_CUR3K@844b3eaf1ea2,0QU6.L,2026-04-01,135.6,1371703022.3999999,primary_input_absent [netCashProvidedByOperatingActivities NaN (value=NaN)]
stock_CUR3K@844b3eaf1ea2,0R1E.L,2020-07-01,5966.0,7106878180000.0,primary_input_absent [netCashProvidedByOperatingActivities NaN (value=NaN)]
stock_CUR3K@844b3eaf1ea2,0R1E.L,2020-10-01,6582.957613803581,7841801260000.0,primary_input_absent [netCashProvidedByOperatingActivities NaN (value=NaN)]
stock_CUR3K@844b3eaf1ea2,0R1E.L,2021-01-01,6180.96020217529,7362930820000.0,primary_input_absent [netCashProvidedByOperatingActivities NaN (value=NaN)]
stock_CUR3K@844b3eaf1ea2,0R1E.L,2021-04-01,6462.0,7697663640000.0,primary_input_absent [netCashProvidedByOperatingActivities NaN (value=NaN)]
stock_CUR3K@844b3eaf1ea2,0R1E.L,2021-07-01,5430.740135938514,6430521250862.0,primary_input_absent [netCashProvidedByOperatingActivities NaN (value=NaN)]
stock_CUR3K@844b3eaf1ea2,0R1E.L,2021-10-01,5364.760792862863,6294057050000.0,primary_input_absent [netCashProvidedByOperatingActivities NaN (value=NaN)]
stock_CUR3K@844b3eaf1ea2,0R1E.L,2022-01-01,6167.0,7235260986716.0,primary_input_absent [netCashProvidedByOperatingActivities NaN (value=NaN)]
stock_CUR3K@844b3eaf1ea2,0R1E.L,2022-04-01,5868.0,6854821560000.0,primary_input_absent [netCashProvidedByOperatingActivities NaN (value=NaN)]
stock_CUR3K@844b3eaf1ea2,0R1E.L,2022-07-01,5853.8763059483235,6815261924000.0,primary_input_absent [netCashProvidedByOperatingActivities NaN (value=NaN)]
stock_CUR3K@844b3eaf1ea2,0R1E.L,2022-10-01,5532.0,6440517206760.0,primary_input_absent [netCashProvidedByOperatingActivities NaN (value=NaN)]
stock_CUR3K@844b3eaf1ea2,0R1E.L,2023-01-01,5131.0,5973660846160.0,primary_input_absent [netCashProvidedByOperatingActivities NaN (value=NaN)]
stock_CUR3K@844b3eaf1ea2,0R1E.L,2023-04-01,6542.0,7616386118000.0,primary_input_absent [netCashProvidedByOperatingActivities NaN (value=NaN)]
stock_CUR3K@844b3eaf1ea2,0R1E.L,2023-07-01,6230.001797981861,7253208970000.0,primary_input_absent [netCashProvidedByOperatingActivities NaN (value=NaN)]
stock_CUR3K@844b3eaf1ea2,0R1E.L,2023-10-01,7359.0,8567634801000.0,primary_input_absent [netCashProvidedByOperatingActivities NaN (value=NaN)]
stock_CUR3K@844b3eaf1ea2,0R1E.L,2024-01-01,8210.0,9558393980000.0,primary_input_absent [netCashProvidedByOperatingActivities NaN (value=NaN)]
stock_CUR3K@844b3eaf1ea2,0R1E.L,2024-04-01,8749.0,10185918262000.0,primary_input_absent [netCashProvidedByOperatingActivities NaN (value=NaN)]
stock_CUR3K@844b3eaf1ea2,0R1E.L,2024-07-01,7635.9868825198755,8890182456000.0,primary_input_absent [netCashProvidedByOperatingActivities NaN (value=NaN)]
stock_CUR3K@844b3eaf1ea2,0R1E.L,2024-10-01,9264.0,10785593472000.0,primary_input_absent [netCashProvidedByOperatingActivities NaN (value=NaN)]
stock_CUR3K@844b3eaf1ea2,0R1E.L,2025-01-01,10110.0,11770547280000.0,primary_input_absent [netCashProvidedByOperatingActivities NaN (value=NaN)]
stock_CUR3K@844b3eaf1ea2,0R1E.L,2025-04-01,13880.0,16159762240000.0,primary_input_absent [netCashProvidedByOperatingActivities NaN (value=NaN)]
stock_CUR3K@844b3eaf1ea2,0R1E.L,2025-07-01,12805.0,14908298080000.0,primary_input_absent [netCashProvidedByOperatingActivities NaN (value=NaN)]
stock_CUR3K@844b3eaf1ea2,0R1E.L,2025-10-01,10595.0,12335324105000.0,primary_input_absent [netCashProvidedByOperatingActivities NaN (value=NaN)]
stock_CUR3K@844b3eaf1ea2,0R1E.L,2026-01-01,8775.0,10164775725000.0,primary_input_absent [netCashProvidedByOperatingActivities NaN (value=NaN)]
stock_CUR3K@844b3eaf1ea2,0R1E.L,2026-04-01,6815.0,7856529635000.0,primary_input_absent [netCashProvidedByOperatingActivities NaN (value=NaN)]
stock_CUR3K@844b3eaf1ea2,0RA9.L,2013-10-01,,,primary_input_absent [revenue impossible: < 0 (value=-2.017e+06)]
stock_CUR3K@844b3eaf1ea2,0RA9.L,2014-10-01,25.11295704989154,173656098.0,primary_input_absent [revenue impossible: < 0 (value=-2.017e+06)]
stock_CUR3K@844b3eaf1ea2,0RA9.L,2015-04-01,20.299999,195373077.37571,primary_input_absent [revenue impossible: < 0 (value=-2.017e+06)]
stock_CUR3K@844b3eaf1ea2,0RA9.L,2015-10-01,14.149999999999999,139137431.1,primary_input_absent [revenue impossible: < 0 (value=-2.017e+06)]
stock_CUR3K@844b3eaf1ea2,0RA9.L,2016-04-01,4.59,44293458.69,primary_input_absent [revenue impossible: < 0 (value=-2.017e+06)]
stock_CUR3K@844b3eaf1ea2,0RA9.L,2016-10-01,6.3,61845090.3,primary_input_absent [revenue impossible: < 0 (value=-2.017e+06)]
stock_CUR3K@844b3eaf1ea2,0RA9.L,2017-04-01,13.02,126398029.8,primary_input_absent [revenue impossible: < 0 (value=-2.017e+06)]
stock_CUR3K@844b3eaf1ea2,0RA9.L,2017-10-01,8.63,87628717.95,primary_input_absent [revenue impossible: < 0 (value=-2.017e+06)]
stock_CUR3K@844b3eaf1ea2,0RA9.L,2018-04-01,6.84,68268548.88,primary_input_absent [revenue impossible: < 0 (value=-2.017e+06)]
stock_CUR3K@844b3eaf1ea2,0RA9.L,2018-10-01,11.84,123562145.28,primary_input_absent [revenue impossible: < 0 (value=-2.017e+06)]
stock_CUR3K@844b3eaf1ea2,0RA9.L,2019-04-01,7.659999999999999,78450188.74,primary_input_absent [revenue impossible: < 0 (value=-2.017e+06)]
stock_CUR3K@844b3eaf1ea2,0RA9.L,2019-10-01,22.549998999999996,274682191.76897097,primary_input_absent [revenue impossible: < 0 (value=-2.017e+06)]
stock_CUR3K@844b3eaf1ea2,0RA9.L,2020-04-01,20.799999,253992302.98883098,primary_input_absent [revenue impossible: < 0 (value=-2.017e+06)]
stock_CUR3K@844b3eaf1ea2,0RA9.L,2020-10-01,34.400002,492177031.014942,primary_input_absent [revenue impossible: < 0 (value=-2.017e+06)]
stock_CUR3K@844b3eaf1ea2,0RA9.L,2021-04-01,29.549999,433272043.687663,primary_input_absent [revenue impossible: < 0 (value=-2.017e+06)]
stock_CUR3K@844b3eaf1ea2,0RA9.L,2021-10-01,28.549999,478368109.294549,primary_input_absent [revenue impossible: < 0 (value=-2.017e+06)]
stock_CUR3K@844b3eaf1ea2,0RA9.L,2022-04-01,10.46,175451699.10000002,primary_input_absent [revenue impossible: < 0 (value=-2.017e+06)]
stock_CUR3K@844b3eaf1ea2,0RA9.L,2022-10-01,5.937382212649238,132410659.14,primary_input_absent [revenue impossible: < 0 (value=-2.017e+06)]
stock_CUR3K@844b3eaf1ea2,0RA9.L,2023-04-01,15.599999999999998,560099311.1999999,primary_input_absent [revenue impossible: < 0 (value=-2.017e+06)]
stock_CUR3K@844b3eaf1ea2,0RA9.L,2023-10-01,9.82,493241248.06,primary_input_absent [revenue impossible: < 0 (value=-2.017e+06)]
stock_CUR3K@844b3eaf1ea2,0RA9.L,2024-04-01,12.82,806615541.78,primary_input_absent [revenue impossible: < 0 (value=-2.017e+06)]
stock_CUR3K@844b3eaf1ea2,0RA9.L,2024-10-01,6.759992507568828,426941320.0,primary_input_absent [revenue impossible: < 0 (value=-2.017e+06)]
stock_CUR3K@844b3eaf1ea2,0RA9.L,2025-04-01,6.64,421040354.88,primary_input_absent [revenue impossible: < 0 (value=-2.017e+06)]
stock_CUR3K@844b3eaf1ea2,0RA9.L,2025-10-01,120.4,8371088726.0,primary_input_absent [revenue impossible: < 0 (value=-2.017e+06)]
stock_CUR3K@844b3eaf1ea2,0RQI.L,2020-07-01,9.819903735042267,421728148.8,primary_input_absent [netCashProvidedByOperatingActivities NaN (value=NaN)]
stock_CUR3K@844b3eaf1ea2,0RQI.L,2020-10-01,13.594086216214157,641945920.7,primary_input_absent [netCashProvidedByOperatingActivities NaN (value=NaN)]
stock_CUR3K@844b3eaf1ea2,0RQI.L,2021-01-01,10.699885559107676,462193305.2,primary_input_absent [netCashProvidedByOperatingActivities NaN (value=NaN)]
stock_CUR3K@844b3eaf1ea2,0RQI.L,2021-04-01,14.27640039914419,619994303.04,primary_input_absent [netCashProvidedByOperatingActivities NaN (value=NaN)]
stock_CUR3K@844b3eaf1ea2,0RQI.L,2021-07-01,13.966681092690656,609501102.48,primary_input_absent [netCashProvidedByOperatingActivities NaN (value=NaN)]
stock_CUR3K@844b3eaf1ea2,0RQI.L,2021-10-01,11.652526951864784,508512221.09999996,primary_input_absent [netCashProvidedByOperatingActivities NaN (value=NaN)]
stock_CUR3K@844b3eaf1ea2,0RQI.L,2022-01-01,9.83,429882994.37,primary_input_absent [netCashProvidedByOperatingActivities NaN (value=NaN)]
stock_CUR3K@844b3eaf1ea2,0RQI.L,2022-04-01,9.509147069830822,424197868.29999995,primary_input_absent [netCashProvidedByOperatingActivities NaN (value=NaN)]
stock_CUR3K@844b3eaf1ea2,0RQI.L,2022-07-01,8.698331428997133,384839303.20000005,primary_input_absent [netCashProvidedByOperatingActivities NaN (value=NaN)]
stock_CUR3K@844b3eaf1ea2,0RQI.L,2022-10-01,8.88844631683974,397958824.9,primary_input_absent [netCashProvidedByOperatingActivities NaN (value=NaN)]
stock_CUR3K@844b3eaf1ea2,0RQI.L,2023-01-01,8.24,369921517.12,primary_input_absent [netCashProvidedByOperatingActivities NaN (value=NaN)]
stock_CUR3K@844b3eaf1ea2,0RQI.L,2023-04-01,7.27,327986777.0,primary_input_absent [netCashProvidedByOperatingActivities NaN (value=NaN)]
stock_CUR3K@844b3eaf1ea2,0RQI.L,2023-07-01,5.46,247226970.9,primary_input_absent [netCashProvidedByOperatingActivities NaN (value=NaN)]
stock_CUR3K@844b3eaf1ea2,0RQI.L,2023-10-01,6.068407939141948,275571574.8,primary_input_absent [netCashProvidedByOperatingActivities NaN (value=NaN)]
stock_CUR3K@844b3eaf1ea2,0RQI.L,2024-01-01,6.049999999999999,274879100.09999996,primary_input_absent [netCashProvidedByOperatingActivities NaN (value=NaN)]
stock_CUR3K@844b3eaf1ea2,0RQI.L,2024-04-01,4.556666163487981,220568164.2,primary_input_absent [netCashProvidedByOperatingActivities NaN (value=NaN)]
stock_CUR3K@844b3eaf1ea2,0RQI.L,2024-07-01,5.02,228299419.43999997,primary_input_absent [netCashProvidedByOperatingActivities NaN (value=NaN)]
stock_CUR3K@844b3eaf1ea2,0RQI.L,2024-10-01,4.06,184640566.32,primary_input_absent [netCashProvidedByOperatingActivities NaN (value=NaN)]
stock_CUR3K@844b3eaf1ea2,0RQI.L,2025-01-01,3.1200000000000006,141891272.64000002,primary_input_absent [netCashProvidedByOperatingActivities NaN (value=NaN)]
stock_CUR3K@844b3eaf1ea2,0RQI.L,2025-04-01,3.929926461817185,178728429.96,primary_input_absent [netCashProvidedByOperatingActivities NaN (value=NaN)]
stock_CUR3K@844b3eaf1ea2,0RQI.L,2025-07-01,3.49,158718122.28,primary_input_absent [netCashProvidedByOperatingActivities NaN (value=NaN)]
stock_CUR3K@844b3eaf1ea2,0RQI.L,2025-10-01,3.03,137798255.16,primary_input_absent [netCashProvidedByOperatingActivities NaN (value=NaN)]
stock_CUR3K@844b3eaf1ea2,0RQI.L,2026-01-01,1.27,57889475.28,primary_input_absent [netCashProvidedByOperatingActivities NaN (value=NaN)]
stock_CUR3K@844b3eaf1ea2,0RQI.L,2026-04-01,1.2140293233759993,55418777.81999999,primary_input_absent [netCashProvidedByOperatingActivities NaN (value=NaN)]
stock_CUR3K@844b3eaf1ea2,ABVX.PA,2013-10-01,,,primary_input_absent [revenue impossible: < 0 (value=-2.017e+06)]
stock_CUR3K@844b3eaf1ea2,ABVX.PA,2014-10-01,21.0,173656098.0,primary_input_absent [revenue impossible: < 0 (value=-2.017e+06)]
stock_CUR3K@844b3eaf1ea2,ABVX.PA,2015-04-01,20.299999,195373077.37571,primary_input_absent [revenue impossible: < 0 (value=-2.017e+06)]
stock_CUR3K@844b3eaf1ea2,ABVX.PA,2015-10-01,14.149999999999999,139137431.1,primary_input_absent [revenue impossible: < 0 (value=-2.017e+06)]
stock_CUR3K@844b3eaf1ea2,ABVX.PA,2016-04-01,4.59,44293458.69,primary_input_absent [revenue impossible: < 0 (value=-2.017e+06)]
stock_CUR3K@844b3eaf1ea2,ABVX.PA,2016-10-01,6.3,61845090.3,primary_input_absent [revenue impossible: < 0 (value=-2.017e+06)]
stock_CUR3K@844b3eaf1ea2,ABVX.PA,2017-04-01,13.02,126398029.8,primary_input_absent [revenue impossible: < 0 (value=-2.017e+06)]
stock_CUR3K@844b3eaf1ea2,ABVX.PA,2017-10-01,8.63,87628717.95,primary_input_absent [revenue impossible: < 0 (value=-2.017e+06)]
stock_CUR3K@844b3eaf1ea2,ABVX.PA,2018-04-01,6.84,68268548.88,primary_input_absent [revenue impossible: < 0 (value=-2.017e+06)]
stock_CUR3K@844b3eaf1ea2,ABVX.PA,2018-10-01,11.84,123562145.28,primary_input_absent [revenue impossible: < 0 (value=-2.017e+06)]
stock_CUR3K@844b3eaf1ea2,ABVX.PA,2019-04-01,7.659999999999999,78450188.74,primary_input_absent [revenue impossible: < 0 (value=-2.017e+06)]
stock_CUR3K@844b3eaf1ea2,ABVX.PA,2019-10-01,22.549998999999996,274682191.76897097,primary_input_absent [revenue impossible: < 0 (value=-2.017e+06)]
stock_CUR3K@844b3eaf1ea2,ABVX.PA,2020-04-01,20.799999,253992302.98883098,primary_input_absent [revenue impossible: < 0 (value=-2.017e+06)]
stock_CUR3K@844b3eaf1ea2,ABVX.PA,2020-10-01,34.400002,492177031.014942,primary_input_absent [revenue impossible: < 0 (value=-2.017e+06)]
stock_CUR3K@844b3eaf1ea2,ABVX.PA,2021-04-01,29.549999,433272043.687663,primary_input_absent [revenue impossible: < 0 (value=-2.017e+06)]
stock_CUR3K@844b3eaf1ea2,ABVX.PA,2021-10-01,28.549999,478368109.294549,primary_input_absent [revenue impossible: < 0 (value=-2.017e+06)]
stock_CUR3K@844b3eaf1ea2,ABVX.PA,2022-04-01,10.46,175451699.10000002,primary_input_absent [revenue impossible: < 0 (value=-2.017e+06)]
stock_CUR3K@844b3eaf1ea2,ABVX.PA,2022-10-01,6.18,132410659.14,primary_input_absent [revenue impossible: < 0 (value=-2.017e+06)]
stock_CUR3K@844b3eaf1ea2,ABVX.PA,2023-04-01,15.599999999999998,560099311.1999999,primary_input_absent [revenue impossible: < 0 (value=-2.017e+06)]
stock_CUR3K@844b3eaf1ea2,ABVX.PA,2023-10-01,9.82,493241248.06,primary_input_absent [revenue impossible: < 0 (value=-2.017e+06)]
stock_CUR3K@844b3eaf1ea2,ABVX.PA,2024-04-01,12.82,806615541.78,primary_input_absent [revenue impossible: < 0 (value=-2.017e+06)]
stock_CUR3K@844b3eaf1ea2,ABVX.PA,2024-10-01,6.76,426941320.0,primary_input_absent [revenue impossible: < 0 (value=-2.017e+06)]
stock_CUR3K@844b3eaf1ea2,ABVX.PA,2025-04-01,6.64,421040354.88,primary_input_absent [revenue impossible: < 0 (value=-2.017e+06)]
stock_CUR3K@844b3eaf1ea2,ABVX.PA,2025-10-01,120.4,8371088726.0,primary_input_absent [revenue impossible: < 0 (value=-2.017e+06)]
stock_CUR3K@844b3eaf1ea2,ADOC.PA,2014-04-01,14.15,87899913.2,primary_input_absent [revenue impossible: < 0 (value=-724000)]
stock_CUR3K@844b3eaf1ea2,ADOC.PA,2014-10-01,48.25,299805765.75,primary_input_absent [revenue impossible: < 0 (value=-724000)]
stock_CUR3K@844b3eaf1ea2,ADOC.PA,2015-04-01,67.190002,464433285.04447603,primary_input_absent [revenue impossible: < 0 (value=-724000)]
stock_CUR3K@844b3eaf1ea2,ADOC.PA,2015-10-01,73.809998,530345280.999446,primary_input_absent [revenue impossible: < 0 (value=-724000)]
stock_CUR3K@844b3eaf1ea2,ADOC.PA,2016-04-01,45.540001,311784971.76639795,primary_input_absent [revenue impossible: < 0 (value=-724000)]
stock_CUR3K@844b3eaf1ea2,ADOC.PA,2016-10-01,61.0,384124930.0,primary_input_absent [revenue impossible: < 0 (value=-724000)]
stock_CUR3K@844b3eaf1ea2,ADOC.PA,2017-04-01,20.25,147177830.25,primary_input_absent [revenue impossible: < 0 (value=-724000)]
stock_CUR3K@844b3eaf1ea2,ADOC.PA,2017-10-01,14.66,100672800.16,primary_input_absent [revenue impossible: < 0 (value=-724000)]
stock_CUR3K@844b3eaf1ea2,ADOC.PA,2018-04-01,18.5,137637410.0,primary_input_absent [revenue impossible: < 0 (value=-724000)]
stock_CUR3K@844b3eaf1ea2,ADOC.PA,2018-10-01,16.540001,114427531.11823,primary_input_absent [revenue impossible: < 0 (value=-724000)]
stock_CUR3K@844b3eaf1ea2,ADOC.PA,2019-04-01,19.24,133415335.55999999,primary_input_absent [revenue impossible: < 0 (value=-724000)]
stock_CUR3K@844b3eaf1ea2,ADOC.PA,2019-10-01,9.9,68691397.5,primary_input_absent [revenue impossible: < 0 (value=-724000)]
stock_CUR3K@844b3eaf1ea2,ADOC.PA,2020-04-01,8.53,59468507.169999994,primary_input_absent [revenue impossible: < 0 (value=-724000)]
stock_CUR3K@844b3eaf1ea2,ADOC.PA,2020-10-01,8.3,57898177.2,primary_input_absent [revenue impossible: < 0 (value=-724000)]
stock_CUR3K@844b3eaf1ea2,ADOC.PA,2021-04-01,8.25,58488721.5,primary_input_absent [revenue impossible: < 0 (value=-724000)]
stock_CUR3K@844b3eaf1ea2,ADOC.PA,2021-10-01,8.1,57425290.199999996,primary_input_absent [revenue impossible: < 0 (value=-724000)]
stock_CUR3K@844b3eaf1ea2,ADOC.PA,2022-04-01,4.02,30889354.379999995,primary_input_absent [revenue impossible: < 0 (value=-724000)]
stock_CUR3K@844b3eaf1ea2,ADOC.PA,2022-10-01,3.97,34528467.59,primary_input_absent [revenue impossible: < 0 (value=-724000)]
stock_CUR3K@844b3eaf1ea2,ADOC.PA,2023-04-01,3.96,36230733.0,primary_input_absent [revenue impossible: < 0 (value=-724000)]
stock_CUR3K@844b3eaf1ea2,ADOC.PA,2023-10-01,11.54,153773385.0,primary_input_absent [revenue impossible: < 0 (value=-724000)]
stock_CUR3K@844b3eaf1ea2,ADOC.PA,2024-04-01,8.3,119046601.2,primary_input_absent [revenue impossible: < 0 (value=-724000)]
stock_CUR3K@844b3eaf1ea2,ADOC.PA,2024-10-01,6.01,92994238.50999999,primary_input_absent [revenue impossible: < 0 (value=-724000)]
stock_CUR3K@844b3eaf1ea2,ADOC.PA,2025-04-01,3.7,57251028.7,primary_input_absent [revenue impossible: < 0 (value=-724000)]
stock_CUR3K@844b3eaf1ea2,ADOC.PA,2025-10-01,6.7,131373600.0,primary_input_absent [revenue impossible: < 0 (value=-724000)]
stock_CUR3K@844b3eaf1ea2,ALCOG.PA,2014-04-01,5.8,15665968.2,primary_input_absent [netCashProvidedByOperatingActivities NaN (value=NaN)]
stock_CUR3K@844b3eaf1ea2,ALCOG.PA,2014-10-01,5.7,15655665.6,primary_input_absent [netCashProvidedByOperatingActivities NaN (value=NaN)]
stock_CUR3K@844b3eaf1ea2,ALCOG.PA,2015-04-01,5.05,13875137.6,primary_input_absent [netCashProvidedByOperatingActivities NaN (value=NaN)]
stock_CUR3K@844b3eaf1ea2,ALCOG.PA,2015-10-01,5.64,15494298.239999998,primary_input_absent [netCashProvidedByOperatingActivities NaN (value=NaN)]
stock_CUR3K@844b3eaf1ea2,ALCOG.PA,2016-04-01,5.45,15132202.950000001,primary_input_absent [netCashProvidedByOperatingActivities NaN (value=NaN)]
stock_CUR3K@844b3eaf1ea2,ALCOG.PA,2016-10-01,6.79,19433774.43,primary_input_absent [netCashProvidedByOperatingActivities NaN (value=NaN)]
stock_CUR3K@844b3eaf1ea2,ALCOG.PA,2017-04-01,5.72,17823863.2,primary_input_absent [netCashProvidedByOperatingActivities NaN (value=NaN)]
stock_CUR3K@844b3eaf1ea2,ALCOG.PA,2017-10-01,5.799999999999999,18168685.599999998,primary_input_absent [netCashProvidedByOperatingActivities NaN (value=NaN)]
stock_CUR3K@844b3eaf1ea2,ALCOG.PA,2018-04-01,5.65,20301094.1,primary_input_absent [netCashProvidedByOperatingActivities NaN (value=NaN)]
stock_CUR3K@844b3eaf1ea2,ALCOG.PA,2018-10-01,5.55,19018601.25,primary_input_absent [netCashProvidedByOperatingActivities NaN (value=NaN)]
stock_CUR3K@844b3eaf1ea2,ALCOG.PA,2019-04-01,5.26,18024836.5,primary_input_absent [netCashProvidedByOperatingActivities NaN (value=NaN)]
stock_CUR3K@844b3eaf1ea2,ALCOG.PA,2019-10-01,5.4,18504579.6,primary_input_absent [netCashProvidedByOperatingActivities NaN (value=NaN)]
stock_CUR3K@844b3eaf1ea2,ALCOG.PA,2020-04-01,5.7,19532811.3,primary_input_absent [netCashProvidedByOperatingActivities NaN (value=NaN)]
stock_CUR3K@844b3eaf1ea2,ALCOG.PA,2020-10-01,6.3,21588745.5,primary_input_absent [netCashProvidedByOperatingActivities NaN (value=NaN)]
stock_CUR3K@844b3eaf1ea2,ALCOG.PA,2021-04-01,6.86,23507765.68,primary_input_absent [netCashProvidedByOperatingActivities NaN (value=NaN)]
stock_CUR3K@844b3eaf1ea2,ALCOG.PA,2021-10-01,8.86,30361323.959999997,primary_input_absent [netCashProvidedByOperatingActivities NaN (value=NaN)]
stock_CUR3K@844b3eaf1ea2,ALCOG.PA,2022-04-01,12.25,41978006.0,primary_input_absent [netCashProvidedByOperatingActivities NaN (value=NaN)]
stock_CUR3K@844b3eaf1ea2,ALCOG.PA,2022-10-01,13.5,46261503.0,primary_input_absent [netCashProvidedByOperatingActivities NaN (value=NaN)]
stock_CUR3K@844b3eaf1ea2,ALCOG.PA,2023-04-01,11.5,39407901.0,primary_input_absent [netCashProvidedByOperatingActivities NaN (value=NaN)]
stock_CUR3K@844b3eaf1ea2,ALCOG.PA,2023-10-01,12.1,41463965.4,primary_input_absent [netCashProvidedByOperatingActivities NaN (value=NaN)]
stock_CUR3K@844b3eaf1ea2,ALCOG.PA,2024-04-01,5.9,20217966.6,primary_input_absent [netCashProvidedByOperatingActivities NaN (value=NaN)]
stock_CUR3K@844b3eaf1ea2,ALCOG.PA,2024-10-01,5.86,20080895.64,primary_input_absent [netCashProvidedByOperatingActivities NaN (value=NaN)]
stock_CUR3K@844b3eaf1ea2,ALCOG.PA,2025-04-01,5.0,17133870.0,primary_input_absent [netCashProvidedByOperatingActivities NaN (value=NaN)]
stock_CUR3K@844b3eaf1ea2,ALCOG.PA,2025-10-01,5.62,19259740.0,primary_input_absent [netCashProvidedByOperatingActivities NaN (value=NaN)]
stock_CUR3K@844b3eaf1ea2,ALDBL.PA,2013-10-01,3.81,5377555.92,primary_input_absent [netCashProvidedByOperatingActivities NaN (value=NaN)]
stock_CUR3K@844b3eaf1ea2,ALDBL.PA,2014-04-01,3.8,5363168.0,primary_input_absent [netCashProvidedByOperatingActivities NaN (value=NaN)]
stock_CUR3K@844b3eaf1ea2,ALDBL.PA,2014-10-01,3.1400000000000006,4422850.140000001,primary_input_absent [netCashProvidedByOperatingActivities NaN (value=NaN)]
stock_CUR3K@844b3eaf1ea2,ALDBL.PA,2015-04-01,3.3,4654442.1,primary_input_absent [netCashProvidedByOperatingActivities NaN (value=NaN)]
stock_CUR3K@844b3eaf1ea2,ALDBL.PA,2015-10-01,3.59,5061684.6,primary_input_absent [netCashProvidedByOperatingActivities NaN (value=NaN)]
stock_CUR3K@844b3eaf1ea2,ALDBL.PA,2016-04-01,3.3500000000000005,4717892.100000001,primary_input_absent [netCashProvidedByOperatingActivities NaN (value=NaN)]
stock_CUR3K@844b3eaf1ea2,ALDBL.PA,2016-10-01,3.4800000000000004,4801547.4,primary_input_absent [netCashProvidedByOperatingActivities NaN (value=NaN)]
stock_CUR3K@844b3eaf1ea2,ALDBL.PA,2017-04-01,3.6,5058486.0,primary_input_absent [netCashProvidedByOperatingActivities NaN (value=NaN)]
stock_CUR3K@844b3eaf1ea2,ALDBL.PA,2017-10-01,3.3,4631619.3,primary_input_absent [netCashProvidedByOperatingActivities NaN (value=NaN)]
stock_CUR3K@844b3eaf1ea2,ALDBL.PA,2018-04-01,3.2,4497657.600000001,primary_input_absent [netCashProvidedByOperatingActivities NaN (value=NaN)]
stock_CUR3K@844b3eaf1ea2,ALDBL.PA,2018-10-01,2.88,4046342.4,primary_input_absent [netCashProvidedByOperatingActivities NaN (value=NaN)]
stock_CUR3K@844b3eaf1ea2,ALDBL.PA,2019-04-01,3.3,4641846.0,primary_input_absent [netCashProvidedByOperatingActivities NaN (value=NaN)]
stock_CUR3K@844b3eaf1ea2,ALDBL.PA,2019-10-01,3.64,5142508.28,primary_input_absent [netCashProvidedByOperatingActivities NaN (value=NaN)]
stock_CUR3K@844b3eaf1ea2,ALDBL.PA,2020-04-01,2.74,3868600.5200000005,primary_input_absent [netCashProvidedByOperatingActivities NaN (value=NaN)]
stock_CUR3K@844b3eaf1ea2,ALDBL.PA,2020-10-01,2.7,3807942.3000000003,primary_input_absent [netCashProvidedByOperatingActivities NaN (value=NaN)]
stock_CUR3K@844b3eaf1ea2,ALDBL.PA,2021-04-01,3.3,4674473.1,primary_input_absent [netCashProvidedByOperatingActivities NaN (value=NaN)]
stock_CUR3K@844b3eaf1ea2,ALDBL.PA,2021-10-01,3.4599999999999995,5177153.02,primary_input_absent [netCashProvidedByOperatingActivities NaN (value=NaN)]
stock_CUR3K@844b3eaf1ea2,ALDBL.PA,2022-04-01,4.1,7397474.199999999,primary_input_absent [netCashProvidedByOperatingActivities NaN (value=NaN)]
stock_CUR3K@844b3eaf1ea2,ALDBL.PA,2022-10-01,3.8,6856195.6,primary_input_absent [netCashProvidedByOperatingActivities NaN (value=NaN)]
stock_CUR3K@844b3eaf1ea2,ALDBL.PA,2023-04-01,3.5,6314917.0,primary_input_absent [netCashProvidedByOperatingActivities NaN (value=NaN)]
stock_CUR3K@844b3eaf1ea2,ALDBL.PA,2023-10-01,3.4800000000000004,6333095.4,primary_input_absent [netCashProvidedByOperatingActivities NaN (value=NaN)]
stock_CUR3K@844b3eaf1ea2,ALDBL.PA,2024-04-01,3.2,5823539.2,primary_input_absent [netCashProvidedByOperatingActivities NaN (value=NaN)]
stock_CUR3K@844b3eaf1ea2,ALDBL.PA,2024-10-01,3.42,6223904.1,primary_input_absent [netCashProvidedByOperatingActivities NaN (value=NaN)]
stock_CUR3K@844b3eaf1ea2,ALDBL.PA,2025-10-01,3.22,5809723.640000001,primary_input_absent [netCashProvidedByOperatingActivities NaN (value=NaN)]
stock_CUR3K@844b3eaf1ea2,ALENO.PA,2018-10-01,,0.0,primary_input_absent [netCashProvidedByOperatingActivities NaN (value=NaN)]
stock_CUR3K@844b3eaf1ea2,ALENO.PA,2019-04-01,12.25,41382582.5,primary_input_absent [netCashProvidedByOperatingActivities NaN (value=NaN)]
stock_CUR3K@844b3eaf1ea2,ALENO.PA,2019-10-01,12.25,41382582.5,primary_input_absent [netCashProvidedByOperatingActivities NaN (value=NaN)]
stock_CUR3K@844b3eaf1ea2,ALENO.PA,2020-10-01,12.25,34839012.25,primary_input_absent [netCashProvidedByOperatingActivities NaN (value=NaN)]
stock_CUR3K@844b3eaf1ea2,ALENO.PA,2021-04-01,12.25,41382582.5,primary_input_absent [netCashProvidedByOperatingActivities NaN (value=NaN)]
stock_CUR3K@844b3eaf1ea2,ALENO.PA,2021-10-01,10.5,48746029.5,primary_input_absent [netCashProvidedByOperatingActivities NaN (value=NaN)]
stock_CUR3K@844b3eaf1ea2,ALENO.PA,2022-04-01,7.08,32868751.32,primary_input_absent [netCashProvidedByOperatingActivities NaN (value=NaN)]
stock_CUR3K@844b3eaf1ea2,ALENO.PA,2022-10-01,3.59,16666499.61,primary_input_absent [netCashProvidedByOperatingActivities NaN (value=NaN)]
stock_CUR3K@844b3eaf1ea2,ALENO.PA,2023-04-01,3.61,16722404.45,primary_input_absent [netCashProvidedByOperatingActivities NaN (value=NaN)]
stock_CUR3K@844b3eaf1ea2,ALENO.PA,2023-10-01,1.73,8013783.85,primary_input_absent [netCashProvidedByOperatingActivities NaN (value=NaN)]
stock_CUR3K@844b3eaf1ea2,ALENO.PA,2024-04-01,1.9,12112500.0,primary_input_absent [netCashProvidedByOperatingActivities NaN (value=NaN)]
stock_CUR3K@844b3eaf1ea2,ALENO.PA,2024-10-01,1.9300000000000002,12129142.9,primary_input_absent [netCashProvidedByOperatingActivities NaN (value=NaN)]
stock_CUR3K@844b3eaf1ea2,ALENO.PA,2025-04-01,3.0800000000000005,19356352.400000002,primary_input_absent [netCashProvidedByOperatingActivities NaN (value=NaN)]
stock_CUR3K@844b3eaf1ea2,ALENO.PA,2025-10-01,5.4,33901200.0,primary_input_absent [netCashProvidedByOperatingActivities NaN (value=NaN)]
stock_CUR3K@844b3eaf1ea2,ALIKO.PA,2019-10-01,3.9199999999999995,38058209.839999996,primary_input_absent [netCashProvidedByOperatingActivities NaN (value=NaN)]
stock_CUR3K@844b3eaf1ea2,ALIKO.PA,2020-04-01,3.9199999999999995,38058209.839999996,primary_input_absent [netCashProvidedByOperatingActivities NaN (value=NaN)]
stock_CUR3K@844b3eaf1ea2,ALIKO.PA,2020-10-01,3.9199999999999995,38058209.839999996,primary_input_absent [netCashProvidedByOperatingActivities NaN (value=NaN)]
stock_CUR3K@844b3eaf1ea2,ALIKO.PA,2021-04-01,3.9199999999999995,37168369.839999996,primary_input_absent [netCashProvidedByOperatingActivities NaN (value=NaN)]
stock_CUR3K@844b3eaf1ea2,ALIKO.PA,2021-10-01,2.9,27463081.2,primary_input_absent [netCashProvidedByOperatingActivities NaN (value=NaN)]
stock_CUR3K@844b3eaf1ea2,ALIKO.PA,2022-04-01,2.0,18963454.0,primary_input_absent [netCashProvidedByOperatingActivities NaN (value=NaN)]
stock_CUR3K@844b3eaf1ea2,ALIKO.PA,2022-10-01,1.45,13727479.15,primary_input_absent [netCashProvidedByOperatingActivities NaN (value=NaN)]
stock_CUR3K@844b3eaf1ea2,ALIKO.PA,2023-04-01,1.65,16120924.049999999,primary_input_absent [netCashProvidedByOperatingActivities NaN (value=NaN)]
stock_CUR3K@844b3eaf1ea2,ALIKO.PA,2023-10-01,1.56,16304285.4,primary_input_absent [netCashProvidedByOperatingActivities NaN (value=NaN)]
stock_CUR3K@844b3eaf1ea2,ALIKO.PA,2024-04-01,1.42,14983121.479999999,primary_input_absent [netCashProvidedByOperatingActivities NaN (value=NaN)]
stock_CUR3K@844b3eaf1ea2,ALIKO.PA,2024-10-01,1.49,16707553.27,primary_input_absent [netCashProvidedByOperatingActivities NaN (value=NaN)]
stock_CUR3K@844b3eaf1ea2,ALIKO.PA,2025-04-01,1.5199999999999998,21243322.4,primary_input_absent [netCashProvidedByOperatingActivities NaN (value=NaN)]
stock_CUR3K@844b3eaf1ea2,ALIKO.PA,2025-10-01,1.6,25321256.0,primary_input_absent [netCashProvidedByOperatingActivities NaN (value=NaN)]
stock_CUR3K@844b3eaf1ea2,ALINS.PA,2014-04-01,3.57,15087316.229999999,primary_input_absent [netCashProvidedByOperatingActivities NaN (value=NaN)]
stock_CUR3K@844b3eaf1ea2,ALINS.PA,2014-10-01,1.5,6334236.0,primary_input_absent [netCashProvidedByOperatingActivities NaN (value=NaN)]
stock_CUR3K@844b3eaf1ea2,ALINS.PA,2015-04-01,0.79,3334858.6,primary_input_absent [netCashProvidedByOperatingActivities NaN (value=NaN)]
stock_CUR3K@844b3eaf1ea2,ALINS.PA,2015-10-01,1.17,9615845.07,primary_input_absent [netCashProvidedByOperatingActivities NaN (value=NaN)]
stock_CUR3K@844b3eaf1ea2,ALINS.PA,2016-04-01,0.87,7347805.11,primary_input_absent [netCashProvidedByOperatingActivities NaN (value=NaN)]
stock_CUR3K@844b3eaf1ea2,ALINS.PA,2016-10-01,0.6,7144777.2,primary_input_absent [netCashProvidedByOperatingActivities NaN (value=NaN)]
stock_CUR3K@844b3eaf1ea2,ALINS.PA,2017-04-01,0.57,6833439.869999999,primary_input_absent [netCashProvidedByOperatingActivities NaN (value=NaN)]
stock_CUR3K@844b3eaf1ea2,ALINS.PA,2017-10-01,0.538,6453030.778000001,primary_input_absent [netCashProvidedByOperatingActivities NaN (value=NaN)]
stock_CUR3K@844b3eaf1ea2,ALINS.PA,2018-04-01,0.3695,5759073.1875,primary_input_absent [netCashProvidedByOperatingActivities NaN (value=NaN)]
stock_CUR3K@844b3eaf1ea2,ALINS.PA,2018-10-01,0.1958,4375291.7802,primary_input_absent [netCashProvidedByOperatingActivities NaN (value=NaN)]
stock_CUR3K@844b3eaf1ea2,ALINS.PA,2019-04-01,0.2795,5662698.2295,primary_input_absent [netCashProvidedByOperatingActivities NaN (value=NaN)]
stock_CUR3K@844b3eaf1ea2,ALINS.PA,2019-10-01,0.23999999999999996,5294587.4399999995,primary_input_absent [netCashProvidedByOperatingActivities NaN (value=NaN)]
stock_CUR3K@844b3eaf1ea2,ALINS.PA,2020-04-01,0.8527149999999999,19681457.783095,primary_input_absent [netCashProvidedByOperatingActivities NaN (value=NaN)]
stock_CUR3K@844b3eaf1ea2,ALINS.PA,2020-10-01,0.998064,23438347.339968,primary_input_absent [netCashProvidedByOperatingActivities NaN (value=NaN)]
stock_CUR3K@844b3eaf1ea2,ALINS.PA,2021-04-01,0.68,16963214.720000003,primary_input_absent [netCashProvidedByOperatingActivities NaN (value=NaN)]
stock_CUR3K@844b3eaf1ea2,ALINS.PA,2021-10-01,0.525,16446892.350000001,primary_input_absent [netCashProvidedByOperatingActivities NaN (value=NaN)]
stock_CUR3K@844b3eaf1ea2,ALINS.PA,2022-04-01,0.35,10951294.899999999,primary_input_absent [netCashProvidedByOperatingActivities NaN (value=NaN)]
stock_CUR3K@844b3eaf1ea2,ALINS.PA,2022-10-01,0.324,10150082.136,primary_input_absent [netCashProvidedByOperatingActivities NaN (value=NaN)]
stock_CUR3K@844b3eaf1ea2,ALINS.PA,2023-04-01,0.433,13544077.625,primary_input_absent [netCashProvidedByOperatingActivities NaN (value=NaN)]
stock_CUR3K@844b3eaf1ea2,ALINS.PA,2023-10-01,0.3449999999999999,17632091.639999997,primary_input_absent [netCashProvidedByOperatingActivities NaN (value=NaN)]
stock_CUR3K@844b3eaf1ea2,ALINS.PA,2024-04-01,0.272,14246614.72,primary_input_absent [netCashProvidedByOperatingActivities NaN (value=NaN)]
stock_CUR3K@844b3eaf1ea2,ALINS.PA,2024-10-01,0.231,12138148.176,primary_input_absent [netCashProvidedByOperatingActivities NaN (value=NaN)]
stock_CUR3K@844b3eaf1ea2,ALINS.PA,2025-04-01,0.29,15244726.379999999,primary_input_absent [netCashProvidedByOperatingActivities NaN (value=NaN)]
stock_CUR3K@844b3eaf1ea2,ALINS.PA,2025-10-01,0.229,12070361.0,primary_input_absent [netCashProvidedByOperatingActivities NaN (value=NaN)]
stock_CUR3K@844b3eaf1ea2,ALTME.PA,2014-10-01,2150.0,43113950.0,primary_input_absent [revenue impossible: < 0 (value=-27000)]
stock_CUR3K@844b3eaf1ea2,ALTME.PA,2015-10-01,2150.0,25800000.0,primary_input_absent [revenue impossible: < 0 (value=-27000)]
stock_CUR3K@844b3eaf1ea2,ALTME.PA,2016-04-01,2150.0,30100000.0,primary_input_absent [revenue impossible: < 0 (value=-27000)]
stock_CUR3K@844b3eaf1ea2,ALTME.PA,2016-10-01,2199.0,37383000.0,primary_input_absent [revenue impossible: < 0 (value=-27000)]
stock_CUR3K@844b3eaf1ea2,ALTME.PA,2017-04-01,1650.0,33000000.0,primary_input_absent [revenue impossible: < 0 (value=-27000)]
stock_CUR3K@844b3eaf1ea2,ALTME.PA,2017-10-01,625.0,13750000.0,primary_input_absent [revenue impossible: < 0 (value=-27000)]
stock_CUR3K@844b3eaf1ea2,ALTME.PA,2018-04-01,202.0,4646000.0,primary_input_absent [revenue impossible: < 0 (value=-27000)]
stock_CUR3K@844b3eaf1ea2,ALTME.PA,2018-10-01,102.0,5610000.0,primary_input_absent [revenue impossible: < 0 (value=-27000)]
stock_CUR3K@844b3eaf1ea2,ALTME.PA,2019-04-01,63.4,4755000.0,primary_input_absent [revenue impossible: < 0 (value=-27000)]
stock_CUR3K@844b3eaf1ea2,ALTME.PA,2019-10-01,58.2,9894000.0,primary_input_absent [revenue impossible: < 0 (value=-27000)]
stock_CUR3K@844b3eaf1ea2,ALTME.PA,2020-04-01,57.0,13053000.0,primary_input_absent [revenue impossible: < 0 (value=-27000)]
stock_CUR3K@844b3eaf1ea2,ALTME.PA,2020-10-01,56.2,23435400.0,primary_input_absent [revenue impossible: < 0 (value=-27000)]
stock_CUR3K@844b3eaf1ea2,ALTME.PA,2021-04-01,38.02,23192200.000000004,primary_input_absent [revenue impossible: < 0 (value=-27000)]
stock_CUR3K@844b3eaf1ea2,ALTME.PA,2021-10-01,23.4,16567199.999999998,primary_input_absent [revenue impossible: < 0 (value=-27000)]
stock_CUR3K@844b3eaf1ea2,ALTME.PA,2022-04-01,5.35,4815000.0,primary_input_absent [revenue impossible: < 0 (value=-27000)]
stock_CUR3K@844b3eaf1ea2,ALTME.PA,2022-10-01,1.22,1771440.0,primary_input_absent [revenue impossible: < 0 (value=-27000)]
stock_CUR3K@844b3eaf1ea2,ALTME.PA,2023-04-01,1.22,4105300.0,primary_input_absent [revenue impossible: < 0 (value=-27000)]
stock_CUR3K@844b3eaf1ea2,ALTME.PA,2023-10-01,0.23,1534330.0,primary_input_absent [revenue impossible: < 0 (value=-27000)]
stock_CUR3K@844b3eaf1ea2,ALTME.PA,2024-04-01,0.1482,4052973.6,primary_input_absent [revenue impossible: < 0 (value=-27000)]
stock_CUR3K@844b3eaf1ea2,ALTME.PA,2024-10-01,0.075,2051100.0,primary_input_absent [revenue impossible: < 0 (value=-27000)]
stock_CUR3K@844b3eaf1ea2,ALTME.PA,2025-04-01,0.08,7528047.28,primary_input_absent [revenue impossible: < 0 (value=-27000)]
stock_CUR3K@844b3eaf1ea2,ALTME.PA,2025-10-01,0.0652,6138626.878799999,primary_input_absent [revenue impossible: < 0 (value=-27000)]
stock_CUR3K@844b3eaf1ea2,ALUVI.PA,2014-10-01,,12870247.68,primary_input_absent [netCashProvidedByOperatingActivities NaN (value=NaN)]
stock_CUR3K@844b3eaf1ea2,ALUVI.PA,2015-10-01,5.58,12870247.68,primary_input_absent [netCashProvidedByOperatingActivities NaN (value=NaN)]
stock_CUR3K@844b3eaf1ea2,ALUVI.PA,2016-10-01,,14369872.68,primary_input_absent [netCashProvidedByOperatingActivities NaN (value=NaN)]
stock_CUR3K@844b3eaf1ea2,ALUVI.PA,2017-04-01,5.58,8220266.28,primary_input_absent [netCashProvidedByOperatingActivities NaN (value=NaN)]
stock_CUR3K@844b3eaf1ea2,ALUVI.PA,2017-10-01,5.4,19700550.0,primary_input_absent [netCashProvidedByOperatingActivities NaN (value=NaN)]
stock_CUR3K@844b3eaf1ea2,ALUVI.PA,2018-04-01,4.79,12265714.68,primary_input_absent [netCashProvidedByOperatingActivities NaN (value=NaN)]
stock_CUR3K@844b3eaf1ea2,ALUVI.PA,2018-10-01,3.8,9665486.2,primary_input_absent [netCashProvidedByOperatingActivities NaN (value=NaN)]
stock_CUR3K@844b3eaf1ea2,ALUVI.PA,2019-04-01,3.4400000000000004,8768800.8,primary_input_absent [netCashProvidedByOperatingActivities NaN (value=NaN)]
stock_CUR3K@844b3eaf1ea2,ALUVI.PA,2019-10-01,4.12,10541415.52,primary_input_absent [netCashProvidedByOperatingActivities NaN (value=NaN)]
stock_CUR3K@844b3eaf1ea2,ALUVI.PA,2020-04-01,9.15,23512260.900000002,primary_input_absent [netCashProvidedByOperatingActivities NaN (value=NaN)]
stock_CUR3K@844b3eaf1ea2,ALUVI.PA,2020-10-01,7.75,19913206.5,primary_input_absent [netCashProvidedByOperatingActivities NaN (value=NaN)]
stock_CUR3K@844b3eaf1ea2,ALUVI.PA,2021-04-01,9.35,23967799.349999998,primary_input_absent [netCashProvidedByOperatingActivities NaN (value=NaN)]
stock_CUR3K@844b3eaf1ea2,ALUVI.PA,2021-10-01,7.5600000000000005,19373422.32,primary_input_absent [netCashProvidedByOperatingActivities NaN (value=NaN)]
stock_CUR3K@844b3eaf1ea2,ALUVI.PA,2022-04-01,4.68,14548608.36,primary_input_absent [netCashProvidedByOperatingActivities NaN (value=NaN)]
stock_CUR3K@844b3eaf1ea2,ALUVI.PA,2022-10-01,3.3000000000000003,10250816.4,primary_input_absent [netCashProvidedByOperatingActivities NaN (value=NaN)]
stock_CUR3K@844b3eaf1ea2,ALUVI.PA,2023-04-01,4.58,14594980.66,primary_input_absent [netCashProvidedByOperatingActivities NaN (value=NaN)]
stock_CUR3K@844b3eaf1ea2,ALUVI.PA,2023-10-01,3.52,11170533.44,primary_input_absent [netCashProvidedByOperatingActivities NaN (value=NaN)]
stock_CUR3K@844b3eaf1ea2,ALUVI.PA,2024-04-01,2.7700000000000005,8827095.290000001,primary_input_absent [netCashProvidedByOperatingActivities NaN (value=NaN)]
stock_CUR3K@844b3eaf1ea2,ALUVI.PA,2024-10-01,2.72,8649736.0,primary_input_absent [netCashProvidedByOperatingActivities NaN (value=NaN)]
stock_CUR3K@844b3eaf1ea2,ALUVI.PA,2025-04-01,2.55,8134627.499999999,primary_input_absent [netCashProvidedByOperatingActivities NaN (value=NaN)]
stock_CUR3K@844b3eaf1ea2,ALUVI.PA,2025-10-01,2.93,9302750.0,primary_input_absent [netCashProvidedByOperatingActivities NaN (value=NaN)]
stock_CUR3K@844b3eaf1ea2,ALVIA.PA,2015-01-01,,,primary_input_absent [netCashProvidedByOperatingActivities NaN (value=NaN)]
stock_CUR3K@844b3eaf1ea2,ALVIA.PA,2015-07-01,,,primary_input_absent [netCashProvidedByOperatingActivities NaN (value=NaN)]
stock_CUR3K@844b3eaf1ea2,ALVIA.PA,2016-01-01,,,primary_input_absent [netCashProvidedByOperatingActivities NaN (value=NaN)]
stock_CUR3K@844b3eaf1ea2,ALVIA.PA,2016-07-01,,,primary_input_absent [netCashProvidedByOperatingActivities NaN (value=NaN)]
stock_CUR3K@844b3eaf1ea2,ALVIA.PA,2017-01-01,,,primary_input_absent [netCashProvidedByOperatingActivities NaN (value=NaN)]
stock_CUR3K@844b3eaf1ea2,ALVIA.PA,2017-07-01,,0.0,primary_input_absent [netCashProvidedByOperatingActivities NaN (value=NaN)]
stock_CUR3K@844b3eaf1ea2,ALVIA.PA,2018-01-01,,0.0,primary_input_absent [netCashProvidedByOperatingActivities NaN (value=NaN)]
stock_CUR3K@844b3eaf1ea2,ALVIA.PA,2018-07-01,,0.0,primary_input_absent [netCashProvidedByOperatingActivities NaN (value=NaN)]
stock_CUR3K@844b3eaf1ea2,ALVIA.PA,2019-01-01,20.0,7918440.0,primary_input_absent [netCashProvidedByOperatingActivities NaN (value=NaN)]
stock_CUR3K@844b3eaf1ea2,ALVIA.PA,2019-07-01,20.0,7918440.0,primary_input_absent [netCashProvidedByOperatingActivities NaN (value=NaN)]
stock_CUR3K@844b3eaf1ea2,ALVIA.PA,2020-01-01,,0.0,primary_input_absent [netCashProvidedByOperatingActivities NaN (value=NaN)]
stock_CUR3K@844b3eaf1ea2,ALVIA.PA,2020-07-01,9.2,3642482.4,primary_input_absent [netCashProvidedByOperatingActivities NaN (value=NaN)]
stock_CUR3K@844b3eaf1ea2,ALVIA.PA,2021-01-01,9.0,3563298.0,primary_input_absent [netCashProvidedByOperatingActivities NaN (value=NaN)]
stock_CUR3K@844b3eaf1ea2,ALVIA.PA,2021-07-01,8.9,3523705.8000000003,primary_input_absent [netCashProvidedByOperatingActivities NaN (value=NaN)]
stock_CUR3K@844b3eaf1ea2,ALVIA.PA,2022-01-01,14.5,5740869.0,primary_input_absent [netCashProvidedByOperatingActivities NaN (value=NaN)]
stock_CUR3K@844b3eaf1ea2,ALVIA.PA,2022-07-01,14.6,5780461.2,primary_input_absent [netCashProvidedByOperatingActivities NaN (value=NaN)]
stock_CUR3K@844b3eaf1ea2,ALVIA.PA,2023-01-01,13.3,5265762.600000001,primary_input_absent [netCashProvidedByOperatingActivities NaN (value=NaN)]
stock_CUR3K@844b3eaf1ea2,ALVIA.PA,2023-07-01,13.2,5226170.399999999,primary_input_absent [netCashProvidedByOperatingActivities NaN (value=NaN)]
stock_CUR3K@844b3eaf1ea2,ALVIA.PA,2024-01-01,14.5,5740869.0,primary_input_absent [netCashProvidedByOperatingActivities NaN (value=NaN)]
stock_CUR3K@844b3eaf1ea2,ALVIA.PA,2024-07-01,14.0,5542908.0,primary_input_absent [netCashProvidedByOperatingActivities NaN (value=NaN)]
stock_CUR3K@844b3eaf1ea2,ALVIA.PA,2025-01-01,13.0,5146986.0,primary_input_absent [netCashProvidedByOperatingActivities NaN (value=NaN)]
stock_CUR3K@844b3eaf1ea2,ALVIA.PA,2025-07-01,12.5,4949025.0,primary_input_absent [netCashProvidedByOperatingActivities NaN (value=NaN)]
stock_CUR3K@844b3eaf1ea2,ALVIA.PA,2026-01-01,11.9,4711471.8,primary_input_absent [netCashProvidedByOperatingActivities NaN (value=NaN)]
stock_CUR3K@844b3eaf1ea2,BLNE,2020-07-01,228.0,11518491.600000001,primary_input_absent [netCashProvidedByOperatingActivities NaN (value=NaN)]
stock_CUR3K@844b3eaf1ea2,BLNE,2020-10-01,256.0,12732160.0,primary_input_absent [netCashProvidedByOperatingActivities NaN (value=NaN)]
stock_CUR3K@844b3eaf1ea2,BLNE,2021-01-01,370.0,20514650.0,primary_input_absent [netCashProvidedByOperatingActivities NaN (value=NaN)]
stock_CUR3K@844b3eaf1ea2,BLNE,2021-04-01,564.0,34578840.0,primary_input_absent [netCashProvidedByOperatingActivities NaN (value=NaN)]
stock_CUR3K@844b3eaf1ea2,BLNE,2021-07-01,516.0,33681900.0,primary_input_absent [netCashProvidedByOperatingActivities NaN (value=NaN)]
stock_CUR3K@844b3eaf1ea2,BLNE,2021-10-01,358.0,25947840.0,primary_input_absent [netCashProvidedByOperatingActivities NaN (value=NaN)]
stock_CUR3K@844b3eaf1ea2,BLNE,2022-01-01,191.6,14275158.0,primary_input_absent [netCashProvidedByOperatingActivities NaN (value=NaN)]
stock_CUR3K@844b3eaf1ea2,BLNE,2022-04-01,138.0,10543200.0,primary_input_absent [netCashProvidedByOperatingActivities NaN (value=NaN)]
stock_CUR3K@844b3eaf1ea2,BLNE,2022-07-01,55.4,4276880.0,primary_input_absent [netCashProvidedByOperatingActivities NaN (value=NaN)]
stock_CUR3K@844b3eaf1ea2,BLNE,2022-10-01,45.8,3596445.0,primary_input_absent [netCashProvidedByOperatingActivities NaN (value=NaN)]
stock_CUR3K@844b3eaf1ea2,BLNE,2023-01-01,70.0,5766250.0,primary_input_absent [netCashProvidedByOperatingActivities NaN (value=NaN)]
stock_CUR3K@844b3eaf1ea2,BLNE,2023-04-01,32.3,2764879.9999999995,primary_input_absent [netCashProvidedByOperatingActivities NaN (value=NaN)]
stock_CUR3K@844b3eaf1ea2,BLNE,2023-07-01,13.3,1459010.0,primary_input_absent [netCashProvidedByOperatingActivities NaN (value=NaN)]
stock_CUR3K@844b3eaf1ea2,BLNE,2023-10-01,12.899999999999999,2200723.23,primary_input_absent [netCashProvidedByOperatingActivities NaN (value=NaN)]
stock_CUR3K@844b3eaf1ea2,BLNE,2024-01-01,11.7,1996019.9999999998,primary_input_absent [netCashProvidedByOperatingActivities NaN (value=NaN)]
stock_CUR3K@844b3eaf1ea2,BLNE,2024-04-01,9.69,1690905.0,primary_input_absent [netCashProvidedByOperatingActivities NaN (value=NaN)]
stock_CUR3K@844b3eaf1ea2,BLNE,2024-07-01,5.1,1079160.0,primary_input_absent [netCashProvidedByOperatingActivities NaN (value=NaN)]
stock_CUR3K@844b3eaf1ea2,BLNE,2024-10-01,9.63,2037708.0000000002,primary_input_absent [netCashProvidedByOperatingActivities NaN (value=NaN)]
stock_CUR3K@844b3eaf1ea2,BLNE,2025-01-01,1.84,3431220.96,primary_input_absent [netCashProvidedByOperatingActivities NaN (value=NaN)]
stock_CUR3K@844b3eaf1ea2,BLNE,2025-04-01,1.48,14507177.56,primary_input_absent [netCashProvidedByOperatingActivities NaN (value=NaN)]
stock_CUR3K@844b3eaf1ea2,BLNE,2025-07-01,3.96,764351.28,primary_input_absent [netCashProvidedByOperatingActivities NaN (value=NaN)]
stock_CUR3K@844b3eaf1ea2,BLNE,2025-10-01,1.72,47995624.76,primary_input_absent [netCashProvidedByOperatingActivities NaN (value=NaN)]
stock_CUR3K@844b3eaf1ea2,BLNE,2026-01-01,2.35,72027500.0,primary_input_absent [netCashProvidedByOperatingActivities NaN (value=NaN)]
stock_CUR3K@844b3eaf1ea2,BLNE,2026-04-01,1.22,38319247.18,primary_input_absent [netCashProvidedByOperatingActivities NaN (value=NaN)]
stock_CUR3K@844b3eaf1ea2,BN.TO,2020-07-01,26.535,40112959500.0,primary_input_absent [netCashProvidedByOperatingActivities NaN (value=NaN)]
stock_CUR3K@844b3eaf1ea2,BN.TO,2020-10-01,33.135,50063671500.0,primary_input_absent [netCashProvidedByOperatingActivities NaN (value=NaN)]
stock_CUR3K@844b3eaf1ea2,BN.TO,2021-01-01,35.73,53970165000.0,primary_input_absent [netCashProvidedByOperatingActivities NaN (value=NaN)]
stock_CUR3K@844b3eaf1ea2,BN.TO,2021-04-01,41.22,62168004000.0,primary_input_absent [netCashProvidedByOperatingActivities NaN (value=NaN)]
stock_CUR3K@844b3eaf1ea2,BN.TO,2021-07-01,43.26,67174128000.0,primary_input_absent [netCashProvidedByOperatingActivities NaN (value=NaN)]
stock_CUR3K@844b3eaf1ea2,BN.TO,2021-10-01,48.81,75394366500.0,primary_input_absent [netCashProvidedByOperatingActivities NaN (value=NaN)]
stock_CUR3K@844b3eaf1ea2,BN.TO,2022-01-01,45.735,71703333000.0,primary_input_absent [netCashProvidedByOperatingActivities NaN (value=NaN)]
stock_CUR3K@844b3eaf1ea2,BN.TO,2022-04-01,35.955,56248002000.0,primary_input_absent [netCashProvidedByOperatingActivities NaN (value=NaN)]
stock_CUR3K@844b3eaf1ea2,BN.TO,2022-07-01,33.06,51656250000.0,primary_input_absent [netCashProvidedByOperatingActivities NaN (value=NaN)]
stock_CUR3K@844b3eaf1ea2,BN.TO,2022-10-01,31.455,49535334000.0,primary_input_absent [netCashProvidedByOperatingActivities NaN (value=NaN)]
stock_CUR3K@844b3eaf1ea2,BN.TO,2023-01-01,32.595,51219783000.0,primary_input_absent [netCashProvidedByOperatingActivities NaN (value=NaN)]
stock_CUR3K@844b3eaf1ea2,BN.TO,2023-04-01,33.645,52620780000.0,primary_input_absent [netCashProvidedByOperatingActivities NaN (value=NaN)]
stock_CUR3K@844b3eaf1ea2,BN.TO,2023-07-01,31.275,48166627500.0,primary_input_absent [netCashProvidedByOperatingActivities NaN (value=NaN)]
stock_CUR3K@844b3eaf1ea2,BN.TO,2023-10-01,40.125,61796512500.0,primary_input_absent [netCashProvidedByOperatingActivities NaN (value=NaN)]
stock_CUR3K@844b3eaf1ea2,BN.TO,2024-01-01,41.19,62559372000.0,primary_input_absent [netCashProvidedByOperatingActivities NaN (value=NaN)]
stock_CUR3K@844b3eaf1ea2,BN.TO,2024-04-01,40.935,61795476000.0,primary_input_absent [netCashProvidedByOperatingActivities NaN (value=NaN)]
stock_CUR3K@844b3eaf1ea2,BN.TO,2024-07-01,53.145,80169232500.0,primary_input_absent [netCashProvidedByOperatingActivities NaN (value=NaN)]
stock_CUR3K@844b3eaf1ea2,BN.TO,2024-10-01,57.45,86651835000.0,primary_input_absent [netCashProvidedByOperatingActivities NaN (value=NaN)]
stock_CUR3K@844b3eaf1ea2,BN.TO,2025-01-01,52.41,78824640000.0,primary_input_absent [netCashProvidedByOperatingActivities NaN (value=NaN)]
stock_CUR3K@844b3eaf1ea2,BN.TO,2025-04-01,61.845,92532489000.0,primary_input_absent [netCashProvidedByOperatingActivities NaN (value=NaN)]
stock_CUR3K@844b3eaf1ea2,BN.TO,2025-07-01,45.72,102609396000.0,primary_input_absent [netCashProvidedByOperatingActivities NaN (value=NaN)]
stock_CUR3K@844b3eaf1ea2,BN.TO,2025-10-01,51.148253892131876,114802255860.89,primary_input_absent [netCashProvidedByOperatingActivities NaN (value=NaN)]
stock_CUR3K@844b3eaf1ea2,BN.TO,2026-01-01,45.1675803191925,101243131285.47,primary_input_absent [netCashProvidedByOperatingActivities NaN (value=NaN)]
stock_CUR3K@844b3eaf1ea2,BN.TO,2026-04-01,47.69964646442674,106546700307.59001,primary_input_absent [netCashProvidedByOperatingActivities NaN (value=NaN)]
stock_CUR3K@844b3eaf1ea2,CDRO,2020-01-01,,,primary_input_absent [netCashProvidedByOperatingActivities NaN (value=NaN)]
stock_CUR3K@844b3eaf1ea2,CDRO,2020-07-01,8.731648,77282515.432448,primary_input_absent [netCashProvidedByOperatingActivities NaN (value=NaN)]
stock_CUR3K@844b3eaf1ea2,CDRO,2020-10-01,8.378368,74155686.791168,primary_input_absent [netCashProvidedByOperatingActivities NaN (value=NaN)]
stock_CUR3K@844b3eaf1ea2,CDRO,2021-01-01,8.317719199999999,413548680.90479994,primary_input_absent [netCashProvidedByOperatingActivities NaN (value=NaN)]
stock_CUR3K@844b3eaf1ea2,CDRO,2021-04-01,8.3598822,415644983.10179996,primary_input_absent [netCashProvidedByOperatingActivities NaN (value=NaN)]
stock_CUR3K@844b3eaf1ea2,CDRO,2021-07-01,8.558276000000001,386140384.13882005,primary_input_absent [netCashProvidedByOperatingActivities NaN (value=NaN)]
stock_CUR3K@844b3eaf1ea2,CDRO,2021-10-01,5.293988,238859153.40265998,primary_input_absent [netCashProvidedByOperatingActivities NaN (value=NaN)]
stock_CUR3K@844b3eaf1ea2,CDRO,2022-01-01,4.579731,207275822.264628,primary_input_absent [netCashProvidedByOperatingActivities NaN (value=NaN)]
stock_CUR3K@844b3eaf1ea2,CDRO,2022-04-01,2.681021,121341369.675148,primary_input_absent [netCashProvidedByOperatingActivities NaN (value=NaN)]
stock_CUR3K@844b3eaf1ea2,CDRO,2022-07-01,2.75535,123847471.8,primary_input_absent [netCashProvidedByOperatingActivities NaN (value=NaN)]
stock_CUR3K@844b3eaf1ea2,CDRO,2022-10-01,2.409462,108300497.976,primary_input_absent [netCashProvidedByOperatingActivities NaN (value=NaN)]
stock_CUR3K@844b3eaf1ea2,CDRO,2023-01-01,2.80288,122157919.04,primary_input_absent [netCashProvidedByOperatingActivities NaN (value=NaN)]
stock_CUR3K@844b3eaf1ea2,CDRO,2023-04-01,3.2994,143797750.2,primary_input_absent [netCashProvidedByOperatingActivities NaN (value=NaN)]
stock_CUR3K@844b3eaf1ea2,CDRO,2023-07-01,2.845955,128295770.93011001,primary_input_absent [netCashProvidedByOperatingActivities NaN (value=NaN)]
stock_CUR3K@844b3eaf1ea2,CDRO,2023-10-01,2.659818,119904595.44,primary_input_absent [netCashProvidedByOperatingActivities NaN (value=NaN)]
stock_CUR3K@844b3eaf1ea2,CDRO,2024-01-01,6.42045,269658900.0,primary_input_absent [netCashProvidedByOperatingActivities NaN (value=NaN)]
stock_CUR3K@844b3eaf1ea2,CDRO,2024-04-01,7.575534,318172428.0,primary_input_absent [netCashProvidedByOperatingActivities NaN (value=NaN)]
stock_CUR3K@844b3eaf1ea2,CDRO,2024-07-01,7.174221,351884821.763826,primary_input_absent [netCashProvidedByOperatingActivities NaN (value=NaN)]
stock_CUR3K@844b3eaf1ea2,CDRO,2024-10-01,6.228765,305511617.47509,primary_input_absent [netCashProvidedByOperatingActivities NaN (value=NaN)]
stock_CUR3K@844b3eaf1ea2,CDRO,2025-01-01,6.699725,305211848.033825,primary_input_absent [netCashProvidedByOperatingActivities NaN (value=NaN)]
stock_CUR3K@844b3eaf1ea2,CDRO,2025-04-01,7.203765,328173832.276905,primary_input_absent [netCashProvidedByOperatingActivities NaN (value=NaN)]
stock_CUR3K@844b3eaf1ea2,CDRO,2025-07-01,5.8788,267108774.678,primary_input_absent [netCashProvidedByOperatingActivities NaN (value=NaN)]
stock_CUR3K@844b3eaf1ea2,CDRO,2025-10-01,6.834332999999999,310524309.956355,primary_input_absent [netCashProvidedByOperatingActivities NaN (value=NaN)]
stock_CUR3K@844b3eaf1ea2,CDRO,2026-04-01,8.376621,380884202.97411,primary_input_absent [netCashProvidedByOperatingActivities NaN (value=NaN)]
stock_CUR3K@844b3eaf1ea2,CHAR.L,2014-04-01,0.315589095,63763198.699274994,primary_input_absent [revenue impossible: < 0 (value=-78000)]
stock_CUR3K@844b3eaf1ea2,CHAR.L,2014-10-01,0.136436124,33136923.616499998,primary_input_absent [revenue impossible: < 0 (value=-78000)]
stock_CUR3K@844b3eaf1ea2,CHAR.L,2015-04-01,0.13749050000000002,36065270.5455,primary_input_absent [revenue impossible: < 0 (value=-78000)]
stock_CUR3K@844b3eaf1ea2,CHAR.L,2015-10-01,0.08442009,22284371.1573,primary_input_absent [revenue impossible: < 0 (value=-78000)]
stock_CUR3K@844b3eaf1ea2,CHAR.L,2016-04-01,0.07026518400000001,18591465.034560002,primary_input_absent [revenue impossible: < 0 (value=-78000)]
stock_CUR3K@844b3eaf1ea2,CHAR.L,2016-10-01,0.099502293,26671987.647822,primary_input_absent [revenue impossible: < 0 (value=-78000)]
stock_CUR3K@844b3eaf1ea2,CHAR.L,2017-04-01,0.16348131999999999,43890156.94304,primary_input_absent [revenue impossible: < 0 (value=-78000)]
stock_CUR3K@844b3eaf1ea2,CHAR.L,2017-10-01,0.22435957499999998,60297533.21954999,primary_input_absent [revenue impossible: < 0 (value=-78000)]
stock_CUR3K@844b3eaf1ea2,CHAR.L,2018-04-01,0.1056248,33705296.1792,primary_input_absent [revenue impossible: < 0 (value=-78000)]
stock_CUR3K@844b3eaf1ea2,CHAR.L,2018-10-01,0.032102532,11794566.564396001,primary_input_absent [revenue impossible: < 0 (value=-78000)]
stock_CUR3K@844b3eaf1ea2,CHAR.L,2019-04-01,0.051435439,18897894.64299,primary_input_absent [revenue impossible: < 0 (value=-78000)]
stock_CUR3K@844b3eaf1ea2,CHAR.L,2019-10-01,0.042268138000000004,15537852.065076001,primary_input_absent [revenue impossible: < 0 (value=-78000)]
stock_CUR3K@844b3eaf1ea2,CHAR.L,2020-04-01,0.027030256000000003,10042307.739376001,primary_input_absent [revenue impossible: < 0 (value=-78000)]
stock_CUR3K@844b3eaf1ea2,CHAR.L,2020-10-01,0.11607685000000001,44955751.46705,primary_input_absent [revenue impossible: < 0 (value=-78000)]
stock_CUR3K@844b3eaf1ea2,CHAR.L,2021-04-01,0.073840986,28909262.905902,primary_input_absent [revenue impossible: < 0 (value=-78000)]
stock_CUR3K@844b3eaf1ea2,CHAR.L,2021-10-01,0.095402715,61860456.04401,primary_input_absent [revenue impossible: < 0 (value=-78000)]
stock_CUR3K@844b3eaf1ea2,CHAR.L,2022-04-01,0.21672212000000005,178175707.01468003,primary_input_absent [revenue impossible: < 0 (value=-78000)]
stock_CUR3K@844b3eaf1ea2,CHAR.L,2022-10-01,0.194700627,187006058.22096,primary_input_absent [revenue impossible: < 0 (value=-78000)]
stock_CUR3K@844b3eaf1ea2,CHAR.L,2023-04-01,0.21882732000000002,210528950.37096003,primary_input_absent [revenue impossible: < 0 (value=-78000)]
stock_CUR3K@844b3eaf1ea2,CHAR.L,2023-10-01,0.1264089,133176579.6882,primary_input_absent [revenue impossible: < 0 (value=-78000)]
stock_CUR3K@844b3eaf1ea2,CHAR.L,2024-04-01,0.093229026,100135339.017054,primary_input_absent [revenue impossible: < 0 (value=-78000)]
stock_CUR3K@844b3eaf1ea2,CHAR.L,2024-10-01,0.025022600000000002,28673504.8871348,primary_input_absent [revenue impossible: < 0 (value=-78000)]
stock_CUR3K@844b3eaf1ea2,CHAR.L,2025-04-01,0.020871424,25560958.450960126,primary_input_absent [revenue impossible: < 0 (value=-78000)]
stock_CUR3K@844b3eaf1ea2,CHAR.L,2025-10-01,0.019779437999999996,27933072.686682906,primary_input_absent [revenue impossible: < 0 (value=-78000)]
stock_CUR3K@844b3eaf1ea2,CNL,2020-01-01,,,primary_input_absent [netCashProvidedByOperatingActivities NaN (value=NaN)]
stock_CUR3K@844b3eaf1ea2,CNL,2020-10-01,1.642258257059997,30465532.926720005,primary_input_absent [netCashProvidedByOperatingActivities NaN (value=NaN)]
stock_CUR3K@844b3eaf1ea2,CNL,2021-01-01,1.3982218538905635,30893711.861712,primary_input_absent [netCashProvidedByOperatingActivities NaN (value=NaN)]
stock_CUR3K@844b3eaf1ea2,CNL,2021-04-01,3.022875,92139391.355625,primary_input_absent [netCashProvidedByOperatingActivities NaN (value=NaN)]
stock_CUR3K@844b3eaf1ea2,CNL,2021-07-01,1.8443880000000001,83834790.019344,primary_input_absent [netCashProvidedByOperatingActivities NaN (value=NaN)]
stock_CUR3K@844b3eaf1ea2,CNL,2021-10-01,2.3280800006961995,110518613.79304999,primary_input_absent [netCashProvidedByOperatingActivities NaN (value=NaN)]
stock_CUR3K@844b3eaf1ea2,CNL,2022-01-01,2.71728,128762972.9352,primary_input_absent [netCashProvidedByOperatingActivities NaN (value=NaN)]
stock_CUR3K@844b3eaf1ea2,CNL,2022-04-01,2.5934098,122897320.526487,primary_input_absent [netCashProvidedByOperatingActivities NaN (value=NaN)]
stock_CUR3K@844b3eaf1ea2,CNL,2022-07-01,1.84263,87859395.51234,primary_input_absent [netCashProvidedByOperatingActivities NaN (value=NaN)]
stock_CUR3K@844b3eaf1ea2,CNL,2022-10-01,1.8811332438788728,96722228.00052,primary_input_absent [netCashProvidedByOperatingActivities NaN (value=NaN)]
stock_CUR3K@844b3eaf1ea2,CNL,2023-01-01,3.06851,164582083.78181,primary_input_absent [netCashProvidedByOperatingActivities NaN (value=NaN)]
stock_CUR3K@844b3eaf1ea2,CNL,2023-04-01,4.48868,270240027.79984,primary_input_absent [netCashProvidedByOperatingActivities NaN (value=NaN)]
stock_CUR3K@844b3eaf1ea2,CNL,2023-07-01,3.53328,213846973.80576,primary_input_absent [netCashProvidedByOperatingActivities NaN (value=NaN)]
stock_CUR3K@844b3eaf1ea2,CNL,2023-10-01,3.289905923494591,195280521.7658058,primary_input_absent [netCashProvidedByOperatingActivities NaN (value=NaN)]
stock_CUR3K@844b3eaf1ea2,CNL,2024-01-01,3.0247186,191815548.6881628,primary_input_absent [netCashProvidedByOperatingActivities NaN (value=NaN)]
stock_CUR3K@844b3eaf1ea2,CNL,2024-04-01,2.3257884000000004,157958335.68014762,primary_input_absent [netCashProvidedByOperatingActivities NaN (value=NaN)]
stock_CUR3K@844b3eaf1ea2,CNL,2024-07-01,3.1907530399550836,217839133.023603,primary_input_absent [netCashProvidedByOperatingActivities NaN (value=NaN)]
stock_CUR3K@844b3eaf1ea2,CNL,2024-10-01,4.119113389156237,281753287.341567,primary_input_absent [netCashProvidedByOperatingActivities NaN (value=NaN)]
stock_CUR3K@844b3eaf1ea2,CNL,2025-01-01,8.720242,686364030.287454,primary_input_absent [netCashProvidedByOperatingActivities NaN (value=NaN)]
stock_CUR3K@844b3eaf1ea2,CNL,2025-04-01,10.94405,861436950.1686001,primary_input_absent [netCashProvidedByOperatingActivities NaN (value=NaN)]
stock_CUR3K@844b3eaf1ea2,CNL,2025-07-01,14.51078,1231306142.3724,primary_input_absent [netCashProvidedByOperatingActivities NaN (value=NaN)]
stock_CUR3K@844b3eaf1ea2,CNL,2025-10-01,14.484053704476022,1235822103.1200001,primary_input_absent [netCashProvidedByOperatingActivities NaN (value=NaN)]
stock_CUR3K@844b3eaf1ea2,CNL,2026-01-01,17.5632156,1625604517.7825038,primary_input_absent [netCashProvidedByOperatingActivities NaN (value=NaN)]
stock_CUR3K@844b3eaf1ea2,CNL,2026-04-01,12.2848,1139132059.9296,primary_input_absent [netCashProvidedByOperatingActivities NaN (value=NaN)]
stock_CUR3K@844b3eaf1ea2,CTXR,2020-07-01,26.0,67886442.0,primary_input_absent [netCashProvidedByOperatingActivities NaN (value=NaN)]
stock_CUR3K@844b3eaf1ea2,CTXR,2020-10-01,25.5,94480891.5,primary_input_absent [netCashProvidedByOperatingActivities NaN (value=NaN)]
stock_CUR3K@844b3eaf1ea2,CTXR,2021-01-01,44.5,284792346.0,primary_input_absent [netCashProvidedByOperatingActivities NaN (value=NaN)]
stock_CUR3K@844b3eaf1ea2,CTXR,2021-04-01,87.0,795477366.0,primary_input_absent [netCashProvidedByOperatingActivities NaN (value=NaN)]
stock_CUR3K@844b3eaf1ea2,CTXR,2021-07-01,50.75,493897071.5,primary_input_absent [netCashProvidedByOperatingActivities NaN (value=NaN)]
stock_CUR3K@844b3eaf1ea2,CTXR,2021-10-01,38.5,374764582.5,primary_input_absent [netCashProvidedByOperatingActivities NaN (value=NaN)]
stock_CUR3K@844b3eaf1ea2,CTXR,2022-01-01,44.75,435691504.25,primary_input_absent [netCashProvidedByOperatingActivities NaN (value=NaN)]
stock_CUR3K@844b3eaf1ea2,CTXR,2022-04-01,23.0,224065425.0,primary_input_absent [netCashProvidedByOperatingActivities NaN (value=NaN)]
stock_CUR3K@844b3eaf1ea2,CTXR,2022-07-01,30.25,294728321.25,primary_input_absent [netCashProvidedByOperatingActivities NaN (value=NaN)]
stock_CUR3K@844b3eaf1ea2,CTXR,2022-10-01,19.75,192511327.75,primary_input_absent [netCashProvidedByOperatingActivities NaN (value=NaN)]
stock_CUR3K@844b3eaf1ea2,CTXR,2023-01-01,29.25,285191302.5,primary_input_absent [netCashProvidedByOperatingActivities NaN (value=NaN)]
stock_CUR3K@844b3eaf1ea2,CTXR,2023-04-01,30.0,307550760.0,primary_input_absent [netCashProvidedByOperatingActivities NaN (value=NaN)]
stock_CUR3K@844b3eaf1ea2,CTXR,2023-07-01,17.11,181203797.2,primary_input_absent [netCashProvidedByOperatingActivities NaN (value=NaN)]
stock_CUR3K@844b3eaf1ea2,CTXR,2023-10-01,18.91,200390442.42,primary_input_absent [netCashProvidedByOperatingActivities NaN (value=NaN)]
stock_CUR3K@844b3eaf1ea2,CTXR,2024-01-01,25.75,273074012.0,primary_input_absent [netCashProvidedByOperatingActivities NaN (value=NaN)]
stock_CUR3K@844b3eaf1ea2,CTXR,2024-04-01,13.58,157398501.12,primary_input_absent [netCashProvidedByOperatingActivities NaN (value=NaN)]
stock_CUR3K@844b3eaf1ea2,CTXR,2024-07-01,12.52,145112609.28,primary_input_absent [netCashProvidedByOperatingActivities NaN (value=NaN)]
stock_CUR3K@844b3eaf1ea2,CTXR,2024-10-01,4.0,46361856.0,primary_input_absent [netCashProvidedByOperatingActivities NaN (value=NaN)]
stock_CUR3K@844b3eaf1ea2,CTXR,2025-01-01,1.49,17269791.36,primary_input_absent [netCashProvidedByOperatingActivities NaN (value=NaN)]
stock_CUR3K@844b3eaf1ea2,CTXR,2025-04-01,1.59,17500964.64,primary_input_absent [netCashProvidedByOperatingActivities NaN (value=NaN)]
stock_CUR3K@844b3eaf1ea2,CTXR,2025-07-01,1.24,22404002.56,primary_input_absent [netCashProvidedByOperatingActivities NaN (value=NaN)]
stock_CUR3K@844b3eaf1ea2,CTXR,2025-10-01,0.777,16701827.898,primary_input_absent [netCashProvidedByOperatingActivities NaN (value=NaN)]
stock_CUR3K@844b3eaf1ea2,CTXR,2026-01-01,0.9,20138784.3,primary_input_absent [netCashProvidedByOperatingActivities NaN (value=NaN)]
stock_CUR3K@844b3eaf1ea2,CTXR,2026-04-01,0.6045,15819516.550500002,primary_input_absent [netCashProvidedByOperatingActivities NaN (value=NaN)]
stock_CUR3K@844b3eaf1ea2,ECCC,2020-07-01,8.62,273746391.64,primary_input_absent [revenue impossible: < 0 (value=-6.2534e+07)]
stock_CUR3K@844b3eaf1ea2,ECCC,2020-10-01,10.09,326460920.82,primary_input_absent [revenue impossible: < 0 (value=-6.2534e+07)]
stock_CUR3K@844b3eaf1ea2,ECCC,2021-01-01,11.98,387611570.22,primary_input_absent [revenue impossible: < 0 (value=-6.2534e+07)]
stock_CUR3K@844b3eaf1ea2,ECCC,2021-04-01,13.55,467333524.45000005,primary_input_absent [revenue impossible: < 0 (value=-6.2534e+07)]
stock_CUR3K@844b3eaf1ea2,ECCC,2021-07-01,13.62,480678715.26,primary_input_absent [revenue impossible: < 0 (value=-6.2534e+07)]
stock_CUR3K@844b3eaf1ea2,ECCC,2021-10-01,14.0,513291450.0,primary_input_absent [revenue impossible: < 0 (value=-6.2534e+07)]
stock_CUR3K@844b3eaf1ea2,ECCC,2022-01-01,13.15,526525224.15000004,primary_input_absent [revenue impossible: < 0 (value=-6.2534e+07)]
stock_CUR3K@844b3eaf1ea2,ECCC,2022-04-01,11.78,514575573.85999995,primary_input_absent [revenue impossible: < 0 (value=-6.2534e+07)]
stock_CUR3K@844b3eaf1ea2,ECCC,2022-07-01,11.0,528275473.0,primary_input_absent [revenue impossible: < 0 (value=-6.2534e+07)]
stock_CUR3K@844b3eaf1ea2,ECCC,2022-10-01,10.12,557065327.7199999,primary_input_absent [revenue impossible: < 0 (value=-6.2534e+07)]
stock_CUR3K@844b3eaf1ea2,ECCC,2023-01-01,11.17,622452963.74,primary_input_absent [revenue impossible: < 0 (value=-6.2534e+07)]
stock_CUR3K@844b3eaf1ea2,ECCC,2023-04-01,10.16,638367816.48,primary_input_absent [revenue impossible: < 0 (value=-6.2534e+07)]
stock_CUR3K@844b3eaf1ea2,ECCC,2023-07-01,10.15,730704661.0500001,primary_input_absent [revenue impossible: < 0 (value=-6.2534e+07)]
stock_CUR3K@844b3eaf1ea2,ECCC,2023-10-01,9.5,731007311.0,primary_input_absent [revenue impossible: < 0 (value=-6.2534e+07)]
stock_CUR3K@844b3eaf1ea2,ECCC,2024-01-01,10.15,819401725.1,primary_input_absent [revenue impossible: < 0 (value=-6.2534e+07)]
stock_CUR3K@844b3eaf1ea2,ECCC,2024-04-01,10.04,981716842.4799999,primary_input_absent [revenue impossible: < 0 (value=-6.2534e+07)]
stock_CUR3K@844b3eaf1ea2,ECCC,2024-07-01,9.86,1044496964.3,primary_input_absent [revenue impossible: < 0 (value=-6.2534e+07)]
stock_CUR3K@844b3eaf1ea2,ECCC,2024-10-01,8.88,993094835.5200001,primary_input_absent [revenue impossible: < 0 (value=-6.2534e+07)]
stock_CUR3K@844b3eaf1ea2,ECCC,2025-01-01,8.1,973486188.0,primary_input_absent [revenue impossible: < 0 (value=-6.2534e+07)]
stock_CUR3K@844b3eaf1ea2,ECCC,2025-04-01,7.660000000000001,920605456.8000001,primary_input_absent [revenue impossible: < 0 (value=-6.2534e+07)]
stock_CUR3K@844b3eaf1ea2,ECCC,2025-07-01,6.61,794412802.8000001,primary_input_absent [revenue impossible: < 0 (value=-6.2534e+07)]
stock_CUR3K@844b3eaf1ea2,ECCC,2025-10-01,5.76,759225732.48,primary_input_absent [revenue impossible: < 0 (value=-6.2534e+07)]
stock_CUR3K@844b3eaf1ea2,ECCC,2026-01-01,3.76,498315582.4,primary_input_absent [revenue impossible: < 0 (value=-6.2534e+07)]
stock_CUR3K@844b3eaf1ea2,ECCC,2026-04-01,3.72,494799982.56,primary_input_absent [revenue impossible: < 0 (value=-6.2534e+07)]
stock_CUR3K@844b3eaf1ea2,ECCU,2020-07-01,8.62,273746391.64,primary_input_absent [revenue impossible: < 0 (value=-6.2534e+07)]
stock_CUR3K@844b3eaf1ea2,ECCU,2020-10-01,10.09,326460920.82,primary_input_absent [revenue impossible: < 0 (value=-6.2534e+07)]
stock_CUR3K@844b3eaf1ea2,ECCU,2021-01-01,11.98,387611570.22,primary_input_absent [revenue impossible: < 0 (value=-6.2534e+07)]
stock_CUR3K@844b3eaf1ea2,ECCU,2021-04-01,13.55,467333524.45000005,primary_input_absent [revenue impossible: < 0 (value=-6.2534e+07)]
stock_CUR3K@844b3eaf1ea2,ECCU,2021-07-01,13.62,480678715.26,primary_input_absent [revenue impossible: < 0 (value=-6.2534e+07)]
stock_CUR3K@844b3eaf1ea2,ECCU,2021-10-01,14.0,513291450.0,primary_input_absent [revenue impossible: < 0 (value=-6.2534e+07)]
stock_CUR3K@844b3eaf1ea2,ECCU,2022-01-01,13.15,526525224.15000004,primary_input_absent [revenue impossible: < 0 (value=-6.2534e+07)]
stock_CUR3K@844b3eaf1ea2,ECCU,2022-04-01,11.78,514575573.85999995,primary_input_absent [revenue impossible: < 0 (value=-6.2534e+07)]
stock_CUR3K@844b3eaf1ea2,ECCU,2022-07-01,11.0,528275473.0,primary_input_absent [revenue impossible: < 0 (value=-6.2534e+07)]
stock_CUR3K@844b3eaf1ea2,ECCU,2022-10-01,10.12,557065327.7199999,primary_input_absent [revenue impossible: < 0 (value=-6.2534e+07)]
stock_CUR3K@844b3eaf1ea2,ECCU,2023-01-01,11.17,622452963.74,primary_input_absent [revenue impossible: < 0 (value=-6.2534e+07)]
stock_CUR3K@844b3eaf1ea2,ECCU,2023-04-01,10.16,638367816.48,primary_input_absent [revenue impossible: < 0 (value=-6.2534e+07)]
stock_CUR3K@844b3eaf1ea2,ECCU,2023-07-01,10.15,730704661.0500001,primary_input_absent [revenue impossible: < 0 (value=-6.2534e+07)]
stock_CUR3K@844b3eaf1ea2,ECCU,2023-10-01,9.5,731007311.0,primary_input_absent [revenue impossible: < 0 (value=-6.2534e+07)]
stock_CUR3K@844b3eaf1ea2,ECCU,2024-01-01,10.15,819401725.1,primary_input_absent [revenue impossible: < 0 (value=-6.2534e+07)]
stock_CUR3K@844b3eaf1ea2,ECCU,2024-04-01,10.04,981716842.4799999,primary_input_absent [revenue impossible: < 0 (value=-6.2534e+07)]
stock_CUR3K@844b3eaf1ea2,ECCU,2024-07-01,9.86,1044496964.3,primary_input_absent [revenue impossible: < 0 (value=-6.2534e+07)]
stock_CUR3K@844b3eaf1ea2,ECCU,2024-10-01,8.88,993094835.5200001,primary_input_absent [revenue impossible: < 0 (value=-6.2534e+07)]
stock_CUR3K@844b3eaf1ea2,ECCU,2025-01-01,8.1,973486188.0,primary_input_absent [revenue impossible: < 0 (value=-6.2534e+07)]
stock_CUR3K@844b3eaf1ea2,ECCU,2025-04-01,7.660000000000001,920605456.8000001,primary_input_absent [revenue impossible: < 0 (value=-6.2534e+07)]
stock_CUR3K@844b3eaf1ea2,ECCU,2025-07-01,6.61,794412802.8000001,primary_input_absent [revenue impossible: < 0 (value=-6.2534e+07)]
stock_CUR3K@844b3eaf1ea2,ECCU,2025-10-01,5.76,759225732.48,primary_input_absent [revenue impossible: < 0 (value=-6.2534e+07)]
stock_CUR3K@844b3eaf1ea2,ECCU,2026-01-01,3.76,498315582.4,primary_input_absent [revenue impossible: < 0 (value=-6.2534e+07)]
stock_CUR3K@844b3eaf1ea2,ECCU,2026-04-01,3.72,494799982.56,primary_input_absent [revenue impossible: < 0 (value=-6.2534e+07)]
stock_CUR3K@844b3eaf1ea2,ECCV,2020-07-01,8.62,273746391.64,primary_input_absent [revenue impossible: < 0 (value=-6.2534e+07)]
stock_CUR3K@844b3eaf1ea2,ECCV,2020-10-01,10.09,326460920.82,primary_input_absent [revenue impossible: < 0 (value=-6.2534e+07)]
stock_CUR3K@844b3eaf1ea2,ECCV,2021-01-01,11.98,387611570.22,primary_input_absent [revenue impossible: < 0 (value=-6.2534e+07)]
stock_CUR3K@844b3eaf1ea2,ECCV,2021-04-01,13.55,467333524.45000005,primary_input_absent [revenue impossible: < 0 (value=-6.2534e+07)]
stock_CUR3K@844b3eaf1ea2,ECCV,2021-07-01,13.62,480678715.26,primary_input_absent [revenue impossible: < 0 (value=-6.2534e+07)]
stock_CUR3K@844b3eaf1ea2,ECCV,2021-10-01,14.0,513291450.0,primary_input_absent [revenue impossible: < 0 (value=-6.2534e+07)]
stock_CUR3K@844b3eaf1ea2,ECCV,2022-01-01,13.15,526525224.15000004,primary_input_absent [revenue impossible: < 0 (value=-6.2534e+07)]
stock_CUR3K@844b3eaf1ea2,ECCV,2022-04-01,11.78,514575573.85999995,primary_input_absent [revenue impossible: < 0 (value=-6.2534e+07)]
stock_CUR3K@844b3eaf1ea2,ECCV,2022-07-01,11.0,528275473.0,primary_input_absent [revenue impossible: < 0 (value=-6.2534e+07)]
stock_CUR3K@844b3eaf1ea2,ECCV,2022-10-01,10.12,557065327.7199999,primary_input_absent [revenue impossible: < 0 (value=-6.2534e+07)]
stock_CUR3K@844b3eaf1ea2,ECCV,2023-01-01,11.17,622452963.74,primary_input_absent [revenue impossible: < 0 (value=-6.2534e+07)]
stock_CUR3K@844b3eaf1ea2,ECCV,2023-04-01,10.16,638367816.48,primary_input_absent [revenue impossible: < 0 (value=-6.2534e+07)]
stock_CUR3K@844b3eaf1ea2,ECCV,2023-07-01,10.15,730704661.0500001,primary_input_absent [revenue impossible: < 0 (value=-6.2534e+07)]
stock_CUR3K@844b3eaf1ea2,ECCV,2023-10-01,9.5,731007311.0,primary_input_absent [revenue impossible: < 0 (value=-6.2534e+07)]
stock_CUR3K@844b3eaf1ea2,ECCV,2024-01-01,10.15,819401725.1,primary_input_absent [revenue impossible: < 0 (value=-6.2534e+07)]
stock_CUR3K@844b3eaf1ea2,ECCV,2024-04-01,10.04,981716842.4799999,primary_input_absent [revenue impossible: < 0 (value=-6.2534e+07)]
stock_CUR3K@844b3eaf1ea2,ECCV,2024-07-01,9.86,1044496964.3,primary_input_absent [revenue impossible: < 0 (value=-6.2534e+07)]
stock_CUR3K@844b3eaf1ea2,ECCV,2024-10-01,8.88,993094835.5200001,primary_input_absent [revenue impossible: < 0 (value=-6.2534e+07)]
stock_CUR3K@844b3eaf1ea2,ECCV,2025-01-01,8.1,973486188.0,primary_input_absent [revenue impossible: < 0 (value=-6.2534e+07)]
stock_CUR3K@844b3eaf1ea2,ECCV,2025-04-01,7.660000000000001,920605456.8000001,primary_input_absent [revenue impossible: < 0 (value=-6.2534e+07)]
stock_CUR3K@844b3eaf1ea2,ECCV,2025-07-01,6.61,794412802.8000001,primary_input_absent [revenue impossible: < 0 (value=-6.2534e+07)]
stock_CUR3K@844b3eaf1ea2,ECCV,2025-10-01,5.76,759225732.48,primary_input_absent [revenue impossible: < 0 (value=-6.2534e+07)]
stock_CUR3K@844b3eaf1ea2,ECCV,2026-01-01,3.76,498315582.4,primary_input_absent [revenue impossible: < 0 (value=-6.2534e+07)]
stock_CUR3K@844b3eaf1ea2,ECCV,2026-04-01,3.72,494799982.56,primary_input_absent [revenue impossible: < 0 (value=-6.2534e+07)]
stock_CUR3K@844b3eaf1ea2,ECO.L,2020-04-01,0.4039776,74613742.8630048,primary_input_absent [revenue impossible: < 0 (value=-2.01812e+06)]
stock_CUR3K@844b3eaf1ea2,ECO.L,2020-07-01,0.3954988000000001,73047727.80923241,primary_input_absent [revenue impossible: < 0 (value=-2.01812e+06)]
stock_CUR3K@844b3eaf1ea2,ECO.L,2020-10-01,0.4050010499999999,74802771.74760914,primary_input_absent [revenue impossible: < 0 (value=-2.01812e+06)]
stock_CUR3K@844b3eaf1ea2,ECO.L,2021-01-01,0.3850318,71114496.7425914,primary_input_absent [revenue impossible: < 0 (value=-2.01812e+06)]
stock_CUR3K@844b3eaf1ea2,ECO.L,2021-04-01,0.49684539999999994,91766214.0630242,primary_input_absent [revenue impossible: < 0 (value=-2.01812e+06)]
stock_CUR3K@844b3eaf1ea2,ECO.L,2021-07-01,0.44391620000000004,88074698.69443701,primary_input_absent [revenue impossible: < 0 (value=-2.01812e+06)]
stock_CUR3K@844b3eaf1ea2,ECO.L,2021-10-01,0.3121991,62406613.2549276,primary_input_absent [revenue impossible: < 0 (value=-2.01812e+06)]
stock_CUR3K@844b3eaf1ea2,ECO.L,2022-01-01,0.599841,119904398.51187599,primary_input_absent [revenue impossible: < 0 (value=-2.01812e+06)]
stock_CUR3K@844b3eaf1ea2,ECO.L,2022-04-01,0.403577175,118512388.73439112,primary_input_absent [revenue impossible: < 0 (value=-2.01812e+06)]
stock_CUR3K@844b3eaf1ea2,ECO.L,2022-07-01,0.4936544,169800340.2107968,primary_input_absent [revenue impossible: < 0 (value=-2.01812e+06)]
stock_CUR3K@844b3eaf1ea2,ECO.L,2022-10-01,0.3027747,110620447.322055,primary_input_absent [revenue impossible: < 0 (value=-2.01812e+06)]
stock_CUR3K@844b3eaf1ea2,ECO.L,2023-01-01,0.3373731,123483026.4804405,primary_input_absent [revenue impossible: < 0 (value=-2.01812e+06)]
stock_CUR3K@844b3eaf1ea2,ECO.L,2023-04-01,0.24382475000000006,89568700.06383002,primary_input_absent [revenue impossible: < 0 (value=-2.01812e+06)]
stock_CUR3K@844b3eaf1ea2,ECO.L,2023-07-01,0.17385795,64226818.429710306,primary_input_absent [revenue impossible: < 0 (value=-2.01812e+06)]
stock_CUR3K@844b3eaf1ea2,ECO.L,2023-10-01,0.186299685,68963239.9792908,primary_input_absent [revenue impossible: < 0 (value=-2.01812e+06)]
stock_CUR3K@844b3eaf1ea2,ECO.L,2024-01-01,0.14465214999999998,53546418.68541199,primary_input_absent [revenue impossible: < 0 (value=-2.01812e+06)]
stock_CUR3K@844b3eaf1ea2,ECO.L,2024-04-01,0.223710144,82811607.25780992,primary_input_absent [revenue impossible: < 0 (value=-2.01812e+06)]
stock_CUR3K@844b3eaf1ea2,ECO.L,2024-07-01,0.20846816499999998,77169427.8008972,primary_input_absent [revenue impossible: < 0 (value=-2.01812e+06)]
stock_CUR3K@844b3eaf1ea2,ECO.L,2024-10-01,0.193400025,71591598.966342,primary_input_absent [revenue impossible: < 0 (value=-2.01812e+06)]
stock_CUR3K@844b3eaf1ea2,ECO.L,2025-01-01,0.16069278,59484237.7220304,primary_input_absent [revenue impossible: < 0 (value=-2.01812e+06)]
stock_CUR3K@844b3eaf1ea2,ECO.L,2025-04-01,0.18394776499999999,57986210.08382303,primary_input_absent [revenue impossible: < 0 (value=-2.01812e+06)]
stock_CUR3K@844b3eaf1ea2,ECO.L,2025-07-01,0.14593878,46004564.15687808,primary_input_absent [revenue impossible: < 0 (value=-2.01812e+06)]
stock_CUR3K@844b3eaf1ea2,ECO.L,2025-10-01,0.5390174,169915498.53968638,primary_input_absent [revenue impossible: < 0 (value=-2.01812e+06)]
stock_CUR3K@844b3eaf1ea2,ECO.L,2026-01-01,1.029896,331715550.628784,primary_input_absent [revenue impossible: < 0 (value=-2.01812e+06)]
stock_CUR3K@844b3eaf1ea2,EEM.PA,2014-04-01,3.75,12281250.0,primary_input_absent [revenue impossible: < 0 (value=-256000)]
stock_CUR3K@844b3eaf1ea2,EEM.PA,2014-10-01,2.63,8130868.55,primary_input_absent [revenue impossible: < 0 (value=-256000)]
stock_CUR3K@844b3eaf1ea2,EEM.PA,2015-04-01,3.22,10559378.200000001,primary_input_absent [revenue impossible: < 0 (value=-256000)]
stock_CUR3K@844b3eaf1ea2,EEM.PA,2015-10-01,3.55,10808422.299999999,primary_input_absent [revenue impossible: < 0 (value=-256000)]
stock_CUR3K@844b3eaf1ea2,EEM.PA,2016-04-01,3.04,9764480.0,primary_input_absent [revenue impossible: < 0 (value=-256000)]
stock_CUR3K@844b3eaf1ea2,EEM.PA,2016-10-01,3.32,11549201.0,primary_input_absent [revenue impossible: < 0 (value=-256000)]
stock_CUR3K@844b3eaf1ea2,EEM.PA,2017-04-01,5.75,18763152.75,primary_input_absent [revenue impossible: < 0 (value=-256000)]
stock_CUR3K@844b3eaf1ea2,EEM.PA,2017-10-01,6.25,29574062.5,primary_input_absent [revenue impossible: < 0 (value=-256000)]
stock_CUR3K@844b3eaf1ea2,EEM.PA,2018-04-01,4.74,22491300.0,primary_input_absent [revenue impossible: < 0 (value=-256000)]
stock_CUR3K@844b3eaf1ea2,EEM.PA,2018-10-01,3.18,22639844.64,primary_input_absent [revenue impossible: < 0 (value=-256000)]
stock_CUR3K@844b3eaf1ea2,EEM.PA,2019-04-01,2.82,16057077.18,primary_input_absent [revenue impossible: < 0 (value=-256000)]
stock_CUR3K@844b3eaf1ea2,EEM.PA,2019-10-01,3.4199999999999995,19473476.58,primary_input_absent [revenue impossible: < 0 (value=-256000)]
stock_CUR3K@844b3eaf1ea2,EEM.PA,2020-04-01,3.28,18676316.72,primary_input_absent [revenue impossible: < 0 (value=-256000)]
stock_CUR3K@844b3eaf1ea2,EEM.PA,2020-10-01,3.28,18676316.72,primary_input_absent [revenue impossible: < 0 (value=-256000)]
stock_CUR3K@844b3eaf1ea2,EEM.PA,2021-04-01,3.28,18676316.72,primary_input_absent [revenue impossible: < 0 (value=-256000)]
stock_CUR3K@844b3eaf1ea2,EEM.PA,2021-10-01,3.28,18676316.72,primary_input_absent [revenue impossible: < 0 (value=-256000)]
stock_CUR3K@844b3eaf1ea2,EEM.PA,2022-04-01,3.28,18676316.72,primary_input_absent [revenue impossible: < 0 (value=-256000)]
stock_CUR3K@844b3eaf1ea2,EEM.PA,2022-10-01,3.96,22532400.0,primary_input_absent [revenue impossible: < 0 (value=-256000)]
stock_CUR3K@844b3eaf1ea2,EEM.PA,2023-04-01,3.3,18790196.7,primary_input_absent [revenue impossible: < 0 (value=-256000)]
stock_CUR3K@844b3eaf1ea2,EEM.PA,2023-10-01,3.46,19633880.72,primary_input_absent [revenue impossible: < 0 (value=-256000)]
stock_CUR3K@844b3eaf1ea2,EEM.PA,2024-04-01,3.6399999999999997,20806782.36,primary_input_absent [revenue impossible: < 0 (value=-256000)]
stock_CUR3K@844b3eaf1ea2,EEM.PA,2024-10-01,3.98,22826864.14,primary_input_absent [revenue impossible: < 0 (value=-256000)]
stock_CUR3K@844b3eaf1ea2,EEM.PA,2025-04-01,3.52,20198812.48,primary_input_absent [revenue impossible: < 0 (value=-256000)]
stock_CUR3K@844b3eaf1ea2,EEM.PA,2025-10-01,2.86,16354335.139999999,primary_input_absent [revenue impossible: < 0 (value=-256000)]
stock_CUR3K@844b3eaf1ea2,EXO.AS,2014-04-01,66.12,14701517520.000002,primary_input_absent [revenue impossible: < 0 (value=-3.034e+09)]
stock_CUR3K@844b3eaf1ea2,EXO.AS,2014-10-01,66.12,14701517520.000002,primary_input_absent [revenue impossible: < 0 (value=-3.034e+09)]
stock_CUR3K@844b3eaf1ea2,EXO.AS,2015-04-01,66.12,14701517520.000002,primary_input_absent [revenue impossible: < 0 (value=-3.034e+09)]
stock_CUR3K@844b3eaf1ea2,EXO.AS,2015-10-01,66.12,14899877520.000002,primary_input_absent [revenue impossible: < 0 (value=-3.034e+09)]
stock_CUR3K@844b3eaf1ea2,EXO.AS,2016-04-01,66.12,15779471880.000002,primary_input_absent [revenue impossible: < 0 (value=-3.034e+09)]
stock_CUR3K@844b3eaf1ea2,EXO.AS,2016-10-01,66.12,15637942020.000002,primary_input_absent [revenue impossible: < 0 (value=-3.034e+09)]
stock_CUR3K@844b3eaf1ea2,EXO.AS,2017-04-01,66.12,15605774640.000002,primary_input_absent [revenue impossible: < 0 (value=-3.034e+09)]
stock_CUR3K@844b3eaf1ea2,EXO.AS,2017-10-01,66.12,15806382720.000002,primary_input_absent [revenue impossible: < 0 (value=-3.034e+09)]
stock_CUR3K@844b3eaf1ea2,EXO.AS,2018-04-01,66.12,15855972720.000002,primary_input_absent [revenue impossible: < 0 (value=-3.034e+09)]
stock_CUR3K@844b3eaf1ea2,EXO.AS,2018-10-01,66.12,15559755120.000002,primary_input_absent [revenue impossible: < 0 (value=-3.034e+09)]
stock_CUR3K@844b3eaf1ea2,EXO.AS,2019-04-01,66.12,15361791840.000002,primary_input_absent [revenue impossible: < 0 (value=-3.034e+09)]
stock_CUR3K@844b3eaf1ea2,EXO.AS,2019-10-01,66.12,15341889720.000002,primary_input_absent [revenue impossible: < 0 (value=-3.034e+09)]
stock_CUR3K@844b3eaf1ea2,EXO.AS,2020-04-01,66.12,15313392000.000002,primary_input_absent [revenue impossible: < 0 (value=-3.034e+09)]
stock_CUR3K@844b3eaf1ea2,EXO.AS,2020-10-01,66.12,14672358600.000002,primary_input_absent [revenue impossible: < 0 (value=-3.034e+09)]
stock_CUR3K@844b3eaf1ea2,EXO.AS,2021-04-01,66.12,15297787680.000002,primary_input_absent [revenue impossible: < 0 (value=-3.034e+09)]
stock_CUR3K@844b3eaf1ea2,EXO.AS,2021-10-01,66.12,13841891400.0,primary_input_absent [revenue impossible: < 0 (value=-3.034e+09)]
stock_CUR3K@844b3eaf1ea2,EXO.AS,2022-04-01,66.12,15329657520.000002,primary_input_absent [revenue impossible: < 0 (value=-3.034e+09)]
stock_CUR3K@844b3eaf1ea2,EXO.AS,2022-10-01,68.3,16027551200.0,primary_input_absent [revenue impossible: < 0 (value=-3.034e+09)]
stock_CUR3K@844b3eaf1ea2,EXO.AS,2023-04-01,81.68,18798978720.0,primary_input_absent [revenue impossible: < 0 (value=-3.034e+09)]
stock_CUR3K@844b3eaf1ea2,EXO.AS,2023-10-01,90.5,20414628000.0,primary_input_absent [revenue impossible: < 0 (value=-3.034e+09)]
stock_CUR3K@844b3eaf1ea2,EXO.AS,2024-04-01,97.7,21430983500.0,primary_input_absent [revenue impossible: < 0 (value=-3.034e+09)]
stock_CUR3K@844b3eaf1ea2,EXO.AS,2024-10-01,88.55,18645707850.0,primary_input_absent [revenue impossible: < 0 (value=-3.034e+09)]
stock_CUR3K@844b3eaf1ea2,EXO.AS,2025-04-01,85.6,17773045481.6,primary_input_absent [revenue impossible: < 0 (value=-3.034e+09)]
stock_CUR3K@844b3eaf1ea2,EXO.AS,2025-10-01,72.45,15042723658.2,primary_input_absent [revenue impossible: < 0 (value=-3.034e+09)]
stock_CUR3K@844b3eaf1ea2,FIH-U.TO,2020-07-01,6.84,1028871548.28,primary_input_absent [revenue impossible: < 0 (value=-1.11493e+08)]
stock_CUR3K@844b3eaf1ea2,FIH-U.TO,2020-10-01,9.6,1433982288.0,primary_input_absent [revenue impossible: < 0 (value=-1.11493e+08)]
stock_CUR3K@844b3eaf1ea2,FIH-U.TO,2021-01-01,12.44,1858202048.1999998,primary_input_absent [revenue impossible: < 0 (value=-1.11493e+08)]
stock_CUR3K@844b3eaf1ea2,FIH-U.TO,2021-04-01,13.5,2016710419.5,primary_input_absent [revenue impossible: < 0 (value=-1.11493e+08)]
stock_CUR3K@844b3eaf1ea2,FIH-U.TO,2021-07-01,13.1,1905498424.5,primary_input_absent [revenue impossible: < 0 (value=-1.11493e+08)]
stock_CUR3K@844b3eaf1ea2,FIH-U.TO,2021-10-01,12.61,1834224055.9499998,primary_input_absent [revenue impossible: < 0 (value=-1.11493e+08)]
stock_CUR3K@844b3eaf1ea2,FIH-U.TO,2022-01-01,12.29,1716612693.85,primary_input_absent [revenue impossible: < 0 (value=-1.11493e+08)]
stock_CUR3K@844b3eaf1ea2,FIH-U.TO,2022-04-01,10.71,1491945443.73,primary_input_absent [revenue impossible: < 0 (value=-1.11493e+08)]
stock_CUR3K@844b3eaf1ea2,FIH-U.TO,2022-07-01,9.48,1316025762.8400002,primary_input_absent [revenue impossible: < 0 (value=-1.11493e+08)]
stock_CUR3K@844b3eaf1ea2,FIH-U.TO,2022-10-01,12.28,1700476733.12,primary_input_absent [revenue impossible: < 0 (value=-1.11493e+08)]
stock_CUR3K@844b3eaf1ea2,FIH-U.TO,2023-01-01,13.56,1873984040.28,primary_input_absent [revenue impossible: < 0 (value=-1.11493e+08)]
stock_CUR3K@844b3eaf1ea2,FIH-U.TO,2023-04-01,14.01,1921909480.62,primary_input_absent [revenue impossible: < 0 (value=-1.11493e+08)]
stock_CUR3K@844b3eaf1ea2,FIH-U.TO,2023-07-01,13.05,1780825080.6000001,primary_input_absent [revenue impossible: < 0 (value=-1.11493e+08)]
stock_CUR3K@844b3eaf1ea2,FIH-U.TO,2023-10-01,15.2,2059055916.0,primary_input_absent [revenue impossible: < 0 (value=-1.11493e+08)]
stock_CUR3K@844b3eaf1ea2,FIH-U.TO,2024-01-01,14.82,2006123127.06,primary_input_absent [revenue impossible: < 0 (value=-1.11493e+08)]
stock_CUR3K@844b3eaf1ea2,FIH-U.TO,2024-04-01,14.35,1939437614.45,primary_input_absent [revenue impossible: < 0 (value=-1.11493e+08)]
stock_CUR3K@844b3eaf1ea2,FIH-U.TO,2024-07-01,15.07,2036747376.29,primary_input_absent [revenue impossible: < 0 (value=-1.11493e+08)]
stock_CUR3K@844b3eaf1ea2,FIH-U.TO,2024-10-01,16.01,2161262953.63,primary_input_absent [revenue impossible: < 0 (value=-1.11493e+08)]
stock_CUR3K@844b3eaf1ea2,FIH-U.TO,2025-01-01,17.0,2292270854.0,primary_input_absent [revenue impossible: < 0 (value=-1.11493e+08)]
stock_CUR3K@844b3eaf1ea2,FIH-U.TO,2025-04-01,18.59,2506180882.92,primary_input_absent [revenue impossible: < 0 (value=-1.11493e+08)]
stock_CUR3K@844b3eaf1ea2,FIH-U.TO,2025-07-01,17.25,2325484644.0,primary_input_absent [revenue impossible: < 0 (value=-1.11493e+08)]
stock_CUR3K@844b3eaf1ea2,FIH-U.TO,2025-10-01,17.29,1696068480.47,primary_input_absent [revenue impossible: < 0 (value=-1.11493e+08)]
stock_CUR3K@844b3eaf1ea2,FIH-U.TO,2026-01-01,16.05,2154211804.2000003,primary_input_absent [revenue impossible: < 0 (value=-1.11493e+08)]
stock_CUR3K@844b3eaf1ea2,FIH-U.TO,2026-04-01,18.3,1729167695.4,primary_input_absent [revenue impossible: < 0 (value=-1.11493e+08)]
stock_CUR3K@844b3eaf1ea2,FSDV.PA,2013-01-01,,,primary_input_absent [totalAssets impossible: <= 0 (value=0)]
stock_CUR3K@844b3eaf1ea2,FSDV.PA,2014-01-01,47.830002,5437840.757382,primary_input_absent [totalAssets impossible: <= 0 (value=0)]
stock_CUR3K@844b3eaf1ea2,FSDV.PA,2014-07-01,45.849998,5181049.774,primary_input_absent [totalAssets impossible: <= 0 (value=0)]
stock_CUR3K@844b3eaf1ea2,FSDV.PA,2015-01-01,49.5,5593500.0,primary_input_absent [totalAssets impossible: <= 0 (value=0)]
stock_CUR3K@844b3eaf1ea2,FSDV.PA,2015-07-01,43.700001,5156600.118,primary_input_absent [totalAssets impossible: <= 0 (value=0)]
stock_CUR3K@844b3eaf1ea2,FSDV.PA,2016-01-01,35.799999,3866399.892,primary_input_absent [totalAssets impossible: <= 0 (value=0)]
stock_CUR3K@844b3eaf1ea2,FSDV.PA,2016-07-01,49.990002,5648870.226,primary_input_absent [totalAssets impossible: <= 0 (value=0)]
stock_CUR3K@844b3eaf1ea2,FSDV.PA,2017-01-01,37.0,4181000.0,primary_input_absent [totalAssets impossible: <= 0 (value=0)]
stock_CUR3K@844b3eaf1ea2,FSDV.PA,2017-07-01,37.5,3750000.0,primary_input_absent [totalAssets impossible: <= 0 (value=0)]
stock_CUR3K@844b3eaf1ea2,FSDV.PA,2018-01-01,43.799999,5562599.873,primary_input_absent [totalAssets impossible: <= 0 (value=0)]
stock_CUR3K@844b3eaf1ea2,FSDV.PA,2018-07-01,48.599998,5525382.372618,primary_input_absent [totalAssets impossible: <= 0 (value=0)]
stock_CUR3K@844b3eaf1ea2,FSDV.PA,2019-01-01,35.0,3979185.0,primary_input_absent [totalAssets impossible: <= 0 (value=0)]
stock_CUR3K@844b3eaf1ea2,FSDV.PA,2019-07-01,36.599998,4161090.372618,primary_input_absent [totalAssets impossible: <= 0 (value=0)]
stock_CUR3K@844b3eaf1ea2,FSDV.PA,2020-01-01,30.0,3410730.0,primary_input_absent [totalAssets impossible: <= 0 (value=0)]
stock_CUR3K@844b3eaf1ea2,FSDV.PA,2020-07-01,33.0,3751803.0,primary_input_absent [totalAssets impossible: <= 0 (value=0)]
stock_CUR3K@844b3eaf1ea2,FSDV.PA,2021-01-01,33.0,3751803.0,primary_input_absent [totalAssets impossible: <= 0 (value=0)]
stock_CUR3K@844b3eaf1ea2,FSDV.PA,2021-07-01,39.400002,4479425.627382,primary_input_absent [totalAssets impossible: <= 0 (value=0)]
stock_CUR3K@844b3eaf1ea2,FSDV.PA,2022-01-01,24.0,2728584.0,primary_input_absent [totalAssets impossible: <= 0 (value=0)]
stock_CUR3K@844b3eaf1ea2,FSDV.PA,2023-01-01,20.0,2273820.0,primary_input_absent [totalAssets impossible: <= 0 (value=0)]
stock_CUR3K@844b3eaf1ea2,FSDV.PA,2023-07-01,20.0,2273820.0,primary_input_absent [totalAssets impossible: <= 0 (value=0)]
stock_CUR3K@844b3eaf1ea2,FSDV.PA,2024-01-01,21.4,2432987.4,primary_input_absent [totalAssets impossible: <= 0 (value=0)]
stock_CUR3K@844b3eaf1ea2,FSDV.PA,2024-07-01,16.2,1830600.0,primary_input_absent [totalAssets impossible: <= 0 (value=0)]
stock_CUR3K@844b3eaf1ea2,FSDV.PA,2025-01-01,14.2,1604600.0,primary_input_absent [totalAssets impossible: <= 0 (value=0)]
stock_CUR3K@844b3eaf1ea2,FSDV.PA,2025-10-01,18.2,1343687.8,primary_input_absent [totalAssets impossible: <= 0 (value=0)]
stock_CUR3K@844b3eaf1ea2,GEA.PA,2014-07-01,70.7,84610012.9,primary_input_absent [netCashProvidedByOperatingActivities NaN (value=NaN)]
stock_CUR3K@844b3eaf1ea2,GEA.PA,2015-01-01,76.0,90748256.0,primary_input_absent [netCashProvidedByOperatingActivities NaN (value=NaN)]
stock_CUR3K@844b3eaf1ea2,GEA.PA,2015-07-01,75.0,89726550.0,primary_input_absent [netCashProvidedByOperatingActivities NaN (value=NaN)]
stock_CUR3K@844b3eaf1ea2,GEA.PA,2016-01-01,75.0,89554125.0,primary_input_absent [netCashProvidedByOperatingActivities NaN (value=NaN)]
stock_CUR3K@844b3eaf1ea2,GEA.PA,2016-07-01,85.65,102620434.05000001,primary_input_absent [netCashProvidedByOperatingActivities NaN (value=NaN)]
stock_CUR3K@844b3eaf1ea2,GEA.PA,2017-01-01,88.0,105115296.0,primary_input_absent [netCashProvidedByOperatingActivities NaN (value=NaN)]
stock_CUR3K@844b3eaf1ea2,GEA.PA,2017-07-01,88.73,105995970.7,primary_input_absent [netCashProvidedByOperatingActivities NaN (value=NaN)]
stock_CUR3K@844b3eaf1ea2,GEA.PA,2018-01-01,101.0,120651974.0,primary_input_absent [netCashProvidedByOperatingActivities NaN (value=NaN)]
stock_CUR3K@844b3eaf1ea2,GEA.PA,2018-07-01,95.0,113886000.0,primary_input_absent [netCashProvidedByOperatingActivities NaN (value=NaN)]
stock_CUR3K@844b3eaf1ea2,GEA.PA,2019-01-01,86.0,102718142.0,primary_input_absent [netCashProvidedByOperatingActivities NaN (value=NaN)]
stock_CUR3K@844b3eaf1ea2,GEA.PA,2019-07-01,105.0,122268510.0,primary_input_absent [netCashProvidedByOperatingActivities NaN (value=NaN)]
stock_CUR3K@844b3eaf1ea2,GEA.PA,2020-01-01,89.0,103603832.0,primary_input_absent [netCashProvidedByOperatingActivities NaN (value=NaN)]
stock_CUR3K@844b3eaf1ea2,GEA.PA,2020-07-01,112.0,128249744.0,primary_input_absent [netCashProvidedByOperatingActivities NaN (value=NaN)]
stock_CUR3K@844b3eaf1ea2,GEA.PA,2021-01-01,105.0,115371480.0,primary_input_absent [netCashProvidedByOperatingActivities NaN (value=NaN)]
stock_CUR3K@844b3eaf1ea2,GEA.PA,2021-07-01,108.0,118678608.0,primary_input_absent [netCashProvidedByOperatingActivities NaN (value=NaN)]
stock_CUR3K@844b3eaf1ea2,GEA.PA,2022-01-01,93.0,102179844.0,primary_input_absent [netCashProvidedByOperatingActivities NaN (value=NaN)]
stock_CUR3K@844b3eaf1ea2,GEA.PA,2022-07-01,80.0,87874320.0,primary_input_absent [netCashProvidedByOperatingActivities NaN (value=NaN)]
stock_CUR3K@844b3eaf1ea2,GEA.PA,2023-01-01,86.0,94560268.0,primary_input_absent [netCashProvidedByOperatingActivities NaN (value=NaN)]
stock_CUR3K@844b3eaf1ea2,GEA.PA,2023-07-01,98.0,107643788.0,primary_input_absent [netCashProvidedByOperatingActivities NaN (value=NaN)]
stock_CUR3K@844b3eaf1ea2,GEA.PA,2024-01-01,96.5,105988362.5,primary_input_absent [netCashProvidedByOperatingActivities NaN (value=NaN)]
stock_CUR3K@844b3eaf1ea2,GEA.PA,2024-07-01,77.5,85100037.5,primary_input_absent [netCashProvidedByOperatingActivities NaN (value=NaN)]
stock_CUR3K@844b3eaf1ea2,GEA.PA,2025-01-01,87.0,95550273.0,primary_input_absent [netCashProvidedByOperatingActivities NaN (value=NaN)]
stock_CUR3K@844b3eaf1ea2,GEA.PA,2025-07-01,83.5,91706296.5,primary_input_absent [netCashProvidedByOperatingActivities NaN (value=NaN)]
stock_CUR3K@844b3eaf1ea2,GEA.PA,2026-01-01,95.5,105050000.0,primary_input_absent [netCashProvidedByOperatingActivities NaN (value=NaN)]
stock_CUR3K@844b3eaf1ea2,HYDRA.AS,2014-10-01,,0.0,primary_input_absent [netCashProvidedByOperatingActivities NaN (value=NaN)]
stock_CUR3K@844b3eaf1ea2,HYDRA.AS,2015-04-01,33.8,41308433.4,primary_input_absent [netCashProvidedByOperatingActivities NaN (value=NaN)]
stock_CUR3K@844b3eaf1ea2,HYDRA.AS,2015-10-01,32.0,39142624.0,primary_input_absent [netCashProvidedByOperatingActivities NaN (value=NaN)]
stock_CUR3K@844b3eaf1ea2,HYDRA.AS,2016-04-01,37.0,45226580.0,primary_input_absent [netCashProvidedByOperatingActivities NaN (value=NaN)]
stock_CUR3K@844b3eaf1ea2,HYDRA.AS,2016-10-01,44.3,56496853.199999996,primary_input_absent [netCashProvidedByOperatingActivities NaN (value=NaN)]
stock_CUR3K@844b3eaf1ea2,HYDRA.AS,2017-04-01,60.0,76517580.0,primary_input_absent [netCashProvidedByOperatingActivities NaN (value=NaN)]
stock_CUR3K@844b3eaf1ea2,HYDRA.AS,2017-10-01,55.029999999999994,70181574.99,primary_input_absent [netCashProvidedByOperatingActivities NaN (value=NaN)]
stock_CUR3K@844b3eaf1ea2,HYDRA.AS,2018-04-01,63.0,80948385.0,primary_input_absent [netCashProvidedByOperatingActivities NaN (value=NaN)]
stock_CUR3K@844b3eaf1ea2,HYDRA.AS,2018-10-01,63.0,80967285.0,primary_input_absent [netCashProvidedByOperatingActivities NaN (value=NaN)]
stock_CUR3K@844b3eaf1ea2,HYDRA.AS,2019-04-01,75.0,96613350.0,primary_input_absent [netCashProvidedByOperatingActivities NaN (value=NaN)]
stock_CUR3K@844b3eaf1ea2,HYDRA.AS,2019-10-01,68.5,88240193.0,primary_input_absent [netCashProvidedByOperatingActivities NaN (value=NaN)]
stock_CUR3K@844b3eaf1ea2,HYDRA.AS,2020-04-01,45.0,58024575.0,primary_input_absent [netCashProvidedByOperatingActivities NaN (value=NaN)]
stock_CUR3K@844b3eaf1ea2,HYDRA.AS,2020-10-01,54.0,69710976.0,primary_input_absent [netCashProvidedByOperatingActivities NaN (value=NaN)]
stock_CUR3K@844b3eaf1ea2,HYDRA.AS,2021-04-01,60.0,77567460.0,primary_input_absent [netCashProvidedByOperatingActivities NaN (value=NaN)]
stock_CUR3K@844b3eaf1ea2,HYDRA.AS,2021-10-01,74.5,96313972.5,primary_input_absent [netCashProvidedByOperatingActivities NaN (value=NaN)]
stock_CUR3K@844b3eaf1ea2,HYDRA.AS,2022-04-01,87.0,112474035.0,primary_input_absent [netCashProvidedByOperatingActivities NaN (value=NaN)]
stock_CUR3K@844b3eaf1ea2,HYDRA.AS,2022-10-01,73.0,94483535.0,primary_input_absent [netCashProvidedByOperatingActivities NaN (value=NaN)]
stock_CUR3K@844b3eaf1ea2,HYDRA.AS,2023-04-01,84.0,108914736.0,primary_input_absent [netCashProvidedByOperatingActivities NaN (value=NaN)]
stock_CUR3K@844b3eaf1ea2,HYDRA.AS,2023-10-01,90.0,116749080.0,primary_input_absent [netCashProvidedByOperatingActivities NaN (value=NaN)]
stock_CUR3K@844b3eaf1ea2,HYDRA.AS,2024-04-01,143.0,185749564.0,primary_input_absent [netCashProvidedByOperatingActivities NaN (value=NaN)]
stock_CUR3K@844b3eaf1ea2,HYDRA.AS,2024-10-01,160.0,207729120.0,primary_input_absent [netCashProvidedByOperatingActivities NaN (value=NaN)]
stock_CUR3K@844b3eaf1ea2,HYDRA.AS,2025-04-01,170.0,221042160.0,primary_input_absent [netCashProvidedByOperatingActivities NaN (value=NaN)]
stock_CUR3K@844b3eaf1ea2,HYDRA.AS,2025-10-01,171.0,221958000.0,primary_input_absent [netCashProvidedByOperatingActivities NaN (value=NaN)]
stock_CUR3K@844b3eaf1ea2,HYDRA.AS,2026-04-01,218.0,283683618.0,primary_input_absent [netCashProvidedByOperatingActivities NaN (value=NaN)]
stock_CUR3K@844b3eaf1ea2,ICMB,2020-07-01,3.63,50434221.75,primary_input_absent [revenue impossible: < 0 (value=-6.07778e+06)]
stock_CUR3K@844b3eaf1ea2,ICMB,2020-10-01,4.76,66188623.48,primary_input_absent [revenue impossible: < 0 (value=-6.07778e+06)]
stock_CUR3K@844b3eaf1ea2,ICMB,2021-01-01,5.62,78198652.62,primary_input_absent [revenue impossible: < 0 (value=-6.07778e+06)]
stock_CUR3K@844b3eaf1ea2,ICMB,2021-04-01,5.400000000000001,75106504.80000001,primary_input_absent [revenue impossible: < 0 (value=-6.07778e+06)]
stock_CUR3K@844b3eaf1ea2,ICMB,2021-07-01,5.45,76661716.5,primary_input_absent [revenue impossible: < 0 (value=-6.07778e+06)]
stock_CUR3K@844b3eaf1ea2,ICMB,2021-10-01,4.95,71200923.75,primary_input_absent [revenue impossible: < 0 (value=-6.07778e+06)]
stock_CUR3K@844b3eaf1ea2,ICMB,2022-01-01,5.1899999999999995,74658087.72,primary_input_absent [revenue impossible: < 0 (value=-6.07778e+06)]
stock_CUR3K@844b3eaf1ea2,ICMB,2022-04-01,4.24,58972514.88,primary_input_absent [revenue impossible: < 0 (value=-6.07778e+06)]
stock_CUR3K@844b3eaf1ea2,ICMB,2022-07-01,3.58,51504776.22,primary_input_absent [revenue impossible: < 0 (value=-6.07778e+06)]
stock_CUR3K@844b3eaf1ea2,ICMB,2022-10-01,3.53,50790494.26,primary_input_absent [revenue impossible: < 0 (value=-6.07778e+06)]
stock_CUR3K@844b3eaf1ea2,ICMB,2023-01-01,3.65,52523018.199999996,primary_input_absent [revenue impossible: < 0 (value=-6.07778e+06)]
stock_CUR3K@844b3eaf1ea2,ICMB,2023-04-01,3.62,52098225.5,primary_input_absent [revenue impossible: < 0 (value=-6.07778e+06)]
stock_CUR3K@844b3eaf1ea2,ICMB,2023-07-01,3.9899999999999998,57426928.86,primary_input_absent [revenue impossible: < 0 (value=-6.07778e+06)]
stock_CUR3K@844b3eaf1ea2,ICMB,2023-10-01,3.56,51242928.36,primary_input_absent [revenue impossible: < 0 (value=-6.07778e+06)]
stock_CUR3K@844b3eaf1ea2,ICMB,2024-01-01,3.16,45494365.160000004,primary_input_absent [revenue impossible: < 0 (value=-6.07778e+06)]
stock_CUR3K@844b3eaf1ea2,ICMB,2024-04-01,3.3799999999999994,48659159.379999995,primary_input_absent [revenue impossible: < 0 (value=-6.07778e+06)]
stock_CUR3K@844b3eaf1ea2,ICMB,2024-07-01,3.13,45083743.76,primary_input_absent [revenue impossible: < 0 (value=-6.07778e+06)]
stock_CUR3K@844b3eaf1ea2,ICMB,2024-10-01,3.03,43650919.32,primary_input_absent [revenue impossible: < 0 (value=-6.07778e+06)]
stock_CUR3K@844b3eaf1ea2,ICMB,2025-01-01,3.21,46265710.74,primary_input_absent [revenue impossible: < 0 (value=-6.07778e+06)]
stock_CUR3K@844b3eaf1ea2,ICMB,2025-04-01,2.79,40230139.95,primary_input_absent [revenue impossible: < 0 (value=-6.07778e+06)]
stock_CUR3K@844b3eaf1ea2,ICMB,2025-07-01,2.78,40118741.559999995,primary_input_absent [revenue impossible: < 0 (value=-6.07778e+06)]
stock_CUR3K@844b3eaf1ea2,ICMB,2025-10-01,2.701760584914586,38964245.400000006,primary_input_absent [revenue impossible: < 0 (value=-6.07778e+06)]
stock_CUR3K@844b3eaf1ea2,ICMB,2025-10-01,2.698240562359255,38938854.6,primary_input_absent [revenue impossible: < 0 (value=-6.07778e+06)]
stock_CUR3K@844b3eaf1ea2,ICMB,2026-01-01,1.62,23380604.64,primary_input_absent [revenue impossible: < 0 (value=-6.07778e+06)]
stock_CUR3K@844b3eaf1ea2,IPH.PA,2014-04-01,8.93,424832998.12,primary_input_absent [revenue impossible: < 0 (value=-2.073e+06)]
stock_CUR3K@844b3eaf1ea2,IPH.PA,2014-10-01,7.9,418442728.6,primary_input_absent [revenue impossible: < 0 (value=-2.073e+06)]
stock_CUR3K@844b3eaf1ea2,IPH.PA,2015-04-01,13.14,704919779.82,primary_input_absent [revenue impossible: < 0 (value=-2.073e+06)]
stock_CUR3K@844b3eaf1ea2,IPH.PA,2015-10-01,13.75,943445263.75,primary_input_absent [revenue impossible: < 0 (value=-2.073e+06)]
stock_CUR3K@844b3eaf1ea2,IPH.PA,2016-04-01,10.44,551754000.0,primary_input_absent [revenue impossible: < 0 (value=-2.073e+06)]
stock_CUR3K@844b3eaf1ea2,IPH.PA,2016-10-01,14.61,809601388.9499999,primary_input_absent [revenue impossible: < 0 (value=-2.073e+06)]
stock_CUR3K@844b3eaf1ea2,IPH.PA,2017-04-01,10.930000000000001,589729308.58,primary_input_absent [revenue impossible: < 0 (value=-2.073e+06)]
stock_CUR3K@844b3eaf1ea2,IPH.PA,2017-10-01,4.822,262463287.53800002,primary_input_absent [revenue impossible: < 0 (value=-2.073e+06)]
stock_CUR3K@844b3eaf1ea2,IPH.PA,2018-04-01,4.666,268762906.48,primary_input_absent [revenue impossible: < 0 (value=-2.073e+06)]
stock_CUR3K@844b3eaf1ea2,IPH.PA,2018-10-01,7.435,452034899.53,primary_input_absent [revenue impossible: < 0 (value=-2.073e+06)]
stock_CUR3K@844b3eaf1ea2,IPH.PA,2019-04-01,5.69,364089341.58000004,primary_input_absent [revenue impossible: < 0 (value=-2.073e+06)]
stock_CUR3K@844b3eaf1ea2,IPH.PA,2019-10-01,5.96,391809273.56,primary_input_absent [revenue impossible: < 0 (value=-2.073e+06)]
stock_CUR3K@844b3eaf1ea2,IPH.PA,2020-04-01,5.545,437456805.4,primary_input_absent [revenue impossible: < 0 (value=-2.073e+06)]
stock_CUR3K@844b3eaf1ea2,IPH.PA,2020-10-01,3.462,210924212.55600002,primary_input_absent [revenue impossible: < 0 (value=-2.073e+06)]
stock_CUR3K@844b3eaf1ea2,IPH.PA,2021-04-01,2.704,164742654.752,primary_input_absent [revenue impossible: < 0 (value=-2.073e+06)]
stock_CUR3K@844b3eaf1ea2,IPH.PA,2021-10-01,4.448,270996793.02400005,primary_input_absent [revenue impossible: < 0 (value=-2.073e+06)]
stock_CUR3K@844b3eaf1ea2,IPH.PA,2022-04-01,2.564,156213079.432,primary_input_absent [revenue impossible: < 0 (value=-2.073e+06)]
stock_CUR3K@844b3eaf1ea2,IPH.PA,2022-10-01,3.29,200445020.02,primary_input_absent [revenue impossible: < 0 (value=-2.073e+06)]
stock_CUR3K@844b3eaf1ea2,IPH.PA,2023-04-01,2.88,175465549.44,primary_input_absent [revenue impossible: < 0 (value=-2.073e+06)]
stock_CUR3K@844b3eaf1ea2,IPH.PA,2023-10-01,2.62,159624909.56,primary_input_absent [revenue impossible: < 0 (value=-2.073e+06)]
stock_CUR3K@844b3eaf1ea2,IPH.PA,2024-04-01,1.98,120632565.24,primary_input_absent [revenue impossible: < 0 (value=-2.073e+06)]
stock_CUR3K@844b3eaf1ea2,IPH.PA,2024-10-01,1.9300000000000002,117586288.34,primary_input_absent [revenue impossible: < 0 (value=-2.073e+06)]
stock_CUR3K@844b3eaf1ea2,IPH.PA,2025-04-01,1.52,129772038.32000001,primary_input_absent [revenue impossible: < 0 (value=-2.073e+06)]
stock_CUR3K@844b3eaf1ea2,IPH.PA,2025-10-01,1.6,146249600.0,primary_input_absent [revenue impossible: < 0 (value=-2.073e+06)]
stock_CUR3K@844b3eaf1ea2,IPHA,2014-04-01,8.93,424832998.12,primary_input_absent [revenue impossible: < 0 (value=-2.073e+06)]
stock_CUR3K@844b3eaf1ea2,IPHA,2014-10-01,7.9,418442728.6,primary_input_absent [revenue impossible: < 0 (value=-2.073e+06)]
stock_CUR3K@844b3eaf1ea2,IPHA,2015-04-01,13.14,704919779.82,primary_input_absent [revenue impossible: < 0 (value=-2.073e+06)]
stock_CUR3K@844b3eaf1ea2,IPHA,2015-10-01,13.75,943445263.75,primary_input_absent [revenue impossible: < 0 (value=-2.073e+06)]
stock_CUR3K@844b3eaf1ea2,IPHA,2016-04-01,10.44,551754000.0,primary_input_absent [revenue impossible: < 0 (value=-2.073e+06)]
stock_CUR3K@844b3eaf1ea2,IPHA,2016-10-01,14.61,809601388.9499999,primary_input_absent [revenue impossible: < 0 (value=-2.073e+06)]
stock_CUR3K@844b3eaf1ea2,IPHA,2017-04-01,10.930000000000001,589729308.58,primary_input_absent [revenue impossible: < 0 (value=-2.073e+06)]
stock_CUR3K@844b3eaf1ea2,IPHA,2017-10-01,4.822,262463287.53800002,primary_input_absent [revenue impossible: < 0 (value=-2.073e+06)]
stock_CUR3K@844b3eaf1ea2,IPHA,2018-04-01,4.666,268762906.48,primary_input_absent [revenue impossible: < 0 (value=-2.073e+06)]
stock_CUR3K@844b3eaf1ea2,IPHA,2018-10-01,7.435,452034899.53,primary_input_absent [revenue impossible: < 0 (value=-2.073e+06)]
stock_CUR3K@844b3eaf1ea2,IPHA,2019-04-01,5.69,364089341.58000004,primary_input_absent [revenue impossible: < 0 (value=-2.073e+06)]
stock_CUR3K@844b3eaf1ea2,IPHA,2019-10-01,5.96,391809273.56,primary_input_absent [revenue impossible: < 0 (value=-2.073e+06)]
stock_CUR3K@844b3eaf1ea2,IPHA,2020-04-01,5.545,437456805.4,primary_input_absent [revenue impossible: < 0 (value=-2.073e+06)]
stock_CUR3K@844b3eaf1ea2,IPHA,2020-10-01,2.672126679433296,210924212.55600002,primary_input_absent [revenue impossible: < 0 (value=-2.073e+06)]
stock_CUR3K@844b3eaf1ea2,IPHA,2021-04-01,2.0854040694775464,164742654.752,primary_input_absent [revenue impossible: < 0 (value=-2.073e+06)]
stock_CUR3K@844b3eaf1ea2,IPHA,2021-10-01,3.4069379305765204,270996793.02400005,primary_input_absent [revenue impossible: < 0 (value=-2.073e+06)]
stock_CUR3K@844b3eaf1ea2,IPHA,2022-04-01,1.959151173030712,156213079.432,primary_input_absent [revenue impossible: < 0 (value=-2.073e+06)]
stock_CUR3K@844b3eaf1ea2,IPHA,2022-10-01,2.4995172304127315,200445020.02,primary_input_absent [revenue impossible: < 0 (value=-2.073e+06)]
stock_CUR3K@844b3eaf1ea2,IPHA,2023-04-01,2.1845838452706183,175465549.44,primary_input_absent [revenue impossible: < 0 (value=-2.073e+06)]
stock_CUR3K@844b3eaf1ea2,IPHA,2023-10-01,1.9807719094530418,159624909.56,primary_input_absent [revenue impossible: < 0 (value=-2.073e+06)]
stock_CUR3K@844b3eaf1ea2,IPHA,2024-04-01,1.510094286063935,120632565.24,primary_input_absent [revenue impossible: < 0 (value=-2.073e+06)]
stock_CUR3K@844b3eaf1ea2,IPHA,2024-10-01,1.4507512256329271,117586288.34,primary_input_absent [revenue impossible: < 0 (value=-2.073e+06)]
stock_CUR3K@844b3eaf1ea2,IPHA,2025-04-01,1.52,129772038.32000001,primary_input_absent [revenue impossible: < 0 (value=-2.073e+06)]
stock_CUR3K@844b3eaf1ea2,IPHA,2025-10-01,1.5998949809653,146249600.0,primary_input_absent [revenue impossible: < 0 (value=-2.073e+06)]
stock_CUR3K@844b3eaf1ea2,IVQ.TO,2020-07-01,1.9435359999999997,108557173.10446398,primary_input_absent [revenue impossible: < 0 (value=-1.89967e+06)]
stock_CUR3K@844b3eaf1ea2,IVQ.TO,2020-10-01,1.7814960000000002,99545665.66322401,primary_input_absent [revenue impossible: < 0 (value=-1.89967e+06)]
stock_CUR3K@844b3eaf1ea2,IVQ.TO,2021-01-01,2.8649880000000003,160903819.909476,primary_input_absent [revenue impossible: < 0 (value=-1.89967e+06)]
stock_CUR3K@844b3eaf1ea2,IVQ.TO,2021-04-01,2.8213500000000002,158866861.09350002,primary_input_absent [revenue impossible: < 0 (value=-1.89967e+06)]
stock_CUR3K@844b3eaf1ea2,IVQ.TO,2021-07-01,2.080848,117283210.37664,primary_input_absent [revenue impossible: < 0 (value=-1.89967e+06)]
stock_CUR3K@844b3eaf1ea2,IVQ.TO,2021-10-01,2.05556,115597072.38351999,primary_input_absent [revenue impossible: < 0 (value=-1.89967e+06)]
stock_CUR3K@844b3eaf1ea2,IVQ.TO,2022-01-01,1.374624,94000111.586208,primary_input_absent [revenue impossible: < 0 (value=-1.89967e+06)]
stock_CUR3K@844b3eaf1ea2,IVQ.TO,2022-04-01,1.2423520000000001,70467539.72604801,primary_input_absent [revenue impossible: < 0 (value=-1.89967e+06)]
stock_CUR3K@844b3eaf1ea2,IVQ.TO,2022-07-01,1.12003,63378424.15089001,primary_input_absent [revenue impossible: < 0 (value=-1.89967e+06)]
stock_CUR3K@844b3eaf1ea2,IVQ.TO,2022-10-01,0.907371,51254168.437692,primary_input_absent [revenue impossible: < 0 (value=-1.89967e+06)]
stock_CUR3K@844b3eaf1ea2,IVQ.TO,2023-01-01,0.8429159999999999,47832444.28782,primary_input_absent [revenue impossible: < 0 (value=-1.89967e+06)]
stock_CUR3K@844b3eaf1ea2,IVQ.TO,2023-04-01,0.769488,43406682.650111996,primary_input_absent [revenue impossible: < 0 (value=-1.89967e+06)]
stock_CUR3K@844b3eaf1ea2,IVQ.TO,2023-07-01,0.360689,25096247.197448,primary_input_absent [revenue impossible: < 0 (value=-1.89967e+06)]
stock_CUR3K@844b3eaf1ea2,IVQ.TO,2023-10-01,0.2487903,14096214.583506,primary_input_absent [revenue impossible: < 0 (value=-1.89967e+06)]
stock_CUR3K@844b3eaf1ea2,IVQ.TO,2024-01-01,0.2884206,16341427.226233201,primary_input_absent [revenue impossible: < 0 (value=-1.89967e+06)]
stock_CUR3K@844b3eaf1ea2,IVQ.TO,2024-04-01,0.1316484,7461652.1385276,primary_input_absent [revenue impossible: < 0 (value=-1.89967e+06)]
stock_CUR3K@844b3eaf1ea2,IVQ.TO,2024-07-01,0.103467,5864627.51238,primary_input_absent [revenue impossible: < 0 (value=-1.89967e+06)]
stock_CUR3K@844b3eaf1ea2,IVQ.TO,2024-10-01,0.0799135,4903527.681767,primary_input_absent [revenue impossible: < 0 (value=-1.89967e+06)]
stock_CUR3K@844b3eaf1ea2,IVQ.TO,2025-01-01,0.11812280000000001,107973026.70946041,primary_input_absent [revenue impossible: < 0 (value=-1.89967e+06)]
stock_CUR3K@844b3eaf1ea2,IVQ.TO,2025-04-01,0.1065025,97351208.0404825,primary_input_absent [revenue impossible: < 0 (value=-1.89967e+06)]
stock_CUR3K@844b3eaf1ea2,IVQ.TO,2025-07-01,0.08615999999999999,78756649.70087999,primary_input_absent [revenue impossible: < 0 (value=-1.89967e+06)]
stock_CUR3K@844b3eaf1ea2,IVQ.TO,2025-10-01,0.10923,99783662.56550999,primary_input_absent [revenue impossible: < 0 (value=-1.89967e+06)]
stock_CUR3K@844b3eaf1ea2,IVQ.TO,2026-01-01,0.0934596,85377105.0984852,primary_input_absent [revenue impossible: < 0 (value=-1.89967e+06)]
stock_CUR3K@844b3eaf1ea2,IVQ.TO,2026-04-01,0.08799999999999998,80389657.65599999,primary_input_absent [revenue impossible: < 0 (value=-1.89967e+06)]
stock_CUR3K@844b3eaf1ea2,LIT.L,2016-04-01,1.057736925,34406743.648031995,primary_input_absent [revenue impossible: < 0 (value=-2.55087e+07)]
stock_CUR3K@844b3eaf1ea2,LIT.L,2016-10-01,1.0143126,36887704.115157,primary_input_absent [revenue impossible: < 0 (value=-2.55087e+07)]
stock_CUR3K@844b3eaf1ea2,LIT.L,2017-04-01,1.0029366,57238315.8822252,primary_input_absent [revenue impossible: < 0 (value=-2.55087e+07)]
stock_CUR3K@844b3eaf1ea2,LIT.L,2017-10-01,1.025030925,57500954.79354,primary_input_absent [revenue impossible: < 0 (value=-2.55087e+07)]
stock_CUR3K@844b3eaf1ea2,LIT.L,2018-04-01,1.0559594250000002,61264325.516268834,primary_input_absent [revenue impossible: < 0 (value=-2.55087e+07)]
stock_CUR3K@844b3eaf1ea2,LIT.L,2018-10-01,1.27518285,82766204.4954417,primary_input_absent [revenue impossible: < 0 (value=-2.55087e+07)]
stock_CUR3K@844b3eaf1ea2,LIT.L,2019-04-01,1.83897548,204920458.2307928,primary_input_absent [revenue impossible: < 0 (value=-2.55087e+07)]
stock_CUR3K@844b3eaf1ea2,LIT.L,2019-10-01,1.3029131999999999,146084207.1147984,primary_input_absent [revenue impossible: < 0 (value=-2.55087e+07)]
stock_CUR3K@844b3eaf1ea2,LIT.L,2020-04-01,1.00936886,112123455.61136982,primary_input_absent [revenue impossible: < 0 (value=-2.55087e+07)]
stock_CUR3K@844b3eaf1ea2,LIT.L,2020-10-01,1.1703912,122274997.28740561,primary_input_absent [revenue impossible: < 0 (value=-2.55087e+07)]
stock_CUR3K@844b3eaf1ea2,LIT.L,2021-04-01,2.4695663999999997,292487010.84674394,primary_input_absent [revenue impossible: < 0 (value=-2.55087e+07)]
stock_CUR3K@844b3eaf1ea2,LIT.L,2021-10-01,1.8648723,212685769.1547228,primary_input_absent [revenue impossible: < 0 (value=-2.55087e+07)]
stock_CUR3K@844b3eaf1ea2,LIT.L,2022-04-01,1.6664507999999998,176670218.04258958,primary_input_absent [revenue impossible: < 0 (value=-2.55087e+07)]
stock_CUR3K@844b3eaf1ea2,LIT.L,2022-10-01,1.2216036,129960269.6675136,primary_input_absent [revenue impossible: < 0 (value=-2.55087e+07)]
stock_CUR3K@844b3eaf1ea2,LIT.L,2023-04-01,1.57772088,182463820.51310351,primary_input_absent [revenue impossible: < 0 (value=-2.55087e+07)]
stock_CUR3K@844b3eaf1ea2,LIT.L,2023-10-01,1.847736,211546915.85412002,primary_input_absent [revenue impossible: < 0 (value=-2.55087e+07)]
stock_CUR3K@844b3eaf1ea2,LIT.L,2024-04-01,2.0691143,227514453.56019157,primary_input_absent [revenue impossible: < 0 (value=-2.55087e+07)]
stock_CUR3K@844b3eaf1ea2,LIT.L,2024-10-01,2.03207528,209691831.44867328,primary_input_absent [revenue impossible: < 0 (value=-2.55087e+07)]
stock_CUR3K@844b3eaf1ea2,LIT.L,2025-04-01,0.5838476,59952571.2149084,primary_input_absent [revenue impossible: < 0 (value=-2.55087e+07)]
stock_CUR3K@844b3eaf1ea2,LIT.L,2025-10-01,0.15243454799999998,15686118.934879173,primary_input_absent [revenue impossible: < 0 (value=-2.55087e+07)]
stock_CUR3K@844b3eaf1ea2,NEDSE.AS,2020-04-01,0.129,5238142.782000001,primary_input_absent [netCashProvidedByOperatingActivities NaN (value=NaN)]
stock_CUR3K@844b3eaf1ea2,NEDSE.AS,2020-10-01,0.145,11890000.0,primary_input_absent [netCashProvidedByOperatingActivities NaN (value=NaN)]
stock_CUR3K@844b3eaf1ea2,NEDSE.AS,2021-04-01,0.164,6660723.0600000005,primary_input_absent [netCashProvidedByOperatingActivities NaN (value=NaN)]
stock_CUR3K@844b3eaf1ea2,NEDSE.AS,2021-10-01,0.183,18300000.0,primary_input_absent [netCashProvidedByOperatingActivities NaN (value=NaN)]
stock_CUR3K@844b3eaf1ea2,NEDSE.AS,2022-04-01,0.138,13800000.000000002,primary_input_absent [netCashProvidedByOperatingActivities NaN (value=NaN)]
stock_CUR3K@844b3eaf1ea2,NEDSE.AS,2022-10-01,0.131,13100000.0,primary_input_absent [netCashProvidedByOperatingActivities NaN (value=NaN)]
stock_CUR3K@844b3eaf1ea2,NEDSE.AS,2023-04-01,0.122,12200000.0,primary_input_absent [netCashProvidedByOperatingActivities NaN (value=NaN)]
stock_CUR3K@844b3eaf1ea2,NEDSE.AS,2023-10-01,0.099,9900000.0,primary_input_absent [netCashProvidedByOperatingActivities NaN (value=NaN)]
stock_CUR3K@844b3eaf1ea2,NEDSE.AS,2024-04-01,0.08,8000000.0,primary_input_absent [netCashProvidedByOperatingActivities NaN (value=NaN)]
stock_CUR3K@844b3eaf1ea2,NEDSE.AS,2024-10-01,0.0675,6749999.9325,primary_input_absent [netCashProvidedByOperatingActivities NaN (value=NaN)]
stock_CUR3K@844b3eaf1ea2,NEDSE.AS,2025-04-01,0.077,4258100.0,primary_input_absent [netCashProvidedByOperatingActivities NaN (value=NaN)]
stock_CUR3K@844b3eaf1ea2,NEDSE.AS,2025-10-01,0.17,17000000.0,primary_input_absent [netCashProvidedByOperatingActivities NaN (value=NaN)]
stock_CUR3K@844b3eaf1ea2,NEDSE.AS,2026-04-01,0.073,7300000.0,primary_input_absent [netCashProvidedByOperatingActivities NaN (value=NaN)]
stock_CUR3K@844b3eaf1ea2,NWG.L,2020-07-01,1.1421,12901499661.599998,primary_input_absent [netCashProvidedByOperatingActivities NaN (value=NaN)]
stock_CUR3K@844b3eaf1ea2,NWG.L,2020-10-01,1.8055,20304710776.0,primary_input_absent [netCashProvidedByOperatingActivities NaN (value=NaN)]
stock_CUR3K@844b3eaf1ea2,NWG.L,2021-01-01,2.1135,23858276452.5,primary_input_absent [netCashProvidedByOperatingActivities NaN (value=NaN)]
stock_CUR3K@844b3eaf1ea2,NWG.L,2021-04-01,2.1883,23896238188.3,primary_input_absent [netCashProvidedByOperatingActivities NaN (value=NaN)]
stock_CUR3K@844b3eaf1ea2,NWG.L,2021-07-01,2.4219999999999997,25911556285.999996,primary_input_absent [netCashProvidedByOperatingActivities NaN (value=NaN)]
stock_CUR3K@844b3eaf1ea2,NWG.L,2021-10-01,2.4306,25777152247.8,primary_input_absent [netCashProvidedByOperatingActivities NaN (value=NaN)]
stock_CUR3K@844b3eaf1ea2,NWG.L,2022-01-01,2.3251,24140852971.6,primary_input_absent [netCashProvidedByOperatingActivities NaN (value=NaN)]
stock_CUR3K@844b3eaf1ea2,NWG.L,2022-04-01,2.3509,22386583953.100002,primary_input_absent [netCashProvidedByOperatingActivities NaN (value=NaN)]
stock_CUR3K@844b3eaf1ea2,NWG.L,2022-07-01,2.259,24167714967.0,primary_input_absent [netCashProvidedByOperatingActivities NaN (value=NaN)]
stock_CUR3K@844b3eaf1ea2,NWG.L,2022-10-01,2.6519999999999997,25548275375.999996,primary_input_absent [netCashProvidedByOperatingActivities NaN (value=NaN)]
stock_CUR3K@844b3eaf1ea2,NWG.L,2023-01-01,2.636,25255516000.0,primary_input_absent [netCashProvidedByOperatingActivities NaN (value=NaN)]
stock_CUR3K@844b3eaf1ea2,NWG.L,2023-04-01,2.408,22127567112.0,primary_input_absent [netCashProvidedByOperatingActivities NaN (value=NaN)]
stock_CUR3K@844b3eaf1ea2,NWG.L,2023-07-01,2.3569999999999998,20828184394.999996,primary_input_absent [netCashProvidedByOperatingActivities NaN (value=NaN)]
stock_CUR3K@844b3eaf1ea2,NWG.L,2023-10-01,2.194,24133039028.0,primary_input_absent [netCashProvidedByOperatingActivities NaN (value=NaN)]
stock_CUR3K@844b3eaf1ea2,NWG.L,2024-01-01,2.6710000000000003,29379830102.000004,primary_input_absent [netCashProvidedByOperatingActivities NaN (value=NaN)]
stock_CUR3K@844b3eaf1ea2,NWG.L,2024-04-01,3.15,27293943600.0,primary_input_absent [netCashProvidedByOperatingActivities NaN (value=NaN)]
stock_CUR3K@844b3eaf1ea2,NWG.L,2024-07-01,3.4389999999999996,28585164022.999996,primary_input_absent [netCashProvidedByOperatingActivities NaN (value=NaN)]
stock_CUR3K@844b3eaf1ea2,NWG.L,2024-10-01,4.021,32798746123.0,primary_input_absent [netCashProvidedByOperatingActivities NaN (value=NaN)]
stock_CUR3K@844b3eaf1ea2,NWG.L,2025-01-01,4.518,36446706000.0,primary_input_absent [netCashProvidedByOperatingActivities NaN (value=NaN)]
stock_CUR3K@844b3eaf1ea2,NWG.L,2025-04-01,5.114,41313096134.0,primary_input_absent [netCashProvidedByOperatingActivities NaN (value=NaN)]
stock_CUR3K@844b3eaf1ea2,NWG.L,2025-07-01,5.216,21065911360.0,primary_input_absent [netCashProvidedByOperatingActivities NaN (value=NaN)]
stock_CUR3K@844b3eaf1ea2,NWG.L,2025-10-01,6.518,52181458946.0,primary_input_absent [netCashProvidedByOperatingActivities NaN (value=NaN)]
stock_CUR3K@844b3eaf1ea2,NWG.L,2026-01-01,5.532,44256000000.0,primary_input_absent [netCashProvidedByOperatingActivities NaN (value=NaN)]
stock_CUR3K@844b3eaf1ea2,NWG.L,2026-04-01,6.67,53194077080.0,primary_input_absent [netCashProvidedByOperatingActivities NaN (value=NaN)]
stock_CUR3K@844b3eaf1ea2,PBAM,2020-07-01,13.25,72874602.5,primary_input_absent [netCashProvidedByOperatingActivities NaN (value=NaN)]
stock_CUR3K@844b3eaf1ea2,PBAM,2020-10-01,18.5,101773532.0,primary_input_absent [netCashProvidedByOperatingActivities NaN (value=NaN)]
stock_CUR3K@844b3eaf1ea2,PBAM,2021-01-01,24.0,132357288.0,primary_input_absent [netCashProvidedByOperatingActivities NaN (value=NaN)]
stock_CUR3K@844b3eaf1ea2,PBAM,2021-04-01,24.55,135911525.05,primary_input_absent [netCashProvidedByOperatingActivities NaN (value=NaN)]
stock_CUR3K@844b3eaf1ea2,PBAM,2021-07-01,24.75,137199224.25,primary_input_absent [netCashProvidedByOperatingActivities NaN (value=NaN)]
stock_CUR3K@844b3eaf1ea2,PBAM,2021-10-01,26.950000000000003,149503022.9,primary_input_absent [netCashProvidedByOperatingActivities NaN (value=NaN)]
stock_CUR3K@844b3eaf1ea2,PBAM,2022-01-01,30.04,167274736.0,primary_input_absent [netCashProvidedByOperatingActivities NaN (value=NaN)]
stock_CUR3K@844b3eaf1ea2,PBAM,2022-04-01,28.979999999999997,160638023.7,primary_input_absent [netCashProvidedByOperatingActivities NaN (value=NaN)]
stock_CUR3K@844b3eaf1ea2,PBAM,2022-07-01,29.25,162322290.0,primary_input_absent [netCashProvidedByOperatingActivities NaN (value=NaN)]
stock_CUR3K@844b3eaf1ea2,PBAM,2022-10-01,32.39,180132968.64000002,primary_input_absent [netCashProvidedByOperatingActivities NaN (value=NaN)]
stock_CUR3K@844b3eaf1ea2,PBAM,2023-01-01,29.0,162637597.0,primary_input_absent [netCashProvidedByOperatingActivities NaN (value=NaN)]
stock_CUR3K@844b3eaf1ea2,PBAM,2023-04-01,27.05,152952466.75,primary_input_absent [netCashProvidedByOperatingActivities NaN (value=NaN)]
stock_CUR3K@844b3eaf1ea2,PBAM,2023-07-01,31.74,179595711.6,primary_input_absent [netCashProvidedByOperatingActivities NaN (value=NaN)]
stock_CUR3K@844b3eaf1ea2,PBAM,2023-10-01,35.0,198240980.0,primary_input_absent [netCashProvidedByOperatingActivities NaN (value=NaN)]
stock_CUR3K@844b3eaf1ea2,PBAM,2024-01-01,34.15,193966638.45,primary_input_absent [netCashProvidedByOperatingActivities NaN (value=NaN)]
stock_CUR3K@844b3eaf1ea2,PBAM,2024-04-01,35.17,200572329.46,primary_input_absent [netCashProvidedByOperatingActivities NaN (value=NaN)]
stock_CUR3K@844b3eaf1ea2,PBAM,2024-07-01,45.0,256847535.0,primary_input_absent [netCashProvidedByOperatingActivities NaN (value=NaN)]
stock_CUR3K@844b3eaf1ea2,PBAM,2024-10-01,57.74000000000001,330058642.34000003,primary_input_absent [netCashProvidedByOperatingActivities NaN (value=NaN)]
stock_CUR3K@844b3eaf1ea2,PBAM,2025-01-01,54.91,314891718.08,primary_input_absent [netCashProvidedByOperatingActivities NaN (value=NaN)]
stock_CUR3K@844b3eaf1ea2,PBAM,2025-04-01,54.22,312029159.84,primary_input_absent [netCashProvidedByOperatingActivities NaN (value=NaN)]
stock_CUR3K@844b3eaf1ea2,PBAM,2025-07-01,59.05,339962187.59999996,primary_input_absent [netCashProvidedByOperatingActivities NaN (value=NaN)]
stock_CUR3K@844b3eaf1ea2,PBAM,2025-10-01,57.53,327995271.23,primary_input_absent [netCashProvidedByOperatingActivities NaN (value=NaN)]
stock_CUR3K@844b3eaf1ea2,PBAM,2026-01-01,67.99,387145122.52,primary_input_absent [netCashProvidedByOperatingActivities NaN (value=NaN)]
stock_CUR3K@844b3eaf1ea2,PBAM,2026-04-01,74.0,420406210.0,primary_input_absent [netCashProvidedByOperatingActivities NaN (value=NaN)]
stock_CUR3K@844b3eaf1ea2,PEUG.PA,2014-04-01,46.550000000000004,1167874283.45,primary_input_absent [revenue impossible: < 0 (value=-6.7926e+07)]
stock_CUR3K@844b3eaf1ea2,PEUG.PA,2014-10-01,49.99,1255697010.3600001,primary_input_absent [revenue impossible: < 0 (value=-6.7926e+07)]
stock_CUR3K@844b3eaf1ea2,PEUG.PA,2015-04-01,73.0,1830998994.0,primary_input_absent [revenue impossible: < 0 (value=-6.7926e+07)]
stock_CUR3K@844b3eaf1ea2,PEUG.PA,2015-10-01,68.0,1703408228.0,primary_input_absent [revenue impossible: < 0 (value=-6.7926e+07)]
stock_CUR3K@844b3eaf1ea2,PEUG.PA,2016-04-01,62.9,1606237232.7,primary_input_absent [revenue impossible: < 0 (value=-6.7926e+07)]
stock_CUR3K@844b3eaf1ea2,PEUG.PA,2016-10-01,72.25,1780471489.0,primary_input_absent [revenue impossible: < 0 (value=-6.7926e+07)]
stock_CUR3K@844b3eaf1ea2,PEUG.PA,2017-04-01,89.12,2205170664.32,primary_input_absent [revenue impossible: < 0 (value=-6.7926e+07)]
stock_CUR3K@844b3eaf1ea2,PEUG.PA,2017-10-01,100.4,2485833017.2000003,primary_input_absent [revenue impossible: < 0 (value=-6.7926e+07)]
stock_CUR3K@844b3eaf1ea2,PEUG.PA,2018-04-01,105.8,2620565913.2,primary_input_absent [revenue impossible: < 0 (value=-6.7926e+07)]
stock_CUR3K@844b3eaf1ea2,PEUG.PA,2018-10-01,80.2,1984528468.8,primary_input_absent [revenue impossible: < 0 (value=-6.7926e+07)]
stock_CUR3K@844b3eaf1ea2,PEUG.PA,2019-04-01,95.60000000000001,2365270096.4,primary_input_absent [revenue impossible: < 0 (value=-6.7926e+07)]
stock_CUR3K@844b3eaf1ea2,PEUG.PA,2019-10-01,104.0,2573614888.0,primary_input_absent [revenue impossible: < 0 (value=-6.7926e+07)]
stock_CUR3K@844b3eaf1ea2,PEUG.PA,2020-04-01,67.0,1657889205.0,primary_input_absent [revenue impossible: < 0 (value=-6.7926e+07)]
stock_CUR3K@844b3eaf1ea2,PEUG.PA,2020-10-01,94.6,2347717242.2,primary_input_absent [revenue impossible: < 0 (value=-6.7926e+07)]
stock_CUR3K@844b3eaf1ea2,PEUG.PA,2021-04-01,113.4,2806467085.8,primary_input_absent [revenue impossible: < 0 (value=-6.7926e+07)]
stock_CUR3K@844b3eaf1ea2,PEUG.PA,2021-10-01,124.0,3080091924.0,primary_input_absent [revenue impossible: < 0 (value=-6.7926e+07)]
stock_CUR3K@844b3eaf1ea2,PEUG.PA,2022-04-01,86.5,2148023533.0,primary_input_absent [revenue impossible: < 0 (value=-6.7926e+07)]
stock_CUR3K@844b3eaf1ea2,PEUG.PA,2022-10-01,89.0,2209303426.0,primary_input_absent [revenue impossible: < 0 (value=-6.7926e+07)]
stock_CUR3K@844b3eaf1ea2,PEUG.PA,2023-04-01,102.2,2539191704.0,primary_input_absent [revenue impossible: < 0 (value=-6.7926e+07)]
stock_CUR3K@844b3eaf1ea2,PEUG.PA,2023-10-01,101.39999999999999,2518790094.6,primary_input_absent [revenue impossible: < 0 (value=-6.7926e+07)]
stock_CUR3K@844b3eaf1ea2,PEUG.PA,2024-04-01,90.7,2252383303.1,primary_input_absent [revenue impossible: < 0 (value=-6.7926e+07)]
stock_CUR3K@844b3eaf1ea2,PEUG.PA,2024-10-01,73.1,1813288409.6999998,primary_input_absent [revenue impossible: < 0 (value=-6.7926e+07)]
stock_CUR3K@844b3eaf1ea2,PEUG.PA,2025-04-01,73.6,1824934521.6,primary_input_absent [revenue impossible: < 0 (value=-6.7926e+07)]
stock_CUR3K@844b3eaf1ea2,PEUG.PA,2025-10-01,75.8,1894242000.0,primary_input_absent [revenue impossible: < 0 (value=-6.7926e+07)]
stock_CUR3K@844b3eaf1ea2,PNP.TO,2020-07-01,2.56,12078131.200000001,primary_input_absent [revenue impossible: < 0 (value=-1.397e+06)]
stock_CUR3K@844b3eaf1ea2,PNP.TO,2020-10-01,3.04,13748700.96,primary_input_absent [revenue impossible: < 0 (value=-1.397e+06)]
stock_CUR3K@844b3eaf1ea2,PNP.TO,2021-01-01,4.68,21422110.32,primary_input_absent [revenue impossible: < 0 (value=-1.397e+06)]
stock_CUR3K@844b3eaf1ea2,PNP.TO,2021-04-01,4.0,28888608.0,primary_input_absent [revenue impossible: < 0 (value=-1.397e+06)]
stock_CUR3K@844b3eaf1ea2,PNP.TO,2021-07-01,4.59,43086330.0,primary_input_absent [revenue impossible: < 0 (value=-1.397e+06)]
stock_CUR3K@844b3eaf1ea2,PNP.TO,2021-10-01,5.45,50270898.1,primary_input_absent [revenue impossible: < 0 (value=-1.397e+06)]
stock_CUR3K@844b3eaf1ea2,PNP.TO,2022-01-01,4.49,42147630.0,primary_input_absent [revenue impossible: < 0 (value=-1.397e+06)]
stock_CUR3K@844b3eaf1ea2,PNP.TO,2022-04-01,3.19,29944530.0,primary_input_absent [revenue impossible: < 0 (value=-1.397e+06)]
stock_CUR3K@844b3eaf1ea2,PNP.TO,2022-07-01,3.08,28079334.36,primary_input_absent [revenue impossible: < 0 (value=-1.397e+06)]
stock_CUR3K@844b3eaf1ea2,PNP.TO,2022-10-01,3.99,37454130.0,primary_input_absent [revenue impossible: < 0 (value=-1.397e+06)]
stock_CUR3K@844b3eaf1ea2,PNP.TO,2023-01-01,3.58,33605460.0,primary_input_absent [revenue impossible: < 0 (value=-1.397e+06)]
stock_CUR3K@844b3eaf1ea2,PNP.TO,2023-04-01,4.0,37548000.0,primary_input_absent [revenue impossible: < 0 (value=-1.397e+06)]
stock_CUR3K@844b3eaf1ea2,PNP.TO,2023-07-01,4.06,38111220.0,primary_input_absent [revenue impossible: < 0 (value=-1.397e+06)]
stock_CUR3K@844b3eaf1ea2,PNP.TO,2023-10-01,3.6,33793200.0,primary_input_absent [revenue impossible: < 0 (value=-1.397e+06)]
stock_CUR3K@844b3eaf1ea2,PNP.TO,2024-01-01,5.7,53505900.0,primary_input_absent [revenue impossible: < 0 (value=-1.397e+06)]
stock_CUR3K@844b3eaf1ea2,PNP.TO,2024-04-01,6.17,57917790.0,primary_input_absent [revenue impossible: < 0 (value=-1.397e+06)]
stock_CUR3K@844b3eaf1ea2,PNP.TO,2024-07-01,7.5,70402500.0,primary_input_absent [revenue impossible: < 0 (value=-1.397e+06)]
stock_CUR3K@844b3eaf1ea2,PNP.TO,2024-10-01,11.0,103257000.0,primary_input_absent [revenue impossible: < 0 (value=-1.397e+06)]
stock_CUR3K@844b3eaf1ea2,PNP.TO,2025-01-01,15.0,140805000.0,primary_input_absent [revenue impossible: < 0 (value=-1.397e+06)]
stock_CUR3K@844b3eaf1ea2,PNP.TO,2025-04-01,16.88,158452560.0,primary_input_absent [revenue impossible: < 0 (value=-1.397e+06)]
stock_CUR3K@844b3eaf1ea2,PNP.TO,2025-07-01,12.46,116962020.00000001,primary_input_absent [revenue impossible: < 0 (value=-1.397e+06)]
stock_CUR3K@844b3eaf1ea2,PNP.TO,2025-10-01,11.05,103726350.0,primary_input_absent [revenue impossible: < 0 (value=-1.397e+06)]
stock_CUR3K@844b3eaf1ea2,PNP.TO,2026-01-01,8.37,78569190.0,primary_input_absent [revenue impossible: < 0 (value=-1.397e+06)]
stock_CUR3K@844b3eaf1ea2,PNP.TO,2026-04-01,9.01,84576870.0,primary_input_absent [revenue impossible: < 0 (value=-1.397e+06)]
stock_CUR3K@844b3eaf1ea2,PRC.PA,2014-04-01,14.2,94088916.0,primary_input_absent [netCashProvidedByOperatingActivities NaN (value=NaN)]
stock_CUR3K@844b3eaf1ea2,PRC.PA,2014-10-01,13.1,87136261.3,primary_input_absent [netCashProvidedByOperatingActivities NaN (value=NaN)]
stock_CUR3K@844b3eaf1ea2,PRC.PA,2015-04-01,13.789999999999997,91725412.30999999,primary_input_absent [netCashProvidedByOperatingActivities NaN (value=NaN)]
stock_CUR3K@844b3eaf1ea2,PRC.PA,2015-10-01,13.09,87117981.72,primary_input_absent [netCashProvidedByOperatingActivities NaN (value=NaN)]
stock_CUR3K@844b3eaf1ea2,PRC.PA,2016-04-01,9.72,64511678.88,primary_input_absent [netCashProvidedByOperatingActivities NaN (value=NaN)]
stock_CUR3K@844b3eaf1ea2,PRC.PA,2016-10-01,11.5,76730748.5,primary_input_absent [netCashProvidedByOperatingActivities NaN (value=NaN)]
stock_CUR3K@844b3eaf1ea2,PRC.PA,2017-04-01,16.9,112220393.99999999,primary_input_absent [netCashProvidedByOperatingActivities NaN (value=NaN)]
stock_CUR3K@844b3eaf1ea2,PRC.PA,2017-10-01,17.0,113267736.0,primary_input_absent [netCashProvidedByOperatingActivities NaN (value=NaN)]
stock_CUR3K@844b3eaf1ea2,PRC.PA,2018-04-01,14.34,95462914.38,primary_input_absent [netCashProvidedByOperatingActivities NaN (value=NaN)]
stock_CUR3K@844b3eaf1ea2,PRC.PA,2018-10-01,14.36,95436287.16,primary_input_absent [netCashProvidedByOperatingActivities NaN (value=NaN)]
stock_CUR3K@844b3eaf1ea2,PRC.PA,2019-04-01,12.9,85804543.5,primary_input_absent [netCashProvidedByOperatingActivities NaN (value=NaN)]
stock_CUR3K@844b3eaf1ea2,PRC.PA,2019-10-01,9.51,63255907.65,primary_input_absent [netCashProvidedByOperatingActivities NaN (value=NaN)]
stock_CUR3K@844b3eaf1ea2,PRC.PA,2020-04-01,7.82,52014847.300000004,primary_input_absent [netCashProvidedByOperatingActivities NaN (value=NaN)]
stock_CUR3K@844b3eaf1ea2,PRC.PA,2020-10-01,7.34,48822120.1,primary_input_absent [netCashProvidedByOperatingActivities NaN (value=NaN)]
stock_CUR3K@844b3eaf1ea2,PRC.PA,2021-04-01,5.54,36849393.1,primary_input_absent [netCashProvidedByOperatingActivities NaN (value=NaN)]
stock_CUR3K@844b3eaf1ea2,PRC.PA,2021-10-01,10.780000000000001,71703331.7,primary_input_absent [netCashProvidedByOperatingActivities NaN (value=NaN)]
stock_CUR3K@844b3eaf1ea2,PRC.PA,2022-04-01,6.82,45363332.300000004,primary_input_absent [netCashProvidedByOperatingActivities NaN (value=NaN)]
stock_CUR3K@844b3eaf1ea2,PRC.PA,2022-10-01,7.1,47225756.5,primary_input_absent [netCashProvidedByOperatingActivities NaN (value=NaN)]
stock_CUR3K@844b3eaf1ea2,PRC.PA,2023-04-01,7.09,47159241.35,primary_input_absent [netCashProvidedByOperatingActivities NaN (value=NaN)]
stock_CUR3K@844b3eaf1ea2,PRC.PA,2023-10-01,5.07,33723181.050000004,primary_input_absent [netCashProvidedByOperatingActivities NaN (value=NaN)]
stock_CUR3K@844b3eaf1ea2,PRC.PA,2024-04-01,4.54,30208025.0,primary_input_absent [netCashProvidedByOperatingActivities NaN (value=NaN)]
stock_CUR3K@844b3eaf1ea2,PRC.PA,2024-10-01,4.17,27749827.95,primary_input_absent [netCashProvidedByOperatingActivities NaN (value=NaN)]
stock_CUR3K@844b3eaf1ea2,PRC.PA,2025-04-01,4.29,28534999.35,primary_input_absent [netCashProvidedByOperatingActivities NaN (value=NaN)]
stock_CUR3K@844b3eaf1ea2,PRC.PA,2025-10-01,3.54,23546363.1,primary_input_absent [netCashProvidedByOperatingActivities NaN (value=NaN)]
stock_CUR3K@844b3eaf1ea2,PSDL.L,2014-04-01,1.8722999999999999,94762967.0436,primary_input_absent [revenue impossible: < 0 (value=-5.822e+06)]
stock_CUR3K@844b3eaf1ea2,PSDL.L,2014-10-01,1.9309500000000004,90947743.06905001,primary_input_absent [revenue impossible: < 0 (value=-5.822e+06)]
stock_CUR3K@844b3eaf1ea2,PSDL.L,2015-04-01,2.034272625,123605533.40629724,primary_input_absent [revenue impossible: < 0 (value=-5.822e+06)]
stock_CUR3K@844b3eaf1ea2,PSDL.L,2015-10-01,2.1136283999999996,169320739.92710757,primary_input_absent [revenue impossible: < 0 (value=-5.822e+06)]
stock_CUR3K@844b3eaf1ea2,PSDL.L,2016-04-01,2.371556425,205715579.84120622,primary_input_absent [revenue impossible: < 0 (value=-5.822e+06)]
stock_CUR3K@844b3eaf1ea2,PSDL.L,2016-10-01,2.7247595374999998,266455142.51705095,primary_input_absent [revenue impossible: < 0 (value=-5.822e+06)]
stock_CUR3K@844b3eaf1ea2,PSDL.L,2017-04-01,3.3487206250000003,328419965.26659065,primary_input_absent [revenue impossible: < 0 (value=-5.822e+06)]
stock_CUR3K@844b3eaf1ea2,PSDL.L,2017-10-01,4.3525503,447761125.725984,primary_input_absent [revenue impossible: < 0 (value=-5.822e+06)]
stock_CUR3K@844b3eaf1ea2,PSDL.L,2018-04-01,3.898914000000001,374100798.3000001,primary_input_absent [revenue impossible: < 0 (value=-5.822e+06)]
stock_CUR3K@844b3eaf1ea2,PSDL.L,2018-10-01,3.9488944,398520637.9477312,primary_input_absent [revenue impossible: < 0 (value=-5.822e+06)]
stock_CUR3K@844b3eaf1ea2,PSDL.L,2019-04-01,3.272663500000001,329726542.0594901,primary_input_absent [revenue impossible: < 0 (value=-5.822e+06)]
stock_CUR3K@844b3eaf1ea2,PSDL.L,2019-10-01,3.7804480000000003,390760850.988928,primary_input_absent [revenue impossible: < 0 (value=-5.822e+06)]
stock_CUR3K@844b3eaf1ea2,PSDL.L,2020-04-01,3.2592467999999997,329564170.08716875,primary_input_absent [revenue impossible: < 0 (value=-5.822e+06)]
stock_CUR3K@844b3eaf1ea2,PSDL.L,2020-10-01,3.545328,348174385.409136,primary_input_absent [revenue impossible: < 0 (value=-5.822e+06)]
stock_CUR3K@844b3eaf1ea2,PSDL.L,2021-04-01,4.6525395000000005,447851591.25420004,primary_input_absent [revenue impossible: < 0 (value=-5.822e+06)]
stock_CUR3K@844b3eaf1ea2,PSDL.L,2021-10-01,4.7297126,452358638.03167623,primary_input_absent [revenue impossible: < 0 (value=-5.822e+06)]
stock_CUR3K@844b3eaf1ea2,PSDL.L,2022-04-01,3.6693288,339804306.6257808,primary_input_absent [revenue impossible: < 0 (value=-5.822e+06)]
stock_CUR3K@844b3eaf1ea2,PSDL.L,2022-10-01,2.7903589999999996,254429322.85470697,primary_input_absent [revenue impossible: < 0 (value=-5.822e+06)]
stock_CUR3K@844b3eaf1ea2,PSDL.L,2023-04-01,2.1644075999999997,197827242.06896037,primary_input_absent [revenue impossible: < 0 (value=-5.822e+06)]
stock_CUR3K@844b3eaf1ea2,PSDL.L,2023-10-01,1.9487559000000003,178949187.53166002,primary_input_absent [revenue impossible: < 0 (value=-5.822e+06)]
stock_CUR3K@844b3eaf1ea2,PSDL.L,2024-04-01,1.8538695,170237128.446,primary_input_absent [revenue impossible: < 0 (value=-5.822e+06)]
stock_CUR3K@844b3eaf1ea2,PSDL.L,2024-10-01,2.044760025,187766223.57569999,primary_input_absent [revenue impossible: < 0 (value=-5.822e+06)]
stock_CUR3K@844b3eaf1ea2,PSDL.L,2025-04-01,1.9300215,177230653.1391165,primary_input_absent [revenue impossible: < 0 (value=-5.822e+06)]
stock_CUR3K@844b3eaf1ea2,PSDL.L,2025-10-01,1.9321221,177423547.7312151,primary_input_absent [revenue impossible: < 0 (value=-5.822e+06)]
stock_CUR3K@844b3eaf1ea2,REINA.AS,2014-07-01,17.0,3330301224.0,primary_input_absent [revenue impossible: < 0 (value=-5.5e+07)]
stock_CUR3K@844b3eaf1ea2,REINA.AS,2015-01-01,17.0,3330301445.0,primary_input_absent [revenue impossible: < 0 (value=-5.5e+07)]
stock_CUR3K@844b3eaf1ea2,REINA.AS,2015-07-01,17.0,3330308891.0,primary_input_absent [revenue impossible: < 0 (value=-5.5e+07)]
stock_CUR3K@844b3eaf1ea2,REINA.AS,2016-01-01,17.0,3330301870.0,primary_input_absent [revenue impossible: < 0 (value=-5.5e+07)]
stock_CUR3K@844b3eaf1ea2,REINA.AS,2016-07-01,17.0,3327439019.0,primary_input_absent [revenue impossible: < 0 (value=-5.5e+07)]
stock_CUR3K@844b3eaf1ea2,REINA.AS,2017-01-01,17.0,3330301921.0,primary_input_absent [revenue impossible: < 0 (value=-5.5e+07)]
stock_CUR3K@844b3eaf1ea2,REINA.AS,2017-07-01,17.0,3330136970.0,primary_input_absent [revenue impossible: < 0 (value=-5.5e+07)]
stock_CUR3K@844b3eaf1ea2,REINA.AS,2018-01-01,15.7,3075631899.7,primary_input_absent [revenue impossible: < 0 (value=-5.5e+07)]
stock_CUR3K@844b3eaf1ea2,REINA.AS,2018-07-01,16.2,3173584827.6,primary_input_absent [revenue impossible: < 0 (value=-5.5e+07)]
stock_CUR3K@844b3eaf1ea2,REINA.AS,2019-01-01,14.700000000000001,2850338040.9,primary_input_absent [revenue impossible: < 0 (value=-5.5e+07)]
stock_CUR3K@844b3eaf1ea2,REINA.AS,2019-07-01,16.85,3198130000.0000005,primary_input_absent [revenue impossible: < 0 (value=-5.5e+07)]
stock_CUR3K@844b3eaf1ea2,REINA.AS,2020-01-01,14.0,2570401512.0,primary_input_absent [revenue impossible: < 0 (value=-5.5e+07)]
stock_CUR3K@844b3eaf1ea2,REINA.AS,2020-07-01,14.71,5422107529.84,primary_input_absent [revenue impossible: < 0 (value=-5.5e+07)]
stock_CUR3K@844b3eaf1ea2,REINA.AS,2021-01-01,17.08,6295688922.32,primary_input_absent [revenue impossible: < 0 (value=-5.5e+07)]
stock_CUR3K@844b3eaf1ea2,REINA.AS,2021-07-01,16.3,3004090391.2000003,primary_input_absent [revenue impossible: < 0 (value=-5.5e+07)]
stock_CUR3K@844b3eaf1ea2,REINA.AS,2022-01-01,20.0,3686000000.0,primary_input_absent [revenue impossible: < 0 (value=-5.5e+07)]
stock_CUR3K@844b3eaf1ea2,REINA.AS,2022-07-01,14.9,5456382711.8,primary_input_absent [revenue impossible: < 0 (value=-5.5e+07)]
stock_CUR3K@844b3eaf1ea2,REINA.AS,2023-01-01,19.0,6874202470.0,primary_input_absent [revenue impossible: < 0 (value=-5.5e+07)]
stock_CUR3K@844b3eaf1ea2,REINA.AS,2023-07-01,19.6,3563280490.0000005,primary_input_absent [revenue impossible: < 0 (value=-5.5e+07)]
stock_CUR3K@844b3eaf1ea2,REINA.AS,2024-01-01,22.2,4035960555.0,primary_input_absent [revenue impossible: < 0 (value=-5.5e+07)]
stock_CUR3K@844b3eaf1ea2,REINA.AS,2024-07-01,25.4,4617720914.4,primary_input_absent [revenue impossible: < 0 (value=-5.5e+07)]
stock_CUR3K@844b3eaf1ea2,REINA.AS,2025-01-01,22.6,4108314060.8,primary_input_absent [revenue impossible: < 0 (value=-5.5e+07)]
stock_CUR3K@844b3eaf1ea2,REINA.AS,2025-07-01,25.2,224492259.6,primary_input_absent [revenue impossible: < 0 (value=-5.5e+07)]
stock_CUR3K@844b3eaf1ea2,REINA.AS,2026-01-01,27.6,5017237572.0,primary_input_absent [revenue impossible: < 0 (value=-5.5e+07)]
stock_CUR3K@844b3eaf1ea2,SIGHT.PA,2013-04-01,,,primary_input_absent [revenue impossible: < 0 (value=-47000)]
stock_CUR3K@844b3eaf1ea2,SIGHT.PA,2013-10-01,,,primary_input_absent [revenue impossible: < 0 (value=-47000)]
stock_CUR3K@844b3eaf1ea2,SIGHT.PA,2014-10-01,8.15,71350772.4,primary_input_absent [revenue impossible: < 0 (value=-47000)]
stock_CUR3K@844b3eaf1ea2,SIGHT.PA,2015-04-01,8.15,73221727.15,primary_input_absent [revenue impossible: < 0 (value=-47000)]
stock_CUR3K@844b3eaf1ea2,SIGHT.PA,2015-10-01,8.15,109985056.85000001,primary_input_absent [revenue impossible: < 0 (value=-47000)]
stock_CUR3K@844b3eaf1ea2,SIGHT.PA,2016-10-01,7.75,146447185.25,primary_input_absent [revenue impossible: < 0 (value=-47000)]
stock_CUR3K@844b3eaf1ea2,SIGHT.PA,2017-04-01,4.83,95653020.54,primary_input_absent [revenue impossible: < 0 (value=-47000)]
stock_CUR3K@844b3eaf1ea2,SIGHT.PA,2017-10-01,6.159999999999999,148661091.04,primary_input_absent [revenue impossible: < 0 (value=-47000)]
stock_CUR3K@844b3eaf1ea2,SIGHT.PA,2018-04-01,2.67,64705375.41,primary_input_absent [revenue impossible: < 0 (value=-47000)]
stock_CUR3K@844b3eaf1ea2,SIGHT.PA,2018-10-01,3.33,81893597.76,primary_input_absent [revenue impossible: < 0 (value=-47000)]
stock_CUR3K@844b3eaf1ea2,SIGHT.PA,2019-04-01,1.446,39896233.176,primary_input_absent [revenue impossible: < 0 (value=-47000)]
stock_CUR3K@844b3eaf1ea2,SIGHT.PA,2019-10-01,2.485,73256453.13,primary_input_absent [revenue impossible: < 0 (value=-47000)]
stock_CUR3K@844b3eaf1ea2,SIGHT.PA,2020-04-01,2.87,93930169.34,primary_input_absent [revenue impossible: < 0 (value=-47000)]
stock_CUR3K@844b3eaf1ea2,SIGHT.PA,2020-10-01,7.13,264120582.79999998,primary_input_absent [revenue impossible: < 0 (value=-47000)]
stock_CUR3K@844b3eaf1ea2,SIGHT.PA,2021-04-01,8.045,352447507.95,primary_input_absent [revenue impossible: < 0 (value=-47000)]
stock_CUR3K@844b3eaf1ea2,SIGHT.PA,2021-10-01,5.56,258494263.43999997,primary_input_absent [revenue impossible: < 0 (value=-47000)]
stock_CUR3K@844b3eaf1ea2,SIGHT.PA,2022-04-01,2.236,103582469.69200002,primary_input_absent [revenue impossible: < 0 (value=-47000)]
stock_CUR3K@844b3eaf1ea2,SIGHT.PA,2022-10-01,3.362,155781036.926,primary_input_absent [revenue impossible: < 0 (value=-47000)]
stock_CUR3K@844b3eaf1ea2,SIGHT.PA,2023-04-01,0.748,34462971.268,primary_input_absent [revenue impossible: < 0 (value=-47000)]
stock_CUR3K@844b3eaf1ea2,SIGHT.PA,2023-10-01,0.4600000000000001,23257235.220000003,primary_input_absent [revenue impossible: < 0 (value=-47000)]
stock_CUR3K@844b3eaf1ea2,SIGHT.PA,2024-04-01,0.322,26645334.814,primary_input_absent [revenue impossible: < 0 (value=-47000)]
stock_CUR3K@844b3eaf1ea2,SIGHT.PA,2024-10-01,0.27,29389986.540000003,primary_input_absent [revenue impossible: < 0 (value=-47000)]
stock_CUR3K@844b3eaf1ea2,SIGHT.PA,2025-04-01,0.2015,25846936.154000003,primary_input_absent [revenue impossible: < 0 (value=-47000)]
stock_CUR3K@844b3eaf1ea2,SIGHT.PA,2025-10-01,0.1044,19746424.8,primary_input_absent [revenue impossible: < 0 (value=-47000)]
stock_CUR3K@844b3eaf1ea2,TAL,2020-04-01,,,primary_input_absent [netCashProvidedByOperatingActivities NaN (value=NaN)]
stock_CUR3K@844b3eaf1ea2,TAL,2020-07-01,73.81000030630024,5216310601.236893,primary_input_absent [netCashProvidedByOperatingActivities NaN (value=NaN)]
stock_CUR3K@844b3eaf1ea2,TAL,2020-10-01,70.0600003699704,4584848959.15151,primary_input_absent [netCashProvidedByOperatingActivities NaN (value=NaN)]
stock_CUR3K@844b3eaf1ea2,TAL,2021-01-01,79.7900003414713,5587681675.623183,primary_input_absent [netCashProvidedByOperatingActivities NaN (value=NaN)]
stock_CUR3K@844b3eaf1ea2,TAL,2021-07-01,5.320000022088555,375919016.6408098,primary_input_absent [netCashProvidedByOperatingActivities NaN (value=NaN)]
stock_CUR3K@844b3eaf1ea2,TAL,2021-10-01,5.180000021319804,366964871.5303512,primary_input_absent [netCashProvidedByOperatingActivities NaN (value=NaN)]
stock_CUR3K@844b3eaf1ea2,TAL,2022-01-01,2.84000001162974,201490187.98509806,primary_input_absent [netCashProvidedByOperatingActivities NaN (value=NaN)]
stock_CUR3K@844b3eaf1ea2,TAL,2022-04-01,4.1000000167697985,290982491.09017503,primary_input_absent [netCashProvidedByOperatingActivities NaN (value=NaN)]
stock_CUR3K@844b3eaf1ea2,TAL,2022-07-01,5.780000024966083,403648434.5635156,primary_input_absent [netCashProvidedByOperatingActivities NaN (value=NaN)]
stock_CUR3K@844b3eaf1ea2,TAL,2022-10-01,5.9700000257879795,416911244.4308875,primary_input_absent [netCashProvidedByOperatingActivities NaN (value=NaN)]
stock_CUR3K@844b3eaf1ea2,TAL,2023-01-01,7.030000032396882,481230771.58769226,primary_input_absent [netCashProvidedByOperatingActivities NaN (value=NaN)]
stock_CUR3K@844b3eaf1ea2,TAL,2023-04-01,5.4300000235648005,378667888.01332104,primary_input_absent [netCashProvidedByOperatingActivities NaN (value=NaN)]
stock_CUR3K@844b3eaf1ea2,TAL,2023-07-01,7.050000036015501,466622222.8337777,primary_input_absent [netCashProvidedByOperatingActivities NaN (value=NaN)]
stock_CUR3K@844b3eaf1ea2,TAL,2023-10-01,12.53000006497184,825139961.2486002,primary_input_absent [netCashProvidedByOperatingActivities NaN (value=NaN)]
stock_CUR3K@844b3eaf1ea2,TAL,2024-01-01,14.63000006200462,1027518728.1248126,primary_input_absent [netCashProvidedByOperatingActivities NaN (value=NaN)]
stock_CUR3K@844b3eaf1ea2,TAL,2024-04-01,11.36000005717776,755658104.4434189,primary_input_absent [netCashProvidedByOperatingActivities NaN (value=NaN)]
stock_CUR3K@844b3eaf1ea2,TAL,2024-07-01,8.040000038474838,543778640.9622134,primary_input_absent [netCashProvidedByOperatingActivities NaN (value=NaN)]
stock_CUR3K@844b3eaf1ea2,TAL,2024-10-01,9.93000004431306,686601204.0339879,primary_input_absent [netCashProvidedByOperatingActivities NaN (value=NaN)]
stock_CUR3K@844b3eaf1ea2,TAL,2025-01-01,12.920000125846144,872659857.9400679,primary_input_absent [netCashProvidedByOperatingActivities NaN (value=NaN)]
stock_CUR3K@844b3eaf1ea2,TAL,2025-04-01,9.830000031480095,1985489868.7184343,primary_input_absent [netCashProvidedByOperatingActivities NaN (value=NaN)]
stock_CUR3K@844b3eaf1ea2,TAL,2025-07-01,10.620000005678154,2016200533.4979942,primary_input_absent [netCashProvidedByOperatingActivities NaN (value=NaN)]
stock_CUR3K@844b3eaf1ea2,TAL,2025-10-01,11.120000029007441,2057857453.1280916,primary_input_absent [netCashProvidedByOperatingActivities NaN (value=NaN)]
stock_CUR3K@844b3eaf1ea2,TAL,2026-01-01,10.530000008765247,1944166190.1283379,primary_input_absent [netCashProvidedByOperatingActivities NaN (value=NaN)]
stock_CUR3K@844b3eaf1ea2,TAL,2026-04-01,10.060000026685822,1855208456.4612486,primary_input_absent [netCashProvidedByOperatingActivities NaN (value=NaN)]
stock_CUR3K@844b3eaf1ea2,TFG.AS,2020-07-01,8.6,965688883.0,primary_input_absent [revenue impossible: < 0 (value=-1.314e+08)]
stock_CUR3K@844b3eaf1ea2,TFG.AS,2020-10-01,7.528546437662574,845376000.0,primary_input_absent [revenue impossible: < 0 (value=-1.314e+08)]
stock_CUR3K@844b3eaf1ea2,TFG.AS,2021-01-01,9.79,975940624.9999999,primary_input_absent [revenue impossible: < 0 (value=-1.314e+08)]
stock_CUR3K@844b3eaf1ea2,TFG.AS,2021-04-01,8.615423197492163,858850000.0,primary_input_absent [revenue impossible: < 0 (value=-1.314e+08)]
stock_CUR3K@844b3eaf1ea2,TFG.AS,2021-07-01,9.18,926027643.78,primary_input_absent [revenue impossible: < 0 (value=-1.314e+08)]
stock_CUR3K@844b3eaf1ea2,TFG.AS,2021-10-01,7.624579773013133,769125451.1999999,primary_input_absent [revenue impossible: < 0 (value=-1.314e+08)]
stock_CUR3K@844b3eaf1ea2,TFG.AS,2022-01-01,8.95,798340456.4499999,primary_input_absent [revenue impossible: < 0 (value=-1.314e+08)]
stock_CUR3K@844b3eaf1ea2,TFG.AS,2022-04-01,10.299994110989916,918760000.0000001,primary_input_absent [revenue impossible: < 0 (value=-1.314e+08)]
stock_CUR3K@844b3eaf1ea2,TFG.AS,2022-07-01,9.5,877800532.0,primary_input_absent [revenue impossible: < 0 (value=-1.314e+08)]
stock_CUR3K@844b3eaf1ea2,TFG.AS,2022-10-01,9.55,882420534.8000001,primary_input_absent [revenue impossible: < 0 (value=-1.314e+08)]
stock_CUR3K@844b3eaf1ea2,TFG.AS,2023-01-01,10.45,978499993.3499999,primary_input_absent [revenue impossible: < 0 (value=-1.314e+08)]
stock_CUR3K@844b3eaf1ea2,TFG.AS,2023-04-01,9.9,926999993.7,primary_input_absent [revenue impossible: < 0 (value=-1.314e+08)]
stock_CUR3K@844b3eaf1ea2,TFG.AS,2023-07-01,9.9,896105370.6,primary_input_absent [revenue impossible: < 0 (value=-1.314e+08)]
stock_CUR3K@844b3eaf1ea2,TFG.AS,2023-10-01,10.05,909682724.7,primary_input_absent [revenue impossible: < 0 (value=-1.314e+08)]
stock_CUR3K@844b3eaf1ea2,TFG.AS,2024-01-01,9.8,879277716.8000001,primary_input_absent [revenue impossible: < 0 (value=-1.314e+08)]
stock_CUR3K@844b3eaf1ea2,TFG.AS,2024-04-01,9.734935659636406,873440000.0000001,primary_input_absent [revenue impossible: < 0 (value=-1.314e+08)]
stock_CUR3K@844b3eaf1ea2,TFG.AS,2024-07-01,10.05,888998357.4000001,primary_input_absent [revenue impossible: < 0 (value=-1.314e+08)]
stock_CUR3K@844b3eaf1ea2,TFG.AS,2024-10-01,14.0,1148000000.0,primary_input_absent [revenue impossible: < 0 (value=-1.314e+08)]
stock_CUR3K@844b3eaf1ea2,TFG.AS,2025-01-01,14.8,1393635902.4,primary_input_absent [revenue impossible: < 0 (value=-1.314e+08)]
stock_CUR3K@844b3eaf1ea2,TFG.AS,2025-04-01,17.431852795847753,1511341637.4,primary_input_absent [revenue impossible: < 0 (value=-1.314e+08)]
stock_CUR3K@844b3eaf1ea2,TFG.AS,2025-07-01,19.15,1878756020.6,primary_input_absent [revenue impossible: < 0 (value=-1.314e+08)]
stock_CUR3K@844b3eaf1ea2,TFG.AS,2025-10-01,17.35,1452195000.0,primary_input_absent [revenue impossible: < 0 (value=-1.314e+08)]
stock_CUR3K@844b3eaf1ea2,TFG.AS,2026-01-01,14.0,1237601022.0,primary_input_absent [revenue impossible: < 0 (value=-1.314e+08)]
stock_CUR3K@844b3eaf1ea2,TFG.AS,2026-04-01,13.050010776583711,1153620952.65,primary_input_absent [revenue impossible: < 0 (value=-1.314e+08)]
stock_CUR3K@844b3eaf1ea2,TFGS.L,2020-07-01,8.6,965688883.0,primary_input_absent [revenue impossible: < 0 (value=-1.32237e+08)]
stock_CUR3K@844b3eaf1ea2,TFGS.L,2020-10-01,9.52,845376000.0,primary_input_absent [revenue impossible: < 0 (value=-1.32237e+08)]
stock_CUR3K@844b3eaf1ea2,TFGS.L,2021-01-01,9.79,975940624.9999999,primary_input_absent [revenue impossible: < 0 (value=-1.32237e+08)]
stock_CUR3K@844b3eaf1ea2,TFGS.L,2021-04-01,9.65,858850000.0,primary_input_absent [revenue impossible: < 0 (value=-1.32237e+08)]
stock_CUR3K@844b3eaf1ea2,TFGS.L,2021-07-01,9.18,926027643.78,primary_input_absent [revenue impossible: < 0 (value=-1.32237e+08)]
stock_CUR3K@844b3eaf1ea2,TFGS.L,2021-10-01,8.6,769125451.1999999,primary_input_absent [revenue impossible: < 0 (value=-1.32237e+08)]
stock_CUR3K@844b3eaf1ea2,TFGS.L,2022-01-01,8.95,798340456.4499999,primary_input_absent [revenue impossible: < 0 (value=-1.32237e+08)]
stock_CUR3K@844b3eaf1ea2,TFGS.L,2022-04-01,10.3,918760000.0000001,primary_input_absent [revenue impossible: < 0 (value=-1.32237e+08)]
stock_CUR3K@844b3eaf1ea2,TFGS.L,2022-07-01,9.5,877800532.0,primary_input_absent [revenue impossible: < 0 (value=-1.32237e+08)]
stock_CUR3K@844b3eaf1ea2,TFGS.L,2022-10-01,9.55,882420534.8000001,primary_input_absent [revenue impossible: < 0 (value=-1.32237e+08)]
stock_CUR3K@844b3eaf1ea2,TFGS.L,2023-01-01,10.45,978499993.3499999,primary_input_absent [revenue impossible: < 0 (value=-1.32237e+08)]
stock_CUR3K@844b3eaf1ea2,TFGS.L,2023-04-01,9.9,926999993.7,primary_input_absent [revenue impossible: < 0 (value=-1.32237e+08)]
stock_CUR3K@844b3eaf1ea2,TFGS.L,2023-07-01,9.9,896105370.6,primary_input_absent [revenue impossible: < 0 (value=-1.32237e+08)]
stock_CUR3K@844b3eaf1ea2,TFGS.L,2023-10-01,10.05,909682724.7,primary_input_absent [revenue impossible: < 0 (value=-1.32237e+08)]
stock_CUR3K@844b3eaf1ea2,TFGS.L,2024-01-01,9.8,879277716.8000001,primary_input_absent [revenue impossible: < 0 (value=-1.32237e+08)]
stock_CUR3K@844b3eaf1ea2,TFGS.L,2024-04-01,9.734935659636406,873440000.0000001,primary_input_absent [revenue impossible: < 0 (value=-1.32237e+08)]
stock_CUR3K@844b3eaf1ea2,TFGS.L,2024-07-01,10.05,888998357.4000001,primary_input_absent [revenue impossible: < 0 (value=-1.32237e+08)]
stock_CUR3K@844b3eaf1ea2,TFGS.L,2024-10-01,12.977976735235753,1148000000.0,primary_input_absent [revenue impossible: < 0 (value=-1.32237e+08)]
stock_CUR3K@844b3eaf1ea2,TFGS.L,2025-01-01,14.8,1393635902.4,primary_input_absent [revenue impossible: < 0 (value=-1.32237e+08)]
stock_CUR3K@844b3eaf1ea2,TFGS.L,2025-04-01,16.05,1511341637.4,primary_input_absent [revenue impossible: < 0 (value=-1.32237e+08)]
stock_CUR3K@844b3eaf1ea2,TFGS.L,2025-07-01,19.15,1878756020.6,primary_input_absent [revenue impossible: < 0 (value=-1.32237e+08)]
stock_CUR3K@844b3eaf1ea2,TFGS.L,2025-10-01,23.373920322599197,1452195000.0,primary_input_absent [revenue impossible: < 0 (value=-1.32237e+08)]
stock_CUR3K@844b3eaf1ea2,TFGS.L,2026-01-01,14.0,1237601022.0,primary_input_absent [revenue impossible: < 0 (value=-1.32237e+08)]
stock_CUR3K@844b3eaf1ea2,TFGS.L,2026-04-01,17.30039929589134,1153620952.65,primary_input_absent [revenue impossible: < 0 (value=-1.32237e+08)]
stock_CUR3K@844b3eaf1ea2,XNET,2020-07-01,3.44,231423905.04,primary_input_absent [netCashProvidedByOperatingActivities NaN (value=NaN)]
stock_CUR3K@844b3eaf1ea2,XNET,2020-10-01,2.89,193284344.44,primary_input_absent [netCashProvidedByOperatingActivities NaN (value=NaN)]
stock_CUR3K@844b3eaf1ea2,XNET,2021-01-01,6.54,437401347.6,primary_input_absent [netCashProvidedByOperatingActivities NaN (value=NaN)]
stock_CUR3K@844b3eaf1ea2,XNET,2021-04-01,4.56,305206636.79999995,primary_input_absent [netCashProvidedByOperatingActivities NaN (value=NaN)]
stock_CUR3K@844b3eaf1ea2,XNET,2021-07-01,2.86,191494134.26,primary_input_absent [netCashProvidedByOperatingActivities NaN (value=NaN)]
stock_CUR3K@844b3eaf1ea2,XNET,2021-10-01,2.01,134663157.95999998,primary_input_absent [netCashProvidedByOperatingActivities NaN (value=NaN)]
stock_CUR3K@844b3eaf1ea2,XNET,2022-01-01,1.76,118715461.92,primary_input_absent [netCashProvidedByOperatingActivities NaN (value=NaN)]
stock_CUR3K@844b3eaf1ea2,XNET,2022-04-01,1.58,107286484.04,primary_input_absent [netCashProvidedByOperatingActivities NaN (value=NaN)]
stock_CUR3K@844b3eaf1ea2,XNET,2022-07-01,1.39,93797690.66999999,primary_input_absent [netCashProvidedByOperatingActivities NaN (value=NaN)]
stock_CUR3K@844b3eaf1ea2,XNET,2022-10-01,1.82,120138196.36,primary_input_absent [netCashProvidedByOperatingActivities NaN (value=NaN)]
stock_CUR3K@844b3eaf1ea2,XNET,2023-01-01,1.84,119625920.08,primary_input_absent [netCashProvidedByOperatingActivities NaN (value=NaN)]
stock_CUR3K@844b3eaf1ea2,XNET,2023-04-01,1.98,129228764.94,primary_input_absent [netCashProvidedByOperatingActivities NaN (value=NaN)]
stock_CUR3K@844b3eaf1ea2,XNET,2023-07-01,1.62,106346249.46000001,primary_input_absent [netCashProvidedByOperatingActivities NaN (value=NaN)]
stock_CUR3K@844b3eaf1ea2,XNET,2023-10-01,1.62,105591135.06,primary_input_absent [netCashProvidedByOperatingActivities NaN (value=NaN)]
stock_CUR3K@844b3eaf1ea2,XNET,2024-01-01,1.52,98295847.92,primary_input_absent [netCashProvidedByOperatingActivities NaN (value=NaN)]
stock_CUR3K@844b3eaf1ea2,XNET,2024-04-01,1.65,105827180.25,primary_input_absent [netCashProvidedByOperatingActivities NaN (value=NaN)]
stock_CUR3K@844b3eaf1ea2,XNET,2024-07-01,1.85,117441762.9,primary_input_absent [netCashProvidedByOperatingActivities NaN (value=NaN)]
stock_CUR3K@844b3eaf1ea2,XNET,2024-10-01,1.99,24967734.0,primary_input_absent [netCashProvidedByOperatingActivities NaN (value=NaN)]
stock_CUR3K@844b3eaf1ea2,XNET,2025-01-01,4.490000220038411,54972496.02400001,primary_input_absent [netCashProvidedByOperatingActivities NaN (value=NaN)]
stock_CUR3K@844b3eaf1ea2,XNET,2025-04-01,4.05,50575760.1,primary_input_absent [netCashProvidedByOperatingActivities NaN (value=NaN)]
stock_CUR3K@844b3eaf1ea2,XNET,2025-07-01,9.570000448844823,122427484.54200001,primary_input_absent [netCashProvidedByOperatingActivities NaN (value=NaN)]
stock_CUR3K@844b3eaf1ea2,XNET,2025-10-01,7.090000338506984,89099672.664,primary_input_absent [netCashProvidedByOperatingActivities NaN (value=NaN)]
stock_CUR3K@844b3eaf1ea2,XNET,2026-01-01,5.56,70014416.75999999,primary_input_absent [netCashProvidedByOperatingActivities NaN (value=NaN)]
stock_CUR3K@844b3eaf1ea2,XNET,2026-04-01,5.6,71316812.0,primary_input_absent [netCashProvidedByOperatingActivities NaN (value=NaN)]
